

================================================================
== Vitis HLS Report for 'compute_output_buffer_2d_array_array_ap_fixed_40_20_5_3_0_10u_config10_s'
================================================================
* Date:           Sun Apr  5 17:32:19 2026

* Version:        2023.2 (Build 4023990 on Oct 11 2023)
* Project:        gaussian_prj
* Solution:       solution1 (Vivado IP Flow Target)
* Product family: kintexu
* Target device:  xcku035-fbva676-2-e


================================================================
== Performance Estimates
================================================================
+ Timing: 
    * Summary: 
    +--------+---------+----------+------------+
    |  Clock |  Target | Estimated| Uncertainty|
    +--------+---------+----------+------------+
    |ap_clk  |  5.00 ns|  3.847 ns|     1.35 ns|
    +--------+---------+----------+------------+

+ Latency: 
    * Summary: 
    +---------+---------+-----------+-----------+-----+-----+---------+
    |  Latency (cycles) |   Latency (absolute)  |  Interval | Pipeline|
    |   min   |   max   |    min    |    max    | min | max |   Type  |
    +---------+---------+-----------+-----------+-----+-----+---------+
    |        9|        9|  45.000 ns|  45.000 ns|    9|    9|      yes|
    +---------+---------+-----------+-----------+-----+-----+---------+

    + Detail: 
        * Instance: 
        +-----------------------------------------------------------------------------+-------------------------------------------------------------+---------+---------+-----------+-----------+-----+-----+---------+
        |                                                                             |                                                             |  Latency (cycles) |   Latency (absolute)  |  Interval | Pipeline|
        |                                   Instance                                  |                            Module                           |   min   |   max   |    min    |    max    | min | max |   Type  |
        +-----------------------------------------------------------------------------+-------------------------------------------------------------+---------+---------+-----------+-----------+-----+-----+---------+
        |call_ln281_shift_line_buffer_array_ap_fixed_16_6_5_3_0_8u_config10_s_fu_300  |shift_line_buffer_array_ap_fixed_16_6_5_3_0_8u_config10_s    |        0|        0|       0 ns|       0 ns|    1|    1|      yes|
        |grp_dense_latency_ap_fixed_ap_fixed_40_20_5_3_0_config10_mult_s_fu_496       |dense_latency_ap_fixed_ap_fixed_40_20_5_3_0_config10_mult_s  |        6|        6|  30.000 ns|  30.000 ns|    1|    1|      yes|
        +-----------------------------------------------------------------------------+-------------------------------------------------------------+---------+---------+-----------+-----------+-----+-----+---------+

        * Loop: 
        N/A

============================================================
+ Verbose Summary: Synthesis Manager
============================================================
InlineROM: 1
ExposeGlobal: 0
============================================================
+ Verbose Summary: CDFG Model
============================================================
IsTopModel: 0
ResetActiveHigh: 1
IsCombinational: 0
IsDatapathOnly: 0
HasWiredReturn: 1
HasMFsm: 2
HasVarLatency: 0
IsPipeline: 1
IsRtlPipelined: 1
IsInstanceOverlapped: 0
IsDontTouch: 0
HasImplIP: 0
IsGatedGlobalClock: 0

+ Individual pipeline summary: 
  * Pipeline-0: initiation interval (II) = 9, depth = 10


============================================================
+ Verbose Summary: Schedule
============================================================
* Number of FSM states : 10
* Pipeline : 1
  Pipeline-0 : II = 9, D = 10, States = { 1 2 3 4 5 6 7 8 9 10 }
* Dataflow Pipeline: 0

* FSM state transitions: 
1 --> 2 
2 --> 3 
3 --> 4 
4 --> 5 
5 --> 6 
6 --> 7 
7 --> 8 
8 --> 9 
9 --> 10 
10 --> 

* FSM state operations: 

State 1 <SV = 0> <Delay = 1.15>
ST_1 : Operation 11 [1/1] (0.00ns)   --->   "%p_read715 = read i16 @_ssdm_op_Read.ap_auto.i16, i16 %p_read7"   --->   Operation 11 'read' 'p_read715' <Predicate = true> <Delay = 0.00>
ST_1 : Operation 12 [1/1] (0.00ns)   --->   "%p_read614 = read i16 @_ssdm_op_Read.ap_auto.i16, i16 %p_read6"   --->   Operation 12 'read' 'p_read614' <Predicate = true> <Delay = 0.00>
ST_1 : Operation 13 [1/1] (0.00ns)   --->   "%p_read513 = read i16 @_ssdm_op_Read.ap_auto.i16, i16 %p_read5"   --->   Operation 13 'read' 'p_read513' <Predicate = true> <Delay = 0.00>
ST_1 : Operation 14 [1/1] (0.00ns)   --->   "%p_read412 = read i16 @_ssdm_op_Read.ap_auto.i16, i16 %p_read4"   --->   Operation 14 'read' 'p_read412' <Predicate = true> <Delay = 0.00>
ST_1 : Operation 15 [1/1] (0.00ns)   --->   "%p_read311 = read i16 @_ssdm_op_Read.ap_auto.i16, i16 %p_read3"   --->   Operation 15 'read' 'p_read311' <Predicate = true> <Delay = 0.00>
ST_1 : Operation 16 [1/1] (0.00ns)   --->   "%p_read210 = read i16 @_ssdm_op_Read.ap_auto.i16, i16 %p_read2"   --->   Operation 16 'read' 'p_read210' <Predicate = true> <Delay = 0.00>
ST_1 : Operation 17 [1/1] (0.00ns)   --->   "%p_read19 = read i16 @_ssdm_op_Read.ap_auto.i16, i16 %p_read1"   --->   Operation 17 'read' 'p_read19' <Predicate = true> <Delay = 0.00>
ST_1 : Operation 18 [1/1] (0.00ns)   --->   "%p_read_35 = read i16 @_ssdm_op_Read.ap_auto.i16, i16 %p_read"   --->   Operation 18 'read' 'p_read_35' <Predicate = true> <Delay = 0.00>
ST_1 : Operation 19 [1/1] (1.15ns)   --->   "%call_ln281 = call void @shift_line_buffer<array<ap_fixed<16, 6, 5, 3, 0>, 8u>, config10>, i16 %p_read_35, i16 %p_read19, i16 %p_read210, i16 %p_read311, i16 %p_read412, i16 %p_read513, i16 %p_read614, i16 %p_read715, i16 %void_compute_output_buffer_2d_array_const_ap_shift_reg_n_chan_stream_weig_1, i16 %void_compute_output_buffer_2d_array_const_ap_shift_reg_n_chan_stream_weig_9, i16 %void_compute_output_buffer_2d_array_const_ap_shift_reg_n_chan_stream_weig, i16 %void_compute_output_buffer_2d_array_const_ap_shift_reg_n_chan_stream_weig_8, i16 %p_ZZN4nnet24compute_output_buffer_2dINS_5arrayI8ap_fixedILi16ELi6EL9ap_q_mode5EL9_61, i16 %void_compute_output_buffer_2d_array_const_ap_shift_reg_n_chan_stream_weig_7, i16 %p_ZZN4nnet24compute_output_buffer_2dINS_5arrayI8ap_fixedILi16ELi6EL9ap_q_mode5EL9_60, i16 %void_compute_output_buffer_2d_array_const_ap_shift_reg_n_chan_stream_weig_6, i16 %p_ZZN4nnet24compute_output_buffer_2dINS_5arrayI8ap_fixedILi16ELi6EL9ap_q_mode5EL9_59, i16 %void_compute_output_buffer_2d_array_const_ap_shift_reg_n_chan_stream_weig_5, i16 %p_ZZN4nnet24compute_output_buffer_2dINS_5arrayI8ap_fixedILi16ELi6EL9ap_q_mode5EL9_58, i16 %void_compute_output_buffer_2d_array_const_ap_shift_reg_n_chan_stream_weig_4, i16 %p_ZZN4nnet24compute_output_buffer_2dINS_5arrayI8ap_fixedILi16ELi6EL9ap_q_mode5EL9_57, i16 %void_compute_output_buffer_2d_array_const_ap_shift_reg_n_chan_stream_weig_3, i16 %p_ZZN4nnet24compute_output_buffer_2dINS_5arrayI8ap_fixedILi16ELi6EL9ap_q_mode5EL9_56, i16 %void_compute_output_buffer_2d_array_const_ap_shift_reg_n_chan_stream_weig_2, i16 %p_ZZN4nnet24compute_output_buffer_2dINS_5arrayI8ap_fixedILi16ELi6EL9ap_q_mode5EL9_39, i16 %p_ZZN4nnet24compute_output_buffer_2dINS_5arrayI8ap_fixedILi16ELi6EL9ap_q_mode5EL9_47, i16 %p_ZZN4nnet24compute_output_buffer_2dINS_5arrayI8ap_fixedILi16ELi6EL9ap_q_mode5EL9_38, i16 %p_ZZN4nnet24compute_output_buffer_2dINS_5arrayI8ap_fixedILi16ELi6EL9ap_q_mode5EL9_46, i16 %p_ZZN4nnet24compute_output_buffer_2dINS_5arrayI8ap_fixedILi16ELi6EL9ap_q_mode5EL9_37, i16 %p_ZZN4nnet24compute_output_buffer_2dINS_5arrayI8ap_fixedILi16ELi6EL9ap_q_mode5EL9_45, i16 %p_ZZN4nnet24compute_output_buffer_2dINS_5arrayI8ap_fixedILi16ELi6EL9ap_q_mode5EL9_36, i16 %p_ZZN4nnet24compute_output_buffer_2dINS_5arrayI8ap_fixedILi16ELi6EL9ap_q_mode5EL9_44, i16 %p_ZZN4nnet24compute_output_buffer_2dINS_5arrayI8ap_fixedILi16ELi6EL9ap_q_mode5EL9_35, i16 %p_ZZN4nnet24compute_output_buffer_2dINS_5arrayI8ap_fixedILi16ELi6EL9ap_q_mode5EL9_43, i16 %p_ZZN4nnet24compute_output_buffer_2dINS_5arrayI8ap_fixedILi16ELi6EL9ap_q_mode5EL9_34, i16 %p_ZZN4nnet24compute_output_buffer_2dINS_5arrayI8ap_fixedILi16ELi6EL9ap_q_mode5EL9_42, i16 %p_ZZN4nnet24compute_output_buffer_2dINS_5arrayI8ap_fixedILi16ELi6EL9ap_q_mode5EL9_33, i16 %p_ZZN4nnet24compute_output_buffer_2dINS_5arrayI8ap_fixedILi16ELi6EL9ap_q_mode5EL9_41, i16 %p_ZZN4nnet24compute_output_buffer_2dINS_5arrayI8ap_fixedILi16ELi6EL9ap_q_mode5EL9_32, i16 %p_ZZN4nnet24compute_output_buffer_2dINS_5arrayI8ap_fixedILi16ELi6EL9ap_q_mode5EL9_40, i16 %p_ZZN4nnet24compute_output_buffer_2dINS_5arrayI8ap_fixedILi16ELi6EL9ap_q_mode5EL9_15, i16 %p_ZZN4nnet24compute_output_buffer_2dINS_5arrayI8ap_fixedILi16ELi6EL9ap_q_mode5EL9_23, i16 %p_ZZN4nnet24compute_output_buffer_2dINS_5arrayI8ap_fixedILi16ELi6EL9ap_q_mode5EL9_14, i16 %p_ZZN4nnet24compute_output_buffer_2dINS_5arrayI8ap_fixedILi16ELi6EL9ap_q_mode5EL9_22, i16 %p_ZZN4nnet24compute_output_buffer_2dINS_5arrayI8ap_fixedILi16ELi6EL9ap_q_mode5EL9_13, i16 %p_ZZN4nnet24compute_output_buffer_2dINS_5arrayI8ap_fixedILi16ELi6EL9ap_q_mode5EL9_21, i16 %p_ZZN4nnet24compute_output_buffer_2dINS_5arrayI8ap_fixedILi16ELi6EL9ap_q_mode5EL9_12, i16 %p_ZZN4nnet24compute_output_buffer_2dINS_5arrayI8ap_fixedILi16ELi6EL9ap_q_mode5EL9_20, i16 %p_ZZN4nnet24compute_output_buffer_2dINS_5arrayI8ap_fixedILi16ELi6EL9ap_q_mode5EL9_11, i16 %p_ZZN4nnet24compute_output_buffer_2dINS_5arrayI8ap_fixedILi16ELi6EL9ap_q_mode5EL9_19, i16 %p_ZZN4nnet24compute_output_buffer_2dINS_5arrayI8ap_fixedILi16ELi6EL9ap_q_mode5EL9_10, i16 %p_ZZN4nnet24compute_output_buffer_2dINS_5arrayI8ap_fixedILi16ELi6EL9ap_q_mode5EL9_18, i16 %p_ZZN4nnet24compute_output_buffer_2dINS_5arrayI8ap_fixedILi16ELi6EL9ap_q_mode5EL9_9, i16 %p_ZZN4nnet24compute_output_buffer_2dINS_5arrayI8ap_fixedILi16ELi6EL9ap_q_mode5EL9_17, i16 %p_ZZN4nnet24compute_output_buffer_2dINS_5arrayI8ap_fixedILi16ELi6EL9ap_q_mode5EL9_8, i16 %p_ZZN4nnet24compute_output_buffer_2dINS_5arrayI8ap_fixedILi16ELi6EL9ap_q_mode5EL9_16, i16 %p_ZZN4nnet24compute_output_buffer_2dINS_5arrayI8ap_fixedILi16ELi6EL9ap_q_mode5EL9_55, i16 %p_ZZN4nnet24compute_output_buffer_2dINS_5arrayI8ap_fixedILi16ELi6EL9ap_q_mode5EL9_54, i16 %p_ZZN4nnet24compute_output_buffer_2dINS_5arrayI8ap_fixedILi16ELi6EL9ap_q_mode5EL9_53, i16 %p_ZZN4nnet24compute_output_buffer_2dINS_5arrayI8ap_fixedILi16ELi6EL9ap_q_mode5EL9_52, i16 %p_ZZN4nnet24compute_output_buffer_2dINS_5arrayI8ap_fixedILi16ELi6EL9ap_q_mode5EL9_51, i16 %p_ZZN4nnet24compute_output_buffer_2dINS_5arrayI8ap_fixedILi16ELi6EL9ap_q_mode5EL9_50, i16 %p_ZZN4nnet24compute_output_buffer_2dINS_5arrayI8ap_fixedILi16ELi6EL9ap_q_mode5EL9_49, i16 %p_ZZN4nnet24compute_output_buffer_2dINS_5arrayI8ap_fixedILi16ELi6EL9ap_q_mode5EL9_48, i16 %p_ZZN4nnet24compute_output_buffer_2dINS_5arrayI8ap_fixedILi16ELi6EL9ap_q_mode5EL9_31, i16 %p_ZZN4nnet24compute_output_buffer_2dINS_5arrayI8ap_fixedILi16ELi6EL9ap_q_mode5EL9_30, i16 %p_ZZN4nnet24compute_output_buffer_2dINS_5arrayI8ap_fixedILi16ELi6EL9ap_q_mode5EL9_29, i16 %p_ZZN4nnet24compute_output_buffer_2dINS_5arrayI8ap_fixedILi16ELi6EL9ap_q_mode5EL9_28, i16 %p_ZZN4nnet24compute_output_buffer_2dINS_5arrayI8ap_fixedILi16ELi6EL9ap_q_mode5EL9_27, i16 %p_ZZN4nnet24compute_output_buffer_2dINS_5arrayI8ap_fixedILi16ELi6EL9ap_q_mode5EL9_26, i16 %p_ZZN4nnet24compute_output_buffer_2dINS_5arrayI8ap_fixedILi16ELi6EL9ap_q_mode5EL9_25, i16 %p_ZZN4nnet24compute_output_buffer_2dINS_5arrayI8ap_fixedILi16ELi6EL9ap_q_mode5EL9_24, i16 %p_ZZN4nnet24compute_output_buffer_2dINS_5arrayI8ap_fixedILi16ELi6EL9ap_q_mode5EL9_7, i16 %p_ZZN4nnet24compute_output_buffer_2dINS_5arrayI8ap_fixedILi16ELi6EL9ap_q_mode5EL9_6, i16 %p_ZZN4nnet24compute_output_buffer_2dINS_5arrayI8ap_fixedILi16ELi6EL9ap_q_mode5EL9_5, i16 %p_ZZN4nnet24compute_output_buffer_2dINS_5arrayI8ap_fixedILi16ELi6EL9ap_q_mode5EL9_4, i16 %p_ZZN4nnet24compute_output_buffer_2dINS_5arrayI8ap_fixedILi16ELi6EL9ap_q_mode5EL9_3, i16 %p_ZZN4nnet24compute_output_buffer_2dINS_5arrayI8ap_fixedILi16ELi6EL9ap_q_mode5EL9_2, i16 %p_ZZN4nnet24compute_output_buffer_2dINS_5arrayI8ap_fixedILi16ELi6EL9ap_q_mode5EL9_1, i16 %p_ZZN4nnet24compute_output_buffer_2dINS_5arrayI8ap_fixedILi16ELi6EL9ap_q_mode5EL9, i16 %p_ZZN4nnet25conv_2d_buffer_latency_clINS_5arrayI8ap_fixedILi16ELi6EL9ap_q_mode5EL_15, i16 %p_ZZN4nnet25conv_2d_buffer_latency_clINS_5arrayI8ap_fixedILi16ELi6EL9ap_q_mode5EL_7, i16 %p_ZZN4nnet25conv_2d_buffer_latency_clINS_5arrayI8ap_fixedILi16ELi6EL9ap_q_mode5EL_14, i16 %p_ZZN4nnet25conv_2d_buffer_latency_clINS_5arrayI8ap_fixedILi16ELi6EL9ap_q_mode5EL_6, i16 %p_ZZN4nnet25conv_2d_buffer_latency_clINS_5arrayI8ap_fixedILi16ELi6EL9ap_q_mode5EL_13, i16 %p_ZZN4nnet25conv_2d_buffer_latency_clINS_5arrayI8ap_fixedILi16ELi6EL9ap_q_mode5EL_5, i16 %p_ZZN4nnet25conv_2d_buffer_latency_clINS_5arrayI8ap_fixedILi16ELi6EL9ap_q_mode5EL_12, i16 %p_ZZN4nnet25conv_2d_buffer_latency_clINS_5arrayI8ap_fixedILi16ELi6EL9ap_q_mode5EL_4, i16 %p_ZZN4nnet25conv_2d_buffer_latency_clINS_5arrayI8ap_fixedILi16ELi6EL9ap_q_mode5EL_11, i16 %p_ZZN4nnet25conv_2d_buffer_latency_clINS_5arrayI8ap_fixedILi16ELi6EL9ap_q_mode5EL_3, i16 %p_ZZN4nnet25conv_2d_buffer_latency_clINS_5arrayI8ap_fixedILi16ELi6EL9ap_q_mode5EL_10, i16 %p_ZZN4nnet25conv_2d_buffer_latency_clINS_5arrayI8ap_fixedILi16ELi6EL9ap_q_mode5EL_2, i16 %p_ZZN4nnet25conv_2d_buffer_latency_clINS_5arrayI8ap_fixedILi16ELi6EL9ap_q_mode5EL_9, i16 %p_ZZN4nnet25conv_2d_buffer_latency_clINS_5arrayI8ap_fixedILi16ELi6EL9ap_q_mode5EL_1, i16 %p_ZZN4nnet25conv_2d_buffer_latency_clINS_5arrayI8ap_fixedILi16ELi6EL9ap_q_mode5EL_8, i16 %p_ZZN4nnet25conv_2d_buffer_latency_clINS_5arrayI8ap_fixedILi16ELi6EL9ap_q_mode5EL" [firmware/nnet_utils/nnet_conv_stream.h:281]   --->   Operation 19 'call' 'call_ln281' <Predicate = true> <Delay = 1.15> <CoreType = "Generic">   --->   Core 0 '' <Latency = 0> <II = 1> <Delay = 1.00> <Generic> <Opcode : >

State 2 <SV = 1> <Delay = 3.84>
ST_2 : Operation 20 [1/1] (0.00ns)   --->   "%specinterface_ln0 = specinterface void @_ssdm_op_SpecInterface, i400 %layer10_out, void @empty_2, i32 0, i32 0, void @empty_1, i32 0, i32 0, void @empty_1, void @empty_1, void @empty_1, i32 0, i32 0, i32 0, i32 0, void @empty_1, void @empty_1, i32 4294967295, i32 0"   --->   Operation 20 'specinterface' 'specinterface_ln0' <Predicate = true> <Delay = 0.00>
ST_2 : Operation 21 [1/1] (0.00ns)   --->   "%sX_3_load = load i32 %sX_3" [firmware/nnet_utils/nnet_conv_stream.h:284]   --->   Operation 21 'load' 'sX_3_load' <Predicate = true> <Delay = 0.00>
ST_2 : Operation 22 [1/1] (1.48ns)   --->   "%icmp_ln284 = icmp_eq  i32 %sX_3_load, i32 2" [firmware/nnet_utils/nnet_conv_stream.h:284]   --->   Operation 22 'icmp' 'icmp_ln284' <Predicate = true> <Delay = 1.48> <CoreInst = "Cmp">   --->   Core 9 'Cmp' <Latency = 0> <II = 1> <Delay = 1.48> <FuncUnit> <Opcode : 'icmp'> <InPorts = 2> <OutPorts = 1>
ST_2 : Operation 23 [1/1] (0.00ns)   --->   "%sY_3_load = load i32 %sY_3" [firmware/nnet_utils/nnet_conv_stream.h:284]   --->   Operation 23 'load' 'sY_3_load' <Predicate = true> <Delay = 0.00>
ST_2 : Operation 24 [1/1] (0.00ns)   --->   "%pY_3_load = load i32 %pY_3" [firmware/nnet_utils/nnet_conv_stream.h:284]   --->   Operation 24 'load' 'pY_3_load' <Predicate = true> <Delay = 0.00>
ST_2 : Operation 25 [1/1] (0.00ns)   --->   "%pX_3_load = load i32 %pX_3" [firmware/nnet_utils/nnet_conv_stream.h:284]   --->   Operation 25 'load' 'pX_3_load' <Predicate = true> <Delay = 0.00>
ST_2 : Operation 26 [1/1] (0.00ns)   --->   "%br_ln284 = br i1 %icmp_ln284, void %if.end, void %land.lhs.true" [firmware/nnet_utils/nnet_conv_stream.h:284]   --->   Operation 26 'br' 'br_ln284' <Predicate = true> <Delay = 0.00>
ST_2 : Operation 27 [1/1] (1.48ns)   --->   "%icmp_ln284_1 = icmp_eq  i32 %sY_3_load, i32 2" [firmware/nnet_utils/nnet_conv_stream.h:284]   --->   Operation 27 'icmp' 'icmp_ln284_1' <Predicate = (icmp_ln284)> <Delay = 1.48> <CoreInst = "Cmp">   --->   Core 9 'Cmp' <Latency = 0> <II = 1> <Delay = 1.48> <FuncUnit> <Opcode : 'icmp'> <InPorts = 2> <OutPorts = 1>
ST_2 : Operation 28 [1/1] (0.00ns)   --->   "%tmp_1 = partselect i31 @_ssdm_op_PartSelect.i31.i32.i32.i32, i32 %pY_3_load, i32 1, i32 31" [firmware/nnet_utils/nnet_conv_stream.h:284]   --->   Operation 28 'partselect' 'tmp_1' <Predicate = (icmp_ln284)> <Delay = 0.00>
ST_2 : Operation 29 [1/1] (1.48ns)   --->   "%icmp_ln284_2 = icmp_sgt  i31 %tmp_1, i31 0" [firmware/nnet_utils/nnet_conv_stream.h:284]   --->   Operation 29 'icmp' 'icmp_ln284_2' <Predicate = (icmp_ln284)> <Delay = 1.48> <CoreInst = "Cmp">   --->   Core 9 'Cmp' <Latency = 0> <II = 1> <Delay = 1.48> <FuncUnit> <Opcode : 'icmp'> <InPorts = 2> <OutPorts = 1>
ST_2 : Operation 30 [1/1] (0.00ns)   --->   "%tmp_2 = partselect i31 @_ssdm_op_PartSelect.i31.i32.i32.i32, i32 %pX_3_load, i32 1, i32 31" [firmware/nnet_utils/nnet_conv_stream.h:284]   --->   Operation 30 'partselect' 'tmp_2' <Predicate = (icmp_ln284)> <Delay = 0.00>
ST_2 : Operation 31 [1/1] (1.48ns)   --->   "%icmp_ln284_3 = icmp_sgt  i31 %tmp_2, i31 0" [firmware/nnet_utils/nnet_conv_stream.h:284]   --->   Operation 31 'icmp' 'icmp_ln284_3' <Predicate = (icmp_ln284)> <Delay = 1.48> <CoreInst = "Cmp">   --->   Core 9 'Cmp' <Latency = 0> <II = 1> <Delay = 1.48> <FuncUnit> <Opcode : 'icmp'> <InPorts = 2> <OutPorts = 1>
ST_2 : Operation 32 [1/1] (0.00ns) (grouped into LUT with out node and_ln284_1)   --->   "%and_ln284 = and i1 %icmp_ln284_2, i1 %icmp_ln284_3" [firmware/nnet_utils/nnet_conv_stream.h:284]   --->   Operation 32 'and' 'and_ln284' <Predicate = (icmp_ln284)> <Delay = 0.00> <CoreInst = "LogicGate">   --->   Core 74 'LogicGate' <Latency = 0> <II = 1> <Delay = 0.33> <FuncUnit> <Opcode : 'and' 'or' 'xor'> <InPorts = 2> <OutPorts = 1>
ST_2 : Operation 33 [1/1] (0.33ns) (out node of the LUT)   --->   "%and_ln284_1 = and i1 %and_ln284, i1 %icmp_ln284_1" [firmware/nnet_utils/nnet_conv_stream.h:284]   --->   Operation 33 'and' 'and_ln284_1' <Predicate = (icmp_ln284)> <Delay = 0.33> <CoreInst = "LogicGate">   --->   Core 74 'LogicGate' <Latency = 0> <II = 1> <Delay = 0.33> <FuncUnit> <Opcode : 'and' 'or' 'xor'> <InPorts = 2> <OutPorts = 1>
ST_2 : Operation 34 [1/1] (0.00ns)   --->   "%br_ln284 = br i1 %and_ln284_1, void %if.end, void %if.then" [firmware/nnet_utils/nnet_conv_stream.h:284]   --->   Operation 34 'br' 'br_ln284' <Predicate = (icmp_ln284)> <Delay = 0.00>
ST_2 : Operation 35 [8/8] (0.00ns)   --->   "%tmp = call i400 @dense_latency<ap_fixed,ap_fixed<40,20,5,3,0>,config10_mult>, i16 %void_compute_output_buffer_2d_array_const_ap_shift_reg_n_chan_stream_weig_9, i16 %void_compute_output_buffer_2d_array_const_ap_shift_reg_n_chan_stream_weig_8, i16 %void_compute_output_buffer_2d_array_const_ap_shift_reg_n_chan_stream_weig_7, i16 %void_compute_output_buffer_2d_array_const_ap_shift_reg_n_chan_stream_weig_6, i16 %void_compute_output_buffer_2d_array_const_ap_shift_reg_n_chan_stream_weig_5, i16 %void_compute_output_buffer_2d_array_const_ap_shift_reg_n_chan_stream_weig_4, i16 %void_compute_output_buffer_2d_array_const_ap_shift_reg_n_chan_stream_weig_3, i16 %void_compute_output_buffer_2d_array_const_ap_shift_reg_n_chan_stream_weig_2, i16 %void_compute_output_buffer_2d_array_const_ap_shift_reg_n_chan_stream_weig_1, i16 %void_compute_output_buffer_2d_array_const_ap_shift_reg_n_chan_stream_weig, i16 %p_ZZN4nnet24compute_output_buffer_2dINS_5arrayI8ap_fixedILi16ELi6EL9ap_q_mode5EL9_61, i16 %p_ZZN4nnet24compute_output_buffer_2dINS_5arrayI8ap_fixedILi16ELi6EL9ap_q_mode5EL9_60, i16 %p_ZZN4nnet24compute_output_buffer_2dINS_5arrayI8ap_fixedILi16ELi6EL9ap_q_mode5EL9_59, i16 %p_ZZN4nnet24compute_output_buffer_2dINS_5arrayI8ap_fixedILi16ELi6EL9ap_q_mode5EL9_58, i16 %p_ZZN4nnet24compute_output_buffer_2dINS_5arrayI8ap_fixedILi16ELi6EL9ap_q_mode5EL9_57, i16 %p_ZZN4nnet24compute_output_buffer_2dINS_5arrayI8ap_fixedILi16ELi6EL9ap_q_mode5EL9_56, i16 %p_ZZN4nnet24compute_output_buffer_2dINS_5arrayI8ap_fixedILi16ELi6EL9ap_q_mode5EL9_55, i16 %p_ZZN4nnet24compute_output_buffer_2dINS_5arrayI8ap_fixedILi16ELi6EL9ap_q_mode5EL9_54, i16 %p_ZZN4nnet24compute_output_buffer_2dINS_5arrayI8ap_fixedILi16ELi6EL9ap_q_mode5EL9_53, i16 %p_ZZN4nnet24compute_output_buffer_2dINS_5arrayI8ap_fixedILi16ELi6EL9ap_q_mode5EL9_52, i16 %p_ZZN4nnet24compute_output_buffer_2dINS_5arrayI8ap_fixedILi16ELi6EL9ap_q_mode5EL9_51, i16 %p_ZZN4nnet24compute_output_buffer_2dINS_5arrayI8ap_fixedILi16ELi6EL9ap_q_mode5EL9_50, i16 %p_ZZN4nnet24compute_output_buffer_2dINS_5arrayI8ap_fixedILi16ELi6EL9ap_q_mode5EL9_49, i16 %p_ZZN4nnet24compute_output_buffer_2dINS_5arrayI8ap_fixedILi16ELi6EL9ap_q_mode5EL9_48, i16 %p_ZZN4nnet24compute_output_buffer_2dINS_5arrayI8ap_fixedILi16ELi6EL9ap_q_mode5EL9_47, i16 %p_ZZN4nnet24compute_output_buffer_2dINS_5arrayI8ap_fixedILi16ELi6EL9ap_q_mode5EL9_46, i16 %p_ZZN4nnet24compute_output_buffer_2dINS_5arrayI8ap_fixedILi16ELi6EL9ap_q_mode5EL9_45, i16 %p_ZZN4nnet24compute_output_buffer_2dINS_5arrayI8ap_fixedILi16ELi6EL9ap_q_mode5EL9_44, i16 %p_ZZN4nnet24compute_output_buffer_2dINS_5arrayI8ap_fixedILi16ELi6EL9ap_q_mode5EL9_43, i16 %p_ZZN4nnet24compute_output_buffer_2dINS_5arrayI8ap_fixedILi16ELi6EL9ap_q_mode5EL9_42, i16 %p_ZZN4nnet24compute_output_buffer_2dINS_5arrayI8ap_fixedILi16ELi6EL9ap_q_mode5EL9_41, i16 %p_ZZN4nnet24compute_output_buffer_2dINS_5arrayI8ap_fixedILi16ELi6EL9ap_q_mode5EL9_40, i16 %p_ZZN4nnet24compute_output_buffer_2dINS_5arrayI8ap_fixedILi16ELi6EL9ap_q_mode5EL9_39, i16 %p_ZZN4nnet24compute_output_buffer_2dINS_5arrayI8ap_fixedILi16ELi6EL9ap_q_mode5EL9_38, i16 %p_ZZN4nnet24compute_output_buffer_2dINS_5arrayI8ap_fixedILi16ELi6EL9ap_q_mode5EL9_37, i16 %p_ZZN4nnet24compute_output_buffer_2dINS_5arrayI8ap_fixedILi16ELi6EL9ap_q_mode5EL9_36, i16 %p_ZZN4nnet24compute_output_buffer_2dINS_5arrayI8ap_fixedILi16ELi6EL9ap_q_mode5EL9_35, i16 %p_ZZN4nnet24compute_output_buffer_2dINS_5arrayI8ap_fixedILi16ELi6EL9ap_q_mode5EL9_34, i16 %p_ZZN4nnet24compute_output_buffer_2dINS_5arrayI8ap_fixedILi16ELi6EL9ap_q_mode5EL9_33, i16 %p_ZZN4nnet24compute_output_buffer_2dINS_5arrayI8ap_fixedILi16ELi6EL9ap_q_mode5EL9_32, i16 %p_ZZN4nnet24compute_output_buffer_2dINS_5arrayI8ap_fixedILi16ELi6EL9ap_q_mode5EL9_31, i16 %p_ZZN4nnet24compute_output_buffer_2dINS_5arrayI8ap_fixedILi16ELi6EL9ap_q_mode5EL9_30, i16 %p_ZZN4nnet24compute_output_buffer_2dINS_5arrayI8ap_fixedILi16ELi6EL9ap_q_mode5EL9_29, i16 %p_ZZN4nnet24compute_output_buffer_2dINS_5arrayI8ap_fixedILi16ELi6EL9ap_q_mode5EL9_28, i16 %p_ZZN4nnet24compute_output_buffer_2dINS_5arrayI8ap_fixedILi16ELi6EL9ap_q_mode5EL9_27, i16 %p_ZZN4nnet24compute_output_buffer_2dINS_5arrayI8ap_fixedILi16ELi6EL9ap_q_mode5EL9_26, i16 %p_ZZN4nnet24compute_output_buffer_2dINS_5arrayI8ap_fixedILi16ELi6EL9ap_q_mode5EL9_25, i16 %p_ZZN4nnet24compute_output_buffer_2dINS_5arrayI8ap_fixedILi16ELi6EL9ap_q_mode5EL9_24, i16 %p_ZZN4nnet24compute_output_buffer_2dINS_5arrayI8ap_fixedILi16ELi6EL9ap_q_mode5EL9_23, i16 %p_ZZN4nnet24compute_output_buffer_2dINS_5arrayI8ap_fixedILi16ELi6EL9ap_q_mode5EL9_22, i16 %p_ZZN4nnet24compute_output_buffer_2dINS_5arrayI8ap_fixedILi16ELi6EL9ap_q_mode5EL9_21, i16 %p_ZZN4nnet24compute_output_buffer_2dINS_5arrayI8ap_fixedILi16ELi6EL9ap_q_mode5EL9_20, i16 %p_ZZN4nnet24compute_output_buffer_2dINS_5arrayI8ap_fixedILi16ELi6EL9ap_q_mode5EL9_19, i16 %p_ZZN4nnet24compute_output_buffer_2dINS_5arrayI8ap_fixedILi16ELi6EL9ap_q_mode5EL9_18, i16 %p_ZZN4nnet24compute_output_buffer_2dINS_5arrayI8ap_fixedILi16ELi6EL9ap_q_mode5EL9_17, i16 %p_ZZN4nnet24compute_output_buffer_2dINS_5arrayI8ap_fixedILi16ELi6EL9ap_q_mode5EL9_16, i16 %p_ZZN4nnet24compute_output_buffer_2dINS_5arrayI8ap_fixedILi16ELi6EL9ap_q_mode5EL9_15, i16 %p_ZZN4nnet24compute_output_buffer_2dINS_5arrayI8ap_fixedILi16ELi6EL9ap_q_mode5EL9_14, i16 %p_ZZN4nnet24compute_output_buffer_2dINS_5arrayI8ap_fixedILi16ELi6EL9ap_q_mode5EL9_13, i16 %p_ZZN4nnet24compute_output_buffer_2dINS_5arrayI8ap_fixedILi16ELi6EL9ap_q_mode5EL9_12, i16 %p_ZZN4nnet24compute_output_buffer_2dINS_5arrayI8ap_fixedILi16ELi6EL9ap_q_mode5EL9_11, i16 %p_ZZN4nnet24compute_output_buffer_2dINS_5arrayI8ap_fixedILi16ELi6EL9ap_q_mode5EL9_10, i16 %p_ZZN4nnet24compute_output_buffer_2dINS_5arrayI8ap_fixedILi16ELi6EL9ap_q_mode5EL9_9, i16 %p_ZZN4nnet24compute_output_buffer_2dINS_5arrayI8ap_fixedILi16ELi6EL9ap_q_mode5EL9_8, i16 %p_ZZN4nnet24compute_output_buffer_2dINS_5arrayI8ap_fixedILi16ELi6EL9ap_q_mode5EL9_7, i16 %p_ZZN4nnet24compute_output_buffer_2dINS_5arrayI8ap_fixedILi16ELi6EL9ap_q_mode5EL9_6, i16 %p_ZZN4nnet24compute_output_buffer_2dINS_5arrayI8ap_fixedILi16ELi6EL9ap_q_mode5EL9_5, i16 %p_ZZN4nnet24compute_output_buffer_2dINS_5arrayI8ap_fixedILi16ELi6EL9ap_q_mode5EL9_4, i16 %p_ZZN4nnet24compute_output_buffer_2dINS_5arrayI8ap_fixedILi16ELi6EL9ap_q_mode5EL9_3, i16 %p_ZZN4nnet24compute_output_buffer_2dINS_5arrayI8ap_fixedILi16ELi6EL9ap_q_mode5EL9_2, i16 %p_ZZN4nnet24compute_output_buffer_2dINS_5arrayI8ap_fixedILi16ELi6EL9ap_q_mode5EL9_1, i16 %p_ZZN4nnet24compute_output_buffer_2dINS_5arrayI8ap_fixedILi16ELi6EL9ap_q_mode5EL9" [firmware/nnet_utils/nnet_dense.h:54->firmware/nnet_utils/nnet_conv_stream.h:288]   --->   Operation 35 'call' 'tmp' <Predicate = (icmp_ln284 & and_ln284_1)> <Delay = 0.00> <CoreType = "Generic">   --->   Core 0 '' <Latency = 0> <II = 1> <Delay = 1.00> <Generic> <Opcode : >
ST_2 : Operation 36 [1/1] (1.48ns)   --->   "%add_ln303 = add i32 %pX_3_load, i32 1" [firmware/nnet_utils/nnet_conv_stream.h:303]   --->   Operation 36 'add' 'add_ln303' <Predicate = true> <Delay = 1.48> <CoreInst = "Adder">   --->   Core 1 'Adder' <Latency = 0> <II = 1> <Delay = 1.48> <FuncUnit> <Opcode : 'add' 'sub'> <InPorts = 2> <OutPorts = 1>
ST_2 : Operation 37 [1/1] (1.48ns)   --->   "%icmp_ln303 = icmp_eq  i32 %add_ln303, i32 4" [firmware/nnet_utils/nnet_conv_stream.h:303]   --->   Operation 37 'icmp' 'icmp_ln303' <Predicate = true> <Delay = 1.48> <CoreInst = "Cmp">   --->   Core 9 'Cmp' <Latency = 0> <II = 1> <Delay = 1.48> <FuncUnit> <Opcode : 'icmp'> <InPorts = 2> <OutPorts = 1>
ST_2 : Operation 38 [1/1] (0.00ns)   --->   "%br_ln303 = br i1 %icmp_ln303, void %if.else20, void %if.then9" [firmware/nnet_utils/nnet_conv_stream.h:303]   --->   Operation 38 'br' 'br_ln303' <Predicate = true> <Delay = 0.00>
ST_2 : Operation 39 [1/1] (0.53ns)   --->   "%store_ln316 = store i32 %add_ln303, i32 %pX_3" [firmware/nnet_utils/nnet_conv_stream.h:316]   --->   Operation 39 'store' 'store_ln316' <Predicate = (!icmp_ln303)> <Delay = 0.53>
ST_2 : Operation 40 [1/1] (1.48ns)   --->   "%add_ln318 = add i32 %sX_3_load, i32 1" [firmware/nnet_utils/nnet_conv_stream.h:318]   --->   Operation 40 'add' 'add_ln318' <Predicate = (!icmp_ln303)> <Delay = 1.48> <CoreInst = "Adder">   --->   Core 1 'Adder' <Latency = 0> <II = 1> <Delay = 1.48> <FuncUnit> <Opcode : 'add' 'sub'> <InPorts = 2> <OutPorts = 1>
ST_2 : Operation 41 [1/1] (0.44ns)   --->   "%select_ln318 = select i1 %icmp_ln284, i32 2, i32 %add_ln318" [firmware/nnet_utils/nnet_conv_stream.h:318]   --->   Operation 41 'select' 'select_ln318' <Predicate = (!icmp_ln303)> <Delay = 0.44> <CoreInst = "Sel">   --->   Core 73 'Sel' <Latency = 0> <II = 1> <Delay = 0.44> <FuncUnit> <Opcode : 'select'> <InPorts = 3> <OutPorts = 1>
ST_2 : Operation 42 [1/1] (0.53ns)   --->   "%store_ln318 = store i32 %select_ln318, i32 %sX_3" [firmware/nnet_utils/nnet_conv_stream.h:318]   --->   Operation 42 'store' 'store_ln318' <Predicate = (!icmp_ln303)> <Delay = 0.53>
ST_2 : Operation 43 [1/1] (0.00ns)   --->   "%br_ln0 = br void %if.end31"   --->   Operation 43 'br' 'br_ln0' <Predicate = (!icmp_ln303)> <Delay = 0.00>
ST_2 : Operation 44 [1/1] (0.53ns)   --->   "%store_ln305 = store i32 0, i32 %pX_3" [firmware/nnet_utils/nnet_conv_stream.h:305]   --->   Operation 44 'store' 'store_ln305' <Predicate = (icmp_ln303)> <Delay = 0.53>
ST_2 : Operation 45 [1/1] (0.53ns)   --->   "%store_ln306 = store i32 0, i32 %sX_3" [firmware/nnet_utils/nnet_conv_stream.h:306]   --->   Operation 45 'store' 'store_ln306' <Predicate = (icmp_ln303)> <Delay = 0.53>
ST_2 : Operation 46 [1/1] (1.48ns)   --->   "%add_ln307 = add i32 %pY_3_load, i32 1" [firmware/nnet_utils/nnet_conv_stream.h:307]   --->   Operation 46 'add' 'add_ln307' <Predicate = (icmp_ln303)> <Delay = 1.48> <CoreInst = "Adder">   --->   Core 1 'Adder' <Latency = 0> <II = 1> <Delay = 1.48> <FuncUnit> <Opcode : 'add' 'sub'> <InPorts = 2> <OutPorts = 1>
ST_2 : Operation 47 [1/1] (1.48ns)   --->   "%icmp_ln307 = icmp_eq  i32 %add_ln307, i32 4" [firmware/nnet_utils/nnet_conv_stream.h:307]   --->   Operation 47 'icmp' 'icmp_ln307' <Predicate = (icmp_ln303)> <Delay = 1.48> <CoreInst = "Cmp">   --->   Core 9 'Cmp' <Latency = 0> <II = 1> <Delay = 1.48> <FuncUnit> <Opcode : 'icmp'> <InPorts = 2> <OutPorts = 1>
ST_2 : Operation 48 [1/1] (0.00ns)   --->   "%br_ln307 = br i1 %icmp_ln307, void %if.else, void %if.then12" [firmware/nnet_utils/nnet_conv_stream.h:307]   --->   Operation 48 'br' 'br_ln307' <Predicate = (icmp_ln303)> <Delay = 0.00>
ST_2 : Operation 49 [1/1] (0.53ns)   --->   "%store_ln311 = store i32 %add_ln307, i32 %pY_3" [firmware/nnet_utils/nnet_conv_stream.h:311]   --->   Operation 49 'store' 'store_ln311' <Predicate = (icmp_ln303 & !icmp_ln307)> <Delay = 0.53>
ST_2 : Operation 50 [1/1] (1.48ns)   --->   "%icmp_ln313 = icmp_eq  i32 %sY_3_load, i32 2" [firmware/nnet_utils/nnet_conv_stream.h:313]   --->   Operation 50 'icmp' 'icmp_ln313' <Predicate = (icmp_ln303 & !icmp_ln307)> <Delay = 1.48> <CoreInst = "Cmp">   --->   Core 9 'Cmp' <Latency = 0> <II = 1> <Delay = 1.48> <FuncUnit> <Opcode : 'icmp'> <InPorts = 2> <OutPorts = 1>
ST_2 : Operation 51 [1/1] (1.48ns)   --->   "%add_ln313 = add i32 %sY_3_load, i32 1" [firmware/nnet_utils/nnet_conv_stream.h:313]   --->   Operation 51 'add' 'add_ln313' <Predicate = (icmp_ln303 & !icmp_ln307)> <Delay = 1.48> <CoreInst = "Adder">   --->   Core 1 'Adder' <Latency = 0> <II = 1> <Delay = 1.48> <FuncUnit> <Opcode : 'add' 'sub'> <InPorts = 2> <OutPorts = 1>
ST_2 : Operation 52 [1/1] (0.44ns)   --->   "%select_ln313 = select i1 %icmp_ln313, i32 2, i32 %add_ln313" [firmware/nnet_utils/nnet_conv_stream.h:313]   --->   Operation 52 'select' 'select_ln313' <Predicate = (icmp_ln303 & !icmp_ln307)> <Delay = 0.44> <CoreInst = "Sel">   --->   Core 73 'Sel' <Latency = 0> <II = 1> <Delay = 0.44> <FuncUnit> <Opcode : 'select'> <InPorts = 3> <OutPorts = 1>
ST_2 : Operation 53 [1/1] (0.53ns)   --->   "%br_ln0 = br void %if.end19"   --->   Operation 53 'br' 'br_ln0' <Predicate = (icmp_ln303 & !icmp_ln307)> <Delay = 0.53>
ST_2 : Operation 54 [1/1] (0.53ns)   --->   "%store_ln308 = store i32 0, i32 %pY_3" [firmware/nnet_utils/nnet_conv_stream.h:308]   --->   Operation 54 'store' 'store_ln308' <Predicate = (icmp_ln303 & icmp_ln307)> <Delay = 0.53>
ST_2 : Operation 55 [1/1] (0.53ns)   --->   "%br_ln310 = br void %if.end19" [firmware/nnet_utils/nnet_conv_stream.h:310]   --->   Operation 55 'br' 'br_ln310' <Predicate = (icmp_ln303 & icmp_ln307)> <Delay = 0.53>

State 3 <SV = 2> <Delay = 3.60>
ST_3 : Operation 56 [7/8] (3.60ns)   --->   "%tmp = call i400 @dense_latency<ap_fixed,ap_fixed<40,20,5,3,0>,config10_mult>, i16 %void_compute_output_buffer_2d_array_const_ap_shift_reg_n_chan_stream_weig_9, i16 %void_compute_output_buffer_2d_array_const_ap_shift_reg_n_chan_stream_weig_8, i16 %void_compute_output_buffer_2d_array_const_ap_shift_reg_n_chan_stream_weig_7, i16 %void_compute_output_buffer_2d_array_const_ap_shift_reg_n_chan_stream_weig_6, i16 %void_compute_output_buffer_2d_array_const_ap_shift_reg_n_chan_stream_weig_5, i16 %void_compute_output_buffer_2d_array_const_ap_shift_reg_n_chan_stream_weig_4, i16 %void_compute_output_buffer_2d_array_const_ap_shift_reg_n_chan_stream_weig_3, i16 %void_compute_output_buffer_2d_array_const_ap_shift_reg_n_chan_stream_weig_2, i16 %void_compute_output_buffer_2d_array_const_ap_shift_reg_n_chan_stream_weig_1, i16 %void_compute_output_buffer_2d_array_const_ap_shift_reg_n_chan_stream_weig, i16 %p_ZZN4nnet24compute_output_buffer_2dINS_5arrayI8ap_fixedILi16ELi6EL9ap_q_mode5EL9_61, i16 %p_ZZN4nnet24compute_output_buffer_2dINS_5arrayI8ap_fixedILi16ELi6EL9ap_q_mode5EL9_60, i16 %p_ZZN4nnet24compute_output_buffer_2dINS_5arrayI8ap_fixedILi16ELi6EL9ap_q_mode5EL9_59, i16 %p_ZZN4nnet24compute_output_buffer_2dINS_5arrayI8ap_fixedILi16ELi6EL9ap_q_mode5EL9_58, i16 %p_ZZN4nnet24compute_output_buffer_2dINS_5arrayI8ap_fixedILi16ELi6EL9ap_q_mode5EL9_57, i16 %p_ZZN4nnet24compute_output_buffer_2dINS_5arrayI8ap_fixedILi16ELi6EL9ap_q_mode5EL9_56, i16 %p_ZZN4nnet24compute_output_buffer_2dINS_5arrayI8ap_fixedILi16ELi6EL9ap_q_mode5EL9_55, i16 %p_ZZN4nnet24compute_output_buffer_2dINS_5arrayI8ap_fixedILi16ELi6EL9ap_q_mode5EL9_54, i16 %p_ZZN4nnet24compute_output_buffer_2dINS_5arrayI8ap_fixedILi16ELi6EL9ap_q_mode5EL9_53, i16 %p_ZZN4nnet24compute_output_buffer_2dINS_5arrayI8ap_fixedILi16ELi6EL9ap_q_mode5EL9_52, i16 %p_ZZN4nnet24compute_output_buffer_2dINS_5arrayI8ap_fixedILi16ELi6EL9ap_q_mode5EL9_51, i16 %p_ZZN4nnet24compute_output_buffer_2dINS_5arrayI8ap_fixedILi16ELi6EL9ap_q_mode5EL9_50, i16 %p_ZZN4nnet24compute_output_buffer_2dINS_5arrayI8ap_fixedILi16ELi6EL9ap_q_mode5EL9_49, i16 %p_ZZN4nnet24compute_output_buffer_2dINS_5arrayI8ap_fixedILi16ELi6EL9ap_q_mode5EL9_48, i16 %p_ZZN4nnet24compute_output_buffer_2dINS_5arrayI8ap_fixedILi16ELi6EL9ap_q_mode5EL9_47, i16 %p_ZZN4nnet24compute_output_buffer_2dINS_5arrayI8ap_fixedILi16ELi6EL9ap_q_mode5EL9_46, i16 %p_ZZN4nnet24compute_output_buffer_2dINS_5arrayI8ap_fixedILi16ELi6EL9ap_q_mode5EL9_45, i16 %p_ZZN4nnet24compute_output_buffer_2dINS_5arrayI8ap_fixedILi16ELi6EL9ap_q_mode5EL9_44, i16 %p_ZZN4nnet24compute_output_buffer_2dINS_5arrayI8ap_fixedILi16ELi6EL9ap_q_mode5EL9_43, i16 %p_ZZN4nnet24compute_output_buffer_2dINS_5arrayI8ap_fixedILi16ELi6EL9ap_q_mode5EL9_42, i16 %p_ZZN4nnet24compute_output_buffer_2dINS_5arrayI8ap_fixedILi16ELi6EL9ap_q_mode5EL9_41, i16 %p_ZZN4nnet24compute_output_buffer_2dINS_5arrayI8ap_fixedILi16ELi6EL9ap_q_mode5EL9_40, i16 %p_ZZN4nnet24compute_output_buffer_2dINS_5arrayI8ap_fixedILi16ELi6EL9ap_q_mode5EL9_39, i16 %p_ZZN4nnet24compute_output_buffer_2dINS_5arrayI8ap_fixedILi16ELi6EL9ap_q_mode5EL9_38, i16 %p_ZZN4nnet24compute_output_buffer_2dINS_5arrayI8ap_fixedILi16ELi6EL9ap_q_mode5EL9_37, i16 %p_ZZN4nnet24compute_output_buffer_2dINS_5arrayI8ap_fixedILi16ELi6EL9ap_q_mode5EL9_36, i16 %p_ZZN4nnet24compute_output_buffer_2dINS_5arrayI8ap_fixedILi16ELi6EL9ap_q_mode5EL9_35, i16 %p_ZZN4nnet24compute_output_buffer_2dINS_5arrayI8ap_fixedILi16ELi6EL9ap_q_mode5EL9_34, i16 %p_ZZN4nnet24compute_output_buffer_2dINS_5arrayI8ap_fixedILi16ELi6EL9ap_q_mode5EL9_33, i16 %p_ZZN4nnet24compute_output_buffer_2dINS_5arrayI8ap_fixedILi16ELi6EL9ap_q_mode5EL9_32, i16 %p_ZZN4nnet24compute_output_buffer_2dINS_5arrayI8ap_fixedILi16ELi6EL9ap_q_mode5EL9_31, i16 %p_ZZN4nnet24compute_output_buffer_2dINS_5arrayI8ap_fixedILi16ELi6EL9ap_q_mode5EL9_30, i16 %p_ZZN4nnet24compute_output_buffer_2dINS_5arrayI8ap_fixedILi16ELi6EL9ap_q_mode5EL9_29, i16 %p_ZZN4nnet24compute_output_buffer_2dINS_5arrayI8ap_fixedILi16ELi6EL9ap_q_mode5EL9_28, i16 %p_ZZN4nnet24compute_output_buffer_2dINS_5arrayI8ap_fixedILi16ELi6EL9ap_q_mode5EL9_27, i16 %p_ZZN4nnet24compute_output_buffer_2dINS_5arrayI8ap_fixedILi16ELi6EL9ap_q_mode5EL9_26, i16 %p_ZZN4nnet24compute_output_buffer_2dINS_5arrayI8ap_fixedILi16ELi6EL9ap_q_mode5EL9_25, i16 %p_ZZN4nnet24compute_output_buffer_2dINS_5arrayI8ap_fixedILi16ELi6EL9ap_q_mode5EL9_24, i16 %p_ZZN4nnet24compute_output_buffer_2dINS_5arrayI8ap_fixedILi16ELi6EL9ap_q_mode5EL9_23, i16 %p_ZZN4nnet24compute_output_buffer_2dINS_5arrayI8ap_fixedILi16ELi6EL9ap_q_mode5EL9_22, i16 %p_ZZN4nnet24compute_output_buffer_2dINS_5arrayI8ap_fixedILi16ELi6EL9ap_q_mode5EL9_21, i16 %p_ZZN4nnet24compute_output_buffer_2dINS_5arrayI8ap_fixedILi16ELi6EL9ap_q_mode5EL9_20, i16 %p_ZZN4nnet24compute_output_buffer_2dINS_5arrayI8ap_fixedILi16ELi6EL9ap_q_mode5EL9_19, i16 %p_ZZN4nnet24compute_output_buffer_2dINS_5arrayI8ap_fixedILi16ELi6EL9ap_q_mode5EL9_18, i16 %p_ZZN4nnet24compute_output_buffer_2dINS_5arrayI8ap_fixedILi16ELi6EL9ap_q_mode5EL9_17, i16 %p_ZZN4nnet24compute_output_buffer_2dINS_5arrayI8ap_fixedILi16ELi6EL9ap_q_mode5EL9_16, i16 %p_ZZN4nnet24compute_output_buffer_2dINS_5arrayI8ap_fixedILi16ELi6EL9ap_q_mode5EL9_15, i16 %p_ZZN4nnet24compute_output_buffer_2dINS_5arrayI8ap_fixedILi16ELi6EL9ap_q_mode5EL9_14, i16 %p_ZZN4nnet24compute_output_buffer_2dINS_5arrayI8ap_fixedILi16ELi6EL9ap_q_mode5EL9_13, i16 %p_ZZN4nnet24compute_output_buffer_2dINS_5arrayI8ap_fixedILi16ELi6EL9ap_q_mode5EL9_12, i16 %p_ZZN4nnet24compute_output_buffer_2dINS_5arrayI8ap_fixedILi16ELi6EL9ap_q_mode5EL9_11, i16 %p_ZZN4nnet24compute_output_buffer_2dINS_5arrayI8ap_fixedILi16ELi6EL9ap_q_mode5EL9_10, i16 %p_ZZN4nnet24compute_output_buffer_2dINS_5arrayI8ap_fixedILi16ELi6EL9ap_q_mode5EL9_9, i16 %p_ZZN4nnet24compute_output_buffer_2dINS_5arrayI8ap_fixedILi16ELi6EL9ap_q_mode5EL9_8, i16 %p_ZZN4nnet24compute_output_buffer_2dINS_5arrayI8ap_fixedILi16ELi6EL9ap_q_mode5EL9_7, i16 %p_ZZN4nnet24compute_output_buffer_2dINS_5arrayI8ap_fixedILi16ELi6EL9ap_q_mode5EL9_6, i16 %p_ZZN4nnet24compute_output_buffer_2dINS_5arrayI8ap_fixedILi16ELi6EL9ap_q_mode5EL9_5, i16 %p_ZZN4nnet24compute_output_buffer_2dINS_5arrayI8ap_fixedILi16ELi6EL9ap_q_mode5EL9_4, i16 %p_ZZN4nnet24compute_output_buffer_2dINS_5arrayI8ap_fixedILi16ELi6EL9ap_q_mode5EL9_3, i16 %p_ZZN4nnet24compute_output_buffer_2dINS_5arrayI8ap_fixedILi16ELi6EL9ap_q_mode5EL9_2, i16 %p_ZZN4nnet24compute_output_buffer_2dINS_5arrayI8ap_fixedILi16ELi6EL9ap_q_mode5EL9_1, i16 %p_ZZN4nnet24compute_output_buffer_2dINS_5arrayI8ap_fixedILi16ELi6EL9ap_q_mode5EL9" [firmware/nnet_utils/nnet_dense.h:54->firmware/nnet_utils/nnet_conv_stream.h:288]   --->   Operation 56 'call' 'tmp' <Predicate = (icmp_ln284 & and_ln284_1)> <Delay = 3.60> <CoreType = "Generic">   --->   Core 0 '' <Latency = 0> <II = 1> <Delay = 1.00> <Generic> <Opcode : >
ST_3 : Operation 57 [1/1] (0.00ns)   --->   "%storemerge = phi i32 %select_ln313, void %if.else, i32 0, void %if.then12" [firmware/nnet_utils/nnet_conv_stream.h:313]   --->   Operation 57 'phi' 'storemerge' <Predicate = (icmp_ln303)> <Delay = 0.00>
ST_3 : Operation 58 [1/1] (0.00ns)   --->   "%store_ln309 = store i32 %storemerge, i32 %sY_3" [firmware/nnet_utils/nnet_conv_stream.h:309]   --->   Operation 58 'store' 'store_ln309' <Predicate = (icmp_ln303)> <Delay = 0.00>
ST_3 : Operation 59 [1/1] (0.00ns)   --->   "%br_ln315 = br void %if.end31" [firmware/nnet_utils/nnet_conv_stream.h:315]   --->   Operation 59 'br' 'br_ln315' <Predicate = (icmp_ln303)> <Delay = 0.00>

State 4 <SV = 3> <Delay = 3.60>
ST_4 : Operation 60 [6/8] (3.60ns)   --->   "%tmp = call i400 @dense_latency<ap_fixed,ap_fixed<40,20,5,3,0>,config10_mult>, i16 %void_compute_output_buffer_2d_array_const_ap_shift_reg_n_chan_stream_weig_9, i16 %void_compute_output_buffer_2d_array_const_ap_shift_reg_n_chan_stream_weig_8, i16 %void_compute_output_buffer_2d_array_const_ap_shift_reg_n_chan_stream_weig_7, i16 %void_compute_output_buffer_2d_array_const_ap_shift_reg_n_chan_stream_weig_6, i16 %void_compute_output_buffer_2d_array_const_ap_shift_reg_n_chan_stream_weig_5, i16 %void_compute_output_buffer_2d_array_const_ap_shift_reg_n_chan_stream_weig_4, i16 %void_compute_output_buffer_2d_array_const_ap_shift_reg_n_chan_stream_weig_3, i16 %void_compute_output_buffer_2d_array_const_ap_shift_reg_n_chan_stream_weig_2, i16 %void_compute_output_buffer_2d_array_const_ap_shift_reg_n_chan_stream_weig_1, i16 %void_compute_output_buffer_2d_array_const_ap_shift_reg_n_chan_stream_weig, i16 %p_ZZN4nnet24compute_output_buffer_2dINS_5arrayI8ap_fixedILi16ELi6EL9ap_q_mode5EL9_61, i16 %p_ZZN4nnet24compute_output_buffer_2dINS_5arrayI8ap_fixedILi16ELi6EL9ap_q_mode5EL9_60, i16 %p_ZZN4nnet24compute_output_buffer_2dINS_5arrayI8ap_fixedILi16ELi6EL9ap_q_mode5EL9_59, i16 %p_ZZN4nnet24compute_output_buffer_2dINS_5arrayI8ap_fixedILi16ELi6EL9ap_q_mode5EL9_58, i16 %p_ZZN4nnet24compute_output_buffer_2dINS_5arrayI8ap_fixedILi16ELi6EL9ap_q_mode5EL9_57, i16 %p_ZZN4nnet24compute_output_buffer_2dINS_5arrayI8ap_fixedILi16ELi6EL9ap_q_mode5EL9_56, i16 %p_ZZN4nnet24compute_output_buffer_2dINS_5arrayI8ap_fixedILi16ELi6EL9ap_q_mode5EL9_55, i16 %p_ZZN4nnet24compute_output_buffer_2dINS_5arrayI8ap_fixedILi16ELi6EL9ap_q_mode5EL9_54, i16 %p_ZZN4nnet24compute_output_buffer_2dINS_5arrayI8ap_fixedILi16ELi6EL9ap_q_mode5EL9_53, i16 %p_ZZN4nnet24compute_output_buffer_2dINS_5arrayI8ap_fixedILi16ELi6EL9ap_q_mode5EL9_52, i16 %p_ZZN4nnet24compute_output_buffer_2dINS_5arrayI8ap_fixedILi16ELi6EL9ap_q_mode5EL9_51, i16 %p_ZZN4nnet24compute_output_buffer_2dINS_5arrayI8ap_fixedILi16ELi6EL9ap_q_mode5EL9_50, i16 %p_ZZN4nnet24compute_output_buffer_2dINS_5arrayI8ap_fixedILi16ELi6EL9ap_q_mode5EL9_49, i16 %p_ZZN4nnet24compute_output_buffer_2dINS_5arrayI8ap_fixedILi16ELi6EL9ap_q_mode5EL9_48, i16 %p_ZZN4nnet24compute_output_buffer_2dINS_5arrayI8ap_fixedILi16ELi6EL9ap_q_mode5EL9_47, i16 %p_ZZN4nnet24compute_output_buffer_2dINS_5arrayI8ap_fixedILi16ELi6EL9ap_q_mode5EL9_46, i16 %p_ZZN4nnet24compute_output_buffer_2dINS_5arrayI8ap_fixedILi16ELi6EL9ap_q_mode5EL9_45, i16 %p_ZZN4nnet24compute_output_buffer_2dINS_5arrayI8ap_fixedILi16ELi6EL9ap_q_mode5EL9_44, i16 %p_ZZN4nnet24compute_output_buffer_2dINS_5arrayI8ap_fixedILi16ELi6EL9ap_q_mode5EL9_43, i16 %p_ZZN4nnet24compute_output_buffer_2dINS_5arrayI8ap_fixedILi16ELi6EL9ap_q_mode5EL9_42, i16 %p_ZZN4nnet24compute_output_buffer_2dINS_5arrayI8ap_fixedILi16ELi6EL9ap_q_mode5EL9_41, i16 %p_ZZN4nnet24compute_output_buffer_2dINS_5arrayI8ap_fixedILi16ELi6EL9ap_q_mode5EL9_40, i16 %p_ZZN4nnet24compute_output_buffer_2dINS_5arrayI8ap_fixedILi16ELi6EL9ap_q_mode5EL9_39, i16 %p_ZZN4nnet24compute_output_buffer_2dINS_5arrayI8ap_fixedILi16ELi6EL9ap_q_mode5EL9_38, i16 %p_ZZN4nnet24compute_output_buffer_2dINS_5arrayI8ap_fixedILi16ELi6EL9ap_q_mode5EL9_37, i16 %p_ZZN4nnet24compute_output_buffer_2dINS_5arrayI8ap_fixedILi16ELi6EL9ap_q_mode5EL9_36, i16 %p_ZZN4nnet24compute_output_buffer_2dINS_5arrayI8ap_fixedILi16ELi6EL9ap_q_mode5EL9_35, i16 %p_ZZN4nnet24compute_output_buffer_2dINS_5arrayI8ap_fixedILi16ELi6EL9ap_q_mode5EL9_34, i16 %p_ZZN4nnet24compute_output_buffer_2dINS_5arrayI8ap_fixedILi16ELi6EL9ap_q_mode5EL9_33, i16 %p_ZZN4nnet24compute_output_buffer_2dINS_5arrayI8ap_fixedILi16ELi6EL9ap_q_mode5EL9_32, i16 %p_ZZN4nnet24compute_output_buffer_2dINS_5arrayI8ap_fixedILi16ELi6EL9ap_q_mode5EL9_31, i16 %p_ZZN4nnet24compute_output_buffer_2dINS_5arrayI8ap_fixedILi16ELi6EL9ap_q_mode5EL9_30, i16 %p_ZZN4nnet24compute_output_buffer_2dINS_5arrayI8ap_fixedILi16ELi6EL9ap_q_mode5EL9_29, i16 %p_ZZN4nnet24compute_output_buffer_2dINS_5arrayI8ap_fixedILi16ELi6EL9ap_q_mode5EL9_28, i16 %p_ZZN4nnet24compute_output_buffer_2dINS_5arrayI8ap_fixedILi16ELi6EL9ap_q_mode5EL9_27, i16 %p_ZZN4nnet24compute_output_buffer_2dINS_5arrayI8ap_fixedILi16ELi6EL9ap_q_mode5EL9_26, i16 %p_ZZN4nnet24compute_output_buffer_2dINS_5arrayI8ap_fixedILi16ELi6EL9ap_q_mode5EL9_25, i16 %p_ZZN4nnet24compute_output_buffer_2dINS_5arrayI8ap_fixedILi16ELi6EL9ap_q_mode5EL9_24, i16 %p_ZZN4nnet24compute_output_buffer_2dINS_5arrayI8ap_fixedILi16ELi6EL9ap_q_mode5EL9_23, i16 %p_ZZN4nnet24compute_output_buffer_2dINS_5arrayI8ap_fixedILi16ELi6EL9ap_q_mode5EL9_22, i16 %p_ZZN4nnet24compute_output_buffer_2dINS_5arrayI8ap_fixedILi16ELi6EL9ap_q_mode5EL9_21, i16 %p_ZZN4nnet24compute_output_buffer_2dINS_5arrayI8ap_fixedILi16ELi6EL9ap_q_mode5EL9_20, i16 %p_ZZN4nnet24compute_output_buffer_2dINS_5arrayI8ap_fixedILi16ELi6EL9ap_q_mode5EL9_19, i16 %p_ZZN4nnet24compute_output_buffer_2dINS_5arrayI8ap_fixedILi16ELi6EL9ap_q_mode5EL9_18, i16 %p_ZZN4nnet24compute_output_buffer_2dINS_5arrayI8ap_fixedILi16ELi6EL9ap_q_mode5EL9_17, i16 %p_ZZN4nnet24compute_output_buffer_2dINS_5arrayI8ap_fixedILi16ELi6EL9ap_q_mode5EL9_16, i16 %p_ZZN4nnet24compute_output_buffer_2dINS_5arrayI8ap_fixedILi16ELi6EL9ap_q_mode5EL9_15, i16 %p_ZZN4nnet24compute_output_buffer_2dINS_5arrayI8ap_fixedILi16ELi6EL9ap_q_mode5EL9_14, i16 %p_ZZN4nnet24compute_output_buffer_2dINS_5arrayI8ap_fixedILi16ELi6EL9ap_q_mode5EL9_13, i16 %p_ZZN4nnet24compute_output_buffer_2dINS_5arrayI8ap_fixedILi16ELi6EL9ap_q_mode5EL9_12, i16 %p_ZZN4nnet24compute_output_buffer_2dINS_5arrayI8ap_fixedILi16ELi6EL9ap_q_mode5EL9_11, i16 %p_ZZN4nnet24compute_output_buffer_2dINS_5arrayI8ap_fixedILi16ELi6EL9ap_q_mode5EL9_10, i16 %p_ZZN4nnet24compute_output_buffer_2dINS_5arrayI8ap_fixedILi16ELi6EL9ap_q_mode5EL9_9, i16 %p_ZZN4nnet24compute_output_buffer_2dINS_5arrayI8ap_fixedILi16ELi6EL9ap_q_mode5EL9_8, i16 %p_ZZN4nnet24compute_output_buffer_2dINS_5arrayI8ap_fixedILi16ELi6EL9ap_q_mode5EL9_7, i16 %p_ZZN4nnet24compute_output_buffer_2dINS_5arrayI8ap_fixedILi16ELi6EL9ap_q_mode5EL9_6, i16 %p_ZZN4nnet24compute_output_buffer_2dINS_5arrayI8ap_fixedILi16ELi6EL9ap_q_mode5EL9_5, i16 %p_ZZN4nnet24compute_output_buffer_2dINS_5arrayI8ap_fixedILi16ELi6EL9ap_q_mode5EL9_4, i16 %p_ZZN4nnet24compute_output_buffer_2dINS_5arrayI8ap_fixedILi16ELi6EL9ap_q_mode5EL9_3, i16 %p_ZZN4nnet24compute_output_buffer_2dINS_5arrayI8ap_fixedILi16ELi6EL9ap_q_mode5EL9_2, i16 %p_ZZN4nnet24compute_output_buffer_2dINS_5arrayI8ap_fixedILi16ELi6EL9ap_q_mode5EL9_1, i16 %p_ZZN4nnet24compute_output_buffer_2dINS_5arrayI8ap_fixedILi16ELi6EL9ap_q_mode5EL9" [firmware/nnet_utils/nnet_dense.h:54->firmware/nnet_utils/nnet_conv_stream.h:288]   --->   Operation 60 'call' 'tmp' <Predicate = (icmp_ln284 & and_ln284_1)> <Delay = 3.60> <CoreType = "Generic">   --->   Core 0 '' <Latency = 0> <II = 1> <Delay = 1.00> <Generic> <Opcode : >

State 5 <SV = 4> <Delay = 3.60>
ST_5 : Operation 61 [5/8] (3.60ns)   --->   "%tmp = call i400 @dense_latency<ap_fixed,ap_fixed<40,20,5,3,0>,config10_mult>, i16 %void_compute_output_buffer_2d_array_const_ap_shift_reg_n_chan_stream_weig_9, i16 %void_compute_output_buffer_2d_array_const_ap_shift_reg_n_chan_stream_weig_8, i16 %void_compute_output_buffer_2d_array_const_ap_shift_reg_n_chan_stream_weig_7, i16 %void_compute_output_buffer_2d_array_const_ap_shift_reg_n_chan_stream_weig_6, i16 %void_compute_output_buffer_2d_array_const_ap_shift_reg_n_chan_stream_weig_5, i16 %void_compute_output_buffer_2d_array_const_ap_shift_reg_n_chan_stream_weig_4, i16 %void_compute_output_buffer_2d_array_const_ap_shift_reg_n_chan_stream_weig_3, i16 %void_compute_output_buffer_2d_array_const_ap_shift_reg_n_chan_stream_weig_2, i16 %void_compute_output_buffer_2d_array_const_ap_shift_reg_n_chan_stream_weig_1, i16 %void_compute_output_buffer_2d_array_const_ap_shift_reg_n_chan_stream_weig, i16 %p_ZZN4nnet24compute_output_buffer_2dINS_5arrayI8ap_fixedILi16ELi6EL9ap_q_mode5EL9_61, i16 %p_ZZN4nnet24compute_output_buffer_2dINS_5arrayI8ap_fixedILi16ELi6EL9ap_q_mode5EL9_60, i16 %p_ZZN4nnet24compute_output_buffer_2dINS_5arrayI8ap_fixedILi16ELi6EL9ap_q_mode5EL9_59, i16 %p_ZZN4nnet24compute_output_buffer_2dINS_5arrayI8ap_fixedILi16ELi6EL9ap_q_mode5EL9_58, i16 %p_ZZN4nnet24compute_output_buffer_2dINS_5arrayI8ap_fixedILi16ELi6EL9ap_q_mode5EL9_57, i16 %p_ZZN4nnet24compute_output_buffer_2dINS_5arrayI8ap_fixedILi16ELi6EL9ap_q_mode5EL9_56, i16 %p_ZZN4nnet24compute_output_buffer_2dINS_5arrayI8ap_fixedILi16ELi6EL9ap_q_mode5EL9_55, i16 %p_ZZN4nnet24compute_output_buffer_2dINS_5arrayI8ap_fixedILi16ELi6EL9ap_q_mode5EL9_54, i16 %p_ZZN4nnet24compute_output_buffer_2dINS_5arrayI8ap_fixedILi16ELi6EL9ap_q_mode5EL9_53, i16 %p_ZZN4nnet24compute_output_buffer_2dINS_5arrayI8ap_fixedILi16ELi6EL9ap_q_mode5EL9_52, i16 %p_ZZN4nnet24compute_output_buffer_2dINS_5arrayI8ap_fixedILi16ELi6EL9ap_q_mode5EL9_51, i16 %p_ZZN4nnet24compute_output_buffer_2dINS_5arrayI8ap_fixedILi16ELi6EL9ap_q_mode5EL9_50, i16 %p_ZZN4nnet24compute_output_buffer_2dINS_5arrayI8ap_fixedILi16ELi6EL9ap_q_mode5EL9_49, i16 %p_ZZN4nnet24compute_output_buffer_2dINS_5arrayI8ap_fixedILi16ELi6EL9ap_q_mode5EL9_48, i16 %p_ZZN4nnet24compute_output_buffer_2dINS_5arrayI8ap_fixedILi16ELi6EL9ap_q_mode5EL9_47, i16 %p_ZZN4nnet24compute_output_buffer_2dINS_5arrayI8ap_fixedILi16ELi6EL9ap_q_mode5EL9_46, i16 %p_ZZN4nnet24compute_output_buffer_2dINS_5arrayI8ap_fixedILi16ELi6EL9ap_q_mode5EL9_45, i16 %p_ZZN4nnet24compute_output_buffer_2dINS_5arrayI8ap_fixedILi16ELi6EL9ap_q_mode5EL9_44, i16 %p_ZZN4nnet24compute_output_buffer_2dINS_5arrayI8ap_fixedILi16ELi6EL9ap_q_mode5EL9_43, i16 %p_ZZN4nnet24compute_output_buffer_2dINS_5arrayI8ap_fixedILi16ELi6EL9ap_q_mode5EL9_42, i16 %p_ZZN4nnet24compute_output_buffer_2dINS_5arrayI8ap_fixedILi16ELi6EL9ap_q_mode5EL9_41, i16 %p_ZZN4nnet24compute_output_buffer_2dINS_5arrayI8ap_fixedILi16ELi6EL9ap_q_mode5EL9_40, i16 %p_ZZN4nnet24compute_output_buffer_2dINS_5arrayI8ap_fixedILi16ELi6EL9ap_q_mode5EL9_39, i16 %p_ZZN4nnet24compute_output_buffer_2dINS_5arrayI8ap_fixedILi16ELi6EL9ap_q_mode5EL9_38, i16 %p_ZZN4nnet24compute_output_buffer_2dINS_5arrayI8ap_fixedILi16ELi6EL9ap_q_mode5EL9_37, i16 %p_ZZN4nnet24compute_output_buffer_2dINS_5arrayI8ap_fixedILi16ELi6EL9ap_q_mode5EL9_36, i16 %p_ZZN4nnet24compute_output_buffer_2dINS_5arrayI8ap_fixedILi16ELi6EL9ap_q_mode5EL9_35, i16 %p_ZZN4nnet24compute_output_buffer_2dINS_5arrayI8ap_fixedILi16ELi6EL9ap_q_mode5EL9_34, i16 %p_ZZN4nnet24compute_output_buffer_2dINS_5arrayI8ap_fixedILi16ELi6EL9ap_q_mode5EL9_33, i16 %p_ZZN4nnet24compute_output_buffer_2dINS_5arrayI8ap_fixedILi16ELi6EL9ap_q_mode5EL9_32, i16 %p_ZZN4nnet24compute_output_buffer_2dINS_5arrayI8ap_fixedILi16ELi6EL9ap_q_mode5EL9_31, i16 %p_ZZN4nnet24compute_output_buffer_2dINS_5arrayI8ap_fixedILi16ELi6EL9ap_q_mode5EL9_30, i16 %p_ZZN4nnet24compute_output_buffer_2dINS_5arrayI8ap_fixedILi16ELi6EL9ap_q_mode5EL9_29, i16 %p_ZZN4nnet24compute_output_buffer_2dINS_5arrayI8ap_fixedILi16ELi6EL9ap_q_mode5EL9_28, i16 %p_ZZN4nnet24compute_output_buffer_2dINS_5arrayI8ap_fixedILi16ELi6EL9ap_q_mode5EL9_27, i16 %p_ZZN4nnet24compute_output_buffer_2dINS_5arrayI8ap_fixedILi16ELi6EL9ap_q_mode5EL9_26, i16 %p_ZZN4nnet24compute_output_buffer_2dINS_5arrayI8ap_fixedILi16ELi6EL9ap_q_mode5EL9_25, i16 %p_ZZN4nnet24compute_output_buffer_2dINS_5arrayI8ap_fixedILi16ELi6EL9ap_q_mode5EL9_24, i16 %p_ZZN4nnet24compute_output_buffer_2dINS_5arrayI8ap_fixedILi16ELi6EL9ap_q_mode5EL9_23, i16 %p_ZZN4nnet24compute_output_buffer_2dINS_5arrayI8ap_fixedILi16ELi6EL9ap_q_mode5EL9_22, i16 %p_ZZN4nnet24compute_output_buffer_2dINS_5arrayI8ap_fixedILi16ELi6EL9ap_q_mode5EL9_21, i16 %p_ZZN4nnet24compute_output_buffer_2dINS_5arrayI8ap_fixedILi16ELi6EL9ap_q_mode5EL9_20, i16 %p_ZZN4nnet24compute_output_buffer_2dINS_5arrayI8ap_fixedILi16ELi6EL9ap_q_mode5EL9_19, i16 %p_ZZN4nnet24compute_output_buffer_2dINS_5arrayI8ap_fixedILi16ELi6EL9ap_q_mode5EL9_18, i16 %p_ZZN4nnet24compute_output_buffer_2dINS_5arrayI8ap_fixedILi16ELi6EL9ap_q_mode5EL9_17, i16 %p_ZZN4nnet24compute_output_buffer_2dINS_5arrayI8ap_fixedILi16ELi6EL9ap_q_mode5EL9_16, i16 %p_ZZN4nnet24compute_output_buffer_2dINS_5arrayI8ap_fixedILi16ELi6EL9ap_q_mode5EL9_15, i16 %p_ZZN4nnet24compute_output_buffer_2dINS_5arrayI8ap_fixedILi16ELi6EL9ap_q_mode5EL9_14, i16 %p_ZZN4nnet24compute_output_buffer_2dINS_5arrayI8ap_fixedILi16ELi6EL9ap_q_mode5EL9_13, i16 %p_ZZN4nnet24compute_output_buffer_2dINS_5arrayI8ap_fixedILi16ELi6EL9ap_q_mode5EL9_12, i16 %p_ZZN4nnet24compute_output_buffer_2dINS_5arrayI8ap_fixedILi16ELi6EL9ap_q_mode5EL9_11, i16 %p_ZZN4nnet24compute_output_buffer_2dINS_5arrayI8ap_fixedILi16ELi6EL9ap_q_mode5EL9_10, i16 %p_ZZN4nnet24compute_output_buffer_2dINS_5arrayI8ap_fixedILi16ELi6EL9ap_q_mode5EL9_9, i16 %p_ZZN4nnet24compute_output_buffer_2dINS_5arrayI8ap_fixedILi16ELi6EL9ap_q_mode5EL9_8, i16 %p_ZZN4nnet24compute_output_buffer_2dINS_5arrayI8ap_fixedILi16ELi6EL9ap_q_mode5EL9_7, i16 %p_ZZN4nnet24compute_output_buffer_2dINS_5arrayI8ap_fixedILi16ELi6EL9ap_q_mode5EL9_6, i16 %p_ZZN4nnet24compute_output_buffer_2dINS_5arrayI8ap_fixedILi16ELi6EL9ap_q_mode5EL9_5, i16 %p_ZZN4nnet24compute_output_buffer_2dINS_5arrayI8ap_fixedILi16ELi6EL9ap_q_mode5EL9_4, i16 %p_ZZN4nnet24compute_output_buffer_2dINS_5arrayI8ap_fixedILi16ELi6EL9ap_q_mode5EL9_3, i16 %p_ZZN4nnet24compute_output_buffer_2dINS_5arrayI8ap_fixedILi16ELi6EL9ap_q_mode5EL9_2, i16 %p_ZZN4nnet24compute_output_buffer_2dINS_5arrayI8ap_fixedILi16ELi6EL9ap_q_mode5EL9_1, i16 %p_ZZN4nnet24compute_output_buffer_2dINS_5arrayI8ap_fixedILi16ELi6EL9ap_q_mode5EL9" [firmware/nnet_utils/nnet_dense.h:54->firmware/nnet_utils/nnet_conv_stream.h:288]   --->   Operation 61 'call' 'tmp' <Predicate = (icmp_ln284 & and_ln284_1)> <Delay = 3.60> <CoreType = "Generic">   --->   Core 0 '' <Latency = 0> <II = 1> <Delay = 1.00> <Generic> <Opcode : >

State 6 <SV = 5> <Delay = 3.60>
ST_6 : Operation 62 [4/8] (3.60ns)   --->   "%tmp = call i400 @dense_latency<ap_fixed,ap_fixed<40,20,5,3,0>,config10_mult>, i16 %void_compute_output_buffer_2d_array_const_ap_shift_reg_n_chan_stream_weig_9, i16 %void_compute_output_buffer_2d_array_const_ap_shift_reg_n_chan_stream_weig_8, i16 %void_compute_output_buffer_2d_array_const_ap_shift_reg_n_chan_stream_weig_7, i16 %void_compute_output_buffer_2d_array_const_ap_shift_reg_n_chan_stream_weig_6, i16 %void_compute_output_buffer_2d_array_const_ap_shift_reg_n_chan_stream_weig_5, i16 %void_compute_output_buffer_2d_array_const_ap_shift_reg_n_chan_stream_weig_4, i16 %void_compute_output_buffer_2d_array_const_ap_shift_reg_n_chan_stream_weig_3, i16 %void_compute_output_buffer_2d_array_const_ap_shift_reg_n_chan_stream_weig_2, i16 %void_compute_output_buffer_2d_array_const_ap_shift_reg_n_chan_stream_weig_1, i16 %void_compute_output_buffer_2d_array_const_ap_shift_reg_n_chan_stream_weig, i16 %p_ZZN4nnet24compute_output_buffer_2dINS_5arrayI8ap_fixedILi16ELi6EL9ap_q_mode5EL9_61, i16 %p_ZZN4nnet24compute_output_buffer_2dINS_5arrayI8ap_fixedILi16ELi6EL9ap_q_mode5EL9_60, i16 %p_ZZN4nnet24compute_output_buffer_2dINS_5arrayI8ap_fixedILi16ELi6EL9ap_q_mode5EL9_59, i16 %p_ZZN4nnet24compute_output_buffer_2dINS_5arrayI8ap_fixedILi16ELi6EL9ap_q_mode5EL9_58, i16 %p_ZZN4nnet24compute_output_buffer_2dINS_5arrayI8ap_fixedILi16ELi6EL9ap_q_mode5EL9_57, i16 %p_ZZN4nnet24compute_output_buffer_2dINS_5arrayI8ap_fixedILi16ELi6EL9ap_q_mode5EL9_56, i16 %p_ZZN4nnet24compute_output_buffer_2dINS_5arrayI8ap_fixedILi16ELi6EL9ap_q_mode5EL9_55, i16 %p_ZZN4nnet24compute_output_buffer_2dINS_5arrayI8ap_fixedILi16ELi6EL9ap_q_mode5EL9_54, i16 %p_ZZN4nnet24compute_output_buffer_2dINS_5arrayI8ap_fixedILi16ELi6EL9ap_q_mode5EL9_53, i16 %p_ZZN4nnet24compute_output_buffer_2dINS_5arrayI8ap_fixedILi16ELi6EL9ap_q_mode5EL9_52, i16 %p_ZZN4nnet24compute_output_buffer_2dINS_5arrayI8ap_fixedILi16ELi6EL9ap_q_mode5EL9_51, i16 %p_ZZN4nnet24compute_output_buffer_2dINS_5arrayI8ap_fixedILi16ELi6EL9ap_q_mode5EL9_50, i16 %p_ZZN4nnet24compute_output_buffer_2dINS_5arrayI8ap_fixedILi16ELi6EL9ap_q_mode5EL9_49, i16 %p_ZZN4nnet24compute_output_buffer_2dINS_5arrayI8ap_fixedILi16ELi6EL9ap_q_mode5EL9_48, i16 %p_ZZN4nnet24compute_output_buffer_2dINS_5arrayI8ap_fixedILi16ELi6EL9ap_q_mode5EL9_47, i16 %p_ZZN4nnet24compute_output_buffer_2dINS_5arrayI8ap_fixedILi16ELi6EL9ap_q_mode5EL9_46, i16 %p_ZZN4nnet24compute_output_buffer_2dINS_5arrayI8ap_fixedILi16ELi6EL9ap_q_mode5EL9_45, i16 %p_ZZN4nnet24compute_output_buffer_2dINS_5arrayI8ap_fixedILi16ELi6EL9ap_q_mode5EL9_44, i16 %p_ZZN4nnet24compute_output_buffer_2dINS_5arrayI8ap_fixedILi16ELi6EL9ap_q_mode5EL9_43, i16 %p_ZZN4nnet24compute_output_buffer_2dINS_5arrayI8ap_fixedILi16ELi6EL9ap_q_mode5EL9_42, i16 %p_ZZN4nnet24compute_output_buffer_2dINS_5arrayI8ap_fixedILi16ELi6EL9ap_q_mode5EL9_41, i16 %p_ZZN4nnet24compute_output_buffer_2dINS_5arrayI8ap_fixedILi16ELi6EL9ap_q_mode5EL9_40, i16 %p_ZZN4nnet24compute_output_buffer_2dINS_5arrayI8ap_fixedILi16ELi6EL9ap_q_mode5EL9_39, i16 %p_ZZN4nnet24compute_output_buffer_2dINS_5arrayI8ap_fixedILi16ELi6EL9ap_q_mode5EL9_38, i16 %p_ZZN4nnet24compute_output_buffer_2dINS_5arrayI8ap_fixedILi16ELi6EL9ap_q_mode5EL9_37, i16 %p_ZZN4nnet24compute_output_buffer_2dINS_5arrayI8ap_fixedILi16ELi6EL9ap_q_mode5EL9_36, i16 %p_ZZN4nnet24compute_output_buffer_2dINS_5arrayI8ap_fixedILi16ELi6EL9ap_q_mode5EL9_35, i16 %p_ZZN4nnet24compute_output_buffer_2dINS_5arrayI8ap_fixedILi16ELi6EL9ap_q_mode5EL9_34, i16 %p_ZZN4nnet24compute_output_buffer_2dINS_5arrayI8ap_fixedILi16ELi6EL9ap_q_mode5EL9_33, i16 %p_ZZN4nnet24compute_output_buffer_2dINS_5arrayI8ap_fixedILi16ELi6EL9ap_q_mode5EL9_32, i16 %p_ZZN4nnet24compute_output_buffer_2dINS_5arrayI8ap_fixedILi16ELi6EL9ap_q_mode5EL9_31, i16 %p_ZZN4nnet24compute_output_buffer_2dINS_5arrayI8ap_fixedILi16ELi6EL9ap_q_mode5EL9_30, i16 %p_ZZN4nnet24compute_output_buffer_2dINS_5arrayI8ap_fixedILi16ELi6EL9ap_q_mode5EL9_29, i16 %p_ZZN4nnet24compute_output_buffer_2dINS_5arrayI8ap_fixedILi16ELi6EL9ap_q_mode5EL9_28, i16 %p_ZZN4nnet24compute_output_buffer_2dINS_5arrayI8ap_fixedILi16ELi6EL9ap_q_mode5EL9_27, i16 %p_ZZN4nnet24compute_output_buffer_2dINS_5arrayI8ap_fixedILi16ELi6EL9ap_q_mode5EL9_26, i16 %p_ZZN4nnet24compute_output_buffer_2dINS_5arrayI8ap_fixedILi16ELi6EL9ap_q_mode5EL9_25, i16 %p_ZZN4nnet24compute_output_buffer_2dINS_5arrayI8ap_fixedILi16ELi6EL9ap_q_mode5EL9_24, i16 %p_ZZN4nnet24compute_output_buffer_2dINS_5arrayI8ap_fixedILi16ELi6EL9ap_q_mode5EL9_23, i16 %p_ZZN4nnet24compute_output_buffer_2dINS_5arrayI8ap_fixedILi16ELi6EL9ap_q_mode5EL9_22, i16 %p_ZZN4nnet24compute_output_buffer_2dINS_5arrayI8ap_fixedILi16ELi6EL9ap_q_mode5EL9_21, i16 %p_ZZN4nnet24compute_output_buffer_2dINS_5arrayI8ap_fixedILi16ELi6EL9ap_q_mode5EL9_20, i16 %p_ZZN4nnet24compute_output_buffer_2dINS_5arrayI8ap_fixedILi16ELi6EL9ap_q_mode5EL9_19, i16 %p_ZZN4nnet24compute_output_buffer_2dINS_5arrayI8ap_fixedILi16ELi6EL9ap_q_mode5EL9_18, i16 %p_ZZN4nnet24compute_output_buffer_2dINS_5arrayI8ap_fixedILi16ELi6EL9ap_q_mode5EL9_17, i16 %p_ZZN4nnet24compute_output_buffer_2dINS_5arrayI8ap_fixedILi16ELi6EL9ap_q_mode5EL9_16, i16 %p_ZZN4nnet24compute_output_buffer_2dINS_5arrayI8ap_fixedILi16ELi6EL9ap_q_mode5EL9_15, i16 %p_ZZN4nnet24compute_output_buffer_2dINS_5arrayI8ap_fixedILi16ELi6EL9ap_q_mode5EL9_14, i16 %p_ZZN4nnet24compute_output_buffer_2dINS_5arrayI8ap_fixedILi16ELi6EL9ap_q_mode5EL9_13, i16 %p_ZZN4nnet24compute_output_buffer_2dINS_5arrayI8ap_fixedILi16ELi6EL9ap_q_mode5EL9_12, i16 %p_ZZN4nnet24compute_output_buffer_2dINS_5arrayI8ap_fixedILi16ELi6EL9ap_q_mode5EL9_11, i16 %p_ZZN4nnet24compute_output_buffer_2dINS_5arrayI8ap_fixedILi16ELi6EL9ap_q_mode5EL9_10, i16 %p_ZZN4nnet24compute_output_buffer_2dINS_5arrayI8ap_fixedILi16ELi6EL9ap_q_mode5EL9_9, i16 %p_ZZN4nnet24compute_output_buffer_2dINS_5arrayI8ap_fixedILi16ELi6EL9ap_q_mode5EL9_8, i16 %p_ZZN4nnet24compute_output_buffer_2dINS_5arrayI8ap_fixedILi16ELi6EL9ap_q_mode5EL9_7, i16 %p_ZZN4nnet24compute_output_buffer_2dINS_5arrayI8ap_fixedILi16ELi6EL9ap_q_mode5EL9_6, i16 %p_ZZN4nnet24compute_output_buffer_2dINS_5arrayI8ap_fixedILi16ELi6EL9ap_q_mode5EL9_5, i16 %p_ZZN4nnet24compute_output_buffer_2dINS_5arrayI8ap_fixedILi16ELi6EL9ap_q_mode5EL9_4, i16 %p_ZZN4nnet24compute_output_buffer_2dINS_5arrayI8ap_fixedILi16ELi6EL9ap_q_mode5EL9_3, i16 %p_ZZN4nnet24compute_output_buffer_2dINS_5arrayI8ap_fixedILi16ELi6EL9ap_q_mode5EL9_2, i16 %p_ZZN4nnet24compute_output_buffer_2dINS_5arrayI8ap_fixedILi16ELi6EL9ap_q_mode5EL9_1, i16 %p_ZZN4nnet24compute_output_buffer_2dINS_5arrayI8ap_fixedILi16ELi6EL9ap_q_mode5EL9" [firmware/nnet_utils/nnet_dense.h:54->firmware/nnet_utils/nnet_conv_stream.h:288]   --->   Operation 62 'call' 'tmp' <Predicate = (icmp_ln284 & and_ln284_1)> <Delay = 3.60> <CoreType = "Generic">   --->   Core 0 '' <Latency = 0> <II = 1> <Delay = 1.00> <Generic> <Opcode : >

State 7 <SV = 6> <Delay = 3.60>
ST_7 : Operation 63 [3/8] (3.60ns)   --->   "%tmp = call i400 @dense_latency<ap_fixed,ap_fixed<40,20,5,3,0>,config10_mult>, i16 %void_compute_output_buffer_2d_array_const_ap_shift_reg_n_chan_stream_weig_9, i16 %void_compute_output_buffer_2d_array_const_ap_shift_reg_n_chan_stream_weig_8, i16 %void_compute_output_buffer_2d_array_const_ap_shift_reg_n_chan_stream_weig_7, i16 %void_compute_output_buffer_2d_array_const_ap_shift_reg_n_chan_stream_weig_6, i16 %void_compute_output_buffer_2d_array_const_ap_shift_reg_n_chan_stream_weig_5, i16 %void_compute_output_buffer_2d_array_const_ap_shift_reg_n_chan_stream_weig_4, i16 %void_compute_output_buffer_2d_array_const_ap_shift_reg_n_chan_stream_weig_3, i16 %void_compute_output_buffer_2d_array_const_ap_shift_reg_n_chan_stream_weig_2, i16 %void_compute_output_buffer_2d_array_const_ap_shift_reg_n_chan_stream_weig_1, i16 %void_compute_output_buffer_2d_array_const_ap_shift_reg_n_chan_stream_weig, i16 %p_ZZN4nnet24compute_output_buffer_2dINS_5arrayI8ap_fixedILi16ELi6EL9ap_q_mode5EL9_61, i16 %p_ZZN4nnet24compute_output_buffer_2dINS_5arrayI8ap_fixedILi16ELi6EL9ap_q_mode5EL9_60, i16 %p_ZZN4nnet24compute_output_buffer_2dINS_5arrayI8ap_fixedILi16ELi6EL9ap_q_mode5EL9_59, i16 %p_ZZN4nnet24compute_output_buffer_2dINS_5arrayI8ap_fixedILi16ELi6EL9ap_q_mode5EL9_58, i16 %p_ZZN4nnet24compute_output_buffer_2dINS_5arrayI8ap_fixedILi16ELi6EL9ap_q_mode5EL9_57, i16 %p_ZZN4nnet24compute_output_buffer_2dINS_5arrayI8ap_fixedILi16ELi6EL9ap_q_mode5EL9_56, i16 %p_ZZN4nnet24compute_output_buffer_2dINS_5arrayI8ap_fixedILi16ELi6EL9ap_q_mode5EL9_55, i16 %p_ZZN4nnet24compute_output_buffer_2dINS_5arrayI8ap_fixedILi16ELi6EL9ap_q_mode5EL9_54, i16 %p_ZZN4nnet24compute_output_buffer_2dINS_5arrayI8ap_fixedILi16ELi6EL9ap_q_mode5EL9_53, i16 %p_ZZN4nnet24compute_output_buffer_2dINS_5arrayI8ap_fixedILi16ELi6EL9ap_q_mode5EL9_52, i16 %p_ZZN4nnet24compute_output_buffer_2dINS_5arrayI8ap_fixedILi16ELi6EL9ap_q_mode5EL9_51, i16 %p_ZZN4nnet24compute_output_buffer_2dINS_5arrayI8ap_fixedILi16ELi6EL9ap_q_mode5EL9_50, i16 %p_ZZN4nnet24compute_output_buffer_2dINS_5arrayI8ap_fixedILi16ELi6EL9ap_q_mode5EL9_49, i16 %p_ZZN4nnet24compute_output_buffer_2dINS_5arrayI8ap_fixedILi16ELi6EL9ap_q_mode5EL9_48, i16 %p_ZZN4nnet24compute_output_buffer_2dINS_5arrayI8ap_fixedILi16ELi6EL9ap_q_mode5EL9_47, i16 %p_ZZN4nnet24compute_output_buffer_2dINS_5arrayI8ap_fixedILi16ELi6EL9ap_q_mode5EL9_46, i16 %p_ZZN4nnet24compute_output_buffer_2dINS_5arrayI8ap_fixedILi16ELi6EL9ap_q_mode5EL9_45, i16 %p_ZZN4nnet24compute_output_buffer_2dINS_5arrayI8ap_fixedILi16ELi6EL9ap_q_mode5EL9_44, i16 %p_ZZN4nnet24compute_output_buffer_2dINS_5arrayI8ap_fixedILi16ELi6EL9ap_q_mode5EL9_43, i16 %p_ZZN4nnet24compute_output_buffer_2dINS_5arrayI8ap_fixedILi16ELi6EL9ap_q_mode5EL9_42, i16 %p_ZZN4nnet24compute_output_buffer_2dINS_5arrayI8ap_fixedILi16ELi6EL9ap_q_mode5EL9_41, i16 %p_ZZN4nnet24compute_output_buffer_2dINS_5arrayI8ap_fixedILi16ELi6EL9ap_q_mode5EL9_40, i16 %p_ZZN4nnet24compute_output_buffer_2dINS_5arrayI8ap_fixedILi16ELi6EL9ap_q_mode5EL9_39, i16 %p_ZZN4nnet24compute_output_buffer_2dINS_5arrayI8ap_fixedILi16ELi6EL9ap_q_mode5EL9_38, i16 %p_ZZN4nnet24compute_output_buffer_2dINS_5arrayI8ap_fixedILi16ELi6EL9ap_q_mode5EL9_37, i16 %p_ZZN4nnet24compute_output_buffer_2dINS_5arrayI8ap_fixedILi16ELi6EL9ap_q_mode5EL9_36, i16 %p_ZZN4nnet24compute_output_buffer_2dINS_5arrayI8ap_fixedILi16ELi6EL9ap_q_mode5EL9_35, i16 %p_ZZN4nnet24compute_output_buffer_2dINS_5arrayI8ap_fixedILi16ELi6EL9ap_q_mode5EL9_34, i16 %p_ZZN4nnet24compute_output_buffer_2dINS_5arrayI8ap_fixedILi16ELi6EL9ap_q_mode5EL9_33, i16 %p_ZZN4nnet24compute_output_buffer_2dINS_5arrayI8ap_fixedILi16ELi6EL9ap_q_mode5EL9_32, i16 %p_ZZN4nnet24compute_output_buffer_2dINS_5arrayI8ap_fixedILi16ELi6EL9ap_q_mode5EL9_31, i16 %p_ZZN4nnet24compute_output_buffer_2dINS_5arrayI8ap_fixedILi16ELi6EL9ap_q_mode5EL9_30, i16 %p_ZZN4nnet24compute_output_buffer_2dINS_5arrayI8ap_fixedILi16ELi6EL9ap_q_mode5EL9_29, i16 %p_ZZN4nnet24compute_output_buffer_2dINS_5arrayI8ap_fixedILi16ELi6EL9ap_q_mode5EL9_28, i16 %p_ZZN4nnet24compute_output_buffer_2dINS_5arrayI8ap_fixedILi16ELi6EL9ap_q_mode5EL9_27, i16 %p_ZZN4nnet24compute_output_buffer_2dINS_5arrayI8ap_fixedILi16ELi6EL9ap_q_mode5EL9_26, i16 %p_ZZN4nnet24compute_output_buffer_2dINS_5arrayI8ap_fixedILi16ELi6EL9ap_q_mode5EL9_25, i16 %p_ZZN4nnet24compute_output_buffer_2dINS_5arrayI8ap_fixedILi16ELi6EL9ap_q_mode5EL9_24, i16 %p_ZZN4nnet24compute_output_buffer_2dINS_5arrayI8ap_fixedILi16ELi6EL9ap_q_mode5EL9_23, i16 %p_ZZN4nnet24compute_output_buffer_2dINS_5arrayI8ap_fixedILi16ELi6EL9ap_q_mode5EL9_22, i16 %p_ZZN4nnet24compute_output_buffer_2dINS_5arrayI8ap_fixedILi16ELi6EL9ap_q_mode5EL9_21, i16 %p_ZZN4nnet24compute_output_buffer_2dINS_5arrayI8ap_fixedILi16ELi6EL9ap_q_mode5EL9_20, i16 %p_ZZN4nnet24compute_output_buffer_2dINS_5arrayI8ap_fixedILi16ELi6EL9ap_q_mode5EL9_19, i16 %p_ZZN4nnet24compute_output_buffer_2dINS_5arrayI8ap_fixedILi16ELi6EL9ap_q_mode5EL9_18, i16 %p_ZZN4nnet24compute_output_buffer_2dINS_5arrayI8ap_fixedILi16ELi6EL9ap_q_mode5EL9_17, i16 %p_ZZN4nnet24compute_output_buffer_2dINS_5arrayI8ap_fixedILi16ELi6EL9ap_q_mode5EL9_16, i16 %p_ZZN4nnet24compute_output_buffer_2dINS_5arrayI8ap_fixedILi16ELi6EL9ap_q_mode5EL9_15, i16 %p_ZZN4nnet24compute_output_buffer_2dINS_5arrayI8ap_fixedILi16ELi6EL9ap_q_mode5EL9_14, i16 %p_ZZN4nnet24compute_output_buffer_2dINS_5arrayI8ap_fixedILi16ELi6EL9ap_q_mode5EL9_13, i16 %p_ZZN4nnet24compute_output_buffer_2dINS_5arrayI8ap_fixedILi16ELi6EL9ap_q_mode5EL9_12, i16 %p_ZZN4nnet24compute_output_buffer_2dINS_5arrayI8ap_fixedILi16ELi6EL9ap_q_mode5EL9_11, i16 %p_ZZN4nnet24compute_output_buffer_2dINS_5arrayI8ap_fixedILi16ELi6EL9ap_q_mode5EL9_10, i16 %p_ZZN4nnet24compute_output_buffer_2dINS_5arrayI8ap_fixedILi16ELi6EL9ap_q_mode5EL9_9, i16 %p_ZZN4nnet24compute_output_buffer_2dINS_5arrayI8ap_fixedILi16ELi6EL9ap_q_mode5EL9_8, i16 %p_ZZN4nnet24compute_output_buffer_2dINS_5arrayI8ap_fixedILi16ELi6EL9ap_q_mode5EL9_7, i16 %p_ZZN4nnet24compute_output_buffer_2dINS_5arrayI8ap_fixedILi16ELi6EL9ap_q_mode5EL9_6, i16 %p_ZZN4nnet24compute_output_buffer_2dINS_5arrayI8ap_fixedILi16ELi6EL9ap_q_mode5EL9_5, i16 %p_ZZN4nnet24compute_output_buffer_2dINS_5arrayI8ap_fixedILi16ELi6EL9ap_q_mode5EL9_4, i16 %p_ZZN4nnet24compute_output_buffer_2dINS_5arrayI8ap_fixedILi16ELi6EL9ap_q_mode5EL9_3, i16 %p_ZZN4nnet24compute_output_buffer_2dINS_5arrayI8ap_fixedILi16ELi6EL9ap_q_mode5EL9_2, i16 %p_ZZN4nnet24compute_output_buffer_2dINS_5arrayI8ap_fixedILi16ELi6EL9ap_q_mode5EL9_1, i16 %p_ZZN4nnet24compute_output_buffer_2dINS_5arrayI8ap_fixedILi16ELi6EL9ap_q_mode5EL9" [firmware/nnet_utils/nnet_dense.h:54->firmware/nnet_utils/nnet_conv_stream.h:288]   --->   Operation 63 'call' 'tmp' <Predicate = (icmp_ln284 & and_ln284_1)> <Delay = 3.60> <CoreType = "Generic">   --->   Core 0 '' <Latency = 0> <II = 1> <Delay = 1.00> <Generic> <Opcode : >

State 8 <SV = 7> <Delay = 3.60>
ST_8 : Operation 64 [2/8] (3.60ns)   --->   "%tmp = call i400 @dense_latency<ap_fixed,ap_fixed<40,20,5,3,0>,config10_mult>, i16 %void_compute_output_buffer_2d_array_const_ap_shift_reg_n_chan_stream_weig_9, i16 %void_compute_output_buffer_2d_array_const_ap_shift_reg_n_chan_stream_weig_8, i16 %void_compute_output_buffer_2d_array_const_ap_shift_reg_n_chan_stream_weig_7, i16 %void_compute_output_buffer_2d_array_const_ap_shift_reg_n_chan_stream_weig_6, i16 %void_compute_output_buffer_2d_array_const_ap_shift_reg_n_chan_stream_weig_5, i16 %void_compute_output_buffer_2d_array_const_ap_shift_reg_n_chan_stream_weig_4, i16 %void_compute_output_buffer_2d_array_const_ap_shift_reg_n_chan_stream_weig_3, i16 %void_compute_output_buffer_2d_array_const_ap_shift_reg_n_chan_stream_weig_2, i16 %void_compute_output_buffer_2d_array_const_ap_shift_reg_n_chan_stream_weig_1, i16 %void_compute_output_buffer_2d_array_const_ap_shift_reg_n_chan_stream_weig, i16 %p_ZZN4nnet24compute_output_buffer_2dINS_5arrayI8ap_fixedILi16ELi6EL9ap_q_mode5EL9_61, i16 %p_ZZN4nnet24compute_output_buffer_2dINS_5arrayI8ap_fixedILi16ELi6EL9ap_q_mode5EL9_60, i16 %p_ZZN4nnet24compute_output_buffer_2dINS_5arrayI8ap_fixedILi16ELi6EL9ap_q_mode5EL9_59, i16 %p_ZZN4nnet24compute_output_buffer_2dINS_5arrayI8ap_fixedILi16ELi6EL9ap_q_mode5EL9_58, i16 %p_ZZN4nnet24compute_output_buffer_2dINS_5arrayI8ap_fixedILi16ELi6EL9ap_q_mode5EL9_57, i16 %p_ZZN4nnet24compute_output_buffer_2dINS_5arrayI8ap_fixedILi16ELi6EL9ap_q_mode5EL9_56, i16 %p_ZZN4nnet24compute_output_buffer_2dINS_5arrayI8ap_fixedILi16ELi6EL9ap_q_mode5EL9_55, i16 %p_ZZN4nnet24compute_output_buffer_2dINS_5arrayI8ap_fixedILi16ELi6EL9ap_q_mode5EL9_54, i16 %p_ZZN4nnet24compute_output_buffer_2dINS_5arrayI8ap_fixedILi16ELi6EL9ap_q_mode5EL9_53, i16 %p_ZZN4nnet24compute_output_buffer_2dINS_5arrayI8ap_fixedILi16ELi6EL9ap_q_mode5EL9_52, i16 %p_ZZN4nnet24compute_output_buffer_2dINS_5arrayI8ap_fixedILi16ELi6EL9ap_q_mode5EL9_51, i16 %p_ZZN4nnet24compute_output_buffer_2dINS_5arrayI8ap_fixedILi16ELi6EL9ap_q_mode5EL9_50, i16 %p_ZZN4nnet24compute_output_buffer_2dINS_5arrayI8ap_fixedILi16ELi6EL9ap_q_mode5EL9_49, i16 %p_ZZN4nnet24compute_output_buffer_2dINS_5arrayI8ap_fixedILi16ELi6EL9ap_q_mode5EL9_48, i16 %p_ZZN4nnet24compute_output_buffer_2dINS_5arrayI8ap_fixedILi16ELi6EL9ap_q_mode5EL9_47, i16 %p_ZZN4nnet24compute_output_buffer_2dINS_5arrayI8ap_fixedILi16ELi6EL9ap_q_mode5EL9_46, i16 %p_ZZN4nnet24compute_output_buffer_2dINS_5arrayI8ap_fixedILi16ELi6EL9ap_q_mode5EL9_45, i16 %p_ZZN4nnet24compute_output_buffer_2dINS_5arrayI8ap_fixedILi16ELi6EL9ap_q_mode5EL9_44, i16 %p_ZZN4nnet24compute_output_buffer_2dINS_5arrayI8ap_fixedILi16ELi6EL9ap_q_mode5EL9_43, i16 %p_ZZN4nnet24compute_output_buffer_2dINS_5arrayI8ap_fixedILi16ELi6EL9ap_q_mode5EL9_42, i16 %p_ZZN4nnet24compute_output_buffer_2dINS_5arrayI8ap_fixedILi16ELi6EL9ap_q_mode5EL9_41, i16 %p_ZZN4nnet24compute_output_buffer_2dINS_5arrayI8ap_fixedILi16ELi6EL9ap_q_mode5EL9_40, i16 %p_ZZN4nnet24compute_output_buffer_2dINS_5arrayI8ap_fixedILi16ELi6EL9ap_q_mode5EL9_39, i16 %p_ZZN4nnet24compute_output_buffer_2dINS_5arrayI8ap_fixedILi16ELi6EL9ap_q_mode5EL9_38, i16 %p_ZZN4nnet24compute_output_buffer_2dINS_5arrayI8ap_fixedILi16ELi6EL9ap_q_mode5EL9_37, i16 %p_ZZN4nnet24compute_output_buffer_2dINS_5arrayI8ap_fixedILi16ELi6EL9ap_q_mode5EL9_36, i16 %p_ZZN4nnet24compute_output_buffer_2dINS_5arrayI8ap_fixedILi16ELi6EL9ap_q_mode5EL9_35, i16 %p_ZZN4nnet24compute_output_buffer_2dINS_5arrayI8ap_fixedILi16ELi6EL9ap_q_mode5EL9_34, i16 %p_ZZN4nnet24compute_output_buffer_2dINS_5arrayI8ap_fixedILi16ELi6EL9ap_q_mode5EL9_33, i16 %p_ZZN4nnet24compute_output_buffer_2dINS_5arrayI8ap_fixedILi16ELi6EL9ap_q_mode5EL9_32, i16 %p_ZZN4nnet24compute_output_buffer_2dINS_5arrayI8ap_fixedILi16ELi6EL9ap_q_mode5EL9_31, i16 %p_ZZN4nnet24compute_output_buffer_2dINS_5arrayI8ap_fixedILi16ELi6EL9ap_q_mode5EL9_30, i16 %p_ZZN4nnet24compute_output_buffer_2dINS_5arrayI8ap_fixedILi16ELi6EL9ap_q_mode5EL9_29, i16 %p_ZZN4nnet24compute_output_buffer_2dINS_5arrayI8ap_fixedILi16ELi6EL9ap_q_mode5EL9_28, i16 %p_ZZN4nnet24compute_output_buffer_2dINS_5arrayI8ap_fixedILi16ELi6EL9ap_q_mode5EL9_27, i16 %p_ZZN4nnet24compute_output_buffer_2dINS_5arrayI8ap_fixedILi16ELi6EL9ap_q_mode5EL9_26, i16 %p_ZZN4nnet24compute_output_buffer_2dINS_5arrayI8ap_fixedILi16ELi6EL9ap_q_mode5EL9_25, i16 %p_ZZN4nnet24compute_output_buffer_2dINS_5arrayI8ap_fixedILi16ELi6EL9ap_q_mode5EL9_24, i16 %p_ZZN4nnet24compute_output_buffer_2dINS_5arrayI8ap_fixedILi16ELi6EL9ap_q_mode5EL9_23, i16 %p_ZZN4nnet24compute_output_buffer_2dINS_5arrayI8ap_fixedILi16ELi6EL9ap_q_mode5EL9_22, i16 %p_ZZN4nnet24compute_output_buffer_2dINS_5arrayI8ap_fixedILi16ELi6EL9ap_q_mode5EL9_21, i16 %p_ZZN4nnet24compute_output_buffer_2dINS_5arrayI8ap_fixedILi16ELi6EL9ap_q_mode5EL9_20, i16 %p_ZZN4nnet24compute_output_buffer_2dINS_5arrayI8ap_fixedILi16ELi6EL9ap_q_mode5EL9_19, i16 %p_ZZN4nnet24compute_output_buffer_2dINS_5arrayI8ap_fixedILi16ELi6EL9ap_q_mode5EL9_18, i16 %p_ZZN4nnet24compute_output_buffer_2dINS_5arrayI8ap_fixedILi16ELi6EL9ap_q_mode5EL9_17, i16 %p_ZZN4nnet24compute_output_buffer_2dINS_5arrayI8ap_fixedILi16ELi6EL9ap_q_mode5EL9_16, i16 %p_ZZN4nnet24compute_output_buffer_2dINS_5arrayI8ap_fixedILi16ELi6EL9ap_q_mode5EL9_15, i16 %p_ZZN4nnet24compute_output_buffer_2dINS_5arrayI8ap_fixedILi16ELi6EL9ap_q_mode5EL9_14, i16 %p_ZZN4nnet24compute_output_buffer_2dINS_5arrayI8ap_fixedILi16ELi6EL9ap_q_mode5EL9_13, i16 %p_ZZN4nnet24compute_output_buffer_2dINS_5arrayI8ap_fixedILi16ELi6EL9ap_q_mode5EL9_12, i16 %p_ZZN4nnet24compute_output_buffer_2dINS_5arrayI8ap_fixedILi16ELi6EL9ap_q_mode5EL9_11, i16 %p_ZZN4nnet24compute_output_buffer_2dINS_5arrayI8ap_fixedILi16ELi6EL9ap_q_mode5EL9_10, i16 %p_ZZN4nnet24compute_output_buffer_2dINS_5arrayI8ap_fixedILi16ELi6EL9ap_q_mode5EL9_9, i16 %p_ZZN4nnet24compute_output_buffer_2dINS_5arrayI8ap_fixedILi16ELi6EL9ap_q_mode5EL9_8, i16 %p_ZZN4nnet24compute_output_buffer_2dINS_5arrayI8ap_fixedILi16ELi6EL9ap_q_mode5EL9_7, i16 %p_ZZN4nnet24compute_output_buffer_2dINS_5arrayI8ap_fixedILi16ELi6EL9ap_q_mode5EL9_6, i16 %p_ZZN4nnet24compute_output_buffer_2dINS_5arrayI8ap_fixedILi16ELi6EL9ap_q_mode5EL9_5, i16 %p_ZZN4nnet24compute_output_buffer_2dINS_5arrayI8ap_fixedILi16ELi6EL9ap_q_mode5EL9_4, i16 %p_ZZN4nnet24compute_output_buffer_2dINS_5arrayI8ap_fixedILi16ELi6EL9ap_q_mode5EL9_3, i16 %p_ZZN4nnet24compute_output_buffer_2dINS_5arrayI8ap_fixedILi16ELi6EL9ap_q_mode5EL9_2, i16 %p_ZZN4nnet24compute_output_buffer_2dINS_5arrayI8ap_fixedILi16ELi6EL9ap_q_mode5EL9_1, i16 %p_ZZN4nnet24compute_output_buffer_2dINS_5arrayI8ap_fixedILi16ELi6EL9ap_q_mode5EL9" [firmware/nnet_utils/nnet_dense.h:54->firmware/nnet_utils/nnet_conv_stream.h:288]   --->   Operation 64 'call' 'tmp' <Predicate = (icmp_ln284 & and_ln284_1)> <Delay = 3.60> <CoreType = "Generic">   --->   Core 0 '' <Latency = 0> <II = 1> <Delay = 1.00> <Generic> <Opcode : >

State 9 <SV = 8> <Delay = 3.60>
ST_9 : Operation 65 [1/8] (3.60ns)   --->   "%tmp = call i400 @dense_latency<ap_fixed,ap_fixed<40,20,5,3,0>,config10_mult>, i16 %void_compute_output_buffer_2d_array_const_ap_shift_reg_n_chan_stream_weig_9, i16 %void_compute_output_buffer_2d_array_const_ap_shift_reg_n_chan_stream_weig_8, i16 %void_compute_output_buffer_2d_array_const_ap_shift_reg_n_chan_stream_weig_7, i16 %void_compute_output_buffer_2d_array_const_ap_shift_reg_n_chan_stream_weig_6, i16 %void_compute_output_buffer_2d_array_const_ap_shift_reg_n_chan_stream_weig_5, i16 %void_compute_output_buffer_2d_array_const_ap_shift_reg_n_chan_stream_weig_4, i16 %void_compute_output_buffer_2d_array_const_ap_shift_reg_n_chan_stream_weig_3, i16 %void_compute_output_buffer_2d_array_const_ap_shift_reg_n_chan_stream_weig_2, i16 %void_compute_output_buffer_2d_array_const_ap_shift_reg_n_chan_stream_weig_1, i16 %void_compute_output_buffer_2d_array_const_ap_shift_reg_n_chan_stream_weig, i16 %p_ZZN4nnet24compute_output_buffer_2dINS_5arrayI8ap_fixedILi16ELi6EL9ap_q_mode5EL9_61, i16 %p_ZZN4nnet24compute_output_buffer_2dINS_5arrayI8ap_fixedILi16ELi6EL9ap_q_mode5EL9_60, i16 %p_ZZN4nnet24compute_output_buffer_2dINS_5arrayI8ap_fixedILi16ELi6EL9ap_q_mode5EL9_59, i16 %p_ZZN4nnet24compute_output_buffer_2dINS_5arrayI8ap_fixedILi16ELi6EL9ap_q_mode5EL9_58, i16 %p_ZZN4nnet24compute_output_buffer_2dINS_5arrayI8ap_fixedILi16ELi6EL9ap_q_mode5EL9_57, i16 %p_ZZN4nnet24compute_output_buffer_2dINS_5arrayI8ap_fixedILi16ELi6EL9ap_q_mode5EL9_56, i16 %p_ZZN4nnet24compute_output_buffer_2dINS_5arrayI8ap_fixedILi16ELi6EL9ap_q_mode5EL9_55, i16 %p_ZZN4nnet24compute_output_buffer_2dINS_5arrayI8ap_fixedILi16ELi6EL9ap_q_mode5EL9_54, i16 %p_ZZN4nnet24compute_output_buffer_2dINS_5arrayI8ap_fixedILi16ELi6EL9ap_q_mode5EL9_53, i16 %p_ZZN4nnet24compute_output_buffer_2dINS_5arrayI8ap_fixedILi16ELi6EL9ap_q_mode5EL9_52, i16 %p_ZZN4nnet24compute_output_buffer_2dINS_5arrayI8ap_fixedILi16ELi6EL9ap_q_mode5EL9_51, i16 %p_ZZN4nnet24compute_output_buffer_2dINS_5arrayI8ap_fixedILi16ELi6EL9ap_q_mode5EL9_50, i16 %p_ZZN4nnet24compute_output_buffer_2dINS_5arrayI8ap_fixedILi16ELi6EL9ap_q_mode5EL9_49, i16 %p_ZZN4nnet24compute_output_buffer_2dINS_5arrayI8ap_fixedILi16ELi6EL9ap_q_mode5EL9_48, i16 %p_ZZN4nnet24compute_output_buffer_2dINS_5arrayI8ap_fixedILi16ELi6EL9ap_q_mode5EL9_47, i16 %p_ZZN4nnet24compute_output_buffer_2dINS_5arrayI8ap_fixedILi16ELi6EL9ap_q_mode5EL9_46, i16 %p_ZZN4nnet24compute_output_buffer_2dINS_5arrayI8ap_fixedILi16ELi6EL9ap_q_mode5EL9_45, i16 %p_ZZN4nnet24compute_output_buffer_2dINS_5arrayI8ap_fixedILi16ELi6EL9ap_q_mode5EL9_44, i16 %p_ZZN4nnet24compute_output_buffer_2dINS_5arrayI8ap_fixedILi16ELi6EL9ap_q_mode5EL9_43, i16 %p_ZZN4nnet24compute_output_buffer_2dINS_5arrayI8ap_fixedILi16ELi6EL9ap_q_mode5EL9_42, i16 %p_ZZN4nnet24compute_output_buffer_2dINS_5arrayI8ap_fixedILi16ELi6EL9ap_q_mode5EL9_41, i16 %p_ZZN4nnet24compute_output_buffer_2dINS_5arrayI8ap_fixedILi16ELi6EL9ap_q_mode5EL9_40, i16 %p_ZZN4nnet24compute_output_buffer_2dINS_5arrayI8ap_fixedILi16ELi6EL9ap_q_mode5EL9_39, i16 %p_ZZN4nnet24compute_output_buffer_2dINS_5arrayI8ap_fixedILi16ELi6EL9ap_q_mode5EL9_38, i16 %p_ZZN4nnet24compute_output_buffer_2dINS_5arrayI8ap_fixedILi16ELi6EL9ap_q_mode5EL9_37, i16 %p_ZZN4nnet24compute_output_buffer_2dINS_5arrayI8ap_fixedILi16ELi6EL9ap_q_mode5EL9_36, i16 %p_ZZN4nnet24compute_output_buffer_2dINS_5arrayI8ap_fixedILi16ELi6EL9ap_q_mode5EL9_35, i16 %p_ZZN4nnet24compute_output_buffer_2dINS_5arrayI8ap_fixedILi16ELi6EL9ap_q_mode5EL9_34, i16 %p_ZZN4nnet24compute_output_buffer_2dINS_5arrayI8ap_fixedILi16ELi6EL9ap_q_mode5EL9_33, i16 %p_ZZN4nnet24compute_output_buffer_2dINS_5arrayI8ap_fixedILi16ELi6EL9ap_q_mode5EL9_32, i16 %p_ZZN4nnet24compute_output_buffer_2dINS_5arrayI8ap_fixedILi16ELi6EL9ap_q_mode5EL9_31, i16 %p_ZZN4nnet24compute_output_buffer_2dINS_5arrayI8ap_fixedILi16ELi6EL9ap_q_mode5EL9_30, i16 %p_ZZN4nnet24compute_output_buffer_2dINS_5arrayI8ap_fixedILi16ELi6EL9ap_q_mode5EL9_29, i16 %p_ZZN4nnet24compute_output_buffer_2dINS_5arrayI8ap_fixedILi16ELi6EL9ap_q_mode5EL9_28, i16 %p_ZZN4nnet24compute_output_buffer_2dINS_5arrayI8ap_fixedILi16ELi6EL9ap_q_mode5EL9_27, i16 %p_ZZN4nnet24compute_output_buffer_2dINS_5arrayI8ap_fixedILi16ELi6EL9ap_q_mode5EL9_26, i16 %p_ZZN4nnet24compute_output_buffer_2dINS_5arrayI8ap_fixedILi16ELi6EL9ap_q_mode5EL9_25, i16 %p_ZZN4nnet24compute_output_buffer_2dINS_5arrayI8ap_fixedILi16ELi6EL9ap_q_mode5EL9_24, i16 %p_ZZN4nnet24compute_output_buffer_2dINS_5arrayI8ap_fixedILi16ELi6EL9ap_q_mode5EL9_23, i16 %p_ZZN4nnet24compute_output_buffer_2dINS_5arrayI8ap_fixedILi16ELi6EL9ap_q_mode5EL9_22, i16 %p_ZZN4nnet24compute_output_buffer_2dINS_5arrayI8ap_fixedILi16ELi6EL9ap_q_mode5EL9_21, i16 %p_ZZN4nnet24compute_output_buffer_2dINS_5arrayI8ap_fixedILi16ELi6EL9ap_q_mode5EL9_20, i16 %p_ZZN4nnet24compute_output_buffer_2dINS_5arrayI8ap_fixedILi16ELi6EL9ap_q_mode5EL9_19, i16 %p_ZZN4nnet24compute_output_buffer_2dINS_5arrayI8ap_fixedILi16ELi6EL9ap_q_mode5EL9_18, i16 %p_ZZN4nnet24compute_output_buffer_2dINS_5arrayI8ap_fixedILi16ELi6EL9ap_q_mode5EL9_17, i16 %p_ZZN4nnet24compute_output_buffer_2dINS_5arrayI8ap_fixedILi16ELi6EL9ap_q_mode5EL9_16, i16 %p_ZZN4nnet24compute_output_buffer_2dINS_5arrayI8ap_fixedILi16ELi6EL9ap_q_mode5EL9_15, i16 %p_ZZN4nnet24compute_output_buffer_2dINS_5arrayI8ap_fixedILi16ELi6EL9ap_q_mode5EL9_14, i16 %p_ZZN4nnet24compute_output_buffer_2dINS_5arrayI8ap_fixedILi16ELi6EL9ap_q_mode5EL9_13, i16 %p_ZZN4nnet24compute_output_buffer_2dINS_5arrayI8ap_fixedILi16ELi6EL9ap_q_mode5EL9_12, i16 %p_ZZN4nnet24compute_output_buffer_2dINS_5arrayI8ap_fixedILi16ELi6EL9ap_q_mode5EL9_11, i16 %p_ZZN4nnet24compute_output_buffer_2dINS_5arrayI8ap_fixedILi16ELi6EL9ap_q_mode5EL9_10, i16 %p_ZZN4nnet24compute_output_buffer_2dINS_5arrayI8ap_fixedILi16ELi6EL9ap_q_mode5EL9_9, i16 %p_ZZN4nnet24compute_output_buffer_2dINS_5arrayI8ap_fixedILi16ELi6EL9ap_q_mode5EL9_8, i16 %p_ZZN4nnet24compute_output_buffer_2dINS_5arrayI8ap_fixedILi16ELi6EL9ap_q_mode5EL9_7, i16 %p_ZZN4nnet24compute_output_buffer_2dINS_5arrayI8ap_fixedILi16ELi6EL9ap_q_mode5EL9_6, i16 %p_ZZN4nnet24compute_output_buffer_2dINS_5arrayI8ap_fixedILi16ELi6EL9ap_q_mode5EL9_5, i16 %p_ZZN4nnet24compute_output_buffer_2dINS_5arrayI8ap_fixedILi16ELi6EL9ap_q_mode5EL9_4, i16 %p_ZZN4nnet24compute_output_buffer_2dINS_5arrayI8ap_fixedILi16ELi6EL9ap_q_mode5EL9_3, i16 %p_ZZN4nnet24compute_output_buffer_2dINS_5arrayI8ap_fixedILi16ELi6EL9ap_q_mode5EL9_2, i16 %p_ZZN4nnet24compute_output_buffer_2dINS_5arrayI8ap_fixedILi16ELi6EL9ap_q_mode5EL9_1, i16 %p_ZZN4nnet24compute_output_buffer_2dINS_5arrayI8ap_fixedILi16ELi6EL9ap_q_mode5EL9" [firmware/nnet_utils/nnet_dense.h:54->firmware/nnet_utils/nnet_conv_stream.h:288]   --->   Operation 65 'call' 'tmp' <Predicate = (icmp_ln284 & and_ln284_1)> <Delay = 3.60> <CoreType = "Generic">   --->   Core 0 '' <Latency = 0> <II = 1> <Delay = 1.00> <Generic> <Opcode : >
ST_9 : Operation 66 [1/1] (0.00ns)   --->   "%res_out = extractvalue i400 %tmp" [firmware/nnet_utils/nnet_dense.h:54->firmware/nnet_utils/nnet_conv_stream.h:288]   --->   Operation 66 'extractvalue' 'res_out' <Predicate = (icmp_ln284 & and_ln284_1)> <Delay = 0.00>
ST_9 : Operation 67 [1/1] (0.00ns)   --->   "%res_out_1 = extractvalue i400 %tmp" [firmware/nnet_utils/nnet_dense.h:54->firmware/nnet_utils/nnet_conv_stream.h:288]   --->   Operation 67 'extractvalue' 'res_out_1' <Predicate = (icmp_ln284 & and_ln284_1)> <Delay = 0.00>
ST_9 : Operation 68 [1/1] (0.00ns)   --->   "%res_out_2 = extractvalue i400 %tmp" [firmware/nnet_utils/nnet_dense.h:54->firmware/nnet_utils/nnet_conv_stream.h:288]   --->   Operation 68 'extractvalue' 'res_out_2' <Predicate = (icmp_ln284 & and_ln284_1)> <Delay = 0.00>
ST_9 : Operation 69 [1/1] (0.00ns)   --->   "%res_out_3 = extractvalue i400 %tmp" [firmware/nnet_utils/nnet_dense.h:54->firmware/nnet_utils/nnet_conv_stream.h:288]   --->   Operation 69 'extractvalue' 'res_out_3' <Predicate = (icmp_ln284 & and_ln284_1)> <Delay = 0.00>
ST_9 : Operation 70 [1/1] (0.00ns)   --->   "%res_out_4 = extractvalue i400 %tmp" [firmware/nnet_utils/nnet_dense.h:54->firmware/nnet_utils/nnet_conv_stream.h:288]   --->   Operation 70 'extractvalue' 'res_out_4' <Predicate = (icmp_ln284 & and_ln284_1)> <Delay = 0.00>
ST_9 : Operation 71 [1/1] (0.00ns)   --->   "%res_out_5 = extractvalue i400 %tmp" [firmware/nnet_utils/nnet_dense.h:54->firmware/nnet_utils/nnet_conv_stream.h:288]   --->   Operation 71 'extractvalue' 'res_out_5' <Predicate = (icmp_ln284 & and_ln284_1)> <Delay = 0.00>
ST_9 : Operation 72 [1/1] (0.00ns)   --->   "%res_out_6 = extractvalue i400 %tmp" [firmware/nnet_utils/nnet_dense.h:54->firmware/nnet_utils/nnet_conv_stream.h:288]   --->   Operation 72 'extractvalue' 'res_out_6' <Predicate = (icmp_ln284 & and_ln284_1)> <Delay = 0.00>
ST_9 : Operation 73 [1/1] (0.00ns)   --->   "%res_out_7 = extractvalue i400 %tmp" [firmware/nnet_utils/nnet_dense.h:54->firmware/nnet_utils/nnet_conv_stream.h:288]   --->   Operation 73 'extractvalue' 'res_out_7' <Predicate = (icmp_ln284 & and_ln284_1)> <Delay = 0.00>
ST_9 : Operation 74 [1/1] (0.00ns)   --->   "%res_out_8 = extractvalue i400 %tmp" [firmware/nnet_utils/nnet_dense.h:54->firmware/nnet_utils/nnet_conv_stream.h:288]   --->   Operation 74 'extractvalue' 'res_out_8' <Predicate = (icmp_ln284 & and_ln284_1)> <Delay = 0.00>
ST_9 : Operation 75 [1/1] (0.00ns)   --->   "%res_out_9 = extractvalue i400 %tmp" [firmware/nnet_utils/nnet_dense.h:54->firmware/nnet_utils/nnet_conv_stream.h:288]   --->   Operation 75 'extractvalue' 'res_out_9' <Predicate = (icmp_ln284 & and_ln284_1)> <Delay = 0.00>

State 10 <SV = 9> <Delay = 1.82>
ST_10 : Operation 76 [1/1] (0.00ns)   --->   "%p_0 = bitconcatenate i400 @_ssdm_op_BitConcatenate.i400.i40.i40.i40.i40.i40.i40.i40.i40.i40.i40, i40 %res_out_9, i40 %res_out_8, i40 %res_out_7, i40 %res_out_6, i40 %res_out_5, i40 %res_out_4, i40 %res_out_3, i40 %res_out_2, i40 %res_out_1, i40 %res_out" [firmware/nnet_utils/nnet_conv_stream.h:299]   --->   Operation 76 'bitconcatenate' 'p_0' <Predicate = (icmp_ln284 & and_ln284_1)> <Delay = 0.00>
ST_10 : Operation 77 [1/1] (1.82ns)   --->   "%write_ln299 = write void @_ssdm_op_Write.ap_fifo.volatile.i400P0A, i400 %layer10_out, i400 %p_0" [firmware/nnet_utils/nnet_conv_stream.h:299]   --->   Operation 77 'write' 'write_ln299' <Predicate = (icmp_ln284 & and_ln284_1)> <Delay = 1.82> <CoreInst = "FIFO">   --->   Core 78 'FIFO' <Latency = 0> <II = 1> <Delay = 2.01> <Storage> <Opcode : 'read' 'write' 'nbread' 'nbwrite'> <Ports = 0> <Width = 400> <Depth = 4> <FIFO>
ST_10 : Operation 78 [1/1] (0.00ns)   --->   "%br_ln300 = br void %if.end" [firmware/nnet_utils/nnet_conv_stream.h:300]   --->   Operation 78 'br' 'br_ln300' <Predicate = (icmp_ln284 & and_ln284_1)> <Delay = 0.00>
ST_10 : Operation 79 [1/1] (0.00ns)   --->   "%ret_ln320 = ret" [firmware/nnet_utils/nnet_conv_stream.h:320]   --->   Operation 79 'ret' 'ret_ln320' <Predicate = true> <Delay = 0.00>


============================================================
+ Verbose Summary: Binding
============================================================
STG Binding: 
---------------- STG Properties BEGIN ----------------
- Is combinational: 0
- Is one-state seq: 0
- Is datapath-only: 0
- Is pipelined: 1
- Is top level: 0
Port [ Return ] is wired: 1; IO mode=ap_ctrl_hs:ce=0
Port [ p_read]:  wired=1; compound=0; hidden=0; nouse=0; global=0; static=0; extern=0; dir=0; type=0; pingpong=0; private_global=0; IO mode=ap_none:ce=0
Port [ p_read1]:  wired=1; compound=0; hidden=0; nouse=0; global=0; static=0; extern=0; dir=0; type=0; pingpong=0; private_global=0; IO mode=ap_none:ce=0
Port [ p_read2]:  wired=1; compound=0; hidden=0; nouse=0; global=0; static=0; extern=0; dir=0; type=0; pingpong=0; private_global=0; IO mode=ap_none:ce=0
Port [ p_read3]:  wired=1; compound=0; hidden=0; nouse=0; global=0; static=0; extern=0; dir=0; type=0; pingpong=0; private_global=0; IO mode=ap_none:ce=0
Port [ p_read4]:  wired=1; compound=0; hidden=0; nouse=0; global=0; static=0; extern=0; dir=0; type=0; pingpong=0; private_global=0; IO mode=ap_none:ce=0
Port [ p_read5]:  wired=1; compound=0; hidden=0; nouse=0; global=0; static=0; extern=0; dir=0; type=0; pingpong=0; private_global=0; IO mode=ap_none:ce=0
Port [ p_read6]:  wired=1; compound=0; hidden=0; nouse=0; global=0; static=0; extern=0; dir=0; type=0; pingpong=0; private_global=0; IO mode=ap_none:ce=0
Port [ p_read7]:  wired=1; compound=0; hidden=0; nouse=0; global=0; static=0; extern=0; dir=0; type=0; pingpong=0; private_global=0; IO mode=ap_none:ce=0
Port [ layer10_out]:  wired=1; compound=1; hidden=0; nouse=0; global=0; static=0; extern=0; dir=1; type=3; pingpong=0; private_global=0; IO mode=ap_fifo:ce=0
Port [ void_compute_output_buffer_2d_array_const_ap_shift_reg_n_chan_stream_weig_1]:  wired=0; compound=0; hidden=1; nouse=0; global=1; static=1; extern=0; dir=2; type=0; pingpong=0; private_global=1; IO mode=ap_ovld:ce=0
Port [ void_compute_output_buffer_2d_array_const_ap_shift_reg_n_chan_stream_weig_9]:  wired=0; compound=0; hidden=1; nouse=0; global=1; static=1; extern=0; dir=2; type=0; pingpong=0; private_global=1; IO mode=ap_ovld:ce=0
Port [ void_compute_output_buffer_2d_array_const_ap_shift_reg_n_chan_stream_weig]:  wired=0; compound=0; hidden=1; nouse=0; global=1; static=1; extern=0; dir=2; type=0; pingpong=0; private_global=1; IO mode=ap_ovld:ce=0
Port [ void_compute_output_buffer_2d_array_const_ap_shift_reg_n_chan_stream_weig_8]:  wired=0; compound=0; hidden=1; nouse=0; global=1; static=1; extern=0; dir=2; type=0; pingpong=0; private_global=1; IO mode=ap_ovld:ce=0
Port [ p_ZZN4nnet24compute_output_buffer_2dINS_5arrayI8ap_fixedILi16ELi6EL9ap_q_mode5EL9_61]:  wired=0; compound=0; hidden=1; nouse=0; global=1; static=1; extern=0; dir=2; type=0; pingpong=0; private_global=1; IO mode=ap_ovld:ce=0
Port [ void_compute_output_buffer_2d_array_const_ap_shift_reg_n_chan_stream_weig_7]:  wired=0; compound=0; hidden=1; nouse=0; global=1; static=1; extern=0; dir=2; type=0; pingpong=0; private_global=1; IO mode=ap_ovld:ce=0
Port [ p_ZZN4nnet24compute_output_buffer_2dINS_5arrayI8ap_fixedILi16ELi6EL9ap_q_mode5EL9_60]:  wired=0; compound=0; hidden=1; nouse=0; global=1; static=1; extern=0; dir=2; type=0; pingpong=0; private_global=1; IO mode=ap_ovld:ce=0
Port [ void_compute_output_buffer_2d_array_const_ap_shift_reg_n_chan_stream_weig_6]:  wired=0; compound=0; hidden=1; nouse=0; global=1; static=1; extern=0; dir=2; type=0; pingpong=0; private_global=1; IO mode=ap_ovld:ce=0
Port [ p_ZZN4nnet24compute_output_buffer_2dINS_5arrayI8ap_fixedILi16ELi6EL9ap_q_mode5EL9_59]:  wired=0; compound=0; hidden=1; nouse=0; global=1; static=1; extern=0; dir=2; type=0; pingpong=0; private_global=1; IO mode=ap_ovld:ce=0
Port [ void_compute_output_buffer_2d_array_const_ap_shift_reg_n_chan_stream_weig_5]:  wired=0; compound=0; hidden=1; nouse=0; global=1; static=1; extern=0; dir=2; type=0; pingpong=0; private_global=1; IO mode=ap_ovld:ce=0
Port [ p_ZZN4nnet24compute_output_buffer_2dINS_5arrayI8ap_fixedILi16ELi6EL9ap_q_mode5EL9_58]:  wired=0; compound=0; hidden=1; nouse=0; global=1; static=1; extern=0; dir=2; type=0; pingpong=0; private_global=1; IO mode=ap_ovld:ce=0
Port [ void_compute_output_buffer_2d_array_const_ap_shift_reg_n_chan_stream_weig_4]:  wired=0; compound=0; hidden=1; nouse=0; global=1; static=1; extern=0; dir=2; type=0; pingpong=0; private_global=1; IO mode=ap_ovld:ce=0
Port [ p_ZZN4nnet24compute_output_buffer_2dINS_5arrayI8ap_fixedILi16ELi6EL9ap_q_mode5EL9_57]:  wired=0; compound=0; hidden=1; nouse=0; global=1; static=1; extern=0; dir=2; type=0; pingpong=0; private_global=1; IO mode=ap_ovld:ce=0
Port [ void_compute_output_buffer_2d_array_const_ap_shift_reg_n_chan_stream_weig_3]:  wired=0; compound=0; hidden=1; nouse=0; global=1; static=1; extern=0; dir=2; type=0; pingpong=0; private_global=1; IO mode=ap_ovld:ce=0
Port [ p_ZZN4nnet24compute_output_buffer_2dINS_5arrayI8ap_fixedILi16ELi6EL9ap_q_mode5EL9_56]:  wired=0; compound=0; hidden=1; nouse=0; global=1; static=1; extern=0; dir=2; type=0; pingpong=0; private_global=1; IO mode=ap_ovld:ce=0
Port [ void_compute_output_buffer_2d_array_const_ap_shift_reg_n_chan_stream_weig_2]:  wired=0; compound=0; hidden=1; nouse=0; global=1; static=1; extern=0; dir=2; type=0; pingpong=0; private_global=1; IO mode=ap_ovld:ce=0
Port [ p_ZZN4nnet24compute_output_buffer_2dINS_5arrayI8ap_fixedILi16ELi6EL9ap_q_mode5EL9_39]:  wired=0; compound=0; hidden=1; nouse=0; global=1; static=1; extern=0; dir=2; type=0; pingpong=0; private_global=1; IO mode=ap_ovld:ce=0
Port [ p_ZZN4nnet24compute_output_buffer_2dINS_5arrayI8ap_fixedILi16ELi6EL9ap_q_mode5EL9_47]:  wired=0; compound=0; hidden=1; nouse=0; global=1; static=1; extern=0; dir=2; type=0; pingpong=0; private_global=1; IO mode=ap_ovld:ce=0
Port [ p_ZZN4nnet24compute_output_buffer_2dINS_5arrayI8ap_fixedILi16ELi6EL9ap_q_mode5EL9_38]:  wired=0; compound=0; hidden=1; nouse=0; global=1; static=1; extern=0; dir=2; type=0; pingpong=0; private_global=1; IO mode=ap_ovld:ce=0
Port [ p_ZZN4nnet24compute_output_buffer_2dINS_5arrayI8ap_fixedILi16ELi6EL9ap_q_mode5EL9_46]:  wired=0; compound=0; hidden=1; nouse=0; global=1; static=1; extern=0; dir=2; type=0; pingpong=0; private_global=1; IO mode=ap_ovld:ce=0
Port [ p_ZZN4nnet24compute_output_buffer_2dINS_5arrayI8ap_fixedILi16ELi6EL9ap_q_mode5EL9_37]:  wired=0; compound=0; hidden=1; nouse=0; global=1; static=1; extern=0; dir=2; type=0; pingpong=0; private_global=1; IO mode=ap_ovld:ce=0
Port [ p_ZZN4nnet24compute_output_buffer_2dINS_5arrayI8ap_fixedILi16ELi6EL9ap_q_mode5EL9_45]:  wired=0; compound=0; hidden=1; nouse=0; global=1; static=1; extern=0; dir=2; type=0; pingpong=0; private_global=1; IO mode=ap_ovld:ce=0
Port [ p_ZZN4nnet24compute_output_buffer_2dINS_5arrayI8ap_fixedILi16ELi6EL9ap_q_mode5EL9_36]:  wired=0; compound=0; hidden=1; nouse=0; global=1; static=1; extern=0; dir=2; type=0; pingpong=0; private_global=1; IO mode=ap_ovld:ce=0
Port [ p_ZZN4nnet24compute_output_buffer_2dINS_5arrayI8ap_fixedILi16ELi6EL9ap_q_mode5EL9_44]:  wired=0; compound=0; hidden=1; nouse=0; global=1; static=1; extern=0; dir=2; type=0; pingpong=0; private_global=1; IO mode=ap_ovld:ce=0
Port [ p_ZZN4nnet24compute_output_buffer_2dINS_5arrayI8ap_fixedILi16ELi6EL9ap_q_mode5EL9_35]:  wired=0; compound=0; hidden=1; nouse=0; global=1; static=1; extern=0; dir=2; type=0; pingpong=0; private_global=1; IO mode=ap_ovld:ce=0
Port [ p_ZZN4nnet24compute_output_buffer_2dINS_5arrayI8ap_fixedILi16ELi6EL9ap_q_mode5EL9_43]:  wired=0; compound=0; hidden=1; nouse=0; global=1; static=1; extern=0; dir=2; type=0; pingpong=0; private_global=1; IO mode=ap_ovld:ce=0
Port [ p_ZZN4nnet24compute_output_buffer_2dINS_5arrayI8ap_fixedILi16ELi6EL9ap_q_mode5EL9_34]:  wired=0; compound=0; hidden=1; nouse=0; global=1; static=1; extern=0; dir=2; type=0; pingpong=0; private_global=1; IO mode=ap_ovld:ce=0
Port [ p_ZZN4nnet24compute_output_buffer_2dINS_5arrayI8ap_fixedILi16ELi6EL9ap_q_mode5EL9_42]:  wired=0; compound=0; hidden=1; nouse=0; global=1; static=1; extern=0; dir=2; type=0; pingpong=0; private_global=1; IO mode=ap_ovld:ce=0
Port [ p_ZZN4nnet24compute_output_buffer_2dINS_5arrayI8ap_fixedILi16ELi6EL9ap_q_mode5EL9_33]:  wired=0; compound=0; hidden=1; nouse=0; global=1; static=1; extern=0; dir=2; type=0; pingpong=0; private_global=1; IO mode=ap_ovld:ce=0
Port [ p_ZZN4nnet24compute_output_buffer_2dINS_5arrayI8ap_fixedILi16ELi6EL9ap_q_mode5EL9_41]:  wired=0; compound=0; hidden=1; nouse=0; global=1; static=1; extern=0; dir=2; type=0; pingpong=0; private_global=1; IO mode=ap_ovld:ce=0
Port [ p_ZZN4nnet24compute_output_buffer_2dINS_5arrayI8ap_fixedILi16ELi6EL9ap_q_mode5EL9_32]:  wired=0; compound=0; hidden=1; nouse=0; global=1; static=1; extern=0; dir=2; type=0; pingpong=0; private_global=1; IO mode=ap_ovld:ce=0
Port [ p_ZZN4nnet24compute_output_buffer_2dINS_5arrayI8ap_fixedILi16ELi6EL9ap_q_mode5EL9_40]:  wired=0; compound=0; hidden=1; nouse=0; global=1; static=1; extern=0; dir=2; type=0; pingpong=0; private_global=1; IO mode=ap_ovld:ce=0
Port [ p_ZZN4nnet24compute_output_buffer_2dINS_5arrayI8ap_fixedILi16ELi6EL9ap_q_mode5EL9_15]:  wired=0; compound=0; hidden=1; nouse=0; global=1; static=1; extern=0; dir=2; type=0; pingpong=0; private_global=1; IO mode=ap_ovld:ce=0
Port [ p_ZZN4nnet24compute_output_buffer_2dINS_5arrayI8ap_fixedILi16ELi6EL9ap_q_mode5EL9_23]:  wired=0; compound=0; hidden=1; nouse=0; global=1; static=1; extern=0; dir=2; type=0; pingpong=0; private_global=1; IO mode=ap_ovld:ce=0
Port [ p_ZZN4nnet24compute_output_buffer_2dINS_5arrayI8ap_fixedILi16ELi6EL9ap_q_mode5EL9_14]:  wired=0; compound=0; hidden=1; nouse=0; global=1; static=1; extern=0; dir=2; type=0; pingpong=0; private_global=1; IO mode=ap_ovld:ce=0
Port [ p_ZZN4nnet24compute_output_buffer_2dINS_5arrayI8ap_fixedILi16ELi6EL9ap_q_mode5EL9_22]:  wired=0; compound=0; hidden=1; nouse=0; global=1; static=1; extern=0; dir=2; type=0; pingpong=0; private_global=1; IO mode=ap_ovld:ce=0
Port [ p_ZZN4nnet24compute_output_buffer_2dINS_5arrayI8ap_fixedILi16ELi6EL9ap_q_mode5EL9_13]:  wired=0; compound=0; hidden=1; nouse=0; global=1; static=1; extern=0; dir=2; type=0; pingpong=0; private_global=1; IO mode=ap_ovld:ce=0
Port [ p_ZZN4nnet24compute_output_buffer_2dINS_5arrayI8ap_fixedILi16ELi6EL9ap_q_mode5EL9_21]:  wired=0; compound=0; hidden=1; nouse=0; global=1; static=1; extern=0; dir=2; type=0; pingpong=0; private_global=1; IO mode=ap_ovld:ce=0
Port [ p_ZZN4nnet24compute_output_buffer_2dINS_5arrayI8ap_fixedILi16ELi6EL9ap_q_mode5EL9_12]:  wired=0; compound=0; hidden=1; nouse=0; global=1; static=1; extern=0; dir=2; type=0; pingpong=0; private_global=1; IO mode=ap_ovld:ce=0
Port [ p_ZZN4nnet24compute_output_buffer_2dINS_5arrayI8ap_fixedILi16ELi6EL9ap_q_mode5EL9_20]:  wired=0; compound=0; hidden=1; nouse=0; global=1; static=1; extern=0; dir=2; type=0; pingpong=0; private_global=1; IO mode=ap_ovld:ce=0
Port [ p_ZZN4nnet24compute_output_buffer_2dINS_5arrayI8ap_fixedILi16ELi6EL9ap_q_mode5EL9_11]:  wired=0; compound=0; hidden=1; nouse=0; global=1; static=1; extern=0; dir=2; type=0; pingpong=0; private_global=1; IO mode=ap_ovld:ce=0
Port [ p_ZZN4nnet24compute_output_buffer_2dINS_5arrayI8ap_fixedILi16ELi6EL9ap_q_mode5EL9_19]:  wired=0; compound=0; hidden=1; nouse=0; global=1; static=1; extern=0; dir=2; type=0; pingpong=0; private_global=1; IO mode=ap_ovld:ce=0
Port [ p_ZZN4nnet24compute_output_buffer_2dINS_5arrayI8ap_fixedILi16ELi6EL9ap_q_mode5EL9_10]:  wired=0; compound=0; hidden=1; nouse=0; global=1; static=1; extern=0; dir=2; type=0; pingpong=0; private_global=1; IO mode=ap_ovld:ce=0
Port [ p_ZZN4nnet24compute_output_buffer_2dINS_5arrayI8ap_fixedILi16ELi6EL9ap_q_mode5EL9_18]:  wired=0; compound=0; hidden=1; nouse=0; global=1; static=1; extern=0; dir=2; type=0; pingpong=0; private_global=1; IO mode=ap_ovld:ce=0
Port [ p_ZZN4nnet24compute_output_buffer_2dINS_5arrayI8ap_fixedILi16ELi6EL9ap_q_mode5EL9_9]:  wired=0; compound=0; hidden=1; nouse=0; global=1; static=1; extern=0; dir=2; type=0; pingpong=0; private_global=1; IO mode=ap_ovld:ce=0
Port [ p_ZZN4nnet24compute_output_buffer_2dINS_5arrayI8ap_fixedILi16ELi6EL9ap_q_mode5EL9_17]:  wired=0; compound=0; hidden=1; nouse=0; global=1; static=1; extern=0; dir=2; type=0; pingpong=0; private_global=1; IO mode=ap_ovld:ce=0
Port [ p_ZZN4nnet24compute_output_buffer_2dINS_5arrayI8ap_fixedILi16ELi6EL9ap_q_mode5EL9_8]:  wired=0; compound=0; hidden=1; nouse=0; global=1; static=1; extern=0; dir=2; type=0; pingpong=0; private_global=1; IO mode=ap_ovld:ce=0
Port [ p_ZZN4nnet24compute_output_buffer_2dINS_5arrayI8ap_fixedILi16ELi6EL9ap_q_mode5EL9_16]:  wired=0; compound=0; hidden=1; nouse=0; global=1; static=1; extern=0; dir=2; type=0; pingpong=0; private_global=1; IO mode=ap_ovld:ce=0
Port [ p_ZZN4nnet24compute_output_buffer_2dINS_5arrayI8ap_fixedILi16ELi6EL9ap_q_mode5EL9_55]:  wired=0; compound=0; hidden=1; nouse=0; global=1; static=1; extern=0; dir=2; type=0; pingpong=0; private_global=1; IO mode=ap_ovld:ce=0
Port [ p_ZZN4nnet24compute_output_buffer_2dINS_5arrayI8ap_fixedILi16ELi6EL9ap_q_mode5EL9_54]:  wired=0; compound=0; hidden=1; nouse=0; global=1; static=1; extern=0; dir=2; type=0; pingpong=0; private_global=1; IO mode=ap_ovld:ce=0
Port [ p_ZZN4nnet24compute_output_buffer_2dINS_5arrayI8ap_fixedILi16ELi6EL9ap_q_mode5EL9_53]:  wired=0; compound=0; hidden=1; nouse=0; global=1; static=1; extern=0; dir=2; type=0; pingpong=0; private_global=1; IO mode=ap_ovld:ce=0
Port [ p_ZZN4nnet24compute_output_buffer_2dINS_5arrayI8ap_fixedILi16ELi6EL9ap_q_mode5EL9_52]:  wired=0; compound=0; hidden=1; nouse=0; global=1; static=1; extern=0; dir=2; type=0; pingpong=0; private_global=1; IO mode=ap_ovld:ce=0
Port [ p_ZZN4nnet24compute_output_buffer_2dINS_5arrayI8ap_fixedILi16ELi6EL9ap_q_mode5EL9_51]:  wired=0; compound=0; hidden=1; nouse=0; global=1; static=1; extern=0; dir=2; type=0; pingpong=0; private_global=1; IO mode=ap_ovld:ce=0
Port [ p_ZZN4nnet24compute_output_buffer_2dINS_5arrayI8ap_fixedILi16ELi6EL9ap_q_mode5EL9_50]:  wired=0; compound=0; hidden=1; nouse=0; global=1; static=1; extern=0; dir=2; type=0; pingpong=0; private_global=1; IO mode=ap_ovld:ce=0
Port [ p_ZZN4nnet24compute_output_buffer_2dINS_5arrayI8ap_fixedILi16ELi6EL9ap_q_mode5EL9_49]:  wired=0; compound=0; hidden=1; nouse=0; global=1; static=1; extern=0; dir=2; type=0; pingpong=0; private_global=1; IO mode=ap_ovld:ce=0
Port [ p_ZZN4nnet24compute_output_buffer_2dINS_5arrayI8ap_fixedILi16ELi6EL9ap_q_mode5EL9_48]:  wired=0; compound=0; hidden=1; nouse=0; global=1; static=1; extern=0; dir=2; type=0; pingpong=0; private_global=1; IO mode=ap_ovld:ce=0
Port [ p_ZZN4nnet24compute_output_buffer_2dINS_5arrayI8ap_fixedILi16ELi6EL9ap_q_mode5EL9_31]:  wired=0; compound=0; hidden=1; nouse=0; global=1; static=1; extern=0; dir=2; type=0; pingpong=0; private_global=1; IO mode=ap_ovld:ce=0
Port [ p_ZZN4nnet24compute_output_buffer_2dINS_5arrayI8ap_fixedILi16ELi6EL9ap_q_mode5EL9_30]:  wired=0; compound=0; hidden=1; nouse=0; global=1; static=1; extern=0; dir=2; type=0; pingpong=0; private_global=1; IO mode=ap_ovld:ce=0
Port [ p_ZZN4nnet24compute_output_buffer_2dINS_5arrayI8ap_fixedILi16ELi6EL9ap_q_mode5EL9_29]:  wired=0; compound=0; hidden=1; nouse=0; global=1; static=1; extern=0; dir=2; type=0; pingpong=0; private_global=1; IO mode=ap_ovld:ce=0
Port [ p_ZZN4nnet24compute_output_buffer_2dINS_5arrayI8ap_fixedILi16ELi6EL9ap_q_mode5EL9_28]:  wired=0; compound=0; hidden=1; nouse=0; global=1; static=1; extern=0; dir=2; type=0; pingpong=0; private_global=1; IO mode=ap_ovld:ce=0
Port [ p_ZZN4nnet24compute_output_buffer_2dINS_5arrayI8ap_fixedILi16ELi6EL9ap_q_mode5EL9_27]:  wired=0; compound=0; hidden=1; nouse=0; global=1; static=1; extern=0; dir=2; type=0; pingpong=0; private_global=1; IO mode=ap_ovld:ce=0
Port [ p_ZZN4nnet24compute_output_buffer_2dINS_5arrayI8ap_fixedILi16ELi6EL9ap_q_mode5EL9_26]:  wired=0; compound=0; hidden=1; nouse=0; global=1; static=1; extern=0; dir=2; type=0; pingpong=0; private_global=1; IO mode=ap_ovld:ce=0
Port [ p_ZZN4nnet24compute_output_buffer_2dINS_5arrayI8ap_fixedILi16ELi6EL9ap_q_mode5EL9_25]:  wired=0; compound=0; hidden=1; nouse=0; global=1; static=1; extern=0; dir=2; type=0; pingpong=0; private_global=1; IO mode=ap_ovld:ce=0
Port [ p_ZZN4nnet24compute_output_buffer_2dINS_5arrayI8ap_fixedILi16ELi6EL9ap_q_mode5EL9_24]:  wired=0; compound=0; hidden=1; nouse=0; global=1; static=1; extern=0; dir=2; type=0; pingpong=0; private_global=1; IO mode=ap_ovld:ce=0
Port [ p_ZZN4nnet24compute_output_buffer_2dINS_5arrayI8ap_fixedILi16ELi6EL9ap_q_mode5EL9_7]:  wired=0; compound=0; hidden=1; nouse=0; global=1; static=1; extern=0; dir=2; type=0; pingpong=0; private_global=1; IO mode=ap_ovld:ce=0
Port [ p_ZZN4nnet24compute_output_buffer_2dINS_5arrayI8ap_fixedILi16ELi6EL9ap_q_mode5EL9_6]:  wired=0; compound=0; hidden=1; nouse=0; global=1; static=1; extern=0; dir=2; type=0; pingpong=0; private_global=1; IO mode=ap_ovld:ce=0
Port [ p_ZZN4nnet24compute_output_buffer_2dINS_5arrayI8ap_fixedILi16ELi6EL9ap_q_mode5EL9_5]:  wired=0; compound=0; hidden=1; nouse=0; global=1; static=1; extern=0; dir=2; type=0; pingpong=0; private_global=1; IO mode=ap_ovld:ce=0
Port [ p_ZZN4nnet24compute_output_buffer_2dINS_5arrayI8ap_fixedILi16ELi6EL9ap_q_mode5EL9_4]:  wired=0; compound=0; hidden=1; nouse=0; global=1; static=1; extern=0; dir=2; type=0; pingpong=0; private_global=1; IO mode=ap_ovld:ce=0
Port [ p_ZZN4nnet24compute_output_buffer_2dINS_5arrayI8ap_fixedILi16ELi6EL9ap_q_mode5EL9_3]:  wired=0; compound=0; hidden=1; nouse=0; global=1; static=1; extern=0; dir=2; type=0; pingpong=0; private_global=1; IO mode=ap_ovld:ce=0
Port [ p_ZZN4nnet24compute_output_buffer_2dINS_5arrayI8ap_fixedILi16ELi6EL9ap_q_mode5EL9_2]:  wired=0; compound=0; hidden=1; nouse=0; global=1; static=1; extern=0; dir=2; type=0; pingpong=0; private_global=1; IO mode=ap_ovld:ce=0
Port [ p_ZZN4nnet24compute_output_buffer_2dINS_5arrayI8ap_fixedILi16ELi6EL9ap_q_mode5EL9_1]:  wired=0; compound=0; hidden=1; nouse=0; global=1; static=1; extern=0; dir=2; type=0; pingpong=0; private_global=1; IO mode=ap_ovld:ce=0
Port [ p_ZZN4nnet24compute_output_buffer_2dINS_5arrayI8ap_fixedILi16ELi6EL9ap_q_mode5EL9]:  wired=0; compound=0; hidden=1; nouse=0; global=1; static=1; extern=0; dir=2; type=0; pingpong=0; private_global=1; IO mode=ap_ovld:ce=0
Port [ p_ZZN4nnet25conv_2d_buffer_latency_clINS_5arrayI8ap_fixedILi16ELi6EL9ap_q_mode5EL_15]:  wired=0; compound=1; hidden=1; nouse=1; global=1; static=1; extern=0; dir=3; type=1; pingpong=0; private_global=0; MemPort=[2]; IO mode=ap_memory:ce=0
Port [ p_ZZN4nnet25conv_2d_buffer_latency_clINS_5arrayI8ap_fixedILi16ELi6EL9ap_q_mode5EL_7]:  wired=0; compound=1; hidden=1; nouse=1; global=1; static=1; extern=0; dir=3; type=1; pingpong=0; private_global=0; MemPort=[2]; IO mode=ap_memory:ce=0
Port [ p_ZZN4nnet25conv_2d_buffer_latency_clINS_5arrayI8ap_fixedILi16ELi6EL9ap_q_mode5EL_14]:  wired=0; compound=1; hidden=1; nouse=1; global=1; static=1; extern=0; dir=3; type=1; pingpong=0; private_global=0; MemPort=[2]; IO mode=ap_memory:ce=0
Port [ p_ZZN4nnet25conv_2d_buffer_latency_clINS_5arrayI8ap_fixedILi16ELi6EL9ap_q_mode5EL_6]:  wired=0; compound=1; hidden=1; nouse=1; global=1; static=1; extern=0; dir=3; type=1; pingpong=0; private_global=0; MemPort=[2]; IO mode=ap_memory:ce=0
Port [ p_ZZN4nnet25conv_2d_buffer_latency_clINS_5arrayI8ap_fixedILi16ELi6EL9ap_q_mode5EL_13]:  wired=0; compound=1; hidden=1; nouse=1; global=1; static=1; extern=0; dir=3; type=1; pingpong=0; private_global=0; MemPort=[2]; IO mode=ap_memory:ce=0
Port [ p_ZZN4nnet25conv_2d_buffer_latency_clINS_5arrayI8ap_fixedILi16ELi6EL9ap_q_mode5EL_5]:  wired=0; compound=1; hidden=1; nouse=1; global=1; static=1; extern=0; dir=3; type=1; pingpong=0; private_global=0; MemPort=[2]; IO mode=ap_memory:ce=0
Port [ p_ZZN4nnet25conv_2d_buffer_latency_clINS_5arrayI8ap_fixedILi16ELi6EL9ap_q_mode5EL_12]:  wired=0; compound=1; hidden=1; nouse=1; global=1; static=1; extern=0; dir=3; type=1; pingpong=0; private_global=0; MemPort=[2]; IO mode=ap_memory:ce=0
Port [ p_ZZN4nnet25conv_2d_buffer_latency_clINS_5arrayI8ap_fixedILi16ELi6EL9ap_q_mode5EL_4]:  wired=0; compound=1; hidden=1; nouse=1; global=1; static=1; extern=0; dir=3; type=1; pingpong=0; private_global=0; MemPort=[2]; IO mode=ap_memory:ce=0
Port [ p_ZZN4nnet25conv_2d_buffer_latency_clINS_5arrayI8ap_fixedILi16ELi6EL9ap_q_mode5EL_11]:  wired=0; compound=1; hidden=1; nouse=1; global=1; static=1; extern=0; dir=3; type=1; pingpong=0; private_global=0; MemPort=[2]; IO mode=ap_memory:ce=0
Port [ p_ZZN4nnet25conv_2d_buffer_latency_clINS_5arrayI8ap_fixedILi16ELi6EL9ap_q_mode5EL_3]:  wired=0; compound=1; hidden=1; nouse=1; global=1; static=1; extern=0; dir=3; type=1; pingpong=0; private_global=0; MemPort=[2]; IO mode=ap_memory:ce=0
Port [ p_ZZN4nnet25conv_2d_buffer_latency_clINS_5arrayI8ap_fixedILi16ELi6EL9ap_q_mode5EL_10]:  wired=0; compound=1; hidden=1; nouse=1; global=1; static=1; extern=0; dir=3; type=1; pingpong=0; private_global=0; MemPort=[2]; IO mode=ap_memory:ce=0
Port [ p_ZZN4nnet25conv_2d_buffer_latency_clINS_5arrayI8ap_fixedILi16ELi6EL9ap_q_mode5EL_2]:  wired=0; compound=1; hidden=1; nouse=1; global=1; static=1; extern=0; dir=3; type=1; pingpong=0; private_global=0; MemPort=[2]; IO mode=ap_memory:ce=0
Port [ p_ZZN4nnet25conv_2d_buffer_latency_clINS_5arrayI8ap_fixedILi16ELi6EL9ap_q_mode5EL_9]:  wired=0; compound=1; hidden=1; nouse=1; global=1; static=1; extern=0; dir=3; type=1; pingpong=0; private_global=0; MemPort=[2]; IO mode=ap_memory:ce=0
Port [ p_ZZN4nnet25conv_2d_buffer_latency_clINS_5arrayI8ap_fixedILi16ELi6EL9ap_q_mode5EL_1]:  wired=0; compound=1; hidden=1; nouse=1; global=1; static=1; extern=0; dir=3; type=1; pingpong=0; private_global=0; MemPort=[2]; IO mode=ap_memory:ce=0
Port [ p_ZZN4nnet25conv_2d_buffer_latency_clINS_5arrayI8ap_fixedILi16ELi6EL9ap_q_mode5EL_8]:  wired=0; compound=1; hidden=1; nouse=1; global=1; static=1; extern=0; dir=3; type=1; pingpong=0; private_global=0; MemPort=[2]; IO mode=ap_memory:ce=0
Port [ p_ZZN4nnet25conv_2d_buffer_latency_clINS_5arrayI8ap_fixedILi16ELi6EL9ap_q_mode5EL]:  wired=0; compound=1; hidden=1; nouse=1; global=1; static=1; extern=0; dir=3; type=1; pingpong=0; private_global=0; MemPort=[2]; IO mode=ap_memory:ce=0
Port [ sX_3]:  wired=0; compound=0; hidden=1; nouse=0; global=1; static=1; extern=0; dir=2; type=0; pingpong=0; private_global=1; IO mode=ap_ovld:ce=0
Port [ sY_3]:  wired=0; compound=0; hidden=1; nouse=0; global=1; static=1; extern=0; dir=2; type=0; pingpong=0; private_global=1; IO mode=ap_ovld:ce=0
Port [ pY_3]:  wired=0; compound=0; hidden=1; nouse=0; global=1; static=1; extern=0; dir=2; type=0; pingpong=0; private_global=1; IO mode=ap_ovld:ce=0
Port [ pX_3]:  wired=0; compound=0; hidden=1; nouse=0; global=1; static=1; extern=0; dir=2; type=0; pingpong=0; private_global=1; IO mode=ap_ovld:ce=0
---------------- STG Properties END ------------------

---------------- Datapath Model BEGIN ----------------

<LifeTime>
<method=bitvector/>
p_read715         (read          ) [ 00000000000]
p_read614         (read          ) [ 00000000000]
p_read513         (read          ) [ 00000000000]
p_read412         (read          ) [ 00000000000]
p_read311         (read          ) [ 00000000000]
p_read210         (read          ) [ 00000000000]
p_read19          (read          ) [ 00000000000]
p_read_35         (read          ) [ 00000000000]
call_ln281        (call          ) [ 00000000000]
specinterface_ln0 (specinterface ) [ 00000000000]
sX_3_load         (load          ) [ 00000000000]
icmp_ln284        (icmp          ) [ 01111111111]
sY_3_load         (load          ) [ 00000000000]
pY_3_load         (load          ) [ 00000000000]
pX_3_load         (load          ) [ 00000000000]
br_ln284          (br            ) [ 00000000000]
icmp_ln284_1      (icmp          ) [ 00000000000]
tmp_1             (partselect    ) [ 00000000000]
icmp_ln284_2      (icmp          ) [ 00000000000]
tmp_2             (partselect    ) [ 00000000000]
icmp_ln284_3      (icmp          ) [ 00000000000]
and_ln284         (and           ) [ 00000000000]
and_ln284_1       (and           ) [ 01111111111]
br_ln284          (br            ) [ 00000000000]
add_ln303         (add           ) [ 00000000000]
icmp_ln303        (icmp          ) [ 00110000000]
br_ln303          (br            ) [ 00000000000]
store_ln316       (store         ) [ 00000000000]
add_ln318         (add           ) [ 00000000000]
select_ln318      (select        ) [ 00000000000]
store_ln318       (store         ) [ 00000000000]
br_ln0            (br            ) [ 00000000000]
store_ln305       (store         ) [ 00000000000]
store_ln306       (store         ) [ 00000000000]
add_ln307         (add           ) [ 00000000000]
icmp_ln307        (icmp          ) [ 00100000000]
br_ln307          (br            ) [ 00000000000]
store_ln311       (store         ) [ 00000000000]
icmp_ln313        (icmp          ) [ 00000000000]
add_ln313         (add           ) [ 00000000000]
select_ln313      (select        ) [ 00110000000]
br_ln0            (br            ) [ 00110000000]
store_ln308       (store         ) [ 00000000000]
br_ln310          (br            ) [ 00110000000]
storemerge        (phi           ) [ 00010000000]
store_ln309       (store         ) [ 00000000000]
br_ln315          (br            ) [ 00000000000]
tmp               (call          ) [ 00000000000]
res_out           (extractvalue  ) [ 01000000001]
res_out_1         (extractvalue  ) [ 01000000001]
res_out_2         (extractvalue  ) [ 01000000001]
res_out_3         (extractvalue  ) [ 01000000001]
res_out_4         (extractvalue  ) [ 01000000001]
res_out_5         (extractvalue  ) [ 01000000001]
res_out_6         (extractvalue  ) [ 01000000001]
res_out_7         (extractvalue  ) [ 01000000001]
res_out_8         (extractvalue  ) [ 01000000001]
res_out_9         (extractvalue  ) [ 01000000001]
p_0               (bitconcatenate) [ 00000000000]
write_ln299       (write         ) [ 00000000000]
br_ln300          (br            ) [ 00000000000]
ret_ln320         (ret           ) [ 00000000000]
</LifeTime>

<model>

<comp_list>
<comp id="0" class="1000" name="p_read">
<pin_list>
<pin id="1" dir="1" index="0" bw="1" slack="0"/>
</pin_list>
<bind>
<StgValue><ssdm name="p_read"/></StgValue>
</bind>
</comp>

<comp id="2" class="1000" name="p_read1">
<pin_list>
<pin id="3" dir="1" index="0" bw="1" slack="0"/>
</pin_list>
<bind>
<StgValue><ssdm name="p_read1"/></StgValue>
</bind>
</comp>

<comp id="4" class="1000" name="p_read2">
<pin_list>
<pin id="5" dir="1" index="0" bw="1" slack="0"/>
</pin_list>
<bind>
<StgValue><ssdm name="p_read2"/></StgValue>
</bind>
</comp>

<comp id="6" class="1000" name="p_read3">
<pin_list>
<pin id="7" dir="1" index="0" bw="1" slack="0"/>
</pin_list>
<bind>
<StgValue><ssdm name="p_read3"/></StgValue>
</bind>
</comp>

<comp id="8" class="1000" name="p_read4">
<pin_list>
<pin id="9" dir="1" index="0" bw="1" slack="0"/>
</pin_list>
<bind>
<StgValue><ssdm name="p_read4"/></StgValue>
</bind>
</comp>

<comp id="10" class="1000" name="p_read5">
<pin_list>
<pin id="11" dir="1" index="0" bw="1" slack="0"/>
</pin_list>
<bind>
<StgValue><ssdm name="p_read5"/></StgValue>
</bind>
</comp>

<comp id="12" class="1000" name="p_read6">
<pin_list>
<pin id="13" dir="1" index="0" bw="1" slack="0"/>
</pin_list>
<bind>
<StgValue><ssdm name="p_read6"/></StgValue>
</bind>
</comp>

<comp id="14" class="1000" name="p_read7">
<pin_list>
<pin id="15" dir="1" index="0" bw="1" slack="0"/>
</pin_list>
<bind>
<StgValue><ssdm name="p_read7"/></StgValue>
</bind>
</comp>

<comp id="16" class="1000" name="layer10_out">
<pin_list>
<pin id="17" dir="1" index="0" bw="1" slack="0"/>
</pin_list>
<bind>
<StgValue><ssdm name="layer10_out"/></StgValue>
</bind>
</comp>

<comp id="18" class="1000" name="void_compute_output_buffer_2d_array_const_ap_shift_reg_n_chan_stream_weig_1">
<pin_list>
<pin id="19" dir="1" index="0" bw="1" slack="0"/>
</pin_list>
<bind>
<StgValue><ssdm name="void_compute_output_buffer_2d_array_const_ap_shift_reg_n_chan_stream_weig_1"/></StgValue>
</bind>
</comp>

<comp id="20" class="1000" name="void_compute_output_buffer_2d_array_const_ap_shift_reg_n_chan_stream_weig_9">
<pin_list>
<pin id="21" dir="1" index="0" bw="1" slack="0"/>
</pin_list>
<bind>
<StgValue><ssdm name="void_compute_output_buffer_2d_array_const_ap_shift_reg_n_chan_stream_weig_9"/></StgValue>
</bind>
</comp>

<comp id="22" class="1000" name="void_compute_output_buffer_2d_array_const_ap_shift_reg_n_chan_stream_weig">
<pin_list>
<pin id="23" dir="1" index="0" bw="1" slack="0"/>
</pin_list>
<bind>
<StgValue><ssdm name="void_compute_output_buffer_2d_array_const_ap_shift_reg_n_chan_stream_weig"/></StgValue>
</bind>
</comp>

<comp id="24" class="1000" name="void_compute_output_buffer_2d_array_const_ap_shift_reg_n_chan_stream_weig_8">
<pin_list>
<pin id="25" dir="1" index="0" bw="1" slack="0"/>
</pin_list>
<bind>
<StgValue><ssdm name="void_compute_output_buffer_2d_array_const_ap_shift_reg_n_chan_stream_weig_8"/></StgValue>
</bind>
</comp>

<comp id="26" class="1000" name="p_ZZN4nnet24compute_output_buffer_2dINS_5arrayI8ap_fixedILi16ELi6EL9ap_q_mode5EL9_61">
<pin_list>
<pin id="27" dir="1" index="0" bw="1" slack="0"/>
</pin_list>
<bind>
<StgValue><ssdm name="p_ZZN4nnet24compute_output_buffer_2dINS_5arrayI8ap_fixedILi16ELi6EL9ap_q_mode5EL9_61"/></StgValue>
</bind>
</comp>

<comp id="28" class="1000" name="void_compute_output_buffer_2d_array_const_ap_shift_reg_n_chan_stream_weig_7">
<pin_list>
<pin id="29" dir="1" index="0" bw="1" slack="0"/>
</pin_list>
<bind>
<StgValue><ssdm name="void_compute_output_buffer_2d_array_const_ap_shift_reg_n_chan_stream_weig_7"/></StgValue>
</bind>
</comp>

<comp id="30" class="1000" name="p_ZZN4nnet24compute_output_buffer_2dINS_5arrayI8ap_fixedILi16ELi6EL9ap_q_mode5EL9_60">
<pin_list>
<pin id="31" dir="1" index="0" bw="1" slack="0"/>
</pin_list>
<bind>
<StgValue><ssdm name="p_ZZN4nnet24compute_output_buffer_2dINS_5arrayI8ap_fixedILi16ELi6EL9ap_q_mode5EL9_60"/></StgValue>
</bind>
</comp>

<comp id="32" class="1000" name="void_compute_output_buffer_2d_array_const_ap_shift_reg_n_chan_stream_weig_6">
<pin_list>
<pin id="33" dir="1" index="0" bw="1" slack="0"/>
</pin_list>
<bind>
<StgValue><ssdm name="void_compute_output_buffer_2d_array_const_ap_shift_reg_n_chan_stream_weig_6"/></StgValue>
</bind>
</comp>

<comp id="34" class="1000" name="p_ZZN4nnet24compute_output_buffer_2dINS_5arrayI8ap_fixedILi16ELi6EL9ap_q_mode5EL9_59">
<pin_list>
<pin id="35" dir="1" index="0" bw="1" slack="0"/>
</pin_list>
<bind>
<StgValue><ssdm name="p_ZZN4nnet24compute_output_buffer_2dINS_5arrayI8ap_fixedILi16ELi6EL9ap_q_mode5EL9_59"/></StgValue>
</bind>
</comp>

<comp id="36" class="1000" name="void_compute_output_buffer_2d_array_const_ap_shift_reg_n_chan_stream_weig_5">
<pin_list>
<pin id="37" dir="1" index="0" bw="1" slack="0"/>
</pin_list>
<bind>
<StgValue><ssdm name="void_compute_output_buffer_2d_array_const_ap_shift_reg_n_chan_stream_weig_5"/></StgValue>
</bind>
</comp>

<comp id="38" class="1000" name="p_ZZN4nnet24compute_output_buffer_2dINS_5arrayI8ap_fixedILi16ELi6EL9ap_q_mode5EL9_58">
<pin_list>
<pin id="39" dir="1" index="0" bw="1" slack="0"/>
</pin_list>
<bind>
<StgValue><ssdm name="p_ZZN4nnet24compute_output_buffer_2dINS_5arrayI8ap_fixedILi16ELi6EL9ap_q_mode5EL9_58"/></StgValue>
</bind>
</comp>

<comp id="40" class="1000" name="void_compute_output_buffer_2d_array_const_ap_shift_reg_n_chan_stream_weig_4">
<pin_list>
<pin id="41" dir="1" index="0" bw="1" slack="0"/>
</pin_list>
<bind>
<StgValue><ssdm name="void_compute_output_buffer_2d_array_const_ap_shift_reg_n_chan_stream_weig_4"/></StgValue>
</bind>
</comp>

<comp id="42" class="1000" name="p_ZZN4nnet24compute_output_buffer_2dINS_5arrayI8ap_fixedILi16ELi6EL9ap_q_mode5EL9_57">
<pin_list>
<pin id="43" dir="1" index="0" bw="1" slack="0"/>
</pin_list>
<bind>
<StgValue><ssdm name="p_ZZN4nnet24compute_output_buffer_2dINS_5arrayI8ap_fixedILi16ELi6EL9ap_q_mode5EL9_57"/></StgValue>
</bind>
</comp>

<comp id="44" class="1000" name="void_compute_output_buffer_2d_array_const_ap_shift_reg_n_chan_stream_weig_3">
<pin_list>
<pin id="45" dir="1" index="0" bw="1" slack="0"/>
</pin_list>
<bind>
<StgValue><ssdm name="void_compute_output_buffer_2d_array_const_ap_shift_reg_n_chan_stream_weig_3"/></StgValue>
</bind>
</comp>

<comp id="46" class="1000" name="p_ZZN4nnet24compute_output_buffer_2dINS_5arrayI8ap_fixedILi16ELi6EL9ap_q_mode5EL9_56">
<pin_list>
<pin id="47" dir="1" index="0" bw="1" slack="0"/>
</pin_list>
<bind>
<StgValue><ssdm name="p_ZZN4nnet24compute_output_buffer_2dINS_5arrayI8ap_fixedILi16ELi6EL9ap_q_mode5EL9_56"/></StgValue>
</bind>
</comp>

<comp id="48" class="1000" name="void_compute_output_buffer_2d_array_const_ap_shift_reg_n_chan_stream_weig_2">
<pin_list>
<pin id="49" dir="1" index="0" bw="1" slack="0"/>
</pin_list>
<bind>
<StgValue><ssdm name="void_compute_output_buffer_2d_array_const_ap_shift_reg_n_chan_stream_weig_2"/></StgValue>
</bind>
</comp>

<comp id="50" class="1000" name="p_ZZN4nnet24compute_output_buffer_2dINS_5arrayI8ap_fixedILi16ELi6EL9ap_q_mode5EL9_39">
<pin_list>
<pin id="51" dir="1" index="0" bw="1" slack="0"/>
</pin_list>
<bind>
<StgValue><ssdm name="p_ZZN4nnet24compute_output_buffer_2dINS_5arrayI8ap_fixedILi16ELi6EL9ap_q_mode5EL9_39"/></StgValue>
</bind>
</comp>

<comp id="52" class="1000" name="p_ZZN4nnet24compute_output_buffer_2dINS_5arrayI8ap_fixedILi16ELi6EL9ap_q_mode5EL9_47">
<pin_list>
<pin id="53" dir="1" index="0" bw="1" slack="0"/>
</pin_list>
<bind>
<StgValue><ssdm name="p_ZZN4nnet24compute_output_buffer_2dINS_5arrayI8ap_fixedILi16ELi6EL9ap_q_mode5EL9_47"/></StgValue>
</bind>
</comp>

<comp id="54" class="1000" name="p_ZZN4nnet24compute_output_buffer_2dINS_5arrayI8ap_fixedILi16ELi6EL9ap_q_mode5EL9_38">
<pin_list>
<pin id="55" dir="1" index="0" bw="1" slack="0"/>
</pin_list>
<bind>
<StgValue><ssdm name="p_ZZN4nnet24compute_output_buffer_2dINS_5arrayI8ap_fixedILi16ELi6EL9ap_q_mode5EL9_38"/></StgValue>
</bind>
</comp>

<comp id="56" class="1000" name="p_ZZN4nnet24compute_output_buffer_2dINS_5arrayI8ap_fixedILi16ELi6EL9ap_q_mode5EL9_46">
<pin_list>
<pin id="57" dir="1" index="0" bw="1" slack="0"/>
</pin_list>
<bind>
<StgValue><ssdm name="p_ZZN4nnet24compute_output_buffer_2dINS_5arrayI8ap_fixedILi16ELi6EL9ap_q_mode5EL9_46"/></StgValue>
</bind>
</comp>

<comp id="58" class="1000" name="p_ZZN4nnet24compute_output_buffer_2dINS_5arrayI8ap_fixedILi16ELi6EL9ap_q_mode5EL9_37">
<pin_list>
<pin id="59" dir="1" index="0" bw="1" slack="0"/>
</pin_list>
<bind>
<StgValue><ssdm name="p_ZZN4nnet24compute_output_buffer_2dINS_5arrayI8ap_fixedILi16ELi6EL9ap_q_mode5EL9_37"/></StgValue>
</bind>
</comp>

<comp id="60" class="1000" name="p_ZZN4nnet24compute_output_buffer_2dINS_5arrayI8ap_fixedILi16ELi6EL9ap_q_mode5EL9_45">
<pin_list>
<pin id="61" dir="1" index="0" bw="1" slack="0"/>
</pin_list>
<bind>
<StgValue><ssdm name="p_ZZN4nnet24compute_output_buffer_2dINS_5arrayI8ap_fixedILi16ELi6EL9ap_q_mode5EL9_45"/></StgValue>
</bind>
</comp>

<comp id="62" class="1000" name="p_ZZN4nnet24compute_output_buffer_2dINS_5arrayI8ap_fixedILi16ELi6EL9ap_q_mode5EL9_36">
<pin_list>
<pin id="63" dir="1" index="0" bw="1" slack="0"/>
</pin_list>
<bind>
<StgValue><ssdm name="p_ZZN4nnet24compute_output_buffer_2dINS_5arrayI8ap_fixedILi16ELi6EL9ap_q_mode5EL9_36"/></StgValue>
</bind>
</comp>

<comp id="64" class="1000" name="p_ZZN4nnet24compute_output_buffer_2dINS_5arrayI8ap_fixedILi16ELi6EL9ap_q_mode5EL9_44">
<pin_list>
<pin id="65" dir="1" index="0" bw="1" slack="0"/>
</pin_list>
<bind>
<StgValue><ssdm name="p_ZZN4nnet24compute_output_buffer_2dINS_5arrayI8ap_fixedILi16ELi6EL9ap_q_mode5EL9_44"/></StgValue>
</bind>
</comp>

<comp id="66" class="1000" name="p_ZZN4nnet24compute_output_buffer_2dINS_5arrayI8ap_fixedILi16ELi6EL9ap_q_mode5EL9_35">
<pin_list>
<pin id="67" dir="1" index="0" bw="1" slack="0"/>
</pin_list>
<bind>
<StgValue><ssdm name="p_ZZN4nnet24compute_output_buffer_2dINS_5arrayI8ap_fixedILi16ELi6EL9ap_q_mode5EL9_35"/></StgValue>
</bind>
</comp>

<comp id="68" class="1000" name="p_ZZN4nnet24compute_output_buffer_2dINS_5arrayI8ap_fixedILi16ELi6EL9ap_q_mode5EL9_43">
<pin_list>
<pin id="69" dir="1" index="0" bw="1" slack="0"/>
</pin_list>
<bind>
<StgValue><ssdm name="p_ZZN4nnet24compute_output_buffer_2dINS_5arrayI8ap_fixedILi16ELi6EL9ap_q_mode5EL9_43"/></StgValue>
</bind>
</comp>

<comp id="70" class="1000" name="p_ZZN4nnet24compute_output_buffer_2dINS_5arrayI8ap_fixedILi16ELi6EL9ap_q_mode5EL9_34">
<pin_list>
<pin id="71" dir="1" index="0" bw="1" slack="0"/>
</pin_list>
<bind>
<StgValue><ssdm name="p_ZZN4nnet24compute_output_buffer_2dINS_5arrayI8ap_fixedILi16ELi6EL9ap_q_mode5EL9_34"/></StgValue>
</bind>
</comp>

<comp id="72" class="1000" name="p_ZZN4nnet24compute_output_buffer_2dINS_5arrayI8ap_fixedILi16ELi6EL9ap_q_mode5EL9_42">
<pin_list>
<pin id="73" dir="1" index="0" bw="1" slack="0"/>
</pin_list>
<bind>
<StgValue><ssdm name="p_ZZN4nnet24compute_output_buffer_2dINS_5arrayI8ap_fixedILi16ELi6EL9ap_q_mode5EL9_42"/></StgValue>
</bind>
</comp>

<comp id="74" class="1000" name="p_ZZN4nnet24compute_output_buffer_2dINS_5arrayI8ap_fixedILi16ELi6EL9ap_q_mode5EL9_33">
<pin_list>
<pin id="75" dir="1" index="0" bw="1" slack="0"/>
</pin_list>
<bind>
<StgValue><ssdm name="p_ZZN4nnet24compute_output_buffer_2dINS_5arrayI8ap_fixedILi16ELi6EL9ap_q_mode5EL9_33"/></StgValue>
</bind>
</comp>

<comp id="76" class="1000" name="p_ZZN4nnet24compute_output_buffer_2dINS_5arrayI8ap_fixedILi16ELi6EL9ap_q_mode5EL9_41">
<pin_list>
<pin id="77" dir="1" index="0" bw="1" slack="0"/>
</pin_list>
<bind>
<StgValue><ssdm name="p_ZZN4nnet24compute_output_buffer_2dINS_5arrayI8ap_fixedILi16ELi6EL9ap_q_mode5EL9_41"/></StgValue>
</bind>
</comp>

<comp id="78" class="1000" name="p_ZZN4nnet24compute_output_buffer_2dINS_5arrayI8ap_fixedILi16ELi6EL9ap_q_mode5EL9_32">
<pin_list>
<pin id="79" dir="1" index="0" bw="1" slack="0"/>
</pin_list>
<bind>
<StgValue><ssdm name="p_ZZN4nnet24compute_output_buffer_2dINS_5arrayI8ap_fixedILi16ELi6EL9ap_q_mode5EL9_32"/></StgValue>
</bind>
</comp>

<comp id="80" class="1000" name="p_ZZN4nnet24compute_output_buffer_2dINS_5arrayI8ap_fixedILi16ELi6EL9ap_q_mode5EL9_40">
<pin_list>
<pin id="81" dir="1" index="0" bw="1" slack="0"/>
</pin_list>
<bind>
<StgValue><ssdm name="p_ZZN4nnet24compute_output_buffer_2dINS_5arrayI8ap_fixedILi16ELi6EL9ap_q_mode5EL9_40"/></StgValue>
</bind>
</comp>

<comp id="82" class="1000" name="p_ZZN4nnet24compute_output_buffer_2dINS_5arrayI8ap_fixedILi16ELi6EL9ap_q_mode5EL9_15">
<pin_list>
<pin id="83" dir="1" index="0" bw="1" slack="0"/>
</pin_list>
<bind>
<StgValue><ssdm name="p_ZZN4nnet24compute_output_buffer_2dINS_5arrayI8ap_fixedILi16ELi6EL9ap_q_mode5EL9_15"/></StgValue>
</bind>
</comp>

<comp id="84" class="1000" name="p_ZZN4nnet24compute_output_buffer_2dINS_5arrayI8ap_fixedILi16ELi6EL9ap_q_mode5EL9_23">
<pin_list>
<pin id="85" dir="1" index="0" bw="1" slack="0"/>
</pin_list>
<bind>
<StgValue><ssdm name="p_ZZN4nnet24compute_output_buffer_2dINS_5arrayI8ap_fixedILi16ELi6EL9ap_q_mode5EL9_23"/></StgValue>
</bind>
</comp>

<comp id="86" class="1000" name="p_ZZN4nnet24compute_output_buffer_2dINS_5arrayI8ap_fixedILi16ELi6EL9ap_q_mode5EL9_14">
<pin_list>
<pin id="87" dir="1" index="0" bw="1" slack="0"/>
</pin_list>
<bind>
<StgValue><ssdm name="p_ZZN4nnet24compute_output_buffer_2dINS_5arrayI8ap_fixedILi16ELi6EL9ap_q_mode5EL9_14"/></StgValue>
</bind>
</comp>

<comp id="88" class="1000" name="p_ZZN4nnet24compute_output_buffer_2dINS_5arrayI8ap_fixedILi16ELi6EL9ap_q_mode5EL9_22">
<pin_list>
<pin id="89" dir="1" index="0" bw="1" slack="0"/>
</pin_list>
<bind>
<StgValue><ssdm name="p_ZZN4nnet24compute_output_buffer_2dINS_5arrayI8ap_fixedILi16ELi6EL9ap_q_mode5EL9_22"/></StgValue>
</bind>
</comp>

<comp id="90" class="1000" name="p_ZZN4nnet24compute_output_buffer_2dINS_5arrayI8ap_fixedILi16ELi6EL9ap_q_mode5EL9_13">
<pin_list>
<pin id="91" dir="1" index="0" bw="1" slack="0"/>
</pin_list>
<bind>
<StgValue><ssdm name="p_ZZN4nnet24compute_output_buffer_2dINS_5arrayI8ap_fixedILi16ELi6EL9ap_q_mode5EL9_13"/></StgValue>
</bind>
</comp>

<comp id="92" class="1000" name="p_ZZN4nnet24compute_output_buffer_2dINS_5arrayI8ap_fixedILi16ELi6EL9ap_q_mode5EL9_21">
<pin_list>
<pin id="93" dir="1" index="0" bw="1" slack="0"/>
</pin_list>
<bind>
<StgValue><ssdm name="p_ZZN4nnet24compute_output_buffer_2dINS_5arrayI8ap_fixedILi16ELi6EL9ap_q_mode5EL9_21"/></StgValue>
</bind>
</comp>

<comp id="94" class="1000" name="p_ZZN4nnet24compute_output_buffer_2dINS_5arrayI8ap_fixedILi16ELi6EL9ap_q_mode5EL9_12">
<pin_list>
<pin id="95" dir="1" index="0" bw="1" slack="0"/>
</pin_list>
<bind>
<StgValue><ssdm name="p_ZZN4nnet24compute_output_buffer_2dINS_5arrayI8ap_fixedILi16ELi6EL9ap_q_mode5EL9_12"/></StgValue>
</bind>
</comp>

<comp id="96" class="1000" name="p_ZZN4nnet24compute_output_buffer_2dINS_5arrayI8ap_fixedILi16ELi6EL9ap_q_mode5EL9_20">
<pin_list>
<pin id="97" dir="1" index="0" bw="1" slack="0"/>
</pin_list>
<bind>
<StgValue><ssdm name="p_ZZN4nnet24compute_output_buffer_2dINS_5arrayI8ap_fixedILi16ELi6EL9ap_q_mode5EL9_20"/></StgValue>
</bind>
</comp>

<comp id="98" class="1000" name="p_ZZN4nnet24compute_output_buffer_2dINS_5arrayI8ap_fixedILi16ELi6EL9ap_q_mode5EL9_11">
<pin_list>
<pin id="99" dir="1" index="0" bw="1" slack="0"/>
</pin_list>
<bind>
<StgValue><ssdm name="p_ZZN4nnet24compute_output_buffer_2dINS_5arrayI8ap_fixedILi16ELi6EL9ap_q_mode5EL9_11"/></StgValue>
</bind>
</comp>

<comp id="100" class="1000" name="p_ZZN4nnet24compute_output_buffer_2dINS_5arrayI8ap_fixedILi16ELi6EL9ap_q_mode5EL9_19">
<pin_list>
<pin id="101" dir="1" index="0" bw="1" slack="0"/>
</pin_list>
<bind>
<StgValue><ssdm name="p_ZZN4nnet24compute_output_buffer_2dINS_5arrayI8ap_fixedILi16ELi6EL9ap_q_mode5EL9_19"/></StgValue>
</bind>
</comp>

<comp id="102" class="1000" name="p_ZZN4nnet24compute_output_buffer_2dINS_5arrayI8ap_fixedILi16ELi6EL9ap_q_mode5EL9_10">
<pin_list>
<pin id="103" dir="1" index="0" bw="1" slack="0"/>
</pin_list>
<bind>
<StgValue><ssdm name="p_ZZN4nnet24compute_output_buffer_2dINS_5arrayI8ap_fixedILi16ELi6EL9ap_q_mode5EL9_10"/></StgValue>
</bind>
</comp>

<comp id="104" class="1000" name="p_ZZN4nnet24compute_output_buffer_2dINS_5arrayI8ap_fixedILi16ELi6EL9ap_q_mode5EL9_18">
<pin_list>
<pin id="105" dir="1" index="0" bw="1" slack="0"/>
</pin_list>
<bind>
<StgValue><ssdm name="p_ZZN4nnet24compute_output_buffer_2dINS_5arrayI8ap_fixedILi16ELi6EL9ap_q_mode5EL9_18"/></StgValue>
</bind>
</comp>

<comp id="106" class="1000" name="p_ZZN4nnet24compute_output_buffer_2dINS_5arrayI8ap_fixedILi16ELi6EL9ap_q_mode5EL9_9">
<pin_list>
<pin id="107" dir="1" index="0" bw="1" slack="0"/>
</pin_list>
<bind>
<StgValue><ssdm name="p_ZZN4nnet24compute_output_buffer_2dINS_5arrayI8ap_fixedILi16ELi6EL9ap_q_mode5EL9_9"/></StgValue>
</bind>
</comp>

<comp id="108" class="1000" name="p_ZZN4nnet24compute_output_buffer_2dINS_5arrayI8ap_fixedILi16ELi6EL9ap_q_mode5EL9_17">
<pin_list>
<pin id="109" dir="1" index="0" bw="1" slack="0"/>
</pin_list>
<bind>
<StgValue><ssdm name="p_ZZN4nnet24compute_output_buffer_2dINS_5arrayI8ap_fixedILi16ELi6EL9ap_q_mode5EL9_17"/></StgValue>
</bind>
</comp>

<comp id="110" class="1000" name="p_ZZN4nnet24compute_output_buffer_2dINS_5arrayI8ap_fixedILi16ELi6EL9ap_q_mode5EL9_8">
<pin_list>
<pin id="111" dir="1" index="0" bw="1" slack="0"/>
</pin_list>
<bind>
<StgValue><ssdm name="p_ZZN4nnet24compute_output_buffer_2dINS_5arrayI8ap_fixedILi16ELi6EL9ap_q_mode5EL9_8"/></StgValue>
</bind>
</comp>

<comp id="112" class="1000" name="p_ZZN4nnet24compute_output_buffer_2dINS_5arrayI8ap_fixedILi16ELi6EL9ap_q_mode5EL9_16">
<pin_list>
<pin id="113" dir="1" index="0" bw="1" slack="0"/>
</pin_list>
<bind>
<StgValue><ssdm name="p_ZZN4nnet24compute_output_buffer_2dINS_5arrayI8ap_fixedILi16ELi6EL9ap_q_mode5EL9_16"/></StgValue>
</bind>
</comp>

<comp id="114" class="1000" name="p_ZZN4nnet24compute_output_buffer_2dINS_5arrayI8ap_fixedILi16ELi6EL9ap_q_mode5EL9_55">
<pin_list>
<pin id="115" dir="1" index="0" bw="1" slack="0"/>
</pin_list>
<bind>
<StgValue><ssdm name="p_ZZN4nnet24compute_output_buffer_2dINS_5arrayI8ap_fixedILi16ELi6EL9ap_q_mode5EL9_55"/></StgValue>
</bind>
</comp>

<comp id="116" class="1000" name="p_ZZN4nnet24compute_output_buffer_2dINS_5arrayI8ap_fixedILi16ELi6EL9ap_q_mode5EL9_54">
<pin_list>
<pin id="117" dir="1" index="0" bw="1" slack="0"/>
</pin_list>
<bind>
<StgValue><ssdm name="p_ZZN4nnet24compute_output_buffer_2dINS_5arrayI8ap_fixedILi16ELi6EL9ap_q_mode5EL9_54"/></StgValue>
</bind>
</comp>

<comp id="118" class="1000" name="p_ZZN4nnet24compute_output_buffer_2dINS_5arrayI8ap_fixedILi16ELi6EL9ap_q_mode5EL9_53">
<pin_list>
<pin id="119" dir="1" index="0" bw="1" slack="0"/>
</pin_list>
<bind>
<StgValue><ssdm name="p_ZZN4nnet24compute_output_buffer_2dINS_5arrayI8ap_fixedILi16ELi6EL9ap_q_mode5EL9_53"/></StgValue>
</bind>
</comp>

<comp id="120" class="1000" name="p_ZZN4nnet24compute_output_buffer_2dINS_5arrayI8ap_fixedILi16ELi6EL9ap_q_mode5EL9_52">
<pin_list>
<pin id="121" dir="1" index="0" bw="1" slack="0"/>
</pin_list>
<bind>
<StgValue><ssdm name="p_ZZN4nnet24compute_output_buffer_2dINS_5arrayI8ap_fixedILi16ELi6EL9ap_q_mode5EL9_52"/></StgValue>
</bind>
</comp>

<comp id="122" class="1000" name="p_ZZN4nnet24compute_output_buffer_2dINS_5arrayI8ap_fixedILi16ELi6EL9ap_q_mode5EL9_51">
<pin_list>
<pin id="123" dir="1" index="0" bw="1" slack="0"/>
</pin_list>
<bind>
<StgValue><ssdm name="p_ZZN4nnet24compute_output_buffer_2dINS_5arrayI8ap_fixedILi16ELi6EL9ap_q_mode5EL9_51"/></StgValue>
</bind>
</comp>

<comp id="124" class="1000" name="p_ZZN4nnet24compute_output_buffer_2dINS_5arrayI8ap_fixedILi16ELi6EL9ap_q_mode5EL9_50">
<pin_list>
<pin id="125" dir="1" index="0" bw="1" slack="0"/>
</pin_list>
<bind>
<StgValue><ssdm name="p_ZZN4nnet24compute_output_buffer_2dINS_5arrayI8ap_fixedILi16ELi6EL9ap_q_mode5EL9_50"/></StgValue>
</bind>
</comp>

<comp id="126" class="1000" name="p_ZZN4nnet24compute_output_buffer_2dINS_5arrayI8ap_fixedILi16ELi6EL9ap_q_mode5EL9_49">
<pin_list>
<pin id="127" dir="1" index="0" bw="1" slack="0"/>
</pin_list>
<bind>
<StgValue><ssdm name="p_ZZN4nnet24compute_output_buffer_2dINS_5arrayI8ap_fixedILi16ELi6EL9ap_q_mode5EL9_49"/></StgValue>
</bind>
</comp>

<comp id="128" class="1000" name="p_ZZN4nnet24compute_output_buffer_2dINS_5arrayI8ap_fixedILi16ELi6EL9ap_q_mode5EL9_48">
<pin_list>
<pin id="129" dir="1" index="0" bw="1" slack="0"/>
</pin_list>
<bind>
<StgValue><ssdm name="p_ZZN4nnet24compute_output_buffer_2dINS_5arrayI8ap_fixedILi16ELi6EL9ap_q_mode5EL9_48"/></StgValue>
</bind>
</comp>

<comp id="130" class="1000" name="p_ZZN4nnet24compute_output_buffer_2dINS_5arrayI8ap_fixedILi16ELi6EL9ap_q_mode5EL9_31">
<pin_list>
<pin id="131" dir="1" index="0" bw="1" slack="0"/>
</pin_list>
<bind>
<StgValue><ssdm name="p_ZZN4nnet24compute_output_buffer_2dINS_5arrayI8ap_fixedILi16ELi6EL9ap_q_mode5EL9_31"/></StgValue>
</bind>
</comp>

<comp id="132" class="1000" name="p_ZZN4nnet24compute_output_buffer_2dINS_5arrayI8ap_fixedILi16ELi6EL9ap_q_mode5EL9_30">
<pin_list>
<pin id="133" dir="1" index="0" bw="1" slack="0"/>
</pin_list>
<bind>
<StgValue><ssdm name="p_ZZN4nnet24compute_output_buffer_2dINS_5arrayI8ap_fixedILi16ELi6EL9ap_q_mode5EL9_30"/></StgValue>
</bind>
</comp>

<comp id="134" class="1000" name="p_ZZN4nnet24compute_output_buffer_2dINS_5arrayI8ap_fixedILi16ELi6EL9ap_q_mode5EL9_29">
<pin_list>
<pin id="135" dir="1" index="0" bw="1" slack="0"/>
</pin_list>
<bind>
<StgValue><ssdm name="p_ZZN4nnet24compute_output_buffer_2dINS_5arrayI8ap_fixedILi16ELi6EL9ap_q_mode5EL9_29"/></StgValue>
</bind>
</comp>

<comp id="136" class="1000" name="p_ZZN4nnet24compute_output_buffer_2dINS_5arrayI8ap_fixedILi16ELi6EL9ap_q_mode5EL9_28">
<pin_list>
<pin id="137" dir="1" index="0" bw="1" slack="0"/>
</pin_list>
<bind>
<StgValue><ssdm name="p_ZZN4nnet24compute_output_buffer_2dINS_5arrayI8ap_fixedILi16ELi6EL9ap_q_mode5EL9_28"/></StgValue>
</bind>
</comp>

<comp id="138" class="1000" name="p_ZZN4nnet24compute_output_buffer_2dINS_5arrayI8ap_fixedILi16ELi6EL9ap_q_mode5EL9_27">
<pin_list>
<pin id="139" dir="1" index="0" bw="1" slack="0"/>
</pin_list>
<bind>
<StgValue><ssdm name="p_ZZN4nnet24compute_output_buffer_2dINS_5arrayI8ap_fixedILi16ELi6EL9ap_q_mode5EL9_27"/></StgValue>
</bind>
</comp>

<comp id="140" class="1000" name="p_ZZN4nnet24compute_output_buffer_2dINS_5arrayI8ap_fixedILi16ELi6EL9ap_q_mode5EL9_26">
<pin_list>
<pin id="141" dir="1" index="0" bw="1" slack="0"/>
</pin_list>
<bind>
<StgValue><ssdm name="p_ZZN4nnet24compute_output_buffer_2dINS_5arrayI8ap_fixedILi16ELi6EL9ap_q_mode5EL9_26"/></StgValue>
</bind>
</comp>

<comp id="142" class="1000" name="p_ZZN4nnet24compute_output_buffer_2dINS_5arrayI8ap_fixedILi16ELi6EL9ap_q_mode5EL9_25">
<pin_list>
<pin id="143" dir="1" index="0" bw="1" slack="0"/>
</pin_list>
<bind>
<StgValue><ssdm name="p_ZZN4nnet24compute_output_buffer_2dINS_5arrayI8ap_fixedILi16ELi6EL9ap_q_mode5EL9_25"/></StgValue>
</bind>
</comp>

<comp id="144" class="1000" name="p_ZZN4nnet24compute_output_buffer_2dINS_5arrayI8ap_fixedILi16ELi6EL9ap_q_mode5EL9_24">
<pin_list>
<pin id="145" dir="1" index="0" bw="1" slack="0"/>
</pin_list>
<bind>
<StgValue><ssdm name="p_ZZN4nnet24compute_output_buffer_2dINS_5arrayI8ap_fixedILi16ELi6EL9ap_q_mode5EL9_24"/></StgValue>
</bind>
</comp>

<comp id="146" class="1000" name="p_ZZN4nnet24compute_output_buffer_2dINS_5arrayI8ap_fixedILi16ELi6EL9ap_q_mode5EL9_7">
<pin_list>
<pin id="147" dir="1" index="0" bw="1" slack="0"/>
</pin_list>
<bind>
<StgValue><ssdm name="p_ZZN4nnet24compute_output_buffer_2dINS_5arrayI8ap_fixedILi16ELi6EL9ap_q_mode5EL9_7"/></StgValue>
</bind>
</comp>

<comp id="148" class="1000" name="p_ZZN4nnet24compute_output_buffer_2dINS_5arrayI8ap_fixedILi16ELi6EL9ap_q_mode5EL9_6">
<pin_list>
<pin id="149" dir="1" index="0" bw="1" slack="0"/>
</pin_list>
<bind>
<StgValue><ssdm name="p_ZZN4nnet24compute_output_buffer_2dINS_5arrayI8ap_fixedILi16ELi6EL9ap_q_mode5EL9_6"/></StgValue>
</bind>
</comp>

<comp id="150" class="1000" name="p_ZZN4nnet24compute_output_buffer_2dINS_5arrayI8ap_fixedILi16ELi6EL9ap_q_mode5EL9_5">
<pin_list>
<pin id="151" dir="1" index="0" bw="1" slack="0"/>
</pin_list>
<bind>
<StgValue><ssdm name="p_ZZN4nnet24compute_output_buffer_2dINS_5arrayI8ap_fixedILi16ELi6EL9ap_q_mode5EL9_5"/></StgValue>
</bind>
</comp>

<comp id="152" class="1000" name="p_ZZN4nnet24compute_output_buffer_2dINS_5arrayI8ap_fixedILi16ELi6EL9ap_q_mode5EL9_4">
<pin_list>
<pin id="153" dir="1" index="0" bw="1" slack="0"/>
</pin_list>
<bind>
<StgValue><ssdm name="p_ZZN4nnet24compute_output_buffer_2dINS_5arrayI8ap_fixedILi16ELi6EL9ap_q_mode5EL9_4"/></StgValue>
</bind>
</comp>

<comp id="154" class="1000" name="p_ZZN4nnet24compute_output_buffer_2dINS_5arrayI8ap_fixedILi16ELi6EL9ap_q_mode5EL9_3">
<pin_list>
<pin id="155" dir="1" index="0" bw="1" slack="0"/>
</pin_list>
<bind>
<StgValue><ssdm name="p_ZZN4nnet24compute_output_buffer_2dINS_5arrayI8ap_fixedILi16ELi6EL9ap_q_mode5EL9_3"/></StgValue>
</bind>
</comp>

<comp id="156" class="1000" name="p_ZZN4nnet24compute_output_buffer_2dINS_5arrayI8ap_fixedILi16ELi6EL9ap_q_mode5EL9_2">
<pin_list>
<pin id="157" dir="1" index="0" bw="1" slack="0"/>
</pin_list>
<bind>
<StgValue><ssdm name="p_ZZN4nnet24compute_output_buffer_2dINS_5arrayI8ap_fixedILi16ELi6EL9ap_q_mode5EL9_2"/></StgValue>
</bind>
</comp>

<comp id="158" class="1000" name="p_ZZN4nnet24compute_output_buffer_2dINS_5arrayI8ap_fixedILi16ELi6EL9ap_q_mode5EL9_1">
<pin_list>
<pin id="159" dir="1" index="0" bw="1" slack="0"/>
</pin_list>
<bind>
<StgValue><ssdm name="p_ZZN4nnet24compute_output_buffer_2dINS_5arrayI8ap_fixedILi16ELi6EL9ap_q_mode5EL9_1"/></StgValue>
</bind>
</comp>

<comp id="160" class="1000" name="p_ZZN4nnet24compute_output_buffer_2dINS_5arrayI8ap_fixedILi16ELi6EL9ap_q_mode5EL9">
<pin_list>
<pin id="161" dir="1" index="0" bw="1" slack="0"/>
</pin_list>
<bind>
<StgValue><ssdm name="p_ZZN4nnet24compute_output_buffer_2dINS_5arrayI8ap_fixedILi16ELi6EL9ap_q_mode5EL9"/></StgValue>
</bind>
</comp>

<comp id="162" class="1000" name="p_ZZN4nnet25conv_2d_buffer_latency_clINS_5arrayI8ap_fixedILi16ELi6EL9ap_q_mode5EL_15">
<pin_list>
<pin id="163" dir="1" index="0" bw="1" slack="0"/>
</pin_list>
<bind>
<StgValue><ssdm name="p_ZZN4nnet25conv_2d_buffer_latency_clINS_5arrayI8ap_fixedILi16ELi6EL9ap_q_mode5EL_15"/><MemPortTyVec>2 </MemPortTyVec>
</StgValue>
</bind>
</comp>

<comp id="164" class="1000" name="p_ZZN4nnet25conv_2d_buffer_latency_clINS_5arrayI8ap_fixedILi16ELi6EL9ap_q_mode5EL_7">
<pin_list>
<pin id="165" dir="1" index="0" bw="1" slack="0"/>
</pin_list>
<bind>
<StgValue><ssdm name="p_ZZN4nnet25conv_2d_buffer_latency_clINS_5arrayI8ap_fixedILi16ELi6EL9ap_q_mode5EL_7"/><MemPortTyVec>2 </MemPortTyVec>
</StgValue>
</bind>
</comp>

<comp id="166" class="1000" name="p_ZZN4nnet25conv_2d_buffer_latency_clINS_5arrayI8ap_fixedILi16ELi6EL9ap_q_mode5EL_14">
<pin_list>
<pin id="167" dir="1" index="0" bw="1" slack="0"/>
</pin_list>
<bind>
<StgValue><ssdm name="p_ZZN4nnet25conv_2d_buffer_latency_clINS_5arrayI8ap_fixedILi16ELi6EL9ap_q_mode5EL_14"/><MemPortTyVec>2 </MemPortTyVec>
</StgValue>
</bind>
</comp>

<comp id="168" class="1000" name="p_ZZN4nnet25conv_2d_buffer_latency_clINS_5arrayI8ap_fixedILi16ELi6EL9ap_q_mode5EL_6">
<pin_list>
<pin id="169" dir="1" index="0" bw="1" slack="0"/>
</pin_list>
<bind>
<StgValue><ssdm name="p_ZZN4nnet25conv_2d_buffer_latency_clINS_5arrayI8ap_fixedILi16ELi6EL9ap_q_mode5EL_6"/><MemPortTyVec>2 </MemPortTyVec>
</StgValue>
</bind>
</comp>

<comp id="170" class="1000" name="p_ZZN4nnet25conv_2d_buffer_latency_clINS_5arrayI8ap_fixedILi16ELi6EL9ap_q_mode5EL_13">
<pin_list>
<pin id="171" dir="1" index="0" bw="1" slack="0"/>
</pin_list>
<bind>
<StgValue><ssdm name="p_ZZN4nnet25conv_2d_buffer_latency_clINS_5arrayI8ap_fixedILi16ELi6EL9ap_q_mode5EL_13"/><MemPortTyVec>2 </MemPortTyVec>
</StgValue>
</bind>
</comp>

<comp id="172" class="1000" name="p_ZZN4nnet25conv_2d_buffer_latency_clINS_5arrayI8ap_fixedILi16ELi6EL9ap_q_mode5EL_5">
<pin_list>
<pin id="173" dir="1" index="0" bw="1" slack="0"/>
</pin_list>
<bind>
<StgValue><ssdm name="p_ZZN4nnet25conv_2d_buffer_latency_clINS_5arrayI8ap_fixedILi16ELi6EL9ap_q_mode5EL_5"/><MemPortTyVec>2 </MemPortTyVec>
</StgValue>
</bind>
</comp>

<comp id="174" class="1000" name="p_ZZN4nnet25conv_2d_buffer_latency_clINS_5arrayI8ap_fixedILi16ELi6EL9ap_q_mode5EL_12">
<pin_list>
<pin id="175" dir="1" index="0" bw="1" slack="0"/>
</pin_list>
<bind>
<StgValue><ssdm name="p_ZZN4nnet25conv_2d_buffer_latency_clINS_5arrayI8ap_fixedILi16ELi6EL9ap_q_mode5EL_12"/><MemPortTyVec>2 </MemPortTyVec>
</StgValue>
</bind>
</comp>

<comp id="176" class="1000" name="p_ZZN4nnet25conv_2d_buffer_latency_clINS_5arrayI8ap_fixedILi16ELi6EL9ap_q_mode5EL_4">
<pin_list>
<pin id="177" dir="1" index="0" bw="1" slack="0"/>
</pin_list>
<bind>
<StgValue><ssdm name="p_ZZN4nnet25conv_2d_buffer_latency_clINS_5arrayI8ap_fixedILi16ELi6EL9ap_q_mode5EL_4"/><MemPortTyVec>2 </MemPortTyVec>
</StgValue>
</bind>
</comp>

<comp id="178" class="1000" name="p_ZZN4nnet25conv_2d_buffer_latency_clINS_5arrayI8ap_fixedILi16ELi6EL9ap_q_mode5EL_11">
<pin_list>
<pin id="179" dir="1" index="0" bw="1" slack="0"/>
</pin_list>
<bind>
<StgValue><ssdm name="p_ZZN4nnet25conv_2d_buffer_latency_clINS_5arrayI8ap_fixedILi16ELi6EL9ap_q_mode5EL_11"/><MemPortTyVec>2 </MemPortTyVec>
</StgValue>
</bind>
</comp>

<comp id="180" class="1000" name="p_ZZN4nnet25conv_2d_buffer_latency_clINS_5arrayI8ap_fixedILi16ELi6EL9ap_q_mode5EL_3">
<pin_list>
<pin id="181" dir="1" index="0" bw="1" slack="0"/>
</pin_list>
<bind>
<StgValue><ssdm name="p_ZZN4nnet25conv_2d_buffer_latency_clINS_5arrayI8ap_fixedILi16ELi6EL9ap_q_mode5EL_3"/><MemPortTyVec>2 </MemPortTyVec>
</StgValue>
</bind>
</comp>

<comp id="182" class="1000" name="p_ZZN4nnet25conv_2d_buffer_latency_clINS_5arrayI8ap_fixedILi16ELi6EL9ap_q_mode5EL_10">
<pin_list>
<pin id="183" dir="1" index="0" bw="1" slack="0"/>
</pin_list>
<bind>
<StgValue><ssdm name="p_ZZN4nnet25conv_2d_buffer_latency_clINS_5arrayI8ap_fixedILi16ELi6EL9ap_q_mode5EL_10"/><MemPortTyVec>2 </MemPortTyVec>
</StgValue>
</bind>
</comp>

<comp id="184" class="1000" name="p_ZZN4nnet25conv_2d_buffer_latency_clINS_5arrayI8ap_fixedILi16ELi6EL9ap_q_mode5EL_2">
<pin_list>
<pin id="185" dir="1" index="0" bw="1" slack="0"/>
</pin_list>
<bind>
<StgValue><ssdm name="p_ZZN4nnet25conv_2d_buffer_latency_clINS_5arrayI8ap_fixedILi16ELi6EL9ap_q_mode5EL_2"/><MemPortTyVec>2 </MemPortTyVec>
</StgValue>
</bind>
</comp>

<comp id="186" class="1000" name="p_ZZN4nnet25conv_2d_buffer_latency_clINS_5arrayI8ap_fixedILi16ELi6EL9ap_q_mode5EL_9">
<pin_list>
<pin id="187" dir="1" index="0" bw="1" slack="0"/>
</pin_list>
<bind>
<StgValue><ssdm name="p_ZZN4nnet25conv_2d_buffer_latency_clINS_5arrayI8ap_fixedILi16ELi6EL9ap_q_mode5EL_9"/><MemPortTyVec>2 </MemPortTyVec>
</StgValue>
</bind>
</comp>

<comp id="188" class="1000" name="p_ZZN4nnet25conv_2d_buffer_latency_clINS_5arrayI8ap_fixedILi16ELi6EL9ap_q_mode5EL_1">
<pin_list>
<pin id="189" dir="1" index="0" bw="1" slack="0"/>
</pin_list>
<bind>
<StgValue><ssdm name="p_ZZN4nnet25conv_2d_buffer_latency_clINS_5arrayI8ap_fixedILi16ELi6EL9ap_q_mode5EL_1"/><MemPortTyVec>2 </MemPortTyVec>
</StgValue>
</bind>
</comp>

<comp id="190" class="1000" name="p_ZZN4nnet25conv_2d_buffer_latency_clINS_5arrayI8ap_fixedILi16ELi6EL9ap_q_mode5EL_8">
<pin_list>
<pin id="191" dir="1" index="0" bw="1" slack="0"/>
</pin_list>
<bind>
<StgValue><ssdm name="p_ZZN4nnet25conv_2d_buffer_latency_clINS_5arrayI8ap_fixedILi16ELi6EL9ap_q_mode5EL_8"/><MemPortTyVec>2 </MemPortTyVec>
</StgValue>
</bind>
</comp>

<comp id="192" class="1000" name="p_ZZN4nnet25conv_2d_buffer_latency_clINS_5arrayI8ap_fixedILi16ELi6EL9ap_q_mode5EL">
<pin_list>
<pin id="193" dir="1" index="0" bw="1" slack="0"/>
</pin_list>
<bind>
<StgValue><ssdm name="p_ZZN4nnet25conv_2d_buffer_latency_clINS_5arrayI8ap_fixedILi16ELi6EL9ap_q_mode5EL"/><MemPortTyVec>2 </MemPortTyVec>
</StgValue>
</bind>
</comp>

<comp id="194" class="1000" name="sX_3">
<pin_list>
<pin id="195" dir="1" index="0" bw="1" slack="0"/>
</pin_list>
<bind>
<StgValue><ssdm name="sX_3"/></StgValue>
</bind>
</comp>

<comp id="196" class="1000" name="sY_3">
<pin_list>
<pin id="197" dir="1" index="0" bw="1" slack="0"/>
</pin_list>
<bind>
<StgValue><ssdm name="sY_3"/></StgValue>
</bind>
</comp>

<comp id="198" class="1000" name="pY_3">
<pin_list>
<pin id="199" dir="1" index="0" bw="1" slack="0"/>
</pin_list>
<bind>
<StgValue><ssdm name="pY_3"/></StgValue>
</bind>
</comp>

<comp id="200" class="1000" name="pX_3">
<pin_list>
<pin id="201" dir="1" index="0" bw="1" slack="0"/>
</pin_list>
<bind>
<StgValue><ssdm name="pX_3"/></StgValue>
</bind>
</comp>

<comp id="202" class="1001" name="const_202">
<pin_list>
<pin id="203" dir="1" index="0" bw="1" slack="0"/>
</pin_list>
<bind>
<StgValue><ssdm name="_ssdm_op_Read.ap_auto.i16"/></StgValue>
</bind>
</comp>

<comp id="204" class="1001" name="const_204">
<pin_list>
<pin id="205" dir="1" index="0" bw="1" slack="0"/>
</pin_list>
<bind>
<StgValue><ssdm name="shift_line_buffer<array<ap_fixed<16, 6, 5, 3, 0>, 8u>, config10>"/></StgValue>
</bind>
</comp>

<comp id="206" class="1001" name="const_206">
<pin_list>
<pin id="207" dir="1" index="0" bw="1" slack="2147483647"/>
</pin_list>
<bind>
<StgValue><ssdm name="_ssdm_op_SpecInterface"/></StgValue>
</bind>
</comp>

<comp id="208" class="1001" name="const_208">
<pin_list>
<pin id="209" dir="1" index="0" bw="1" slack="2147483647"/>
</pin_list>
<bind>
<StgValue><ssdm name="empty_2"/></StgValue>
</bind>
</comp>

<comp id="210" class="1001" name="const_210">
<pin_list>
<pin id="211" dir="1" index="0" bw="1" slack="0"/>
</pin_list>
<bind>
<StgValue><ssdm name=""/></StgValue>
</bind>
</comp>

<comp id="212" class="1001" name="const_212">
<pin_list>
<pin id="213" dir="1" index="0" bw="1" slack="2147483647"/>
</pin_list>
<bind>
<StgValue><ssdm name="empty_1"/></StgValue>
</bind>
</comp>

<comp id="214" class="1001" name="const_214">
<pin_list>
<pin id="215" dir="1" index="0" bw="1" slack="2147483647"/>
</pin_list>
<bind>
<StgValue><ssdm name=""/></StgValue>
</bind>
</comp>

<comp id="216" class="1001" name="const_216">
<pin_list>
<pin id="217" dir="1" index="0" bw="1" slack="0"/>
</pin_list>
<bind>
<StgValue><ssdm name=""/></StgValue>
</bind>
</comp>

<comp id="218" class="1001" name="const_218">
<pin_list>
<pin id="219" dir="1" index="0" bw="1" slack="0"/>
</pin_list>
<bind>
<StgValue><ssdm name="_ssdm_op_PartSelect.i31.i32.i32.i32"/></StgValue>
</bind>
</comp>

<comp id="220" class="1001" name="const_220">
<pin_list>
<pin id="221" dir="1" index="0" bw="1" slack="0"/>
</pin_list>
<bind>
<StgValue><ssdm name=""/></StgValue>
</bind>
</comp>

<comp id="222" class="1001" name="const_222">
<pin_list>
<pin id="223" dir="1" index="0" bw="1" slack="0"/>
</pin_list>
<bind>
<StgValue><ssdm name=""/></StgValue>
</bind>
</comp>

<comp id="224" class="1001" name="const_224">
<pin_list>
<pin id="225" dir="1" index="0" bw="1" slack="0"/>
</pin_list>
<bind>
<StgValue><ssdm name=""/></StgValue>
</bind>
</comp>

<comp id="226" class="1001" name="const_226">
<pin_list>
<pin id="227" dir="1" index="0" bw="1" slack="0"/>
</pin_list>
<bind>
<StgValue><ssdm name="dense_latency<ap_fixed,ap_fixed<40,20,5,3,0>,config10_mult>"/></StgValue>
</bind>
</comp>

<comp id="228" class="1001" name="const_228">
<pin_list>
<pin id="229" dir="1" index="0" bw="1" slack="0"/>
</pin_list>
<bind>
<StgValue><ssdm name=""/></StgValue>
</bind>
</comp>

<comp id="230" class="1001" name="const_230">
<pin_list>
<pin id="231" dir="1" index="0" bw="1" slack="0"/>
</pin_list>
<bind>
<StgValue><ssdm name="_ssdm_op_BitConcatenate.i400.i40.i40.i40.i40.i40.i40.i40.i40.i40.i40"/></StgValue>
</bind>
</comp>

<comp id="232" class="1001" name="const_232">
<pin_list>
<pin id="233" dir="1" index="0" bw="1" slack="0"/>
</pin_list>
<bind>
<StgValue><ssdm name="_ssdm_op_Write.ap_fifo.volatile.i400P0A"/></StgValue>
</bind>
</comp>

<comp id="234" class="1004" name="p_read715_read_fu_234">
<pin_list>
<pin id="235" dir="0" index="0" bw="16" slack="0"/>
<pin id="236" dir="0" index="1" bw="16" slack="0"/>
<pin id="237" dir="1" index="2" bw="16" slack="0"/>
</pin_list>
<bind>
<opcode="read(1150) " fcode="read"/>
<opset="p_read715/1 "/>
</bind>
</comp>

<comp id="240" class="1004" name="p_read614_read_fu_240">
<pin_list>
<pin id="241" dir="0" index="0" bw="16" slack="0"/>
<pin id="242" dir="0" index="1" bw="16" slack="0"/>
<pin id="243" dir="1" index="2" bw="16" slack="0"/>
</pin_list>
<bind>
<opcode="read(1150) " fcode="read"/>
<opset="p_read614/1 "/>
</bind>
</comp>

<comp id="246" class="1004" name="p_read513_read_fu_246">
<pin_list>
<pin id="247" dir="0" index="0" bw="16" slack="0"/>
<pin id="248" dir="0" index="1" bw="16" slack="0"/>
<pin id="249" dir="1" index="2" bw="16" slack="0"/>
</pin_list>
<bind>
<opcode="read(1150) " fcode="read"/>
<opset="p_read513/1 "/>
</bind>
</comp>

<comp id="252" class="1004" name="p_read412_read_fu_252">
<pin_list>
<pin id="253" dir="0" index="0" bw="16" slack="0"/>
<pin id="254" dir="0" index="1" bw="16" slack="0"/>
<pin id="255" dir="1" index="2" bw="16" slack="0"/>
</pin_list>
<bind>
<opcode="read(1150) " fcode="read"/>
<opset="p_read412/1 "/>
</bind>
</comp>

<comp id="258" class="1004" name="p_read311_read_fu_258">
<pin_list>
<pin id="259" dir="0" index="0" bw="16" slack="0"/>
<pin id="260" dir="0" index="1" bw="16" slack="0"/>
<pin id="261" dir="1" index="2" bw="16" slack="0"/>
</pin_list>
<bind>
<opcode="read(1150) " fcode="read"/>
<opset="p_read311/1 "/>
</bind>
</comp>

<comp id="264" class="1004" name="p_read210_read_fu_264">
<pin_list>
<pin id="265" dir="0" index="0" bw="16" slack="0"/>
<pin id="266" dir="0" index="1" bw="16" slack="0"/>
<pin id="267" dir="1" index="2" bw="16" slack="0"/>
</pin_list>
<bind>
<opcode="read(1150) " fcode="read"/>
<opset="p_read210/1 "/>
</bind>
</comp>

<comp id="270" class="1004" name="p_read19_read_fu_270">
<pin_list>
<pin id="271" dir="0" index="0" bw="16" slack="0"/>
<pin id="272" dir="0" index="1" bw="16" slack="0"/>
<pin id="273" dir="1" index="2" bw="16" slack="0"/>
</pin_list>
<bind>
<opcode="read(1150) " fcode="read"/>
<opset="p_read19/1 "/>
</bind>
</comp>

<comp id="276" class="1004" name="p_read_35_read_fu_276">
<pin_list>
<pin id="277" dir="0" index="0" bw="16" slack="0"/>
<pin id="278" dir="0" index="1" bw="16" slack="0"/>
<pin id="279" dir="1" index="2" bw="16" slack="0"/>
</pin_list>
<bind>
<opcode="read(1150) " fcode="read"/>
<opset="p_read_35/1 "/>
</bind>
</comp>

<comp id="282" class="1004" name="write_ln299_write_fu_282">
<pin_list>
<pin id="283" dir="0" index="0" bw="0" slack="0"/>
<pin id="284" dir="0" index="1" bw="400" slack="0"/>
<pin id="285" dir="0" index="2" bw="400" slack="0"/>
<pin id="286" dir="1" index="3" bw="0" slack="2147483647"/>
</pin_list>
<bind>
<opcode="write(1151) " fcode="write"/>
<opset="write_ln299/10 "/>
</bind>
</comp>

<comp id="289" class="1005" name="storemerge_reg_289">
<pin_list>
<pin id="290" dir="0" index="0" bw="32" slack="1"/>
<pin id="291" dir="1" index="1" bw="32" slack="1"/>
</pin_list>
<bind>
<opset="storemerge (phireg) "/>
</bind>
</comp>

<comp id="293" class="1004" name="storemerge_phi_fu_293">
<pin_list>
<pin id="294" dir="0" index="0" bw="32" slack="1"/>
<pin id="295" dir="0" index="1" bw="0" slack="2147483647"/>
<pin id="296" dir="0" index="2" bw="1" slack="1"/>
<pin id="297" dir="0" index="3" bw="0" slack="2147483647"/>
<pin id="298" dir="1" index="4" bw="32" slack="0"/>
</pin_list>
<bind>
<opcode="phi(47) " fcode="phi"/>
<opset="storemerge/3 "/>
</bind>
</comp>

<comp id="300" class="1004" name="call_ln281_shift_line_buffer_array_ap_fixed_16_6_5_3_0_8u_config10_s_fu_300">
<pin_list>
<pin id="301" dir="0" index="0" bw="0" slack="0"/>
<pin id="302" dir="0" index="1" bw="16" slack="0"/>
<pin id="303" dir="0" index="2" bw="16" slack="0"/>
<pin id="304" dir="0" index="3" bw="16" slack="0"/>
<pin id="305" dir="0" index="4" bw="16" slack="0"/>
<pin id="306" dir="0" index="5" bw="16" slack="0"/>
<pin id="307" dir="0" index="6" bw="16" slack="0"/>
<pin id="308" dir="0" index="7" bw="16" slack="0"/>
<pin id="309" dir="0" index="8" bw="16" slack="0"/>
<pin id="310" dir="0" index="9" bw="16" slack="0"/>
<pin id="311" dir="0" index="10" bw="16" slack="0"/>
<pin id="312" dir="0" index="11" bw="16" slack="0"/>
<pin id="313" dir="0" index="12" bw="16" slack="0"/>
<pin id="314" dir="0" index="13" bw="16" slack="0"/>
<pin id="315" dir="0" index="14" bw="16" slack="0"/>
<pin id="316" dir="0" index="15" bw="16" slack="0"/>
<pin id="317" dir="0" index="16" bw="16" slack="0"/>
<pin id="318" dir="0" index="17" bw="16" slack="0"/>
<pin id="319" dir="0" index="18" bw="16" slack="0"/>
<pin id="320" dir="0" index="19" bw="16" slack="0"/>
<pin id="321" dir="0" index="20" bw="16" slack="0"/>
<pin id="322" dir="0" index="21" bw="16" slack="0"/>
<pin id="323" dir="0" index="22" bw="16" slack="0"/>
<pin id="324" dir="0" index="23" bw="16" slack="0"/>
<pin id="325" dir="0" index="24" bw="16" slack="0"/>
<pin id="326" dir="0" index="25" bw="16" slack="0"/>
<pin id="327" dir="0" index="26" bw="16" slack="0"/>
<pin id="328" dir="0" index="27" bw="16" slack="0"/>
<pin id="329" dir="0" index="28" bw="16" slack="0"/>
<pin id="330" dir="0" index="29" bw="16" slack="0"/>
<pin id="331" dir="0" index="30" bw="16" slack="0"/>
<pin id="332" dir="0" index="31" bw="16" slack="0"/>
<pin id="333" dir="0" index="32" bw="16" slack="0"/>
<pin id="334" dir="0" index="33" bw="16" slack="0"/>
<pin id="335" dir="0" index="34" bw="16" slack="0"/>
<pin id="336" dir="0" index="35" bw="16" slack="0"/>
<pin id="337" dir="0" index="36" bw="16" slack="0"/>
<pin id="338" dir="0" index="37" bw="16" slack="0"/>
<pin id="339" dir="0" index="38" bw="16" slack="0"/>
<pin id="340" dir="0" index="39" bw="16" slack="0"/>
<pin id="341" dir="0" index="40" bw="16" slack="0"/>
<pin id="342" dir="0" index="41" bw="16" slack="0"/>
<pin id="343" dir="0" index="42" bw="16" slack="0"/>
<pin id="344" dir="0" index="43" bw="16" slack="0"/>
<pin id="345" dir="0" index="44" bw="16" slack="0"/>
<pin id="346" dir="0" index="45" bw="16" slack="0"/>
<pin id="347" dir="0" index="46" bw="16" slack="0"/>
<pin id="348" dir="0" index="47" bw="16" slack="0"/>
<pin id="349" dir="0" index="48" bw="16" slack="0"/>
<pin id="350" dir="0" index="49" bw="16" slack="0"/>
<pin id="351" dir="0" index="50" bw="16" slack="0"/>
<pin id="352" dir="0" index="51" bw="16" slack="0"/>
<pin id="353" dir="0" index="52" bw="16" slack="0"/>
<pin id="354" dir="0" index="53" bw="16" slack="0"/>
<pin id="355" dir="0" index="54" bw="16" slack="0"/>
<pin id="356" dir="0" index="55" bw="16" slack="0"/>
<pin id="357" dir="0" index="56" bw="16" slack="0"/>
<pin id="358" dir="0" index="57" bw="16" slack="0"/>
<pin id="359" dir="0" index="58" bw="16" slack="0"/>
<pin id="360" dir="0" index="59" bw="16" slack="0"/>
<pin id="361" dir="0" index="60" bw="16" slack="0"/>
<pin id="362" dir="0" index="61" bw="16" slack="0"/>
<pin id="363" dir="0" index="62" bw="16" slack="0"/>
<pin id="364" dir="0" index="63" bw="16" slack="0"/>
<pin id="365" dir="0" index="64" bw="16" slack="0"/>
<pin id="366" dir="0" index="65" bw="16" slack="0"/>
<pin id="367" dir="0" index="66" bw="16" slack="0"/>
<pin id="368" dir="0" index="67" bw="16" slack="0"/>
<pin id="369" dir="0" index="68" bw="16" slack="0"/>
<pin id="370" dir="0" index="69" bw="16" slack="0"/>
<pin id="371" dir="0" index="70" bw="16" slack="0"/>
<pin id="372" dir="0" index="71" bw="16" slack="0"/>
<pin id="373" dir="0" index="72" bw="16" slack="0"/>
<pin id="374" dir="0" index="73" bw="16" slack="0"/>
<pin id="375" dir="0" index="74" bw="16" slack="0"/>
<pin id="376" dir="0" index="75" bw="16" slack="0"/>
<pin id="377" dir="0" index="76" bw="16" slack="0"/>
<pin id="378" dir="0" index="77" bw="16" slack="0"/>
<pin id="379" dir="0" index="78" bw="16" slack="0"/>
<pin id="380" dir="0" index="79" bw="16" slack="0"/>
<pin id="381" dir="0" index="80" bw="16" slack="0"/>
<pin id="382" dir="0" index="81" bw="16" slack="0"/>
<pin id="383" dir="0" index="82" bw="16" slack="0"/>
<pin id="384" dir="0" index="83" bw="16" slack="0"/>
<pin id="385" dir="0" index="84" bw="16" slack="0"/>
<pin id="386" dir="0" index="85" bw="16" slack="0"/>
<pin id="387" dir="0" index="86" bw="16" slack="0"/>
<pin id="388" dir="0" index="87" bw="16" slack="0"/>
<pin id="389" dir="0" index="88" bw="16" slack="0"/>
<pin id="390" dir="0" index="89" bw="16" slack="0"/>
<pin id="391" dir="0" index="90" bw="16" slack="0"/>
<pin id="392" dir="0" index="91" bw="16" slack="0"/>
<pin id="393" dir="0" index="92" bw="16" slack="0"/>
<pin id="394" dir="0" index="93" bw="16" slack="0"/>
<pin id="395" dir="0" index="94" bw="16" slack="0"/>
<pin id="396" dir="0" index="95" bw="16" slack="0"/>
<pin id="397" dir="0" index="96" bw="16" slack="0"/>
<pin id="398" dir="1" index="97" bw="0" slack="2147483647"/>
</pin_list>
<bind>
<opcode="call(48) " fcode="call"/>
<opset="call_ln281/1 "/>
</bind>
</comp>

<comp id="496" class="1004" name="grp_dense_latency_ap_fixed_ap_fixed_40_20_5_3_0_config10_mult_s_fu_496">
<pin_list>
<pin id="497" dir="0" index="0" bw="400" slack="0"/>
<pin id="498" dir="0" index="1" bw="16" slack="0"/>
<pin id="499" dir="0" index="2" bw="16" slack="0"/>
<pin id="500" dir="0" index="3" bw="16" slack="0"/>
<pin id="501" dir="0" index="4" bw="16" slack="0"/>
<pin id="502" dir="0" index="5" bw="16" slack="0"/>
<pin id="503" dir="0" index="6" bw="16" slack="0"/>
<pin id="504" dir="0" index="7" bw="16" slack="0"/>
<pin id="505" dir="0" index="8" bw="16" slack="0"/>
<pin id="506" dir="0" index="9" bw="16" slack="0"/>
<pin id="507" dir="0" index="10" bw="16" slack="0"/>
<pin id="508" dir="0" index="11" bw="16" slack="0"/>
<pin id="509" dir="0" index="12" bw="16" slack="0"/>
<pin id="510" dir="0" index="13" bw="16" slack="0"/>
<pin id="511" dir="0" index="14" bw="16" slack="0"/>
<pin id="512" dir="0" index="15" bw="16" slack="0"/>
<pin id="513" dir="0" index="16" bw="16" slack="0"/>
<pin id="514" dir="0" index="17" bw="16" slack="0"/>
<pin id="515" dir="0" index="18" bw="16" slack="0"/>
<pin id="516" dir="0" index="19" bw="16" slack="0"/>
<pin id="517" dir="0" index="20" bw="16" slack="0"/>
<pin id="518" dir="0" index="21" bw="16" slack="0"/>
<pin id="519" dir="0" index="22" bw="16" slack="0"/>
<pin id="520" dir="0" index="23" bw="16" slack="0"/>
<pin id="521" dir="0" index="24" bw="16" slack="0"/>
<pin id="522" dir="0" index="25" bw="16" slack="0"/>
<pin id="523" dir="0" index="26" bw="16" slack="0"/>
<pin id="524" dir="0" index="27" bw="16" slack="0"/>
<pin id="525" dir="0" index="28" bw="16" slack="0"/>
<pin id="526" dir="0" index="29" bw="16" slack="0"/>
<pin id="527" dir="0" index="30" bw="16" slack="0"/>
<pin id="528" dir="0" index="31" bw="16" slack="0"/>
<pin id="529" dir="0" index="32" bw="16" slack="0"/>
<pin id="530" dir="0" index="33" bw="16" slack="0"/>
<pin id="531" dir="0" index="34" bw="16" slack="0"/>
<pin id="532" dir="0" index="35" bw="16" slack="0"/>
<pin id="533" dir="0" index="36" bw="16" slack="0"/>
<pin id="534" dir="0" index="37" bw="16" slack="0"/>
<pin id="535" dir="0" index="38" bw="16" slack="0"/>
<pin id="536" dir="0" index="39" bw="16" slack="0"/>
<pin id="537" dir="0" index="40" bw="16" slack="0"/>
<pin id="538" dir="0" index="41" bw="16" slack="0"/>
<pin id="539" dir="0" index="42" bw="16" slack="0"/>
<pin id="540" dir="0" index="43" bw="16" slack="0"/>
<pin id="541" dir="0" index="44" bw="16" slack="0"/>
<pin id="542" dir="0" index="45" bw="16" slack="0"/>
<pin id="543" dir="0" index="46" bw="16" slack="0"/>
<pin id="544" dir="0" index="47" bw="16" slack="0"/>
<pin id="545" dir="0" index="48" bw="16" slack="0"/>
<pin id="546" dir="0" index="49" bw="16" slack="0"/>
<pin id="547" dir="0" index="50" bw="16" slack="0"/>
<pin id="548" dir="0" index="51" bw="16" slack="0"/>
<pin id="549" dir="0" index="52" bw="16" slack="0"/>
<pin id="550" dir="0" index="53" bw="16" slack="0"/>
<pin id="551" dir="0" index="54" bw="16" slack="0"/>
<pin id="552" dir="0" index="55" bw="16" slack="0"/>
<pin id="553" dir="0" index="56" bw="16" slack="0"/>
<pin id="554" dir="0" index="57" bw="16" slack="0"/>
<pin id="555" dir="0" index="58" bw="16" slack="0"/>
<pin id="556" dir="0" index="59" bw="16" slack="0"/>
<pin id="557" dir="0" index="60" bw="16" slack="0"/>
<pin id="558" dir="0" index="61" bw="16" slack="0"/>
<pin id="559" dir="0" index="62" bw="16" slack="0"/>
<pin id="560" dir="0" index="63" bw="16" slack="0"/>
<pin id="561" dir="0" index="64" bw="16" slack="0"/>
<pin id="562" dir="0" index="65" bw="16" slack="0"/>
<pin id="563" dir="0" index="66" bw="16" slack="0"/>
<pin id="564" dir="0" index="67" bw="16" slack="0"/>
<pin id="565" dir="0" index="68" bw="16" slack="0"/>
<pin id="566" dir="0" index="69" bw="16" slack="0"/>
<pin id="567" dir="0" index="70" bw="16" slack="0"/>
<pin id="568" dir="0" index="71" bw="16" slack="0"/>
<pin id="569" dir="0" index="72" bw="16" slack="0"/>
<pin id="570" dir="1" index="73" bw="400" slack="0"/>
</pin_list>
<bind>
<opcode="call(48) " fcode="call"/>
<opset="tmp/2 "/>
</bind>
</comp>

<comp id="644" class="1004" name="sX_3_load_load_fu_644">
<pin_list>
<pin id="645" dir="0" index="0" bw="32" slack="0"/>
<pin id="646" dir="1" index="1" bw="32" slack="0"/>
</pin_list>
<bind>
<opcode="load(27) " fcode="load"/>
<opset="sX_3_load/2 "/>
</bind>
</comp>

<comp id="648" class="1004" name="icmp_ln284_fu_648">
<pin_list>
<pin id="649" dir="0" index="0" bw="32" slack="0"/>
<pin id="650" dir="0" index="1" bw="3" slack="0"/>
<pin id="651" dir="1" index="2" bw="1" slack="0"/>
</pin_list>
<bind>
<opcode="icmp(45) " fcode="icmp"/>
<opset="icmp_ln284/2 "/>
</bind>
</comp>

<comp id="654" class="1004" name="sY_3_load_load_fu_654">
<pin_list>
<pin id="655" dir="0" index="0" bw="32" slack="0"/>
<pin id="656" dir="1" index="1" bw="32" slack="0"/>
</pin_list>
<bind>
<opcode="load(27) " fcode="load"/>
<opset="sY_3_load/2 "/>
</bind>
</comp>

<comp id="658" class="1004" name="pY_3_load_load_fu_658">
<pin_list>
<pin id="659" dir="0" index="0" bw="32" slack="0"/>
<pin id="660" dir="1" index="1" bw="32" slack="0"/>
</pin_list>
<bind>
<opcode="load(27) " fcode="load"/>
<opset="pY_3_load/2 "/>
</bind>
</comp>

<comp id="662" class="1004" name="pX_3_load_load_fu_662">
<pin_list>
<pin id="663" dir="0" index="0" bw="32" slack="0"/>
<pin id="664" dir="1" index="1" bw="32" slack="0"/>
</pin_list>
<bind>
<opcode="load(27) " fcode="load"/>
<opset="pX_3_load/2 "/>
</bind>
</comp>

<comp id="666" class="1004" name="icmp_ln284_1_fu_666">
<pin_list>
<pin id="667" dir="0" index="0" bw="32" slack="0"/>
<pin id="668" dir="0" index="1" bw="3" slack="0"/>
<pin id="669" dir="1" index="2" bw="1" slack="0"/>
</pin_list>
<bind>
<opcode="icmp(45) " fcode="icmp"/>
<opset="icmp_ln284_1/2 "/>
</bind>
</comp>

<comp id="672" class="1004" name="tmp_1_fu_672">
<pin_list>
<pin id="673" dir="0" index="0" bw="31" slack="0"/>
<pin id="674" dir="0" index="1" bw="32" slack="0"/>
<pin id="675" dir="0" index="2" bw="1" slack="0"/>
<pin id="676" dir="0" index="3" bw="6" slack="0"/>
<pin id="677" dir="1" index="4" bw="31" slack="0"/>
</pin_list>
<bind>
<opcode="partselect(1002) " fcode="partselect"/>
<opset="tmp_1/2 "/>
</bind>
</comp>

<comp id="682" class="1004" name="icmp_ln284_2_fu_682">
<pin_list>
<pin id="683" dir="0" index="0" bw="31" slack="0"/>
<pin id="684" dir="0" index="1" bw="1" slack="0"/>
<pin id="685" dir="1" index="2" bw="1" slack="0"/>
</pin_list>
<bind>
<opcode="icmp(45) " fcode="icmp"/>
<opset="icmp_ln284_2/2 "/>
</bind>
</comp>

<comp id="688" class="1004" name="tmp_2_fu_688">
<pin_list>
<pin id="689" dir="0" index="0" bw="31" slack="0"/>
<pin id="690" dir="0" index="1" bw="32" slack="0"/>
<pin id="691" dir="0" index="2" bw="1" slack="0"/>
<pin id="692" dir="0" index="3" bw="6" slack="0"/>
<pin id="693" dir="1" index="4" bw="31" slack="0"/>
</pin_list>
<bind>
<opcode="partselect(1002) " fcode="partselect"/>
<opset="tmp_2/2 "/>
</bind>
</comp>

<comp id="698" class="1004" name="icmp_ln284_3_fu_698">
<pin_list>
<pin id="699" dir="0" index="0" bw="31" slack="0"/>
<pin id="700" dir="0" index="1" bw="1" slack="0"/>
<pin id="701" dir="1" index="2" bw="1" slack="0"/>
</pin_list>
<bind>
<opcode="icmp(45) " fcode="icmp"/>
<opset="icmp_ln284_3/2 "/>
</bind>
</comp>

<comp id="704" class="1004" name="and_ln284_fu_704">
<pin_list>
<pin id="705" dir="0" index="0" bw="1" slack="0"/>
<pin id="706" dir="0" index="1" bw="1" slack="0"/>
<pin id="707" dir="1" index="2" bw="1" slack="0"/>
</pin_list>
<bind>
<opcode="and(23) " fcode="and"/>
<opset="and_ln284/2 "/>
</bind>
</comp>

<comp id="710" class="1004" name="and_ln284_1_fu_710">
<pin_list>
<pin id="711" dir="0" index="0" bw="1" slack="0"/>
<pin id="712" dir="0" index="1" bw="1" slack="0"/>
<pin id="713" dir="1" index="2" bw="1" slack="1"/>
</pin_list>
<bind>
<opcode="and(23) " fcode="and"/>
<opset="and_ln284_1/2 "/>
</bind>
</comp>

<comp id="716" class="1004" name="add_ln303_fu_716">
<pin_list>
<pin id="717" dir="0" index="0" bw="32" slack="0"/>
<pin id="718" dir="0" index="1" bw="1" slack="0"/>
<pin id="719" dir="1" index="2" bw="32" slack="0"/>
</pin_list>
<bind>
<opcode="add(8) " fcode="add"/>
<opset="add_ln303/2 "/>
</bind>
</comp>

<comp id="722" class="1004" name="icmp_ln303_fu_722">
<pin_list>
<pin id="723" dir="0" index="0" bw="32" slack="0"/>
<pin id="724" dir="0" index="1" bw="4" slack="0"/>
<pin id="725" dir="1" index="2" bw="1" slack="1"/>
</pin_list>
<bind>
<opcode="icmp(45) " fcode="icmp"/>
<opset="icmp_ln303/2 "/>
</bind>
</comp>

<comp id="728" class="1004" name="store_ln316_store_fu_728">
<pin_list>
<pin id="729" dir="0" index="0" bw="32" slack="0"/>
<pin id="730" dir="0" index="1" bw="32" slack="0"/>
<pin id="731" dir="1" index="2" bw="0" slack="2147483647"/>
</pin_list>
<bind>
<opcode="store(28) " fcode="store"/>
<opset="store_ln316/2 "/>
</bind>
</comp>

<comp id="734" class="1004" name="add_ln318_fu_734">
<pin_list>
<pin id="735" dir="0" index="0" bw="32" slack="0"/>
<pin id="736" dir="0" index="1" bw="1" slack="0"/>
<pin id="737" dir="1" index="2" bw="32" slack="0"/>
</pin_list>
<bind>
<opcode="add(8) " fcode="add"/>
<opset="add_ln318/2 "/>
</bind>
</comp>

<comp id="740" class="1004" name="select_ln318_fu_740">
<pin_list>
<pin id="741" dir="0" index="0" bw="1" slack="0"/>
<pin id="742" dir="0" index="1" bw="3" slack="0"/>
<pin id="743" dir="0" index="2" bw="32" slack="0"/>
<pin id="744" dir="1" index="3" bw="32" slack="0"/>
</pin_list>
<bind>
<opcode="select(49) " fcode="select"/>
<opset="select_ln318/2 "/>
</bind>
</comp>

<comp id="748" class="1004" name="store_ln318_store_fu_748">
<pin_list>
<pin id="749" dir="0" index="0" bw="32" slack="0"/>
<pin id="750" dir="0" index="1" bw="32" slack="0"/>
<pin id="751" dir="1" index="2" bw="0" slack="2147483647"/>
</pin_list>
<bind>
<opcode="store(28) " fcode="store"/>
<opset="store_ln318/2 "/>
</bind>
</comp>

<comp id="754" class="1004" name="store_ln305_store_fu_754">
<pin_list>
<pin id="755" dir="0" index="0" bw="1" slack="0"/>
<pin id="756" dir="0" index="1" bw="32" slack="0"/>
<pin id="757" dir="1" index="2" bw="0" slack="2147483647"/>
</pin_list>
<bind>
<opcode="store(28) " fcode="store"/>
<opset="store_ln305/2 "/>
</bind>
</comp>

<comp id="760" class="1004" name="store_ln306_store_fu_760">
<pin_list>
<pin id="761" dir="0" index="0" bw="1" slack="0"/>
<pin id="762" dir="0" index="1" bw="32" slack="0"/>
<pin id="763" dir="1" index="2" bw="0" slack="2147483647"/>
</pin_list>
<bind>
<opcode="store(28) " fcode="store"/>
<opset="store_ln306/2 "/>
</bind>
</comp>

<comp id="766" class="1004" name="add_ln307_fu_766">
<pin_list>
<pin id="767" dir="0" index="0" bw="32" slack="0"/>
<pin id="768" dir="0" index="1" bw="1" slack="0"/>
<pin id="769" dir="1" index="2" bw="32" slack="0"/>
</pin_list>
<bind>
<opcode="add(8) " fcode="add"/>
<opset="add_ln307/2 "/>
</bind>
</comp>

<comp id="772" class="1004" name="icmp_ln307_fu_772">
<pin_list>
<pin id="773" dir="0" index="0" bw="32" slack="0"/>
<pin id="774" dir="0" index="1" bw="4" slack="0"/>
<pin id="775" dir="1" index="2" bw="1" slack="2147483647"/>
</pin_list>
<bind>
<opcode="icmp(45) " fcode="icmp"/>
<opset="icmp_ln307/2 "/>
</bind>
</comp>

<comp id="778" class="1004" name="store_ln311_store_fu_778">
<pin_list>
<pin id="779" dir="0" index="0" bw="32" slack="0"/>
<pin id="780" dir="0" index="1" bw="32" slack="0"/>
<pin id="781" dir="1" index="2" bw="0" slack="2147483647"/>
</pin_list>
<bind>
<opcode="store(28) " fcode="store"/>
<opset="store_ln311/2 "/>
</bind>
</comp>

<comp id="784" class="1004" name="icmp_ln313_fu_784">
<pin_list>
<pin id="785" dir="0" index="0" bw="32" slack="0"/>
<pin id="786" dir="0" index="1" bw="3" slack="0"/>
<pin id="787" dir="1" index="2" bw="1" slack="0"/>
</pin_list>
<bind>
<opcode="icmp(45) " fcode="icmp"/>
<opset="icmp_ln313/2 "/>
</bind>
</comp>

<comp id="790" class="1004" name="add_ln313_fu_790">
<pin_list>
<pin id="791" dir="0" index="0" bw="32" slack="0"/>
<pin id="792" dir="0" index="1" bw="1" slack="0"/>
<pin id="793" dir="1" index="2" bw="32" slack="0"/>
</pin_list>
<bind>
<opcode="add(8) " fcode="add"/>
<opset="add_ln313/2 "/>
</bind>
</comp>

<comp id="796" class="1004" name="select_ln313_fu_796">
<pin_list>
<pin id="797" dir="0" index="0" bw="1" slack="0"/>
<pin id="798" dir="0" index="1" bw="3" slack="0"/>
<pin id="799" dir="0" index="2" bw="32" slack="0"/>
<pin id="800" dir="1" index="3" bw="32" slack="1"/>
</pin_list>
<bind>
<opcode="select(49) " fcode="select"/>
<opset="select_ln313/2 "/>
</bind>
</comp>

<comp id="804" class="1004" name="store_ln308_store_fu_804">
<pin_list>
<pin id="805" dir="0" index="0" bw="1" slack="0"/>
<pin id="806" dir="0" index="1" bw="32" slack="0"/>
<pin id="807" dir="1" index="2" bw="0" slack="2147483647"/>
</pin_list>
<bind>
<opcode="store(28) " fcode="store"/>
<opset="store_ln308/2 "/>
</bind>
</comp>

<comp id="810" class="1004" name="store_ln309_store_fu_810">
<pin_list>
<pin id="811" dir="0" index="0" bw="32" slack="0"/>
<pin id="812" dir="0" index="1" bw="32" slack="0"/>
<pin id="813" dir="1" index="2" bw="0" slack="2147483647"/>
</pin_list>
<bind>
<opcode="store(28) " fcode="store"/>
<opset="store_ln309/3 "/>
</bind>
</comp>

<comp id="816" class="1004" name="res_out_fu_816">
<pin_list>
<pin id="817" dir="0" index="0" bw="400" slack="0"/>
<pin id="818" dir="1" index="1" bw="40" slack="1"/>
</pin_list>
<bind>
<opcode="extractvalue(56) " fcode="extractvalue"/>
<opset="res_out/9 "/>
</bind>
</comp>

<comp id="820" class="1004" name="res_out_1_fu_820">
<pin_list>
<pin id="821" dir="0" index="0" bw="400" slack="0"/>
<pin id="822" dir="1" index="1" bw="40" slack="1"/>
</pin_list>
<bind>
<opcode="extractvalue(56) " fcode="extractvalue"/>
<opset="res_out_1/9 "/>
</bind>
</comp>

<comp id="824" class="1004" name="res_out_2_fu_824">
<pin_list>
<pin id="825" dir="0" index="0" bw="400" slack="0"/>
<pin id="826" dir="1" index="1" bw="40" slack="1"/>
</pin_list>
<bind>
<opcode="extractvalue(56) " fcode="extractvalue"/>
<opset="res_out_2/9 "/>
</bind>
</comp>

<comp id="828" class="1004" name="res_out_3_fu_828">
<pin_list>
<pin id="829" dir="0" index="0" bw="400" slack="0"/>
<pin id="830" dir="1" index="1" bw="40" slack="1"/>
</pin_list>
<bind>
<opcode="extractvalue(56) " fcode="extractvalue"/>
<opset="res_out_3/9 "/>
</bind>
</comp>

<comp id="832" class="1004" name="res_out_4_fu_832">
<pin_list>
<pin id="833" dir="0" index="0" bw="400" slack="0"/>
<pin id="834" dir="1" index="1" bw="40" slack="1"/>
</pin_list>
<bind>
<opcode="extractvalue(56) " fcode="extractvalue"/>
<opset="res_out_4/9 "/>
</bind>
</comp>

<comp id="836" class="1004" name="res_out_5_fu_836">
<pin_list>
<pin id="837" dir="0" index="0" bw="400" slack="0"/>
<pin id="838" dir="1" index="1" bw="40" slack="1"/>
</pin_list>
<bind>
<opcode="extractvalue(56) " fcode="extractvalue"/>
<opset="res_out_5/9 "/>
</bind>
</comp>

<comp id="840" class="1004" name="res_out_6_fu_840">
<pin_list>
<pin id="841" dir="0" index="0" bw="400" slack="0"/>
<pin id="842" dir="1" index="1" bw="40" slack="1"/>
</pin_list>
<bind>
<opcode="extractvalue(56) " fcode="extractvalue"/>
<opset="res_out_6/9 "/>
</bind>
</comp>

<comp id="844" class="1004" name="res_out_7_fu_844">
<pin_list>
<pin id="845" dir="0" index="0" bw="400" slack="0"/>
<pin id="846" dir="1" index="1" bw="40" slack="1"/>
</pin_list>
<bind>
<opcode="extractvalue(56) " fcode="extractvalue"/>
<opset="res_out_7/9 "/>
</bind>
</comp>

<comp id="848" class="1004" name="res_out_8_fu_848">
<pin_list>
<pin id="849" dir="0" index="0" bw="400" slack="0"/>
<pin id="850" dir="1" index="1" bw="40" slack="1"/>
</pin_list>
<bind>
<opcode="extractvalue(56) " fcode="extractvalue"/>
<opset="res_out_8/9 "/>
</bind>
</comp>

<comp id="852" class="1004" name="res_out_9_fu_852">
<pin_list>
<pin id="853" dir="0" index="0" bw="400" slack="0"/>
<pin id="854" dir="1" index="1" bw="40" slack="1"/>
</pin_list>
<bind>
<opcode="extractvalue(56) " fcode="extractvalue"/>
<opset="res_out_9/9 "/>
</bind>
</comp>

<comp id="856" class="1004" name="p_0_fu_856">
<pin_list>
<pin id="857" dir="0" index="0" bw="400" slack="0"/>
<pin id="858" dir="0" index="1" bw="40" slack="1"/>
<pin id="859" dir="0" index="2" bw="40" slack="1"/>
<pin id="860" dir="0" index="3" bw="40" slack="1"/>
<pin id="861" dir="0" index="4" bw="40" slack="1"/>
<pin id="862" dir="0" index="5" bw="40" slack="1"/>
<pin id="863" dir="0" index="6" bw="40" slack="1"/>
<pin id="864" dir="0" index="7" bw="40" slack="1"/>
<pin id="865" dir="0" index="8" bw="40" slack="1"/>
<pin id="866" dir="0" index="9" bw="40" slack="1"/>
<pin id="867" dir="0" index="10" bw="40" slack="1"/>
<pin id="868" dir="1" index="11" bw="400" slack="0"/>
</pin_list>
<bind>
<opcode="bitconcatenate(1004) " fcode="bitconcatenate"/>
<opset="p_0/10 "/>
</bind>
</comp>

<comp id="871" class="1005" name="icmp_ln284_reg_871">
<pin_list>
<pin id="872" dir="0" index="0" bw="1" slack="1"/>
<pin id="873" dir="1" index="1" bw="1" slack="2147483647"/>
</pin_list>
<bind>
<opset="icmp_ln284 "/>
</bind>
</comp>

<comp id="875" class="1005" name="and_ln284_1_reg_875">
<pin_list>
<pin id="876" dir="0" index="0" bw="1" slack="1"/>
<pin id="877" dir="1" index="1" bw="1" slack="2147483647"/>
</pin_list>
<bind>
<opset="and_ln284_1 "/>
</bind>
</comp>

<comp id="879" class="1005" name="icmp_ln303_reg_879">
<pin_list>
<pin id="880" dir="0" index="0" bw="1" slack="1"/>
<pin id="881" dir="1" index="1" bw="1" slack="2147483647"/>
</pin_list>
<bind>
<opset="icmp_ln303 "/>
</bind>
</comp>

<comp id="886" class="1005" name="select_ln313_reg_886">
<pin_list>
<pin id="887" dir="0" index="0" bw="32" slack="1"/>
<pin id="888" dir="1" index="1" bw="32" slack="1"/>
</pin_list>
<bind>
<opset="select_ln313 "/>
</bind>
</comp>

<comp id="891" class="1005" name="res_out_reg_891">
<pin_list>
<pin id="892" dir="0" index="0" bw="40" slack="1"/>
<pin id="893" dir="1" index="1" bw="40" slack="1"/>
</pin_list>
<bind>
<opset="res_out "/>
</bind>
</comp>

<comp id="896" class="1005" name="res_out_1_reg_896">
<pin_list>
<pin id="897" dir="0" index="0" bw="40" slack="1"/>
<pin id="898" dir="1" index="1" bw="40" slack="1"/>
</pin_list>
<bind>
<opset="res_out_1 "/>
</bind>
</comp>

<comp id="901" class="1005" name="res_out_2_reg_901">
<pin_list>
<pin id="902" dir="0" index="0" bw="40" slack="1"/>
<pin id="903" dir="1" index="1" bw="40" slack="1"/>
</pin_list>
<bind>
<opset="res_out_2 "/>
</bind>
</comp>

<comp id="906" class="1005" name="res_out_3_reg_906">
<pin_list>
<pin id="907" dir="0" index="0" bw="40" slack="1"/>
<pin id="908" dir="1" index="1" bw="40" slack="1"/>
</pin_list>
<bind>
<opset="res_out_3 "/>
</bind>
</comp>

<comp id="911" class="1005" name="res_out_4_reg_911">
<pin_list>
<pin id="912" dir="0" index="0" bw="40" slack="1"/>
<pin id="913" dir="1" index="1" bw="40" slack="1"/>
</pin_list>
<bind>
<opset="res_out_4 "/>
</bind>
</comp>

<comp id="916" class="1005" name="res_out_5_reg_916">
<pin_list>
<pin id="917" dir="0" index="0" bw="40" slack="1"/>
<pin id="918" dir="1" index="1" bw="40" slack="1"/>
</pin_list>
<bind>
<opset="res_out_5 "/>
</bind>
</comp>

<comp id="921" class="1005" name="res_out_6_reg_921">
<pin_list>
<pin id="922" dir="0" index="0" bw="40" slack="1"/>
<pin id="923" dir="1" index="1" bw="40" slack="1"/>
</pin_list>
<bind>
<opset="res_out_6 "/>
</bind>
</comp>

<comp id="926" class="1005" name="res_out_7_reg_926">
<pin_list>
<pin id="927" dir="0" index="0" bw="40" slack="1"/>
<pin id="928" dir="1" index="1" bw="40" slack="1"/>
</pin_list>
<bind>
<opset="res_out_7 "/>
</bind>
</comp>

<comp id="931" class="1005" name="res_out_8_reg_931">
<pin_list>
<pin id="932" dir="0" index="0" bw="40" slack="1"/>
<pin id="933" dir="1" index="1" bw="40" slack="1"/>
</pin_list>
<bind>
<opset="res_out_8 "/>
</bind>
</comp>

<comp id="936" class="1005" name="res_out_9_reg_936">
<pin_list>
<pin id="937" dir="0" index="0" bw="40" slack="1"/>
<pin id="938" dir="1" index="1" bw="40" slack="1"/>
</pin_list>
<bind>
<opset="res_out_9 "/>
</bind>
</comp>

</comp_list>

<net_list>
<net id="238"><net_src comp="202" pin="0"/><net_sink comp="234" pin=0"/></net>

<net id="239"><net_src comp="14" pin="0"/><net_sink comp="234" pin=1"/></net>

<net id="244"><net_src comp="202" pin="0"/><net_sink comp="240" pin=0"/></net>

<net id="245"><net_src comp="12" pin="0"/><net_sink comp="240" pin=1"/></net>

<net id="250"><net_src comp="202" pin="0"/><net_sink comp="246" pin=0"/></net>

<net id="251"><net_src comp="10" pin="0"/><net_sink comp="246" pin=1"/></net>

<net id="256"><net_src comp="202" pin="0"/><net_sink comp="252" pin=0"/></net>

<net id="257"><net_src comp="8" pin="0"/><net_sink comp="252" pin=1"/></net>

<net id="262"><net_src comp="202" pin="0"/><net_sink comp="258" pin=0"/></net>

<net id="263"><net_src comp="6" pin="0"/><net_sink comp="258" pin=1"/></net>

<net id="268"><net_src comp="202" pin="0"/><net_sink comp="264" pin=0"/></net>

<net id="269"><net_src comp="4" pin="0"/><net_sink comp="264" pin=1"/></net>

<net id="274"><net_src comp="202" pin="0"/><net_sink comp="270" pin=0"/></net>

<net id="275"><net_src comp="2" pin="0"/><net_sink comp="270" pin=1"/></net>

<net id="280"><net_src comp="202" pin="0"/><net_sink comp="276" pin=0"/></net>

<net id="281"><net_src comp="0" pin="0"/><net_sink comp="276" pin=1"/></net>

<net id="287"><net_src comp="232" pin="0"/><net_sink comp="282" pin=0"/></net>

<net id="288"><net_src comp="16" pin="0"/><net_sink comp="282" pin=1"/></net>

<net id="292"><net_src comp="210" pin="0"/><net_sink comp="289" pin=0"/></net>

<net id="299"><net_src comp="289" pin="1"/><net_sink comp="293" pin=2"/></net>

<net id="399"><net_src comp="204" pin="0"/><net_sink comp="300" pin=0"/></net>

<net id="400"><net_src comp="276" pin="2"/><net_sink comp="300" pin=1"/></net>

<net id="401"><net_src comp="270" pin="2"/><net_sink comp="300" pin=2"/></net>

<net id="402"><net_src comp="264" pin="2"/><net_sink comp="300" pin=3"/></net>

<net id="403"><net_src comp="258" pin="2"/><net_sink comp="300" pin=4"/></net>

<net id="404"><net_src comp="252" pin="2"/><net_sink comp="300" pin=5"/></net>

<net id="405"><net_src comp="246" pin="2"/><net_sink comp="300" pin=6"/></net>

<net id="406"><net_src comp="240" pin="2"/><net_sink comp="300" pin=7"/></net>

<net id="407"><net_src comp="234" pin="2"/><net_sink comp="300" pin=8"/></net>

<net id="408"><net_src comp="18" pin="0"/><net_sink comp="300" pin=9"/></net>

<net id="409"><net_src comp="20" pin="0"/><net_sink comp="300" pin=10"/></net>

<net id="410"><net_src comp="22" pin="0"/><net_sink comp="300" pin=11"/></net>

<net id="411"><net_src comp="24" pin="0"/><net_sink comp="300" pin=12"/></net>

<net id="412"><net_src comp="26" pin="0"/><net_sink comp="300" pin=13"/></net>

<net id="413"><net_src comp="28" pin="0"/><net_sink comp="300" pin=14"/></net>

<net id="414"><net_src comp="30" pin="0"/><net_sink comp="300" pin=15"/></net>

<net id="415"><net_src comp="32" pin="0"/><net_sink comp="300" pin=16"/></net>

<net id="416"><net_src comp="34" pin="0"/><net_sink comp="300" pin=17"/></net>

<net id="417"><net_src comp="36" pin="0"/><net_sink comp="300" pin=18"/></net>

<net id="418"><net_src comp="38" pin="0"/><net_sink comp="300" pin=19"/></net>

<net id="419"><net_src comp="40" pin="0"/><net_sink comp="300" pin=20"/></net>

<net id="420"><net_src comp="42" pin="0"/><net_sink comp="300" pin=21"/></net>

<net id="421"><net_src comp="44" pin="0"/><net_sink comp="300" pin=22"/></net>

<net id="422"><net_src comp="46" pin="0"/><net_sink comp="300" pin=23"/></net>

<net id="423"><net_src comp="48" pin="0"/><net_sink comp="300" pin=24"/></net>

<net id="424"><net_src comp="50" pin="0"/><net_sink comp="300" pin=25"/></net>

<net id="425"><net_src comp="52" pin="0"/><net_sink comp="300" pin=26"/></net>

<net id="426"><net_src comp="54" pin="0"/><net_sink comp="300" pin=27"/></net>

<net id="427"><net_src comp="56" pin="0"/><net_sink comp="300" pin=28"/></net>

<net id="428"><net_src comp="58" pin="0"/><net_sink comp="300" pin=29"/></net>

<net id="429"><net_src comp="60" pin="0"/><net_sink comp="300" pin=30"/></net>

<net id="430"><net_src comp="62" pin="0"/><net_sink comp="300" pin=31"/></net>

<net id="431"><net_src comp="64" pin="0"/><net_sink comp="300" pin=32"/></net>

<net id="432"><net_src comp="66" pin="0"/><net_sink comp="300" pin=33"/></net>

<net id="433"><net_src comp="68" pin="0"/><net_sink comp="300" pin=34"/></net>

<net id="434"><net_src comp="70" pin="0"/><net_sink comp="300" pin=35"/></net>

<net id="435"><net_src comp="72" pin="0"/><net_sink comp="300" pin=36"/></net>

<net id="436"><net_src comp="74" pin="0"/><net_sink comp="300" pin=37"/></net>

<net id="437"><net_src comp="76" pin="0"/><net_sink comp="300" pin=38"/></net>

<net id="438"><net_src comp="78" pin="0"/><net_sink comp="300" pin=39"/></net>

<net id="439"><net_src comp="80" pin="0"/><net_sink comp="300" pin=40"/></net>

<net id="440"><net_src comp="82" pin="0"/><net_sink comp="300" pin=41"/></net>

<net id="441"><net_src comp="84" pin="0"/><net_sink comp="300" pin=42"/></net>

<net id="442"><net_src comp="86" pin="0"/><net_sink comp="300" pin=43"/></net>

<net id="443"><net_src comp="88" pin="0"/><net_sink comp="300" pin=44"/></net>

<net id="444"><net_src comp="90" pin="0"/><net_sink comp="300" pin=45"/></net>

<net id="445"><net_src comp="92" pin="0"/><net_sink comp="300" pin=46"/></net>

<net id="446"><net_src comp="94" pin="0"/><net_sink comp="300" pin=47"/></net>

<net id="447"><net_src comp="96" pin="0"/><net_sink comp="300" pin=48"/></net>

<net id="448"><net_src comp="98" pin="0"/><net_sink comp="300" pin=49"/></net>

<net id="449"><net_src comp="100" pin="0"/><net_sink comp="300" pin=50"/></net>

<net id="450"><net_src comp="102" pin="0"/><net_sink comp="300" pin=51"/></net>

<net id="451"><net_src comp="104" pin="0"/><net_sink comp="300" pin=52"/></net>

<net id="452"><net_src comp="106" pin="0"/><net_sink comp="300" pin=53"/></net>

<net id="453"><net_src comp="108" pin="0"/><net_sink comp="300" pin=54"/></net>

<net id="454"><net_src comp="110" pin="0"/><net_sink comp="300" pin=55"/></net>

<net id="455"><net_src comp="112" pin="0"/><net_sink comp="300" pin=56"/></net>

<net id="456"><net_src comp="114" pin="0"/><net_sink comp="300" pin=57"/></net>

<net id="457"><net_src comp="116" pin="0"/><net_sink comp="300" pin=58"/></net>

<net id="458"><net_src comp="118" pin="0"/><net_sink comp="300" pin=59"/></net>

<net id="459"><net_src comp="120" pin="0"/><net_sink comp="300" pin=60"/></net>

<net id="460"><net_src comp="122" pin="0"/><net_sink comp="300" pin=61"/></net>

<net id="461"><net_src comp="124" pin="0"/><net_sink comp="300" pin=62"/></net>

<net id="462"><net_src comp="126" pin="0"/><net_sink comp="300" pin=63"/></net>

<net id="463"><net_src comp="128" pin="0"/><net_sink comp="300" pin=64"/></net>

<net id="464"><net_src comp="130" pin="0"/><net_sink comp="300" pin=65"/></net>

<net id="465"><net_src comp="132" pin="0"/><net_sink comp="300" pin=66"/></net>

<net id="466"><net_src comp="134" pin="0"/><net_sink comp="300" pin=67"/></net>

<net id="467"><net_src comp="136" pin="0"/><net_sink comp="300" pin=68"/></net>

<net id="468"><net_src comp="138" pin="0"/><net_sink comp="300" pin=69"/></net>

<net id="469"><net_src comp="140" pin="0"/><net_sink comp="300" pin=70"/></net>

<net id="470"><net_src comp="142" pin="0"/><net_sink comp="300" pin=71"/></net>

<net id="471"><net_src comp="144" pin="0"/><net_sink comp="300" pin=72"/></net>

<net id="472"><net_src comp="146" pin="0"/><net_sink comp="300" pin=73"/></net>

<net id="473"><net_src comp="148" pin="0"/><net_sink comp="300" pin=74"/></net>

<net id="474"><net_src comp="150" pin="0"/><net_sink comp="300" pin=75"/></net>

<net id="475"><net_src comp="152" pin="0"/><net_sink comp="300" pin=76"/></net>

<net id="476"><net_src comp="154" pin="0"/><net_sink comp="300" pin=77"/></net>

<net id="477"><net_src comp="156" pin="0"/><net_sink comp="300" pin=78"/></net>

<net id="478"><net_src comp="158" pin="0"/><net_sink comp="300" pin=79"/></net>

<net id="479"><net_src comp="160" pin="0"/><net_sink comp="300" pin=80"/></net>

<net id="480"><net_src comp="162" pin="0"/><net_sink comp="300" pin=81"/></net>

<net id="481"><net_src comp="164" pin="0"/><net_sink comp="300" pin=82"/></net>

<net id="482"><net_src comp="166" pin="0"/><net_sink comp="300" pin=83"/></net>

<net id="483"><net_src comp="168" pin="0"/><net_sink comp="300" pin=84"/></net>

<net id="484"><net_src comp="170" pin="0"/><net_sink comp="300" pin=85"/></net>

<net id="485"><net_src comp="172" pin="0"/><net_sink comp="300" pin=86"/></net>

<net id="486"><net_src comp="174" pin="0"/><net_sink comp="300" pin=87"/></net>

<net id="487"><net_src comp="176" pin="0"/><net_sink comp="300" pin=88"/></net>

<net id="488"><net_src comp="178" pin="0"/><net_sink comp="300" pin=89"/></net>

<net id="489"><net_src comp="180" pin="0"/><net_sink comp="300" pin=90"/></net>

<net id="490"><net_src comp="182" pin="0"/><net_sink comp="300" pin=91"/></net>

<net id="491"><net_src comp="184" pin="0"/><net_sink comp="300" pin=92"/></net>

<net id="492"><net_src comp="186" pin="0"/><net_sink comp="300" pin=93"/></net>

<net id="493"><net_src comp="188" pin="0"/><net_sink comp="300" pin=94"/></net>

<net id="494"><net_src comp="190" pin="0"/><net_sink comp="300" pin=95"/></net>

<net id="495"><net_src comp="192" pin="0"/><net_sink comp="300" pin=96"/></net>

<net id="571"><net_src comp="226" pin="0"/><net_sink comp="496" pin=0"/></net>

<net id="572"><net_src comp="20" pin="0"/><net_sink comp="496" pin=1"/></net>

<net id="573"><net_src comp="24" pin="0"/><net_sink comp="496" pin=2"/></net>

<net id="574"><net_src comp="28" pin="0"/><net_sink comp="496" pin=3"/></net>

<net id="575"><net_src comp="32" pin="0"/><net_sink comp="496" pin=4"/></net>

<net id="576"><net_src comp="36" pin="0"/><net_sink comp="496" pin=5"/></net>

<net id="577"><net_src comp="40" pin="0"/><net_sink comp="496" pin=6"/></net>

<net id="578"><net_src comp="44" pin="0"/><net_sink comp="496" pin=7"/></net>

<net id="579"><net_src comp="48" pin="0"/><net_sink comp="496" pin=8"/></net>

<net id="580"><net_src comp="18" pin="0"/><net_sink comp="496" pin=9"/></net>

<net id="581"><net_src comp="22" pin="0"/><net_sink comp="496" pin=10"/></net>

<net id="582"><net_src comp="26" pin="0"/><net_sink comp="496" pin=11"/></net>

<net id="583"><net_src comp="30" pin="0"/><net_sink comp="496" pin=12"/></net>

<net id="584"><net_src comp="34" pin="0"/><net_sink comp="496" pin=13"/></net>

<net id="585"><net_src comp="38" pin="0"/><net_sink comp="496" pin=14"/></net>

<net id="586"><net_src comp="42" pin="0"/><net_sink comp="496" pin=15"/></net>

<net id="587"><net_src comp="46" pin="0"/><net_sink comp="496" pin=16"/></net>

<net id="588"><net_src comp="114" pin="0"/><net_sink comp="496" pin=17"/></net>

<net id="589"><net_src comp="116" pin="0"/><net_sink comp="496" pin=18"/></net>

<net id="590"><net_src comp="118" pin="0"/><net_sink comp="496" pin=19"/></net>

<net id="591"><net_src comp="120" pin="0"/><net_sink comp="496" pin=20"/></net>

<net id="592"><net_src comp="122" pin="0"/><net_sink comp="496" pin=21"/></net>

<net id="593"><net_src comp="124" pin="0"/><net_sink comp="496" pin=22"/></net>

<net id="594"><net_src comp="126" pin="0"/><net_sink comp="496" pin=23"/></net>

<net id="595"><net_src comp="128" pin="0"/><net_sink comp="496" pin=24"/></net>

<net id="596"><net_src comp="52" pin="0"/><net_sink comp="496" pin=25"/></net>

<net id="597"><net_src comp="56" pin="0"/><net_sink comp="496" pin=26"/></net>

<net id="598"><net_src comp="60" pin="0"/><net_sink comp="496" pin=27"/></net>

<net id="599"><net_src comp="64" pin="0"/><net_sink comp="496" pin=28"/></net>

<net id="600"><net_src comp="68" pin="0"/><net_sink comp="496" pin=29"/></net>

<net id="601"><net_src comp="72" pin="0"/><net_sink comp="496" pin=30"/></net>

<net id="602"><net_src comp="76" pin="0"/><net_sink comp="496" pin=31"/></net>

<net id="603"><net_src comp="80" pin="0"/><net_sink comp="496" pin=32"/></net>

<net id="604"><net_src comp="50" pin="0"/><net_sink comp="496" pin=33"/></net>

<net id="605"><net_src comp="54" pin="0"/><net_sink comp="496" pin=34"/></net>

<net id="606"><net_src comp="58" pin="0"/><net_sink comp="496" pin=35"/></net>

<net id="607"><net_src comp="62" pin="0"/><net_sink comp="496" pin=36"/></net>

<net id="608"><net_src comp="66" pin="0"/><net_sink comp="496" pin=37"/></net>

<net id="609"><net_src comp="70" pin="0"/><net_sink comp="496" pin=38"/></net>

<net id="610"><net_src comp="74" pin="0"/><net_sink comp="496" pin=39"/></net>

<net id="611"><net_src comp="78" pin="0"/><net_sink comp="496" pin=40"/></net>

<net id="612"><net_src comp="130" pin="0"/><net_sink comp="496" pin=41"/></net>

<net id="613"><net_src comp="132" pin="0"/><net_sink comp="496" pin=42"/></net>

<net id="614"><net_src comp="134" pin="0"/><net_sink comp="496" pin=43"/></net>

<net id="615"><net_src comp="136" pin="0"/><net_sink comp="496" pin=44"/></net>

<net id="616"><net_src comp="138" pin="0"/><net_sink comp="496" pin=45"/></net>

<net id="617"><net_src comp="140" pin="0"/><net_sink comp="496" pin=46"/></net>

<net id="618"><net_src comp="142" pin="0"/><net_sink comp="496" pin=47"/></net>

<net id="619"><net_src comp="144" pin="0"/><net_sink comp="496" pin=48"/></net>

<net id="620"><net_src comp="84" pin="0"/><net_sink comp="496" pin=49"/></net>

<net id="621"><net_src comp="88" pin="0"/><net_sink comp="496" pin=50"/></net>

<net id="622"><net_src comp="92" pin="0"/><net_sink comp="496" pin=51"/></net>

<net id="623"><net_src comp="96" pin="0"/><net_sink comp="496" pin=52"/></net>

<net id="624"><net_src comp="100" pin="0"/><net_sink comp="496" pin=53"/></net>

<net id="625"><net_src comp="104" pin="0"/><net_sink comp="496" pin=54"/></net>

<net id="626"><net_src comp="108" pin="0"/><net_sink comp="496" pin=55"/></net>

<net id="627"><net_src comp="112" pin="0"/><net_sink comp="496" pin=56"/></net>

<net id="628"><net_src comp="82" pin="0"/><net_sink comp="496" pin=57"/></net>

<net id="629"><net_src comp="86" pin="0"/><net_sink comp="496" pin=58"/></net>

<net id="630"><net_src comp="90" pin="0"/><net_sink comp="496" pin=59"/></net>

<net id="631"><net_src comp="94" pin="0"/><net_sink comp="496" pin=60"/></net>

<net id="632"><net_src comp="98" pin="0"/><net_sink comp="496" pin=61"/></net>

<net id="633"><net_src comp="102" pin="0"/><net_sink comp="496" pin=62"/></net>

<net id="634"><net_src comp="106" pin="0"/><net_sink comp="496" pin=63"/></net>

<net id="635"><net_src comp="110" pin="0"/><net_sink comp="496" pin=64"/></net>

<net id="636"><net_src comp="146" pin="0"/><net_sink comp="496" pin=65"/></net>

<net id="637"><net_src comp="148" pin="0"/><net_sink comp="496" pin=66"/></net>

<net id="638"><net_src comp="150" pin="0"/><net_sink comp="496" pin=67"/></net>

<net id="639"><net_src comp="152" pin="0"/><net_sink comp="496" pin=68"/></net>

<net id="640"><net_src comp="154" pin="0"/><net_sink comp="496" pin=69"/></net>

<net id="641"><net_src comp="156" pin="0"/><net_sink comp="496" pin=70"/></net>

<net id="642"><net_src comp="158" pin="0"/><net_sink comp="496" pin=71"/></net>

<net id="643"><net_src comp="160" pin="0"/><net_sink comp="496" pin=72"/></net>

<net id="647"><net_src comp="194" pin="0"/><net_sink comp="644" pin=0"/></net>

<net id="652"><net_src comp="644" pin="1"/><net_sink comp="648" pin=0"/></net>

<net id="653"><net_src comp="216" pin="0"/><net_sink comp="648" pin=1"/></net>

<net id="657"><net_src comp="196" pin="0"/><net_sink comp="654" pin=0"/></net>

<net id="661"><net_src comp="198" pin="0"/><net_sink comp="658" pin=0"/></net>

<net id="665"><net_src comp="200" pin="0"/><net_sink comp="662" pin=0"/></net>

<net id="670"><net_src comp="654" pin="1"/><net_sink comp="666" pin=0"/></net>

<net id="671"><net_src comp="216" pin="0"/><net_sink comp="666" pin=1"/></net>

<net id="678"><net_src comp="218" pin="0"/><net_sink comp="672" pin=0"/></net>

<net id="679"><net_src comp="658" pin="1"/><net_sink comp="672" pin=1"/></net>

<net id="680"><net_src comp="220" pin="0"/><net_sink comp="672" pin=2"/></net>

<net id="681"><net_src comp="222" pin="0"/><net_sink comp="672" pin=3"/></net>

<net id="686"><net_src comp="672" pin="4"/><net_sink comp="682" pin=0"/></net>

<net id="687"><net_src comp="224" pin="0"/><net_sink comp="682" pin=1"/></net>

<net id="694"><net_src comp="218" pin="0"/><net_sink comp="688" pin=0"/></net>

<net id="695"><net_src comp="662" pin="1"/><net_sink comp="688" pin=1"/></net>

<net id="696"><net_src comp="220" pin="0"/><net_sink comp="688" pin=2"/></net>

<net id="697"><net_src comp="222" pin="0"/><net_sink comp="688" pin=3"/></net>

<net id="702"><net_src comp="688" pin="4"/><net_sink comp="698" pin=0"/></net>

<net id="703"><net_src comp="224" pin="0"/><net_sink comp="698" pin=1"/></net>

<net id="708"><net_src comp="682" pin="2"/><net_sink comp="704" pin=0"/></net>

<net id="709"><net_src comp="698" pin="2"/><net_sink comp="704" pin=1"/></net>

<net id="714"><net_src comp="704" pin="2"/><net_sink comp="710" pin=0"/></net>

<net id="715"><net_src comp="666" pin="2"/><net_sink comp="710" pin=1"/></net>

<net id="720"><net_src comp="662" pin="1"/><net_sink comp="716" pin=0"/></net>

<net id="721"><net_src comp="220" pin="0"/><net_sink comp="716" pin=1"/></net>

<net id="726"><net_src comp="716" pin="2"/><net_sink comp="722" pin=0"/></net>

<net id="727"><net_src comp="228" pin="0"/><net_sink comp="722" pin=1"/></net>

<net id="732"><net_src comp="716" pin="2"/><net_sink comp="728" pin=0"/></net>

<net id="733"><net_src comp="200" pin="0"/><net_sink comp="728" pin=1"/></net>

<net id="738"><net_src comp="644" pin="1"/><net_sink comp="734" pin=0"/></net>

<net id="739"><net_src comp="220" pin="0"/><net_sink comp="734" pin=1"/></net>

<net id="745"><net_src comp="648" pin="2"/><net_sink comp="740" pin=0"/></net>

<net id="746"><net_src comp="216" pin="0"/><net_sink comp="740" pin=1"/></net>

<net id="747"><net_src comp="734" pin="2"/><net_sink comp="740" pin=2"/></net>

<net id="752"><net_src comp="740" pin="3"/><net_sink comp="748" pin=0"/></net>

<net id="753"><net_src comp="194" pin="0"/><net_sink comp="748" pin=1"/></net>

<net id="758"><net_src comp="210" pin="0"/><net_sink comp="754" pin=0"/></net>

<net id="759"><net_src comp="200" pin="0"/><net_sink comp="754" pin=1"/></net>

<net id="764"><net_src comp="210" pin="0"/><net_sink comp="760" pin=0"/></net>

<net id="765"><net_src comp="194" pin="0"/><net_sink comp="760" pin=1"/></net>

<net id="770"><net_src comp="658" pin="1"/><net_sink comp="766" pin=0"/></net>

<net id="771"><net_src comp="220" pin="0"/><net_sink comp="766" pin=1"/></net>

<net id="776"><net_src comp="766" pin="2"/><net_sink comp="772" pin=0"/></net>

<net id="777"><net_src comp="228" pin="0"/><net_sink comp="772" pin=1"/></net>

<net id="782"><net_src comp="766" pin="2"/><net_sink comp="778" pin=0"/></net>

<net id="783"><net_src comp="198" pin="0"/><net_sink comp="778" pin=1"/></net>

<net id="788"><net_src comp="654" pin="1"/><net_sink comp="784" pin=0"/></net>

<net id="789"><net_src comp="216" pin="0"/><net_sink comp="784" pin=1"/></net>

<net id="794"><net_src comp="654" pin="1"/><net_sink comp="790" pin=0"/></net>

<net id="795"><net_src comp="220" pin="0"/><net_sink comp="790" pin=1"/></net>

<net id="801"><net_src comp="784" pin="2"/><net_sink comp="796" pin=0"/></net>

<net id="802"><net_src comp="216" pin="0"/><net_sink comp="796" pin=1"/></net>

<net id="803"><net_src comp="790" pin="2"/><net_sink comp="796" pin=2"/></net>

<net id="808"><net_src comp="210" pin="0"/><net_sink comp="804" pin=0"/></net>

<net id="809"><net_src comp="198" pin="0"/><net_sink comp="804" pin=1"/></net>

<net id="814"><net_src comp="293" pin="4"/><net_sink comp="810" pin=0"/></net>

<net id="815"><net_src comp="196" pin="0"/><net_sink comp="810" pin=1"/></net>

<net id="819"><net_src comp="496" pin="73"/><net_sink comp="816" pin=0"/></net>

<net id="823"><net_src comp="496" pin="73"/><net_sink comp="820" pin=0"/></net>

<net id="827"><net_src comp="496" pin="73"/><net_sink comp="824" pin=0"/></net>

<net id="831"><net_src comp="496" pin="73"/><net_sink comp="828" pin=0"/></net>

<net id="835"><net_src comp="496" pin="73"/><net_sink comp="832" pin=0"/></net>

<net id="839"><net_src comp="496" pin="73"/><net_sink comp="836" pin=0"/></net>

<net id="843"><net_src comp="496" pin="73"/><net_sink comp="840" pin=0"/></net>

<net id="847"><net_src comp="496" pin="73"/><net_sink comp="844" pin=0"/></net>

<net id="851"><net_src comp="496" pin="73"/><net_sink comp="848" pin=0"/></net>

<net id="855"><net_src comp="496" pin="73"/><net_sink comp="852" pin=0"/></net>

<net id="869"><net_src comp="230" pin="0"/><net_sink comp="856" pin=0"/></net>

<net id="870"><net_src comp="856" pin="11"/><net_sink comp="282" pin=2"/></net>

<net id="874"><net_src comp="648" pin="2"/><net_sink comp="871" pin=0"/></net>

<net id="878"><net_src comp="710" pin="2"/><net_sink comp="875" pin=0"/></net>

<net id="882"><net_src comp="722" pin="2"/><net_sink comp="879" pin=0"/></net>

<net id="889"><net_src comp="796" pin="3"/><net_sink comp="886" pin=0"/></net>

<net id="890"><net_src comp="886" pin="1"/><net_sink comp="293" pin=0"/></net>

<net id="894"><net_src comp="816" pin="1"/><net_sink comp="891" pin=0"/></net>

<net id="895"><net_src comp="891" pin="1"/><net_sink comp="856" pin=10"/></net>

<net id="899"><net_src comp="820" pin="1"/><net_sink comp="896" pin=0"/></net>

<net id="900"><net_src comp="896" pin="1"/><net_sink comp="856" pin=9"/></net>

<net id="904"><net_src comp="824" pin="1"/><net_sink comp="901" pin=0"/></net>

<net id="905"><net_src comp="901" pin="1"/><net_sink comp="856" pin=8"/></net>

<net id="909"><net_src comp="828" pin="1"/><net_sink comp="906" pin=0"/></net>

<net id="910"><net_src comp="906" pin="1"/><net_sink comp="856" pin=7"/></net>

<net id="914"><net_src comp="832" pin="1"/><net_sink comp="911" pin=0"/></net>

<net id="915"><net_src comp="911" pin="1"/><net_sink comp="856" pin=6"/></net>

<net id="919"><net_src comp="836" pin="1"/><net_sink comp="916" pin=0"/></net>

<net id="920"><net_src comp="916" pin="1"/><net_sink comp="856" pin=5"/></net>

<net id="924"><net_src comp="840" pin="1"/><net_sink comp="921" pin=0"/></net>

<net id="925"><net_src comp="921" pin="1"/><net_sink comp="856" pin=4"/></net>

<net id="929"><net_src comp="844" pin="1"/><net_sink comp="926" pin=0"/></net>

<net id="930"><net_src comp="926" pin="1"/><net_sink comp="856" pin=3"/></net>

<net id="934"><net_src comp="848" pin="1"/><net_sink comp="931" pin=0"/></net>

<net id="935"><net_src comp="931" pin="1"/><net_sink comp="856" pin=2"/></net>

<net id="939"><net_src comp="852" pin="1"/><net_sink comp="936" pin=0"/></net>

<net id="940"><net_src comp="936" pin="1"/><net_sink comp="856" pin=1"/></net>

</net_list>

</model> 
---------------- Datapath Model END ------------------

* FSMD analyzer results:
  - Output states:
	Port: layer10_out | {10 }
	Port: void_compute_output_buffer_2d_array_const_ap_shift_reg_n_chan_stream_weig_1 | {1 }
	Port: void_compute_output_buffer_2d_array_const_ap_shift_reg_n_chan_stream_weig_9 | {1 }
	Port: void_compute_output_buffer_2d_array_const_ap_shift_reg_n_chan_stream_weig | {1 }
	Port: void_compute_output_buffer_2d_array_const_ap_shift_reg_n_chan_stream_weig_8 | {1 }
	Port: p_ZZN4nnet24compute_output_buffer_2dINS_5arrayI8ap_fixedILi16ELi6EL9ap_q_mode5EL9_61 | {1 }
	Port: void_compute_output_buffer_2d_array_const_ap_shift_reg_n_chan_stream_weig_7 | {1 }
	Port: p_ZZN4nnet24compute_output_buffer_2dINS_5arrayI8ap_fixedILi16ELi6EL9ap_q_mode5EL9_60 | {1 }
	Port: void_compute_output_buffer_2d_array_const_ap_shift_reg_n_chan_stream_weig_6 | {1 }
	Port: p_ZZN4nnet24compute_output_buffer_2dINS_5arrayI8ap_fixedILi16ELi6EL9ap_q_mode5EL9_59 | {1 }
	Port: void_compute_output_buffer_2d_array_const_ap_shift_reg_n_chan_stream_weig_5 | {1 }
	Port: p_ZZN4nnet24compute_output_buffer_2dINS_5arrayI8ap_fixedILi16ELi6EL9ap_q_mode5EL9_58 | {1 }
	Port: void_compute_output_buffer_2d_array_const_ap_shift_reg_n_chan_stream_weig_4 | {1 }
	Port: p_ZZN4nnet24compute_output_buffer_2dINS_5arrayI8ap_fixedILi16ELi6EL9ap_q_mode5EL9_57 | {1 }
	Port: void_compute_output_buffer_2d_array_const_ap_shift_reg_n_chan_stream_weig_3 | {1 }
	Port: p_ZZN4nnet24compute_output_buffer_2dINS_5arrayI8ap_fixedILi16ELi6EL9ap_q_mode5EL9_56 | {1 }
	Port: void_compute_output_buffer_2d_array_const_ap_shift_reg_n_chan_stream_weig_2 | {1 }
	Port: p_ZZN4nnet24compute_output_buffer_2dINS_5arrayI8ap_fixedILi16ELi6EL9ap_q_mode5EL9_39 | {1 }
	Port: p_ZZN4nnet24compute_output_buffer_2dINS_5arrayI8ap_fixedILi16ELi6EL9ap_q_mode5EL9_47 | {1 }
	Port: p_ZZN4nnet24compute_output_buffer_2dINS_5arrayI8ap_fixedILi16ELi6EL9ap_q_mode5EL9_38 | {1 }
	Port: p_ZZN4nnet24compute_output_buffer_2dINS_5arrayI8ap_fixedILi16ELi6EL9ap_q_mode5EL9_46 | {1 }
	Port: p_ZZN4nnet24compute_output_buffer_2dINS_5arrayI8ap_fixedILi16ELi6EL9ap_q_mode5EL9_37 | {1 }
	Port: p_ZZN4nnet24compute_output_buffer_2dINS_5arrayI8ap_fixedILi16ELi6EL9ap_q_mode5EL9_45 | {1 }
	Port: p_ZZN4nnet24compute_output_buffer_2dINS_5arrayI8ap_fixedILi16ELi6EL9ap_q_mode5EL9_36 | {1 }
	Port: p_ZZN4nnet24compute_output_buffer_2dINS_5arrayI8ap_fixedILi16ELi6EL9ap_q_mode5EL9_44 | {1 }
	Port: p_ZZN4nnet24compute_output_buffer_2dINS_5arrayI8ap_fixedILi16ELi6EL9ap_q_mode5EL9_35 | {1 }
	Port: p_ZZN4nnet24compute_output_buffer_2dINS_5arrayI8ap_fixedILi16ELi6EL9ap_q_mode5EL9_43 | {1 }
	Port: p_ZZN4nnet24compute_output_buffer_2dINS_5arrayI8ap_fixedILi16ELi6EL9ap_q_mode5EL9_34 | {1 }
	Port: p_ZZN4nnet24compute_output_buffer_2dINS_5arrayI8ap_fixedILi16ELi6EL9ap_q_mode5EL9_42 | {1 }
	Port: p_ZZN4nnet24compute_output_buffer_2dINS_5arrayI8ap_fixedILi16ELi6EL9ap_q_mode5EL9_33 | {1 }
	Port: p_ZZN4nnet24compute_output_buffer_2dINS_5arrayI8ap_fixedILi16ELi6EL9ap_q_mode5EL9_41 | {1 }
	Port: p_ZZN4nnet24compute_output_buffer_2dINS_5arrayI8ap_fixedILi16ELi6EL9ap_q_mode5EL9_32 | {1 }
	Port: p_ZZN4nnet24compute_output_buffer_2dINS_5arrayI8ap_fixedILi16ELi6EL9ap_q_mode5EL9_40 | {1 }
	Port: p_ZZN4nnet24compute_output_buffer_2dINS_5arrayI8ap_fixedILi16ELi6EL9ap_q_mode5EL9_15 | {1 }
	Port: p_ZZN4nnet24compute_output_buffer_2dINS_5arrayI8ap_fixedILi16ELi6EL9ap_q_mode5EL9_23 | {1 }
	Port: p_ZZN4nnet24compute_output_buffer_2dINS_5arrayI8ap_fixedILi16ELi6EL9ap_q_mode5EL9_14 | {1 }
	Port: p_ZZN4nnet24compute_output_buffer_2dINS_5arrayI8ap_fixedILi16ELi6EL9ap_q_mode5EL9_22 | {1 }
	Port: p_ZZN4nnet24compute_output_buffer_2dINS_5arrayI8ap_fixedILi16ELi6EL9ap_q_mode5EL9_13 | {1 }
	Port: p_ZZN4nnet24compute_output_buffer_2dINS_5arrayI8ap_fixedILi16ELi6EL9ap_q_mode5EL9_21 | {1 }
	Port: p_ZZN4nnet24compute_output_buffer_2dINS_5arrayI8ap_fixedILi16ELi6EL9ap_q_mode5EL9_12 | {1 }
	Port: p_ZZN4nnet24compute_output_buffer_2dINS_5arrayI8ap_fixedILi16ELi6EL9ap_q_mode5EL9_20 | {1 }
	Port: p_ZZN4nnet24compute_output_buffer_2dINS_5arrayI8ap_fixedILi16ELi6EL9ap_q_mode5EL9_11 | {1 }
	Port: p_ZZN4nnet24compute_output_buffer_2dINS_5arrayI8ap_fixedILi16ELi6EL9ap_q_mode5EL9_19 | {1 }
	Port: p_ZZN4nnet24compute_output_buffer_2dINS_5arrayI8ap_fixedILi16ELi6EL9ap_q_mode5EL9_10 | {1 }
	Port: p_ZZN4nnet24compute_output_buffer_2dINS_5arrayI8ap_fixedILi16ELi6EL9ap_q_mode5EL9_18 | {1 }
	Port: p_ZZN4nnet24compute_output_buffer_2dINS_5arrayI8ap_fixedILi16ELi6EL9ap_q_mode5EL9_9 | {1 }
	Port: p_ZZN4nnet24compute_output_buffer_2dINS_5arrayI8ap_fixedILi16ELi6EL9ap_q_mode5EL9_17 | {1 }
	Port: p_ZZN4nnet24compute_output_buffer_2dINS_5arrayI8ap_fixedILi16ELi6EL9ap_q_mode5EL9_8 | {1 }
	Port: p_ZZN4nnet24compute_output_buffer_2dINS_5arrayI8ap_fixedILi16ELi6EL9ap_q_mode5EL9_16 | {1 }
	Port: p_ZZN4nnet24compute_output_buffer_2dINS_5arrayI8ap_fixedILi16ELi6EL9ap_q_mode5EL9_55 | {1 }
	Port: p_ZZN4nnet24compute_output_buffer_2dINS_5arrayI8ap_fixedILi16ELi6EL9ap_q_mode5EL9_54 | {1 }
	Port: p_ZZN4nnet24compute_output_buffer_2dINS_5arrayI8ap_fixedILi16ELi6EL9ap_q_mode5EL9_53 | {1 }
	Port: p_ZZN4nnet24compute_output_buffer_2dINS_5arrayI8ap_fixedILi16ELi6EL9ap_q_mode5EL9_52 | {1 }
	Port: p_ZZN4nnet24compute_output_buffer_2dINS_5arrayI8ap_fixedILi16ELi6EL9ap_q_mode5EL9_51 | {1 }
	Port: p_ZZN4nnet24compute_output_buffer_2dINS_5arrayI8ap_fixedILi16ELi6EL9ap_q_mode5EL9_50 | {1 }
	Port: p_ZZN4nnet24compute_output_buffer_2dINS_5arrayI8ap_fixedILi16ELi6EL9ap_q_mode5EL9_49 | {1 }
	Port: p_ZZN4nnet24compute_output_buffer_2dINS_5arrayI8ap_fixedILi16ELi6EL9ap_q_mode5EL9_48 | {1 }
	Port: p_ZZN4nnet24compute_output_buffer_2dINS_5arrayI8ap_fixedILi16ELi6EL9ap_q_mode5EL9_31 | {1 }
	Port: p_ZZN4nnet24compute_output_buffer_2dINS_5arrayI8ap_fixedILi16ELi6EL9ap_q_mode5EL9_30 | {1 }
	Port: p_ZZN4nnet24compute_output_buffer_2dINS_5arrayI8ap_fixedILi16ELi6EL9ap_q_mode5EL9_29 | {1 }
	Port: p_ZZN4nnet24compute_output_buffer_2dINS_5arrayI8ap_fixedILi16ELi6EL9ap_q_mode5EL9_28 | {1 }
	Port: p_ZZN4nnet24compute_output_buffer_2dINS_5arrayI8ap_fixedILi16ELi6EL9ap_q_mode5EL9_27 | {1 }
	Port: p_ZZN4nnet24compute_output_buffer_2dINS_5arrayI8ap_fixedILi16ELi6EL9ap_q_mode5EL9_26 | {1 }
	Port: p_ZZN4nnet24compute_output_buffer_2dINS_5arrayI8ap_fixedILi16ELi6EL9ap_q_mode5EL9_25 | {1 }
	Port: p_ZZN4nnet24compute_output_buffer_2dINS_5arrayI8ap_fixedILi16ELi6EL9ap_q_mode5EL9_24 | {1 }
	Port: p_ZZN4nnet24compute_output_buffer_2dINS_5arrayI8ap_fixedILi16ELi6EL9ap_q_mode5EL9_7 | {1 }
	Port: p_ZZN4nnet24compute_output_buffer_2dINS_5arrayI8ap_fixedILi16ELi6EL9ap_q_mode5EL9_6 | {1 }
	Port: p_ZZN4nnet24compute_output_buffer_2dINS_5arrayI8ap_fixedILi16ELi6EL9ap_q_mode5EL9_5 | {1 }
	Port: p_ZZN4nnet24compute_output_buffer_2dINS_5arrayI8ap_fixedILi16ELi6EL9ap_q_mode5EL9_4 | {1 }
	Port: p_ZZN4nnet24compute_output_buffer_2dINS_5arrayI8ap_fixedILi16ELi6EL9ap_q_mode5EL9_3 | {1 }
	Port: p_ZZN4nnet24compute_output_buffer_2dINS_5arrayI8ap_fixedILi16ELi6EL9ap_q_mode5EL9_2 | {1 }
	Port: p_ZZN4nnet24compute_output_buffer_2dINS_5arrayI8ap_fixedILi16ELi6EL9ap_q_mode5EL9_1 | {1 }
	Port: p_ZZN4nnet24compute_output_buffer_2dINS_5arrayI8ap_fixedILi16ELi6EL9ap_q_mode5EL9 | {1 }
	Port: p_ZZN4nnet25conv_2d_buffer_latency_clINS_5arrayI8ap_fixedILi16ELi6EL9ap_q_mode5EL_15 | {1 }
	Port: p_ZZN4nnet25conv_2d_buffer_latency_clINS_5arrayI8ap_fixedILi16ELi6EL9ap_q_mode5EL_7 | {1 }
	Port: p_ZZN4nnet25conv_2d_buffer_latency_clINS_5arrayI8ap_fixedILi16ELi6EL9ap_q_mode5EL_14 | {1 }
	Port: p_ZZN4nnet25conv_2d_buffer_latency_clINS_5arrayI8ap_fixedILi16ELi6EL9ap_q_mode5EL_6 | {1 }
	Port: p_ZZN4nnet25conv_2d_buffer_latency_clINS_5arrayI8ap_fixedILi16ELi6EL9ap_q_mode5EL_13 | {1 }
	Port: p_ZZN4nnet25conv_2d_buffer_latency_clINS_5arrayI8ap_fixedILi16ELi6EL9ap_q_mode5EL_5 | {1 }
	Port: p_ZZN4nnet25conv_2d_buffer_latency_clINS_5arrayI8ap_fixedILi16ELi6EL9ap_q_mode5EL_12 | {1 }
	Port: p_ZZN4nnet25conv_2d_buffer_latency_clINS_5arrayI8ap_fixedILi16ELi6EL9ap_q_mode5EL_4 | {1 }
	Port: p_ZZN4nnet25conv_2d_buffer_latency_clINS_5arrayI8ap_fixedILi16ELi6EL9ap_q_mode5EL_11 | {1 }
	Port: p_ZZN4nnet25conv_2d_buffer_latency_clINS_5arrayI8ap_fixedILi16ELi6EL9ap_q_mode5EL_3 | {1 }
	Port: p_ZZN4nnet25conv_2d_buffer_latency_clINS_5arrayI8ap_fixedILi16ELi6EL9ap_q_mode5EL_10 | {1 }
	Port: p_ZZN4nnet25conv_2d_buffer_latency_clINS_5arrayI8ap_fixedILi16ELi6EL9ap_q_mode5EL_2 | {1 }
	Port: p_ZZN4nnet25conv_2d_buffer_latency_clINS_5arrayI8ap_fixedILi16ELi6EL9ap_q_mode5EL_9 | {1 }
	Port: p_ZZN4nnet25conv_2d_buffer_latency_clINS_5arrayI8ap_fixedILi16ELi6EL9ap_q_mode5EL_1 | {1 }
	Port: p_ZZN4nnet25conv_2d_buffer_latency_clINS_5arrayI8ap_fixedILi16ELi6EL9ap_q_mode5EL_8 | {1 }
	Port: p_ZZN4nnet25conv_2d_buffer_latency_clINS_5arrayI8ap_fixedILi16ELi6EL9ap_q_mode5EL | {1 }
	Port: sX_3 | {2 }
	Port: sY_3 | {3 }
	Port: pY_3 | {2 }
	Port: pX_3 | {2 }
 - Input state : 
	Port: compute_output_buffer_2d<array,array<ap_fixed<40,20,5,3,0>,10u>,config10> : p_read | {1 }
	Port: compute_output_buffer_2d<array,array<ap_fixed<40,20,5,3,0>,10u>,config10> : p_read1 | {1 }
	Port: compute_output_buffer_2d<array,array<ap_fixed<40,20,5,3,0>,10u>,config10> : p_read2 | {1 }
	Port: compute_output_buffer_2d<array,array<ap_fixed<40,20,5,3,0>,10u>,config10> : p_read3 | {1 }
	Port: compute_output_buffer_2d<array,array<ap_fixed<40,20,5,3,0>,10u>,config10> : p_read4 | {1 }
	Port: compute_output_buffer_2d<array,array<ap_fixed<40,20,5,3,0>,10u>,config10> : p_read5 | {1 }
	Port: compute_output_buffer_2d<array,array<ap_fixed<40,20,5,3,0>,10u>,config10> : p_read6 | {1 }
	Port: compute_output_buffer_2d<array,array<ap_fixed<40,20,5,3,0>,10u>,config10> : p_read7 | {1 }
	Port: compute_output_buffer_2d<array,array<ap_fixed<40,20,5,3,0>,10u>,config10> : void_compute_output_buffer_2d_array_const_ap_shift_reg_n_chan_stream_weig_1 | {1 3 }
	Port: compute_output_buffer_2d<array,array<ap_fixed<40,20,5,3,0>,10u>,config10> : void_compute_output_buffer_2d_array_const_ap_shift_reg_n_chan_stream_weig_9 | {2 }
	Port: compute_output_buffer_2d<array,array<ap_fixed<40,20,5,3,0>,10u>,config10> : void_compute_output_buffer_2d_array_const_ap_shift_reg_n_chan_stream_weig | {1 3 }
	Port: compute_output_buffer_2d<array,array<ap_fixed<40,20,5,3,0>,10u>,config10> : void_compute_output_buffer_2d_array_const_ap_shift_reg_n_chan_stream_weig_8 | {3 }
	Port: compute_output_buffer_2d<array,array<ap_fixed<40,20,5,3,0>,10u>,config10> : p_ZZN4nnet24compute_output_buffer_2dINS_5arrayI8ap_fixedILi16ELi6EL9ap_q_mode5EL9_61 | {1 4 }
	Port: compute_output_buffer_2d<array,array<ap_fixed<40,20,5,3,0>,10u>,config10> : void_compute_output_buffer_2d_array_const_ap_shift_reg_n_chan_stream_weig_7 | {2 }
	Port: compute_output_buffer_2d<array,array<ap_fixed<40,20,5,3,0>,10u>,config10> : p_ZZN4nnet24compute_output_buffer_2dINS_5arrayI8ap_fixedILi16ELi6EL9ap_q_mode5EL9_60 | {1 3 }
	Port: compute_output_buffer_2d<array,array<ap_fixed<40,20,5,3,0>,10u>,config10> : void_compute_output_buffer_2d_array_const_ap_shift_reg_n_chan_stream_weig_6 | {3 }
	Port: compute_output_buffer_2d<array,array<ap_fixed<40,20,5,3,0>,10u>,config10> : p_ZZN4nnet24compute_output_buffer_2dINS_5arrayI8ap_fixedILi16ELi6EL9ap_q_mode5EL9_59 | {1 3 }
	Port: compute_output_buffer_2d<array,array<ap_fixed<40,20,5,3,0>,10u>,config10> : void_compute_output_buffer_2d_array_const_ap_shift_reg_n_chan_stream_weig_5 | {3 }
	Port: compute_output_buffer_2d<array,array<ap_fixed<40,20,5,3,0>,10u>,config10> : p_ZZN4nnet24compute_output_buffer_2dINS_5arrayI8ap_fixedILi16ELi6EL9ap_q_mode5EL9_58 | {1 4 }
	Port: compute_output_buffer_2d<array,array<ap_fixed<40,20,5,3,0>,10u>,config10> : void_compute_output_buffer_2d_array_const_ap_shift_reg_n_chan_stream_weig_4 | {3 }
	Port: compute_output_buffer_2d<array,array<ap_fixed<40,20,5,3,0>,10u>,config10> : p_ZZN4nnet24compute_output_buffer_2dINS_5arrayI8ap_fixedILi16ELi6EL9ap_q_mode5EL9_57 | {1 3 }
	Port: compute_output_buffer_2d<array,array<ap_fixed<40,20,5,3,0>,10u>,config10> : void_compute_output_buffer_2d_array_const_ap_shift_reg_n_chan_stream_weig_3 | {3 }
	Port: compute_output_buffer_2d<array,array<ap_fixed<40,20,5,3,0>,10u>,config10> : p_ZZN4nnet24compute_output_buffer_2dINS_5arrayI8ap_fixedILi16ELi6EL9ap_q_mode5EL9_56 | {1 4 }
	Port: compute_output_buffer_2d<array,array<ap_fixed<40,20,5,3,0>,10u>,config10> : void_compute_output_buffer_2d_array_const_ap_shift_reg_n_chan_stream_weig_2 | {3 }
	Port: compute_output_buffer_2d<array,array<ap_fixed<40,20,5,3,0>,10u>,config10> : p_ZZN4nnet24compute_output_buffer_2dINS_5arrayI8ap_fixedILi16ELi6EL9ap_q_mode5EL9_39 | {1 4 }
	Port: compute_output_buffer_2d<array,array<ap_fixed<40,20,5,3,0>,10u>,config10> : p_ZZN4nnet24compute_output_buffer_2dINS_5arrayI8ap_fixedILi16ELi6EL9ap_q_mode5EL9_47 | {4 }
	Port: compute_output_buffer_2d<array,array<ap_fixed<40,20,5,3,0>,10u>,config10> : p_ZZN4nnet24compute_output_buffer_2dINS_5arrayI8ap_fixedILi16ELi6EL9ap_q_mode5EL9_38 | {1 4 }
	Port: compute_output_buffer_2d<array,array<ap_fixed<40,20,5,3,0>,10u>,config10> : p_ZZN4nnet24compute_output_buffer_2dINS_5arrayI8ap_fixedILi16ELi6EL9ap_q_mode5EL9_46 | {4 }
	Port: compute_output_buffer_2d<array,array<ap_fixed<40,20,5,3,0>,10u>,config10> : p_ZZN4nnet24compute_output_buffer_2dINS_5arrayI8ap_fixedILi16ELi6EL9ap_q_mode5EL9_37 | {1 4 }
	Port: compute_output_buffer_2d<array,array<ap_fixed<40,20,5,3,0>,10u>,config10> : p_ZZN4nnet24compute_output_buffer_2dINS_5arrayI8ap_fixedILi16ELi6EL9ap_q_mode5EL9_45 | {4 }
	Port: compute_output_buffer_2d<array,array<ap_fixed<40,20,5,3,0>,10u>,config10> : p_ZZN4nnet24compute_output_buffer_2dINS_5arrayI8ap_fixedILi16ELi6EL9ap_q_mode5EL9_36 | {1 4 }
	Port: compute_output_buffer_2d<array,array<ap_fixed<40,20,5,3,0>,10u>,config10> : p_ZZN4nnet24compute_output_buffer_2dINS_5arrayI8ap_fixedILi16ELi6EL9ap_q_mode5EL9_44 | {4 }
	Port: compute_output_buffer_2d<array,array<ap_fixed<40,20,5,3,0>,10u>,config10> : p_ZZN4nnet24compute_output_buffer_2dINS_5arrayI8ap_fixedILi16ELi6EL9ap_q_mode5EL9_35 | {1 4 }
	Port: compute_output_buffer_2d<array,array<ap_fixed<40,20,5,3,0>,10u>,config10> : p_ZZN4nnet24compute_output_buffer_2dINS_5arrayI8ap_fixedILi16ELi6EL9ap_q_mode5EL9_43 | {4 }
	Port: compute_output_buffer_2d<array,array<ap_fixed<40,20,5,3,0>,10u>,config10> : p_ZZN4nnet24compute_output_buffer_2dINS_5arrayI8ap_fixedILi16ELi6EL9ap_q_mode5EL9_34 | {1 5 }
	Port: compute_output_buffer_2d<array,array<ap_fixed<40,20,5,3,0>,10u>,config10> : p_ZZN4nnet24compute_output_buffer_2dINS_5arrayI8ap_fixedILi16ELi6EL9ap_q_mode5EL9_42 | {5 }
	Port: compute_output_buffer_2d<array,array<ap_fixed<40,20,5,3,0>,10u>,config10> : p_ZZN4nnet24compute_output_buffer_2dINS_5arrayI8ap_fixedILi16ELi6EL9ap_q_mode5EL9_33 | {1 4 }
	Port: compute_output_buffer_2d<array,array<ap_fixed<40,20,5,3,0>,10u>,config10> : p_ZZN4nnet24compute_output_buffer_2dINS_5arrayI8ap_fixedILi16ELi6EL9ap_q_mode5EL9_41 | {4 }
	Port: compute_output_buffer_2d<array,array<ap_fixed<40,20,5,3,0>,10u>,config10> : p_ZZN4nnet24compute_output_buffer_2dINS_5arrayI8ap_fixedILi16ELi6EL9ap_q_mode5EL9_32 | {1 5 }
	Port: compute_output_buffer_2d<array,array<ap_fixed<40,20,5,3,0>,10u>,config10> : p_ZZN4nnet24compute_output_buffer_2dINS_5arrayI8ap_fixedILi16ELi6EL9ap_q_mode5EL9_40 | {4 }
	Port: compute_output_buffer_2d<array,array<ap_fixed<40,20,5,3,0>,10u>,config10> : p_ZZN4nnet24compute_output_buffer_2dINS_5arrayI8ap_fixedILi16ELi6EL9ap_q_mode5EL9_15 | {1 5 }
	Port: compute_output_buffer_2d<array,array<ap_fixed<40,20,5,3,0>,10u>,config10> : p_ZZN4nnet24compute_output_buffer_2dINS_5arrayI8ap_fixedILi16ELi6EL9ap_q_mode5EL9_23 | {5 }
	Port: compute_output_buffer_2d<array,array<ap_fixed<40,20,5,3,0>,10u>,config10> : p_ZZN4nnet24compute_output_buffer_2dINS_5arrayI8ap_fixedILi16ELi6EL9ap_q_mode5EL9_14 | {1 5 }
	Port: compute_output_buffer_2d<array,array<ap_fixed<40,20,5,3,0>,10u>,config10> : p_ZZN4nnet24compute_output_buffer_2dINS_5arrayI8ap_fixedILi16ELi6EL9ap_q_mode5EL9_22 | {5 }
	Port: compute_output_buffer_2d<array,array<ap_fixed<40,20,5,3,0>,10u>,config10> : p_ZZN4nnet24compute_output_buffer_2dINS_5arrayI8ap_fixedILi16ELi6EL9ap_q_mode5EL9_13 | {1 5 }
	Port: compute_output_buffer_2d<array,array<ap_fixed<40,20,5,3,0>,10u>,config10> : p_ZZN4nnet24compute_output_buffer_2dINS_5arrayI8ap_fixedILi16ELi6EL9ap_q_mode5EL9_21 | {5 }
	Port: compute_output_buffer_2d<array,array<ap_fixed<40,20,5,3,0>,10u>,config10> : p_ZZN4nnet24compute_output_buffer_2dINS_5arrayI8ap_fixedILi16ELi6EL9ap_q_mode5EL9_12 | {1 5 }
	Port: compute_output_buffer_2d<array,array<ap_fixed<40,20,5,3,0>,10u>,config10> : p_ZZN4nnet24compute_output_buffer_2dINS_5arrayI8ap_fixedILi16ELi6EL9ap_q_mode5EL9_20 | {5 }
	Port: compute_output_buffer_2d<array,array<ap_fixed<40,20,5,3,0>,10u>,config10> : p_ZZN4nnet24compute_output_buffer_2dINS_5arrayI8ap_fixedILi16ELi6EL9ap_q_mode5EL9_11 | {1 5 }
	Port: compute_output_buffer_2d<array,array<ap_fixed<40,20,5,3,0>,10u>,config10> : p_ZZN4nnet24compute_output_buffer_2dINS_5arrayI8ap_fixedILi16ELi6EL9ap_q_mode5EL9_19 | {5 }
	Port: compute_output_buffer_2d<array,array<ap_fixed<40,20,5,3,0>,10u>,config10> : p_ZZN4nnet24compute_output_buffer_2dINS_5arrayI8ap_fixedILi16ELi6EL9ap_q_mode5EL9_10 | {1 5 }
	Port: compute_output_buffer_2d<array,array<ap_fixed<40,20,5,3,0>,10u>,config10> : p_ZZN4nnet24compute_output_buffer_2dINS_5arrayI8ap_fixedILi16ELi6EL9ap_q_mode5EL9_18 | {5 }
	Port: compute_output_buffer_2d<array,array<ap_fixed<40,20,5,3,0>,10u>,config10> : p_ZZN4nnet24compute_output_buffer_2dINS_5arrayI8ap_fixedILi16ELi6EL9ap_q_mode5EL9_9 | {1 5 }
	Port: compute_output_buffer_2d<array,array<ap_fixed<40,20,5,3,0>,10u>,config10> : p_ZZN4nnet24compute_output_buffer_2dINS_5arrayI8ap_fixedILi16ELi6EL9ap_q_mode5EL9_17 | {5 }
	Port: compute_output_buffer_2d<array,array<ap_fixed<40,20,5,3,0>,10u>,config10> : p_ZZN4nnet24compute_output_buffer_2dINS_5arrayI8ap_fixedILi16ELi6EL9ap_q_mode5EL9_8 | {1 5 }
	Port: compute_output_buffer_2d<array,array<ap_fixed<40,20,5,3,0>,10u>,config10> : p_ZZN4nnet24compute_output_buffer_2dINS_5arrayI8ap_fixedILi16ELi6EL9ap_q_mode5EL9_16 | {5 }
	Port: compute_output_buffer_2d<array,array<ap_fixed<40,20,5,3,0>,10u>,config10> : p_ZZN4nnet24compute_output_buffer_2dINS_5arrayI8ap_fixedILi16ELi6EL9ap_q_mode5EL9_55 | {1 4 }
	Port: compute_output_buffer_2d<array,array<ap_fixed<40,20,5,3,0>,10u>,config10> : p_ZZN4nnet24compute_output_buffer_2dINS_5arrayI8ap_fixedILi16ELi6EL9ap_q_mode5EL9_54 | {1 3 }
	Port: compute_output_buffer_2d<array,array<ap_fixed<40,20,5,3,0>,10u>,config10> : p_ZZN4nnet24compute_output_buffer_2dINS_5arrayI8ap_fixedILi16ELi6EL9ap_q_mode5EL9_53 | {1 3 }
	Port: compute_output_buffer_2d<array,array<ap_fixed<40,20,5,3,0>,10u>,config10> : p_ZZN4nnet24compute_output_buffer_2dINS_5arrayI8ap_fixedILi16ELi6EL9ap_q_mode5EL9_52 | {1 4 }
	Port: compute_output_buffer_2d<array,array<ap_fixed<40,20,5,3,0>,10u>,config10> : p_ZZN4nnet24compute_output_buffer_2dINS_5arrayI8ap_fixedILi16ELi6EL9ap_q_mode5EL9_51 | {1 4 }
	Port: compute_output_buffer_2d<array,array<ap_fixed<40,20,5,3,0>,10u>,config10> : p_ZZN4nnet24compute_output_buffer_2dINS_5arrayI8ap_fixedILi16ELi6EL9ap_q_mode5EL9_50 | {1 3 }
	Port: compute_output_buffer_2d<array,array<ap_fixed<40,20,5,3,0>,10u>,config10> : p_ZZN4nnet24compute_output_buffer_2dINS_5arrayI8ap_fixedILi16ELi6EL9ap_q_mode5EL9_49 | {1 4 }
	Port: compute_output_buffer_2d<array,array<ap_fixed<40,20,5,3,0>,10u>,config10> : p_ZZN4nnet24compute_output_buffer_2dINS_5arrayI8ap_fixedILi16ELi6EL9ap_q_mode5EL9_48 | {1 4 }
	Port: compute_output_buffer_2d<array,array<ap_fixed<40,20,5,3,0>,10u>,config10> : p_ZZN4nnet24compute_output_buffer_2dINS_5arrayI8ap_fixedILi16ELi6EL9ap_q_mode5EL9_31 | {1 5 }
	Port: compute_output_buffer_2d<array,array<ap_fixed<40,20,5,3,0>,10u>,config10> : p_ZZN4nnet24compute_output_buffer_2dINS_5arrayI8ap_fixedILi16ELi6EL9ap_q_mode5EL9_30 | {1 5 }
	Port: compute_output_buffer_2d<array,array<ap_fixed<40,20,5,3,0>,10u>,config10> : p_ZZN4nnet24compute_output_buffer_2dINS_5arrayI8ap_fixedILi16ELi6EL9ap_q_mode5EL9_29 | {1 4 }
	Port: compute_output_buffer_2d<array,array<ap_fixed<40,20,5,3,0>,10u>,config10> : p_ZZN4nnet24compute_output_buffer_2dINS_5arrayI8ap_fixedILi16ELi6EL9ap_q_mode5EL9_28 | {1 4 }
	Port: compute_output_buffer_2d<array,array<ap_fixed<40,20,5,3,0>,10u>,config10> : p_ZZN4nnet24compute_output_buffer_2dINS_5arrayI8ap_fixedILi16ELi6EL9ap_q_mode5EL9_27 | {1 5 }
	Port: compute_output_buffer_2d<array,array<ap_fixed<40,20,5,3,0>,10u>,config10> : p_ZZN4nnet24compute_output_buffer_2dINS_5arrayI8ap_fixedILi16ELi6EL9ap_q_mode5EL9_26 | {1 5 }
	Port: compute_output_buffer_2d<array,array<ap_fixed<40,20,5,3,0>,10u>,config10> : p_ZZN4nnet24compute_output_buffer_2dINS_5arrayI8ap_fixedILi16ELi6EL9ap_q_mode5EL9_25 | {1 4 }
	Port: compute_output_buffer_2d<array,array<ap_fixed<40,20,5,3,0>,10u>,config10> : p_ZZN4nnet24compute_output_buffer_2dINS_5arrayI8ap_fixedILi16ELi6EL9ap_q_mode5EL9_24 | {1 4 }
	Port: compute_output_buffer_2d<array,array<ap_fixed<40,20,5,3,0>,10u>,config10> : p_ZZN4nnet24compute_output_buffer_2dINS_5arrayI8ap_fixedILi16ELi6EL9ap_q_mode5EL9_7 | {1 5 }
	Port: compute_output_buffer_2d<array,array<ap_fixed<40,20,5,3,0>,10u>,config10> : p_ZZN4nnet24compute_output_buffer_2dINS_5arrayI8ap_fixedILi16ELi6EL9ap_q_mode5EL9_6 | {1 5 }
	Port: compute_output_buffer_2d<array,array<ap_fixed<40,20,5,3,0>,10u>,config10> : p_ZZN4nnet24compute_output_buffer_2dINS_5arrayI8ap_fixedILi16ELi6EL9ap_q_mode5EL9_5 | {1 5 }
	Port: compute_output_buffer_2d<array,array<ap_fixed<40,20,5,3,0>,10u>,config10> : p_ZZN4nnet24compute_output_buffer_2dINS_5arrayI8ap_fixedILi16ELi6EL9ap_q_mode5EL9_4 | {1 5 }
	Port: compute_output_buffer_2d<array,array<ap_fixed<40,20,5,3,0>,10u>,config10> : p_ZZN4nnet24compute_output_buffer_2dINS_5arrayI8ap_fixedILi16ELi6EL9ap_q_mode5EL9_3 | {1 5 }
	Port: compute_output_buffer_2d<array,array<ap_fixed<40,20,5,3,0>,10u>,config10> : p_ZZN4nnet24compute_output_buffer_2dINS_5arrayI8ap_fixedILi16ELi6EL9ap_q_mode5EL9_2 | {1 5 }
	Port: compute_output_buffer_2d<array,array<ap_fixed<40,20,5,3,0>,10u>,config10> : p_ZZN4nnet24compute_output_buffer_2dINS_5arrayI8ap_fixedILi16ELi6EL9ap_q_mode5EL9_1 | {1 5 }
	Port: compute_output_buffer_2d<array,array<ap_fixed<40,20,5,3,0>,10u>,config10> : p_ZZN4nnet24compute_output_buffer_2dINS_5arrayI8ap_fixedILi16ELi6EL9ap_q_mode5EL9 | {1 5 }
	Port: compute_output_buffer_2d<array,array<ap_fixed<40,20,5,3,0>,10u>,config10> : p_ZZN4nnet25conv_2d_buffer_latency_clINS_5arrayI8ap_fixedILi16ELi6EL9ap_q_mode5EL_15 | {1 }
	Port: compute_output_buffer_2d<array,array<ap_fixed<40,20,5,3,0>,10u>,config10> : p_ZZN4nnet25conv_2d_buffer_latency_clINS_5arrayI8ap_fixedILi16ELi6EL9ap_q_mode5EL_7 | {1 }
	Port: compute_output_buffer_2d<array,array<ap_fixed<40,20,5,3,0>,10u>,config10> : p_ZZN4nnet25conv_2d_buffer_latency_clINS_5arrayI8ap_fixedILi16ELi6EL9ap_q_mode5EL_14 | {1 }
	Port: compute_output_buffer_2d<array,array<ap_fixed<40,20,5,3,0>,10u>,config10> : p_ZZN4nnet25conv_2d_buffer_latency_clINS_5arrayI8ap_fixedILi16ELi6EL9ap_q_mode5EL_6 | {1 }
	Port: compute_output_buffer_2d<array,array<ap_fixed<40,20,5,3,0>,10u>,config10> : p_ZZN4nnet25conv_2d_buffer_latency_clINS_5arrayI8ap_fixedILi16ELi6EL9ap_q_mode5EL_13 | {1 }
	Port: compute_output_buffer_2d<array,array<ap_fixed<40,20,5,3,0>,10u>,config10> : p_ZZN4nnet25conv_2d_buffer_latency_clINS_5arrayI8ap_fixedILi16ELi6EL9ap_q_mode5EL_5 | {1 }
	Port: compute_output_buffer_2d<array,array<ap_fixed<40,20,5,3,0>,10u>,config10> : p_ZZN4nnet25conv_2d_buffer_latency_clINS_5arrayI8ap_fixedILi16ELi6EL9ap_q_mode5EL_12 | {1 }
	Port: compute_output_buffer_2d<array,array<ap_fixed<40,20,5,3,0>,10u>,config10> : p_ZZN4nnet25conv_2d_buffer_latency_clINS_5arrayI8ap_fixedILi16ELi6EL9ap_q_mode5EL_4 | {1 }
	Port: compute_output_buffer_2d<array,array<ap_fixed<40,20,5,3,0>,10u>,config10> : p_ZZN4nnet25conv_2d_buffer_latency_clINS_5arrayI8ap_fixedILi16ELi6EL9ap_q_mode5EL_11 | {1 }
	Port: compute_output_buffer_2d<array,array<ap_fixed<40,20,5,3,0>,10u>,config10> : p_ZZN4nnet25conv_2d_buffer_latency_clINS_5arrayI8ap_fixedILi16ELi6EL9ap_q_mode5EL_3 | {1 }
	Port: compute_output_buffer_2d<array,array<ap_fixed<40,20,5,3,0>,10u>,config10> : p_ZZN4nnet25conv_2d_buffer_latency_clINS_5arrayI8ap_fixedILi16ELi6EL9ap_q_mode5EL_10 | {1 }
	Port: compute_output_buffer_2d<array,array<ap_fixed<40,20,5,3,0>,10u>,config10> : p_ZZN4nnet25conv_2d_buffer_latency_clINS_5arrayI8ap_fixedILi16ELi6EL9ap_q_mode5EL_2 | {1 }
	Port: compute_output_buffer_2d<array,array<ap_fixed<40,20,5,3,0>,10u>,config10> : p_ZZN4nnet25conv_2d_buffer_latency_clINS_5arrayI8ap_fixedILi16ELi6EL9ap_q_mode5EL_9 | {1 }
	Port: compute_output_buffer_2d<array,array<ap_fixed<40,20,5,3,0>,10u>,config10> : p_ZZN4nnet25conv_2d_buffer_latency_clINS_5arrayI8ap_fixedILi16ELi6EL9ap_q_mode5EL_1 | {1 }
	Port: compute_output_buffer_2d<array,array<ap_fixed<40,20,5,3,0>,10u>,config10> : p_ZZN4nnet25conv_2d_buffer_latency_clINS_5arrayI8ap_fixedILi16ELi6EL9ap_q_mode5EL_8 | {1 }
	Port: compute_output_buffer_2d<array,array<ap_fixed<40,20,5,3,0>,10u>,config10> : p_ZZN4nnet25conv_2d_buffer_latency_clINS_5arrayI8ap_fixedILi16ELi6EL9ap_q_mode5EL | {1 }
	Port: compute_output_buffer_2d<array,array<ap_fixed<40,20,5,3,0>,10u>,config10> : sX_3 | {2 }
	Port: compute_output_buffer_2d<array,array<ap_fixed<40,20,5,3,0>,10u>,config10> : sY_3 | {2 }
	Port: compute_output_buffer_2d<array,array<ap_fixed<40,20,5,3,0>,10u>,config10> : pY_3 | {2 }
	Port: compute_output_buffer_2d<array,array<ap_fixed<40,20,5,3,0>,10u>,config10> : pX_3 | {2 }
  - Chain level:
	State 1
	State 2
		icmp_ln284 : 1
		br_ln284 : 2
		icmp_ln284_1 : 1
		tmp_1 : 1
		icmp_ln284_2 : 2
		tmp_2 : 1
		icmp_ln284_3 : 2
		and_ln284 : 3
		and_ln284_1 : 3
		br_ln284 : 3
		add_ln303 : 1
		icmp_ln303 : 2
		br_ln303 : 3
		store_ln316 : 2
		add_ln318 : 1
		select_ln318 : 2
		store_ln318 : 3
		add_ln307 : 1
		icmp_ln307 : 2
		br_ln307 : 3
		store_ln311 : 2
		icmp_ln313 : 1
		add_ln313 : 1
		select_ln313 : 2
	State 3
		store_ln309 : 1
	State 4
	State 5
	State 6
	State 7
	State 8
	State 9
		res_out : 1
		res_out_1 : 1
		res_out_2 : 1
		res_out_3 : 1
		res_out_4 : 1
		res_out_5 : 1
		res_out_6 : 1
		res_out_7 : 1
		res_out_8 : 1
		res_out_9 : 1
	State 10
		write_ln299 : 1


============================================================
+ Verbose Summary: Datapath Resource usage 
============================================================

* Functional unit list:
|----------|-----------------------------------------------------------------------------|---------|---------|---------|
| Operation|                               Functional Unit                               |   DSP   |    FF   |   LUT   |
|----------|-----------------------------------------------------------------------------|---------|---------|---------|
|   call   | call_ln281_shift_line_buffer_array_ap_fixed_16_6_5_3_0_8u_config10_s_fu_300 |    0    |    0    |    0    |
|          |    grp_dense_latency_ap_fixed_ap_fixed_40_20_5_3_0_config10_mult_s_fu_496   |   543   |  21868  |  26888  |
|----------|-----------------------------------------------------------------------------|---------|---------|---------|
|          |                              icmp_ln284_fu_648                              |    0    |    0    |    39   |
|          |                             icmp_ln284_1_fu_666                             |    0    |    0    |    39   |
|          |                             icmp_ln284_2_fu_682                             |    0    |    0    |    38   |
|   icmp   |                             icmp_ln284_3_fu_698                             |    0    |    0    |    38   |
|          |                              icmp_ln303_fu_722                              |    0    |    0    |    39   |
|          |                              icmp_ln307_fu_772                              |    0    |    0    |    39   |
|          |                              icmp_ln313_fu_784                              |    0    |    0    |    39   |
|----------|-----------------------------------------------------------------------------|---------|---------|---------|
|          |                               add_ln303_fu_716                              |    0    |    0    |    39   |
|    add   |                               add_ln318_fu_734                              |    0    |    0    |    39   |
|          |                               add_ln307_fu_766                              |    0    |    0    |    39   |
|          |                               add_ln313_fu_790                              |    0    |    0    |    39   |
|----------|-----------------------------------------------------------------------------|---------|---------|---------|
|  select  |                             select_ln318_fu_740                             |    0    |    0    |    32   |
|          |                             select_ln313_fu_796                             |    0    |    0    |    32   |
|----------|-----------------------------------------------------------------------------|---------|---------|---------|
|    and   |                               and_ln284_fu_704                              |    0    |    0    |    2    |
|          |                              and_ln284_1_fu_710                             |    0    |    0    |    2    |
|----------|-----------------------------------------------------------------------------|---------|---------|---------|
|          |                            p_read715_read_fu_234                            |    0    |    0    |    0    |
|          |                            p_read614_read_fu_240                            |    0    |    0    |    0    |
|          |                            p_read513_read_fu_246                            |    0    |    0    |    0    |
|   read   |                            p_read412_read_fu_252                            |    0    |    0    |    0    |
|          |                            p_read311_read_fu_258                            |    0    |    0    |    0    |
|          |                            p_read210_read_fu_264                            |    0    |    0    |    0    |
|          |                             p_read19_read_fu_270                            |    0    |    0    |    0    |
|          |                            p_read_35_read_fu_276                            |    0    |    0    |    0    |
|----------|-----------------------------------------------------------------------------|---------|---------|---------|
|   write  |                           write_ln299_write_fu_282                          |    0    |    0    |    0    |
|----------|-----------------------------------------------------------------------------|---------|---------|---------|
|partselect|                                 tmp_1_fu_672                                |    0    |    0    |    0    |
|          |                                 tmp_2_fu_688                                |    0    |    0    |    0    |
|----------|-----------------------------------------------------------------------------|---------|---------|---------|
|          |                                res_out_fu_816                               |    0    |    0    |    0    |
|          |                               res_out_1_fu_820                              |    0    |    0    |    0    |
|          |                               res_out_2_fu_824                              |    0    |    0    |    0    |
|          |                               res_out_3_fu_828                              |    0    |    0    |    0    |
|extractvalue|                               res_out_4_fu_832                              |    0    |    0    |    0    |
|          |                               res_out_5_fu_836                              |    0    |    0    |    0    |
|          |                               res_out_6_fu_840                              |    0    |    0    |    0    |
|          |                               res_out_7_fu_844                              |    0    |    0    |    0    |
|          |                               res_out_8_fu_848                              |    0    |    0    |    0    |
|          |                               res_out_9_fu_852                              |    0    |    0    |    0    |
|----------|-----------------------------------------------------------------------------|---------|---------|---------|
|bitconcatenate|                                  p_0_fu_856                                 |    0    |    0    |    0    |
|----------|-----------------------------------------------------------------------------|---------|---------|---------|
|   Total  |                                                                             |   543   |  21868  |  27383  |
|----------|-----------------------------------------------------------------------------|---------|---------|---------|

Memories:
N/A

* Register list:
+--------------------+--------+
|                    |   FF   |
+--------------------+--------+
| and_ln284_1_reg_875|    1   |
| icmp_ln284_reg_871 |    1   |
| icmp_ln303_reg_879 |    1   |
|  res_out_1_reg_896 |   40   |
|  res_out_2_reg_901 |   40   |
|  res_out_3_reg_906 |   40   |
|  res_out_4_reg_911 |   40   |
|  res_out_5_reg_916 |   40   |
|  res_out_6_reg_921 |   40   |
|  res_out_7_reg_926 |   40   |
|  res_out_8_reg_931 |   40   |
|  res_out_9_reg_936 |   40   |
|   res_out_reg_891  |   40   |
|select_ln313_reg_886|   32   |
| storemerge_reg_289 |   32   |
+--------------------+--------+
|        Total       |   467  |
+--------------------+--------+

* Multiplexer (MUX) list: 
|--------|------|------|------|--------|
|  Comp  |  Pin | Size |  BW  | S x BW |
|--------|------|------|------|--------|
|  Total |      |      |      |    0   |
|--------|------|------|------|--------|



* Summary:
+-----------+--------+--------+--------+
|           |   DSP  |   FF   |   LUT  |
+-----------+--------+--------+--------+
|  Function |   543  |  21868 |  27383 |
|   Memory  |    -   |    -   |    -   |
|Multiplexer|    -   |    -   |    -   |
|  Register |    -   |   467  |    -   |
+-----------+--------+--------+--------+
|   Total   |   543  |  22335 |  27383 |
+-----------+--------+--------+--------+
