

================================================================
== Vitis HLS Report for 'dense_latency_wrapper_ap_fixed_ap_fixed_37_17_5_3_0_config19_s'
================================================================
* Date:           Sun Apr  5 17:32:31 2026

* Version:        2023.2 (Build 4023990 on Oct 11 2023)
* Project:        gaussian_prj
* Solution:       solution1 (Vivado IP Flow Target)
* Product family: kintexu
* Target device:  xcku035-fbva676-2-e


================================================================
== Performance Estimates
================================================================
+ Timing: 
    * Summary: 
    +--------+---------+----------+------------+
    |  Clock |  Target | Estimated| Uncertainty|
    +--------+---------+----------+------------+
    |ap_clk  |  5.00 ns|  3.584 ns|     1.35 ns|
    +--------+---------+----------+------------+

+ Latency: 
    * Summary: 
    +---------+---------+-----------+-----------+-----+-----+---------+
    |  Latency (cycles) |   Latency (absolute)  |  Interval | Pipeline|
    |   min   |   max   |    min    |    max    | min | max |   Type  |
    +---------+---------+-----------+-----------+-----+-----+---------+
    |        2|        2|  10.000 ns|  10.000 ns|    1|    1|      yes|
    +---------+---------+-----------+-----------+-----+-----+---------+

    + Detail: 
        * Instance: 
        N/A

        * Loop: 
        N/A



================================================================
== Utilization Estimates
================================================================
* Summary: 
+-----------------+---------+------+--------+--------+-----+
|       Name      | BRAM_18K|  DSP |   FF   |   LUT  | URAM|
+-----------------+---------+------+--------+--------+-----+
|DSP              |        -|     -|       -|       -|    -|
|Expression       |        -|     -|       0|    1724|    -|
|FIFO             |        -|     -|       -|       -|    -|
|Instance         |        -|    43|       0|     172|    -|
|Memory           |        -|     -|       -|       -|    -|
|Multiplexer      |        -|     -|       -|       -|    -|
|Register         |        -|     -|    1794|       -|    -|
+-----------------+---------+------+--------+--------+-----+
|Total            |        0|    43|    1794|    1896|    0|
+-----------------+---------+------+--------+--------+-----+
|Available        |     1080|  1700|  406256|  203128|    0|
+-----------------+---------+------+--------+--------+-----+
|Utilization (%)  |        0|     2|      ~0|      ~0|    0|
+-----------------+---------+------+--------+--------+-----+

+ Detail: 
    * Instance: 
    +---------------------------+---------------------+---------+----+---+----+-----+
    |          Instance         |        Module       | BRAM_18K| DSP| FF| LUT| URAM|
    +---------------------------+---------------------+---------+----+---+----+-----+
    |mul_16s_10ns_25_1_0_U1760  |mul_16s_10ns_25_1_0  |        0|   1|  0|   4|    0|
    |mul_16s_10ns_25_1_0_U1772  |mul_16s_10ns_25_1_0  |        0|   1|  0|   4|    0|
    |mul_16s_10ns_26_1_0_U1763  |mul_16s_10ns_26_1_0  |        0|   1|  0|   4|    0|
    |mul_16s_10ns_26_1_0_U1766  |mul_16s_10ns_26_1_0  |        0|   1|  0|   4|    0|
    |mul_16s_10ns_26_1_0_U1775  |mul_16s_10ns_26_1_0  |        0|   1|  0|   4|    0|
    |mul_16s_10ns_26_1_0_U1776  |mul_16s_10ns_26_1_0  |        0|   1|  0|   4|    0|
    |mul_16s_10ns_26_1_0_U1777  |mul_16s_10ns_26_1_0  |        0|   1|  0|   4|    0|
    |mul_16s_10ns_26_1_0_U1784  |mul_16s_10ns_26_1_0  |        0|   1|  0|   4|    0|
    |mul_16s_10ns_26_1_0_U1786  |mul_16s_10ns_26_1_0  |        0|   1|  0|   4|    0|
    |mul_16s_10ns_26_1_0_U1796  |mul_16s_10ns_26_1_0  |        0|   1|  0|   4|    0|
    |mul_16s_10ns_26_1_0_U1799  |mul_16s_10ns_26_1_0  |        0|   1|  0|   4|    0|
    |mul_16s_10s_25_1_0_U1794   |mul_16s_10s_25_1_0   |        0|   1|  0|   4|    0|
    |mul_16s_10s_25_1_0_U1797   |mul_16s_10s_25_1_0   |        0|   1|  0|   4|    0|
    |mul_16s_10s_26_1_0_U1758   |mul_16s_10s_26_1_0   |        0|   1|  0|   4|    0|
    |mul_16s_10s_26_1_0_U1767   |mul_16s_10s_26_1_0   |        0|   1|  0|   4|    0|
    |mul_16s_10s_26_1_0_U1768   |mul_16s_10s_26_1_0   |        0|   1|  0|   4|    0|
    |mul_16s_10s_26_1_0_U1773   |mul_16s_10s_26_1_0   |        0|   1|  0|   4|    0|
    |mul_16s_10s_26_1_0_U1774   |mul_16s_10s_26_1_0   |        0|   1|  0|   4|    0|
    |mul_16s_10s_26_1_0_U1793   |mul_16s_10s_26_1_0   |        0|   1|  0|   4|    0|
    |mul_16s_10s_26_1_0_U1800   |mul_16s_10s_26_1_0   |        0|   1|  0|   4|    0|
    |mul_16s_11ns_26_1_0_U1789  |mul_16s_11ns_26_1_0  |        0|   1|  0|   4|    0|
    |mul_16s_11ns_27_1_0_U1761  |mul_16s_11ns_27_1_0  |        0|   1|  0|   4|    0|
    |mul_16s_11ns_27_1_0_U1762  |mul_16s_11ns_27_1_0  |        0|   1|  0|   4|    0|
    |mul_16s_11ns_27_1_0_U1764  |mul_16s_11ns_27_1_0  |        0|   1|  0|   4|    0|
    |mul_16s_11ns_27_1_0_U1779  |mul_16s_11ns_27_1_0  |        0|   1|  0|   4|    0|
    |mul_16s_11ns_27_1_0_U1798  |mul_16s_11ns_27_1_0  |        0|   1|  0|   4|    0|
    |mul_16s_11s_27_1_0_U1771   |mul_16s_11s_27_1_0   |        0|   1|  0|   4|    0|
    |mul_16s_11s_27_1_0_U1783   |mul_16s_11s_27_1_0   |        0|   1|  0|   4|    0|
    |mul_16s_11s_27_1_0_U1785   |mul_16s_11s_27_1_0   |        0|   1|  0|   4|    0|
    |mul_16s_11s_27_1_0_U1788   |mul_16s_11s_27_1_0   |        0|   1|  0|   4|    0|
    |mul_16s_11s_27_1_0_U1790   |mul_16s_11s_27_1_0   |        0|   1|  0|   4|    0|
    |mul_16s_7ns_23_1_0_U1770   |mul_16s_7ns_23_1_0   |        0|   1|  0|   4|    0|
    |mul_16s_8ns_24_1_0_U1759   |mul_16s_8ns_24_1_0   |        0|   1|  0|   4|    0|
    |mul_16s_8ns_24_1_0_U1782   |mul_16s_8ns_24_1_0   |        0|   1|  0|   4|    0|
    |mul_16s_9ns_24_1_0_U1769   |mul_16s_9ns_24_1_0   |        0|   1|  0|   4|    0|
    |mul_16s_9ns_24_1_0_U1778   |mul_16s_9ns_24_1_0   |        0|   1|  0|   4|    0|
    |mul_16s_9ns_24_1_0_U1795   |mul_16s_9ns_24_1_0   |        0|   1|  0|   4|    0|
    |mul_16s_9ns_25_1_0_U1765   |mul_16s_9ns_25_1_0   |        0|   1|  0|   4|    0|
    |mul_16s_9ns_25_1_0_U1791   |mul_16s_9ns_25_1_0   |        0|   1|  0|   4|    0|
    |mul_16s_9s_24_1_0_U1787    |mul_16s_9s_24_1_0    |        0|   1|  0|   4|    0|
    |mul_16s_9s_25_1_0_U1780    |mul_16s_9s_25_1_0    |        0|   1|  0|   4|    0|
    |mul_16s_9s_25_1_0_U1781    |mul_16s_9s_25_1_0    |        0|   1|  0|   4|    0|
    |mul_16s_9s_25_1_0_U1792    |mul_16s_9s_25_1_0    |        0|   1|  0|   4|    0|
    +---------------------------+---------------------+---------+----+---+----+-----+
    |Total                      |                     |        0|  43|  0| 172|    0|
    +---------------------------+---------------------+---------+----+---+----+-----+

    * DSP: 
    N/A

    * Memory: 
    N/A

    * FIFO: 
    N/A

    * Expression: 
    +------------------------+----------+----+---+----+------------+------------+
    |      Variable Name     | Operation| DSP| FF| LUT| Bitwidth P0| Bitwidth P1|
    +------------------------+----------+----+---+----+------------+------------+
    |add_ln58_10_fu_7773_p2  |         +|   0|  0|  31|          24|          24|
    |add_ln58_11_fu_7783_p2  |         +|   0|  0|  33|          26|          26|
    |add_ln58_12_fu_7967_p2  |         +|   0|  0|  27|          27|          27|
    |add_ln58_13_fu_7973_p2  |         +|   0|  0|  27|          27|          27|
    |add_ln58_14_fu_7983_p2  |         +|   0|  0|  27|          27|          27|
    |add_ln58_15_fu_7789_p2  |         +|   0|  0|  31|          24|          24|
    |add_ln58_16_fu_7992_p2  |         +|   0|  0|  33|          26|          26|
    |add_ln58_17_fu_8002_p2  |         +|   0|  0|  27|          27|          27|
    |add_ln58_18_fu_8012_p2  |         +|   0|  0|  27|          27|          27|
    |add_ln58_19_fu_7795_p2  |         +|   0|  0|  26|          26|          26|
    |add_ln58_1_fu_7736_p2   |         +|   0|  0|  32|          25|          18|
    |add_ln58_20_fu_8021_p2  |         +|   0|  0|  27|          27|          27|
    |add_ln58_21_fu_8031_p2  |         +|   0|  0|  27|          27|          27|
    |add_ln58_22_fu_8037_p2  |         +|   0|  0|  33|          26|          26|
    |add_ln58_23_fu_8047_p2  |         +|   0|  0|  27|          27|          27|
    |add_ln58_24_fu_8057_p2  |         +|   0|  0|  27|          27|          27|
    |add_ln58_25_fu_7801_p2  |         +|   0|  0|  31|          24|          24|
    |add_ln58_26_fu_7811_p2  |         +|   0|  0|  33|          26|          26|
    |add_ln58_27_fu_8066_p2  |         +|   0|  0|  27|          27|          27|
    |add_ln58_28_fu_8076_p2  |         +|   0|  0|  28|          28|          28|
    |add_ln58_29_fu_7817_p2  |         +|   0|  0|  26|          26|          26|
    |add_ln58_2_fu_7742_p2   |         +|   0|  0|  32|          25|          18|
    |add_ln58_30_fu_7827_p2  |         +|   0|  0|  34|          27|          27|
    |add_ln58_31_fu_8085_p2  |         +|   0|  0|  28|          28|          28|
    |add_ln58_32_fu_8095_p2  |         +|   0|  0|  34|          27|          27|
    |add_ln58_33_fu_8105_p2  |         +|   0|  0|  28|          28|          28|
    |add_ln58_34_fu_7833_p2  |         +|   0|  0|  32|          25|          25|
    |add_ln58_35_fu_8114_p2  |         +|   0|  0|  33|          26|          26|
    |add_ln58_36_fu_8124_p2  |         +|   0|  0|  28|          28|          28|
    |add_ln58_37_fu_8134_p2  |         +|   0|  0|  28|          28|          28|
    |add_ln58_38_fu_7839_p2  |         +|   0|  0|  32|          25|          25|
    |add_ln58_39_fu_8143_p2  |         +|   0|  0|  33|          26|          26|
    |add_ln58_3_fu_7748_p2   |         +|   0|  0|  31|          24|          15|
    |add_ln58_40_fu_8153_p2  |         +|   0|  0|  28|          28|          28|
    |add_ln58_41_fu_8163_p2  |         +|   0|  0|  34|          27|          27|
    |add_ln58_42_fu_8173_p2  |         +|   0|  0|  28|          28|          28|
    |add_ln58_43_fu_7845_p2  |         +|   0|  0|  32|          25|          25|
    |add_ln58_44_fu_8182_p2  |         +|   0|  0|  33|          26|          26|
    |add_ln58_45_fu_8192_p2  |         +|   0|  0|  28|          28|          28|
    |add_ln58_46_fu_8202_p2  |         +|   0|  0|  36|          29|          29|
    |add_ln58_47_fu_8212_p2  |         +|   0|  0|  28|          28|          28|
    |add_ln58_48_fu_8218_p2  |         +|   0|  0|  33|          26|          26|
    |add_ln58_49_fu_8228_p2  |         +|   0|  0|  28|          28|          28|
    |add_ln58_4_fu_7508_p2   |         +|   0|  0|  23|          23|          18|
    |add_ln58_5_fu_7761_p2   |         +|   0|  0|  25|          25|          25|
    |add_ln58_6_fu_7767_p2   |         +|   0|  0|  26|          26|          26|
    |add_ln58_7_fu_7938_p2   |         +|   0|  0|  33|          26|          26|
    |add_ln58_8_fu_7948_p2   |         +|   0|  0|  26|          26|          26|
    |add_ln58_9_fu_7954_p2   |         +|   0|  0|  26|          26|          26|
    |add_ln58_fu_7726_p2     |         +|   0|  0|  31|          24|          18|
    |add_ln73_fu_7591_p2     |         +|   0|  0|  32|          25|          25|
    |sub_ln73_1_fu_7544_p2   |         -|   0|  0|  25|          25|          25|
    |sub_ln73_2_fu_7627_p2   |         -|   0|  0|  30|          23|          23|
    |sub_ln73_3_fu_7706_p2   |         -|   0|  0|  27|          20|          20|
    |sub_ln73_4_fu_7496_p2   |         -|   0|  0|  33|           1|          26|
    |sub_ln73_5_fu_7716_p2   |         -|   0|  0|  26|          26|          26|
    |sub_ln73_6_fu_7902_p2   |         -|   0|  0|  25|           1|          25|
    |sub_ln73_7_fu_7919_p2   |         -|   0|  0|  25|          25|          25|
    |sub_ln73_fu_7429_p2     |         -|   0|  0|  23|          23|          23|
    +------------------------+----------+----+---+----+------------+------------+
    |Total                   |          |   0|  0|1724|        1486|        1501|
    +------------------------+----------+----+---+----+------------+------------+

    * Multiplexer: 
    N/A

    * Register: 
    +------------------------------------------+----+----+-----+-----------+
    |                   Name                   | FF | LUT| Bits| Const Bits|
    +------------------------------------------+----+----+-----+-----------+
    |add_ln58_11_reg_8360                      |  26|   0|   26|          0|
    |add_ln58_15_reg_8365                      |  24|   0|   24|          0|
    |add_ln58_19_reg_8370                      |  26|   0|   26|          0|
    |add_ln58_1_reg_8345                       |  25|   0|   25|          0|
    |add_ln58_26_reg_8375                      |  26|   0|   26|          0|
    |add_ln58_2_reg_8350                       |  25|   0|   25|          0|
    |add_ln58_30_reg_8380                      |  27|   0|   27|          0|
    |add_ln58_34_reg_8385                      |  25|   0|   25|          0|
    |add_ln58_38_reg_8390                      |  25|   0|   25|          0|
    |add_ln58_43_reg_8395                      |  25|   0|   25|          0|
    |add_ln58_4_reg_8340                       |  22|   0|   23|          1|
    |add_ln58_5_reg_8355                       |  25|   0|   25|          0|
    |data_0_val1_int_reg                       |  16|   0|   16|          0|
    |data_1_val2_int_reg                       |  16|   0|   16|          0|
    |data_1_val2_read_reg_8321                 |  16|   0|   16|          0|
    |data_2_val3_int_reg                       |  16|   0|   16|          0|
    |data_2_val3_read_reg_8315                 |  16|   0|   16|          0|
    |data_3_val4_int_reg                       |  16|   0|   16|          0|
    |data_3_val4_read_reg_8307                 |  16|   0|   16|          0|
    |data_4_val5_int_reg                       |  16|   0|   16|          0|
    |data_4_val5_read_reg_8300                 |  16|   0|   16|          0|
    |data_5_val6_int_reg                       |  16|   0|   16|          0|
    |data_5_val6_read_reg_8294                 |  16|   0|   16|          0|
    |data_6_val7_int_reg                       |  16|   0|   16|          0|
    |data_6_val7_read_reg_8288                 |  16|   0|   16|          0|
    |data_7_val8_int_reg                       |  16|   0|   16|          0|
    |data_7_val8_read_reg_8283                 |  16|   0|   16|          0|
    |data_8_val9_int_reg                       |  16|   0|   16|          0|
    |data_8_val9_read_reg_8275                 |  16|   0|   16|          0|
    |data_9_val10_int_reg                      |  16|   0|   16|          0|
    |data_9_val10_read_reg_8268                |  16|   0|   16|          0|
    |data_9_val10_read_reg_8268_pp0_iter1_reg  |  16|   0|   16|          0|
    |mul_ln70_1_reg_4188                       |  24|   0|   24|          0|
    |mul_ln70_reg_4176                         |  24|   0|   24|          0|
    |mul_ln73_10_reg_4172                      |  24|   0|   24|          0|
    |mul_ln73_11_reg_7312                      |  27|   0|   27|          0|
    |mul_ln73_12_reg_7316                      |  26|   0|   26|          0|
    |mul_ln73_13_reg_7320                      |  26|   0|   26|          0|
    |mul_ln73_14_reg_7324                      |  27|   0|   27|          0|
    |mul_ln73_15_reg_7328                      |  27|   0|   27|          0|
    |mul_ln73_16_reg_7332                      |  27|   0|   27|          0|
    |mul_ln73_17_reg_4180                      |  26|   0|   26|          0|
    |mul_ln73_17_reg_4180_pp0_iter1_reg        |  26|   0|   26|          0|
    |mul_ln73_18_reg_4184                      |  26|   0|   26|          0|
    |mul_ln73_19_reg_7336                      |  26|   0|   26|          0|
    |mul_ln73_1_reg_4152                       |  25|   0|   25|          0|
    |mul_ln73_20_reg_7340                      |  26|   0|   26|          0|
    |mul_ln73_21_reg_7344                      |  25|   0|   25|          0|
    |mul_ln73_22_reg_4192                      |  26|   0|   26|          0|
    |mul_ln73_23_reg_7348                      |  27|   0|   27|          0|
    |mul_ln73_24_reg_7352                      |  26|   0|   26|          0|
    |mul_ln73_25_reg_7356                      |  26|   0|   26|          0|
    |mul_ln73_26_reg_7360                      |  26|   0|   26|          0|
    |mul_ln73_27_reg_7364                      |  27|   0|   27|          0|
    |mul_ln73_28_reg_4196                      |  23|   0|   23|          0|
    |mul_ln73_29_reg_4200                      |  24|   0|   24|          0|
    |mul_ln73_2_reg_4156                       |  25|   0|   25|          0|
    |mul_ln73_30_reg_7368                      |  26|   0|   26|          0|
    |mul_ln73_31_reg_4204                      |  25|   0|   25|          0|
    |mul_ln73_32_reg_4208                      |  25|   0|   25|          0|
    |mul_ln73_33_reg_7372                      |  26|   0|   26|          0|
    |mul_ln73_34_reg_7376                      |  27|   0|   27|          0|
    |mul_ln73_35_reg_4212                      |  25|   0|   25|          0|
    |mul_ln73_36_reg_7380                      |  26|   0|   26|          0|
    |mul_ln73_37_reg_4216                      |  25|   0|   25|          0|
    |mul_ln73_38_reg_4220                      |  25|   0|   25|          0|
    |mul_ln73_39_reg_7384                      |  27|   0|   27|          0|
    |mul_ln73_3_reg_4160                       |  24|   0|   24|          0|
    |mul_ln73_40_reg_7388                      |  27|   0|   27|          0|
    |mul_ln73_4_reg_7296                       |  25|   0|   25|          0|
    |mul_ln73_5_reg_7300                       |  27|   0|   27|          0|
    |mul_ln73_6_reg_4164                       |  26|   0|   26|          0|
    |mul_ln73_7_reg_4168                       |  26|   0|   26|          0|
    |mul_ln73_8_reg_7304                       |  26|   0|   26|          0|
    |mul_ln73_9_reg_7308                       |  26|   0|   26|          0|
    |mul_ln73_reg_4148                         |  24|   0|   24|          0|
    |sext_ln70_14_reg_8329                     |  26|   0|   26|          0|
    |sub_ln73_4_reg_8335                       |  17|   0|   26|          9|
    +------------------------------------------+----+----+-----+-----------+
    |Total                                     |1794|   0| 1804|         10|
    +------------------------------------------+----+----+-----+-----------+



================================================================
== Interface
================================================================
* Summary: 
+--------------+-----+-----+------------+----------------------------------------------------------------+--------------+
|   RTL Ports  | Dir | Bits|  Protocol  |                          Source Object                         |    C Type    |
+--------------+-----+-----+------------+----------------------------------------------------------------+--------------+
|ap_clk        |   in|    1|  ap_ctrl_hs|  dense_latency_wrapper<ap_fixed,ap_fixed<37,17,5,3,0>,config19>|  return value|
|ap_rst        |   in|    1|  ap_ctrl_hs|  dense_latency_wrapper<ap_fixed,ap_fixed<37,17,5,3,0>,config19>|  return value|
|ap_return_0   |  out|   37|  ap_ctrl_hs|  dense_latency_wrapper<ap_fixed,ap_fixed<37,17,5,3,0>,config19>|  return value|
|ap_return_1   |  out|   37|  ap_ctrl_hs|  dense_latency_wrapper<ap_fixed,ap_fixed<37,17,5,3,0>,config19>|  return value|
|ap_return_2   |  out|   37|  ap_ctrl_hs|  dense_latency_wrapper<ap_fixed,ap_fixed<37,17,5,3,0>,config19>|  return value|
|ap_return_3   |  out|   37|  ap_ctrl_hs|  dense_latency_wrapper<ap_fixed,ap_fixed<37,17,5,3,0>,config19>|  return value|
|ap_return_4   |  out|   37|  ap_ctrl_hs|  dense_latency_wrapper<ap_fixed,ap_fixed<37,17,5,3,0>,config19>|  return value|
|data_0_val1   |   in|   16|     ap_none|                                                     data_0_val1|        scalar|
|data_1_val2   |   in|   16|     ap_none|                                                     data_1_val2|        scalar|
|data_2_val3   |   in|   16|     ap_none|                                                     data_2_val3|        scalar|
|data_3_val4   |   in|   16|     ap_none|                                                     data_3_val4|        scalar|
|data_4_val5   |   in|   16|     ap_none|                                                     data_4_val5|        scalar|
|data_5_val6   |   in|   16|     ap_none|                                                     data_5_val6|        scalar|
|data_6_val7   |   in|   16|     ap_none|                                                     data_6_val7|        scalar|
|data_7_val8   |   in|   16|     ap_none|                                                     data_7_val8|        scalar|
|data_8_val9   |   in|   16|     ap_none|                                                     data_8_val9|        scalar|
|data_9_val10  |   in|   16|     ap_none|                                                    data_9_val10|        scalar|
+--------------+-----+-----+------------+----------------------------------------------------------------+--------------+

============================================================
+ Verbose Summary: Synthesis Manager
============================================================
InlineROM: 1
ExposeGlobal: 0
============================================================
+ Verbose Summary: CDFG Model
============================================================
IsTopModel: 0
ResetActiveHigh: 1
IsCombinational: 2
IsDatapathOnly: 1
HasWiredReturn: 1
HasMFsm: 2
HasVarLatency: 0
IsPipeline: 1
IsRtlPipelined: 1
IsInstanceOverlapped: 0
IsDontTouch: 0
HasImplIP: 0
IsGatedGlobalClock: 0

+ Individual pipeline summary: 
  * Pipeline-0: initiation interval (II) = 1, depth = 3


============================================================
+ Verbose Summary: Schedule
============================================================
* Number of FSM states : 3
* Pipeline : 1
  Pipeline-0 : II = 1, D = 3, States = { 1 2 3 }
* Dataflow Pipeline: 0

* FSM state transitions: 
1 --> 2 
2 --> 3 
3 --> 

* FSM state operations: 

State 1 <SV = 0> <Delay = 3.57>
ST_1 : Operation 4 [1/1] (0.00ns)   --->   "%data_9_val10_read = read i16 @_ssdm_op_Read.ap_auto.i16, i16 %data_9_val10" [firmware/nnet_utils/nnet_mult.h:70->firmware/nnet_utils/nnet_dense_latency.h:42->firmware/nnet_utils/nnet_dense_stream.h:17]   --->   Operation 4 'read' 'data_9_val10_read' <Predicate = true> <Delay = 0.00>
ST_1 : Operation 5 [1/1] (0.00ns)   --->   "%data_8_val9_read = read i16 @_ssdm_op_Read.ap_auto.i16, i16 %data_8_val9" [firmware/nnet_utils/nnet_mult.h:70->firmware/nnet_utils/nnet_dense_latency.h:42->firmware/nnet_utils/nnet_dense_stream.h:17]   --->   Operation 5 'read' 'data_8_val9_read' <Predicate = true> <Delay = 0.00>
ST_1 : Operation 6 [1/1] (0.00ns)   --->   "%data_7_val8_read = read i16 @_ssdm_op_Read.ap_auto.i16, i16 %data_7_val8" [firmware/nnet_utils/nnet_mult.h:70->firmware/nnet_utils/nnet_dense_latency.h:42->firmware/nnet_utils/nnet_dense_stream.h:17]   --->   Operation 6 'read' 'data_7_val8_read' <Predicate = true> <Delay = 0.00>
ST_1 : Operation 7 [1/1] (0.00ns)   --->   "%data_6_val7_read = read i16 @_ssdm_op_Read.ap_auto.i16, i16 %data_6_val7" [firmware/nnet_utils/nnet_mult.h:70->firmware/nnet_utils/nnet_dense_latency.h:42->firmware/nnet_utils/nnet_dense_stream.h:17]   --->   Operation 7 'read' 'data_6_val7_read' <Predicate = true> <Delay = 0.00>
ST_1 : Operation 8 [1/1] (0.00ns)   --->   "%data_5_val6_read = read i16 @_ssdm_op_Read.ap_auto.i16, i16 %data_5_val6" [firmware/nnet_utils/nnet_mult.h:70->firmware/nnet_utils/nnet_dense_latency.h:42->firmware/nnet_utils/nnet_dense_stream.h:17]   --->   Operation 8 'read' 'data_5_val6_read' <Predicate = true> <Delay = 0.00>
ST_1 : Operation 9 [1/1] (0.00ns)   --->   "%data_4_val5_read = read i16 @_ssdm_op_Read.ap_auto.i16, i16 %data_4_val5" [firmware/nnet_utils/nnet_mult.h:70->firmware/nnet_utils/nnet_dense_latency.h:42->firmware/nnet_utils/nnet_dense_stream.h:17]   --->   Operation 9 'read' 'data_4_val5_read' <Predicate = true> <Delay = 0.00>
ST_1 : Operation 10 [1/1] (0.00ns)   --->   "%data_3_val4_read = read i16 @_ssdm_op_Read.ap_auto.i16, i16 %data_3_val4" [firmware/nnet_utils/nnet_mult.h:70->firmware/nnet_utils/nnet_dense_latency.h:42->firmware/nnet_utils/nnet_dense_stream.h:17]   --->   Operation 10 'read' 'data_3_val4_read' <Predicate = true> <Delay = 0.00>
ST_1 : Operation 11 [1/1] (0.00ns)   --->   "%data_2_val3_read = read i16 @_ssdm_op_Read.ap_auto.i16, i16 %data_2_val3" [firmware/nnet_utils/nnet_mult.h:70->firmware/nnet_utils/nnet_dense_latency.h:42->firmware/nnet_utils/nnet_dense_stream.h:17]   --->   Operation 11 'read' 'data_2_val3_read' <Predicate = true> <Delay = 0.00>
ST_1 : Operation 12 [1/1] (0.00ns)   --->   "%data_1_val2_read = read i16 @_ssdm_op_Read.ap_auto.i16, i16 %data_1_val2" [firmware/nnet_utils/nnet_mult.h:70->firmware/nnet_utils/nnet_dense_latency.h:42->firmware/nnet_utils/nnet_dense_stream.h:17]   --->   Operation 12 'read' 'data_1_val2_read' <Predicate = true> <Delay = 0.00>
ST_1 : Operation 13 [1/1] (0.00ns)   --->   "%data_0_val1_read = read i16 @_ssdm_op_Read.ap_auto.i16, i16 %data_0_val1" [firmware/nnet_utils/nnet_mult.h:70->firmware/nnet_utils/nnet_dense_latency.h:42->firmware/nnet_utils/nnet_dense_stream.h:17]   --->   Operation 13 'read' 'data_0_val1_read' <Predicate = true> <Delay = 0.00>
ST_1 : Operation 14 [1/1] (0.00ns)   --->   "%sext_ln73 = sext i16 %data_0_val1_read" [firmware/nnet_utils/nnet_mult.h:73->firmware/nnet_utils/nnet_dense_latency.h:42->firmware/nnet_utils/nnet_dense_stream.h:17]   --->   Operation 14 'sext' 'sext_ln73' <Predicate = true> <Delay = 0.00>
ST_1 : Operation 15 [1/1] (3.57ns)   --->   "%mul_ln73 = mul i24 %sext_ln73, i24 179" [firmware/nnet_utils/nnet_mult.h:73->firmware/nnet_utils/nnet_dense_latency.h:42->firmware/nnet_utils/nnet_dense_stream.h:17]   --->   Operation 15 'mul' 'mul_ln73' <Predicate = true> <Delay = 3.57> <CoreInst = "Multiplier">   --->   Core 3 'Multiplier' <Latency = 0> <II = 1> <Delay = 3.57> <FuncUnit> <Opcode : 'mul'> <InPorts = 2> <OutPorts = 1>
ST_1 : Operation 16 [1/1] (0.00ns)   --->   "%sext_ln73_1 = sext i16 %data_0_val1_read" [firmware/nnet_utils/nnet_mult.h:73->firmware/nnet_utils/nnet_dense_latency.h:42->firmware/nnet_utils/nnet_dense_stream.h:17]   --->   Operation 16 'sext' 'sext_ln73_1' <Predicate = true> <Delay = 0.00>
ST_1 : Operation 17 [1/1] (3.57ns)   --->   "%mul_ln73_1 = mul i25 %sext_ln73_1, i25 385" [firmware/nnet_utils/nnet_mult.h:73->firmware/nnet_utils/nnet_dense_latency.h:42->firmware/nnet_utils/nnet_dense_stream.h:17]   --->   Operation 17 'mul' 'mul_ln73_1' <Predicate = true> <Delay = 3.57> <CoreInst = "Multiplier">   --->   Core 3 'Multiplier' <Latency = 0> <II = 1> <Delay = 3.57> <FuncUnit> <Opcode : 'mul'> <InPorts = 2> <OutPorts = 1>
ST_1 : Operation 18 [1/1] (3.57ns)   --->   "%mul_ln73_2 = mul i25 %sext_ln73_1, i25 33554033" [firmware/nnet_utils/nnet_mult.h:73->firmware/nnet_utils/nnet_dense_latency.h:42->firmware/nnet_utils/nnet_dense_stream.h:17]   --->   Operation 18 'mul' 'mul_ln73_2' <Predicate = true> <Delay = 3.57> <CoreInst = "Multiplier">   --->   Core 3 'Multiplier' <Latency = 0> <II = 1> <Delay = 3.57> <FuncUnit> <Opcode : 'mul'> <InPorts = 2> <OutPorts = 1>
ST_1 : Operation 19 [1/1] (3.57ns)   --->   "%mul_ln73_3 = mul i24 %sext_ln73, i24 148" [firmware/nnet_utils/nnet_mult.h:73->firmware/nnet_utils/nnet_dense_latency.h:42->firmware/nnet_utils/nnet_dense_stream.h:17]   --->   Operation 19 'mul' 'mul_ln73_3' <Predicate = true> <Delay = 3.57> <CoreInst = "Multiplier">   --->   Core 3 'Multiplier' <Latency = 0> <II = 1> <Delay = 3.57> <FuncUnit> <Opcode : 'mul'> <InPorts = 2> <OutPorts = 1>
ST_1 : Operation 20 [1/1] (0.00ns)   --->   "%shl_ln = bitconcatenate i22 @_ssdm_op_BitConcatenate.i22.i16.i6, i16 %data_0_val1_read, i6 0" [firmware/nnet_utils/nnet_mult.h:73->firmware/nnet_utils/nnet_dense_latency.h:42->firmware/nnet_utils/nnet_dense_stream.h:17]   --->   Operation 20 'bitconcatenate' 'shl_ln' <Predicate = true> <Delay = 0.00>
ST_1 : Operation 21 [1/1] (0.00ns)   --->   "%sext_ln73_2 = sext i22 %shl_ln" [firmware/nnet_utils/nnet_mult.h:73->firmware/nnet_utils/nnet_dense_latency.h:42->firmware/nnet_utils/nnet_dense_stream.h:17]   --->   Operation 21 'sext' 'sext_ln73_2' <Predicate = true> <Delay = 0.00>
ST_1 : Operation 22 [1/1] (0.00ns)   --->   "%shl_ln73_1 = bitconcatenate i17 @_ssdm_op_BitConcatenate.i17.i16.i1, i16 %data_0_val1_read, i1 0" [firmware/nnet_utils/nnet_mult.h:73->firmware/nnet_utils/nnet_dense_latency.h:42->firmware/nnet_utils/nnet_dense_stream.h:17]   --->   Operation 22 'bitconcatenate' 'shl_ln73_1' <Predicate = true> <Delay = 0.00>
ST_1 : Operation 23 [1/1] (0.00ns)   --->   "%sext_ln73_3 = sext i17 %shl_ln73_1" [firmware/nnet_utils/nnet_mult.h:73->firmware/nnet_utils/nnet_dense_latency.h:42->firmware/nnet_utils/nnet_dense_stream.h:17]   --->   Operation 23 'sext' 'sext_ln73_3' <Predicate = true> <Delay = 0.00>
ST_1 : Operation 24 [1/1] (0.00ns) (grouped into TernaryAdder)   --->   "%sub_ln73 = sub i23 %sext_ln73_2, i23 %sext_ln73_3" [firmware/nnet_utils/nnet_mult.h:73->firmware/nnet_utils/nnet_dense_latency.h:42->firmware/nnet_utils/nnet_dense_stream.h:17]   --->   Operation 24 'sub' 'sub_ln73' <Predicate = true> <Delay = 0.00> <CoreInst = "TAddSub">   --->   Core 10 'TAddSub' <Latency = 0> <II = 1> <Delay = 0.51> <IPBlock> <Opcode : '' 'add' 'sub'> <InPorts = 3> <OutPorts = 1> <Sync> <CReg>
ST_1 : Operation 25 [1/1] (0.00ns)   --->   "%sext_ln70 = sext i16 %data_1_val2_read" [firmware/nnet_utils/nnet_mult.h:70->firmware/nnet_utils/nnet_dense_latency.h:42->firmware/nnet_utils/nnet_dense_stream.h:17]   --->   Operation 25 'sext' 'sext_ln70' <Predicate = true> <Delay = 0.00>
ST_1 : Operation 26 [1/1] (3.57ns)   --->   "%mul_ln73_6 = mul i26 %sext_ln70, i26 374" [firmware/nnet_utils/nnet_mult.h:73->firmware/nnet_utils/nnet_dense_latency.h:42->firmware/nnet_utils/nnet_dense_stream.h:17]   --->   Operation 26 'mul' 'mul_ln73_6' <Predicate = true> <Delay = 3.57> <CoreInst = "Multiplier">   --->   Core 3 'Multiplier' <Latency = 0> <II = 1> <Delay = 3.57> <FuncUnit> <Opcode : 'mul'> <InPorts = 2> <OutPorts = 1>
ST_1 : Operation 27 [1/1] (3.57ns)   --->   "%mul_ln73_7 = mul i26 %sext_ln70, i26 519" [firmware/nnet_utils/nnet_mult.h:73->firmware/nnet_utils/nnet_dense_latency.h:42->firmware/nnet_utils/nnet_dense_stream.h:17]   --->   Operation 27 'mul' 'mul_ln73_7' <Predicate = true> <Delay = 3.57> <CoreInst = "Multiplier">   --->   Core 3 'Multiplier' <Latency = 0> <II = 1> <Delay = 3.57> <FuncUnit> <Opcode : 'mul'> <InPorts = 2> <OutPorts = 1>
ST_1 : Operation 28 [1/1] (0.00ns)   --->   "%sext_ln70_3 = sext i16 %data_2_val3_read" [firmware/nnet_utils/nnet_mult.h:70->firmware/nnet_utils/nnet_dense_latency.h:42->firmware/nnet_utils/nnet_dense_stream.h:17]   --->   Operation 28 'sext' 'sext_ln70_3' <Predicate = true> <Delay = 0.00>
ST_1 : Operation 29 [1/1] (3.57ns)   --->   "%mul_ln73_10 = mul i24 %sext_ln70_3, i24 75" [firmware/nnet_utils/nnet_mult.h:73->firmware/nnet_utils/nnet_dense_latency.h:42->firmware/nnet_utils/nnet_dense_stream.h:17]   --->   Operation 29 'mul' 'mul_ln73_10' <Predicate = true> <Delay = 3.57> <CoreInst = "Multiplier">   --->   Core 3 'Multiplier' <Latency = 0> <II = 1> <Delay = 3.57> <FuncUnit> <Opcode : 'mul'> <InPorts = 2> <OutPorts = 1>
ST_1 : Operation 30 [1/1] (3.57ns)   --->   "%mul_ln70 = mul i24 %sext_ln70_3, i24 175" [firmware/nnet_utils/nnet_mult.h:70->firmware/nnet_utils/nnet_dense_latency.h:42->firmware/nnet_utils/nnet_dense_stream.h:17]   --->   Operation 30 'mul' 'mul_ln70' <Predicate = true> <Delay = 3.57> <CoreInst = "Multiplier">   --->   Core 3 'Multiplier' <Latency = 0> <II = 1> <Delay = 3.57> <FuncUnit> <Opcode : 'mul'> <InPorts = 2> <OutPorts = 1>
ST_1 : Operation 31 [1/1] (0.00ns)   --->   "%sext_ln70_9 = sext i16 %data_4_val5_read" [firmware/nnet_utils/nnet_mult.h:70->firmware/nnet_utils/nnet_dense_latency.h:42->firmware/nnet_utils/nnet_dense_stream.h:17]   --->   Operation 31 'sext' 'sext_ln70_9' <Predicate = true> <Delay = 0.00>
ST_1 : Operation 32 [1/1] (0.00ns)   --->   "%sext_ln70_10 = sext i16 %data_4_val5_read" [firmware/nnet_utils/nnet_mult.h:70->firmware/nnet_utils/nnet_dense_latency.h:42->firmware/nnet_utils/nnet_dense_stream.h:17]   --->   Operation 32 'sext' 'sext_ln70_10' <Predicate = true> <Delay = 0.00>
ST_1 : Operation 33 [1/1] (3.57ns)   --->   "%mul_ln73_17 = mul i26 %sext_ln70_10, i26 421" [firmware/nnet_utils/nnet_mult.h:73->firmware/nnet_utils/nnet_dense_latency.h:42->firmware/nnet_utils/nnet_dense_stream.h:17]   --->   Operation 33 'mul' 'mul_ln73_17' <Predicate = true> <Delay = 3.57> <CoreInst = "Multiplier">   --->   Core 3 'Multiplier' <Latency = 0> <II = 1> <Delay = 3.57> <FuncUnit> <Opcode : 'mul'> <InPorts = 2> <OutPorts = 1>
ST_1 : Operation 34 [1/1] (3.57ns)   --->   "%mul_ln73_18 = mul i26 %sext_ln70_10, i26 67108515" [firmware/nnet_utils/nnet_mult.h:73->firmware/nnet_utils/nnet_dense_latency.h:42->firmware/nnet_utils/nnet_dense_stream.h:17]   --->   Operation 34 'mul' 'mul_ln73_18' <Predicate = true> <Delay = 3.57> <CoreInst = "Multiplier">   --->   Core 3 'Multiplier' <Latency = 0> <II = 1> <Delay = 3.57> <FuncUnit> <Opcode : 'mul'> <InPorts = 2> <OutPorts = 1>
ST_1 : Operation 35 [1/1] (3.57ns)   --->   "%mul_ln70_1 = mul i24 %sext_ln70_9, i24 16777037" [firmware/nnet_utils/nnet_mult.h:70->firmware/nnet_utils/nnet_dense_latency.h:42->firmware/nnet_utils/nnet_dense_stream.h:17]   --->   Operation 35 'mul' 'mul_ln70_1' <Predicate = true> <Delay = 3.57> <CoreInst = "Multiplier">   --->   Core 3 'Multiplier' <Latency = 0> <II = 1> <Delay = 3.57> <FuncUnit> <Opcode : 'mul'> <InPorts = 2> <OutPorts = 1>
ST_1 : Operation 36 [1/1] (0.00ns)   --->   "%sext_ln70_14 = sext i16 %data_5_val6_read" [firmware/nnet_utils/nnet_mult.h:70->firmware/nnet_utils/nnet_dense_latency.h:42->firmware/nnet_utils/nnet_dense_stream.h:17]   --->   Operation 36 'sext' 'sext_ln70_14' <Predicate = true> <Delay = 0.00>
ST_1 : Operation 37 [1/1] (3.57ns)   --->   "%mul_ln73_22 = mul i26 %sext_ln70_14, i26 67108439" [firmware/nnet_utils/nnet_mult.h:73->firmware/nnet_utils/nnet_dense_latency.h:42->firmware/nnet_utils/nnet_dense_stream.h:17]   --->   Operation 37 'mul' 'mul_ln73_22' <Predicate = true> <Delay = 3.57> <CoreInst = "Multiplier">   --->   Core 3 'Multiplier' <Latency = 0> <II = 1> <Delay = 3.57> <FuncUnit> <Opcode : 'mul'> <InPorts = 2> <OutPorts = 1>
ST_1 : Operation 38 [1/1] (0.00ns)   --->   "%sext_ln70_15 = sext i16 %data_6_val7_read" [firmware/nnet_utils/nnet_mult.h:70->firmware/nnet_utils/nnet_dense_latency.h:42->firmware/nnet_utils/nnet_dense_stream.h:17]   --->   Operation 38 'sext' 'sext_ln70_15' <Predicate = true> <Delay = 0.00>
ST_1 : Operation 39 [1/1] (3.57ns)   --->   "%mul_ln73_28 = mul i23 %sext_ln70_15, i23 55" [firmware/nnet_utils/nnet_mult.h:73->firmware/nnet_utils/nnet_dense_latency.h:42->firmware/nnet_utils/nnet_dense_stream.h:17]   --->   Operation 39 'mul' 'mul_ln73_28' <Predicate = true> <Delay = 3.57> <CoreInst = "Multiplier">   --->   Core 3 'Multiplier' <Latency = 0> <II = 1> <Delay = 3.57> <FuncUnit> <Opcode : 'mul'> <InPorts = 2> <OutPorts = 1>
ST_1 : Operation 40 [1/1] (0.00ns)   --->   "%sext_ln70_18 = sext i16 %data_7_val8_read" [firmware/nnet_utils/nnet_mult.h:70->firmware/nnet_utils/nnet_dense_latency.h:42->firmware/nnet_utils/nnet_dense_stream.h:17]   --->   Operation 40 'sext' 'sext_ln70_18' <Predicate = true> <Delay = 0.00>
ST_1 : Operation 41 [1/1] (0.00ns)   --->   "%sext_ln70_20 = sext i16 %data_7_val8_read" [firmware/nnet_utils/nnet_mult.h:70->firmware/nnet_utils/nnet_dense_latency.h:42->firmware/nnet_utils/nnet_dense_stream.h:17]   --->   Operation 41 'sext' 'sext_ln70_20' <Predicate = true> <Delay = 0.00>
ST_1 : Operation 42 [1/1] (3.57ns)   --->   "%mul_ln73_29 = mul i24 %sext_ln70_20, i24 69" [firmware/nnet_utils/nnet_mult.h:73->firmware/nnet_utils/nnet_dense_latency.h:42->firmware/nnet_utils/nnet_dense_stream.h:17]   --->   Operation 42 'mul' 'mul_ln73_29' <Predicate = true> <Delay = 3.57> <CoreInst = "Multiplier">   --->   Core 3 'Multiplier' <Latency = 0> <II = 1> <Delay = 3.57> <FuncUnit> <Opcode : 'mul'> <InPorts = 2> <OutPorts = 1>
ST_1 : Operation 43 [1/1] (3.57ns)   --->   "%mul_ln73_31 = mul i25 %sext_ln70_18, i25 33554243" [firmware/nnet_utils/nnet_mult.h:73->firmware/nnet_utils/nnet_dense_latency.h:42->firmware/nnet_utils/nnet_dense_stream.h:17]   --->   Operation 43 'mul' 'mul_ln73_31' <Predicate = true> <Delay = 3.57> <CoreInst = "Multiplier">   --->   Core 3 'Multiplier' <Latency = 0> <II = 1> <Delay = 3.57> <FuncUnit> <Opcode : 'mul'> <InPorts = 2> <OutPorts = 1>
ST_1 : Operation 44 [1/1] (3.57ns)   --->   "%mul_ln73_32 = mul i25 %sext_ln70_18, i25 189" [firmware/nnet_utils/nnet_mult.h:73->firmware/nnet_utils/nnet_dense_latency.h:42->firmware/nnet_utils/nnet_dense_stream.h:17]   --->   Operation 44 'mul' 'mul_ln73_32' <Predicate = true> <Delay = 3.57> <CoreInst = "Multiplier">   --->   Core 3 'Multiplier' <Latency = 0> <II = 1> <Delay = 3.57> <FuncUnit> <Opcode : 'mul'> <InPorts = 2> <OutPorts = 1>
ST_1 : Operation 45 [1/1] (0.00ns)   --->   "%sext_ln70_22 = sext i16 %data_8_val9_read" [firmware/nnet_utils/nnet_mult.h:70->firmware/nnet_utils/nnet_dense_latency.h:42->firmware/nnet_utils/nnet_dense_stream.h:17]   --->   Operation 45 'sext' 'sext_ln70_22' <Predicate = true> <Delay = 0.00>
ST_1 : Operation 46 [1/1] (3.57ns)   --->   "%mul_ln73_35 = mul i25 %sext_ln70_22, i25 199" [firmware/nnet_utils/nnet_mult.h:73->firmware/nnet_utils/nnet_dense_latency.h:42->firmware/nnet_utils/nnet_dense_stream.h:17]   --->   Operation 46 'mul' 'mul_ln73_35' <Predicate = true> <Delay = 3.57> <CoreInst = "Multiplier">   --->   Core 3 'Multiplier' <Latency = 0> <II = 1> <Delay = 3.57> <FuncUnit> <Opcode : 'mul'> <InPorts = 2> <OutPorts = 1>
ST_1 : Operation 47 [1/1] (0.00ns)   --->   "%shl_ln73_s = bitconcatenate i25 @_ssdm_op_BitConcatenate.i25.i16.i9, i16 %data_8_val9_read, i9 0" [firmware/nnet_utils/nnet_mult.h:73->firmware/nnet_utils/nnet_dense_latency.h:42->firmware/nnet_utils/nnet_dense_stream.h:17]   --->   Operation 47 'bitconcatenate' 'shl_ln73_s' <Predicate = true> <Delay = 0.00>
ST_1 : Operation 48 [1/1] (0.00ns)   --->   "%sext_ln73_25 = sext i25 %shl_ln73_s" [firmware/nnet_utils/nnet_mult.h:73->firmware/nnet_utils/nnet_dense_latency.h:42->firmware/nnet_utils/nnet_dense_stream.h:17]   --->   Operation 48 'sext' 'sext_ln73_25' <Predicate = true> <Delay = 0.00>
ST_1 : Operation 49 [1/1] (1.45ns)   --->   "%sub_ln73_4 = sub i26 0, i26 %sext_ln73_25" [firmware/nnet_utils/nnet_mult.h:73->firmware/nnet_utils/nnet_dense_latency.h:42->firmware/nnet_utils/nnet_dense_stream.h:17]   --->   Operation 49 'sub' 'sub_ln73_4' <Predicate = true> <Delay = 1.45> <CoreInst = "Adder">   --->   Core 1 'Adder' <Latency = 0> <II = 1> <Delay = 1.46> <FuncUnit> <Opcode : 'add' 'sub'> <InPorts = 2> <OutPorts = 1>
ST_1 : Operation 50 [1/1] (0.00ns)   --->   "%sext_ln73_26 = sext i16 %data_9_val10_read" [firmware/nnet_utils/nnet_mult.h:73->firmware/nnet_utils/nnet_dense_latency.h:42->firmware/nnet_utils/nnet_dense_stream.h:17]   --->   Operation 50 'sext' 'sext_ln73_26' <Predicate = true> <Delay = 0.00>
ST_1 : Operation 51 [1/1] (3.57ns)   --->   "%mul_ln73_37 = mul i25 %sext_ln73_26, i25 33554152" [firmware/nnet_utils/nnet_mult.h:73->firmware/nnet_utils/nnet_dense_latency.h:42->firmware/nnet_utils/nnet_dense_stream.h:17]   --->   Operation 51 'mul' 'mul_ln73_37' <Predicate = true> <Delay = 3.57> <CoreInst = "Multiplier">   --->   Core 3 'Multiplier' <Latency = 0> <II = 1> <Delay = 3.57> <FuncUnit> <Opcode : 'mul'> <InPorts = 2> <OutPorts = 1>
ST_1 : Operation 52 [1/1] (3.57ns)   --->   "%mul_ln73_38 = mul i25 %sext_ln73_26, i25 289" [firmware/nnet_utils/nnet_mult.h:73->firmware/nnet_utils/nnet_dense_latency.h:42->firmware/nnet_utils/nnet_dense_stream.h:17]   --->   Operation 52 'mul' 'mul_ln73_38' <Predicate = true> <Delay = 3.57> <CoreInst = "Multiplier">   --->   Core 3 'Multiplier' <Latency = 0> <II = 1> <Delay = 3.57> <FuncUnit> <Opcode : 'mul'> <InPorts = 2> <OutPorts = 1>
ST_1 : Operation 53 [1/1] (1.03ns) (root node of TernaryAdder)   --->   "%add_ln58_4 = add i23 %sub_ln73, i23 181248" [firmware/nnet_utils/nnet_dense_latency.h:58->firmware/nnet_utils/nnet_dense_stream.h:17]   --->   Operation 53 'add' 'add_ln58_4' <Predicate = true> <Delay = 1.03> <CoreInst = "TAddSub">   --->   Core 10 'TAddSub' <Latency = 0> <II = 1> <Delay = 0.51> <IPBlock> <Opcode : '' 'add' 'sub'> <InPorts = 3> <OutPorts = 1> <Sync> <CReg>

State 2 <SV = 1> <Delay = 3.57>
ST_2 : Operation 54 [1/1] (0.00ns)   --->   "%sext_ln70_1 = sext i16 %data_1_val2_read" [firmware/nnet_utils/nnet_mult.h:70->firmware/nnet_utils/nnet_dense_latency.h:42->firmware/nnet_utils/nnet_dense_stream.h:17]   --->   Operation 54 'sext' 'sext_ln70_1' <Predicate = true> <Delay = 0.00>
ST_2 : Operation 55 [1/1] (0.00ns)   --->   "%sext_ln70_2 = sext i16 %data_1_val2_read" [firmware/nnet_utils/nnet_mult.h:70->firmware/nnet_utils/nnet_dense_latency.h:42->firmware/nnet_utils/nnet_dense_stream.h:17]   --->   Operation 55 'sext' 'sext_ln70_2' <Predicate = true> <Delay = 0.00>
ST_2 : Operation 56 [1/1] (0.00ns)   --->   "%shl_ln73_2 = bitconcatenate i24 @_ssdm_op_BitConcatenate.i24.i16.i8, i16 %data_1_val2_read, i8 0" [firmware/nnet_utils/nnet_mult.h:73->firmware/nnet_utils/nnet_dense_latency.h:42->firmware/nnet_utils/nnet_dense_stream.h:17]   --->   Operation 56 'bitconcatenate' 'shl_ln73_2' <Predicate = true> <Delay = 0.00>
ST_2 : Operation 57 [1/1] (0.00ns)   --->   "%sext_ln73_4 = sext i24 %shl_ln73_2" [firmware/nnet_utils/nnet_mult.h:73->firmware/nnet_utils/nnet_dense_latency.h:42->firmware/nnet_utils/nnet_dense_stream.h:17]   --->   Operation 57 'sext' 'sext_ln73_4' <Predicate = true> <Delay = 0.00>
ST_2 : Operation 58 [1/1] (0.00ns)   --->   "%shl_ln73_3 = bitconcatenate i21 @_ssdm_op_BitConcatenate.i21.i16.i5, i16 %data_1_val2_read, i5 0" [firmware/nnet_utils/nnet_mult.h:73->firmware/nnet_utils/nnet_dense_latency.h:42->firmware/nnet_utils/nnet_dense_stream.h:17]   --->   Operation 58 'bitconcatenate' 'shl_ln73_3' <Predicate = true> <Delay = 0.00>
ST_2 : Operation 59 [1/1] (0.00ns)   --->   "%sext_ln73_5 = sext i21 %shl_ln73_3" [firmware/nnet_utils/nnet_mult.h:73->firmware/nnet_utils/nnet_dense_latency.h:42->firmware/nnet_utils/nnet_dense_stream.h:17]   --->   Operation 59 'sext' 'sext_ln73_5' <Predicate = true> <Delay = 0.00>
ST_2 : Operation 60 [1/1] (0.00ns) (grouped into TernaryAdder)   --->   "%sub_ln73_1 = sub i25 %sext_ln73_4, i25 %sext_ln73_5" [firmware/nnet_utils/nnet_mult.h:73->firmware/nnet_utils/nnet_dense_latency.h:42->firmware/nnet_utils/nnet_dense_stream.h:17]   --->   Operation 60 'sub' 'sub_ln73_1' <Predicate = true> <Delay = 0.00> <CoreInst = "TAddSub">   --->   Core 10 'TAddSub' <Latency = 0> <II = 1> <Delay = 0.51> <IPBlock> <Opcode : '' 'add' 'sub'> <InPorts = 3> <OutPorts = 1> <Sync> <CReg>
ST_2 : Operation 61 [1/1] (3.57ns)   --->   "%mul_ln73_4 = mul i25 %sext_ln70_2, i25 33554261" [firmware/nnet_utils/nnet_mult.h:73->firmware/nnet_utils/nnet_dense_latency.h:42->firmware/nnet_utils/nnet_dense_stream.h:17]   --->   Operation 61 'mul' 'mul_ln73_4' <Predicate = true> <Delay = 3.57> <CoreInst = "Multiplier">   --->   Core 3 'Multiplier' <Latency = 0> <II = 1> <Delay = 3.57> <FuncUnit> <Opcode : 'mul'> <InPorts = 2> <OutPorts = 1>
ST_2 : Operation 62 [1/1] (3.57ns)   --->   "%mul_ln73_5 = mul i27 %sext_ln70_1, i27 757" [firmware/nnet_utils/nnet_mult.h:73->firmware/nnet_utils/nnet_dense_latency.h:42->firmware/nnet_utils/nnet_dense_stream.h:17]   --->   Operation 62 'mul' 'mul_ln73_5' <Predicate = true> <Delay = 3.57> <CoreInst = "Multiplier">   --->   Core 3 'Multiplier' <Latency = 0> <II = 1> <Delay = 3.57> <FuncUnit> <Opcode : 'mul'> <InPorts = 2> <OutPorts = 1>
ST_2 : Operation 63 [1/1] (0.00ns)   --->   "%sext_ln70_4 = sext i16 %data_2_val3_read" [firmware/nnet_utils/nnet_mult.h:70->firmware/nnet_utils/nnet_dense_latency.h:42->firmware/nnet_utils/nnet_dense_stream.h:17]   --->   Operation 63 'sext' 'sext_ln70_4' <Predicate = true> <Delay = 0.00>
ST_2 : Operation 64 [1/1] (0.00ns)   --->   "%sext_ln70_5 = sext i16 %data_2_val3_read" [firmware/nnet_utils/nnet_mult.h:70->firmware/nnet_utils/nnet_dense_latency.h:42->firmware/nnet_utils/nnet_dense_stream.h:17]   --->   Operation 64 'sext' 'sext_ln70_5' <Predicate = true> <Delay = 0.00>
ST_2 : Operation 65 [1/1] (3.57ns)   --->   "%mul_ln73_8 = mul i26 %sext_ln70_5, i26 407" [firmware/nnet_utils/nnet_mult.h:73->firmware/nnet_utils/nnet_dense_latency.h:42->firmware/nnet_utils/nnet_dense_stream.h:17]   --->   Operation 65 'mul' 'mul_ln73_8' <Predicate = true> <Delay = 3.57> <CoreInst = "Multiplier">   --->   Core 3 'Multiplier' <Latency = 0> <II = 1> <Delay = 3.57> <FuncUnit> <Opcode : 'mul'> <InPorts = 2> <OutPorts = 1>
ST_2 : Operation 66 [1/1] (3.57ns)   --->   "%mul_ln73_9 = mul i26 %sext_ln70_5, i26 67108502" [firmware/nnet_utils/nnet_mult.h:73->firmware/nnet_utils/nnet_dense_latency.h:42->firmware/nnet_utils/nnet_dense_stream.h:17]   --->   Operation 66 'mul' 'mul_ln73_9' <Predicate = true> <Delay = 3.57> <CoreInst = "Multiplier">   --->   Core 3 'Multiplier' <Latency = 0> <II = 1> <Delay = 3.57> <FuncUnit> <Opcode : 'mul'> <InPorts = 2> <OutPorts = 1>
ST_2 : Operation 67 [1/1] (3.57ns)   --->   "%mul_ln73_11 = mul i27 %sext_ln70_4, i27 134217174" [firmware/nnet_utils/nnet_mult.h:73->firmware/nnet_utils/nnet_dense_latency.h:42->firmware/nnet_utils/nnet_dense_stream.h:17]   --->   Operation 67 'mul' 'mul_ln73_11' <Predicate = true> <Delay = 3.57> <CoreInst = "Multiplier">   --->   Core 3 'Multiplier' <Latency = 0> <II = 1> <Delay = 3.57> <FuncUnit> <Opcode : 'mul'> <InPorts = 2> <OutPorts = 1>
ST_2 : Operation 68 [1/1] (0.00ns)   --->   "%sext_ln70_6 = sext i16 %data_3_val4_read" [firmware/nnet_utils/nnet_mult.h:70->firmware/nnet_utils/nnet_dense_latency.h:42->firmware/nnet_utils/nnet_dense_stream.h:17]   --->   Operation 68 'sext' 'sext_ln70_6' <Predicate = true> <Delay = 0.00>
ST_2 : Operation 69 [1/1] (0.00ns)   --->   "%sext_ln70_7 = sext i16 %data_3_val4_read" [firmware/nnet_utils/nnet_mult.h:70->firmware/nnet_utils/nnet_dense_latency.h:42->firmware/nnet_utils/nnet_dense_stream.h:17]   --->   Operation 69 'sext' 'sext_ln70_7' <Predicate = true> <Delay = 0.00>
ST_2 : Operation 70 [1/1] (3.57ns)   --->   "%mul_ln73_12 = mul i26 %sext_ln70_7, i26 327" [firmware/nnet_utils/nnet_mult.h:73->firmware/nnet_utils/nnet_dense_latency.h:42->firmware/nnet_utils/nnet_dense_stream.h:17]   --->   Operation 70 'mul' 'mul_ln73_12' <Predicate = true> <Delay = 3.57> <CoreInst = "Multiplier">   --->   Core 3 'Multiplier' <Latency = 0> <II = 1> <Delay = 3.57> <FuncUnit> <Opcode : 'mul'> <InPorts = 2> <OutPorts = 1>
ST_2 : Operation 71 [1/1] (3.57ns)   --->   "%mul_ln73_13 = mul i26 %sext_ln70_7, i26 67108557" [firmware/nnet_utils/nnet_mult.h:73->firmware/nnet_utils/nnet_dense_latency.h:42->firmware/nnet_utils/nnet_dense_stream.h:17]   --->   Operation 71 'mul' 'mul_ln73_13' <Predicate = true> <Delay = 3.57> <CoreInst = "Multiplier">   --->   Core 3 'Multiplier' <Latency = 0> <II = 1> <Delay = 3.57> <FuncUnit> <Opcode : 'mul'> <InPorts = 2> <OutPorts = 1>
ST_2 : Operation 72 [1/1] (3.57ns)   --->   "%mul_ln73_14 = mul i27 %sext_ln70_6, i27 134217188" [firmware/nnet_utils/nnet_mult.h:73->firmware/nnet_utils/nnet_dense_latency.h:42->firmware/nnet_utils/nnet_dense_stream.h:17]   --->   Operation 72 'mul' 'mul_ln73_14' <Predicate = true> <Delay = 3.57> <CoreInst = "Multiplier">   --->   Core 3 'Multiplier' <Latency = 0> <II = 1> <Delay = 3.57> <FuncUnit> <Opcode : 'mul'> <InPorts = 2> <OutPorts = 1>
ST_2 : Operation 73 [1/1] (3.57ns)   --->   "%mul_ln73_15 = mul i27 %sext_ln70_6, i27 134217203" [firmware/nnet_utils/nnet_mult.h:73->firmware/nnet_utils/nnet_dense_latency.h:42->firmware/nnet_utils/nnet_dense_stream.h:17]   --->   Operation 73 'mul' 'mul_ln73_15' <Predicate = true> <Delay = 3.57> <CoreInst = "Multiplier">   --->   Core 3 'Multiplier' <Latency = 0> <II = 1> <Delay = 3.57> <FuncUnit> <Opcode : 'mul'> <InPorts = 2> <OutPorts = 1>
ST_2 : Operation 74 [1/1] (0.00ns)   --->   "%shl_ln73_4 = bitconcatenate i24 @_ssdm_op_BitConcatenate.i24.i16.i8, i16 %data_3_val4_read, i8 0" [firmware/nnet_utils/nnet_mult.h:73->firmware/nnet_utils/nnet_dense_latency.h:42->firmware/nnet_utils/nnet_dense_stream.h:17]   --->   Operation 74 'bitconcatenate' 'shl_ln73_4' <Predicate = true> <Delay = 0.00>
ST_2 : Operation 75 [1/1] (0.00ns)   --->   "%sext_ln73_9 = sext i24 %shl_ln73_4" [firmware/nnet_utils/nnet_mult.h:73->firmware/nnet_utils/nnet_dense_latency.h:42->firmware/nnet_utils/nnet_dense_stream.h:17]   --->   Operation 75 'sext' 'sext_ln73_9' <Predicate = true> <Delay = 0.00>
ST_2 : Operation 76 [1/1] (0.00ns)   --->   "%shl_ln73_5 = bitconcatenate i21 @_ssdm_op_BitConcatenate.i21.i16.i5, i16 %data_3_val4_read, i5 0" [firmware/nnet_utils/nnet_mult.h:73->firmware/nnet_utils/nnet_dense_latency.h:42->firmware/nnet_utils/nnet_dense_stream.h:17]   --->   Operation 76 'bitconcatenate' 'shl_ln73_5' <Predicate = true> <Delay = 0.00>
ST_2 : Operation 77 [1/1] (0.00ns)   --->   "%sext_ln73_10 = sext i21 %shl_ln73_5" [firmware/nnet_utils/nnet_mult.h:73->firmware/nnet_utils/nnet_dense_latency.h:42->firmware/nnet_utils/nnet_dense_stream.h:17]   --->   Operation 77 'sext' 'sext_ln73_10' <Predicate = true> <Delay = 0.00>
ST_2 : Operation 78 [1/1] (1.45ns)   --->   "%add_ln73 = add i25 %sext_ln73_9, i25 %sext_ln73_10" [firmware/nnet_utils/nnet_mult.h:73->firmware/nnet_utils/nnet_dense_latency.h:42->firmware/nnet_utils/nnet_dense_stream.h:17]   --->   Operation 78 'add' 'add_ln73' <Predicate = true> <Delay = 1.45> <CoreInst = "Adder">   --->   Core 1 'Adder' <Latency = 0> <II = 1> <Delay = 1.45> <FuncUnit> <Opcode : 'add' 'sub'> <InPorts = 2> <OutPorts = 1>
ST_2 : Operation 79 [1/1] (0.00ns)   --->   "%sext_ln70_8 = sext i25 %add_ln73" [firmware/nnet_utils/nnet_mult.h:70->firmware/nnet_utils/nnet_dense_latency.h:42->firmware/nnet_utils/nnet_dense_stream.h:17]   --->   Operation 79 'sext' 'sext_ln70_8' <Predicate = true> <Delay = 0.00>
ST_2 : Operation 80 [1/1] (0.00ns)   --->   "%sext_ln70_11 = sext i16 %data_4_val5_read" [firmware/nnet_utils/nnet_mult.h:70->firmware/nnet_utils/nnet_dense_latency.h:42->firmware/nnet_utils/nnet_dense_stream.h:17]   --->   Operation 80 'sext' 'sext_ln70_11' <Predicate = true> <Delay = 0.00>
ST_2 : Operation 81 [1/1] (3.57ns)   --->   "%mul_ln73_16 = mul i27 %sext_ln70_11, i27 134217206" [firmware/nnet_utils/nnet_mult.h:73->firmware/nnet_utils/nnet_dense_latency.h:42->firmware/nnet_utils/nnet_dense_stream.h:17]   --->   Operation 81 'mul' 'mul_ln73_16' <Predicate = true> <Delay = 3.57> <CoreInst = "Multiplier">   --->   Core 3 'Multiplier' <Latency = 0> <II = 1> <Delay = 3.57> <FuncUnit> <Opcode : 'mul'> <InPorts = 2> <OutPorts = 1>
ST_2 : Operation 82 [1/1] (0.00ns)   --->   "%shl_ln73_6 = bitconcatenate i22 @_ssdm_op_BitConcatenate.i22.i16.i6, i16 %data_4_val5_read, i6 0" [firmware/nnet_utils/nnet_mult.h:73->firmware/nnet_utils/nnet_dense_latency.h:42->firmware/nnet_utils/nnet_dense_stream.h:17]   --->   Operation 82 'bitconcatenate' 'shl_ln73_6' <Predicate = true> <Delay = 0.00>
ST_2 : Operation 83 [1/1] (0.00ns)   --->   "%sext_ln73_11 = sext i22 %shl_ln73_6" [firmware/nnet_utils/nnet_mult.h:73->firmware/nnet_utils/nnet_dense_latency.h:42->firmware/nnet_utils/nnet_dense_stream.h:17]   --->   Operation 83 'sext' 'sext_ln73_11' <Predicate = true> <Delay = 0.00>
ST_2 : Operation 84 [1/1] (0.00ns)   --->   "%shl_ln73_7 = bitconcatenate i19 @_ssdm_op_BitConcatenate.i19.i16.i3, i16 %data_4_val5_read, i3 0" [firmware/nnet_utils/nnet_mult.h:73->firmware/nnet_utils/nnet_dense_latency.h:42->firmware/nnet_utils/nnet_dense_stream.h:17]   --->   Operation 84 'bitconcatenate' 'shl_ln73_7' <Predicate = true> <Delay = 0.00>
ST_2 : Operation 85 [1/1] (0.00ns)   --->   "%sext_ln73_12 = sext i19 %shl_ln73_7" [firmware/nnet_utils/nnet_mult.h:73->firmware/nnet_utils/nnet_dense_latency.h:42->firmware/nnet_utils/nnet_dense_stream.h:17]   --->   Operation 85 'sext' 'sext_ln73_12' <Predicate = true> <Delay = 0.00>
ST_2 : Operation 86 [1/1] (1.44ns)   --->   "%sub_ln73_2 = sub i23 %sext_ln73_12, i23 %sext_ln73_11" [firmware/nnet_utils/nnet_mult.h:73->firmware/nnet_utils/nnet_dense_latency.h:42->firmware/nnet_utils/nnet_dense_stream.h:17]   --->   Operation 86 'sub' 'sub_ln73_2' <Predicate = true> <Delay = 1.44> <CoreInst = "Adder">   --->   Core 1 'Adder' <Latency = 0> <II = 1> <Delay = 1.44> <FuncUnit> <Opcode : 'add' 'sub'> <InPorts = 2> <OutPorts = 1>
ST_2 : Operation 87 [1/1] (0.00ns)   --->   "%sext_ln73_13 = sext i23 %sub_ln73_2" [firmware/nnet_utils/nnet_mult.h:73->firmware/nnet_utils/nnet_dense_latency.h:42->firmware/nnet_utils/nnet_dense_stream.h:17]   --->   Operation 87 'sext' 'sext_ln73_13' <Predicate = true> <Delay = 0.00>
ST_2 : Operation 88 [1/1] (0.00ns)   --->   "%sext_ln70_12 = sext i16 %data_5_val6_read" [firmware/nnet_utils/nnet_mult.h:70->firmware/nnet_utils/nnet_dense_latency.h:42->firmware/nnet_utils/nnet_dense_stream.h:17]   --->   Operation 88 'sext' 'sext_ln70_12' <Predicate = true> <Delay = 0.00>
ST_2 : Operation 89 [1/1] (0.00ns)   --->   "%sext_ln70_13 = sext i16 %data_5_val6_read" [firmware/nnet_utils/nnet_mult.h:70->firmware/nnet_utils/nnet_dense_latency.h:42->firmware/nnet_utils/nnet_dense_stream.h:17]   --->   Operation 89 'sext' 'sext_ln70_13' <Predicate = true> <Delay = 0.00>
ST_2 : Operation 90 [1/1] (3.57ns)   --->   "%mul_ln73_19 = mul i26 %sext_ln70_14, i26 67108399" [firmware/nnet_utils/nnet_mult.h:73->firmware/nnet_utils/nnet_dense_latency.h:42->firmware/nnet_utils/nnet_dense_stream.h:17]   --->   Operation 90 'mul' 'mul_ln73_19' <Predicate = true> <Delay = 3.57> <CoreInst = "Multiplier">   --->   Core 3 'Multiplier' <Latency = 0> <II = 1> <Delay = 3.57> <FuncUnit> <Opcode : 'mul'> <InPorts = 2> <OutPorts = 1>
ST_2 : Operation 91 [1/1] (3.57ns)   --->   "%mul_ln73_20 = mul i26 %sext_ln70_14, i26 376" [firmware/nnet_utils/nnet_mult.h:73->firmware/nnet_utils/nnet_dense_latency.h:42->firmware/nnet_utils/nnet_dense_stream.h:17]   --->   Operation 91 'mul' 'mul_ln73_20' <Predicate = true> <Delay = 3.57> <CoreInst = "Multiplier">   --->   Core 3 'Multiplier' <Latency = 0> <II = 1> <Delay = 3.57> <FuncUnit> <Opcode : 'mul'> <InPorts = 2> <OutPorts = 1>
ST_2 : Operation 92 [1/1] (3.57ns)   --->   "%mul_ln73_21 = mul i25 %sext_ln70_13, i25 33554215" [firmware/nnet_utils/nnet_mult.h:73->firmware/nnet_utils/nnet_dense_latency.h:42->firmware/nnet_utils/nnet_dense_stream.h:17]   --->   Operation 92 'mul' 'mul_ln73_21' <Predicate = true> <Delay = 3.57> <CoreInst = "Multiplier">   --->   Core 3 'Multiplier' <Latency = 0> <II = 1> <Delay = 3.57> <FuncUnit> <Opcode : 'mul'> <InPorts = 2> <OutPorts = 1>
ST_2 : Operation 93 [1/1] (0.00ns)   --->   "%sext_ln73_16 = sext i26 %mul_ln73_22" [firmware/nnet_utils/nnet_mult.h:73->firmware/nnet_utils/nnet_dense_latency.h:42->firmware/nnet_utils/nnet_dense_stream.h:17]   --->   Operation 93 'sext' 'sext_ln73_16' <Predicate = true> <Delay = 0.00>
ST_2 : Operation 94 [1/1] (3.57ns)   --->   "%mul_ln73_23 = mul i27 %sext_ln70_12, i27 593" [firmware/nnet_utils/nnet_mult.h:73->firmware/nnet_utils/nnet_dense_latency.h:42->firmware/nnet_utils/nnet_dense_stream.h:17]   --->   Operation 94 'mul' 'mul_ln73_23' <Predicate = true> <Delay = 3.57> <CoreInst = "Multiplier">   --->   Core 3 'Multiplier' <Latency = 0> <II = 1> <Delay = 3.57> <FuncUnit> <Opcode : 'mul'> <InPorts = 2> <OutPorts = 1>
ST_2 : Operation 95 [1/1] (0.00ns)   --->   "%sext_ln70_16 = sext i16 %data_6_val7_read" [firmware/nnet_utils/nnet_mult.h:70->firmware/nnet_utils/nnet_dense_latency.h:42->firmware/nnet_utils/nnet_dense_stream.h:17]   --->   Operation 95 'sext' 'sext_ln70_16' <Predicate = true> <Delay = 0.00>
ST_2 : Operation 96 [1/1] (0.00ns)   --->   "%sext_ln70_17 = sext i16 %data_6_val7_read" [firmware/nnet_utils/nnet_mult.h:70->firmware/nnet_utils/nnet_dense_latency.h:42->firmware/nnet_utils/nnet_dense_stream.h:17]   --->   Operation 96 'sext' 'sext_ln70_17' <Predicate = true> <Delay = 0.00>
ST_2 : Operation 97 [1/1] (3.57ns)   --->   "%mul_ln73_24 = mul i26 %sext_ln70_17, i26 360" [firmware/nnet_utils/nnet_mult.h:73->firmware/nnet_utils/nnet_dense_latency.h:42->firmware/nnet_utils/nnet_dense_stream.h:17]   --->   Operation 97 'mul' 'mul_ln73_24' <Predicate = true> <Delay = 3.57> <CoreInst = "Multiplier">   --->   Core 3 'Multiplier' <Latency = 0> <II = 1> <Delay = 3.57> <FuncUnit> <Opcode : 'mul'> <InPorts = 2> <OutPorts = 1>
ST_2 : Operation 98 [1/1] (3.57ns)   --->   "%mul_ln73_25 = mul i26 %sext_ln70_17, i26 391" [firmware/nnet_utils/nnet_mult.h:73->firmware/nnet_utils/nnet_dense_latency.h:42->firmware/nnet_utils/nnet_dense_stream.h:17]   --->   Operation 98 'mul' 'mul_ln73_25' <Predicate = true> <Delay = 3.57> <CoreInst = "Multiplier">   --->   Core 3 'Multiplier' <Latency = 0> <II = 1> <Delay = 3.57> <FuncUnit> <Opcode : 'mul'> <InPorts = 2> <OutPorts = 1>
ST_2 : Operation 99 [1/1] (3.57ns)   --->   "%mul_ln73_26 = mul i26 %sext_ln70_17, i26 67108519" [firmware/nnet_utils/nnet_mult.h:73->firmware/nnet_utils/nnet_dense_latency.h:42->firmware/nnet_utils/nnet_dense_stream.h:17]   --->   Operation 99 'mul' 'mul_ln73_26' <Predicate = true> <Delay = 3.57> <CoreInst = "Multiplier">   --->   Core 3 'Multiplier' <Latency = 0> <II = 1> <Delay = 3.57> <FuncUnit> <Opcode : 'mul'> <InPorts = 2> <OutPorts = 1>
ST_2 : Operation 100 [1/1] (3.57ns)   --->   "%mul_ln73_27 = mul i27 %sext_ln70_16, i27 623" [firmware/nnet_utils/nnet_mult.h:73->firmware/nnet_utils/nnet_dense_latency.h:42->firmware/nnet_utils/nnet_dense_stream.h:17]   --->   Operation 100 'mul' 'mul_ln73_27' <Predicate = true> <Delay = 3.57> <CoreInst = "Multiplier">   --->   Core 3 'Multiplier' <Latency = 0> <II = 1> <Delay = 3.57> <FuncUnit> <Opcode : 'mul'> <InPorts = 2> <OutPorts = 1>
ST_2 : Operation 101 [1/1] (0.00ns)   --->   "%sext_ln70_25 = sext i23 %mul_ln73_28" [firmware/nnet_utils/nnet_mult.h:70->firmware/nnet_utils/nnet_dense_latency.h:42->firmware/nnet_utils/nnet_dense_stream.h:17]   --->   Operation 101 'sext' 'sext_ln70_25' <Predicate = true> <Delay = 0.00>
ST_2 : Operation 102 [1/1] (0.00ns)   --->   "%sext_ln70_19 = sext i16 %data_7_val8_read" [firmware/nnet_utils/nnet_mult.h:70->firmware/nnet_utils/nnet_dense_latency.h:42->firmware/nnet_utils/nnet_dense_stream.h:17]   --->   Operation 102 'sext' 'sext_ln70_19' <Predicate = true> <Delay = 0.00>
ST_2 : Operation 103 [1/1] (0.00ns)   --->   "%sext_ln73_20 = sext i24 %mul_ln73_29" [firmware/nnet_utils/nnet_mult.h:73->firmware/nnet_utils/nnet_dense_latency.h:42->firmware/nnet_utils/nnet_dense_stream.h:17]   --->   Operation 103 'sext' 'sext_ln73_20' <Predicate = true> <Delay = 0.00>
ST_2 : Operation 104 [1/1] (3.57ns)   --->   "%mul_ln73_30 = mul i26 %sext_ln70_19, i26 383" [firmware/nnet_utils/nnet_mult.h:73->firmware/nnet_utils/nnet_dense_latency.h:42->firmware/nnet_utils/nnet_dense_stream.h:17]   --->   Operation 104 'mul' 'mul_ln73_30' <Predicate = true> <Delay = 3.57> <CoreInst = "Multiplier">   --->   Core 3 'Multiplier' <Latency = 0> <II = 1> <Delay = 3.57> <FuncUnit> <Opcode : 'mul'> <InPorts = 2> <OutPorts = 1>
ST_2 : Operation 105 [1/1] (0.00ns)   --->   "%sext_ln73_21 = sext i25 %mul_ln73_32" [firmware/nnet_utils/nnet_mult.h:73->firmware/nnet_utils/nnet_dense_latency.h:42->firmware/nnet_utils/nnet_dense_stream.h:17]   --->   Operation 105 'sext' 'sext_ln73_21' <Predicate = true> <Delay = 0.00>
ST_2 : Operation 106 [1/1] (3.57ns)   --->   "%mul_ln73_33 = mul i26 %sext_ln70_19, i26 463" [firmware/nnet_utils/nnet_mult.h:73->firmware/nnet_utils/nnet_dense_latency.h:42->firmware/nnet_utils/nnet_dense_stream.h:17]   --->   Operation 106 'mul' 'mul_ln73_33' <Predicate = true> <Delay = 3.57> <CoreInst = "Multiplier">   --->   Core 3 'Multiplier' <Latency = 0> <II = 1> <Delay = 3.57> <FuncUnit> <Opcode : 'mul'> <InPorts = 2> <OutPorts = 1>
ST_2 : Operation 107 [1/1] (0.00ns)   --->   "%sext_ln70_21 = sext i16 %data_8_val9_read" [firmware/nnet_utils/nnet_mult.h:70->firmware/nnet_utils/nnet_dense_latency.h:42->firmware/nnet_utils/nnet_dense_stream.h:17]   --->   Operation 107 'sext' 'sext_ln70_21' <Predicate = true> <Delay = 0.00>
ST_2 : Operation 108 [1/1] (0.00ns)   --->   "%sext_ln70_23 = sext i16 %data_8_val9_read" [firmware/nnet_utils/nnet_mult.h:70->firmware/nnet_utils/nnet_dense_latency.h:42->firmware/nnet_utils/nnet_dense_stream.h:17]   --->   Operation 108 'sext' 'sext_ln70_23' <Predicate = true> <Delay = 0.00>
ST_2 : Operation 109 [1/1] (3.57ns)   --->   "%mul_ln73_34 = mul i27 %sext_ln70_23, i27 602" [firmware/nnet_utils/nnet_mult.h:73->firmware/nnet_utils/nnet_dense_latency.h:42->firmware/nnet_utils/nnet_dense_stream.h:17]   --->   Operation 109 'mul' 'mul_ln73_34' <Predicate = true> <Delay = 3.57> <CoreInst = "Multiplier">   --->   Core 3 'Multiplier' <Latency = 0> <II = 1> <Delay = 3.57> <FuncUnit> <Opcode : 'mul'> <InPorts = 2> <OutPorts = 1>
ST_2 : Operation 110 [1/1] (0.00ns)   --->   "%shl_ln73_8 = bitconcatenate i19 @_ssdm_op_BitConcatenate.i19.i16.i3, i16 %data_8_val9_read, i3 0" [firmware/nnet_utils/nnet_mult.h:73->firmware/nnet_utils/nnet_dense_latency.h:42->firmware/nnet_utils/nnet_dense_stream.h:17]   --->   Operation 110 'bitconcatenate' 'shl_ln73_8' <Predicate = true> <Delay = 0.00>
ST_2 : Operation 111 [1/1] (0.00ns)   --->   "%sext_ln73_22 = sext i19 %shl_ln73_8" [firmware/nnet_utils/nnet_mult.h:73->firmware/nnet_utils/nnet_dense_latency.h:42->firmware/nnet_utils/nnet_dense_stream.h:17]   --->   Operation 111 'sext' 'sext_ln73_22' <Predicate = true> <Delay = 0.00>
ST_2 : Operation 112 [1/1] (0.00ns)   --->   "%shl_ln73_9 = bitconcatenate i17 @_ssdm_op_BitConcatenate.i17.i16.i1, i16 %data_8_val9_read, i1 0" [firmware/nnet_utils/nnet_mult.h:73->firmware/nnet_utils/nnet_dense_latency.h:42->firmware/nnet_utils/nnet_dense_stream.h:17]   --->   Operation 112 'bitconcatenate' 'shl_ln73_9' <Predicate = true> <Delay = 0.00>
ST_2 : Operation 113 [1/1] (0.00ns)   --->   "%sext_ln73_23 = sext i17 %shl_ln73_9" [firmware/nnet_utils/nnet_mult.h:73->firmware/nnet_utils/nnet_dense_latency.h:42->firmware/nnet_utils/nnet_dense_stream.h:17]   --->   Operation 113 'sext' 'sext_ln73_23' <Predicate = true> <Delay = 0.00>
ST_2 : Operation 114 [1/1] (1.43ns)   --->   "%sub_ln73_3 = sub i20 %sext_ln73_22, i20 %sext_ln73_23" [firmware/nnet_utils/nnet_mult.h:73->firmware/nnet_utils/nnet_dense_latency.h:42->firmware/nnet_utils/nnet_dense_stream.h:17]   --->   Operation 114 'sub' 'sub_ln73_3' <Predicate = true> <Delay = 1.43> <CoreInst = "Adder">   --->   Core 1 'Adder' <Latency = 0> <II = 1> <Delay = 1.43> <FuncUnit> <Opcode : 'add' 'sub'> <InPorts = 2> <OutPorts = 1>
ST_2 : Operation 115 [1/1] (0.00ns)   --->   "%sext_ln73_24 = sext i20 %sub_ln73_3" [firmware/nnet_utils/nnet_mult.h:73->firmware/nnet_utils/nnet_dense_latency.h:42->firmware/nnet_utils/nnet_dense_stream.h:17]   --->   Operation 115 'sext' 'sext_ln73_24' <Predicate = true> <Delay = 0.00>
ST_2 : Operation 116 [1/1] (0.00ns) (grouped into TernaryAdder)   --->   "%sub_ln73_5 = sub i26 %sub_ln73_4, i26 %sext_ln70_21" [firmware/nnet_utils/nnet_mult.h:73->firmware/nnet_utils/nnet_dense_latency.h:42->firmware/nnet_utils/nnet_dense_stream.h:17]   --->   Operation 116 'sub' 'sub_ln73_5' <Predicate = true> <Delay = 0.00> <CoreInst = "TAddSub">   --->   Core 10 'TAddSub' <Latency = 0> <II = 1> <Delay = 0.51> <IPBlock> <Opcode : '' 'add' 'sub'> <InPorts = 3> <OutPorts = 1> <Sync> <CReg>
ST_2 : Operation 117 [1/1] (3.57ns)   --->   "%mul_ln73_36 = mul i26 %sext_ln70_21, i26 67108569" [firmware/nnet_utils/nnet_mult.h:73->firmware/nnet_utils/nnet_dense_latency.h:42->firmware/nnet_utils/nnet_dense_stream.h:17]   --->   Operation 117 'mul' 'mul_ln73_36' <Predicate = true> <Delay = 3.57> <CoreInst = "Multiplier">   --->   Core 3 'Multiplier' <Latency = 0> <II = 1> <Delay = 3.57> <FuncUnit> <Opcode : 'mul'> <InPorts = 2> <OutPorts = 1>
ST_2 : Operation 118 [1/1] (0.00ns)   --->   "%sext_ln70_24 = sext i16 %data_9_val10_read" [firmware/nnet_utils/nnet_mult.h:70->firmware/nnet_utils/nnet_dense_latency.h:42->firmware/nnet_utils/nnet_dense_stream.h:17]   --->   Operation 118 'sext' 'sext_ln70_24' <Predicate = true> <Delay = 0.00>
ST_2 : Operation 119 [1/1] (3.57ns)   --->   "%mul_ln73_39 = mul i27 %sext_ln70_24, i27 724" [firmware/nnet_utils/nnet_mult.h:73->firmware/nnet_utils/nnet_dense_latency.h:42->firmware/nnet_utils/nnet_dense_stream.h:17]   --->   Operation 119 'mul' 'mul_ln73_39' <Predicate = true> <Delay = 3.57> <CoreInst = "Multiplier">   --->   Core 3 'Multiplier' <Latency = 0> <II = 1> <Delay = 3.57> <FuncUnit> <Opcode : 'mul'> <InPorts = 2> <OutPorts = 1>
ST_2 : Operation 120 [1/1] (3.57ns)   --->   "%mul_ln73_40 = mul i27 %sext_ln70_24, i27 134217089" [firmware/nnet_utils/nnet_mult.h:73->firmware/nnet_utils/nnet_dense_latency.h:42->firmware/nnet_utils/nnet_dense_stream.h:17]   --->   Operation 120 'mul' 'mul_ln73_40' <Predicate = true> <Delay = 3.57> <CoreInst = "Multiplier">   --->   Core 3 'Multiplier' <Latency = 0> <II = 1> <Delay = 3.57> <FuncUnit> <Opcode : 'mul'> <InPorts = 2> <OutPorts = 1>
ST_2 : Operation 121 [1/1] (1.45ns)   --->   "%add_ln58 = add i24 %mul_ln73, i24 158720" [firmware/nnet_utils/nnet_dense_latency.h:58->firmware/nnet_utils/nnet_dense_stream.h:17]   --->   Operation 121 'add' 'add_ln58' <Predicate = true> <Delay = 1.45> <CoreInst = "Adder">   --->   Core 1 'Adder' <Latency = 0> <II = 1> <Delay = 1.45> <FuncUnit> <Opcode : 'add' 'sub'> <InPorts = 2> <OutPorts = 1>
ST_2 : Operation 122 [1/1] (0.00ns)   --->   "%sext_ln58_1 = sext i24 %add_ln58" [firmware/nnet_utils/nnet_dense_latency.h:58->firmware/nnet_utils/nnet_dense_stream.h:17]   --->   Operation 122 'sext' 'sext_ln58_1' <Predicate = true> <Delay = 0.00>
ST_2 : Operation 123 [1/1] (1.45ns)   --->   "%add_ln58_1 = add i25 %mul_ln73_1, i25 208896" [firmware/nnet_utils/nnet_dense_latency.h:58->firmware/nnet_utils/nnet_dense_stream.h:17]   --->   Operation 123 'add' 'add_ln58_1' <Predicate = true> <Delay = 1.45> <CoreInst = "Adder">   --->   Core 1 'Adder' <Latency = 0> <II = 1> <Delay = 1.45> <FuncUnit> <Opcode : 'add' 'sub'> <InPorts = 2> <OutPorts = 1>
ST_2 : Operation 124 [1/1] (1.45ns)   --->   "%add_ln58_2 = add i25 %mul_ln73_2, i25 137216" [firmware/nnet_utils/nnet_dense_latency.h:58->firmware/nnet_utils/nnet_dense_stream.h:17]   --->   Operation 124 'add' 'add_ln58_2' <Predicate = true> <Delay = 1.45> <CoreInst = "Adder">   --->   Core 1 'Adder' <Latency = 0> <II = 1> <Delay = 1.45> <FuncUnit> <Opcode : 'add' 'sub'> <InPorts = 2> <OutPorts = 1>
ST_2 : Operation 125 [1/1] (1.45ns)   --->   "%add_ln58_3 = add i24 %mul_ln73_3, i24 19456" [firmware/nnet_utils/nnet_dense_latency.h:58->firmware/nnet_utils/nnet_dense_stream.h:17]   --->   Operation 125 'add' 'add_ln58_3' <Predicate = true> <Delay = 1.45> <CoreInst = "Adder">   --->   Core 1 'Adder' <Latency = 0> <II = 1> <Delay = 1.45> <FuncUnit> <Opcode : 'add' 'sub'> <InPorts = 2> <OutPorts = 1>
ST_2 : Operation 126 [1/1] (0.00ns)   --->   "%sext_ln58_4 = sext i24 %add_ln58_3" [firmware/nnet_utils/nnet_dense_latency.h:58->firmware/nnet_utils/nnet_dense_stream.h:17]   --->   Operation 126 'sext' 'sext_ln58_4' <Predicate = true> <Delay = 0.00>
ST_2 : Operation 127 [1/1] (0.00ns)   --->   "%sext_ln58_5 = sext i23 %add_ln58_4" [firmware/nnet_utils/nnet_dense_latency.h:58->firmware/nnet_utils/nnet_dense_stream.h:17]   --->   Operation 127 'sext' 'sext_ln58_5' <Predicate = true> <Delay = 0.00>
ST_2 : Operation 128 [1/1] (1.04ns) (root node of TernaryAdder)   --->   "%add_ln58_5 = add i25 %sub_ln73_1, i25 %sext_ln58_1" [firmware/nnet_utils/nnet_dense_latency.h:58->firmware/nnet_utils/nnet_dense_stream.h:17]   --->   Operation 128 'add' 'add_ln58_5' <Predicate = true> <Delay = 1.04> <CoreInst = "TAddSub">   --->   Core 10 'TAddSub' <Latency = 0> <II = 1> <Delay = 0.51> <IPBlock> <Opcode : '' 'add' 'sub'> <InPorts = 3> <OutPorts = 1> <Sync> <CReg>
ST_2 : Operation 129 [1/1] (0.00ns) (grouped into TernaryAdder)   --->   "%add_ln58_6 = add i26 %mul_ln73_6, i26 %sext_ln58_4" [firmware/nnet_utils/nnet_dense_latency.h:58->firmware/nnet_utils/nnet_dense_stream.h:17]   --->   Operation 129 'add' 'add_ln58_6' <Predicate = true> <Delay = 0.00> <CoreInst = "TAddSub">   --->   Core 10 'TAddSub' <Latency = 0> <II = 1> <Delay = 0.51> <IPBlock> <Opcode : '' 'add' 'sub'> <InPorts = 3> <OutPorts = 1> <Sync> <CReg>
ST_2 : Operation 130 [1/1] (1.45ns)   --->   "%add_ln58_10 = add i24 %mul_ln70, i24 %sext_ln58_5" [firmware/nnet_utils/nnet_dense_latency.h:58->firmware/nnet_utils/nnet_dense_stream.h:17]   --->   Operation 130 'add' 'add_ln58_10' <Predicate = true> <Delay = 1.45> <CoreInst = "Adder">   --->   Core 1 'Adder' <Latency = 0> <II = 1> <Delay = 1.45> <FuncUnit> <Opcode : 'add' 'sub'> <InPorts = 2> <OutPorts = 1>
ST_2 : Operation 131 [1/1] (0.00ns)   --->   "%sext_ln58_9 = sext i24 %add_ln58_10" [firmware/nnet_utils/nnet_dense_latency.h:58->firmware/nnet_utils/nnet_dense_stream.h:17]   --->   Operation 131 'sext' 'sext_ln58_9' <Predicate = true> <Delay = 0.00>
ST_2 : Operation 132 [1/1] (1.46ns)   --->   "%add_ln58_11 = add i26 %sext_ln58_9, i26 %mul_ln73_7" [firmware/nnet_utils/nnet_dense_latency.h:58->firmware/nnet_utils/nnet_dense_stream.h:17]   --->   Operation 132 'add' 'add_ln58_11' <Predicate = true> <Delay = 1.46> <CoreInst = "Adder">   --->   Core 1 'Adder' <Latency = 0> <II = 1> <Delay = 1.46> <FuncUnit> <Opcode : 'add' 'sub'> <InPorts = 2> <OutPorts = 1>
ST_2 : Operation 133 [1/1] (1.45ns)   --->   "%add_ln58_15 = add i24 %mul_ln73_10, i24 %sext_ln73_13" [firmware/nnet_utils/nnet_dense_latency.h:58->firmware/nnet_utils/nnet_dense_stream.h:17]   --->   Operation 133 'add' 'add_ln58_15' <Predicate = true> <Delay = 1.45> <CoreInst = "Adder">   --->   Core 1 'Adder' <Latency = 0> <II = 1> <Delay = 1.45> <FuncUnit> <Opcode : 'add' 'sub'> <InPorts = 2> <OutPorts = 1>
ST_2 : Operation 134 [1/1] (1.04ns) (root node of TernaryAdder)   --->   "%add_ln58_19 = add i26 %add_ln58_6, i26 %mul_ln73_18" [firmware/nnet_utils/nnet_dense_latency.h:58->firmware/nnet_utils/nnet_dense_stream.h:17]   --->   Operation 134 'add' 'add_ln58_19' <Predicate = true> <Delay = 1.04> <CoreInst = "TAddSub">   --->   Core 10 'TAddSub' <Latency = 0> <II = 1> <Delay = 0.51> <IPBlock> <Opcode : '' 'add' 'sub'> <InPorts = 3> <OutPorts = 1> <Sync> <CReg>
ST_2 : Operation 135 [1/1] (1.45ns)   --->   "%add_ln58_25 = add i24 %mul_ln70_1, i24 %sext_ln70_25" [firmware/nnet_utils/nnet_dense_latency.h:58->firmware/nnet_utils/nnet_dense_stream.h:17]   --->   Operation 135 'add' 'add_ln58_25' <Predicate = true> <Delay = 1.45> <CoreInst = "Adder">   --->   Core 1 'Adder' <Latency = 0> <II = 1> <Delay = 1.45> <FuncUnit> <Opcode : 'add' 'sub'> <InPorts = 2> <OutPorts = 1>
ST_2 : Operation 136 [1/1] (0.00ns)   --->   "%sext_ln58_25 = sext i24 %add_ln58_25" [firmware/nnet_utils/nnet_dense_latency.h:58->firmware/nnet_utils/nnet_dense_stream.h:17]   --->   Operation 136 'sext' 'sext_ln58_25' <Predicate = true> <Delay = 0.00>
ST_2 : Operation 137 [1/1] (1.45ns)   --->   "%add_ln58_26 = add i26 %sext_ln58_25, i26 %sext_ln70_8" [firmware/nnet_utils/nnet_dense_latency.h:58->firmware/nnet_utils/nnet_dense_stream.h:17]   --->   Operation 137 'add' 'add_ln58_26' <Predicate = true> <Delay = 1.45> <CoreInst = "Adder">   --->   Core 1 'Adder' <Latency = 0> <II = 1> <Delay = 1.46> <FuncUnit> <Opcode : 'add' 'sub'> <InPorts = 2> <OutPorts = 1>
ST_2 : Operation 138 [1/1] (1.04ns) (root node of TernaryAdder)   --->   "%add_ln58_29 = add i26 %sub_ln73_5, i26 %sext_ln73_21" [firmware/nnet_utils/nnet_dense_latency.h:58->firmware/nnet_utils/nnet_dense_stream.h:17]   --->   Operation 138 'add' 'add_ln58_29' <Predicate = true> <Delay = 1.04> <CoreInst = "TAddSub">   --->   Core 10 'TAddSub' <Latency = 0> <II = 1> <Delay = 0.51> <IPBlock> <Opcode : '' 'add' 'sub'> <InPorts = 3> <OutPorts = 1> <Sync> <CReg>
ST_2 : Operation 139 [1/1] (0.00ns)   --->   "%sext_ln58_27 = sext i26 %add_ln58_29" [firmware/nnet_utils/nnet_dense_latency.h:58->firmware/nnet_utils/nnet_dense_stream.h:17]   --->   Operation 139 'sext' 'sext_ln58_27' <Predicate = true> <Delay = 0.00>
ST_2 : Operation 140 [1/1] (1.46ns)   --->   "%add_ln58_30 = add i27 %sext_ln58_27, i27 %sext_ln73_16" [firmware/nnet_utils/nnet_dense_latency.h:58->firmware/nnet_utils/nnet_dense_stream.h:17]   --->   Operation 140 'add' 'add_ln58_30' <Predicate = true> <Delay = 1.46> <CoreInst = "Adder">   --->   Core 1 'Adder' <Latency = 0> <II = 1> <Delay = 1.46> <FuncUnit> <Opcode : 'add' 'sub'> <InPorts = 2> <OutPorts = 1>
ST_2 : Operation 141 [1/1] (1.45ns)   --->   "%add_ln58_34 = add i25 %mul_ln73_37, i25 %sext_ln73_20" [firmware/nnet_utils/nnet_dense_latency.h:58->firmware/nnet_utils/nnet_dense_stream.h:17]   --->   Operation 141 'add' 'add_ln58_34' <Predicate = true> <Delay = 1.45> <CoreInst = "Adder">   --->   Core 1 'Adder' <Latency = 0> <II = 1> <Delay = 1.45> <FuncUnit> <Opcode : 'add' 'sub'> <InPorts = 2> <OutPorts = 1>
ST_2 : Operation 142 [1/1] (1.45ns)   --->   "%add_ln58_38 = add i25 %mul_ln73_38, i25 %sext_ln73_24" [firmware/nnet_utils/nnet_dense_latency.h:58->firmware/nnet_utils/nnet_dense_stream.h:17]   --->   Operation 142 'add' 'add_ln58_38' <Predicate = true> <Delay = 1.45> <CoreInst = "Adder">   --->   Core 1 'Adder' <Latency = 0> <II = 1> <Delay = 1.45> <FuncUnit> <Opcode : 'add' 'sub'> <InPorts = 2> <OutPorts = 1>
ST_2 : Operation 143 [1/1] (1.45ns)   --->   "%add_ln58_43 = add i25 %mul_ln73_31, i25 %mul_ln73_35" [firmware/nnet_utils/nnet_dense_latency.h:58->firmware/nnet_utils/nnet_dense_stream.h:17]   --->   Operation 143 'add' 'add_ln58_43' <Predicate = true> <Delay = 1.45> <CoreInst = "Adder">   --->   Core 1 'Adder' <Latency = 0> <II = 1> <Delay = 1.45> <FuncUnit> <Opcode : 'add' 'sub'> <InPorts = 2> <OutPorts = 1>

State 3 <SV = 2> <Delay = 3.58>
ST_3 : Operation 144 [1/1] (0.00ns)   --->   "%specpipeline_ln33 = specpipeline void @_ssdm_op_SpecPipeline, i32 1, i32 0, i32 0, i32 0, void @empty_1" [firmware/nnet_utils/nnet_dense_latency.h:33->firmware/nnet_utils/nnet_dense_stream.h:17]   --->   Operation 144 'specpipeline' 'specpipeline_ln33' <Predicate = true> <Delay = 0.00>
ST_3 : Operation 145 [1/1] (0.00ns)   --->   "%specresourcelimit_ln33 = specresourcelimit void @_ssdm_op_SpecResourceLimit, i64 50, void @empty_3, void @empty_1, void @empty_1, void @empty_1" [firmware/nnet_utils/nnet_dense_latency.h:33->firmware/nnet_utils/nnet_dense_stream.h:17]   --->   Operation 145 'specresourcelimit' 'specresourcelimit_ln33' <Predicate = true> <Delay = 0.00>
ST_3 : Operation 146 [1/1] (0.00ns)   --->   "%sext_ln73_6 = sext i25 %mul_ln73_4" [firmware/nnet_utils/nnet_mult.h:73->firmware/nnet_utils/nnet_dense_latency.h:42->firmware/nnet_utils/nnet_dense_stream.h:17]   --->   Operation 146 'sext' 'sext_ln73_6' <Predicate = true> <Delay = 0.00>
ST_3 : Operation 147 [1/1] (0.00ns)   --->   "%sext_ln73_7 = sext i26 %mul_ln73_12" [firmware/nnet_utils/nnet_mult.h:73->firmware/nnet_utils/nnet_dense_latency.h:42->firmware/nnet_utils/nnet_dense_stream.h:17]   --->   Operation 147 'sext' 'sext_ln73_7' <Predicate = true> <Delay = 0.00>
ST_3 : Operation 148 [1/1] (0.00ns)   --->   "%sext_ln73_8 = sext i26 %mul_ln73_13" [firmware/nnet_utils/nnet_mult.h:73->firmware/nnet_utils/nnet_dense_latency.h:42->firmware/nnet_utils/nnet_dense_stream.h:17]   --->   Operation 148 'sext' 'sext_ln73_8' <Predicate = true> <Delay = 0.00>
ST_3 : Operation 149 [1/1] (0.00ns)   --->   "%sext_ln73_14 = sext i26 %mul_ln73_19" [firmware/nnet_utils/nnet_mult.h:73->firmware/nnet_utils/nnet_dense_latency.h:42->firmware/nnet_utils/nnet_dense_stream.h:17]   --->   Operation 149 'sext' 'sext_ln73_14' <Predicate = true> <Delay = 0.00>
ST_3 : Operation 150 [1/1] (0.00ns)   --->   "%sext_ln73_15 = sext i25 %mul_ln73_21" [firmware/nnet_utils/nnet_mult.h:73->firmware/nnet_utils/nnet_dense_latency.h:42->firmware/nnet_utils/nnet_dense_stream.h:17]   --->   Operation 150 'sext' 'sext_ln73_15' <Predicate = true> <Delay = 0.00>
ST_3 : Operation 151 [1/1] (0.00ns)   --->   "%sext_ln73_17 = sext i26 %mul_ln73_25" [firmware/nnet_utils/nnet_mult.h:73->firmware/nnet_utils/nnet_dense_latency.h:42->firmware/nnet_utils/nnet_dense_stream.h:17]   --->   Operation 151 'sext' 'sext_ln73_17' <Predicate = true> <Delay = 0.00>
ST_3 : Operation 152 [1/1] (0.00ns)   --->   "%sext_ln73_18 = sext i26 %mul_ln73_26" [firmware/nnet_utils/nnet_mult.h:73->firmware/nnet_utils/nnet_dense_latency.h:42->firmware/nnet_utils/nnet_dense_stream.h:17]   --->   Operation 152 'sext' 'sext_ln73_18' <Predicate = true> <Delay = 0.00>
ST_3 : Operation 153 [1/1] (0.00ns)   --->   "%sext_ln73_19 = sext i27 %mul_ln73_27" [firmware/nnet_utils/nnet_mult.h:73->firmware/nnet_utils/nnet_dense_latency.h:42->firmware/nnet_utils/nnet_dense_stream.h:17]   --->   Operation 153 'sext' 'sext_ln73_19' <Predicate = true> <Delay = 0.00>
ST_3 : Operation 154 [1/1] (0.00ns)   --->   "%mul_ln73_35_cast = sext i26 %mul_ln73_33" [firmware/nnet_utils/nnet_mult.h:73->firmware/nnet_utils/nnet_dense_latency.h:42->firmware/nnet_utils/nnet_dense_stream.h:17]   --->   Operation 154 'sext' 'mul_ln73_35_cast' <Predicate = true> <Delay = 0.00>
ST_3 : Operation 155 [1/1] (0.00ns)   --->   "%sext_ln73_27 = sext i27 %mul_ln73_40" [firmware/nnet_utils/nnet_mult.h:73->firmware/nnet_utils/nnet_dense_latency.h:42->firmware/nnet_utils/nnet_dense_stream.h:17]   --->   Operation 155 'sext' 'sext_ln73_27' <Predicate = true> <Delay = 0.00>
ST_3 : Operation 156 [1/1] (0.00ns)   --->   "%shl_ln73_10 = bitconcatenate i24 @_ssdm_op_BitConcatenate.i24.i16.i8, i16 %data_9_val10_read, i8 0" [firmware/nnet_utils/nnet_mult.h:73->firmware/nnet_utils/nnet_dense_latency.h:42->firmware/nnet_utils/nnet_dense_stream.h:17]   --->   Operation 156 'bitconcatenate' 'shl_ln73_10' <Predicate = true> <Delay = 0.00>
ST_3 : Operation 157 [1/1] (0.00ns)   --->   "%sext_ln73_28 = sext i24 %shl_ln73_10" [firmware/nnet_utils/nnet_mult.h:73->firmware/nnet_utils/nnet_dense_latency.h:42->firmware/nnet_utils/nnet_dense_stream.h:17]   --->   Operation 157 'sext' 'sext_ln73_28' <Predicate = true> <Delay = 0.00>
ST_3 : Operation 158 [1/1] (0.00ns) (grouped into TernaryAdder)   --->   "%sub_ln73_6 = sub i25 0, i25 %sext_ln73_28" [firmware/nnet_utils/nnet_mult.h:73->firmware/nnet_utils/nnet_dense_latency.h:42->firmware/nnet_utils/nnet_dense_stream.h:17]   --->   Operation 158 'sub' 'sub_ln73_6' <Predicate = true> <Delay = 0.00> <CoreInst = "TAddSub">   --->   Core 10 'TAddSub' <Latency = 0> <II = 1> <Delay = 0.51> <IPBlock> <Opcode : '' 'add' 'sub'> <InPorts = 3> <OutPorts = 1> <Sync> <CReg>
ST_3 : Operation 159 [1/1] (0.00ns)   --->   "%shl_ln73_11 = bitconcatenate i21 @_ssdm_op_BitConcatenate.i21.i16.i5, i16 %data_9_val10_read, i5 0" [firmware/nnet_utils/nnet_mult.h:73->firmware/nnet_utils/nnet_dense_latency.h:42->firmware/nnet_utils/nnet_dense_stream.h:17]   --->   Operation 159 'bitconcatenate' 'shl_ln73_11' <Predicate = true> <Delay = 0.00>
ST_3 : Operation 160 [1/1] (0.00ns)   --->   "%sext_ln73_29 = sext i21 %shl_ln73_11" [firmware/nnet_utils/nnet_mult.h:73->firmware/nnet_utils/nnet_dense_latency.h:42->firmware/nnet_utils/nnet_dense_stream.h:17]   --->   Operation 160 'sext' 'sext_ln73_29' <Predicate = true> <Delay = 0.00>
ST_3 : Operation 161 [1/1] (1.04ns) (root node of TernaryAdder)   --->   "%sub_ln73_7 = sub i25 %sub_ln73_6, i25 %sext_ln73_29" [firmware/nnet_utils/nnet_mult.h:73->firmware/nnet_utils/nnet_dense_latency.h:42->firmware/nnet_utils/nnet_dense_stream.h:17]   --->   Operation 161 'sub' 'sub_ln73_7' <Predicate = true> <Delay = 1.04> <CoreInst = "TAddSub">   --->   Core 10 'TAddSub' <Latency = 0> <II = 1> <Delay = 0.51> <IPBlock> <Opcode : '' 'add' 'sub'> <InPorts = 3> <OutPorts = 1> <Sync> <CReg>
ST_3 : Operation 162 [1/1] (0.00ns)   --->   "%sext_ln58 = sext i25 %sub_ln73_7" [firmware/nnet_utils/nnet_dense_latency.h:58->firmware/nnet_utils/nnet_dense_stream.h:17]   --->   Operation 162 'sext' 'sext_ln58' <Predicate = true> <Delay = 0.00>
ST_3 : Operation 163 [1/1] (0.00ns)   --->   "%sext_ln58_2 = sext i25 %add_ln58_1" [firmware/nnet_utils/nnet_dense_latency.h:58->firmware/nnet_utils/nnet_dense_stream.h:17]   --->   Operation 163 'sext' 'sext_ln58_2' <Predicate = true> <Delay = 0.00>
ST_3 : Operation 164 [1/1] (0.00ns)   --->   "%sext_ln58_3 = sext i25 %add_ln58_2" [firmware/nnet_utils/nnet_dense_latency.h:58->firmware/nnet_utils/nnet_dense_stream.h:17]   --->   Operation 164 'sext' 'sext_ln58_3' <Predicate = true> <Delay = 0.00>
ST_3 : Operation 165 [1/1] (0.00ns)   --->   "%sext_ln58_6 = sext i25 %add_ln58_5" [firmware/nnet_utils/nnet_dense_latency.h:58->firmware/nnet_utils/nnet_dense_stream.h:17]   --->   Operation 165 'sext' 'sext_ln58_6' <Predicate = true> <Delay = 0.00>
ST_3 : Operation 166 [1/1] (1.46ns)   --->   "%add_ln58_7 = add i26 %mul_ln73_8, i26 %sext_ln58_6" [firmware/nnet_utils/nnet_dense_latency.h:58->firmware/nnet_utils/nnet_dense_stream.h:17]   --->   Operation 166 'add' 'add_ln58_7' <Predicate = true> <Delay = 1.46> <CoreInst = "Adder">   --->   Core 1 'Adder' <Latency = 0> <II = 1> <Delay = 1.46> <FuncUnit> <Opcode : 'add' 'sub'> <InPorts = 2> <OutPorts = 1>
ST_3 : Operation 167 [1/1] (0.00ns)   --->   "%sext_ln58_7 = sext i26 %add_ln58_7" [firmware/nnet_utils/nnet_dense_latency.h:58->firmware/nnet_utils/nnet_dense_stream.h:17]   --->   Operation 167 'sext' 'sext_ln58_7' <Predicate = true> <Delay = 0.00>
ST_3 : Operation 168 [1/1] (0.00ns) (grouped into TernaryAdder)   --->   "%add_ln58_8 = add i26 %sext_ln58_2, i26 %sext_ln73_6" [firmware/nnet_utils/nnet_dense_latency.h:58->firmware/nnet_utils/nnet_dense_stream.h:17]   --->   Operation 168 'add' 'add_ln58_8' <Predicate = true> <Delay = 0.00> <CoreInst = "TAddSub">   --->   Core 10 'TAddSub' <Latency = 0> <II = 1> <Delay = 0.51> <IPBlock> <Opcode : '' 'add' 'sub'> <InPorts = 3> <OutPorts = 1> <Sync> <CReg>
ST_3 : Operation 169 [1/1] (1.04ns) (root node of TernaryAdder)   --->   "%add_ln58_9 = add i26 %add_ln58_8, i26 %mul_ln73_9" [firmware/nnet_utils/nnet_dense_latency.h:58->firmware/nnet_utils/nnet_dense_stream.h:17]   --->   Operation 169 'add' 'add_ln58_9' <Predicate = true> <Delay = 1.04> <CoreInst = "TAddSub">   --->   Core 10 'TAddSub' <Latency = 0> <II = 1> <Delay = 0.51> <IPBlock> <Opcode : '' 'add' 'sub'> <InPorts = 3> <OutPorts = 1> <Sync> <CReg>
ST_3 : Operation 170 [1/1] (0.00ns)   --->   "%sext_ln58_8 = sext i26 %add_ln58_9" [firmware/nnet_utils/nnet_dense_latency.h:58->firmware/nnet_utils/nnet_dense_stream.h:17]   --->   Operation 170 'sext' 'sext_ln58_8' <Predicate = true> <Delay = 0.00>
ST_3 : Operation 171 [1/1] (0.00ns)   --->   "%sext_ln58_10 = sext i26 %add_ln58_11" [firmware/nnet_utils/nnet_dense_latency.h:58->firmware/nnet_utils/nnet_dense_stream.h:17]   --->   Operation 171 'sext' 'sext_ln58_10' <Predicate = true> <Delay = 0.00>
ST_3 : Operation 172 [1/1] (0.00ns) (grouped into TernaryAdder)   --->   "%add_ln58_12 = add i27 %sext_ln58_7, i27 %sext_ln73_7" [firmware/nnet_utils/nnet_dense_latency.h:58->firmware/nnet_utils/nnet_dense_stream.h:17]   --->   Operation 172 'add' 'add_ln58_12' <Predicate = true> <Delay = 0.00> <CoreInst = "TAddSub">   --->   Core 10 'TAddSub' <Latency = 0> <II = 1> <Delay = 0.51> <IPBlock> <Opcode : '' 'add' 'sub'> <InPorts = 3> <OutPorts = 1> <Sync> <CReg>
ST_3 : Operation 173 [1/1] (1.05ns) (root node of TernaryAdder)   --->   "%add_ln58_13 = add i27 %add_ln58_12, i27 %mul_ln73_16" [firmware/nnet_utils/nnet_dense_latency.h:58->firmware/nnet_utils/nnet_dense_stream.h:17]   --->   Operation 173 'add' 'add_ln58_13' <Predicate = true> <Delay = 1.05> <CoreInst = "TAddSub">   --->   Core 10 'TAddSub' <Latency = 0> <II = 1> <Delay = 0.51> <IPBlock> <Opcode : '' 'add' 'sub'> <InPorts = 3> <OutPorts = 1> <Sync> <CReg>
ST_3 : Operation 174 [1/1] (0.00ns)   --->   "%sext_ln58_11 = sext i27 %add_ln58_13" [firmware/nnet_utils/nnet_dense_latency.h:58->firmware/nnet_utils/nnet_dense_stream.h:17]   --->   Operation 174 'sext' 'sext_ln58_11' <Predicate = true> <Delay = 0.00>
ST_3 : Operation 175 [1/1] (0.00ns) (grouped into TernaryAdder)   --->   "%add_ln58_14 = add i27 %mul_ln73_14, i27 %mul_ln73_5" [firmware/nnet_utils/nnet_dense_latency.h:58->firmware/nnet_utils/nnet_dense_stream.h:17]   --->   Operation 175 'add' 'add_ln58_14' <Predicate = true> <Delay = 0.00> <CoreInst = "TAddSub">   --->   Core 10 'TAddSub' <Latency = 0> <II = 1> <Delay = 0.51> <IPBlock> <Opcode : '' 'add' 'sub'> <InPorts = 3> <OutPorts = 1> <Sync> <CReg>
ST_3 : Operation 176 [1/1] (0.00ns)   --->   "%sext_ln58_21 = sext i24 %add_ln58_15" [firmware/nnet_utils/nnet_dense_latency.h:58->firmware/nnet_utils/nnet_dense_stream.h:17]   --->   Operation 176 'sext' 'sext_ln58_21' <Predicate = true> <Delay = 0.00>
ST_3 : Operation 177 [1/1] (1.45ns)   --->   "%add_ln58_16 = add i26 %sext_ln58_21, i26 %sext_ln58_3" [firmware/nnet_utils/nnet_dense_latency.h:58->firmware/nnet_utils/nnet_dense_stream.h:17]   --->   Operation 177 'add' 'add_ln58_16' <Predicate = true> <Delay = 1.45> <CoreInst = "Adder">   --->   Core 1 'Adder' <Latency = 0> <II = 1> <Delay = 1.46> <FuncUnit> <Opcode : 'add' 'sub'> <InPorts = 2> <OutPorts = 1>
ST_3 : Operation 178 [1/1] (0.00ns)   --->   "%sext_ln58_22 = sext i26 %add_ln58_16" [firmware/nnet_utils/nnet_dense_latency.h:58->firmware/nnet_utils/nnet_dense_stream.h:17]   --->   Operation 178 'sext' 'sext_ln58_22' <Predicate = true> <Delay = 0.00>
ST_3 : Operation 179 [1/1] (1.05ns) (root node of TernaryAdder)   --->   "%add_ln58_17 = add i27 %sext_ln58_22, i27 %add_ln58_14" [firmware/nnet_utils/nnet_dense_latency.h:58->firmware/nnet_utils/nnet_dense_stream.h:17]   --->   Operation 179 'add' 'add_ln58_17' <Predicate = true> <Delay = 1.05> <CoreInst = "TAddSub">   --->   Core 10 'TAddSub' <Latency = 0> <II = 1> <Delay = 0.51> <IPBlock> <Opcode : '' 'add' 'sub'> <InPorts = 3> <OutPorts = 1> <Sync> <CReg>
ST_3 : Operation 180 [1/1] (0.00ns)   --->   "%sext_ln58_12 = sext i27 %add_ln58_17" [firmware/nnet_utils/nnet_dense_latency.h:58->firmware/nnet_utils/nnet_dense_stream.h:17]   --->   Operation 180 'sext' 'sext_ln58_12' <Predicate = true> <Delay = 0.00>
ST_3 : Operation 181 [1/1] (0.00ns) (grouped into TernaryAdder)   --->   "%add_ln58_18 = add i27 %mul_ln73_15, i27 %mul_ln73_11" [firmware/nnet_utils/nnet_dense_latency.h:58->firmware/nnet_utils/nnet_dense_stream.h:17]   --->   Operation 181 'add' 'add_ln58_18' <Predicate = true> <Delay = 0.00> <CoreInst = "TAddSub">   --->   Core 10 'TAddSub' <Latency = 0> <II = 1> <Delay = 0.51> <IPBlock> <Opcode : '' 'add' 'sub'> <InPorts = 3> <OutPorts = 1> <Sync> <CReg>
ST_3 : Operation 182 [1/1] (0.00ns)   --->   "%sext_ln58_23 = sext i26 %add_ln58_19" [firmware/nnet_utils/nnet_dense_latency.h:58->firmware/nnet_utils/nnet_dense_stream.h:17]   --->   Operation 182 'sext' 'sext_ln58_23' <Predicate = true> <Delay = 0.00>
ST_3 : Operation 183 [1/1] (1.05ns) (root node of TernaryAdder)   --->   "%add_ln58_20 = add i27 %sext_ln58_23, i27 %add_ln58_18" [firmware/nnet_utils/nnet_dense_latency.h:58->firmware/nnet_utils/nnet_dense_stream.h:17]   --->   Operation 183 'add' 'add_ln58_20' <Predicate = true> <Delay = 1.05> <CoreInst = "TAddSub">   --->   Core 10 'TAddSub' <Latency = 0> <II = 1> <Delay = 0.51> <IPBlock> <Opcode : '' 'add' 'sub'> <InPorts = 3> <OutPorts = 1> <Sync> <CReg>
ST_3 : Operation 184 [1/1] (0.00ns)   --->   "%sext_ln58_13 = sext i27 %add_ln58_20" [firmware/nnet_utils/nnet_dense_latency.h:58->firmware/nnet_utils/nnet_dense_stream.h:17]   --->   Operation 184 'sext' 'sext_ln58_13' <Predicate = true> <Delay = 0.00>
ST_3 : Operation 185 [1/1] (0.00ns) (grouped into TernaryAdder)   --->   "%add_ln58_21 = add i27 %sext_ln58_8, i27 %sext_ln73_8" [firmware/nnet_utils/nnet_dense_latency.h:58->firmware/nnet_utils/nnet_dense_stream.h:17]   --->   Operation 185 'add' 'add_ln58_21' <Predicate = true> <Delay = 0.00> <CoreInst = "TAddSub">   --->   Core 10 'TAddSub' <Latency = 0> <II = 1> <Delay = 0.51> <IPBlock> <Opcode : '' 'add' 'sub'> <InPorts = 3> <OutPorts = 1> <Sync> <CReg>
ST_3 : Operation 186 [1/1] (1.46ns)   --->   "%add_ln58_22 = add i26 %mul_ln73_17, i26 %mul_ln73_20" [firmware/nnet_utils/nnet_dense_latency.h:58->firmware/nnet_utils/nnet_dense_stream.h:17]   --->   Operation 186 'add' 'add_ln58_22' <Predicate = true> <Delay = 1.46> <CoreInst = "Adder">   --->   Core 1 'Adder' <Latency = 0> <II = 1> <Delay = 1.46> <FuncUnit> <Opcode : 'add' 'sub'> <InPorts = 2> <OutPorts = 1>
ST_3 : Operation 187 [1/1] (0.00ns)   --->   "%sext_ln58_24 = sext i26 %add_ln58_22" [firmware/nnet_utils/nnet_dense_latency.h:58->firmware/nnet_utils/nnet_dense_stream.h:17]   --->   Operation 187 'sext' 'sext_ln58_24' <Predicate = true> <Delay = 0.00>
ST_3 : Operation 188 [1/1] (1.05ns) (root node of TernaryAdder)   --->   "%add_ln58_23 = add i27 %sext_ln58_24, i27 %add_ln58_21" [firmware/nnet_utils/nnet_dense_latency.h:58->firmware/nnet_utils/nnet_dense_stream.h:17]   --->   Operation 188 'add' 'add_ln58_23' <Predicate = true> <Delay = 1.05> <CoreInst = "TAddSub">   --->   Core 10 'TAddSub' <Latency = 0> <II = 1> <Delay = 0.51> <IPBlock> <Opcode : '' 'add' 'sub'> <InPorts = 3> <OutPorts = 1> <Sync> <CReg>
ST_3 : Operation 189 [1/1] (0.00ns)   --->   "%sext_ln58_14 = sext i27 %add_ln58_23" [firmware/nnet_utils/nnet_dense_latency.h:58->firmware/nnet_utils/nnet_dense_stream.h:17]   --->   Operation 189 'sext' 'sext_ln58_14' <Predicate = true> <Delay = 0.00>
ST_3 : Operation 190 [1/1] (0.00ns) (grouped into TernaryAdder)   --->   "%add_ln58_24 = add i27 %mul_ln73_23, i27 %sext_ln58_10" [firmware/nnet_utils/nnet_dense_latency.h:58->firmware/nnet_utils/nnet_dense_stream.h:17]   --->   Operation 190 'add' 'add_ln58_24' <Predicate = true> <Delay = 0.00> <CoreInst = "TAddSub">   --->   Core 10 'TAddSub' <Latency = 0> <II = 1> <Delay = 0.51> <IPBlock> <Opcode : '' 'add' 'sub'> <InPorts = 3> <OutPorts = 1> <Sync> <CReg>
ST_3 : Operation 191 [1/1] (0.00ns)   --->   "%sext_ln58_26 = sext i26 %add_ln58_26" [firmware/nnet_utils/nnet_dense_latency.h:58->firmware/nnet_utils/nnet_dense_stream.h:17]   --->   Operation 191 'sext' 'sext_ln58_26' <Predicate = true> <Delay = 0.00>
ST_3 : Operation 192 [1/1] (1.05ns) (root node of TernaryAdder)   --->   "%add_ln58_27 = add i27 %sext_ln58_26, i27 %add_ln58_24" [firmware/nnet_utils/nnet_dense_latency.h:58->firmware/nnet_utils/nnet_dense_stream.h:17]   --->   Operation 192 'add' 'add_ln58_27' <Predicate = true> <Delay = 1.05> <CoreInst = "TAddSub">   --->   Core 10 'TAddSub' <Latency = 0> <II = 1> <Delay = 0.51> <IPBlock> <Opcode : '' 'add' 'sub'> <InPorts = 3> <OutPorts = 1> <Sync> <CReg>
ST_3 : Operation 193 [1/1] (0.00ns)   --->   "%sext_ln58_15 = sext i27 %add_ln58_27" [firmware/nnet_utils/nnet_dense_latency.h:58->firmware/nnet_utils/nnet_dense_stream.h:17]   --->   Operation 193 'sext' 'sext_ln58_15' <Predicate = true> <Delay = 0.00>
ST_3 : Operation 194 [1/1] (0.00ns) (grouped into TernaryAdder)   --->   "%add_ln58_28 = add i28 %sext_ln58_13, i28 %sext_ln73_19" [firmware/nnet_utils/nnet_dense_latency.h:58->firmware/nnet_utils/nnet_dense_stream.h:17]   --->   Operation 194 'add' 'add_ln58_28' <Predicate = true> <Delay = 0.00> <CoreInst = "TAddSub">   --->   Core 10 'TAddSub' <Latency = 0> <II = 1> <Delay = 0.51> <IPBlock> <Opcode : '' 'add' 'sub'> <InPorts = 3> <OutPorts = 1> <Sync> <CReg>
ST_3 : Operation 195 [1/1] (0.00ns)   --->   "%sext_ln58_28 = sext i27 %add_ln58_30" [firmware/nnet_utils/nnet_dense_latency.h:58->firmware/nnet_utils/nnet_dense_stream.h:17]   --->   Operation 195 'sext' 'sext_ln58_28' <Predicate = true> <Delay = 0.00>
ST_3 : Operation 196 [1/1] (1.05ns) (root node of TernaryAdder)   --->   "%add_ln58_31 = add i28 %sext_ln58_28, i28 %add_ln58_28" [firmware/nnet_utils/nnet_dense_latency.h:58->firmware/nnet_utils/nnet_dense_stream.h:17]   --->   Operation 196 'add' 'add_ln58_31' <Predicate = true> <Delay = 1.05> <CoreInst = "TAddSub">   --->   Core 10 'TAddSub' <Latency = 0> <II = 1> <Delay = 0.51> <IPBlock> <Opcode : '' 'add' 'sub'> <InPorts = 3> <OutPorts = 1> <Sync> <CReg>
ST_3 : Operation 197 [1/1] (0.00ns)   --->   "%sext_ln58_16 = sext i28 %add_ln58_31" [firmware/nnet_utils/nnet_dense_latency.h:58->firmware/nnet_utils/nnet_dense_stream.h:17]   --->   Operation 197 'sext' 'sext_ln58_16' <Predicate = true> <Delay = 0.00>
ST_3 : Operation 198 [1/1] (1.46ns)   --->   "%add_ln58_32 = add i27 %mul_ln73_34, i27 %sext_ln73_14" [firmware/nnet_utils/nnet_dense_latency.h:58->firmware/nnet_utils/nnet_dense_stream.h:17]   --->   Operation 198 'add' 'add_ln58_32' <Predicate = true> <Delay = 1.46> <CoreInst = "Adder">   --->   Core 1 'Adder' <Latency = 0> <II = 1> <Delay = 1.46> <FuncUnit> <Opcode : 'add' 'sub'> <InPorts = 2> <OutPorts = 1>
ST_3 : Operation 199 [1/1] (0.00ns)   --->   "%sext_ln58_29 = sext i27 %add_ln58_32" [firmware/nnet_utils/nnet_dense_latency.h:58->firmware/nnet_utils/nnet_dense_stream.h:17]   --->   Operation 199 'sext' 'sext_ln58_29' <Predicate = true> <Delay = 0.00>
ST_3 : Operation 200 [1/1] (0.00ns) (grouped into TernaryAdder)   --->   "%add_ln58_33 = add i28 %sext_ln58_29, i28 %sext_ln58_11" [firmware/nnet_utils/nnet_dense_latency.h:58->firmware/nnet_utils/nnet_dense_stream.h:17]   --->   Operation 200 'add' 'add_ln58_33' <Predicate = true> <Delay = 0.00> <CoreInst = "TAddSub">   --->   Core 10 'TAddSub' <Latency = 0> <II = 1> <Delay = 0.51> <IPBlock> <Opcode : '' 'add' 'sub'> <InPorts = 3> <OutPorts = 1> <Sync> <CReg>
ST_3 : Operation 201 [1/1] (0.00ns)   --->   "%sext_ln58_30 = sext i25 %add_ln58_34" [firmware/nnet_utils/nnet_dense_latency.h:58->firmware/nnet_utils/nnet_dense_stream.h:17]   --->   Operation 201 'sext' 'sext_ln58_30' <Predicate = true> <Delay = 0.00>
ST_3 : Operation 202 [1/1] (1.46ns)   --->   "%add_ln58_35 = add i26 %sext_ln58_30, i26 %mul_ln73_24" [firmware/nnet_utils/nnet_dense_latency.h:58->firmware/nnet_utils/nnet_dense_stream.h:17]   --->   Operation 202 'add' 'add_ln58_35' <Predicate = true> <Delay = 1.46> <CoreInst = "Adder">   --->   Core 1 'Adder' <Latency = 0> <II = 1> <Delay = 1.46> <FuncUnit> <Opcode : 'add' 'sub'> <InPorts = 2> <OutPorts = 1>
ST_3 : Operation 203 [1/1] (0.00ns)   --->   "%sext_ln58_31 = sext i26 %add_ln58_35" [firmware/nnet_utils/nnet_dense_latency.h:58->firmware/nnet_utils/nnet_dense_stream.h:17]   --->   Operation 203 'sext' 'sext_ln58_31' <Predicate = true> <Delay = 0.00>
ST_3 : Operation 204 [1/1] (1.05ns) (root node of TernaryAdder)   --->   "%add_ln58_36 = add i28 %sext_ln58_31, i28 %add_ln58_33" [firmware/nnet_utils/nnet_dense_latency.h:58->firmware/nnet_utils/nnet_dense_stream.h:17]   --->   Operation 204 'add' 'add_ln58_36' <Predicate = true> <Delay = 1.05> <CoreInst = "TAddSub">   --->   Core 10 'TAddSub' <Latency = 0> <II = 1> <Delay = 0.51> <IPBlock> <Opcode : '' 'add' 'sub'> <InPorts = 3> <OutPorts = 1> <Sync> <CReg>
ST_3 : Operation 205 [1/1] (0.00ns)   --->   "%sext_ln58_17 = sext i28 %add_ln58_36" [firmware/nnet_utils/nnet_dense_latency.h:58->firmware/nnet_utils/nnet_dense_stream.h:17]   --->   Operation 205 'sext' 'sext_ln58_17' <Predicate = true> <Delay = 0.00>
ST_3 : Operation 206 [1/1] (0.00ns) (grouped into TernaryAdder)   --->   "%add_ln58_37 = add i28 %sext_ln58_14, i28 %sext_ln73_17" [firmware/nnet_utils/nnet_dense_latency.h:58->firmware/nnet_utils/nnet_dense_stream.h:17]   --->   Operation 206 'add' 'add_ln58_37' <Predicate = true> <Delay = 0.00> <CoreInst = "TAddSub">   --->   Core 10 'TAddSub' <Latency = 0> <II = 1> <Delay = 0.51> <IPBlock> <Opcode : '' 'add' 'sub'> <InPorts = 3> <OutPorts = 1> <Sync> <CReg>
ST_3 : Operation 207 [1/1] (0.00ns)   --->   "%sext_ln58_32 = sext i25 %add_ln58_38" [firmware/nnet_utils/nnet_dense_latency.h:58->firmware/nnet_utils/nnet_dense_stream.h:17]   --->   Operation 207 'sext' 'sext_ln58_32' <Predicate = true> <Delay = 0.00>
ST_3 : Operation 208 [1/1] (1.46ns)   --->   "%add_ln58_39 = add i26 %sext_ln58_32, i26 %mul_ln73_30" [firmware/nnet_utils/nnet_dense_latency.h:58->firmware/nnet_utils/nnet_dense_stream.h:17]   --->   Operation 208 'add' 'add_ln58_39' <Predicate = true> <Delay = 1.46> <CoreInst = "Adder">   --->   Core 1 'Adder' <Latency = 0> <II = 1> <Delay = 1.46> <FuncUnit> <Opcode : 'add' 'sub'> <InPorts = 2> <OutPorts = 1>
ST_3 : Operation 209 [1/1] (0.00ns)   --->   "%sext_ln58_33 = sext i26 %add_ln58_39" [firmware/nnet_utils/nnet_dense_latency.h:58->firmware/nnet_utils/nnet_dense_stream.h:17]   --->   Operation 209 'sext' 'sext_ln58_33' <Predicate = true> <Delay = 0.00>
ST_3 : Operation 210 [1/1] (1.05ns) (root node of TernaryAdder)   --->   "%add_ln58_40 = add i28 %sext_ln58_33, i28 %add_ln58_37" [firmware/nnet_utils/nnet_dense_latency.h:58->firmware/nnet_utils/nnet_dense_stream.h:17]   --->   Operation 210 'add' 'add_ln58_40' <Predicate = true> <Delay = 1.05> <CoreInst = "TAddSub">   --->   Core 10 'TAddSub' <Latency = 0> <II = 1> <Delay = 0.51> <IPBlock> <Opcode : '' 'add' 'sub'> <InPorts = 3> <OutPorts = 1> <Sync> <CReg>
ST_3 : Operation 211 [1/1] (0.00ns)   --->   "%sext_ln58_18 = sext i28 %add_ln58_40" [firmware/nnet_utils/nnet_dense_latency.h:58->firmware/nnet_utils/nnet_dense_stream.h:17]   --->   Operation 211 'sext' 'sext_ln58_18' <Predicate = true> <Delay = 0.00>
ST_3 : Operation 212 [1/1] (1.46ns)   --->   "%add_ln58_41 = add i27 %mul_ln73_39, i27 %sext_ln73_18" [firmware/nnet_utils/nnet_dense_latency.h:58->firmware/nnet_utils/nnet_dense_stream.h:17]   --->   Operation 212 'add' 'add_ln58_41' <Predicate = true> <Delay = 1.46> <CoreInst = "Adder">   --->   Core 1 'Adder' <Latency = 0> <II = 1> <Delay = 1.46> <FuncUnit> <Opcode : 'add' 'sub'> <InPorts = 2> <OutPorts = 1>
ST_3 : Operation 213 [1/1] (0.00ns)   --->   "%sext_ln58_34 = sext i27 %add_ln58_41" [firmware/nnet_utils/nnet_dense_latency.h:58->firmware/nnet_utils/nnet_dense_stream.h:17]   --->   Operation 213 'sext' 'sext_ln58_34' <Predicate = true> <Delay = 0.00>
ST_3 : Operation 214 [1/1] (0.00ns) (grouped into TernaryAdder)   --->   "%add_ln58_42 = add i28 %sext_ln58_34, i28 %sext_ln58_12" [firmware/nnet_utils/nnet_dense_latency.h:58->firmware/nnet_utils/nnet_dense_stream.h:17]   --->   Operation 214 'add' 'add_ln58_42' <Predicate = true> <Delay = 0.00> <CoreInst = "TAddSub">   --->   Core 10 'TAddSub' <Latency = 0> <II = 1> <Delay = 0.51> <IPBlock> <Opcode : '' 'add' 'sub'> <InPorts = 3> <OutPorts = 1> <Sync> <CReg>
ST_3 : Operation 215 [1/1] (0.00ns)   --->   "%sext_ln58_35 = sext i25 %add_ln58_43" [firmware/nnet_utils/nnet_dense_latency.h:58->firmware/nnet_utils/nnet_dense_stream.h:17]   --->   Operation 215 'sext' 'sext_ln58_35' <Predicate = true> <Delay = 0.00>
ST_3 : Operation 216 [1/1] (1.45ns)   --->   "%add_ln58_44 = add i26 %sext_ln58_35, i26 %sext_ln73_15" [firmware/nnet_utils/nnet_dense_latency.h:58->firmware/nnet_utils/nnet_dense_stream.h:17]   --->   Operation 216 'add' 'add_ln58_44' <Predicate = true> <Delay = 1.45> <CoreInst = "Adder">   --->   Core 1 'Adder' <Latency = 0> <II = 1> <Delay = 1.46> <FuncUnit> <Opcode : 'add' 'sub'> <InPorts = 2> <OutPorts = 1>
ST_3 : Operation 217 [1/1] (0.00ns)   --->   "%sext_ln58_36 = sext i26 %add_ln58_44" [firmware/nnet_utils/nnet_dense_latency.h:58->firmware/nnet_utils/nnet_dense_stream.h:17]   --->   Operation 217 'sext' 'sext_ln58_36' <Predicate = true> <Delay = 0.00>
ST_3 : Operation 218 [1/1] (1.05ns) (root node of TernaryAdder)   --->   "%add_ln58_45 = add i28 %sext_ln58_36, i28 %add_ln58_42" [firmware/nnet_utils/nnet_dense_latency.h:58->firmware/nnet_utils/nnet_dense_stream.h:17]   --->   Operation 218 'add' 'add_ln58_45' <Predicate = true> <Delay = 1.05> <CoreInst = "TAddSub">   --->   Core 10 'TAddSub' <Latency = 0> <II = 1> <Delay = 0.51> <IPBlock> <Opcode : '' 'add' 'sub'> <InPorts = 3> <OutPorts = 1> <Sync> <CReg>
ST_3 : Operation 219 [1/1] (0.00ns)   --->   "%sext_ln58_19 = sext i28 %add_ln58_45" [firmware/nnet_utils/nnet_dense_latency.h:58->firmware/nnet_utils/nnet_dense_stream.h:17]   --->   Operation 219 'sext' 'sext_ln58_19' <Predicate = true> <Delay = 0.00>
ST_3 : Operation 220 [1/1] (1.46ns)   --->   "%add_ln58_46 = add i29 %sext_ln58_16, i29 %sext_ln73_27" [firmware/nnet_utils/nnet_dense_latency.h:58->firmware/nnet_utils/nnet_dense_stream.h:17]   --->   Operation 220 'add' 'add_ln58_46' <Predicate = true> <Delay = 1.46> <CoreInst = "Adder">   --->   Core 1 'Adder' <Latency = 0> <II = 1> <Delay = 1.47> <FuncUnit> <Opcode : 'add' 'sub'> <InPorts = 2> <OutPorts = 1>
ST_3 : Operation 221 [1/1] (0.00ns)   --->   "%sext_ln58_20 = sext i29 %add_ln58_46" [firmware/nnet_utils/nnet_dense_latency.h:58->firmware/nnet_utils/nnet_dense_stream.h:17]   --->   Operation 221 'sext' 'sext_ln58_20' <Predicate = true> <Delay = 0.00>
ST_3 : Operation 222 [1/1] (0.00ns) (grouped into TernaryAdder)   --->   "%add_ln58_47 = add i28 %sext_ln58_15, i28 %mul_ln73_35_cast" [firmware/nnet_utils/nnet_dense_latency.h:58->firmware/nnet_utils/nnet_dense_stream.h:17]   --->   Operation 222 'add' 'add_ln58_47' <Predicate = true> <Delay = 0.00> <CoreInst = "TAddSub">   --->   Core 10 'TAddSub' <Latency = 0> <II = 1> <Delay = 0.51> <IPBlock> <Opcode : '' 'add' 'sub'> <InPorts = 3> <OutPorts = 1> <Sync> <CReg>
ST_3 : Operation 223 [1/1] (1.46ns)   --->   "%add_ln58_48 = add i26 %mul_ln73_36, i26 %sext_ln58" [firmware/nnet_utils/nnet_dense_latency.h:58->firmware/nnet_utils/nnet_dense_stream.h:17]   --->   Operation 223 'add' 'add_ln58_48' <Predicate = true> <Delay = 1.46> <CoreInst = "Adder">   --->   Core 1 'Adder' <Latency = 0> <II = 1> <Delay = 1.46> <FuncUnit> <Opcode : 'add' 'sub'> <InPorts = 2> <OutPorts = 1>
ST_3 : Operation 224 [1/1] (0.00ns)   --->   "%sext_ln58_37 = sext i26 %add_ln58_48" [firmware/nnet_utils/nnet_dense_latency.h:58->firmware/nnet_utils/nnet_dense_stream.h:17]   --->   Operation 224 'sext' 'sext_ln58_37' <Predicate = true> <Delay = 0.00>
ST_3 : Operation 225 [1/1] (1.05ns) (root node of TernaryAdder)   --->   "%add_ln58_49 = add i28 %sext_ln58_37, i28 %add_ln58_47" [firmware/nnet_utils/nnet_dense_latency.h:58->firmware/nnet_utils/nnet_dense_stream.h:17]   --->   Operation 225 'add' 'add_ln58_49' <Predicate = true> <Delay = 1.05> <CoreInst = "TAddSub">   --->   Core 10 'TAddSub' <Latency = 0> <II = 1> <Delay = 0.51> <IPBlock> <Opcode : '' 'add' 'sub'> <InPorts = 3> <OutPorts = 1> <Sync> <CReg>
ST_3 : Operation 226 [1/1] (0.00ns)   --->   "%sext_ln18 = sext i28 %add_ln58_49" [firmware/nnet_utils/nnet_dense_stream.h:18]   --->   Operation 226 'sext' 'sext_ln18' <Predicate = true> <Delay = 0.00>
ST_3 : Operation 227 [1/1] (0.00ns)   --->   "%mrv = insertvalue i185 <undef>, i37 %sext_ln58_17" [firmware/nnet_utils/nnet_dense_stream.h:18]   --->   Operation 227 'insertvalue' 'mrv' <Predicate = true> <Delay = 0.00>
ST_3 : Operation 228 [1/1] (0.00ns)   --->   "%mrv_1 = insertvalue i185 %mrv, i37 %sext_ln58_18" [firmware/nnet_utils/nnet_dense_stream.h:18]   --->   Operation 228 'insertvalue' 'mrv_1' <Predicate = true> <Delay = 0.00>
ST_3 : Operation 229 [1/1] (0.00ns)   --->   "%mrv_2 = insertvalue i185 %mrv_1, i37 %sext_ln58_19" [firmware/nnet_utils/nnet_dense_stream.h:18]   --->   Operation 229 'insertvalue' 'mrv_2' <Predicate = true> <Delay = 0.00>
ST_3 : Operation 230 [1/1] (0.00ns)   --->   "%mrv_3 = insertvalue i185 %mrv_2, i37 %sext_ln58_20" [firmware/nnet_utils/nnet_dense_stream.h:18]   --->   Operation 230 'insertvalue' 'mrv_3' <Predicate = true> <Delay = 0.00>
ST_3 : Operation 231 [1/1] (0.00ns)   --->   "%mrv_4 = insertvalue i185 %mrv_3, i37 %sext_ln18" [firmware/nnet_utils/nnet_dense_stream.h:18]   --->   Operation 231 'insertvalue' 'mrv_4' <Predicate = true> <Delay = 0.00>
ST_3 : Operation 232 [1/1] (0.00ns)   --->   "%ret_ln18 = ret i185 %mrv_4" [firmware/nnet_utils/nnet_dense_stream.h:18]   --->   Operation 232 'ret' 'ret_ln18' <Predicate = true> <Delay = 0.00>


============================================================
+ Verbose Summary: Binding
============================================================
STG Binding: 
---------------- STG Properties BEGIN ----------------
- Is combinational: 0
- Is one-state seq: 0
- Is datapath-only: 1
- Is pipelined: 1
- Is top level: 0
Port [ Return ] is wired: 1; IO mode=ap_ctrl_hs:ce=0
Port [ data_0_val1]:  wired=1; compound=0; hidden=0; nouse=0; global=0; static=0; extern=0; dir=0; type=0; pingpong=0; private_global=0; IO mode=ap_none:ce=0
Port [ data_1_val2]:  wired=1; compound=0; hidden=0; nouse=0; global=0; static=0; extern=0; dir=0; type=0; pingpong=0; private_global=0; IO mode=ap_none:ce=0
Port [ data_2_val3]:  wired=1; compound=0; hidden=0; nouse=0; global=0; static=0; extern=0; dir=0; type=0; pingpong=0; private_global=0; IO mode=ap_none:ce=0
Port [ data_3_val4]:  wired=1; compound=0; hidden=0; nouse=0; global=0; static=0; extern=0; dir=0; type=0; pingpong=0; private_global=0; IO mode=ap_none:ce=0
Port [ data_4_val5]:  wired=1; compound=0; hidden=0; nouse=0; global=0; static=0; extern=0; dir=0; type=0; pingpong=0; private_global=0; IO mode=ap_none:ce=0
Port [ data_5_val6]:  wired=1; compound=0; hidden=0; nouse=0; global=0; static=0; extern=0; dir=0; type=0; pingpong=0; private_global=0; IO mode=ap_none:ce=0
Port [ data_6_val7]:  wired=1; compound=0; hidden=0; nouse=0; global=0; static=0; extern=0; dir=0; type=0; pingpong=0; private_global=0; IO mode=ap_none:ce=0
Port [ data_7_val8]:  wired=1; compound=0; hidden=0; nouse=0; global=0; static=0; extern=0; dir=0; type=0; pingpong=0; private_global=0; IO mode=ap_none:ce=0
Port [ data_8_val9]:  wired=1; compound=0; hidden=0; nouse=0; global=0; static=0; extern=0; dir=0; type=0; pingpong=0; private_global=0; IO mode=ap_none:ce=0
Port [ data_9_val10]:  wired=1; compound=0; hidden=0; nouse=0; global=0; static=0; extern=0; dir=0; type=0; pingpong=0; private_global=0; IO mode=ap_none:ce=0
---------------- STG Properties END ------------------

---------------- Datapath Model BEGIN ----------------

<LifeTime>
<method=bitvector/>
data_9_val10_read      (read             ) [ 0111]
data_8_val9_read       (read             ) [ 0110]
data_7_val8_read       (read             ) [ 0110]
data_6_val7_read       (read             ) [ 0110]
data_5_val6_read       (read             ) [ 0110]
data_4_val5_read       (read             ) [ 0110]
data_3_val4_read       (read             ) [ 0110]
data_2_val3_read       (read             ) [ 0110]
data_1_val2_read       (read             ) [ 0110]
data_0_val1_read       (read             ) [ 0000]
sext_ln73              (sext             ) [ 0000]
mul_ln73               (mul              ) [ 0110]
sext_ln73_1            (sext             ) [ 0000]
mul_ln73_1             (mul              ) [ 0110]
mul_ln73_2             (mul              ) [ 0110]
mul_ln73_3             (mul              ) [ 0110]
shl_ln                 (bitconcatenate   ) [ 0000]
sext_ln73_2            (sext             ) [ 0000]
shl_ln73_1             (bitconcatenate   ) [ 0000]
sext_ln73_3            (sext             ) [ 0000]
sub_ln73               (sub              ) [ 0000]
sext_ln70              (sext             ) [ 0000]
mul_ln73_6             (mul              ) [ 0110]
mul_ln73_7             (mul              ) [ 0110]
sext_ln70_3            (sext             ) [ 0000]
mul_ln73_10            (mul              ) [ 0110]
mul_ln70               (mul              ) [ 0110]
sext_ln70_9            (sext             ) [ 0000]
sext_ln70_10           (sext             ) [ 0000]
mul_ln73_17            (mul              ) [ 0111]
mul_ln73_18            (mul              ) [ 0110]
mul_ln70_1             (mul              ) [ 0110]
sext_ln70_14           (sext             ) [ 0110]
mul_ln73_22            (mul              ) [ 0110]
sext_ln70_15           (sext             ) [ 0000]
mul_ln73_28            (mul              ) [ 0110]
sext_ln70_18           (sext             ) [ 0000]
sext_ln70_20           (sext             ) [ 0000]
mul_ln73_29            (mul              ) [ 0110]
mul_ln73_31            (mul              ) [ 0110]
mul_ln73_32            (mul              ) [ 0110]
sext_ln70_22           (sext             ) [ 0000]
mul_ln73_35            (mul              ) [ 0110]
shl_ln73_s             (bitconcatenate   ) [ 0000]
sext_ln73_25           (sext             ) [ 0000]
sub_ln73_4             (sub              ) [ 0110]
sext_ln73_26           (sext             ) [ 0000]
mul_ln73_37            (mul              ) [ 0110]
mul_ln73_38            (mul              ) [ 0110]
add_ln58_4             (add              ) [ 0110]
sext_ln70_1            (sext             ) [ 0000]
sext_ln70_2            (sext             ) [ 0000]
shl_ln73_2             (bitconcatenate   ) [ 0000]
sext_ln73_4            (sext             ) [ 0000]
shl_ln73_3             (bitconcatenate   ) [ 0000]
sext_ln73_5            (sext             ) [ 0000]
sub_ln73_1             (sub              ) [ 0000]
mul_ln73_4             (mul              ) [ 0101]
mul_ln73_5             (mul              ) [ 0101]
sext_ln70_4            (sext             ) [ 0000]
sext_ln70_5            (sext             ) [ 0000]
mul_ln73_8             (mul              ) [ 0101]
mul_ln73_9             (mul              ) [ 0101]
mul_ln73_11            (mul              ) [ 0101]
sext_ln70_6            (sext             ) [ 0000]
sext_ln70_7            (sext             ) [ 0000]
mul_ln73_12            (mul              ) [ 0101]
mul_ln73_13            (mul              ) [ 0101]
mul_ln73_14            (mul              ) [ 0101]
mul_ln73_15            (mul              ) [ 0101]
shl_ln73_4             (bitconcatenate   ) [ 0000]
sext_ln73_9            (sext             ) [ 0000]
shl_ln73_5             (bitconcatenate   ) [ 0000]
sext_ln73_10           (sext             ) [ 0000]
add_ln73               (add              ) [ 0000]
sext_ln70_8            (sext             ) [ 0000]
sext_ln70_11           (sext             ) [ 0000]
mul_ln73_16            (mul              ) [ 0101]
shl_ln73_6             (bitconcatenate   ) [ 0000]
sext_ln73_11           (sext             ) [ 0000]
shl_ln73_7             (bitconcatenate   ) [ 0000]
sext_ln73_12           (sext             ) [ 0000]
sub_ln73_2             (sub              ) [ 0000]
sext_ln73_13           (sext             ) [ 0000]
sext_ln70_12           (sext             ) [ 0000]
sext_ln70_13           (sext             ) [ 0000]
mul_ln73_19            (mul              ) [ 0101]
mul_ln73_20            (mul              ) [ 0101]
mul_ln73_21            (mul              ) [ 0101]
sext_ln73_16           (sext             ) [ 0000]
mul_ln73_23            (mul              ) [ 0101]
sext_ln70_16           (sext             ) [ 0000]
sext_ln70_17           (sext             ) [ 0000]
mul_ln73_24            (mul              ) [ 0101]
mul_ln73_25            (mul              ) [ 0101]
mul_ln73_26            (mul              ) [ 0101]
mul_ln73_27            (mul              ) [ 0101]
sext_ln70_25           (sext             ) [ 0000]
sext_ln70_19           (sext             ) [ 0000]
sext_ln73_20           (sext             ) [ 0000]
mul_ln73_30            (mul              ) [ 0101]
sext_ln73_21           (sext             ) [ 0000]
mul_ln73_33            (mul              ) [ 0101]
sext_ln70_21           (sext             ) [ 0000]
sext_ln70_23           (sext             ) [ 0000]
mul_ln73_34            (mul              ) [ 0101]
shl_ln73_8             (bitconcatenate   ) [ 0000]
sext_ln73_22           (sext             ) [ 0000]
shl_ln73_9             (bitconcatenate   ) [ 0000]
sext_ln73_23           (sext             ) [ 0000]
sub_ln73_3             (sub              ) [ 0000]
sext_ln73_24           (sext             ) [ 0000]
sub_ln73_5             (sub              ) [ 0000]
mul_ln73_36            (mul              ) [ 0101]
sext_ln70_24           (sext             ) [ 0000]
mul_ln73_39            (mul              ) [ 0101]
mul_ln73_40            (mul              ) [ 0101]
add_ln58               (add              ) [ 0000]
sext_ln58_1            (sext             ) [ 0000]
add_ln58_1             (add              ) [ 0101]
add_ln58_2             (add              ) [ 0101]
add_ln58_3             (add              ) [ 0000]
sext_ln58_4            (sext             ) [ 0000]
sext_ln58_5            (sext             ) [ 0000]
add_ln58_5             (add              ) [ 0101]
add_ln58_6             (add              ) [ 0000]
add_ln58_10            (add              ) [ 0000]
sext_ln58_9            (sext             ) [ 0000]
add_ln58_11            (add              ) [ 0101]
add_ln58_15            (add              ) [ 0101]
add_ln58_19            (add              ) [ 0101]
add_ln58_25            (add              ) [ 0000]
sext_ln58_25           (sext             ) [ 0000]
add_ln58_26            (add              ) [ 0101]
add_ln58_29            (add              ) [ 0000]
sext_ln58_27           (sext             ) [ 0000]
add_ln58_30            (add              ) [ 0101]
add_ln58_34            (add              ) [ 0101]
add_ln58_38            (add              ) [ 0101]
add_ln58_43            (add              ) [ 0101]
specpipeline_ln33      (specpipeline     ) [ 0000]
specresourcelimit_ln33 (specresourcelimit) [ 0000]
sext_ln73_6            (sext             ) [ 0000]
sext_ln73_7            (sext             ) [ 0000]
sext_ln73_8            (sext             ) [ 0000]
sext_ln73_14           (sext             ) [ 0000]
sext_ln73_15           (sext             ) [ 0000]
sext_ln73_17           (sext             ) [ 0000]
sext_ln73_18           (sext             ) [ 0000]
sext_ln73_19           (sext             ) [ 0000]
mul_ln73_35_cast       (sext             ) [ 0000]
sext_ln73_27           (sext             ) [ 0000]
shl_ln73_10            (bitconcatenate   ) [ 0000]
sext_ln73_28           (sext             ) [ 0000]
sub_ln73_6             (sub              ) [ 0000]
shl_ln73_11            (bitconcatenate   ) [ 0000]
sext_ln73_29           (sext             ) [ 0000]
sub_ln73_7             (sub              ) [ 0000]
sext_ln58              (sext             ) [ 0000]
sext_ln58_2            (sext             ) [ 0000]
sext_ln58_3            (sext             ) [ 0000]
sext_ln58_6            (sext             ) [ 0000]
add_ln58_7             (add              ) [ 0000]
sext_ln58_7            (sext             ) [ 0000]
add_ln58_8             (add              ) [ 0000]
add_ln58_9             (add              ) [ 0000]
sext_ln58_8            (sext             ) [ 0000]
sext_ln58_10           (sext             ) [ 0000]
add_ln58_12            (add              ) [ 0000]
add_ln58_13            (add              ) [ 0000]
sext_ln58_11           (sext             ) [ 0000]
add_ln58_14            (add              ) [ 0000]
sext_ln58_21           (sext             ) [ 0000]
add_ln58_16            (add              ) [ 0000]
sext_ln58_22           (sext             ) [ 0000]
add_ln58_17            (add              ) [ 0000]
sext_ln58_12           (sext             ) [ 0000]
add_ln58_18            (add              ) [ 0000]
sext_ln58_23           (sext             ) [ 0000]
add_ln58_20            (add              ) [ 0000]
sext_ln58_13           (sext             ) [ 0000]
add_ln58_21            (add              ) [ 0000]
add_ln58_22            (add              ) [ 0000]
sext_ln58_24           (sext             ) [ 0000]
add_ln58_23            (add              ) [ 0000]
sext_ln58_14           (sext             ) [ 0000]
add_ln58_24            (add              ) [ 0000]
sext_ln58_26           (sext             ) [ 0000]
add_ln58_27            (add              ) [ 0000]
sext_ln58_15           (sext             ) [ 0000]
add_ln58_28            (add              ) [ 0000]
sext_ln58_28           (sext             ) [ 0000]
add_ln58_31            (add              ) [ 0000]
sext_ln58_16           (sext             ) [ 0000]
add_ln58_32            (add              ) [ 0000]
sext_ln58_29           (sext             ) [ 0000]
add_ln58_33            (add              ) [ 0000]
sext_ln58_30           (sext             ) [ 0000]
add_ln58_35            (add              ) [ 0000]
sext_ln58_31           (sext             ) [ 0000]
add_ln58_36            (add              ) [ 0000]
sext_ln58_17           (sext             ) [ 0000]
add_ln58_37            (add              ) [ 0000]
sext_ln58_32           (sext             ) [ 0000]
add_ln58_39            (add              ) [ 0000]
sext_ln58_33           (sext             ) [ 0000]
add_ln58_40            (add              ) [ 0000]
sext_ln58_18           (sext             ) [ 0000]
add_ln58_41            (add              ) [ 0000]
sext_ln58_34           (sext             ) [ 0000]
add_ln58_42            (add              ) [ 0000]
sext_ln58_35           (sext             ) [ 0000]
add_ln58_44            (add              ) [ 0000]
sext_ln58_36           (sext             ) [ 0000]
add_ln58_45            (add              ) [ 0000]
sext_ln58_19           (sext             ) [ 0000]
add_ln58_46            (add              ) [ 0000]
sext_ln58_20           (sext             ) [ 0000]
add_ln58_47            (add              ) [ 0000]
add_ln58_48            (add              ) [ 0000]
sext_ln58_37           (sext             ) [ 0000]
add_ln58_49            (add              ) [ 0000]
sext_ln18              (sext             ) [ 0000]
mrv                    (insertvalue      ) [ 0000]
mrv_1                  (insertvalue      ) [ 0000]
mrv_2                  (insertvalue      ) [ 0000]
mrv_3                  (insertvalue      ) [ 0000]
mrv_4                  (insertvalue      ) [ 0000]
ret_ln18               (ret              ) [ 0000]
</LifeTime>

<model>

<comp_list>
<comp id="0" class="1000" name="data_0_val1">
<pin_list>
<pin id="1" dir="1" index="0" bw="1" slack="0"/>
</pin_list>
<bind>
<StgValue><ssdm name="data_0_val1"/></StgValue>
</bind>
</comp>

<comp id="2" class="1000" name="data_1_val2">
<pin_list>
<pin id="3" dir="1" index="0" bw="1" slack="0"/>
</pin_list>
<bind>
<StgValue><ssdm name="data_1_val2"/></StgValue>
</bind>
</comp>

<comp id="4" class="1000" name="data_2_val3">
<pin_list>
<pin id="5" dir="1" index="0" bw="1" slack="0"/>
</pin_list>
<bind>
<StgValue><ssdm name="data_2_val3"/></StgValue>
</bind>
</comp>

<comp id="6" class="1000" name="data_3_val4">
<pin_list>
<pin id="7" dir="1" index="0" bw="1" slack="0"/>
</pin_list>
<bind>
<StgValue><ssdm name="data_3_val4"/></StgValue>
</bind>
</comp>

<comp id="8" class="1000" name="data_4_val5">
<pin_list>
<pin id="9" dir="1" index="0" bw="1" slack="0"/>
</pin_list>
<bind>
<StgValue><ssdm name="data_4_val5"/></StgValue>
</bind>
</comp>

<comp id="10" class="1000" name="data_5_val6">
<pin_list>
<pin id="11" dir="1" index="0" bw="1" slack="0"/>
</pin_list>
<bind>
<StgValue><ssdm name="data_5_val6"/></StgValue>
</bind>
</comp>

<comp id="12" class="1000" name="data_6_val7">
<pin_list>
<pin id="13" dir="1" index="0" bw="1" slack="0"/>
</pin_list>
<bind>
<StgValue><ssdm name="data_6_val7"/></StgValue>
</bind>
</comp>

<comp id="14" class="1000" name="data_7_val8">
<pin_list>
<pin id="15" dir="1" index="0" bw="1" slack="0"/>
</pin_list>
<bind>
<StgValue><ssdm name="data_7_val8"/></StgValue>
</bind>
</comp>

<comp id="16" class="1000" name="data_8_val9">
<pin_list>
<pin id="17" dir="1" index="0" bw="1" slack="0"/>
</pin_list>
<bind>
<StgValue><ssdm name="data_8_val9"/></StgValue>
</bind>
</comp>

<comp id="18" class="1000" name="data_9_val10">
<pin_list>
<pin id="19" dir="1" index="0" bw="1" slack="0"/>
</pin_list>
<bind>
<StgValue><ssdm name="data_9_val10"/></StgValue>
</bind>
</comp>

<comp id="20" class="1001" name="const_20">
<pin_list>
<pin id="21" dir="1" index="0" bw="1" slack="0"/>
</pin_list>
<bind>
<StgValue><ssdm name="_ssdm_op_Read.ap_auto.i16"/></StgValue>
</bind>
</comp>

<comp id="22" class="1001" name="const_22">
<pin_list>
<pin id="23" dir="1" index="0" bw="1" slack="0"/>
</pin_list>
<bind>
<StgValue><ssdm name=""/></StgValue>
</bind>
</comp>

<comp id="24" class="1001" name="const_24">
<pin_list>
<pin id="25" dir="1" index="0" bw="1" slack="0"/>
</pin_list>
<bind>
<StgValue><ssdm name=""/></StgValue>
</bind>
</comp>

<comp id="26" class="1001" name="const_26">
<pin_list>
<pin id="27" dir="1" index="0" bw="1" slack="0"/>
</pin_list>
<bind>
<StgValue><ssdm name=""/></StgValue>
</bind>
</comp>

<comp id="28" class="1001" name="const_28">
<pin_list>
<pin id="29" dir="1" index="0" bw="1" slack="0"/>
</pin_list>
<bind>
<StgValue><ssdm name=""/></StgValue>
</bind>
</comp>

<comp id="30" class="1001" name="const_30">
<pin_list>
<pin id="31" dir="1" index="0" bw="1" slack="0"/>
</pin_list>
<bind>
<StgValue><ssdm name="_ssdm_op_BitConcatenate.i22.i16.i6"/></StgValue>
</bind>
</comp>

<comp id="32" class="1001" name="const_32">
<pin_list>
<pin id="33" dir="1" index="0" bw="1" slack="0"/>
</pin_list>
<bind>
<StgValue><ssdm name=""/></StgValue>
</bind>
</comp>

<comp id="34" class="1001" name="const_34">
<pin_list>
<pin id="35" dir="1" index="0" bw="1" slack="0"/>
</pin_list>
<bind>
<StgValue><ssdm name="_ssdm_op_BitConcatenate.i17.i16.i1"/></StgValue>
</bind>
</comp>

<comp id="36" class="1001" name="const_36">
<pin_list>
<pin id="37" dir="1" index="0" bw="1" slack="0"/>
</pin_list>
<bind>
<StgValue><ssdm name=""/></StgValue>
</bind>
</comp>

<comp id="38" class="1001" name="const_38">
<pin_list>
<pin id="39" dir="1" index="0" bw="1" slack="0"/>
</pin_list>
<bind>
<StgValue><ssdm name=""/></StgValue>
</bind>
</comp>

<comp id="40" class="1001" name="const_40">
<pin_list>
<pin id="41" dir="1" index="0" bw="1" slack="0"/>
</pin_list>
<bind>
<StgValue><ssdm name=""/></StgValue>
</bind>
</comp>

<comp id="42" class="1001" name="const_42">
<pin_list>
<pin id="43" dir="1" index="0" bw="1" slack="0"/>
</pin_list>
<bind>
<StgValue><ssdm name=""/></StgValue>
</bind>
</comp>

<comp id="44" class="1001" name="const_44">
<pin_list>
<pin id="45" dir="1" index="0" bw="1" slack="0"/>
</pin_list>
<bind>
<StgValue><ssdm name=""/></StgValue>
</bind>
</comp>

<comp id="46" class="1001" name="const_46">
<pin_list>
<pin id="47" dir="1" index="0" bw="1" slack="0"/>
</pin_list>
<bind>
<StgValue><ssdm name=""/></StgValue>
</bind>
</comp>

<comp id="48" class="1001" name="const_48">
<pin_list>
<pin id="49" dir="1" index="0" bw="1" slack="0"/>
</pin_list>
<bind>
<StgValue><ssdm name=""/></StgValue>
</bind>
</comp>

<comp id="50" class="1001" name="const_50">
<pin_list>
<pin id="51" dir="1" index="0" bw="1" slack="0"/>
</pin_list>
<bind>
<StgValue><ssdm name=""/></StgValue>
</bind>
</comp>

<comp id="52" class="1001" name="const_52">
<pin_list>
<pin id="53" dir="1" index="0" bw="1" slack="0"/>
</pin_list>
<bind>
<StgValue><ssdm name=""/></StgValue>
</bind>
</comp>

<comp id="54" class="1001" name="const_54">
<pin_list>
<pin id="55" dir="1" index="0" bw="1" slack="0"/>
</pin_list>
<bind>
<StgValue><ssdm name=""/></StgValue>
</bind>
</comp>

<comp id="56" class="1001" name="const_56">
<pin_list>
<pin id="57" dir="1" index="0" bw="1" slack="0"/>
</pin_list>
<bind>
<StgValue><ssdm name=""/></StgValue>
</bind>
</comp>

<comp id="58" class="1001" name="const_58">
<pin_list>
<pin id="59" dir="1" index="0" bw="1" slack="0"/>
</pin_list>
<bind>
<StgValue><ssdm name=""/></StgValue>
</bind>
</comp>

<comp id="60" class="1001" name="const_60">
<pin_list>
<pin id="61" dir="1" index="0" bw="1" slack="0"/>
</pin_list>
<bind>
<StgValue><ssdm name=""/></StgValue>
</bind>
</comp>

<comp id="62" class="1001" name="const_62">
<pin_list>
<pin id="63" dir="1" index="0" bw="1" slack="0"/>
</pin_list>
<bind>
<StgValue><ssdm name=""/></StgValue>
</bind>
</comp>

<comp id="64" class="1001" name="const_64">
<pin_list>
<pin id="65" dir="1" index="0" bw="1" slack="0"/>
</pin_list>
<bind>
<StgValue><ssdm name="_ssdm_op_BitConcatenate.i25.i16.i9"/></StgValue>
</bind>
</comp>

<comp id="66" class="1001" name="const_66">
<pin_list>
<pin id="67" dir="1" index="0" bw="1" slack="0"/>
</pin_list>
<bind>
<StgValue><ssdm name=""/></StgValue>
</bind>
</comp>

<comp id="68" class="1001" name="const_68">
<pin_list>
<pin id="69" dir="1" index="0" bw="1" slack="0"/>
</pin_list>
<bind>
<StgValue><ssdm name=""/></StgValue>
</bind>
</comp>

<comp id="70" class="1001" name="const_70">
<pin_list>
<pin id="71" dir="1" index="0" bw="1" slack="0"/>
</pin_list>
<bind>
<StgValue><ssdm name=""/></StgValue>
</bind>
</comp>

<comp id="72" class="1001" name="const_72">
<pin_list>
<pin id="73" dir="1" index="0" bw="1" slack="0"/>
</pin_list>
<bind>
<StgValue><ssdm name=""/></StgValue>
</bind>
</comp>

<comp id="74" class="1001" name="const_74">
<pin_list>
<pin id="75" dir="1" index="0" bw="1" slack="0"/>
</pin_list>
<bind>
<StgValue><ssdm name=""/></StgValue>
</bind>
</comp>

<comp id="76" class="1001" name="const_76">
<pin_list>
<pin id="77" dir="1" index="0" bw="1" slack="0"/>
</pin_list>
<bind>
<StgValue><ssdm name="_ssdm_op_BitConcatenate.i24.i16.i8"/></StgValue>
</bind>
</comp>

<comp id="78" class="1001" name="const_78">
<pin_list>
<pin id="79" dir="1" index="0" bw="1" slack="0"/>
</pin_list>
<bind>
<StgValue><ssdm name=""/></StgValue>
</bind>
</comp>

<comp id="80" class="1001" name="const_80">
<pin_list>
<pin id="81" dir="1" index="0" bw="1" slack="0"/>
</pin_list>
<bind>
<StgValue><ssdm name="_ssdm_op_BitConcatenate.i21.i16.i5"/></StgValue>
</bind>
</comp>

<comp id="82" class="1001" name="const_82">
<pin_list>
<pin id="83" dir="1" index="0" bw="1" slack="0"/>
</pin_list>
<bind>
<StgValue><ssdm name=""/></StgValue>
</bind>
</comp>

<comp id="84" class="1001" name="const_84">
<pin_list>
<pin id="85" dir="1" index="0" bw="1" slack="0"/>
</pin_list>
<bind>
<StgValue><ssdm name=""/></StgValue>
</bind>
</comp>

<comp id="86" class="1001" name="const_86">
<pin_list>
<pin id="87" dir="1" index="0" bw="1" slack="0"/>
</pin_list>
<bind>
<StgValue><ssdm name=""/></StgValue>
</bind>
</comp>

<comp id="88" class="1001" name="const_88">
<pin_list>
<pin id="89" dir="1" index="0" bw="1" slack="0"/>
</pin_list>
<bind>
<StgValue><ssdm name=""/></StgValue>
</bind>
</comp>

<comp id="90" class="1001" name="const_90">
<pin_list>
<pin id="91" dir="1" index="0" bw="1" slack="0"/>
</pin_list>
<bind>
<StgValue><ssdm name=""/></StgValue>
</bind>
</comp>

<comp id="92" class="1001" name="const_92">
<pin_list>
<pin id="93" dir="1" index="0" bw="1" slack="0"/>
</pin_list>
<bind>
<StgValue><ssdm name=""/></StgValue>
</bind>
</comp>

<comp id="94" class="1001" name="const_94">
<pin_list>
<pin id="95" dir="1" index="0" bw="1" slack="0"/>
</pin_list>
<bind>
<StgValue><ssdm name=""/></StgValue>
</bind>
</comp>

<comp id="96" class="1001" name="const_96">
<pin_list>
<pin id="97" dir="1" index="0" bw="1" slack="0"/>
</pin_list>
<bind>
<StgValue><ssdm name=""/></StgValue>
</bind>
</comp>

<comp id="98" class="1001" name="const_98">
<pin_list>
<pin id="99" dir="1" index="0" bw="1" slack="0"/>
</pin_list>
<bind>
<StgValue><ssdm name=""/></StgValue>
</bind>
</comp>

<comp id="100" class="1001" name="const_100">
<pin_list>
<pin id="101" dir="1" index="0" bw="1" slack="0"/>
</pin_list>
<bind>
<StgValue><ssdm name=""/></StgValue>
</bind>
</comp>

<comp id="102" class="1001" name="const_102">
<pin_list>
<pin id="103" dir="1" index="0" bw="1" slack="0"/>
</pin_list>
<bind>
<StgValue><ssdm name=""/></StgValue>
</bind>
</comp>

<comp id="104" class="1001" name="const_104">
<pin_list>
<pin id="105" dir="1" index="0" bw="1" slack="0"/>
</pin_list>
<bind>
<StgValue><ssdm name="_ssdm_op_BitConcatenate.i19.i16.i3"/></StgValue>
</bind>
</comp>

<comp id="106" class="1001" name="const_106">
<pin_list>
<pin id="107" dir="1" index="0" bw="1" slack="0"/>
</pin_list>
<bind>
<StgValue><ssdm name=""/></StgValue>
</bind>
</comp>

<comp id="108" class="1001" name="const_108">
<pin_list>
<pin id="109" dir="1" index="0" bw="1" slack="0"/>
</pin_list>
<bind>
<StgValue><ssdm name=""/></StgValue>
</bind>
</comp>

<comp id="110" class="1001" name="const_110">
<pin_list>
<pin id="111" dir="1" index="0" bw="1" slack="0"/>
</pin_list>
<bind>
<StgValue><ssdm name=""/></StgValue>
</bind>
</comp>

<comp id="112" class="1001" name="const_112">
<pin_list>
<pin id="113" dir="1" index="0" bw="1" slack="0"/>
</pin_list>
<bind>
<StgValue><ssdm name=""/></StgValue>
</bind>
</comp>

<comp id="114" class="1001" name="const_114">
<pin_list>
<pin id="115" dir="1" index="0" bw="1" slack="0"/>
</pin_list>
<bind>
<StgValue><ssdm name=""/></StgValue>
</bind>
</comp>

<comp id="116" class="1001" name="const_116">
<pin_list>
<pin id="117" dir="1" index="0" bw="1" slack="0"/>
</pin_list>
<bind>
<StgValue><ssdm name=""/></StgValue>
</bind>
</comp>

<comp id="118" class="1001" name="const_118">
<pin_list>
<pin id="119" dir="1" index="0" bw="1" slack="0"/>
</pin_list>
<bind>
<StgValue><ssdm name=""/></StgValue>
</bind>
</comp>

<comp id="120" class="1001" name="const_120">
<pin_list>
<pin id="121" dir="1" index="0" bw="1" slack="0"/>
</pin_list>
<bind>
<StgValue><ssdm name=""/></StgValue>
</bind>
</comp>

<comp id="122" class="1001" name="const_122">
<pin_list>
<pin id="123" dir="1" index="0" bw="1" slack="0"/>
</pin_list>
<bind>
<StgValue><ssdm name=""/></StgValue>
</bind>
</comp>

<comp id="124" class="1001" name="const_124">
<pin_list>
<pin id="125" dir="1" index="0" bw="1" slack="0"/>
</pin_list>
<bind>
<StgValue><ssdm name=""/></StgValue>
</bind>
</comp>

<comp id="126" class="1001" name="const_126">
<pin_list>
<pin id="127" dir="1" index="0" bw="1" slack="0"/>
</pin_list>
<bind>
<StgValue><ssdm name=""/></StgValue>
</bind>
</comp>

<comp id="128" class="1001" name="const_128">
<pin_list>
<pin id="129" dir="1" index="0" bw="1" slack="0"/>
</pin_list>
<bind>
<StgValue><ssdm name=""/></StgValue>
</bind>
</comp>

<comp id="130" class="1001" name="const_130">
<pin_list>
<pin id="131" dir="1" index="0" bw="1" slack="0"/>
</pin_list>
<bind>
<StgValue><ssdm name=""/></StgValue>
</bind>
</comp>

<comp id="132" class="1001" name="const_132">
<pin_list>
<pin id="133" dir="1" index="0" bw="1" slack="0"/>
</pin_list>
<bind>
<StgValue><ssdm name=""/></StgValue>
</bind>
</comp>

<comp id="134" class="1001" name="const_134">
<pin_list>
<pin id="135" dir="1" index="0" bw="1" slack="0"/>
</pin_list>
<bind>
<StgValue><ssdm name=""/></StgValue>
</bind>
</comp>

<comp id="136" class="1001" name="const_136">
<pin_list>
<pin id="137" dir="1" index="0" bw="1" slack="0"/>
</pin_list>
<bind>
<StgValue><ssdm name=""/></StgValue>
</bind>
</comp>

<comp id="138" class="1001" name="const_138">
<pin_list>
<pin id="139" dir="1" index="0" bw="1" slack="0"/>
</pin_list>
<bind>
<StgValue><ssdm name=""/></StgValue>
</bind>
</comp>

<comp id="140" class="1001" name="const_140">
<pin_list>
<pin id="141" dir="1" index="0" bw="1" slack="0"/>
</pin_list>
<bind>
<StgValue><ssdm name=""/></StgValue>
</bind>
</comp>

<comp id="142" class="1001" name="const_142">
<pin_list>
<pin id="143" dir="1" index="0" bw="1" slack="0"/>
</pin_list>
<bind>
<StgValue><ssdm name=""/></StgValue>
</bind>
</comp>

<comp id="144" class="1001" name="const_144">
<pin_list>
<pin id="145" dir="1" index="0" bw="1" slack="2147483647"/>
</pin_list>
<bind>
<StgValue><ssdm name="_ssdm_op_SpecPipeline"/></StgValue>
</bind>
</comp>

<comp id="146" class="1001" name="const_146">
<pin_list>
<pin id="147" dir="1" index="0" bw="1" slack="2147483647"/>
</pin_list>
<bind>
<StgValue><ssdm name=""/></StgValue>
</bind>
</comp>

<comp id="148" class="1001" name="const_148">
<pin_list>
<pin id="149" dir="1" index="0" bw="1" slack="2147483647"/>
</pin_list>
<bind>
<StgValue><ssdm name=""/></StgValue>
</bind>
</comp>

<comp id="150" class="1001" name="const_150">
<pin_list>
<pin id="151" dir="1" index="0" bw="1" slack="2147483647"/>
</pin_list>
<bind>
<StgValue><ssdm name="empty_1"/></StgValue>
</bind>
</comp>

<comp id="152" class="1001" name="const_152">
<pin_list>
<pin id="153" dir="1" index="0" bw="1" slack="2147483647"/>
</pin_list>
<bind>
<StgValue><ssdm name="_ssdm_op_SpecResourceLimit"/></StgValue>
</bind>
</comp>

<comp id="154" class="1001" name="const_154">
<pin_list>
<pin id="155" dir="1" index="0" bw="1" slack="2147483647"/>
</pin_list>
<bind>
<StgValue><ssdm name=""/></StgValue>
</bind>
</comp>

<comp id="156" class="1001" name="const_156">
<pin_list>
<pin id="157" dir="1" index="0" bw="1" slack="2147483647"/>
</pin_list>
<bind>
<StgValue><ssdm name="empty_3"/></StgValue>
</bind>
</comp>

<comp id="158" class="1001" name="const_158">
<pin_list>
<pin id="159" dir="1" index="0" bw="1" slack="0"/>
</pin_list>
<bind>
<StgValue><ssdm name=""/></StgValue>
</bind>
</comp>

<comp id="160" class="1001" name="const_160">
<pin_list>
<pin id="161" dir="1" index="0" bw="1" slack="0"/>
</pin_list>
<bind>
<StgValue><ssdm name=""/></StgValue>
</bind>
</comp>

<comp id="162" class="1004" name="data_9_val10_read_read_fu_162">
<pin_list>
<pin id="163" dir="0" index="0" bw="16" slack="0"/>
<pin id="164" dir="0" index="1" bw="16" slack="0"/>
<pin id="165" dir="1" index="2" bw="16" slack="0"/>
</pin_list>
<bind>
<opcode="read(1150) " fcode="read"/>
<opset="data_9_val10_read/1 "/>
</bind>
</comp>

<comp id="168" class="1004" name="data_8_val9_read_read_fu_168">
<pin_list>
<pin id="169" dir="0" index="0" bw="16" slack="0"/>
<pin id="170" dir="0" index="1" bw="16" slack="0"/>
<pin id="171" dir="1" index="2" bw="16" slack="0"/>
</pin_list>
<bind>
<opcode="read(1150) " fcode="read"/>
<opset="data_8_val9_read/1 "/>
</bind>
</comp>

<comp id="174" class="1004" name="data_7_val8_read_read_fu_174">
<pin_list>
<pin id="175" dir="0" index="0" bw="16" slack="0"/>
<pin id="176" dir="0" index="1" bw="16" slack="0"/>
<pin id="177" dir="1" index="2" bw="16" slack="0"/>
</pin_list>
<bind>
<opcode="read(1150) " fcode="read"/>
<opset="data_7_val8_read/1 "/>
</bind>
</comp>

<comp id="180" class="1004" name="data_6_val7_read_read_fu_180">
<pin_list>
<pin id="181" dir="0" index="0" bw="16" slack="0"/>
<pin id="182" dir="0" index="1" bw="16" slack="0"/>
<pin id="183" dir="1" index="2" bw="16" slack="0"/>
</pin_list>
<bind>
<opcode="read(1150) " fcode="read"/>
<opset="data_6_val7_read/1 "/>
</bind>
</comp>

<comp id="186" class="1004" name="data_5_val6_read_read_fu_186">
<pin_list>
<pin id="187" dir="0" index="0" bw="16" slack="0"/>
<pin id="188" dir="0" index="1" bw="16" slack="0"/>
<pin id="189" dir="1" index="2" bw="16" slack="0"/>
</pin_list>
<bind>
<opcode="read(1150) " fcode="read"/>
<opset="data_5_val6_read/1 "/>
</bind>
</comp>

<comp id="192" class="1004" name="data_4_val5_read_read_fu_192">
<pin_list>
<pin id="193" dir="0" index="0" bw="16" slack="0"/>
<pin id="194" dir="0" index="1" bw="16" slack="0"/>
<pin id="195" dir="1" index="2" bw="16" slack="0"/>
</pin_list>
<bind>
<opcode="read(1150) " fcode="read"/>
<opset="data_4_val5_read/1 "/>
</bind>
</comp>

<comp id="198" class="1004" name="data_3_val4_read_read_fu_198">
<pin_list>
<pin id="199" dir="0" index="0" bw="16" slack="0"/>
<pin id="200" dir="0" index="1" bw="16" slack="0"/>
<pin id="201" dir="1" index="2" bw="16" slack="1"/>
</pin_list>
<bind>
<opcode="read(1150) " fcode="read"/>
<opset="data_3_val4_read/1 "/>
</bind>
</comp>

<comp id="204" class="1004" name="data_2_val3_read_read_fu_204">
<pin_list>
<pin id="205" dir="0" index="0" bw="16" slack="0"/>
<pin id="206" dir="0" index="1" bw="16" slack="0"/>
<pin id="207" dir="1" index="2" bw="16" slack="0"/>
</pin_list>
<bind>
<opcode="read(1150) " fcode="read"/>
<opset="data_2_val3_read/1 "/>
</bind>
</comp>

<comp id="210" class="1004" name="data_1_val2_read_read_fu_210">
<pin_list>
<pin id="211" dir="0" index="0" bw="16" slack="0"/>
<pin id="212" dir="0" index="1" bw="16" slack="0"/>
<pin id="213" dir="1" index="2" bw="16" slack="0"/>
</pin_list>
<bind>
<opcode="read(1150) " fcode="read"/>
<opset="data_1_val2_read/1 "/>
</bind>
</comp>

<comp id="216" class="1004" name="data_0_val1_read_read_fu_216">
<pin_list>
<pin id="217" dir="0" index="0" bw="16" slack="0"/>
<pin id="218" dir="0" index="1" bw="16" slack="0"/>
<pin id="219" dir="1" index="2" bw="16" slack="0"/>
</pin_list>
<bind>
<opcode="read(1150) " fcode="read"/>
<opset="data_0_val1_read/1 "/>
</bind>
</comp>

<comp id="222" class="1004" name="mul_ln73_9_fu_222">
<pin_list>
<pin id="7212" dir="0" index="0" bw="16" slack="0"/>
<pin id="7213" dir="0" index="1" bw="10" slack="0"/>
<pin id="7214" dir="1" index="2" bw="26" slack="1"/>
</pin_list>
<bind>
<opcode="mul(12) " fcode="mul"/>
<opset="mul_ln73_9/2 "/>
</bind>
</comp>

<comp id="223" class="1004" name="mul_ln73_10_fu_223">
<pin_list>
<pin id="4096" dir="0" index="0" bw="16" slack="0"/>
<pin id="4097" dir="0" index="1" bw="8" slack="0"/>
<pin id="4098" dir="1" index="2" bw="24" slack="1"/>
</pin_list>
<bind>
<opcode="mul(12) " fcode="mul"/>
<opset="mul_ln73_10/1 "/>
</bind>
</comp>

<comp id="224" class="1004" name="mul_ln73_38_fu_224">
<pin_list>
<pin id="4144" dir="0" index="0" bw="16" slack="0"/>
<pin id="4145" dir="0" index="1" bw="10" slack="0"/>
<pin id="4146" dir="1" index="2" bw="25" slack="1"/>
</pin_list>
<bind>
<opcode="mul(12) " fcode="mul"/>
<opset="mul_ln73_38/1 "/>
</bind>
</comp>

<comp id="225" class="1004" name="mul_ln73_34_fu_225">
<pin_list>
<pin id="7280" dir="0" index="0" bw="16" slack="0"/>
<pin id="7281" dir="0" index="1" bw="11" slack="0"/>
<pin id="7282" dir="1" index="2" bw="27" slack="1"/>
</pin_list>
<bind>
<opcode="mul(12) " fcode="mul"/>
<opset="mul_ln73_34/2 "/>
</bind>
</comp>

<comp id="227" class="1004" name="mul_ln73_23_fu_227">
<pin_list>
<pin id="7252" dir="0" index="0" bw="16" slack="0"/>
<pin id="7253" dir="0" index="1" bw="11" slack="0"/>
<pin id="7254" dir="1" index="2" bw="27" slack="1"/>
</pin_list>
<bind>
<opcode="mul(12) " fcode="mul"/>
<opset="mul_ln73_23/2 "/>
</bind>
</comp>

<comp id="228" class="1004" name="mul_ln73_25_fu_228">
<pin_list>
<pin id="7260" dir="0" index="0" bw="16" slack="0"/>
<pin id="7261" dir="0" index="1" bw="10" slack="0"/>
<pin id="7262" dir="1" index="2" bw="26" slack="1"/>
</pin_list>
<bind>
<opcode="mul(12) " fcode="mul"/>
<opset="mul_ln73_25/2 "/>
</bind>
</comp>

<comp id="229" class="1004" name="mul_ln73_39_fu_229">
<pin_list>
<pin id="7288" dir="0" index="0" bw="16" slack="0"/>
<pin id="7289" dir="0" index="1" bw="11" slack="0"/>
<pin id="7290" dir="1" index="2" bw="27" slack="1"/>
</pin_list>
<bind>
<opcode="mul(12) " fcode="mul"/>
<opset="mul_ln73_39/2 "/>
</bind>
</comp>

<comp id="230" class="1004" name="mul_ln73_35_fu_230">
<pin_list>
<pin id="4136" dir="0" index="0" bw="16" slack="0"/>
<pin id="4137" dir="0" index="1" bw="9" slack="0"/>
<pin id="4138" dir="1" index="2" bw="25" slack="1"/>
</pin_list>
<bind>
<opcode="mul(12) " fcode="mul"/>
<opset="mul_ln73_35/1 "/>
</bind>
</comp>

<comp id="231" class="1004" name="mul_ln73_6_fu_231">
<pin_list>
<pin id="4088" dir="0" index="0" bw="16" slack="0"/>
<pin id="4089" dir="0" index="1" bw="10" slack="0"/>
<pin id="4090" dir="1" index="2" bw="26" slack="1"/>
</pin_list>
<bind>
<opcode="mul(12) " fcode="mul"/>
<opset="mul_ln73_6/1 "/>
</bind>
</comp>

<comp id="233" class="1004" name="mul_ln73_13_fu_233">
<pin_list>
<pin id="7224" dir="0" index="0" bw="16" slack="0"/>
<pin id="7225" dir="0" index="1" bw="10" slack="0"/>
<pin id="7226" dir="1" index="2" bw="26" slack="1"/>
</pin_list>
<bind>
<opcode="mul(12) " fcode="mul"/>
<opset="mul_ln73_13/2 "/>
</bind>
</comp>

<comp id="234" class="1004" name="mul_ln73_18_fu_234">
<pin_list>
<pin id="4108" dir="0" index="0" bw="16" slack="0"/>
<pin id="4109" dir="0" index="1" bw="10" slack="0"/>
<pin id="4110" dir="1" index="2" bw="26" slack="1"/>
</pin_list>
<bind>
<opcode="mul(12) " fcode="mul"/>
<opset="mul_ln73_18/1 "/>
</bind>
</comp>

<comp id="235" class="1004" name="mul_ln70_fu_235">
<pin_list>
<pin id="4100" dir="0" index="0" bw="16" slack="0"/>
<pin id="4101" dir="0" index="1" bw="9" slack="0"/>
<pin id="4102" dir="1" index="2" bw="24" slack="1"/>
</pin_list>
<bind>
<opcode="mul(12) " fcode="mul"/>
<opset="mul_ln70/1 "/>
</bind>
</comp>

<comp id="236" class="1004" name="mul_ln73_28_fu_236">
<pin_list>
<pin id="4120" dir="0" index="0" bw="16" slack="0"/>
<pin id="4121" dir="0" index="1" bw="7" slack="0"/>
<pin id="4122" dir="1" index="2" bw="23" slack="1"/>
</pin_list>
<bind>
<opcode="mul(12) " fcode="mul"/>
<opset="mul_ln73_28/1 "/>
</bind>
</comp>

<comp id="237" class="1004" name="mul_ln73_40_fu_237">
<pin_list>
<pin id="7292" dir="0" index="0" bw="16" slack="0"/>
<pin id="7293" dir="0" index="1" bw="11" slack="0"/>
<pin id="7294" dir="1" index="2" bw="27" slack="1"/>
</pin_list>
<bind>
<opcode="mul(12) " fcode="mul"/>
<opset="mul_ln73_40/2 "/>
</bind>
</comp>

<comp id="238" class="1004" name="mul_ln73_1_fu_238">
<pin_list>
<pin id="4076" dir="0" index="0" bw="16" slack="0"/>
<pin id="4077" dir="0" index="1" bw="10" slack="0"/>
<pin id="4078" dir="1" index="2" bw="25" slack="1"/>
</pin_list>
<bind>
<opcode="mul(12) " fcode="mul"/>
<opset="mul_ln73_1/1 "/>
</bind>
</comp>

<comp id="239" class="1004" name="mul_ln73_26_fu_239">
<pin_list>
<pin id="7264" dir="0" index="0" bw="16" slack="0"/>
<pin id="7265" dir="0" index="1" bw="10" slack="0"/>
<pin id="7266" dir="1" index="2" bw="26" slack="1"/>
</pin_list>
<bind>
<opcode="mul(12) " fcode="mul"/>
<opset="mul_ln73_26/2 "/>
</bind>
</comp>

<comp id="240" class="1004" name="mul_ln73_36_fu_240">
<pin_list>
<pin id="7284" dir="0" index="0" bw="16" slack="0"/>
<pin id="7285" dir="0" index="1" bw="10" slack="0"/>
<pin id="7286" dir="1" index="2" bw="26" slack="1"/>
</pin_list>
<bind>
<opcode="mul(12) " fcode="mul"/>
<opset="mul_ln73_36/2 "/>
</bind>
</comp>

<comp id="243" class="1004" name="mul_ln73_30_fu_243">
<pin_list>
<pin id="7272" dir="0" index="0" bw="16" slack="0"/>
<pin id="7273" dir="0" index="1" bw="10" slack="0"/>
<pin id="7274" dir="1" index="2" bw="26" slack="1"/>
</pin_list>
<bind>
<opcode="mul(12) " fcode="mul"/>
<opset="mul_ln73_30/2 "/>
</bind>
</comp>

<comp id="244" class="1004" name="mul_ln73_20_fu_244">
<pin_list>
<pin id="7244" dir="0" index="0" bw="16" slack="1"/>
<pin id="7245" dir="0" index="1" bw="10" slack="0"/>
<pin id="7246" dir="1" index="2" bw="26" slack="1"/>
</pin_list>
<bind>
<opcode="mul(12) " fcode="mul"/>
<opset="mul_ln73_20/2 "/>
</bind>
</comp>

<comp id="245" class="1004" name="mul_ln73_8_fu_245">
<pin_list>
<pin id="7208" dir="0" index="0" bw="16" slack="0"/>
<pin id="7209" dir="0" index="1" bw="10" slack="0"/>
<pin id="7210" dir="1" index="2" bw="26" slack="1"/>
</pin_list>
<bind>
<opcode="mul(12) " fcode="mul"/>
<opset="mul_ln73_8/2 "/>
</bind>
</comp>

<comp id="246" class="1004" name="mul_ln73_3_fu_246">
<pin_list>
<pin id="4084" dir="0" index="0" bw="16" slack="0"/>
<pin id="4085" dir="0" index="1" bw="9" slack="0"/>
<pin id="4086" dir="1" index="2" bw="24" slack="1"/>
</pin_list>
<bind>
<opcode="mul(12) " fcode="mul"/>
<opset="mul_ln73_3/1 "/>
</bind>
</comp>

<comp id="247" class="1004" name="mul_ln73_27_fu_247">
<pin_list>
<pin id="7268" dir="0" index="0" bw="16" slack="0"/>
<pin id="7269" dir="0" index="1" bw="11" slack="0"/>
<pin id="7270" dir="1" index="2" bw="27" slack="1"/>
</pin_list>
<bind>
<opcode="mul(12) " fcode="mul"/>
<opset="mul_ln73_27/2 "/>
</bind>
</comp>

<comp id="248" class="1004" name="mul_ln73_31_fu_248">
<pin_list>
<pin id="4128" dir="0" index="0" bw="16" slack="0"/>
<pin id="4129" dir="0" index="1" bw="9" slack="0"/>
<pin id="4130" dir="1" index="2" bw="25" slack="1"/>
</pin_list>
<bind>
<opcode="mul(12) " fcode="mul"/>
<opset="mul_ln73_31/1 "/>
</bind>
</comp>

<comp id="250" class="1004" name="mul_ln73_21_fu_250">
<pin_list>
<pin id="7248" dir="0" index="0" bw="16" slack="0"/>
<pin id="7249" dir="0" index="1" bw="9" slack="0"/>
<pin id="7250" dir="1" index="2" bw="25" slack="1"/>
</pin_list>
<bind>
<opcode="mul(12) " fcode="mul"/>
<opset="mul_ln73_21/2 "/>
</bind>
</comp>

<comp id="251" class="1004" name="mul_ln73_29_fu_251">
<pin_list>
<pin id="4124" dir="0" index="0" bw="16" slack="0"/>
<pin id="4125" dir="0" index="1" bw="8" slack="0"/>
<pin id="4126" dir="1" index="2" bw="24" slack="1"/>
</pin_list>
<bind>
<opcode="mul(12) " fcode="mul"/>
<opset="mul_ln73_29/1 "/>
</bind>
</comp>

<comp id="252" class="1004" name="mul_ln73_11_fu_252">
<pin_list>
<pin id="7216" dir="0" index="0" bw="16" slack="0"/>
<pin id="7217" dir="0" index="1" bw="11" slack="0"/>
<pin id="7218" dir="1" index="2" bw="27" slack="1"/>
</pin_list>
<bind>
<opcode="mul(12) " fcode="mul"/>
<opset="mul_ln73_11/2 "/>
</bind>
</comp>

<comp id="253" class="1004" name="mul_ln73_12_fu_253">
<pin_list>
<pin id="7220" dir="0" index="0" bw="16" slack="0"/>
<pin id="7221" dir="0" index="1" bw="10" slack="0"/>
<pin id="7222" dir="1" index="2" bw="26" slack="1"/>
</pin_list>
<bind>
<opcode="mul(12) " fcode="mul"/>
<opset="mul_ln73_12/2 "/>
</bind>
</comp>

<comp id="254" class="1004" name="mul_ln73_15_fu_254">
<pin_list>
<pin id="7232" dir="0" index="0" bw="16" slack="0"/>
<pin id="7233" dir="0" index="1" bw="11" slack="0"/>
<pin id="7234" dir="1" index="2" bw="27" slack="1"/>
</pin_list>
<bind>
<opcode="mul(12) " fcode="mul"/>
<opset="mul_ln73_15/2 "/>
</bind>
</comp>

<comp id="255" class="1004" name="mul_ln73_24_fu_255">
<pin_list>
<pin id="7256" dir="0" index="0" bw="16" slack="0"/>
<pin id="7257" dir="0" index="1" bw="10" slack="0"/>
<pin id="7258" dir="1" index="2" bw="26" slack="1"/>
</pin_list>
<bind>
<opcode="mul(12) " fcode="mul"/>
<opset="mul_ln73_24/2 "/>
</bind>
</comp>

<comp id="256" class="1004" name="mul_ln70_1_fu_256">
<pin_list>
<pin id="4112" dir="0" index="0" bw="16" slack="0"/>
<pin id="4113" dir="0" index="1" bw="9" slack="0"/>
<pin id="4114" dir="1" index="2" bw="24" slack="1"/>
</pin_list>
<bind>
<opcode="mul(12) " fcode="mul"/>
<opset="mul_ln70_1/1 "/>
</bind>
</comp>

<comp id="257" class="1004" name="mul_ln73_14_fu_257">
<pin_list>
<pin id="7228" dir="0" index="0" bw="16" slack="0"/>
<pin id="7229" dir="0" index="1" bw="11" slack="0"/>
<pin id="7230" dir="1" index="2" bw="27" slack="1"/>
</pin_list>
<bind>
<opcode="mul(12) " fcode="mul"/>
<opset="mul_ln73_14/2 "/>
</bind>
</comp>

<comp id="258" class="1004" name="mul_ln73_7_fu_258">
<pin_list>
<pin id="4092" dir="0" index="0" bw="16" slack="0"/>
<pin id="4093" dir="0" index="1" bw="11" slack="0"/>
<pin id="4094" dir="1" index="2" bw="26" slack="1"/>
</pin_list>
<bind>
<opcode="mul(12) " fcode="mul"/>
<opset="mul_ln73_7/1 "/>
</bind>
</comp>

<comp id="259" class="1004" name="mul_ln73_16_fu_259">
<pin_list>
<pin id="7236" dir="0" index="0" bw="16" slack="0"/>
<pin id="7237" dir="0" index="1" bw="11" slack="0"/>
<pin id="7238" dir="1" index="2" bw="27" slack="1"/>
</pin_list>
<bind>
<opcode="mul(12) " fcode="mul"/>
<opset="mul_ln73_16/2 "/>
</bind>
</comp>

<comp id="260" class="1004" name="mul_ln73_32_fu_260">
<pin_list>
<pin id="4132" dir="0" index="0" bw="16" slack="0"/>
<pin id="4133" dir="0" index="1" bw="9" slack="0"/>
<pin id="4134" dir="1" index="2" bw="25" slack="1"/>
</pin_list>
<bind>
<opcode="mul(12) " fcode="mul"/>
<opset="mul_ln73_32/1 "/>
</bind>
</comp>

<comp id="261" class="1004" name="mul_ln73_4_fu_261">
<pin_list>
<pin id="7200" dir="0" index="0" bw="16" slack="0"/>
<pin id="7201" dir="0" index="1" bw="9" slack="0"/>
<pin id="7202" dir="1" index="2" bw="25" slack="1"/>
</pin_list>
<bind>
<opcode="mul(12) " fcode="mul"/>
<opset="mul_ln73_4/2 "/>
</bind>
</comp>

<comp id="263" class="1004" name="mul_ln73_22_fu_263">
<pin_list>
<pin id="4116" dir="0" index="0" bw="16" slack="0"/>
<pin id="4117" dir="0" index="1" bw="10" slack="0"/>
<pin id="4118" dir="1" index="2" bw="26" slack="1"/>
</pin_list>
<bind>
<opcode="mul(12) " fcode="mul"/>
<opset="mul_ln73_22/1 "/>
</bind>
</comp>

<comp id="264" class="1004" name="mul_ln73_37_fu_264">
<pin_list>
<pin id="4140" dir="0" index="0" bw="16" slack="0"/>
<pin id="4141" dir="0" index="1" bw="10" slack="0"/>
<pin id="4142" dir="1" index="2" bw="25" slack="1"/>
</pin_list>
<bind>
<opcode="mul(12) " fcode="mul"/>
<opset="mul_ln73_37/1 "/>
</bind>
</comp>

<comp id="265" class="1004" name="mul_ln73_fu_265">
<pin_list>
<pin id="4072" dir="0" index="0" bw="16" slack="0"/>
<pin id="4073" dir="0" index="1" bw="9" slack="0"/>
<pin id="4074" dir="1" index="2" bw="24" slack="1"/>
</pin_list>
<bind>
<opcode="mul(12) " fcode="mul"/>
<opset="mul_ln73/1 "/>
</bind>
</comp>

<comp id="267" class="1004" name="mul_ln73_33_fu_267">
<pin_list>
<pin id="7276" dir="0" index="0" bw="16" slack="0"/>
<pin id="7277" dir="0" index="1" bw="10" slack="0"/>
<pin id="7278" dir="1" index="2" bw="26" slack="1"/>
</pin_list>
<bind>
<opcode="mul(12) " fcode="mul"/>
<opset="mul_ln73_33/2 "/>
</bind>
</comp>

<comp id="268" class="1004" name="mul_ln73_2_fu_268">
<pin_list>
<pin id="4080" dir="0" index="0" bw="16" slack="0"/>
<pin id="4081" dir="0" index="1" bw="10" slack="0"/>
<pin id="4082" dir="1" index="2" bw="25" slack="1"/>
</pin_list>
<bind>
<opcode="mul(12) " fcode="mul"/>
<opset="mul_ln73_2/1 "/>
</bind>
</comp>

<comp id="269" class="1004" name="mul_ln73_5_fu_269">
<pin_list>
<pin id="7204" dir="0" index="0" bw="16" slack="0"/>
<pin id="7205" dir="0" index="1" bw="11" slack="0"/>
<pin id="7206" dir="1" index="2" bw="27" slack="1"/>
</pin_list>
<bind>
<opcode="mul(12) " fcode="mul"/>
<opset="mul_ln73_5/2 "/>
</bind>
</comp>

<comp id="270" class="1004" name="mul_ln73_17_fu_270">
<pin_list>
<pin id="4104" dir="0" index="0" bw="16" slack="0"/>
<pin id="4105" dir="0" index="1" bw="10" slack="0"/>
<pin id="4106" dir="1" index="2" bw="26" slack="2"/>
</pin_list>
<bind>
<opcode="mul(12) " fcode="mul"/>
<opset="mul_ln73_17/1 "/>
</bind>
</comp>

<comp id="271" class="1004" name="mul_ln73_19_fu_271">
<pin_list>
<pin id="7240" dir="0" index="0" bw="16" slack="1"/>
<pin id="7241" dir="0" index="1" bw="10" slack="0"/>
<pin id="7242" dir="1" index="2" bw="26" slack="1"/>
</pin_list>
<bind>
<opcode="mul(12) " fcode="mul"/>
<opset="mul_ln73_19/2 "/>
</bind>
</comp>

<comp id="4148" class="1005" name="mul_ln73_reg_4148">
<pin_list>
<pin id="4149" dir="0" index="0" bw="24" slack="1"/>
<pin id="4150" dir="1" index="1" bw="24" slack="1"/>
</pin_list>
<bind>
<opset="mul_ln73 "/>
</bind>
</comp>

<comp id="4152" class="1005" name="mul_ln73_1_reg_4152">
<pin_list>
<pin id="4153" dir="0" index="0" bw="25" slack="1"/>
<pin id="4154" dir="1" index="1" bw="25" slack="1"/>
</pin_list>
<bind>
<opset="mul_ln73_1 "/>
</bind>
</comp>

<comp id="4156" class="1005" name="mul_ln73_2_reg_4156">
<pin_list>
<pin id="4157" dir="0" index="0" bw="25" slack="1"/>
<pin id="4158" dir="1" index="1" bw="25" slack="1"/>
</pin_list>
<bind>
<opset="mul_ln73_2 "/>
</bind>
</comp>

<comp id="4160" class="1005" name="mul_ln73_3_reg_4160">
<pin_list>
<pin id="4161" dir="0" index="0" bw="24" slack="1"/>
<pin id="4162" dir="1" index="1" bw="24" slack="1"/>
</pin_list>
<bind>
<opset="mul_ln73_3 "/>
</bind>
</comp>

<comp id="4164" class="1005" name="mul_ln73_6_reg_4164">
<pin_list>
<pin id="4165" dir="0" index="0" bw="26" slack="1"/>
<pin id="4166" dir="1" index="1" bw="26" slack="1"/>
</pin_list>
<bind>
<opset="mul_ln73_6 "/>
</bind>
</comp>

<comp id="4168" class="1005" name="mul_ln73_7_reg_4168">
<pin_list>
<pin id="4169" dir="0" index="0" bw="26" slack="1"/>
<pin id="4170" dir="1" index="1" bw="26" slack="1"/>
</pin_list>
<bind>
<opset="mul_ln73_7 "/>
</bind>
</comp>

<comp id="4172" class="1005" name="mul_ln73_10_reg_4172">
<pin_list>
<pin id="4173" dir="0" index="0" bw="24" slack="1"/>
<pin id="4174" dir="1" index="1" bw="24" slack="1"/>
</pin_list>
<bind>
<opset="mul_ln73_10 "/>
</bind>
</comp>

<comp id="4176" class="1005" name="mul_ln70_reg_4176">
<pin_list>
<pin id="4177" dir="0" index="0" bw="24" slack="1"/>
<pin id="4178" dir="1" index="1" bw="24" slack="1"/>
</pin_list>
<bind>
<opset="mul_ln70 "/>
</bind>
</comp>

<comp id="4180" class="1005" name="mul_ln73_17_reg_4180">
<pin_list>
<pin id="4181" dir="0" index="0" bw="26" slack="2"/>
<pin id="4182" dir="1" index="1" bw="26" slack="2"/>
</pin_list>
<bind>
<opset="mul_ln73_17 "/>
</bind>
</comp>

<comp id="4184" class="1005" name="mul_ln73_18_reg_4184">
<pin_list>
<pin id="4185" dir="0" index="0" bw="26" slack="1"/>
<pin id="4186" dir="1" index="1" bw="26" slack="1"/>
</pin_list>
<bind>
<opset="mul_ln73_18 "/>
</bind>
</comp>

<comp id="4188" class="1005" name="mul_ln70_1_reg_4188">
<pin_list>
<pin id="4189" dir="0" index="0" bw="24" slack="1"/>
<pin id="4190" dir="1" index="1" bw="24" slack="1"/>
</pin_list>
<bind>
<opset="mul_ln70_1 "/>
</bind>
</comp>

<comp id="4192" class="1005" name="mul_ln73_22_reg_4192">
<pin_list>
<pin id="4193" dir="0" index="0" bw="26" slack="1"/>
<pin id="4194" dir="1" index="1" bw="26" slack="1"/>
</pin_list>
<bind>
<opset="mul_ln73_22 "/>
</bind>
</comp>

<comp id="4196" class="1005" name="mul_ln73_28_reg_4196">
<pin_list>
<pin id="4197" dir="0" index="0" bw="23" slack="1"/>
<pin id="4198" dir="1" index="1" bw="23" slack="1"/>
</pin_list>
<bind>
<opset="mul_ln73_28 "/>
</bind>
</comp>

<comp id="4200" class="1005" name="mul_ln73_29_reg_4200">
<pin_list>
<pin id="4201" dir="0" index="0" bw="24" slack="1"/>
<pin id="4202" dir="1" index="1" bw="24" slack="1"/>
</pin_list>
<bind>
<opset="mul_ln73_29 "/>
</bind>
</comp>

<comp id="4204" class="1005" name="mul_ln73_31_reg_4204">
<pin_list>
<pin id="4205" dir="0" index="0" bw="25" slack="1"/>
<pin id="4206" dir="1" index="1" bw="25" slack="1"/>
</pin_list>
<bind>
<opset="mul_ln73_31 "/>
</bind>
</comp>

<comp id="4208" class="1005" name="mul_ln73_32_reg_4208">
<pin_list>
<pin id="4209" dir="0" index="0" bw="25" slack="1"/>
<pin id="4210" dir="1" index="1" bw="25" slack="1"/>
</pin_list>
<bind>
<opset="mul_ln73_32 "/>
</bind>
</comp>

<comp id="4212" class="1005" name="mul_ln73_35_reg_4212">
<pin_list>
<pin id="4213" dir="0" index="0" bw="25" slack="1"/>
<pin id="4214" dir="1" index="1" bw="25" slack="1"/>
</pin_list>
<bind>
<opset="mul_ln73_35 "/>
</bind>
</comp>

<comp id="4216" class="1005" name="mul_ln73_37_reg_4216">
<pin_list>
<pin id="4217" dir="0" index="0" bw="25" slack="1"/>
<pin id="4218" dir="1" index="1" bw="25" slack="1"/>
</pin_list>
<bind>
<opset="mul_ln73_37 "/>
</bind>
</comp>

<comp id="4220" class="1005" name="mul_ln73_38_reg_4220">
<pin_list>
<pin id="4221" dir="0" index="0" bw="25" slack="1"/>
<pin id="4222" dir="1" index="1" bw="25" slack="1"/>
</pin_list>
<bind>
<opset="mul_ln73_38 "/>
</bind>
</comp>

<comp id="7296" class="1005" name="mul_ln73_4_reg_7296">
<pin_list>
<pin id="7297" dir="0" index="0" bw="25" slack="1"/>
<pin id="7298" dir="1" index="1" bw="25" slack="1"/>
</pin_list>
<bind>
<opset="mul_ln73_4 "/>
</bind>
</comp>

<comp id="7300" class="1005" name="mul_ln73_5_reg_7300">
<pin_list>
<pin id="7301" dir="0" index="0" bw="27" slack="1"/>
<pin id="7302" dir="1" index="1" bw="27" slack="1"/>
</pin_list>
<bind>
<opset="mul_ln73_5 "/>
</bind>
</comp>

<comp id="7304" class="1005" name="mul_ln73_8_reg_7304">
<pin_list>
<pin id="7305" dir="0" index="0" bw="26" slack="1"/>
<pin id="7306" dir="1" index="1" bw="26" slack="1"/>
</pin_list>
<bind>
<opset="mul_ln73_8 "/>
</bind>
</comp>

<comp id="7308" class="1005" name="mul_ln73_9_reg_7308">
<pin_list>
<pin id="7309" dir="0" index="0" bw="26" slack="1"/>
<pin id="7310" dir="1" index="1" bw="26" slack="1"/>
</pin_list>
<bind>
<opset="mul_ln73_9 "/>
</bind>
</comp>

<comp id="7312" class="1005" name="mul_ln73_11_reg_7312">
<pin_list>
<pin id="7313" dir="0" index="0" bw="27" slack="1"/>
<pin id="7314" dir="1" index="1" bw="27" slack="1"/>
</pin_list>
<bind>
<opset="mul_ln73_11 "/>
</bind>
</comp>

<comp id="7316" class="1005" name="mul_ln73_12_reg_7316">
<pin_list>
<pin id="7317" dir="0" index="0" bw="26" slack="1"/>
<pin id="7318" dir="1" index="1" bw="26" slack="1"/>
</pin_list>
<bind>
<opset="mul_ln73_12 "/>
</bind>
</comp>

<comp id="7320" class="1005" name="mul_ln73_13_reg_7320">
<pin_list>
<pin id="7321" dir="0" index="0" bw="26" slack="1"/>
<pin id="7322" dir="1" index="1" bw="26" slack="1"/>
</pin_list>
<bind>
<opset="mul_ln73_13 "/>
</bind>
</comp>

<comp id="7324" class="1005" name="mul_ln73_14_reg_7324">
<pin_list>
<pin id="7325" dir="0" index="0" bw="27" slack="1"/>
<pin id="7326" dir="1" index="1" bw="27" slack="1"/>
</pin_list>
<bind>
<opset="mul_ln73_14 "/>
</bind>
</comp>

<comp id="7328" class="1005" name="mul_ln73_15_reg_7328">
<pin_list>
<pin id="7329" dir="0" index="0" bw="27" slack="1"/>
<pin id="7330" dir="1" index="1" bw="27" slack="1"/>
</pin_list>
<bind>
<opset="mul_ln73_15 "/>
</bind>
</comp>

<comp id="7332" class="1005" name="mul_ln73_16_reg_7332">
<pin_list>
<pin id="7333" dir="0" index="0" bw="27" slack="1"/>
<pin id="7334" dir="1" index="1" bw="27" slack="1"/>
</pin_list>
<bind>
<opset="mul_ln73_16 "/>
</bind>
</comp>

<comp id="7336" class="1005" name="mul_ln73_19_reg_7336">
<pin_list>
<pin id="7337" dir="0" index="0" bw="26" slack="1"/>
<pin id="7338" dir="1" index="1" bw="26" slack="1"/>
</pin_list>
<bind>
<opset="mul_ln73_19 "/>
</bind>
</comp>

<comp id="7340" class="1005" name="mul_ln73_20_reg_7340">
<pin_list>
<pin id="7341" dir="0" index="0" bw="26" slack="1"/>
<pin id="7342" dir="1" index="1" bw="26" slack="1"/>
</pin_list>
<bind>
<opset="mul_ln73_20 "/>
</bind>
</comp>

<comp id="7344" class="1005" name="mul_ln73_21_reg_7344">
<pin_list>
<pin id="7345" dir="0" index="0" bw="25" slack="1"/>
<pin id="7346" dir="1" index="1" bw="25" slack="1"/>
</pin_list>
<bind>
<opset="mul_ln73_21 "/>
</bind>
</comp>

<comp id="7348" class="1005" name="mul_ln73_23_reg_7348">
<pin_list>
<pin id="7349" dir="0" index="0" bw="27" slack="1"/>
<pin id="7350" dir="1" index="1" bw="27" slack="1"/>
</pin_list>
<bind>
<opset="mul_ln73_23 "/>
</bind>
</comp>

<comp id="7352" class="1005" name="mul_ln73_24_reg_7352">
<pin_list>
<pin id="7353" dir="0" index="0" bw="26" slack="1"/>
<pin id="7354" dir="1" index="1" bw="26" slack="1"/>
</pin_list>
<bind>
<opset="mul_ln73_24 "/>
</bind>
</comp>

<comp id="7356" class="1005" name="mul_ln73_25_reg_7356">
<pin_list>
<pin id="7357" dir="0" index="0" bw="26" slack="1"/>
<pin id="7358" dir="1" index="1" bw="26" slack="1"/>
</pin_list>
<bind>
<opset="mul_ln73_25 "/>
</bind>
</comp>

<comp id="7360" class="1005" name="mul_ln73_26_reg_7360">
<pin_list>
<pin id="7361" dir="0" index="0" bw="26" slack="1"/>
<pin id="7362" dir="1" index="1" bw="26" slack="1"/>
</pin_list>
<bind>
<opset="mul_ln73_26 "/>
</bind>
</comp>

<comp id="7364" class="1005" name="mul_ln73_27_reg_7364">
<pin_list>
<pin id="7365" dir="0" index="0" bw="27" slack="1"/>
<pin id="7366" dir="1" index="1" bw="27" slack="1"/>
</pin_list>
<bind>
<opset="mul_ln73_27 "/>
</bind>
</comp>

<comp id="7368" class="1005" name="mul_ln73_30_reg_7368">
<pin_list>
<pin id="7369" dir="0" index="0" bw="26" slack="1"/>
<pin id="7370" dir="1" index="1" bw="26" slack="1"/>
</pin_list>
<bind>
<opset="mul_ln73_30 "/>
</bind>
</comp>

<comp id="7372" class="1005" name="mul_ln73_33_reg_7372">
<pin_list>
<pin id="7373" dir="0" index="0" bw="26" slack="1"/>
<pin id="7374" dir="1" index="1" bw="26" slack="1"/>
</pin_list>
<bind>
<opset="mul_ln73_33 "/>
</bind>
</comp>

<comp id="7376" class="1005" name="mul_ln73_34_reg_7376">
<pin_list>
<pin id="7377" dir="0" index="0" bw="27" slack="1"/>
<pin id="7378" dir="1" index="1" bw="27" slack="1"/>
</pin_list>
<bind>
<opset="mul_ln73_34 "/>
</bind>
</comp>

<comp id="7380" class="1005" name="mul_ln73_36_reg_7380">
<pin_list>
<pin id="7381" dir="0" index="0" bw="26" slack="1"/>
<pin id="7382" dir="1" index="1" bw="26" slack="1"/>
</pin_list>
<bind>
<opset="mul_ln73_36 "/>
</bind>
</comp>

<comp id="7384" class="1005" name="mul_ln73_39_reg_7384">
<pin_list>
<pin id="7385" dir="0" index="0" bw="27" slack="1"/>
<pin id="7386" dir="1" index="1" bw="27" slack="1"/>
</pin_list>
<bind>
<opset="mul_ln73_39 "/>
</bind>
</comp>

<comp id="7388" class="1005" name="mul_ln73_40_reg_7388">
<pin_list>
<pin id="7389" dir="0" index="0" bw="27" slack="1"/>
<pin id="7390" dir="1" index="1" bw="27" slack="1"/>
</pin_list>
<bind>
<opset="mul_ln73_40 "/>
</bind>
</comp>

<comp id="7393" class="1004" name="sext_ln73_fu_7393">
<pin_list>
<pin id="7394" dir="0" index="0" bw="16" slack="0"/>
<pin id="7395" dir="1" index="1" bw="24" slack="0"/>
</pin_list>
<bind>
<opcode="sext(35) " fcode="sext"/>
<opset="sext_ln73/1 "/>
</bind>
</comp>

<comp id="7399" class="1004" name="sext_ln73_1_fu_7399">
<pin_list>
<pin id="7400" dir="0" index="0" bw="16" slack="0"/>
<pin id="7401" dir="1" index="1" bw="25" slack="0"/>
</pin_list>
<bind>
<opcode="sext(35) " fcode="sext"/>
<opset="sext_ln73_1/1 "/>
</bind>
</comp>

<comp id="7405" class="1004" name="shl_ln_fu_7405">
<pin_list>
<pin id="7406" dir="0" index="0" bw="22" slack="0"/>
<pin id="7407" dir="0" index="1" bw="16" slack="0"/>
<pin id="7408" dir="0" index="2" bw="1" slack="0"/>
<pin id="7409" dir="1" index="3" bw="22" slack="0"/>
</pin_list>
<bind>
<opcode="bitconcatenate(1004) " fcode="bitconcatenate"/>
<opset="shl_ln/1 "/>
</bind>
</comp>

<comp id="7413" class="1004" name="sext_ln73_2_fu_7413">
<pin_list>
<pin id="7414" dir="0" index="0" bw="22" slack="0"/>
<pin id="7415" dir="1" index="1" bw="23" slack="0"/>
</pin_list>
<bind>
<opcode="sext(35) " fcode="sext"/>
<opset="sext_ln73_2/1 "/>
</bind>
</comp>

<comp id="7417" class="1004" name="shl_ln73_1_fu_7417">
<pin_list>
<pin id="7418" dir="0" index="0" bw="17" slack="0"/>
<pin id="7419" dir="0" index="1" bw="16" slack="0"/>
<pin id="7420" dir="0" index="2" bw="1" slack="0"/>
<pin id="7421" dir="1" index="3" bw="17" slack="0"/>
</pin_list>
<bind>
<opcode="bitconcatenate(1004) " fcode="bitconcatenate"/>
<opset="shl_ln73_1/1 "/>
</bind>
</comp>

<comp id="7425" class="1004" name="sext_ln73_3_fu_7425">
<pin_list>
<pin id="7426" dir="0" index="0" bw="17" slack="0"/>
<pin id="7427" dir="1" index="1" bw="23" slack="0"/>
</pin_list>
<bind>
<opcode="sext(35) " fcode="sext"/>
<opset="sext_ln73_3/1 "/>
</bind>
</comp>

<comp id="7429" class="1004" name="sub_ln73_fu_7429">
<pin_list>
<pin id="7430" dir="0" index="0" bw="22" slack="0"/>
<pin id="7431" dir="0" index="1" bw="17" slack="0"/>
<pin id="7432" dir="1" index="2" bw="23" slack="0"/>
</pin_list>
<bind>
<opcode="sub(10) " fcode="sub"/>
<opset="sub_ln73/1 "/>
</bind>
</comp>

<comp id="7435" class="1004" name="sext_ln70_fu_7435">
<pin_list>
<pin id="7436" dir="0" index="0" bw="16" slack="0"/>
<pin id="7437" dir="1" index="1" bw="26" slack="0"/>
</pin_list>
<bind>
<opcode="sext(35) " fcode="sext"/>
<opset="sext_ln70/1 "/>
</bind>
</comp>

<comp id="7441" class="1004" name="sext_ln70_3_fu_7441">
<pin_list>
<pin id="7442" dir="0" index="0" bw="16" slack="0"/>
<pin id="7443" dir="1" index="1" bw="24" slack="0"/>
</pin_list>
<bind>
<opcode="sext(35) " fcode="sext"/>
<opset="sext_ln70_3/1 "/>
</bind>
</comp>

<comp id="7447" class="1004" name="sext_ln70_9_fu_7447">
<pin_list>
<pin id="7448" dir="0" index="0" bw="16" slack="0"/>
<pin id="7449" dir="1" index="1" bw="24" slack="0"/>
</pin_list>
<bind>
<opcode="sext(35) " fcode="sext"/>
<opset="sext_ln70_9/1 "/>
</bind>
</comp>

<comp id="7452" class="1004" name="sext_ln70_10_fu_7452">
<pin_list>
<pin id="7453" dir="0" index="0" bw="16" slack="0"/>
<pin id="7454" dir="1" index="1" bw="26" slack="0"/>
</pin_list>
<bind>
<opcode="sext(35) " fcode="sext"/>
<opset="sext_ln70_10/1 "/>
</bind>
</comp>

<comp id="7458" class="1004" name="sext_ln70_14_fu_7458">
<pin_list>
<pin id="7459" dir="0" index="0" bw="16" slack="0"/>
<pin id="7460" dir="1" index="1" bw="26" slack="0"/>
</pin_list>
<bind>
<opcode="sext(35) " fcode="sext"/>
<opset="sext_ln70_14/1 "/>
</bind>
</comp>

<comp id="7463" class="1004" name="sext_ln70_15_fu_7463">
<pin_list>
<pin id="7464" dir="0" index="0" bw="16" slack="0"/>
<pin id="7465" dir="1" index="1" bw="23" slack="0"/>
</pin_list>
<bind>
<opcode="sext(35) " fcode="sext"/>
<opset="sext_ln70_15/1 "/>
</bind>
</comp>

<comp id="7468" class="1004" name="sext_ln70_18_fu_7468">
<pin_list>
<pin id="7469" dir="0" index="0" bw="16" slack="0"/>
<pin id="7470" dir="1" index="1" bw="25" slack="0"/>
</pin_list>
<bind>
<opcode="sext(35) " fcode="sext"/>
<opset="sext_ln70_18/1 "/>
</bind>
</comp>

<comp id="7474" class="1004" name="sext_ln70_20_fu_7474">
<pin_list>
<pin id="7475" dir="0" index="0" bw="16" slack="0"/>
<pin id="7476" dir="1" index="1" bw="24" slack="0"/>
</pin_list>
<bind>
<opcode="sext(35) " fcode="sext"/>
<opset="sext_ln70_20/1 "/>
</bind>
</comp>

<comp id="7479" class="1004" name="sext_ln70_22_fu_7479">
<pin_list>
<pin id="7480" dir="0" index="0" bw="16" slack="0"/>
<pin id="7481" dir="1" index="1" bw="25" slack="0"/>
</pin_list>
<bind>
<opcode="sext(35) " fcode="sext"/>
<opset="sext_ln70_22/1 "/>
</bind>
</comp>

<comp id="7484" class="1004" name="shl_ln73_s_fu_7484">
<pin_list>
<pin id="7485" dir="0" index="0" bw="25" slack="0"/>
<pin id="7486" dir="0" index="1" bw="16" slack="0"/>
<pin id="7487" dir="0" index="2" bw="1" slack="0"/>
<pin id="7488" dir="1" index="3" bw="25" slack="0"/>
</pin_list>
<bind>
<opcode="bitconcatenate(1004) " fcode="bitconcatenate"/>
<opset="shl_ln73_s/1 "/>
</bind>
</comp>

<comp id="7492" class="1004" name="sext_ln73_25_fu_7492">
<pin_list>
<pin id="7493" dir="0" index="0" bw="25" slack="0"/>
<pin id="7494" dir="1" index="1" bw="26" slack="0"/>
</pin_list>
<bind>
<opcode="sext(35) " fcode="sext"/>
<opset="sext_ln73_25/1 "/>
</bind>
</comp>

<comp id="7496" class="1004" name="sub_ln73_4_fu_7496">
<pin_list>
<pin id="7497" dir="0" index="0" bw="1" slack="0"/>
<pin id="7498" dir="0" index="1" bw="25" slack="0"/>
<pin id="7499" dir="1" index="2" bw="26" slack="1"/>
</pin_list>
<bind>
<opcode="sub(10) " fcode="sub"/>
<opset="sub_ln73_4/1 "/>
</bind>
</comp>

<comp id="7502" class="1004" name="sext_ln73_26_fu_7502">
<pin_list>
<pin id="7503" dir="0" index="0" bw="16" slack="0"/>
<pin id="7504" dir="1" index="1" bw="25" slack="0"/>
</pin_list>
<bind>
<opcode="sext(35) " fcode="sext"/>
<opset="sext_ln73_26/1 "/>
</bind>
</comp>

<comp id="7508" class="1004" name="add_ln58_4_fu_7508">
<pin_list>
<pin id="7509" dir="0" index="0" bw="23" slack="0"/>
<pin id="7510" dir="0" index="1" bw="19" slack="0"/>
<pin id="7511" dir="1" index="2" bw="23" slack="1"/>
</pin_list>
<bind>
<opcode="add(8) " fcode="add"/>
<opset="add_ln58_4/1 "/>
</bind>
</comp>

<comp id="7514" class="1004" name="sext_ln70_1_fu_7514">
<pin_list>
<pin id="7515" dir="0" index="0" bw="16" slack="1"/>
<pin id="7516" dir="1" index="1" bw="27" slack="0"/>
</pin_list>
<bind>
<opcode="sext(35) " fcode="sext"/>
<opset="sext_ln70_1/2 "/>
</bind>
</comp>

<comp id="7518" class="1004" name="sext_ln70_2_fu_7518">
<pin_list>
<pin id="7519" dir="0" index="0" bw="16" slack="1"/>
<pin id="7520" dir="1" index="1" bw="25" slack="0"/>
</pin_list>
<bind>
<opcode="sext(35) " fcode="sext"/>
<opset="sext_ln70_2/2 "/>
</bind>
</comp>

<comp id="7522" class="1004" name="shl_ln73_2_fu_7522">
<pin_list>
<pin id="7523" dir="0" index="0" bw="24" slack="0"/>
<pin id="7524" dir="0" index="1" bw="16" slack="1"/>
<pin id="7525" dir="0" index="2" bw="1" slack="0"/>
<pin id="7526" dir="1" index="3" bw="24" slack="0"/>
</pin_list>
<bind>
<opcode="bitconcatenate(1004) " fcode="bitconcatenate"/>
<opset="shl_ln73_2/2 "/>
</bind>
</comp>

<comp id="7529" class="1004" name="sext_ln73_4_fu_7529">
<pin_list>
<pin id="7530" dir="0" index="0" bw="24" slack="0"/>
<pin id="7531" dir="1" index="1" bw="25" slack="0"/>
</pin_list>
<bind>
<opcode="sext(35) " fcode="sext"/>
<opset="sext_ln73_4/2 "/>
</bind>
</comp>

<comp id="7533" class="1004" name="shl_ln73_3_fu_7533">
<pin_list>
<pin id="7534" dir="0" index="0" bw="21" slack="0"/>
<pin id="7535" dir="0" index="1" bw="16" slack="1"/>
<pin id="7536" dir="0" index="2" bw="1" slack="0"/>
<pin id="7537" dir="1" index="3" bw="21" slack="0"/>
</pin_list>
<bind>
<opcode="bitconcatenate(1004) " fcode="bitconcatenate"/>
<opset="shl_ln73_3/2 "/>
</bind>
</comp>

<comp id="7540" class="1004" name="sext_ln73_5_fu_7540">
<pin_list>
<pin id="7541" dir="0" index="0" bw="21" slack="0"/>
<pin id="7542" dir="1" index="1" bw="25" slack="0"/>
</pin_list>
<bind>
<opcode="sext(35) " fcode="sext"/>
<opset="sext_ln73_5/2 "/>
</bind>
</comp>

<comp id="7544" class="1004" name="sub_ln73_1_fu_7544">
<pin_list>
<pin id="7545" dir="0" index="0" bw="24" slack="0"/>
<pin id="7546" dir="0" index="1" bw="21" slack="0"/>
<pin id="7547" dir="1" index="2" bw="25" slack="0"/>
</pin_list>
<bind>
<opcode="sub(10) " fcode="sub"/>
<opset="sub_ln73_1/2 "/>
</bind>
</comp>

<comp id="7550" class="1004" name="sext_ln70_4_fu_7550">
<pin_list>
<pin id="7551" dir="0" index="0" bw="16" slack="1"/>
<pin id="7552" dir="1" index="1" bw="27" slack="0"/>
</pin_list>
<bind>
<opcode="sext(35) " fcode="sext"/>
<opset="sext_ln70_4/2 "/>
</bind>
</comp>

<comp id="7554" class="1004" name="sext_ln70_5_fu_7554">
<pin_list>
<pin id="7555" dir="0" index="0" bw="16" slack="1"/>
<pin id="7556" dir="1" index="1" bw="26" slack="0"/>
</pin_list>
<bind>
<opcode="sext(35) " fcode="sext"/>
<opset="sext_ln70_5/2 "/>
</bind>
</comp>

<comp id="7559" class="1004" name="sext_ln70_6_fu_7559">
<pin_list>
<pin id="7560" dir="0" index="0" bw="16" slack="1"/>
<pin id="7561" dir="1" index="1" bw="27" slack="0"/>
</pin_list>
<bind>
<opcode="sext(35) " fcode="sext"/>
<opset="sext_ln70_6/2 "/>
</bind>
</comp>

<comp id="7564" class="1004" name="sext_ln70_7_fu_7564">
<pin_list>
<pin id="7565" dir="0" index="0" bw="16" slack="1"/>
<pin id="7566" dir="1" index="1" bw="26" slack="0"/>
</pin_list>
<bind>
<opcode="sext(35) " fcode="sext"/>
<opset="sext_ln70_7/2 "/>
</bind>
</comp>

<comp id="7569" class="1004" name="shl_ln73_4_fu_7569">
<pin_list>
<pin id="7570" dir="0" index="0" bw="24" slack="0"/>
<pin id="7571" dir="0" index="1" bw="16" slack="1"/>
<pin id="7572" dir="0" index="2" bw="1" slack="0"/>
<pin id="7573" dir="1" index="3" bw="24" slack="0"/>
</pin_list>
<bind>
<opcode="bitconcatenate(1004) " fcode="bitconcatenate"/>
<opset="shl_ln73_4/2 "/>
</bind>
</comp>

<comp id="7576" class="1004" name="sext_ln73_9_fu_7576">
<pin_list>
<pin id="7577" dir="0" index="0" bw="24" slack="0"/>
<pin id="7578" dir="1" index="1" bw="25" slack="0"/>
</pin_list>
<bind>
<opcode="sext(35) " fcode="sext"/>
<opset="sext_ln73_9/2 "/>
</bind>
</comp>

<comp id="7580" class="1004" name="shl_ln73_5_fu_7580">
<pin_list>
<pin id="7581" dir="0" index="0" bw="21" slack="0"/>
<pin id="7582" dir="0" index="1" bw="16" slack="1"/>
<pin id="7583" dir="0" index="2" bw="1" slack="0"/>
<pin id="7584" dir="1" index="3" bw="21" slack="0"/>
</pin_list>
<bind>
<opcode="bitconcatenate(1004) " fcode="bitconcatenate"/>
<opset="shl_ln73_5/2 "/>
</bind>
</comp>

<comp id="7587" class="1004" name="sext_ln73_10_fu_7587">
<pin_list>
<pin id="7588" dir="0" index="0" bw="21" slack="0"/>
<pin id="7589" dir="1" index="1" bw="25" slack="0"/>
</pin_list>
<bind>
<opcode="sext(35) " fcode="sext"/>
<opset="sext_ln73_10/2 "/>
</bind>
</comp>

<comp id="7591" class="1004" name="add_ln73_fu_7591">
<pin_list>
<pin id="7592" dir="0" index="0" bw="24" slack="0"/>
<pin id="7593" dir="0" index="1" bw="21" slack="0"/>
<pin id="7594" dir="1" index="2" bw="25" slack="0"/>
</pin_list>
<bind>
<opcode="add(8) " fcode="add"/>
<opset="add_ln73/2 "/>
</bind>
</comp>

<comp id="7597" class="1004" name="sext_ln70_8_fu_7597">
<pin_list>
<pin id="7598" dir="0" index="0" bw="25" slack="0"/>
<pin id="7599" dir="1" index="1" bw="26" slack="0"/>
</pin_list>
<bind>
<opcode="sext(35) " fcode="sext"/>
<opset="sext_ln70_8/2 "/>
</bind>
</comp>

<comp id="7601" class="1004" name="sext_ln70_11_fu_7601">
<pin_list>
<pin id="7602" dir="0" index="0" bw="16" slack="1"/>
<pin id="7603" dir="1" index="1" bw="27" slack="0"/>
</pin_list>
<bind>
<opcode="sext(35) " fcode="sext"/>
<opset="sext_ln70_11/2 "/>
</bind>
</comp>

<comp id="7605" class="1004" name="shl_ln73_6_fu_7605">
<pin_list>
<pin id="7606" dir="0" index="0" bw="22" slack="0"/>
<pin id="7607" dir="0" index="1" bw="16" slack="1"/>
<pin id="7608" dir="0" index="2" bw="1" slack="0"/>
<pin id="7609" dir="1" index="3" bw="22" slack="0"/>
</pin_list>
<bind>
<opcode="bitconcatenate(1004) " fcode="bitconcatenate"/>
<opset="shl_ln73_6/2 "/>
</bind>
</comp>

<comp id="7612" class="1004" name="sext_ln73_11_fu_7612">
<pin_list>
<pin id="7613" dir="0" index="0" bw="22" slack="0"/>
<pin id="7614" dir="1" index="1" bw="23" slack="0"/>
</pin_list>
<bind>
<opcode="sext(35) " fcode="sext"/>
<opset="sext_ln73_11/2 "/>
</bind>
</comp>

<comp id="7616" class="1004" name="shl_ln73_7_fu_7616">
<pin_list>
<pin id="7617" dir="0" index="0" bw="19" slack="0"/>
<pin id="7618" dir="0" index="1" bw="16" slack="1"/>
<pin id="7619" dir="0" index="2" bw="1" slack="0"/>
<pin id="7620" dir="1" index="3" bw="19" slack="0"/>
</pin_list>
<bind>
<opcode="bitconcatenate(1004) " fcode="bitconcatenate"/>
<opset="shl_ln73_7/2 "/>
</bind>
</comp>

<comp id="7623" class="1004" name="sext_ln73_12_fu_7623">
<pin_list>
<pin id="7624" dir="0" index="0" bw="19" slack="0"/>
<pin id="7625" dir="1" index="1" bw="23" slack="0"/>
</pin_list>
<bind>
<opcode="sext(35) " fcode="sext"/>
<opset="sext_ln73_12/2 "/>
</bind>
</comp>

<comp id="7627" class="1004" name="sub_ln73_2_fu_7627">
<pin_list>
<pin id="7628" dir="0" index="0" bw="19" slack="0"/>
<pin id="7629" dir="0" index="1" bw="22" slack="0"/>
<pin id="7630" dir="1" index="2" bw="23" slack="0"/>
</pin_list>
<bind>
<opcode="sub(10) " fcode="sub"/>
<opset="sub_ln73_2/2 "/>
</bind>
</comp>

<comp id="7633" class="1004" name="sext_ln73_13_fu_7633">
<pin_list>
<pin id="7634" dir="0" index="0" bw="23" slack="0"/>
<pin id="7635" dir="1" index="1" bw="24" slack="0"/>
</pin_list>
<bind>
<opcode="sext(35) " fcode="sext"/>
<opset="sext_ln73_13/2 "/>
</bind>
</comp>

<comp id="7637" class="1004" name="sext_ln70_12_fu_7637">
<pin_list>
<pin id="7638" dir="0" index="0" bw="16" slack="1"/>
<pin id="7639" dir="1" index="1" bw="27" slack="0"/>
</pin_list>
<bind>
<opcode="sext(35) " fcode="sext"/>
<opset="sext_ln70_12/2 "/>
</bind>
</comp>

<comp id="7641" class="1004" name="sext_ln70_13_fu_7641">
<pin_list>
<pin id="7642" dir="0" index="0" bw="16" slack="1"/>
<pin id="7643" dir="1" index="1" bw="25" slack="0"/>
</pin_list>
<bind>
<opcode="sext(35) " fcode="sext"/>
<opset="sext_ln70_13/2 "/>
</bind>
</comp>

<comp id="7645" class="1004" name="sext_ln73_16_fu_7645">
<pin_list>
<pin id="7646" dir="0" index="0" bw="26" slack="1"/>
<pin id="7647" dir="1" index="1" bw="27" slack="0"/>
</pin_list>
<bind>
<opcode="sext(35) " fcode="sext"/>
<opset="sext_ln73_16/2 "/>
</bind>
</comp>

<comp id="7649" class="1004" name="sext_ln70_16_fu_7649">
<pin_list>
<pin id="7650" dir="0" index="0" bw="16" slack="1"/>
<pin id="7651" dir="1" index="1" bw="27" slack="0"/>
</pin_list>
<bind>
<opcode="sext(35) " fcode="sext"/>
<opset="sext_ln70_16/2 "/>
</bind>
</comp>

<comp id="7653" class="1004" name="sext_ln70_17_fu_7653">
<pin_list>
<pin id="7654" dir="0" index="0" bw="16" slack="1"/>
<pin id="7655" dir="1" index="1" bw="26" slack="0"/>
</pin_list>
<bind>
<opcode="sext(35) " fcode="sext"/>
<opset="sext_ln70_17/2 "/>
</bind>
</comp>

<comp id="7659" class="1004" name="sext_ln70_25_fu_7659">
<pin_list>
<pin id="7660" dir="0" index="0" bw="23" slack="1"/>
<pin id="7661" dir="1" index="1" bw="24" slack="0"/>
</pin_list>
<bind>
<opcode="sext(35) " fcode="sext"/>
<opset="sext_ln70_25/2 "/>
</bind>
</comp>

<comp id="7663" class="1004" name="sext_ln70_19_fu_7663">
<pin_list>
<pin id="7664" dir="0" index="0" bw="16" slack="1"/>
<pin id="7665" dir="1" index="1" bw="26" slack="0"/>
</pin_list>
<bind>
<opcode="sext(35) " fcode="sext"/>
<opset="sext_ln70_19/2 "/>
</bind>
</comp>

<comp id="7668" class="1004" name="sext_ln73_20_fu_7668">
<pin_list>
<pin id="7669" dir="0" index="0" bw="24" slack="1"/>
<pin id="7670" dir="1" index="1" bw="25" slack="0"/>
</pin_list>
<bind>
<opcode="sext(35) " fcode="sext"/>
<opset="sext_ln73_20/2 "/>
</bind>
</comp>

<comp id="7672" class="1004" name="sext_ln73_21_fu_7672">
<pin_list>
<pin id="7673" dir="0" index="0" bw="25" slack="1"/>
<pin id="7674" dir="1" index="1" bw="26" slack="0"/>
</pin_list>
<bind>
<opcode="sext(35) " fcode="sext"/>
<opset="sext_ln73_21/2 "/>
</bind>
</comp>

<comp id="7676" class="1004" name="sext_ln70_21_fu_7676">
<pin_list>
<pin id="7677" dir="0" index="0" bw="16" slack="1"/>
<pin id="7678" dir="1" index="1" bw="26" slack="0"/>
</pin_list>
<bind>
<opcode="sext(35) " fcode="sext"/>
<opset="sext_ln70_21/2 "/>
</bind>
</comp>

<comp id="7680" class="1004" name="sext_ln70_23_fu_7680">
<pin_list>
<pin id="7681" dir="0" index="0" bw="16" slack="1"/>
<pin id="7682" dir="1" index="1" bw="27" slack="0"/>
</pin_list>
<bind>
<opcode="sext(35) " fcode="sext"/>
<opset="sext_ln70_23/2 "/>
</bind>
</comp>

<comp id="7684" class="1004" name="shl_ln73_8_fu_7684">
<pin_list>
<pin id="7685" dir="0" index="0" bw="19" slack="0"/>
<pin id="7686" dir="0" index="1" bw="16" slack="1"/>
<pin id="7687" dir="0" index="2" bw="1" slack="0"/>
<pin id="7688" dir="1" index="3" bw="19" slack="0"/>
</pin_list>
<bind>
<opcode="bitconcatenate(1004) " fcode="bitconcatenate"/>
<opset="shl_ln73_8/2 "/>
</bind>
</comp>

<comp id="7691" class="1004" name="sext_ln73_22_fu_7691">
<pin_list>
<pin id="7692" dir="0" index="0" bw="19" slack="0"/>
<pin id="7693" dir="1" index="1" bw="20" slack="0"/>
</pin_list>
<bind>
<opcode="sext(35) " fcode="sext"/>
<opset="sext_ln73_22/2 "/>
</bind>
</comp>

<comp id="7695" class="1004" name="shl_ln73_9_fu_7695">
<pin_list>
<pin id="7696" dir="0" index="0" bw="17" slack="0"/>
<pin id="7697" dir="0" index="1" bw="16" slack="1"/>
<pin id="7698" dir="0" index="2" bw="1" slack="0"/>
<pin id="7699" dir="1" index="3" bw="17" slack="0"/>
</pin_list>
<bind>
<opcode="bitconcatenate(1004) " fcode="bitconcatenate"/>
<opset="shl_ln73_9/2 "/>
</bind>
</comp>

<comp id="7702" class="1004" name="sext_ln73_23_fu_7702">
<pin_list>
<pin id="7703" dir="0" index="0" bw="17" slack="0"/>
<pin id="7704" dir="1" index="1" bw="20" slack="0"/>
</pin_list>
<bind>
<opcode="sext(35) " fcode="sext"/>
<opset="sext_ln73_23/2 "/>
</bind>
</comp>

<comp id="7706" class="1004" name="sub_ln73_3_fu_7706">
<pin_list>
<pin id="7707" dir="0" index="0" bw="19" slack="0"/>
<pin id="7708" dir="0" index="1" bw="17" slack="0"/>
<pin id="7709" dir="1" index="2" bw="20" slack="0"/>
</pin_list>
<bind>
<opcode="sub(10) " fcode="sub"/>
<opset="sub_ln73_3/2 "/>
</bind>
</comp>

<comp id="7712" class="1004" name="sext_ln73_24_fu_7712">
<pin_list>
<pin id="7713" dir="0" index="0" bw="20" slack="0"/>
<pin id="7714" dir="1" index="1" bw="25" slack="0"/>
</pin_list>
<bind>
<opcode="sext(35) " fcode="sext"/>
<opset="sext_ln73_24/2 "/>
</bind>
</comp>

<comp id="7716" class="1004" name="sub_ln73_5_fu_7716">
<pin_list>
<pin id="7717" dir="0" index="0" bw="26" slack="1"/>
<pin id="7718" dir="0" index="1" bw="16" slack="0"/>
<pin id="7719" dir="1" index="2" bw="26" slack="0"/>
</pin_list>
<bind>
<opcode="sub(10) " fcode="sub"/>
<opset="sub_ln73_5/2 "/>
</bind>
</comp>

<comp id="7721" class="1004" name="sext_ln70_24_fu_7721">
<pin_list>
<pin id="7722" dir="0" index="0" bw="16" slack="1"/>
<pin id="7723" dir="1" index="1" bw="27" slack="0"/>
</pin_list>
<bind>
<opcode="sext(35) " fcode="sext"/>
<opset="sext_ln70_24/2 "/>
</bind>
</comp>

<comp id="7726" class="1004" name="add_ln58_fu_7726">
<pin_list>
<pin id="7727" dir="0" index="0" bw="24" slack="1"/>
<pin id="7728" dir="0" index="1" bw="19" slack="0"/>
<pin id="7729" dir="1" index="2" bw="24" slack="0"/>
</pin_list>
<bind>
<opcode="add(8) " fcode="add"/>
<opset="add_ln58/2 "/>
</bind>
</comp>

<comp id="7732" class="1004" name="sext_ln58_1_fu_7732">
<pin_list>
<pin id="7733" dir="0" index="0" bw="24" slack="0"/>
<pin id="7734" dir="1" index="1" bw="25" slack="0"/>
</pin_list>
<bind>
<opcode="sext(35) " fcode="sext"/>
<opset="sext_ln58_1/2 "/>
</bind>
</comp>

<comp id="7736" class="1004" name="add_ln58_1_fu_7736">
<pin_list>
<pin id="7737" dir="0" index="0" bw="25" slack="1"/>
<pin id="7738" dir="0" index="1" bw="19" slack="0"/>
<pin id="7739" dir="1" index="2" bw="25" slack="1"/>
</pin_list>
<bind>
<opcode="add(8) " fcode="add"/>
<opset="add_ln58_1/2 "/>
</bind>
</comp>

<comp id="7742" class="1004" name="add_ln58_2_fu_7742">
<pin_list>
<pin id="7743" dir="0" index="0" bw="25" slack="1"/>
<pin id="7744" dir="0" index="1" bw="19" slack="0"/>
<pin id="7745" dir="1" index="2" bw="25" slack="1"/>
</pin_list>
<bind>
<opcode="add(8) " fcode="add"/>
<opset="add_ln58_2/2 "/>
</bind>
</comp>

<comp id="7748" class="1004" name="add_ln58_3_fu_7748">
<pin_list>
<pin id="7749" dir="0" index="0" bw="24" slack="1"/>
<pin id="7750" dir="0" index="1" bw="16" slack="0"/>
<pin id="7751" dir="1" index="2" bw="24" slack="0"/>
</pin_list>
<bind>
<opcode="add(8) " fcode="add"/>
<opset="add_ln58_3/2 "/>
</bind>
</comp>

<comp id="7754" class="1004" name="sext_ln58_4_fu_7754">
<pin_list>
<pin id="7755" dir="0" index="0" bw="24" slack="0"/>
<pin id="7756" dir="1" index="1" bw="26" slack="0"/>
</pin_list>
<bind>
<opcode="sext(35) " fcode="sext"/>
<opset="sext_ln58_4/2 "/>
</bind>
</comp>

<comp id="7758" class="1004" name="sext_ln58_5_fu_7758">
<pin_list>
<pin id="7759" dir="0" index="0" bw="23" slack="1"/>
<pin id="7760" dir="1" index="1" bw="24" slack="0"/>
</pin_list>
<bind>
<opcode="sext(35) " fcode="sext"/>
<opset="sext_ln58_5/2 "/>
</bind>
</comp>

<comp id="7761" class="1004" name="add_ln58_5_fu_7761">
<pin_list>
<pin id="7762" dir="0" index="0" bw="25" slack="0"/>
<pin id="7763" dir="0" index="1" bw="24" slack="0"/>
<pin id="7764" dir="1" index="2" bw="25" slack="1"/>
</pin_list>
<bind>
<opcode="add(8) " fcode="add"/>
<opset="add_ln58_5/2 "/>
</bind>
</comp>

<comp id="7767" class="1004" name="add_ln58_6_fu_7767">
<pin_list>
<pin id="7768" dir="0" index="0" bw="26" slack="1"/>
<pin id="7769" dir="0" index="1" bw="24" slack="0"/>
<pin id="7770" dir="1" index="2" bw="26" slack="0"/>
</pin_list>
<bind>
<opcode="add(8) " fcode="add"/>
<opset="add_ln58_6/2 "/>
</bind>
</comp>

<comp id="7773" class="1004" name="add_ln58_10_fu_7773">
<pin_list>
<pin id="7774" dir="0" index="0" bw="24" slack="1"/>
<pin id="7775" dir="0" index="1" bw="23" slack="0"/>
<pin id="7776" dir="1" index="2" bw="24" slack="0"/>
</pin_list>
<bind>
<opcode="add(8) " fcode="add"/>
<opset="add_ln58_10/2 "/>
</bind>
</comp>

<comp id="7779" class="1004" name="sext_ln58_9_fu_7779">
<pin_list>
<pin id="7780" dir="0" index="0" bw="24" slack="0"/>
<pin id="7781" dir="1" index="1" bw="26" slack="0"/>
</pin_list>
<bind>
<opcode="sext(35) " fcode="sext"/>
<opset="sext_ln58_9/2 "/>
</bind>
</comp>

<comp id="7783" class="1004" name="add_ln58_11_fu_7783">
<pin_list>
<pin id="7784" dir="0" index="0" bw="24" slack="0"/>
<pin id="7785" dir="0" index="1" bw="26" slack="1"/>
<pin id="7786" dir="1" index="2" bw="26" slack="1"/>
</pin_list>
<bind>
<opcode="add(8) " fcode="add"/>
<opset="add_ln58_11/2 "/>
</bind>
</comp>

<comp id="7789" class="1004" name="add_ln58_15_fu_7789">
<pin_list>
<pin id="7790" dir="0" index="0" bw="24" slack="1"/>
<pin id="7791" dir="0" index="1" bw="23" slack="0"/>
<pin id="7792" dir="1" index="2" bw="24" slack="1"/>
</pin_list>
<bind>
<opcode="add(8) " fcode="add"/>
<opset="add_ln58_15/2 "/>
</bind>
</comp>

<comp id="7795" class="1004" name="add_ln58_19_fu_7795">
<pin_list>
<pin id="7796" dir="0" index="0" bw="26" slack="0"/>
<pin id="7797" dir="0" index="1" bw="26" slack="1"/>
<pin id="7798" dir="1" index="2" bw="26" slack="1"/>
</pin_list>
<bind>
<opcode="add(8) " fcode="add"/>
<opset="add_ln58_19/2 "/>
</bind>
</comp>

<comp id="7801" class="1004" name="add_ln58_25_fu_7801">
<pin_list>
<pin id="7802" dir="0" index="0" bw="24" slack="1"/>
<pin id="7803" dir="0" index="1" bw="23" slack="0"/>
<pin id="7804" dir="1" index="2" bw="24" slack="0"/>
</pin_list>
<bind>
<opcode="add(8) " fcode="add"/>
<opset="add_ln58_25/2 "/>
</bind>
</comp>

<comp id="7807" class="1004" name="sext_ln58_25_fu_7807">
<pin_list>
<pin id="7808" dir="0" index="0" bw="24" slack="0"/>
<pin id="7809" dir="1" index="1" bw="26" slack="0"/>
</pin_list>
<bind>
<opcode="sext(35) " fcode="sext"/>
<opset="sext_ln58_25/2 "/>
</bind>
</comp>

<comp id="7811" class="1004" name="add_ln58_26_fu_7811">
<pin_list>
<pin id="7812" dir="0" index="0" bw="24" slack="0"/>
<pin id="7813" dir="0" index="1" bw="25" slack="0"/>
<pin id="7814" dir="1" index="2" bw="26" slack="1"/>
</pin_list>
<bind>
<opcode="add(8) " fcode="add"/>
<opset="add_ln58_26/2 "/>
</bind>
</comp>

<comp id="7817" class="1004" name="add_ln58_29_fu_7817">
<pin_list>
<pin id="7818" dir="0" index="0" bw="26" slack="0"/>
<pin id="7819" dir="0" index="1" bw="25" slack="0"/>
<pin id="7820" dir="1" index="2" bw="26" slack="0"/>
</pin_list>
<bind>
<opcode="add(8) " fcode="add"/>
<opset="add_ln58_29/2 "/>
</bind>
</comp>

<comp id="7823" class="1004" name="sext_ln58_27_fu_7823">
<pin_list>
<pin id="7824" dir="0" index="0" bw="26" slack="0"/>
<pin id="7825" dir="1" index="1" bw="27" slack="0"/>
</pin_list>
<bind>
<opcode="sext(35) " fcode="sext"/>
<opset="sext_ln58_27/2 "/>
</bind>
</comp>

<comp id="7827" class="1004" name="add_ln58_30_fu_7827">
<pin_list>
<pin id="7828" dir="0" index="0" bw="26" slack="0"/>
<pin id="7829" dir="0" index="1" bw="26" slack="0"/>
<pin id="7830" dir="1" index="2" bw="27" slack="1"/>
</pin_list>
<bind>
<opcode="add(8) " fcode="add"/>
<opset="add_ln58_30/2 "/>
</bind>
</comp>

<comp id="7833" class="1004" name="add_ln58_34_fu_7833">
<pin_list>
<pin id="7834" dir="0" index="0" bw="25" slack="1"/>
<pin id="7835" dir="0" index="1" bw="24" slack="0"/>
<pin id="7836" dir="1" index="2" bw="25" slack="1"/>
</pin_list>
<bind>
<opcode="add(8) " fcode="add"/>
<opset="add_ln58_34/2 "/>
</bind>
</comp>

<comp id="7839" class="1004" name="add_ln58_38_fu_7839">
<pin_list>
<pin id="7840" dir="0" index="0" bw="25" slack="1"/>
<pin id="7841" dir="0" index="1" bw="20" slack="0"/>
<pin id="7842" dir="1" index="2" bw="25" slack="1"/>
</pin_list>
<bind>
<opcode="add(8) " fcode="add"/>
<opset="add_ln58_38/2 "/>
</bind>
</comp>

<comp id="7845" class="1004" name="add_ln58_43_fu_7845">
<pin_list>
<pin id="7846" dir="0" index="0" bw="25" slack="1"/>
<pin id="7847" dir="0" index="1" bw="25" slack="1"/>
<pin id="7848" dir="1" index="2" bw="25" slack="1"/>
</pin_list>
<bind>
<opcode="add(8) " fcode="add"/>
<opset="add_ln58_43/2 "/>
</bind>
</comp>

<comp id="7851" class="1004" name="sext_ln73_6_fu_7851">
<pin_list>
<pin id="7852" dir="0" index="0" bw="25" slack="1"/>
<pin id="7853" dir="1" index="1" bw="26" slack="0"/>
</pin_list>
<bind>
<opcode="sext(35) " fcode="sext"/>
<opset="sext_ln73_6/3 "/>
</bind>
</comp>

<comp id="7855" class="1004" name="sext_ln73_7_fu_7855">
<pin_list>
<pin id="7856" dir="0" index="0" bw="26" slack="1"/>
<pin id="7857" dir="1" index="1" bw="27" slack="0"/>
</pin_list>
<bind>
<opcode="sext(35) " fcode="sext"/>
<opset="sext_ln73_7/3 "/>
</bind>
</comp>

<comp id="7859" class="1004" name="sext_ln73_8_fu_7859">
<pin_list>
<pin id="7860" dir="0" index="0" bw="26" slack="1"/>
<pin id="7861" dir="1" index="1" bw="27" slack="0"/>
</pin_list>
<bind>
<opcode="sext(35) " fcode="sext"/>
<opset="sext_ln73_8/3 "/>
</bind>
</comp>

<comp id="7863" class="1004" name="sext_ln73_14_fu_7863">
<pin_list>
<pin id="7864" dir="0" index="0" bw="26" slack="1"/>
<pin id="7865" dir="1" index="1" bw="27" slack="0"/>
</pin_list>
<bind>
<opcode="sext(35) " fcode="sext"/>
<opset="sext_ln73_14/3 "/>
</bind>
</comp>

<comp id="7867" class="1004" name="sext_ln73_15_fu_7867">
<pin_list>
<pin id="7868" dir="0" index="0" bw="25" slack="1"/>
<pin id="7869" dir="1" index="1" bw="26" slack="0"/>
</pin_list>
<bind>
<opcode="sext(35) " fcode="sext"/>
<opset="sext_ln73_15/3 "/>
</bind>
</comp>

<comp id="7871" class="1004" name="sext_ln73_17_fu_7871">
<pin_list>
<pin id="7872" dir="0" index="0" bw="26" slack="1"/>
<pin id="7873" dir="1" index="1" bw="28" slack="0"/>
</pin_list>
<bind>
<opcode="sext(35) " fcode="sext"/>
<opset="sext_ln73_17/3 "/>
</bind>
</comp>

<comp id="7875" class="1004" name="sext_ln73_18_fu_7875">
<pin_list>
<pin id="7876" dir="0" index="0" bw="26" slack="1"/>
<pin id="7877" dir="1" index="1" bw="27" slack="0"/>
</pin_list>
<bind>
<opcode="sext(35) " fcode="sext"/>
<opset="sext_ln73_18/3 "/>
</bind>
</comp>

<comp id="7879" class="1004" name="sext_ln73_19_fu_7879">
<pin_list>
<pin id="7880" dir="0" index="0" bw="27" slack="1"/>
<pin id="7881" dir="1" index="1" bw="28" slack="0"/>
</pin_list>
<bind>
<opcode="sext(35) " fcode="sext"/>
<opset="sext_ln73_19/3 "/>
</bind>
</comp>

<comp id="7883" class="1004" name="mul_ln73_35_cast_fu_7883">
<pin_list>
<pin id="7884" dir="0" index="0" bw="26" slack="1"/>
<pin id="7885" dir="1" index="1" bw="28" slack="0"/>
</pin_list>
<bind>
<opcode="sext(35) " fcode="sext"/>
<opset="mul_ln73_35_cast/3 "/>
</bind>
</comp>

<comp id="7887" class="1004" name="sext_ln73_27_fu_7887">
<pin_list>
<pin id="7888" dir="0" index="0" bw="27" slack="1"/>
<pin id="7889" dir="1" index="1" bw="29" slack="0"/>
</pin_list>
<bind>
<opcode="sext(35) " fcode="sext"/>
<opset="sext_ln73_27/3 "/>
</bind>
</comp>

<comp id="7891" class="1004" name="shl_ln73_10_fu_7891">
<pin_list>
<pin id="7892" dir="0" index="0" bw="24" slack="0"/>
<pin id="7893" dir="0" index="1" bw="16" slack="2"/>
<pin id="7894" dir="0" index="2" bw="1" slack="0"/>
<pin id="7895" dir="1" index="3" bw="24" slack="0"/>
</pin_list>
<bind>
<opcode="bitconcatenate(1004) " fcode="bitconcatenate"/>
<opset="shl_ln73_10/3 "/>
</bind>
</comp>

<comp id="7898" class="1004" name="sext_ln73_28_fu_7898">
<pin_list>
<pin id="7899" dir="0" index="0" bw="24" slack="0"/>
<pin id="7900" dir="1" index="1" bw="25" slack="0"/>
</pin_list>
<bind>
<opcode="sext(35) " fcode="sext"/>
<opset="sext_ln73_28/3 "/>
</bind>
</comp>

<comp id="7902" class="1004" name="sub_ln73_6_fu_7902">
<pin_list>
<pin id="7903" dir="0" index="0" bw="1" slack="0"/>
<pin id="7904" dir="0" index="1" bw="24" slack="0"/>
<pin id="7905" dir="1" index="2" bw="25" slack="0"/>
</pin_list>
<bind>
<opcode="sub(10) " fcode="sub"/>
<opset="sub_ln73_6/3 "/>
</bind>
</comp>

<comp id="7908" class="1004" name="shl_ln73_11_fu_7908">
<pin_list>
<pin id="7909" dir="0" index="0" bw="21" slack="0"/>
<pin id="7910" dir="0" index="1" bw="16" slack="2"/>
<pin id="7911" dir="0" index="2" bw="1" slack="0"/>
<pin id="7912" dir="1" index="3" bw="21" slack="0"/>
</pin_list>
<bind>
<opcode="bitconcatenate(1004) " fcode="bitconcatenate"/>
<opset="shl_ln73_11/3 "/>
</bind>
</comp>

<comp id="7915" class="1004" name="sext_ln73_29_fu_7915">
<pin_list>
<pin id="7916" dir="0" index="0" bw="21" slack="0"/>
<pin id="7917" dir="1" index="1" bw="25" slack="0"/>
</pin_list>
<bind>
<opcode="sext(35) " fcode="sext"/>
<opset="sext_ln73_29/3 "/>
</bind>
</comp>

<comp id="7919" class="1004" name="sub_ln73_7_fu_7919">
<pin_list>
<pin id="7920" dir="0" index="0" bw="25" slack="0"/>
<pin id="7921" dir="0" index="1" bw="21" slack="0"/>
<pin id="7922" dir="1" index="2" bw="25" slack="0"/>
</pin_list>
<bind>
<opcode="sub(10) " fcode="sub"/>
<opset="sub_ln73_7/3 "/>
</bind>
</comp>

<comp id="7925" class="1004" name="sext_ln58_fu_7925">
<pin_list>
<pin id="7926" dir="0" index="0" bw="25" slack="0"/>
<pin id="7927" dir="1" index="1" bw="26" slack="0"/>
</pin_list>
<bind>
<opcode="sext(35) " fcode="sext"/>
<opset="sext_ln58/3 "/>
</bind>
</comp>

<comp id="7929" class="1004" name="sext_ln58_2_fu_7929">
<pin_list>
<pin id="7930" dir="0" index="0" bw="25" slack="1"/>
<pin id="7931" dir="1" index="1" bw="26" slack="0"/>
</pin_list>
<bind>
<opcode="sext(35) " fcode="sext"/>
<opset="sext_ln58_2/3 "/>
</bind>
</comp>

<comp id="7932" class="1004" name="sext_ln58_3_fu_7932">
<pin_list>
<pin id="7933" dir="0" index="0" bw="25" slack="1"/>
<pin id="7934" dir="1" index="1" bw="26" slack="0"/>
</pin_list>
<bind>
<opcode="sext(35) " fcode="sext"/>
<opset="sext_ln58_3/3 "/>
</bind>
</comp>

<comp id="7935" class="1004" name="sext_ln58_6_fu_7935">
<pin_list>
<pin id="7936" dir="0" index="0" bw="25" slack="1"/>
<pin id="7937" dir="1" index="1" bw="26" slack="0"/>
</pin_list>
<bind>
<opcode="sext(35) " fcode="sext"/>
<opset="sext_ln58_6/3 "/>
</bind>
</comp>

<comp id="7938" class="1004" name="add_ln58_7_fu_7938">
<pin_list>
<pin id="7939" dir="0" index="0" bw="26" slack="1"/>
<pin id="7940" dir="0" index="1" bw="25" slack="0"/>
<pin id="7941" dir="1" index="2" bw="26" slack="0"/>
</pin_list>
<bind>
<opcode="add(8) " fcode="add"/>
<opset="add_ln58_7/3 "/>
</bind>
</comp>

<comp id="7944" class="1004" name="sext_ln58_7_fu_7944">
<pin_list>
<pin id="7945" dir="0" index="0" bw="26" slack="0"/>
<pin id="7946" dir="1" index="1" bw="27" slack="0"/>
</pin_list>
<bind>
<opcode="sext(35) " fcode="sext"/>
<opset="sext_ln58_7/3 "/>
</bind>
</comp>

<comp id="7948" class="1004" name="add_ln58_8_fu_7948">
<pin_list>
<pin id="7949" dir="0" index="0" bw="25" slack="0"/>
<pin id="7950" dir="0" index="1" bw="25" slack="0"/>
<pin id="7951" dir="1" index="2" bw="26" slack="0"/>
</pin_list>
<bind>
<opcode="add(8) " fcode="add"/>
<opset="add_ln58_8/3 "/>
</bind>
</comp>

<comp id="7954" class="1004" name="add_ln58_9_fu_7954">
<pin_list>
<pin id="7955" dir="0" index="0" bw="26" slack="0"/>
<pin id="7956" dir="0" index="1" bw="26" slack="1"/>
<pin id="7957" dir="1" index="2" bw="26" slack="0"/>
</pin_list>
<bind>
<opcode="add(8) " fcode="add"/>
<opset="add_ln58_9/3 "/>
</bind>
</comp>

<comp id="7960" class="1004" name="sext_ln58_8_fu_7960">
<pin_list>
<pin id="7961" dir="0" index="0" bw="26" slack="0"/>
<pin id="7962" dir="1" index="1" bw="27" slack="0"/>
</pin_list>
<bind>
<opcode="sext(35) " fcode="sext"/>
<opset="sext_ln58_8/3 "/>
</bind>
</comp>

<comp id="7964" class="1004" name="sext_ln58_10_fu_7964">
<pin_list>
<pin id="7965" dir="0" index="0" bw="26" slack="1"/>
<pin id="7966" dir="1" index="1" bw="27" slack="0"/>
</pin_list>
<bind>
<opcode="sext(35) " fcode="sext"/>
<opset="sext_ln58_10/3 "/>
</bind>
</comp>

<comp id="7967" class="1004" name="add_ln58_12_fu_7967">
<pin_list>
<pin id="7968" dir="0" index="0" bw="26" slack="0"/>
<pin id="7969" dir="0" index="1" bw="26" slack="0"/>
<pin id="7970" dir="1" index="2" bw="27" slack="0"/>
</pin_list>
<bind>
<opcode="add(8) " fcode="add"/>
<opset="add_ln58_12/3 "/>
</bind>
</comp>

<comp id="7973" class="1004" name="add_ln58_13_fu_7973">
<pin_list>
<pin id="7974" dir="0" index="0" bw="27" slack="0"/>
<pin id="7975" dir="0" index="1" bw="27" slack="1"/>
<pin id="7976" dir="1" index="2" bw="27" slack="0"/>
</pin_list>
<bind>
<opcode="add(8) " fcode="add"/>
<opset="add_ln58_13/3 "/>
</bind>
</comp>

<comp id="7979" class="1004" name="sext_ln58_11_fu_7979">
<pin_list>
<pin id="7980" dir="0" index="0" bw="27" slack="0"/>
<pin id="7981" dir="1" index="1" bw="28" slack="0"/>
</pin_list>
<bind>
<opcode="sext(35) " fcode="sext"/>
<opset="sext_ln58_11/3 "/>
</bind>
</comp>

<comp id="7983" class="1004" name="add_ln58_14_fu_7983">
<pin_list>
<pin id="7984" dir="0" index="0" bw="27" slack="1"/>
<pin id="7985" dir="0" index="1" bw="27" slack="1"/>
<pin id="7986" dir="1" index="2" bw="27" slack="0"/>
</pin_list>
<bind>
<opcode="add(8) " fcode="add"/>
<opset="add_ln58_14/3 "/>
</bind>
</comp>

<comp id="7989" class="1004" name="sext_ln58_21_fu_7989">
<pin_list>
<pin id="7990" dir="0" index="0" bw="24" slack="1"/>
<pin id="7991" dir="1" index="1" bw="26" slack="0"/>
</pin_list>
<bind>
<opcode="sext(35) " fcode="sext"/>
<opset="sext_ln58_21/3 "/>
</bind>
</comp>

<comp id="7992" class="1004" name="add_ln58_16_fu_7992">
<pin_list>
<pin id="7993" dir="0" index="0" bw="24" slack="0"/>
<pin id="7994" dir="0" index="1" bw="25" slack="0"/>
<pin id="7995" dir="1" index="2" bw="26" slack="0"/>
</pin_list>
<bind>
<opcode="add(8) " fcode="add"/>
<opset="add_ln58_16/3 "/>
</bind>
</comp>

<comp id="7998" class="1004" name="sext_ln58_22_fu_7998">
<pin_list>
<pin id="7999" dir="0" index="0" bw="26" slack="0"/>
<pin id="8000" dir="1" index="1" bw="27" slack="0"/>
</pin_list>
<bind>
<opcode="sext(35) " fcode="sext"/>
<opset="sext_ln58_22/3 "/>
</bind>
</comp>

<comp id="8002" class="1004" name="add_ln58_17_fu_8002">
<pin_list>
<pin id="8003" dir="0" index="0" bw="26" slack="0"/>
<pin id="8004" dir="0" index="1" bw="27" slack="0"/>
<pin id="8005" dir="1" index="2" bw="27" slack="0"/>
</pin_list>
<bind>
<opcode="add(8) " fcode="add"/>
<opset="add_ln58_17/3 "/>
</bind>
</comp>

<comp id="8008" class="1004" name="sext_ln58_12_fu_8008">
<pin_list>
<pin id="8009" dir="0" index="0" bw="27" slack="0"/>
<pin id="8010" dir="1" index="1" bw="28" slack="0"/>
</pin_list>
<bind>
<opcode="sext(35) " fcode="sext"/>
<opset="sext_ln58_12/3 "/>
</bind>
</comp>

<comp id="8012" class="1004" name="add_ln58_18_fu_8012">
<pin_list>
<pin id="8013" dir="0" index="0" bw="27" slack="1"/>
<pin id="8014" dir="0" index="1" bw="27" slack="1"/>
<pin id="8015" dir="1" index="2" bw="27" slack="0"/>
</pin_list>
<bind>
<opcode="add(8) " fcode="add"/>
<opset="add_ln58_18/3 "/>
</bind>
</comp>

<comp id="8018" class="1004" name="sext_ln58_23_fu_8018">
<pin_list>
<pin id="8019" dir="0" index="0" bw="26" slack="1"/>
<pin id="8020" dir="1" index="1" bw="27" slack="0"/>
</pin_list>
<bind>
<opcode="sext(35) " fcode="sext"/>
<opset="sext_ln58_23/3 "/>
</bind>
</comp>

<comp id="8021" class="1004" name="add_ln58_20_fu_8021">
<pin_list>
<pin id="8022" dir="0" index="0" bw="26" slack="0"/>
<pin id="8023" dir="0" index="1" bw="27" slack="0"/>
<pin id="8024" dir="1" index="2" bw="27" slack="0"/>
</pin_list>
<bind>
<opcode="add(8) " fcode="add"/>
<opset="add_ln58_20/3 "/>
</bind>
</comp>

<comp id="8027" class="1004" name="sext_ln58_13_fu_8027">
<pin_list>
<pin id="8028" dir="0" index="0" bw="27" slack="0"/>
<pin id="8029" dir="1" index="1" bw="28" slack="0"/>
</pin_list>
<bind>
<opcode="sext(35) " fcode="sext"/>
<opset="sext_ln58_13/3 "/>
</bind>
</comp>

<comp id="8031" class="1004" name="add_ln58_21_fu_8031">
<pin_list>
<pin id="8032" dir="0" index="0" bw="26" slack="0"/>
<pin id="8033" dir="0" index="1" bw="26" slack="0"/>
<pin id="8034" dir="1" index="2" bw="27" slack="0"/>
</pin_list>
<bind>
<opcode="add(8) " fcode="add"/>
<opset="add_ln58_21/3 "/>
</bind>
</comp>

<comp id="8037" class="1004" name="add_ln58_22_fu_8037">
<pin_list>
<pin id="8038" dir="0" index="0" bw="26" slack="2"/>
<pin id="8039" dir="0" index="1" bw="26" slack="1"/>
<pin id="8040" dir="1" index="2" bw="26" slack="0"/>
</pin_list>
<bind>
<opcode="add(8) " fcode="add"/>
<opset="add_ln58_22/3 "/>
</bind>
</comp>

<comp id="8043" class="1004" name="sext_ln58_24_fu_8043">
<pin_list>
<pin id="8044" dir="0" index="0" bw="26" slack="0"/>
<pin id="8045" dir="1" index="1" bw="27" slack="0"/>
</pin_list>
<bind>
<opcode="sext(35) " fcode="sext"/>
<opset="sext_ln58_24/3 "/>
</bind>
</comp>

<comp id="8047" class="1004" name="add_ln58_23_fu_8047">
<pin_list>
<pin id="8048" dir="0" index="0" bw="26" slack="0"/>
<pin id="8049" dir="0" index="1" bw="27" slack="0"/>
<pin id="8050" dir="1" index="2" bw="27" slack="0"/>
</pin_list>
<bind>
<opcode="add(8) " fcode="add"/>
<opset="add_ln58_23/3 "/>
</bind>
</comp>

<comp id="8053" class="1004" name="sext_ln58_14_fu_8053">
<pin_list>
<pin id="8054" dir="0" index="0" bw="27" slack="0"/>
<pin id="8055" dir="1" index="1" bw="28" slack="0"/>
</pin_list>
<bind>
<opcode="sext(35) " fcode="sext"/>
<opset="sext_ln58_14/3 "/>
</bind>
</comp>

<comp id="8057" class="1004" name="add_ln58_24_fu_8057">
<pin_list>
<pin id="8058" dir="0" index="0" bw="27" slack="1"/>
<pin id="8059" dir="0" index="1" bw="26" slack="0"/>
<pin id="8060" dir="1" index="2" bw="27" slack="0"/>
</pin_list>
<bind>
<opcode="add(8) " fcode="add"/>
<opset="add_ln58_24/3 "/>
</bind>
</comp>

<comp id="8063" class="1004" name="sext_ln58_26_fu_8063">
<pin_list>
<pin id="8064" dir="0" index="0" bw="26" slack="1"/>
<pin id="8065" dir="1" index="1" bw="27" slack="0"/>
</pin_list>
<bind>
<opcode="sext(35) " fcode="sext"/>
<opset="sext_ln58_26/3 "/>
</bind>
</comp>

<comp id="8066" class="1004" name="add_ln58_27_fu_8066">
<pin_list>
<pin id="8067" dir="0" index="0" bw="26" slack="0"/>
<pin id="8068" dir="0" index="1" bw="27" slack="0"/>
<pin id="8069" dir="1" index="2" bw="27" slack="0"/>
</pin_list>
<bind>
<opcode="add(8) " fcode="add"/>
<opset="add_ln58_27/3 "/>
</bind>
</comp>

<comp id="8072" class="1004" name="sext_ln58_15_fu_8072">
<pin_list>
<pin id="8073" dir="0" index="0" bw="27" slack="0"/>
<pin id="8074" dir="1" index="1" bw="28" slack="0"/>
</pin_list>
<bind>
<opcode="sext(35) " fcode="sext"/>
<opset="sext_ln58_15/3 "/>
</bind>
</comp>

<comp id="8076" class="1004" name="add_ln58_28_fu_8076">
<pin_list>
<pin id="8077" dir="0" index="0" bw="27" slack="0"/>
<pin id="8078" dir="0" index="1" bw="27" slack="0"/>
<pin id="8079" dir="1" index="2" bw="28" slack="0"/>
</pin_list>
<bind>
<opcode="add(8) " fcode="add"/>
<opset="add_ln58_28/3 "/>
</bind>
</comp>

<comp id="8082" class="1004" name="sext_ln58_28_fu_8082">
<pin_list>
<pin id="8083" dir="0" index="0" bw="27" slack="1"/>
<pin id="8084" dir="1" index="1" bw="28" slack="0"/>
</pin_list>
<bind>
<opcode="sext(35) " fcode="sext"/>
<opset="sext_ln58_28/3 "/>
</bind>
</comp>

<comp id="8085" class="1004" name="add_ln58_31_fu_8085">
<pin_list>
<pin id="8086" dir="0" index="0" bw="27" slack="0"/>
<pin id="8087" dir="0" index="1" bw="28" slack="0"/>
<pin id="8088" dir="1" index="2" bw="28" slack="0"/>
</pin_list>
<bind>
<opcode="add(8) " fcode="add"/>
<opset="add_ln58_31/3 "/>
</bind>
</comp>

<comp id="8091" class="1004" name="sext_ln58_16_fu_8091">
<pin_list>
<pin id="8092" dir="0" index="0" bw="28" slack="0"/>
<pin id="8093" dir="1" index="1" bw="29" slack="0"/>
</pin_list>
<bind>
<opcode="sext(35) " fcode="sext"/>
<opset="sext_ln58_16/3 "/>
</bind>
</comp>

<comp id="8095" class="1004" name="add_ln58_32_fu_8095">
<pin_list>
<pin id="8096" dir="0" index="0" bw="27" slack="1"/>
<pin id="8097" dir="0" index="1" bw="26" slack="0"/>
<pin id="8098" dir="1" index="2" bw="27" slack="0"/>
</pin_list>
<bind>
<opcode="add(8) " fcode="add"/>
<opset="add_ln58_32/3 "/>
</bind>
</comp>

<comp id="8101" class="1004" name="sext_ln58_29_fu_8101">
<pin_list>
<pin id="8102" dir="0" index="0" bw="27" slack="0"/>
<pin id="8103" dir="1" index="1" bw="28" slack="0"/>
</pin_list>
<bind>
<opcode="sext(35) " fcode="sext"/>
<opset="sext_ln58_29/3 "/>
</bind>
</comp>

<comp id="8105" class="1004" name="add_ln58_33_fu_8105">
<pin_list>
<pin id="8106" dir="0" index="0" bw="27" slack="0"/>
<pin id="8107" dir="0" index="1" bw="27" slack="0"/>
<pin id="8108" dir="1" index="2" bw="28" slack="0"/>
</pin_list>
<bind>
<opcode="add(8) " fcode="add"/>
<opset="add_ln58_33/3 "/>
</bind>
</comp>

<comp id="8111" class="1004" name="sext_ln58_30_fu_8111">
<pin_list>
<pin id="8112" dir="0" index="0" bw="25" slack="1"/>
<pin id="8113" dir="1" index="1" bw="26" slack="0"/>
</pin_list>
<bind>
<opcode="sext(35) " fcode="sext"/>
<opset="sext_ln58_30/3 "/>
</bind>
</comp>

<comp id="8114" class="1004" name="add_ln58_35_fu_8114">
<pin_list>
<pin id="8115" dir="0" index="0" bw="25" slack="0"/>
<pin id="8116" dir="0" index="1" bw="26" slack="1"/>
<pin id="8117" dir="1" index="2" bw="26" slack="0"/>
</pin_list>
<bind>
<opcode="add(8) " fcode="add"/>
<opset="add_ln58_35/3 "/>
</bind>
</comp>

<comp id="8120" class="1004" name="sext_ln58_31_fu_8120">
<pin_list>
<pin id="8121" dir="0" index="0" bw="26" slack="0"/>
<pin id="8122" dir="1" index="1" bw="28" slack="0"/>
</pin_list>
<bind>
<opcode="sext(35) " fcode="sext"/>
<opset="sext_ln58_31/3 "/>
</bind>
</comp>

<comp id="8124" class="1004" name="add_ln58_36_fu_8124">
<pin_list>
<pin id="8125" dir="0" index="0" bw="26" slack="0"/>
<pin id="8126" dir="0" index="1" bw="28" slack="0"/>
<pin id="8127" dir="1" index="2" bw="28" slack="0"/>
</pin_list>
<bind>
<opcode="add(8) " fcode="add"/>
<opset="add_ln58_36/3 "/>
</bind>
</comp>

<comp id="8130" class="1004" name="sext_ln58_17_fu_8130">
<pin_list>
<pin id="8131" dir="0" index="0" bw="28" slack="0"/>
<pin id="8132" dir="1" index="1" bw="37" slack="0"/>
</pin_list>
<bind>
<opcode="sext(35) " fcode="sext"/>
<opset="sext_ln58_17/3 "/>
</bind>
</comp>

<comp id="8134" class="1004" name="add_ln58_37_fu_8134">
<pin_list>
<pin id="8135" dir="0" index="0" bw="27" slack="0"/>
<pin id="8136" dir="0" index="1" bw="26" slack="0"/>
<pin id="8137" dir="1" index="2" bw="28" slack="0"/>
</pin_list>
<bind>
<opcode="add(8) " fcode="add"/>
<opset="add_ln58_37/3 "/>
</bind>
</comp>

<comp id="8140" class="1004" name="sext_ln58_32_fu_8140">
<pin_list>
<pin id="8141" dir="0" index="0" bw="25" slack="1"/>
<pin id="8142" dir="1" index="1" bw="26" slack="0"/>
</pin_list>
<bind>
<opcode="sext(35) " fcode="sext"/>
<opset="sext_ln58_32/3 "/>
</bind>
</comp>

<comp id="8143" class="1004" name="add_ln58_39_fu_8143">
<pin_list>
<pin id="8144" dir="0" index="0" bw="25" slack="0"/>
<pin id="8145" dir="0" index="1" bw="26" slack="1"/>
<pin id="8146" dir="1" index="2" bw="26" slack="0"/>
</pin_list>
<bind>
<opcode="add(8) " fcode="add"/>
<opset="add_ln58_39/3 "/>
</bind>
</comp>

<comp id="8149" class="1004" name="sext_ln58_33_fu_8149">
<pin_list>
<pin id="8150" dir="0" index="0" bw="26" slack="0"/>
<pin id="8151" dir="1" index="1" bw="28" slack="0"/>
</pin_list>
<bind>
<opcode="sext(35) " fcode="sext"/>
<opset="sext_ln58_33/3 "/>
</bind>
</comp>

<comp id="8153" class="1004" name="add_ln58_40_fu_8153">
<pin_list>
<pin id="8154" dir="0" index="0" bw="26" slack="0"/>
<pin id="8155" dir="0" index="1" bw="28" slack="0"/>
<pin id="8156" dir="1" index="2" bw="28" slack="0"/>
</pin_list>
<bind>
<opcode="add(8) " fcode="add"/>
<opset="add_ln58_40/3 "/>
</bind>
</comp>

<comp id="8159" class="1004" name="sext_ln58_18_fu_8159">
<pin_list>
<pin id="8160" dir="0" index="0" bw="28" slack="0"/>
<pin id="8161" dir="1" index="1" bw="37" slack="0"/>
</pin_list>
<bind>
<opcode="sext(35) " fcode="sext"/>
<opset="sext_ln58_18/3 "/>
</bind>
</comp>

<comp id="8163" class="1004" name="add_ln58_41_fu_8163">
<pin_list>
<pin id="8164" dir="0" index="0" bw="27" slack="1"/>
<pin id="8165" dir="0" index="1" bw="26" slack="0"/>
<pin id="8166" dir="1" index="2" bw="27" slack="0"/>
</pin_list>
<bind>
<opcode="add(8) " fcode="add"/>
<opset="add_ln58_41/3 "/>
</bind>
</comp>

<comp id="8169" class="1004" name="sext_ln58_34_fu_8169">
<pin_list>
<pin id="8170" dir="0" index="0" bw="27" slack="0"/>
<pin id="8171" dir="1" index="1" bw="28" slack="0"/>
</pin_list>
<bind>
<opcode="sext(35) " fcode="sext"/>
<opset="sext_ln58_34/3 "/>
</bind>
</comp>

<comp id="8173" class="1004" name="add_ln58_42_fu_8173">
<pin_list>
<pin id="8174" dir="0" index="0" bw="27" slack="0"/>
<pin id="8175" dir="0" index="1" bw="27" slack="0"/>
<pin id="8176" dir="1" index="2" bw="28" slack="0"/>
</pin_list>
<bind>
<opcode="add(8) " fcode="add"/>
<opset="add_ln58_42/3 "/>
</bind>
</comp>

<comp id="8179" class="1004" name="sext_ln58_35_fu_8179">
<pin_list>
<pin id="8180" dir="0" index="0" bw="25" slack="1"/>
<pin id="8181" dir="1" index="1" bw="26" slack="0"/>
</pin_list>
<bind>
<opcode="sext(35) " fcode="sext"/>
<opset="sext_ln58_35/3 "/>
</bind>
</comp>

<comp id="8182" class="1004" name="add_ln58_44_fu_8182">
<pin_list>
<pin id="8183" dir="0" index="0" bw="25" slack="0"/>
<pin id="8184" dir="0" index="1" bw="25" slack="0"/>
<pin id="8185" dir="1" index="2" bw="26" slack="0"/>
</pin_list>
<bind>
<opcode="add(8) " fcode="add"/>
<opset="add_ln58_44/3 "/>
</bind>
</comp>

<comp id="8188" class="1004" name="sext_ln58_36_fu_8188">
<pin_list>
<pin id="8189" dir="0" index="0" bw="26" slack="0"/>
<pin id="8190" dir="1" index="1" bw="28" slack="0"/>
</pin_list>
<bind>
<opcode="sext(35) " fcode="sext"/>
<opset="sext_ln58_36/3 "/>
</bind>
</comp>

<comp id="8192" class="1004" name="add_ln58_45_fu_8192">
<pin_list>
<pin id="8193" dir="0" index="0" bw="26" slack="0"/>
<pin id="8194" dir="0" index="1" bw="28" slack="0"/>
<pin id="8195" dir="1" index="2" bw="28" slack="0"/>
</pin_list>
<bind>
<opcode="add(8) " fcode="add"/>
<opset="add_ln58_45/3 "/>
</bind>
</comp>

<comp id="8198" class="1004" name="sext_ln58_19_fu_8198">
<pin_list>
<pin id="8199" dir="0" index="0" bw="28" slack="0"/>
<pin id="8200" dir="1" index="1" bw="37" slack="0"/>
</pin_list>
<bind>
<opcode="sext(35) " fcode="sext"/>
<opset="sext_ln58_19/3 "/>
</bind>
</comp>

<comp id="8202" class="1004" name="add_ln58_46_fu_8202">
<pin_list>
<pin id="8203" dir="0" index="0" bw="28" slack="0"/>
<pin id="8204" dir="0" index="1" bw="27" slack="0"/>
<pin id="8205" dir="1" index="2" bw="29" slack="0"/>
</pin_list>
<bind>
<opcode="add(8) " fcode="add"/>
<opset="add_ln58_46/3 "/>
</bind>
</comp>

<comp id="8208" class="1004" name="sext_ln58_20_fu_8208">
<pin_list>
<pin id="8209" dir="0" index="0" bw="29" slack="0"/>
<pin id="8210" dir="1" index="1" bw="37" slack="0"/>
</pin_list>
<bind>
<opcode="sext(35) " fcode="sext"/>
<opset="sext_ln58_20/3 "/>
</bind>
</comp>

<comp id="8212" class="1004" name="add_ln58_47_fu_8212">
<pin_list>
<pin id="8213" dir="0" index="0" bw="27" slack="0"/>
<pin id="8214" dir="0" index="1" bw="26" slack="0"/>
<pin id="8215" dir="1" index="2" bw="28" slack="0"/>
</pin_list>
<bind>
<opcode="add(8) " fcode="add"/>
<opset="add_ln58_47/3 "/>
</bind>
</comp>

<comp id="8218" class="1004" name="add_ln58_48_fu_8218">
<pin_list>
<pin id="8219" dir="0" index="0" bw="26" slack="1"/>
<pin id="8220" dir="0" index="1" bw="25" slack="0"/>
<pin id="8221" dir="1" index="2" bw="26" slack="0"/>
</pin_list>
<bind>
<opcode="add(8) " fcode="add"/>
<opset="add_ln58_48/3 "/>
</bind>
</comp>

<comp id="8224" class="1004" name="sext_ln58_37_fu_8224">
<pin_list>
<pin id="8225" dir="0" index="0" bw="26" slack="0"/>
<pin id="8226" dir="1" index="1" bw="28" slack="0"/>
</pin_list>
<bind>
<opcode="sext(35) " fcode="sext"/>
<opset="sext_ln58_37/3 "/>
</bind>
</comp>

<comp id="8228" class="1004" name="add_ln58_49_fu_8228">
<pin_list>
<pin id="8229" dir="0" index="0" bw="26" slack="0"/>
<pin id="8230" dir="0" index="1" bw="28" slack="0"/>
<pin id="8231" dir="1" index="2" bw="28" slack="0"/>
</pin_list>
<bind>
<opcode="add(8) " fcode="add"/>
<opset="add_ln58_49/3 "/>
</bind>
</comp>

<comp id="8234" class="1004" name="sext_ln18_fu_8234">
<pin_list>
<pin id="8235" dir="0" index="0" bw="28" slack="0"/>
<pin id="8236" dir="1" index="1" bw="37" slack="0"/>
</pin_list>
<bind>
<opcode="sext(35) " fcode="sext"/>
<opset="sext_ln18/3 "/>
</bind>
</comp>

<comp id="8238" class="1004" name="mrv_fu_8238">
<pin_list>
<pin id="8239" dir="0" index="0" bw="185" slack="0"/>
<pin id="8240" dir="0" index="1" bw="28" slack="0"/>
<pin id="8241" dir="1" index="2" bw="185" slack="0"/>
</pin_list>
<bind>
<opcode="insertvalue(57) " fcode="insertvalue"/>
<opset="mrv/3 "/>
</bind>
</comp>

<comp id="8244" class="1004" name="mrv_1_fu_8244">
<pin_list>
<pin id="8245" dir="0" index="0" bw="185" slack="0"/>
<pin id="8246" dir="0" index="1" bw="28" slack="0"/>
<pin id="8247" dir="1" index="2" bw="185" slack="0"/>
</pin_list>
<bind>
<opcode="insertvalue(57) " fcode="insertvalue"/>
<opset="mrv_1/3 "/>
</bind>
</comp>

<comp id="8250" class="1004" name="mrv_2_fu_8250">
<pin_list>
<pin id="8251" dir="0" index="0" bw="185" slack="0"/>
<pin id="8252" dir="0" index="1" bw="28" slack="0"/>
<pin id="8253" dir="1" index="2" bw="185" slack="0"/>
</pin_list>
<bind>
<opcode="insertvalue(57) " fcode="insertvalue"/>
<opset="mrv_2/3 "/>
</bind>
</comp>

<comp id="8256" class="1004" name="mrv_3_fu_8256">
<pin_list>
<pin id="8257" dir="0" index="0" bw="185" slack="0"/>
<pin id="8258" dir="0" index="1" bw="29" slack="0"/>
<pin id="8259" dir="1" index="2" bw="185" slack="0"/>
</pin_list>
<bind>
<opcode="insertvalue(57) " fcode="insertvalue"/>
<opset="mrv_3/3 "/>
</bind>
</comp>

<comp id="8262" class="1004" name="mrv_4_fu_8262">
<pin_list>
<pin id="8263" dir="0" index="0" bw="185" slack="0"/>
<pin id="8264" dir="0" index="1" bw="28" slack="0"/>
<pin id="8265" dir="1" index="2" bw="185" slack="2147483647"/>
</pin_list>
<bind>
<opcode="insertvalue(57) " fcode="insertvalue"/>
<opset="mrv_4/3 "/>
</bind>
</comp>

<comp id="8268" class="1005" name="data_9_val10_read_reg_8268">
<pin_list>
<pin id="8269" dir="0" index="0" bw="16" slack="1"/>
<pin id="8270" dir="1" index="1" bw="16" slack="1"/>
</pin_list>
<bind>
<opset="data_9_val10_read "/>
</bind>
</comp>

<comp id="8275" class="1005" name="data_8_val9_read_reg_8275">
<pin_list>
<pin id="8276" dir="0" index="0" bw="16" slack="1"/>
<pin id="8277" dir="1" index="1" bw="16" slack="1"/>
</pin_list>
<bind>
<opset="data_8_val9_read "/>
</bind>
</comp>

<comp id="8283" class="1005" name="data_7_val8_read_reg_8283">
<pin_list>
<pin id="8284" dir="0" index="0" bw="16" slack="1"/>
<pin id="8285" dir="1" index="1" bw="16" slack="1"/>
</pin_list>
<bind>
<opset="data_7_val8_read "/>
</bind>
</comp>

<comp id="8288" class="1005" name="data_6_val7_read_reg_8288">
<pin_list>
<pin id="8289" dir="0" index="0" bw="16" slack="1"/>
<pin id="8290" dir="1" index="1" bw="16" slack="1"/>
</pin_list>
<bind>
<opset="data_6_val7_read "/>
</bind>
</comp>

<comp id="8294" class="1005" name="data_5_val6_read_reg_8294">
<pin_list>
<pin id="8295" dir="0" index="0" bw="16" slack="1"/>
<pin id="8296" dir="1" index="1" bw="16" slack="1"/>
</pin_list>
<bind>
<opset="data_5_val6_read "/>
</bind>
</comp>

<comp id="8300" class="1005" name="data_4_val5_read_reg_8300">
<pin_list>
<pin id="8301" dir="0" index="0" bw="16" slack="1"/>
<pin id="8302" dir="1" index="1" bw="16" slack="1"/>
</pin_list>
<bind>
<opset="data_4_val5_read "/>
</bind>
</comp>

<comp id="8307" class="1005" name="data_3_val4_read_reg_8307">
<pin_list>
<pin id="8308" dir="0" index="0" bw="16" slack="1"/>
<pin id="8309" dir="1" index="1" bw="16" slack="1"/>
</pin_list>
<bind>
<opset="data_3_val4_read "/>
</bind>
</comp>

<comp id="8315" class="1005" name="data_2_val3_read_reg_8315">
<pin_list>
<pin id="8316" dir="0" index="0" bw="16" slack="1"/>
<pin id="8317" dir="1" index="1" bw="16" slack="1"/>
</pin_list>
<bind>
<opset="data_2_val3_read "/>
</bind>
</comp>

<comp id="8321" class="1005" name="data_1_val2_read_reg_8321">
<pin_list>
<pin id="8322" dir="0" index="0" bw="16" slack="1"/>
<pin id="8323" dir="1" index="1" bw="16" slack="1"/>
</pin_list>
<bind>
<opset="data_1_val2_read "/>
</bind>
</comp>

<comp id="8329" class="1005" name="sext_ln70_14_reg_8329">
<pin_list>
<pin id="8330" dir="0" index="0" bw="26" slack="1"/>
<pin id="8331" dir="1" index="1" bw="26" slack="1"/>
</pin_list>
<bind>
<opset="sext_ln70_14 "/>
</bind>
</comp>

<comp id="8335" class="1005" name="sub_ln73_4_reg_8335">
<pin_list>
<pin id="8336" dir="0" index="0" bw="26" slack="1"/>
<pin id="8337" dir="1" index="1" bw="26" slack="1"/>
</pin_list>
<bind>
<opset="sub_ln73_4 "/>
</bind>
</comp>

<comp id="8340" class="1005" name="add_ln58_4_reg_8340">
<pin_list>
<pin id="8341" dir="0" index="0" bw="23" slack="1"/>
<pin id="8342" dir="1" index="1" bw="23" slack="1"/>
</pin_list>
<bind>
<opset="add_ln58_4 "/>
</bind>
</comp>

<comp id="8345" class="1005" name="add_ln58_1_reg_8345">
<pin_list>
<pin id="8346" dir="0" index="0" bw="25" slack="1"/>
<pin id="8347" dir="1" index="1" bw="25" slack="1"/>
</pin_list>
<bind>
<opset="add_ln58_1 "/>
</bind>
</comp>

<comp id="8350" class="1005" name="add_ln58_2_reg_8350">
<pin_list>
<pin id="8351" dir="0" index="0" bw="25" slack="1"/>
<pin id="8352" dir="1" index="1" bw="25" slack="1"/>
</pin_list>
<bind>
<opset="add_ln58_2 "/>
</bind>
</comp>

<comp id="8355" class="1005" name="add_ln58_5_reg_8355">
<pin_list>
<pin id="8356" dir="0" index="0" bw="25" slack="1"/>
<pin id="8357" dir="1" index="1" bw="25" slack="1"/>
</pin_list>
<bind>
<opset="add_ln58_5 "/>
</bind>
</comp>

<comp id="8360" class="1005" name="add_ln58_11_reg_8360">
<pin_list>
<pin id="8361" dir="0" index="0" bw="26" slack="1"/>
<pin id="8362" dir="1" index="1" bw="26" slack="1"/>
</pin_list>
<bind>
<opset="add_ln58_11 "/>
</bind>
</comp>

<comp id="8365" class="1005" name="add_ln58_15_reg_8365">
<pin_list>
<pin id="8366" dir="0" index="0" bw="24" slack="1"/>
<pin id="8367" dir="1" index="1" bw="24" slack="1"/>
</pin_list>
<bind>
<opset="add_ln58_15 "/>
</bind>
</comp>

<comp id="8370" class="1005" name="add_ln58_19_reg_8370">
<pin_list>
<pin id="8371" dir="0" index="0" bw="26" slack="1"/>
<pin id="8372" dir="1" index="1" bw="26" slack="1"/>
</pin_list>
<bind>
<opset="add_ln58_19 "/>
</bind>
</comp>

<comp id="8375" class="1005" name="add_ln58_26_reg_8375">
<pin_list>
<pin id="8376" dir="0" index="0" bw="26" slack="1"/>
<pin id="8377" dir="1" index="1" bw="26" slack="1"/>
</pin_list>
<bind>
<opset="add_ln58_26 "/>
</bind>
</comp>

<comp id="8380" class="1005" name="add_ln58_30_reg_8380">
<pin_list>
<pin id="8381" dir="0" index="0" bw="27" slack="1"/>
<pin id="8382" dir="1" index="1" bw="27" slack="1"/>
</pin_list>
<bind>
<opset="add_ln58_30 "/>
</bind>
</comp>

<comp id="8385" class="1005" name="add_ln58_34_reg_8385">
<pin_list>
<pin id="8386" dir="0" index="0" bw="25" slack="1"/>
<pin id="8387" dir="1" index="1" bw="25" slack="1"/>
</pin_list>
<bind>
<opset="add_ln58_34 "/>
</bind>
</comp>

<comp id="8390" class="1005" name="add_ln58_38_reg_8390">
<pin_list>
<pin id="8391" dir="0" index="0" bw="25" slack="1"/>
<pin id="8392" dir="1" index="1" bw="25" slack="1"/>
</pin_list>
<bind>
<opset="add_ln58_38 "/>
</bind>
</comp>

<comp id="8395" class="1005" name="add_ln58_43_reg_8395">
<pin_list>
<pin id="8396" dir="0" index="0" bw="25" slack="1"/>
<pin id="8397" dir="1" index="1" bw="25" slack="1"/>
</pin_list>
<bind>
<opset="add_ln58_43 "/>
</bind>
</comp>

</comp_list>

<net_list>
<net id="166"><net_src comp="20" pin="0"/><net_sink comp="162" pin=0"/></net>

<net id="167"><net_src comp="18" pin="0"/><net_sink comp="162" pin=1"/></net>

<net id="172"><net_src comp="20" pin="0"/><net_sink comp="168" pin=0"/></net>

<net id="173"><net_src comp="16" pin="0"/><net_sink comp="168" pin=1"/></net>

<net id="178"><net_src comp="20" pin="0"/><net_sink comp="174" pin=0"/></net>

<net id="179"><net_src comp="14" pin="0"/><net_sink comp="174" pin=1"/></net>

<net id="184"><net_src comp="20" pin="0"/><net_sink comp="180" pin=0"/></net>

<net id="185"><net_src comp="12" pin="0"/><net_sink comp="180" pin=1"/></net>

<net id="190"><net_src comp="20" pin="0"/><net_sink comp="186" pin=0"/></net>

<net id="191"><net_src comp="10" pin="0"/><net_sink comp="186" pin=1"/></net>

<net id="196"><net_src comp="20" pin="0"/><net_sink comp="192" pin=0"/></net>

<net id="197"><net_src comp="8" pin="0"/><net_sink comp="192" pin=1"/></net>

<net id="202"><net_src comp="20" pin="0"/><net_sink comp="198" pin=0"/></net>

<net id="203"><net_src comp="6" pin="0"/><net_sink comp="198" pin=1"/></net>

<net id="208"><net_src comp="20" pin="0"/><net_sink comp="204" pin=0"/></net>

<net id="209"><net_src comp="4" pin="0"/><net_sink comp="204" pin=1"/></net>

<net id="214"><net_src comp="20" pin="0"/><net_sink comp="210" pin=0"/></net>

<net id="215"><net_src comp="2" pin="0"/><net_sink comp="210" pin=1"/></net>

<net id="220"><net_src comp="20" pin="0"/><net_sink comp="216" pin=0"/></net>

<net id="221"><net_src comp="0" pin="0"/><net_sink comp="216" pin=1"/></net>

<net id="4075"><net_src comp="22" pin="0"/><net_sink comp="265" pin=1"/></net>

<net id="4079"><net_src comp="24" pin="0"/><net_sink comp="238" pin=1"/></net>

<net id="4083"><net_src comp="26" pin="0"/><net_sink comp="268" pin=1"/></net>

<net id="4087"><net_src comp="28" pin="0"/><net_sink comp="246" pin=1"/></net>

<net id="4091"><net_src comp="38" pin="0"/><net_sink comp="231" pin=1"/></net>

<net id="4095"><net_src comp="40" pin="0"/><net_sink comp="258" pin=1"/></net>

<net id="4099"><net_src comp="42" pin="0"/><net_sink comp="223" pin=1"/></net>

<net id="4103"><net_src comp="44" pin="0"/><net_sink comp="235" pin=1"/></net>

<net id="4107"><net_src comp="46" pin="0"/><net_sink comp="270" pin=1"/></net>

<net id="4111"><net_src comp="48" pin="0"/><net_sink comp="234" pin=1"/></net>

<net id="4115"><net_src comp="50" pin="0"/><net_sink comp="256" pin=1"/></net>

<net id="4119"><net_src comp="52" pin="0"/><net_sink comp="263" pin=1"/></net>

<net id="4123"><net_src comp="54" pin="0"/><net_sink comp="236" pin=1"/></net>

<net id="4127"><net_src comp="56" pin="0"/><net_sink comp="251" pin=1"/></net>

<net id="4131"><net_src comp="58" pin="0"/><net_sink comp="248" pin=1"/></net>

<net id="4135"><net_src comp="60" pin="0"/><net_sink comp="260" pin=1"/></net>

<net id="4139"><net_src comp="62" pin="0"/><net_sink comp="230" pin=1"/></net>

<net id="4143"><net_src comp="70" pin="0"/><net_sink comp="264" pin=1"/></net>

<net id="4147"><net_src comp="72" pin="0"/><net_sink comp="224" pin=1"/></net>

<net id="4151"><net_src comp="265" pin="2"/><net_sink comp="4148" pin=0"/></net>

<net id="4155"><net_src comp="238" pin="2"/><net_sink comp="4152" pin=0"/></net>

<net id="4159"><net_src comp="268" pin="2"/><net_sink comp="4156" pin=0"/></net>

<net id="4163"><net_src comp="246" pin="2"/><net_sink comp="4160" pin=0"/></net>

<net id="4167"><net_src comp="231" pin="2"/><net_sink comp="4164" pin=0"/></net>

<net id="4171"><net_src comp="258" pin="2"/><net_sink comp="4168" pin=0"/></net>

<net id="4175"><net_src comp="223" pin="2"/><net_sink comp="4172" pin=0"/></net>

<net id="4179"><net_src comp="235" pin="2"/><net_sink comp="4176" pin=0"/></net>

<net id="4183"><net_src comp="270" pin="2"/><net_sink comp="4180" pin=0"/></net>

<net id="4187"><net_src comp="234" pin="2"/><net_sink comp="4184" pin=0"/></net>

<net id="4191"><net_src comp="256" pin="2"/><net_sink comp="4188" pin=0"/></net>

<net id="4195"><net_src comp="263" pin="2"/><net_sink comp="4192" pin=0"/></net>

<net id="4199"><net_src comp="236" pin="2"/><net_sink comp="4196" pin=0"/></net>

<net id="4203"><net_src comp="251" pin="2"/><net_sink comp="4200" pin=0"/></net>

<net id="4207"><net_src comp="248" pin="2"/><net_sink comp="4204" pin=0"/></net>

<net id="4211"><net_src comp="260" pin="2"/><net_sink comp="4208" pin=0"/></net>

<net id="4215"><net_src comp="230" pin="2"/><net_sink comp="4212" pin=0"/></net>

<net id="4219"><net_src comp="264" pin="2"/><net_sink comp="4216" pin=0"/></net>

<net id="4223"><net_src comp="224" pin="2"/><net_sink comp="4220" pin=0"/></net>

<net id="7203"><net_src comp="84" pin="0"/><net_sink comp="261" pin=1"/></net>

<net id="7207"><net_src comp="86" pin="0"/><net_sink comp="269" pin=1"/></net>

<net id="7211"><net_src comp="88" pin="0"/><net_sink comp="245" pin=1"/></net>

<net id="7215"><net_src comp="90" pin="0"/><net_sink comp="222" pin=1"/></net>

<net id="7219"><net_src comp="92" pin="0"/><net_sink comp="252" pin=1"/></net>

<net id="7223"><net_src comp="94" pin="0"/><net_sink comp="253" pin=1"/></net>

<net id="7227"><net_src comp="96" pin="0"/><net_sink comp="233" pin=1"/></net>

<net id="7231"><net_src comp="98" pin="0"/><net_sink comp="257" pin=1"/></net>

<net id="7235"><net_src comp="100" pin="0"/><net_sink comp="254" pin=1"/></net>

<net id="7239"><net_src comp="102" pin="0"/><net_sink comp="259" pin=1"/></net>

<net id="7243"><net_src comp="108" pin="0"/><net_sink comp="271" pin=1"/></net>

<net id="7247"><net_src comp="110" pin="0"/><net_sink comp="244" pin=1"/></net>

<net id="7251"><net_src comp="112" pin="0"/><net_sink comp="250" pin=1"/></net>

<net id="7255"><net_src comp="114" pin="0"/><net_sink comp="227" pin=1"/></net>

<net id="7259"><net_src comp="116" pin="0"/><net_sink comp="255" pin=1"/></net>

<net id="7263"><net_src comp="118" pin="0"/><net_sink comp="228" pin=1"/></net>

<net id="7267"><net_src comp="120" pin="0"/><net_sink comp="239" pin=1"/></net>

<net id="7271"><net_src comp="122" pin="0"/><net_sink comp="247" pin=1"/></net>

<net id="7275"><net_src comp="124" pin="0"/><net_sink comp="243" pin=1"/></net>

<net id="7279"><net_src comp="126" pin="0"/><net_sink comp="267" pin=1"/></net>

<net id="7283"><net_src comp="128" pin="0"/><net_sink comp="225" pin=1"/></net>

<net id="7287"><net_src comp="130" pin="0"/><net_sink comp="240" pin=1"/></net>

<net id="7291"><net_src comp="132" pin="0"/><net_sink comp="229" pin=1"/></net>

<net id="7295"><net_src comp="134" pin="0"/><net_sink comp="237" pin=1"/></net>

<net id="7299"><net_src comp="261" pin="2"/><net_sink comp="7296" pin=0"/></net>

<net id="7303"><net_src comp="269" pin="2"/><net_sink comp="7300" pin=0"/></net>

<net id="7307"><net_src comp="245" pin="2"/><net_sink comp="7304" pin=0"/></net>

<net id="7311"><net_src comp="222" pin="2"/><net_sink comp="7308" pin=0"/></net>

<net id="7315"><net_src comp="252" pin="2"/><net_sink comp="7312" pin=0"/></net>

<net id="7319"><net_src comp="253" pin="2"/><net_sink comp="7316" pin=0"/></net>

<net id="7323"><net_src comp="233" pin="2"/><net_sink comp="7320" pin=0"/></net>

<net id="7327"><net_src comp="257" pin="2"/><net_sink comp="7324" pin=0"/></net>

<net id="7331"><net_src comp="254" pin="2"/><net_sink comp="7328" pin=0"/></net>

<net id="7335"><net_src comp="259" pin="2"/><net_sink comp="7332" pin=0"/></net>

<net id="7339"><net_src comp="271" pin="2"/><net_sink comp="7336" pin=0"/></net>

<net id="7343"><net_src comp="244" pin="2"/><net_sink comp="7340" pin=0"/></net>

<net id="7347"><net_src comp="250" pin="2"/><net_sink comp="7344" pin=0"/></net>

<net id="7351"><net_src comp="227" pin="2"/><net_sink comp="7348" pin=0"/></net>

<net id="7355"><net_src comp="255" pin="2"/><net_sink comp="7352" pin=0"/></net>

<net id="7359"><net_src comp="228" pin="2"/><net_sink comp="7356" pin=0"/></net>

<net id="7363"><net_src comp="239" pin="2"/><net_sink comp="7360" pin=0"/></net>

<net id="7367"><net_src comp="247" pin="2"/><net_sink comp="7364" pin=0"/></net>

<net id="7371"><net_src comp="243" pin="2"/><net_sink comp="7368" pin=0"/></net>

<net id="7375"><net_src comp="267" pin="2"/><net_sink comp="7372" pin=0"/></net>

<net id="7379"><net_src comp="225" pin="2"/><net_sink comp="7376" pin=0"/></net>

<net id="7383"><net_src comp="240" pin="2"/><net_sink comp="7380" pin=0"/></net>

<net id="7387"><net_src comp="229" pin="2"/><net_sink comp="7384" pin=0"/></net>

<net id="7391"><net_src comp="237" pin="2"/><net_sink comp="7388" pin=0"/></net>

<net id="7396"><net_src comp="216" pin="2"/><net_sink comp="7393" pin=0"/></net>

<net id="7397"><net_src comp="7393" pin="1"/><net_sink comp="265" pin=0"/></net>

<net id="7398"><net_src comp="7393" pin="1"/><net_sink comp="246" pin=0"/></net>

<net id="7402"><net_src comp="216" pin="2"/><net_sink comp="7399" pin=0"/></net>

<net id="7403"><net_src comp="7399" pin="1"/><net_sink comp="238" pin=0"/></net>

<net id="7404"><net_src comp="7399" pin="1"/><net_sink comp="268" pin=0"/></net>

<net id="7410"><net_src comp="30" pin="0"/><net_sink comp="7405" pin=0"/></net>

<net id="7411"><net_src comp="216" pin="2"/><net_sink comp="7405" pin=1"/></net>

<net id="7412"><net_src comp="32" pin="0"/><net_sink comp="7405" pin=2"/></net>

<net id="7416"><net_src comp="7405" pin="3"/><net_sink comp="7413" pin=0"/></net>

<net id="7422"><net_src comp="34" pin="0"/><net_sink comp="7417" pin=0"/></net>

<net id="7423"><net_src comp="216" pin="2"/><net_sink comp="7417" pin=1"/></net>

<net id="7424"><net_src comp="36" pin="0"/><net_sink comp="7417" pin=2"/></net>

<net id="7428"><net_src comp="7417" pin="3"/><net_sink comp="7425" pin=0"/></net>

<net id="7433"><net_src comp="7413" pin="1"/><net_sink comp="7429" pin=0"/></net>

<net id="7434"><net_src comp="7425" pin="1"/><net_sink comp="7429" pin=1"/></net>

<net id="7438"><net_src comp="210" pin="2"/><net_sink comp="7435" pin=0"/></net>

<net id="7439"><net_src comp="7435" pin="1"/><net_sink comp="231" pin=0"/></net>

<net id="7440"><net_src comp="7435" pin="1"/><net_sink comp="258" pin=0"/></net>

<net id="7444"><net_src comp="204" pin="2"/><net_sink comp="7441" pin=0"/></net>

<net id="7445"><net_src comp="7441" pin="1"/><net_sink comp="223" pin=0"/></net>

<net id="7446"><net_src comp="7441" pin="1"/><net_sink comp="235" pin=0"/></net>

<net id="7450"><net_src comp="192" pin="2"/><net_sink comp="7447" pin=0"/></net>

<net id="7451"><net_src comp="7447" pin="1"/><net_sink comp="256" pin=0"/></net>

<net id="7455"><net_src comp="192" pin="2"/><net_sink comp="7452" pin=0"/></net>

<net id="7456"><net_src comp="7452" pin="1"/><net_sink comp="270" pin=0"/></net>

<net id="7457"><net_src comp="7452" pin="1"/><net_sink comp="234" pin=0"/></net>

<net id="7461"><net_src comp="186" pin="2"/><net_sink comp="7458" pin=0"/></net>

<net id="7462"><net_src comp="7458" pin="1"/><net_sink comp="263" pin=0"/></net>

<net id="7466"><net_src comp="180" pin="2"/><net_sink comp="7463" pin=0"/></net>

<net id="7467"><net_src comp="7463" pin="1"/><net_sink comp="236" pin=0"/></net>

<net id="7471"><net_src comp="174" pin="2"/><net_sink comp="7468" pin=0"/></net>

<net id="7472"><net_src comp="7468" pin="1"/><net_sink comp="248" pin=0"/></net>

<net id="7473"><net_src comp="7468" pin="1"/><net_sink comp="260" pin=0"/></net>

<net id="7477"><net_src comp="174" pin="2"/><net_sink comp="7474" pin=0"/></net>

<net id="7478"><net_src comp="7474" pin="1"/><net_sink comp="251" pin=0"/></net>

<net id="7482"><net_src comp="168" pin="2"/><net_sink comp="7479" pin=0"/></net>

<net id="7483"><net_src comp="7479" pin="1"/><net_sink comp="230" pin=0"/></net>

<net id="7489"><net_src comp="64" pin="0"/><net_sink comp="7484" pin=0"/></net>

<net id="7490"><net_src comp="168" pin="2"/><net_sink comp="7484" pin=1"/></net>

<net id="7491"><net_src comp="66" pin="0"/><net_sink comp="7484" pin=2"/></net>

<net id="7495"><net_src comp="7484" pin="3"/><net_sink comp="7492" pin=0"/></net>

<net id="7500"><net_src comp="68" pin="0"/><net_sink comp="7496" pin=0"/></net>

<net id="7501"><net_src comp="7492" pin="1"/><net_sink comp="7496" pin=1"/></net>

<net id="7505"><net_src comp="162" pin="2"/><net_sink comp="7502" pin=0"/></net>

<net id="7506"><net_src comp="7502" pin="1"/><net_sink comp="264" pin=0"/></net>

<net id="7507"><net_src comp="7502" pin="1"/><net_sink comp="224" pin=0"/></net>

<net id="7512"><net_src comp="7429" pin="2"/><net_sink comp="7508" pin=0"/></net>

<net id="7513"><net_src comp="74" pin="0"/><net_sink comp="7508" pin=1"/></net>

<net id="7517"><net_src comp="7514" pin="1"/><net_sink comp="269" pin=0"/></net>

<net id="7521"><net_src comp="7518" pin="1"/><net_sink comp="261" pin=0"/></net>

<net id="7527"><net_src comp="76" pin="0"/><net_sink comp="7522" pin=0"/></net>

<net id="7528"><net_src comp="78" pin="0"/><net_sink comp="7522" pin=2"/></net>

<net id="7532"><net_src comp="7522" pin="3"/><net_sink comp="7529" pin=0"/></net>

<net id="7538"><net_src comp="80" pin="0"/><net_sink comp="7533" pin=0"/></net>

<net id="7539"><net_src comp="82" pin="0"/><net_sink comp="7533" pin=2"/></net>

<net id="7543"><net_src comp="7533" pin="3"/><net_sink comp="7540" pin=0"/></net>

<net id="7548"><net_src comp="7529" pin="1"/><net_sink comp="7544" pin=0"/></net>

<net id="7549"><net_src comp="7540" pin="1"/><net_sink comp="7544" pin=1"/></net>

<net id="7553"><net_src comp="7550" pin="1"/><net_sink comp="252" pin=0"/></net>

<net id="7557"><net_src comp="7554" pin="1"/><net_sink comp="245" pin=0"/></net>

<net id="7558"><net_src comp="7554" pin="1"/><net_sink comp="222" pin=0"/></net>

<net id="7562"><net_src comp="7559" pin="1"/><net_sink comp="257" pin=0"/></net>

<net id="7563"><net_src comp="7559" pin="1"/><net_sink comp="254" pin=0"/></net>

<net id="7567"><net_src comp="7564" pin="1"/><net_sink comp="253" pin=0"/></net>

<net id="7568"><net_src comp="7564" pin="1"/><net_sink comp="233" pin=0"/></net>

<net id="7574"><net_src comp="76" pin="0"/><net_sink comp="7569" pin=0"/></net>

<net id="7575"><net_src comp="78" pin="0"/><net_sink comp="7569" pin=2"/></net>

<net id="7579"><net_src comp="7569" pin="3"/><net_sink comp="7576" pin=0"/></net>

<net id="7585"><net_src comp="80" pin="0"/><net_sink comp="7580" pin=0"/></net>

<net id="7586"><net_src comp="82" pin="0"/><net_sink comp="7580" pin=2"/></net>

<net id="7590"><net_src comp="7580" pin="3"/><net_sink comp="7587" pin=0"/></net>

<net id="7595"><net_src comp="7576" pin="1"/><net_sink comp="7591" pin=0"/></net>

<net id="7596"><net_src comp="7587" pin="1"/><net_sink comp="7591" pin=1"/></net>

<net id="7600"><net_src comp="7591" pin="2"/><net_sink comp="7597" pin=0"/></net>

<net id="7604"><net_src comp="7601" pin="1"/><net_sink comp="259" pin=0"/></net>

<net id="7610"><net_src comp="30" pin="0"/><net_sink comp="7605" pin=0"/></net>

<net id="7611"><net_src comp="32" pin="0"/><net_sink comp="7605" pin=2"/></net>

<net id="7615"><net_src comp="7605" pin="3"/><net_sink comp="7612" pin=0"/></net>

<net id="7621"><net_src comp="104" pin="0"/><net_sink comp="7616" pin=0"/></net>

<net id="7622"><net_src comp="106" pin="0"/><net_sink comp="7616" pin=2"/></net>

<net id="7626"><net_src comp="7616" pin="3"/><net_sink comp="7623" pin=0"/></net>

<net id="7631"><net_src comp="7623" pin="1"/><net_sink comp="7627" pin=0"/></net>

<net id="7632"><net_src comp="7612" pin="1"/><net_sink comp="7627" pin=1"/></net>

<net id="7636"><net_src comp="7627" pin="2"/><net_sink comp="7633" pin=0"/></net>

<net id="7640"><net_src comp="7637" pin="1"/><net_sink comp="227" pin=0"/></net>

<net id="7644"><net_src comp="7641" pin="1"/><net_sink comp="250" pin=0"/></net>

<net id="7648"><net_src comp="4192" pin="1"/><net_sink comp="7645" pin=0"/></net>

<net id="7652"><net_src comp="7649" pin="1"/><net_sink comp="247" pin=0"/></net>

<net id="7656"><net_src comp="7653" pin="1"/><net_sink comp="255" pin=0"/></net>

<net id="7657"><net_src comp="7653" pin="1"/><net_sink comp="228" pin=0"/></net>

<net id="7658"><net_src comp="7653" pin="1"/><net_sink comp="239" pin=0"/></net>

<net id="7662"><net_src comp="4196" pin="1"/><net_sink comp="7659" pin=0"/></net>

<net id="7666"><net_src comp="7663" pin="1"/><net_sink comp="243" pin=0"/></net>

<net id="7667"><net_src comp="7663" pin="1"/><net_sink comp="267" pin=0"/></net>

<net id="7671"><net_src comp="4200" pin="1"/><net_sink comp="7668" pin=0"/></net>

<net id="7675"><net_src comp="4208" pin="1"/><net_sink comp="7672" pin=0"/></net>

<net id="7679"><net_src comp="7676" pin="1"/><net_sink comp="240" pin=0"/></net>

<net id="7683"><net_src comp="7680" pin="1"/><net_sink comp="225" pin=0"/></net>

<net id="7689"><net_src comp="104" pin="0"/><net_sink comp="7684" pin=0"/></net>

<net id="7690"><net_src comp="106" pin="0"/><net_sink comp="7684" pin=2"/></net>

<net id="7694"><net_src comp="7684" pin="3"/><net_sink comp="7691" pin=0"/></net>

<net id="7700"><net_src comp="34" pin="0"/><net_sink comp="7695" pin=0"/></net>

<net id="7701"><net_src comp="36" pin="0"/><net_sink comp="7695" pin=2"/></net>

<net id="7705"><net_src comp="7695" pin="3"/><net_sink comp="7702" pin=0"/></net>

<net id="7710"><net_src comp="7691" pin="1"/><net_sink comp="7706" pin=0"/></net>

<net id="7711"><net_src comp="7702" pin="1"/><net_sink comp="7706" pin=1"/></net>

<net id="7715"><net_src comp="7706" pin="2"/><net_sink comp="7712" pin=0"/></net>

<net id="7720"><net_src comp="7676" pin="1"/><net_sink comp="7716" pin=1"/></net>

<net id="7724"><net_src comp="7721" pin="1"/><net_sink comp="229" pin=0"/></net>

<net id="7725"><net_src comp="7721" pin="1"/><net_sink comp="237" pin=0"/></net>

<net id="7730"><net_src comp="4148" pin="1"/><net_sink comp="7726" pin=0"/></net>

<net id="7731"><net_src comp="136" pin="0"/><net_sink comp="7726" pin=1"/></net>

<net id="7735"><net_src comp="7726" pin="2"/><net_sink comp="7732" pin=0"/></net>

<net id="7740"><net_src comp="4152" pin="1"/><net_sink comp="7736" pin=0"/></net>

<net id="7741"><net_src comp="138" pin="0"/><net_sink comp="7736" pin=1"/></net>

<net id="7746"><net_src comp="4156" pin="1"/><net_sink comp="7742" pin=0"/></net>

<net id="7747"><net_src comp="140" pin="0"/><net_sink comp="7742" pin=1"/></net>

<net id="7752"><net_src comp="4160" pin="1"/><net_sink comp="7748" pin=0"/></net>

<net id="7753"><net_src comp="142" pin="0"/><net_sink comp="7748" pin=1"/></net>

<net id="7757"><net_src comp="7748" pin="2"/><net_sink comp="7754" pin=0"/></net>

<net id="7765"><net_src comp="7544" pin="2"/><net_sink comp="7761" pin=0"/></net>

<net id="7766"><net_src comp="7732" pin="1"/><net_sink comp="7761" pin=1"/></net>

<net id="7771"><net_src comp="4164" pin="1"/><net_sink comp="7767" pin=0"/></net>

<net id="7772"><net_src comp="7754" pin="1"/><net_sink comp="7767" pin=1"/></net>

<net id="7777"><net_src comp="4176" pin="1"/><net_sink comp="7773" pin=0"/></net>

<net id="7778"><net_src comp="7758" pin="1"/><net_sink comp="7773" pin=1"/></net>

<net id="7782"><net_src comp="7773" pin="2"/><net_sink comp="7779" pin=0"/></net>

<net id="7787"><net_src comp="7779" pin="1"/><net_sink comp="7783" pin=0"/></net>

<net id="7788"><net_src comp="4168" pin="1"/><net_sink comp="7783" pin=1"/></net>

<net id="7793"><net_src comp="4172" pin="1"/><net_sink comp="7789" pin=0"/></net>

<net id="7794"><net_src comp="7633" pin="1"/><net_sink comp="7789" pin=1"/></net>

<net id="7799"><net_src comp="7767" pin="2"/><net_sink comp="7795" pin=0"/></net>

<net id="7800"><net_src comp="4184" pin="1"/><net_sink comp="7795" pin=1"/></net>

<net id="7805"><net_src comp="4188" pin="1"/><net_sink comp="7801" pin=0"/></net>

<net id="7806"><net_src comp="7659" pin="1"/><net_sink comp="7801" pin=1"/></net>

<net id="7810"><net_src comp="7801" pin="2"/><net_sink comp="7807" pin=0"/></net>

<net id="7815"><net_src comp="7807" pin="1"/><net_sink comp="7811" pin=0"/></net>

<net id="7816"><net_src comp="7597" pin="1"/><net_sink comp="7811" pin=1"/></net>

<net id="7821"><net_src comp="7716" pin="2"/><net_sink comp="7817" pin=0"/></net>

<net id="7822"><net_src comp="7672" pin="1"/><net_sink comp="7817" pin=1"/></net>

<net id="7826"><net_src comp="7817" pin="2"/><net_sink comp="7823" pin=0"/></net>

<net id="7831"><net_src comp="7823" pin="1"/><net_sink comp="7827" pin=0"/></net>

<net id="7832"><net_src comp="7645" pin="1"/><net_sink comp="7827" pin=1"/></net>

<net id="7837"><net_src comp="4216" pin="1"/><net_sink comp="7833" pin=0"/></net>

<net id="7838"><net_src comp="7668" pin="1"/><net_sink comp="7833" pin=1"/></net>

<net id="7843"><net_src comp="4220" pin="1"/><net_sink comp="7839" pin=0"/></net>

<net id="7844"><net_src comp="7712" pin="1"/><net_sink comp="7839" pin=1"/></net>

<net id="7849"><net_src comp="4204" pin="1"/><net_sink comp="7845" pin=0"/></net>

<net id="7850"><net_src comp="4212" pin="1"/><net_sink comp="7845" pin=1"/></net>

<net id="7854"><net_src comp="7296" pin="1"/><net_sink comp="7851" pin=0"/></net>

<net id="7858"><net_src comp="7316" pin="1"/><net_sink comp="7855" pin=0"/></net>

<net id="7862"><net_src comp="7320" pin="1"/><net_sink comp="7859" pin=0"/></net>

<net id="7866"><net_src comp="7336" pin="1"/><net_sink comp="7863" pin=0"/></net>

<net id="7870"><net_src comp="7344" pin="1"/><net_sink comp="7867" pin=0"/></net>

<net id="7874"><net_src comp="7356" pin="1"/><net_sink comp="7871" pin=0"/></net>

<net id="7878"><net_src comp="7360" pin="1"/><net_sink comp="7875" pin=0"/></net>

<net id="7882"><net_src comp="7364" pin="1"/><net_sink comp="7879" pin=0"/></net>

<net id="7886"><net_src comp="7372" pin="1"/><net_sink comp="7883" pin=0"/></net>

<net id="7890"><net_src comp="7388" pin="1"/><net_sink comp="7887" pin=0"/></net>

<net id="7896"><net_src comp="76" pin="0"/><net_sink comp="7891" pin=0"/></net>

<net id="7897"><net_src comp="78" pin="0"/><net_sink comp="7891" pin=2"/></net>

<net id="7901"><net_src comp="7891" pin="3"/><net_sink comp="7898" pin=0"/></net>

<net id="7906"><net_src comp="158" pin="0"/><net_sink comp="7902" pin=0"/></net>

<net id="7907"><net_src comp="7898" pin="1"/><net_sink comp="7902" pin=1"/></net>

<net id="7913"><net_src comp="80" pin="0"/><net_sink comp="7908" pin=0"/></net>

<net id="7914"><net_src comp="82" pin="0"/><net_sink comp="7908" pin=2"/></net>

<net id="7918"><net_src comp="7908" pin="3"/><net_sink comp="7915" pin=0"/></net>

<net id="7923"><net_src comp="7902" pin="2"/><net_sink comp="7919" pin=0"/></net>

<net id="7924"><net_src comp="7915" pin="1"/><net_sink comp="7919" pin=1"/></net>

<net id="7928"><net_src comp="7919" pin="2"/><net_sink comp="7925" pin=0"/></net>

<net id="7942"><net_src comp="7304" pin="1"/><net_sink comp="7938" pin=0"/></net>

<net id="7943"><net_src comp="7935" pin="1"/><net_sink comp="7938" pin=1"/></net>

<net id="7947"><net_src comp="7938" pin="2"/><net_sink comp="7944" pin=0"/></net>

<net id="7952"><net_src comp="7929" pin="1"/><net_sink comp="7948" pin=0"/></net>

<net id="7953"><net_src comp="7851" pin="1"/><net_sink comp="7948" pin=1"/></net>

<net id="7958"><net_src comp="7948" pin="2"/><net_sink comp="7954" pin=0"/></net>

<net id="7959"><net_src comp="7308" pin="1"/><net_sink comp="7954" pin=1"/></net>

<net id="7963"><net_src comp="7954" pin="2"/><net_sink comp="7960" pin=0"/></net>

<net id="7971"><net_src comp="7944" pin="1"/><net_sink comp="7967" pin=0"/></net>

<net id="7972"><net_src comp="7855" pin="1"/><net_sink comp="7967" pin=1"/></net>

<net id="7977"><net_src comp="7967" pin="2"/><net_sink comp="7973" pin=0"/></net>

<net id="7978"><net_src comp="7332" pin="1"/><net_sink comp="7973" pin=1"/></net>

<net id="7982"><net_src comp="7973" pin="2"/><net_sink comp="7979" pin=0"/></net>

<net id="7987"><net_src comp="7324" pin="1"/><net_sink comp="7983" pin=0"/></net>

<net id="7988"><net_src comp="7300" pin="1"/><net_sink comp="7983" pin=1"/></net>

<net id="7996"><net_src comp="7989" pin="1"/><net_sink comp="7992" pin=0"/></net>

<net id="7997"><net_src comp="7932" pin="1"/><net_sink comp="7992" pin=1"/></net>

<net id="8001"><net_src comp="7992" pin="2"/><net_sink comp="7998" pin=0"/></net>

<net id="8006"><net_src comp="7998" pin="1"/><net_sink comp="8002" pin=0"/></net>

<net id="8007"><net_src comp="7983" pin="2"/><net_sink comp="8002" pin=1"/></net>

<net id="8011"><net_src comp="8002" pin="2"/><net_sink comp="8008" pin=0"/></net>

<net id="8016"><net_src comp="7328" pin="1"/><net_sink comp="8012" pin=0"/></net>

<net id="8017"><net_src comp="7312" pin="1"/><net_sink comp="8012" pin=1"/></net>

<net id="8025"><net_src comp="8018" pin="1"/><net_sink comp="8021" pin=0"/></net>

<net id="8026"><net_src comp="8012" pin="2"/><net_sink comp="8021" pin=1"/></net>

<net id="8030"><net_src comp="8021" pin="2"/><net_sink comp="8027" pin=0"/></net>

<net id="8035"><net_src comp="7960" pin="1"/><net_sink comp="8031" pin=0"/></net>

<net id="8036"><net_src comp="7859" pin="1"/><net_sink comp="8031" pin=1"/></net>

<net id="8041"><net_src comp="4180" pin="1"/><net_sink comp="8037" pin=0"/></net>

<net id="8042"><net_src comp="7340" pin="1"/><net_sink comp="8037" pin=1"/></net>

<net id="8046"><net_src comp="8037" pin="2"/><net_sink comp="8043" pin=0"/></net>

<net id="8051"><net_src comp="8043" pin="1"/><net_sink comp="8047" pin=0"/></net>

<net id="8052"><net_src comp="8031" pin="2"/><net_sink comp="8047" pin=1"/></net>

<net id="8056"><net_src comp="8047" pin="2"/><net_sink comp="8053" pin=0"/></net>

<net id="8061"><net_src comp="7348" pin="1"/><net_sink comp="8057" pin=0"/></net>

<net id="8062"><net_src comp="7964" pin="1"/><net_sink comp="8057" pin=1"/></net>

<net id="8070"><net_src comp="8063" pin="1"/><net_sink comp="8066" pin=0"/></net>

<net id="8071"><net_src comp="8057" pin="2"/><net_sink comp="8066" pin=1"/></net>

<net id="8075"><net_src comp="8066" pin="2"/><net_sink comp="8072" pin=0"/></net>

<net id="8080"><net_src comp="8027" pin="1"/><net_sink comp="8076" pin=0"/></net>

<net id="8081"><net_src comp="7879" pin="1"/><net_sink comp="8076" pin=1"/></net>

<net id="8089"><net_src comp="8082" pin="1"/><net_sink comp="8085" pin=0"/></net>

<net id="8090"><net_src comp="8076" pin="2"/><net_sink comp="8085" pin=1"/></net>

<net id="8094"><net_src comp="8085" pin="2"/><net_sink comp="8091" pin=0"/></net>

<net id="8099"><net_src comp="7376" pin="1"/><net_sink comp="8095" pin=0"/></net>

<net id="8100"><net_src comp="7863" pin="1"/><net_sink comp="8095" pin=1"/></net>

<net id="8104"><net_src comp="8095" pin="2"/><net_sink comp="8101" pin=0"/></net>

<net id="8109"><net_src comp="8101" pin="1"/><net_sink comp="8105" pin=0"/></net>

<net id="8110"><net_src comp="7979" pin="1"/><net_sink comp="8105" pin=1"/></net>

<net id="8118"><net_src comp="8111" pin="1"/><net_sink comp="8114" pin=0"/></net>

<net id="8119"><net_src comp="7352" pin="1"/><net_sink comp="8114" pin=1"/></net>

<net id="8123"><net_src comp="8114" pin="2"/><net_sink comp="8120" pin=0"/></net>

<net id="8128"><net_src comp="8120" pin="1"/><net_sink comp="8124" pin=0"/></net>

<net id="8129"><net_src comp="8105" pin="2"/><net_sink comp="8124" pin=1"/></net>

<net id="8133"><net_src comp="8124" pin="2"/><net_sink comp="8130" pin=0"/></net>

<net id="8138"><net_src comp="8053" pin="1"/><net_sink comp="8134" pin=0"/></net>

<net id="8139"><net_src comp="7871" pin="1"/><net_sink comp="8134" pin=1"/></net>

<net id="8147"><net_src comp="8140" pin="1"/><net_sink comp="8143" pin=0"/></net>

<net id="8148"><net_src comp="7368" pin="1"/><net_sink comp="8143" pin=1"/></net>

<net id="8152"><net_src comp="8143" pin="2"/><net_sink comp="8149" pin=0"/></net>

<net id="8157"><net_src comp="8149" pin="1"/><net_sink comp="8153" pin=0"/></net>

<net id="8158"><net_src comp="8134" pin="2"/><net_sink comp="8153" pin=1"/></net>

<net id="8162"><net_src comp="8153" pin="2"/><net_sink comp="8159" pin=0"/></net>

<net id="8167"><net_src comp="7384" pin="1"/><net_sink comp="8163" pin=0"/></net>

<net id="8168"><net_src comp="7875" pin="1"/><net_sink comp="8163" pin=1"/></net>

<net id="8172"><net_src comp="8163" pin="2"/><net_sink comp="8169" pin=0"/></net>

<net id="8177"><net_src comp="8169" pin="1"/><net_sink comp="8173" pin=0"/></net>

<net id="8178"><net_src comp="8008" pin="1"/><net_sink comp="8173" pin=1"/></net>

<net id="8186"><net_src comp="8179" pin="1"/><net_sink comp="8182" pin=0"/></net>

<net id="8187"><net_src comp="7867" pin="1"/><net_sink comp="8182" pin=1"/></net>

<net id="8191"><net_src comp="8182" pin="2"/><net_sink comp="8188" pin=0"/></net>

<net id="8196"><net_src comp="8188" pin="1"/><net_sink comp="8192" pin=0"/></net>

<net id="8197"><net_src comp="8173" pin="2"/><net_sink comp="8192" pin=1"/></net>

<net id="8201"><net_src comp="8192" pin="2"/><net_sink comp="8198" pin=0"/></net>

<net id="8206"><net_src comp="8091" pin="1"/><net_sink comp="8202" pin=0"/></net>

<net id="8207"><net_src comp="7887" pin="1"/><net_sink comp="8202" pin=1"/></net>

<net id="8211"><net_src comp="8202" pin="2"/><net_sink comp="8208" pin=0"/></net>

<net id="8216"><net_src comp="8072" pin="1"/><net_sink comp="8212" pin=0"/></net>

<net id="8217"><net_src comp="7883" pin="1"/><net_sink comp="8212" pin=1"/></net>

<net id="8222"><net_src comp="7380" pin="1"/><net_sink comp="8218" pin=0"/></net>

<net id="8223"><net_src comp="7925" pin="1"/><net_sink comp="8218" pin=1"/></net>

<net id="8227"><net_src comp="8218" pin="2"/><net_sink comp="8224" pin=0"/></net>

<net id="8232"><net_src comp="8224" pin="1"/><net_sink comp="8228" pin=0"/></net>

<net id="8233"><net_src comp="8212" pin="2"/><net_sink comp="8228" pin=1"/></net>

<net id="8237"><net_src comp="8228" pin="2"/><net_sink comp="8234" pin=0"/></net>

<net id="8242"><net_src comp="160" pin="0"/><net_sink comp="8238" pin=0"/></net>

<net id="8243"><net_src comp="8130" pin="1"/><net_sink comp="8238" pin=1"/></net>

<net id="8248"><net_src comp="8238" pin="2"/><net_sink comp="8244" pin=0"/></net>

<net id="8249"><net_src comp="8159" pin="1"/><net_sink comp="8244" pin=1"/></net>

<net id="8254"><net_src comp="8244" pin="2"/><net_sink comp="8250" pin=0"/></net>

<net id="8255"><net_src comp="8198" pin="1"/><net_sink comp="8250" pin=1"/></net>

<net id="8260"><net_src comp="8250" pin="2"/><net_sink comp="8256" pin=0"/></net>

<net id="8261"><net_src comp="8208" pin="1"/><net_sink comp="8256" pin=1"/></net>

<net id="8266"><net_src comp="8256" pin="2"/><net_sink comp="8262" pin=0"/></net>

<net id="8267"><net_src comp="8234" pin="1"/><net_sink comp="8262" pin=1"/></net>

<net id="8271"><net_src comp="162" pin="2"/><net_sink comp="8268" pin=0"/></net>

<net id="8272"><net_src comp="8268" pin="1"/><net_sink comp="7721" pin=0"/></net>

<net id="8273"><net_src comp="8268" pin="1"/><net_sink comp="7891" pin=1"/></net>

<net id="8274"><net_src comp="8268" pin="1"/><net_sink comp="7908" pin=1"/></net>

<net id="8278"><net_src comp="168" pin="2"/><net_sink comp="8275" pin=0"/></net>

<net id="8279"><net_src comp="8275" pin="1"/><net_sink comp="7676" pin=0"/></net>

<net id="8280"><net_src comp="8275" pin="1"/><net_sink comp="7680" pin=0"/></net>

<net id="8281"><net_src comp="8275" pin="1"/><net_sink comp="7684" pin=1"/></net>

<net id="8282"><net_src comp="8275" pin="1"/><net_sink comp="7695" pin=1"/></net>

<net id="8286"><net_src comp="174" pin="2"/><net_sink comp="8283" pin=0"/></net>

<net id="8287"><net_src comp="8283" pin="1"/><net_sink comp="7663" pin=0"/></net>

<net id="8291"><net_src comp="180" pin="2"/><net_sink comp="8288" pin=0"/></net>

<net id="8292"><net_src comp="8288" pin="1"/><net_sink comp="7649" pin=0"/></net>

<net id="8293"><net_src comp="8288" pin="1"/><net_sink comp="7653" pin=0"/></net>

<net id="8297"><net_src comp="186" pin="2"/><net_sink comp="8294" pin=0"/></net>

<net id="8298"><net_src comp="8294" pin="1"/><net_sink comp="7637" pin=0"/></net>

<net id="8299"><net_src comp="8294" pin="1"/><net_sink comp="7641" pin=0"/></net>

<net id="8303"><net_src comp="192" pin="2"/><net_sink comp="8300" pin=0"/></net>

<net id="8304"><net_src comp="8300" pin="1"/><net_sink comp="7601" pin=0"/></net>

<net id="8305"><net_src comp="8300" pin="1"/><net_sink comp="7605" pin=1"/></net>

<net id="8306"><net_src comp="8300" pin="1"/><net_sink comp="7616" pin=1"/></net>

<net id="8310"><net_src comp="198" pin="2"/><net_sink comp="8307" pin=0"/></net>

<net id="8311"><net_src comp="8307" pin="1"/><net_sink comp="7559" pin=0"/></net>

<net id="8312"><net_src comp="8307" pin="1"/><net_sink comp="7564" pin=0"/></net>

<net id="8313"><net_src comp="8307" pin="1"/><net_sink comp="7569" pin=1"/></net>

<net id="8314"><net_src comp="8307" pin="1"/><net_sink comp="7580" pin=1"/></net>

<net id="8318"><net_src comp="204" pin="2"/><net_sink comp="8315" pin=0"/></net>

<net id="8319"><net_src comp="8315" pin="1"/><net_sink comp="7550" pin=0"/></net>

<net id="8320"><net_src comp="8315" pin="1"/><net_sink comp="7554" pin=0"/></net>

<net id="8324"><net_src comp="210" pin="2"/><net_sink comp="8321" pin=0"/></net>

<net id="8325"><net_src comp="8321" pin="1"/><net_sink comp="7514" pin=0"/></net>

<net id="8326"><net_src comp="8321" pin="1"/><net_sink comp="7518" pin=0"/></net>

<net id="8327"><net_src comp="8321" pin="1"/><net_sink comp="7522" pin=1"/></net>

<net id="8328"><net_src comp="8321" pin="1"/><net_sink comp="7533" pin=1"/></net>

<net id="8332"><net_src comp="7458" pin="1"/><net_sink comp="8329" pin=0"/></net>

<net id="8333"><net_src comp="8329" pin="1"/><net_sink comp="271" pin=0"/></net>

<net id="8334"><net_src comp="8329" pin="1"/><net_sink comp="244" pin=0"/></net>

<net id="8338"><net_src comp="7496" pin="2"/><net_sink comp="8335" pin=0"/></net>

<net id="8339"><net_src comp="8335" pin="1"/><net_sink comp="7716" pin=0"/></net>

<net id="8343"><net_src comp="7508" pin="2"/><net_sink comp="8340" pin=0"/></net>

<net id="8344"><net_src comp="8340" pin="1"/><net_sink comp="7758" pin=0"/></net>

<net id="8348"><net_src comp="7736" pin="2"/><net_sink comp="8345" pin=0"/></net>

<net id="8349"><net_src comp="8345" pin="1"/><net_sink comp="7929" pin=0"/></net>

<net id="8353"><net_src comp="7742" pin="2"/><net_sink comp="8350" pin=0"/></net>

<net id="8354"><net_src comp="8350" pin="1"/><net_sink comp="7932" pin=0"/></net>

<net id="8358"><net_src comp="7761" pin="2"/><net_sink comp="8355" pin=0"/></net>

<net id="8359"><net_src comp="8355" pin="1"/><net_sink comp="7935" pin=0"/></net>

<net id="8363"><net_src comp="7783" pin="2"/><net_sink comp="8360" pin=0"/></net>

<net id="8364"><net_src comp="8360" pin="1"/><net_sink comp="7964" pin=0"/></net>

<net id="8368"><net_src comp="7789" pin="2"/><net_sink comp="8365" pin=0"/></net>

<net id="8369"><net_src comp="8365" pin="1"/><net_sink comp="7989" pin=0"/></net>

<net id="8373"><net_src comp="7795" pin="2"/><net_sink comp="8370" pin=0"/></net>

<net id="8374"><net_src comp="8370" pin="1"/><net_sink comp="8018" pin=0"/></net>

<net id="8378"><net_src comp="7811" pin="2"/><net_sink comp="8375" pin=0"/></net>

<net id="8379"><net_src comp="8375" pin="1"/><net_sink comp="8063" pin=0"/></net>

<net id="8383"><net_src comp="7827" pin="2"/><net_sink comp="8380" pin=0"/></net>

<net id="8384"><net_src comp="8380" pin="1"/><net_sink comp="8082" pin=0"/></net>

<net id="8388"><net_src comp="7833" pin="2"/><net_sink comp="8385" pin=0"/></net>

<net id="8389"><net_src comp="8385" pin="1"/><net_sink comp="8111" pin=0"/></net>

<net id="8393"><net_src comp="7839" pin="2"/><net_sink comp="8390" pin=0"/></net>

<net id="8394"><net_src comp="8390" pin="1"/><net_sink comp="8140" pin=0"/></net>

<net id="8398"><net_src comp="7845" pin="2"/><net_sink comp="8395" pin=0"/></net>

<net id="8399"><net_src comp="8395" pin="1"/><net_sink comp="8179" pin=0"/></net>

</net_list>

</model> 
---------------- Datapath Model END ------------------

* FSMD analyzer results:
  - Output states:
	Port: data_0_val1 | {}
	Port: data_1_val2 | {}
	Port: data_2_val3 | {}
	Port: data_3_val4 | {}
	Port: data_4_val5 | {}
	Port: data_5_val6 | {}
	Port: data_6_val7 | {}
	Port: data_7_val8 | {}
	Port: data_8_val9 | {}
	Port: data_9_val10 | {}
 - Input state : 
	Port: dense_latency_wrapper<ap_fixed,ap_fixed<37,17,5,3,0>,config19> : data_0_val1 | {1 }
	Port: dense_latency_wrapper<ap_fixed,ap_fixed<37,17,5,3,0>,config19> : data_1_val2 | {1 }
	Port: dense_latency_wrapper<ap_fixed,ap_fixed<37,17,5,3,0>,config19> : data_2_val3 | {1 }
	Port: dense_latency_wrapper<ap_fixed,ap_fixed<37,17,5,3,0>,config19> : data_3_val4 | {1 }
	Port: dense_latency_wrapper<ap_fixed,ap_fixed<37,17,5,3,0>,config19> : data_4_val5 | {1 }
	Port: dense_latency_wrapper<ap_fixed,ap_fixed<37,17,5,3,0>,config19> : data_5_val6 | {1 }
	Port: dense_latency_wrapper<ap_fixed,ap_fixed<37,17,5,3,0>,config19> : data_6_val7 | {1 }
	Port: dense_latency_wrapper<ap_fixed,ap_fixed<37,17,5,3,0>,config19> : data_7_val8 | {1 }
	Port: dense_latency_wrapper<ap_fixed,ap_fixed<37,17,5,3,0>,config19> : data_8_val9 | {1 }
	Port: dense_latency_wrapper<ap_fixed,ap_fixed<37,17,5,3,0>,config19> : data_9_val10 | {1 }
  - Chain level:
	State 1
		mul_ln73 : 1
		mul_ln73_1 : 1
		mul_ln73_2 : 1
		mul_ln73_3 : 1
		sext_ln73_2 : 1
		sext_ln73_3 : 1
		sub_ln73 : 2
		mul_ln73_6 : 1
		mul_ln73_7 : 1
		mul_ln73_10 : 1
		mul_ln70 : 1
		mul_ln73_17 : 1
		mul_ln73_18 : 1
		mul_ln70_1 : 1
		mul_ln73_22 : 1
		mul_ln73_28 : 1
		mul_ln73_29 : 1
		mul_ln73_31 : 1
		mul_ln73_32 : 1
		mul_ln73_35 : 1
		sext_ln73_25 : 1
		sub_ln73_4 : 2
		mul_ln73_37 : 1
		mul_ln73_38 : 1
		add_ln58_4 : 3
	State 2
		sext_ln73_4 : 1
		sext_ln73_5 : 1
		sub_ln73_1 : 2
		mul_ln73_4 : 1
		mul_ln73_5 : 1
		mul_ln73_8 : 1
		mul_ln73_9 : 1
		mul_ln73_11 : 1
		mul_ln73_12 : 1
		mul_ln73_13 : 1
		mul_ln73_14 : 1
		mul_ln73_15 : 1
		sext_ln73_9 : 1
		sext_ln73_10 : 1
		add_ln73 : 2
		sext_ln70_8 : 3
		mul_ln73_16 : 1
		sext_ln73_11 : 1
		sext_ln73_12 : 1
		sub_ln73_2 : 2
		sext_ln73_13 : 3
		mul_ln73_21 : 1
		mul_ln73_23 : 1
		mul_ln73_24 : 1
		mul_ln73_25 : 1
		mul_ln73_26 : 1
		mul_ln73_27 : 1
		mul_ln73_30 : 1
		mul_ln73_33 : 1
		mul_ln73_34 : 1
		sext_ln73_22 : 1
		sext_ln73_23 : 1
		sub_ln73_3 : 2
		sext_ln73_24 : 3
		sub_ln73_5 : 1
		mul_ln73_36 : 1
		mul_ln73_39 : 1
		mul_ln73_40 : 1
		sext_ln58_1 : 1
		sext_ln58_4 : 1
		add_ln58_5 : 3
		add_ln58_6 : 2
		add_ln58_10 : 1
		sext_ln58_9 : 2
		add_ln58_11 : 3
		add_ln58_15 : 4
		add_ln58_19 : 3
		add_ln58_25 : 1
		sext_ln58_25 : 2
		add_ln58_26 : 4
		add_ln58_29 : 2
		sext_ln58_27 : 3
		add_ln58_30 : 4
		add_ln58_34 : 1
		add_ln58_38 : 4
	State 3
		sext_ln73_28 : 1
		sub_ln73_6 : 2
		sext_ln73_29 : 1
		sub_ln73_7 : 3
		sext_ln58 : 4
		add_ln58_7 : 1
		sext_ln58_7 : 2
		add_ln58_8 : 1
		add_ln58_9 : 2
		sext_ln58_8 : 3
		add_ln58_12 : 3
		add_ln58_13 : 4
		sext_ln58_11 : 5
		add_ln58_16 : 1
		sext_ln58_22 : 2
		add_ln58_17 : 3
		sext_ln58_12 : 4
		add_ln58_20 : 1
		sext_ln58_13 : 2
		add_ln58_21 : 4
		sext_ln58_24 : 1
		add_ln58_23 : 5
		sext_ln58_14 : 6
		add_ln58_24 : 1
		add_ln58_27 : 2
		sext_ln58_15 : 3
		add_ln58_28 : 3
		add_ln58_31 : 4
		sext_ln58_16 : 5
		add_ln58_32 : 1
		sext_ln58_29 : 2
		add_ln58_33 : 6
		add_ln58_35 : 1
		sext_ln58_31 : 2
		add_ln58_36 : 7
		sext_ln58_17 : 8
		add_ln58_37 : 7
		add_ln58_39 : 1
		sext_ln58_33 : 2
		add_ln58_40 : 8
		sext_ln58_18 : 9
		add_ln58_41 : 1
		sext_ln58_34 : 2
		add_ln58_42 : 5
		add_ln58_44 : 1
		sext_ln58_36 : 2
		add_ln58_45 : 6
		sext_ln58_19 : 7
		add_ln58_46 : 6
		sext_ln58_20 : 7
		add_ln58_47 : 4
		add_ln58_48 : 5
		sext_ln58_37 : 6
		add_ln58_49 : 7
		sext_ln18 : 8
		mrv : 9
		mrv_1 : 10
		mrv_2 : 11
		mrv_3 : 12
		mrv_4 : 13
		ret_ln18 : 14


============================================================
+ Verbose Summary: Datapath Resource usage 
============================================================

* Functional unit list:
|----------|-------------------------------|---------|---------|---------|
| Operation|        Functional Unit        |   DSP   |    FF   |   LUT   |
|----------|-------------------------------|---------|---------|---------|
|          |       add_ln58_4_fu_7508      |    0    |    0    |    23   |
|          |        add_ln73_fu_7591       |    0    |    0    |    31   |
|          |        add_ln58_fu_7726       |    0    |    0    |    31   |
|          |       add_ln58_1_fu_7736      |    0    |    0    |    32   |
|          |       add_ln58_2_fu_7742      |    0    |    0    |    32   |
|          |       add_ln58_3_fu_7748      |    0    |    0    |    31   |
|          |       add_ln58_5_fu_7761      |    0    |    0    |    25   |
|          |       add_ln58_6_fu_7767      |    0    |    0    |    26   |
|          |      add_ln58_10_fu_7773      |    0    |    0    |    31   |
|          |      add_ln58_11_fu_7783      |    0    |    0    |    33   |
|          |      add_ln58_15_fu_7789      |    0    |    0    |    31   |
|          |      add_ln58_19_fu_7795      |    0    |    0    |    26   |
|          |      add_ln58_25_fu_7801      |    0    |    0    |    31   |
|          |      add_ln58_26_fu_7811      |    0    |    0    |    32   |
|          |      add_ln58_29_fu_7817      |    0    |    0    |    26   |
|          |      add_ln58_30_fu_7827      |    0    |    0    |    33   |
|          |      add_ln58_34_fu_7833      |    0    |    0    |    32   |
|          |      add_ln58_38_fu_7839      |    0    |    0    |    32   |
|          |      add_ln58_43_fu_7845      |    0    |    0    |    32   |
|          |       add_ln58_7_fu_7938      |    0    |    0    |    33   |
|          |       add_ln58_8_fu_7948      |    0    |    0    |    25   |
|          |       add_ln58_9_fu_7954      |    0    |    0    |    26   |
|          |      add_ln58_12_fu_7967      |    0    |    0    |    26   |
|          |      add_ln58_13_fu_7973      |    0    |    0    |    27   |
|          |      add_ln58_14_fu_7983      |    0    |    0    |    27   |
|    add   |      add_ln58_16_fu_7992      |    0    |    0    |    32   |
|          |      add_ln58_17_fu_8002      |    0    |    0    |    27   |
|          |      add_ln58_18_fu_8012      |    0    |    0    |    27   |
|          |      add_ln58_20_fu_8021      |    0    |    0    |    27   |
|          |      add_ln58_21_fu_8031      |    0    |    0    |    26   |
|          |      add_ln58_22_fu_8037      |    0    |    0    |    33   |
|          |      add_ln58_23_fu_8047      |    0    |    0    |    27   |
|          |      add_ln58_24_fu_8057      |    0    |    0    |    27   |
|          |      add_ln58_27_fu_8066      |    0    |    0    |    27   |
|          |      add_ln58_28_fu_8076      |    0    |    0    |    27   |
|          |      add_ln58_31_fu_8085      |    0    |    0    |    28   |
|          |      add_ln58_32_fu_8095      |    0    |    0    |    34   |
|          |      add_ln58_33_fu_8105      |    0    |    0    |    27   |
|          |      add_ln58_35_fu_8114      |    0    |    0    |    33   |
|          |      add_ln58_36_fu_8124      |    0    |    0    |    28   |
|          |      add_ln58_37_fu_8134      |    0    |    0    |    27   |
|          |      add_ln58_39_fu_8143      |    0    |    0    |    33   |
|          |      add_ln58_40_fu_8153      |    0    |    0    |    28   |
|          |      add_ln58_41_fu_8163      |    0    |    0    |    34   |
|          |      add_ln58_42_fu_8173      |    0    |    0    |    27   |
|          |      add_ln58_44_fu_8182      |    0    |    0    |    32   |
|          |      add_ln58_45_fu_8192      |    0    |    0    |    28   |
|          |      add_ln58_46_fu_8202      |    0    |    0    |    35   |
|          |      add_ln58_47_fu_8212      |    0    |    0    |    27   |
|          |      add_ln58_48_fu_8218      |    0    |    0    |    33   |
|          |      add_ln58_49_fu_8228      |    0    |    0    |    28   |
|----------|-------------------------------|---------|---------|---------|
|          |       mul_ln73_9_fu_222       |    1    |    0    |    4    |
|          |       mul_ln73_10_fu_223      |    1    |    0    |    4    |
|          |       mul_ln73_38_fu_224      |    1    |    0    |    4    |
|          |       mul_ln73_34_fu_225      |    1    |    0    |    4    |
|          |       mul_ln73_23_fu_227      |    1    |    0    |    4    |
|          |       mul_ln73_25_fu_228      |    1    |    0    |    4    |
|          |       mul_ln73_39_fu_229      |    1    |    0    |    4    |
|          |       mul_ln73_35_fu_230      |    1    |    0    |    4    |
|          |       mul_ln73_6_fu_231       |    1    |    0    |    4    |
|          |       mul_ln73_13_fu_233      |    1    |    0    |    4    |
|          |       mul_ln73_18_fu_234      |    1    |    0    |    4    |
|          |        mul_ln70_fu_235        |    1    |    0    |    4    |
|          |       mul_ln73_28_fu_236      |    1    |    0    |    4    |
|          |       mul_ln73_40_fu_237      |    1    |    0    |    4    |
|          |       mul_ln73_1_fu_238       |    1    |    0    |    4    |
|          |       mul_ln73_26_fu_239      |    1    |    0    |    4    |
|          |       mul_ln73_36_fu_240      |    1    |    0    |    4    |
|          |       mul_ln73_30_fu_243      |    1    |    0    |    4    |
|          |       mul_ln73_20_fu_244      |    1    |    0    |    4    |
|          |       mul_ln73_8_fu_245       |    1    |    0    |    4    |
|          |       mul_ln73_3_fu_246       |    1    |    0    |    4    |
|    mul   |       mul_ln73_27_fu_247      |    1    |    0    |    4    |
|          |       mul_ln73_31_fu_248      |    1    |    0    |    4    |
|          |       mul_ln73_21_fu_250      |    1    |    0    |    4    |
|          |       mul_ln73_29_fu_251      |    1    |    0    |    4    |
|          |       mul_ln73_11_fu_252      |    1    |    0    |    4    |
|          |       mul_ln73_12_fu_253      |    1    |    0    |    4    |
|          |       mul_ln73_15_fu_254      |    1    |    0    |    4    |
|          |       mul_ln73_24_fu_255      |    1    |    0    |    4    |
|          |       mul_ln70_1_fu_256       |    1    |    0    |    4    |
|          |       mul_ln73_14_fu_257      |    1    |    0    |    4    |
|          |       mul_ln73_7_fu_258       |    1    |    0    |    4    |
|          |       mul_ln73_16_fu_259      |    1    |    0    |    4    |
|          |       mul_ln73_32_fu_260      |    1    |    0    |    4    |
|          |       mul_ln73_4_fu_261       |    1    |    0    |    4    |
|          |       mul_ln73_22_fu_263      |    1    |    0    |    4    |
|          |       mul_ln73_37_fu_264      |    1    |    0    |    4    |
|          |        mul_ln73_fu_265        |    1    |    0    |    4    |
|          |       mul_ln73_33_fu_267      |    1    |    0    |    4    |
|          |       mul_ln73_2_fu_268       |    1    |    0    |    4    |
|          |       mul_ln73_5_fu_269       |    1    |    0    |    4    |
|          |       mul_ln73_17_fu_270      |    1    |    0    |    4    |
|          |       mul_ln73_19_fu_271      |    1    |    0    |    4    |
|----------|-------------------------------|---------|---------|---------|
|          |        sub_ln73_fu_7429       |    0    |    0    |    22   |
|          |       sub_ln73_4_fu_7496      |    0    |    0    |    32   |
|          |       sub_ln73_1_fu_7544      |    0    |    0    |    24   |
|    sub   |       sub_ln73_2_fu_7627      |    0    |    0    |    29   |
|          |       sub_ln73_3_fu_7706      |    0    |    0    |    26   |
|          |       sub_ln73_5_fu_7716      |    0    |    0    |    26   |
|          |       sub_ln73_6_fu_7902      |    0    |    0    |    24   |
|          |       sub_ln73_7_fu_7919      |    0    |    0    |    25   |
|----------|-------------------------------|---------|---------|---------|
|          | data_9_val10_read_read_fu_162 |    0    |    0    |    0    |
|          |  data_8_val9_read_read_fu_168 |    0    |    0    |    0    |
|          |  data_7_val8_read_read_fu_174 |    0    |    0    |    0    |
|          |  data_6_val7_read_read_fu_180 |    0    |    0    |    0    |
|   read   |  data_5_val6_read_read_fu_186 |    0    |    0    |    0    |
|          |  data_4_val5_read_read_fu_192 |    0    |    0    |    0    |
|          |  data_3_val4_read_read_fu_198 |    0    |    0    |    0    |
|          |  data_2_val3_read_read_fu_204 |    0    |    0    |    0    |
|          |  data_1_val2_read_read_fu_210 |    0    |    0    |    0    |
|          |  data_0_val1_read_read_fu_216 |    0    |    0    |    0    |
|----------|-------------------------------|---------|---------|---------|
|          |       sext_ln73_fu_7393       |    0    |    0    |    0    |
|          |      sext_ln73_1_fu_7399      |    0    |    0    |    0    |
|          |      sext_ln73_2_fu_7413      |    0    |    0    |    0    |
|          |      sext_ln73_3_fu_7425      |    0    |    0    |    0    |
|          |       sext_ln70_fu_7435       |    0    |    0    |    0    |
|          |      sext_ln70_3_fu_7441      |    0    |    0    |    0    |
|          |      sext_ln70_9_fu_7447      |    0    |    0    |    0    |
|          |      sext_ln70_10_fu_7452     |    0    |    0    |    0    |
|          |      sext_ln70_14_fu_7458     |    0    |    0    |    0    |
|          |      sext_ln70_15_fu_7463     |    0    |    0    |    0    |
|          |      sext_ln70_18_fu_7468     |    0    |    0    |    0    |
|          |      sext_ln70_20_fu_7474     |    0    |    0    |    0    |
|          |      sext_ln70_22_fu_7479     |    0    |    0    |    0    |
|          |      sext_ln73_25_fu_7492     |    0    |    0    |    0    |
|          |      sext_ln73_26_fu_7502     |    0    |    0    |    0    |
|          |      sext_ln70_1_fu_7514      |    0    |    0    |    0    |
|          |      sext_ln70_2_fu_7518      |    0    |    0    |    0    |
|          |      sext_ln73_4_fu_7529      |    0    |    0    |    0    |
|          |      sext_ln73_5_fu_7540      |    0    |    0    |    0    |
|          |      sext_ln70_4_fu_7550      |    0    |    0    |    0    |
|          |      sext_ln70_5_fu_7554      |    0    |    0    |    0    |
|          |      sext_ln70_6_fu_7559      |    0    |    0    |    0    |
|          |      sext_ln70_7_fu_7564      |    0    |    0    |    0    |
|          |      sext_ln73_9_fu_7576      |    0    |    0    |    0    |
|          |      sext_ln73_10_fu_7587     |    0    |    0    |    0    |
|          |      sext_ln70_8_fu_7597      |    0    |    0    |    0    |
|          |      sext_ln70_11_fu_7601     |    0    |    0    |    0    |
|          |      sext_ln73_11_fu_7612     |    0    |    0    |    0    |
|          |      sext_ln73_12_fu_7623     |    0    |    0    |    0    |
|          |      sext_ln73_13_fu_7633     |    0    |    0    |    0    |
|          |      sext_ln70_12_fu_7637     |    0    |    0    |    0    |
|          |      sext_ln70_13_fu_7641     |    0    |    0    |    0    |
|          |      sext_ln73_16_fu_7645     |    0    |    0    |    0    |
|          |      sext_ln70_16_fu_7649     |    0    |    0    |    0    |
|          |      sext_ln70_17_fu_7653     |    0    |    0    |    0    |
|          |      sext_ln70_25_fu_7659     |    0    |    0    |    0    |
|          |      sext_ln70_19_fu_7663     |    0    |    0    |    0    |
|          |      sext_ln73_20_fu_7668     |    0    |    0    |    0    |
|          |      sext_ln73_21_fu_7672     |    0    |    0    |    0    |
|          |      sext_ln70_21_fu_7676     |    0    |    0    |    0    |
|          |      sext_ln70_23_fu_7680     |    0    |    0    |    0    |
|          |      sext_ln73_22_fu_7691     |    0    |    0    |    0    |
|          |      sext_ln73_23_fu_7702     |    0    |    0    |    0    |
|          |      sext_ln73_24_fu_7712     |    0    |    0    |    0    |
|          |      sext_ln70_24_fu_7721     |    0    |    0    |    0    |
|          |      sext_ln58_1_fu_7732      |    0    |    0    |    0    |
|          |      sext_ln58_4_fu_7754      |    0    |    0    |    0    |
|   sext   |      sext_ln58_5_fu_7758      |    0    |    0    |    0    |
|          |      sext_ln58_9_fu_7779      |    0    |    0    |    0    |
|          |      sext_ln58_25_fu_7807     |    0    |    0    |    0    |
|          |      sext_ln58_27_fu_7823     |    0    |    0    |    0    |
|          |      sext_ln73_6_fu_7851      |    0    |    0    |    0    |
|          |      sext_ln73_7_fu_7855      |    0    |    0    |    0    |
|          |      sext_ln73_8_fu_7859      |    0    |    0    |    0    |
|          |      sext_ln73_14_fu_7863     |    0    |    0    |    0    |
|          |      sext_ln73_15_fu_7867     |    0    |    0    |    0    |
|          |      sext_ln73_17_fu_7871     |    0    |    0    |    0    |
|          |      sext_ln73_18_fu_7875     |    0    |    0    |    0    |
|          |      sext_ln73_19_fu_7879     |    0    |    0    |    0    |
|          |    mul_ln73_35_cast_fu_7883   |    0    |    0    |    0    |
|          |      sext_ln73_27_fu_7887     |    0    |    0    |    0    |
|          |      sext_ln73_28_fu_7898     |    0    |    0    |    0    |
|          |      sext_ln73_29_fu_7915     |    0    |    0    |    0    |
|          |       sext_ln58_fu_7925       |    0    |    0    |    0    |
|          |      sext_ln58_2_fu_7929      |    0    |    0    |    0    |
|          |      sext_ln58_3_fu_7932      |    0    |    0    |    0    |
|          |      sext_ln58_6_fu_7935      |    0    |    0    |    0    |
|          |      sext_ln58_7_fu_7944      |    0    |    0    |    0    |
|          |      sext_ln58_8_fu_7960      |    0    |    0    |    0    |
|          |      sext_ln58_10_fu_7964     |    0    |    0    |    0    |
|          |      sext_ln58_11_fu_7979     |    0    |    0    |    0    |
|          |      sext_ln58_21_fu_7989     |    0    |    0    |    0    |
|          |      sext_ln58_22_fu_7998     |    0    |    0    |    0    |
|          |      sext_ln58_12_fu_8008     |    0    |    0    |    0    |
|          |      sext_ln58_23_fu_8018     |    0    |    0    |    0    |
|          |      sext_ln58_13_fu_8027     |    0    |    0    |    0    |
|          |      sext_ln58_24_fu_8043     |    0    |    0    |    0    |
|          |      sext_ln58_14_fu_8053     |    0    |    0    |    0    |
|          |      sext_ln58_26_fu_8063     |    0    |    0    |    0    |
|          |      sext_ln58_15_fu_8072     |    0    |    0    |    0    |
|          |      sext_ln58_28_fu_8082     |    0    |    0    |    0    |
|          |      sext_ln58_16_fu_8091     |    0    |    0    |    0    |
|          |      sext_ln58_29_fu_8101     |    0    |    0    |    0    |
|          |      sext_ln58_30_fu_8111     |    0    |    0    |    0    |
|          |      sext_ln58_31_fu_8120     |    0    |    0    |    0    |
|          |      sext_ln58_17_fu_8130     |    0    |    0    |    0    |
|          |      sext_ln58_32_fu_8140     |    0    |    0    |    0    |
|          |      sext_ln58_33_fu_8149     |    0    |    0    |    0    |
|          |      sext_ln58_18_fu_8159     |    0    |    0    |    0    |
|          |      sext_ln58_34_fu_8169     |    0    |    0    |    0    |
|          |      sext_ln58_35_fu_8179     |    0    |    0    |    0    |
|          |      sext_ln58_36_fu_8188     |    0    |    0    |    0    |
|          |      sext_ln58_19_fu_8198     |    0    |    0    |    0    |
|          |      sext_ln58_20_fu_8208     |    0    |    0    |    0    |
|          |      sext_ln58_37_fu_8224     |    0    |    0    |    0    |
|          |       sext_ln18_fu_8234       |    0    |    0    |    0    |
|----------|-------------------------------|---------|---------|---------|
|          |         shl_ln_fu_7405        |    0    |    0    |    0    |
|          |       shl_ln73_1_fu_7417      |    0    |    0    |    0    |
|          |       shl_ln73_s_fu_7484      |    0    |    0    |    0    |
|          |       shl_ln73_2_fu_7522      |    0    |    0    |    0    |
|          |       shl_ln73_3_fu_7533      |    0    |    0    |    0    |
|          |       shl_ln73_4_fu_7569      |    0    |    0    |    0    |
|bitconcatenate|       shl_ln73_5_fu_7580      |    0    |    0    |    0    |
|          |       shl_ln73_6_fu_7605      |    0    |    0    |    0    |
|          |       shl_ln73_7_fu_7616      |    0    |    0    |    0    |
|          |       shl_ln73_8_fu_7684      |    0    |    0    |    0    |
|          |       shl_ln73_9_fu_7695      |    0    |    0    |    0    |
|          |      shl_ln73_10_fu_7891      |    0    |    0    |    0    |
|          |      shl_ln73_11_fu_7908      |    0    |    0    |    0    |
|----------|-------------------------------|---------|---------|---------|
|          |          mrv_fu_8238          |    0    |    0    |    0    |
|          |         mrv_1_fu_8244         |    0    |    0    |    0    |
|insertvalue|         mrv_2_fu_8250         |    0    |    0    |    0    |
|          |         mrv_3_fu_8256         |    0    |    0    |    0    |
|          |         mrv_4_fu_8262         |    0    |    0    |    0    |
|----------|-------------------------------|---------|---------|---------|
|   Total  |                               |    43   |    0    |   1876  |
|----------|-------------------------------|---------|---------|---------|

Memories:
N/A

* Register list:
+--------------------------+--------+
|                          |   FF   |
+--------------------------+--------+
|   add_ln58_11_reg_8360   |   26   |
|   add_ln58_15_reg_8365   |   24   |
|   add_ln58_19_reg_8370   |   26   |
|    add_ln58_1_reg_8345   |   25   |
|   add_ln58_26_reg_8375   |   26   |
|    add_ln58_2_reg_8350   |   25   |
|   add_ln58_30_reg_8380   |   27   |
|   add_ln58_34_reg_8385   |   25   |
|   add_ln58_38_reg_8390   |   25   |
|   add_ln58_43_reg_8395   |   25   |
|    add_ln58_4_reg_8340   |   23   |
|    add_ln58_5_reg_8355   |   25   |
| data_1_val2_read_reg_8321|   16   |
| data_2_val3_read_reg_8315|   16   |
| data_3_val4_read_reg_8307|   16   |
| data_4_val5_read_reg_8300|   16   |
| data_5_val6_read_reg_8294|   16   |
| data_6_val7_read_reg_8288|   16   |
| data_7_val8_read_reg_8283|   16   |
| data_8_val9_read_reg_8275|   16   |
|data_9_val10_read_reg_8268|   16   |
|    mul_ln70_1_reg_4188   |   24   |
|     mul_ln70_reg_4176    |   24   |
|   mul_ln73_10_reg_4172   |   24   |
|   mul_ln73_11_reg_7312   |   27   |
|   mul_ln73_12_reg_7316   |   26   |
|   mul_ln73_13_reg_7320   |   26   |
|   mul_ln73_14_reg_7324   |   27   |
|   mul_ln73_15_reg_7328   |   27   |
|   mul_ln73_16_reg_7332   |   27   |
|   mul_ln73_17_reg_4180   |   26   |
|   mul_ln73_18_reg_4184   |   26   |
|   mul_ln73_19_reg_7336   |   26   |
|    mul_ln73_1_reg_4152   |   25   |
|   mul_ln73_20_reg_7340   |   26   |
|   mul_ln73_21_reg_7344   |   25   |
|   mul_ln73_22_reg_4192   |   26   |
|   mul_ln73_23_reg_7348   |   27   |
|   mul_ln73_24_reg_7352   |   26   |
|   mul_ln73_25_reg_7356   |   26   |
|   mul_ln73_26_reg_7360   |   26   |
|   mul_ln73_27_reg_7364   |   27   |
|   mul_ln73_28_reg_4196   |   23   |
|   mul_ln73_29_reg_4200   |   24   |
|    mul_ln73_2_reg_4156   |   25   |
|   mul_ln73_30_reg_7368   |   26   |
|   mul_ln73_31_reg_4204   |   25   |
|   mul_ln73_32_reg_4208   |   25   |
|   mul_ln73_33_reg_7372   |   26   |
|   mul_ln73_34_reg_7376   |   27   |
|   mul_ln73_35_reg_4212   |   25   |
|   mul_ln73_36_reg_7380   |   26   |
|   mul_ln73_37_reg_4216   |   25   |
|   mul_ln73_38_reg_4220   |   25   |
|   mul_ln73_39_reg_7384   |   27   |
|    mul_ln73_3_reg_4160   |   24   |
|   mul_ln73_40_reg_7388   |   27   |
|    mul_ln73_4_reg_7296   |   25   |
|    mul_ln73_5_reg_7300   |   27   |
|    mul_ln73_6_reg_4164   |   26   |
|    mul_ln73_7_reg_4168   |   26   |
|    mul_ln73_8_reg_7304   |   26   |
|    mul_ln73_9_reg_7308   |   26   |
|     mul_ln73_reg_4148    |   24   |
|   sext_ln70_14_reg_8329  |   26   |
|    sub_ln73_4_reg_8335   |   26   |
+--------------------------+--------+
|           Total          |  1602  |
+--------------------------+--------+

* Multiplexer (MUX) list: 
|--------|------|------|------|--------|
|  Comp  |  Pin | Size |  BW  | S x BW |
|--------|------|------|------|--------|
|  Total |      |      |      |    0   |
|--------|------|------|------|--------|



* Summary:
+-----------+--------+--------+--------+
|           |   DSP  |   FF   |   LUT  |
+-----------+--------+--------+--------+
|  Function |   43   |    0   |  1876  |
|   Memory  |    -   |    -   |    -   |
|Multiplexer|    -   |    -   |    -   |
|  Register |    -   |  1602  |    -   |
+-----------+--------+--------+--------+
|   Total   |   43   |  1602  |  1876  |
+-----------+--------+--------+--------+
