

================================================================
== Vitis HLS Report for 'dense_latency_wrapper_ap_fixed_ap_fixed_37_17_5_3_0_config15_s'
================================================================
* Date:           Sun Apr  5 17:32:30 2026

* Version:        2023.2 (Build 4023990 on Oct 11 2023)
* Project:        gaussian_prj
* Solution:       solution1 (Vivado IP Flow Target)
* Product family: kintexu
* Target device:  xcku035-fbva676-2-e


================================================================
== Performance Estimates
================================================================
+ Timing: 
    * Summary: 
    +--------+---------+----------+------------+
    |  Clock |  Target | Estimated| Uncertainty|
    +--------+---------+----------+------------+
    |ap_clk  |  5.00 ns|  3.575 ns|     1.35 ns|
    +--------+---------+----------+------------+

+ Latency: 
    * Summary: 
    +---------+---------+-----------+-----------+-----+-----+---------+
    |  Latency (cycles) |   Latency (absolute)  |  Interval | Pipeline|
    |   min   |   max   |    min    |    max    | min | max |   Type  |
    +---------+---------+-----------+-----------+-----+-----+---------+
    |        3|        3|  15.000 ns|  15.000 ns|    1|    1|      yes|
    +---------+---------+-----------+-----------+-----+-----+---------+

    + Detail: 
        * Instance: 
        N/A

        * Loop: 
        N/A



================================================================
== Utilization Estimates
================================================================
* Summary: 
+-----------------+---------+------+--------+--------+-----+
|       Name      | BRAM_18K|  DSP |   FF   |   LUT  | URAM|
+-----------------+---------+------+--------+--------+-----+
|DSP              |        -|     -|       -|       -|    -|
|Expression       |        -|     -|       0|    4893|    -|
|FIFO             |        -|     -|       -|       -|    -|
|Instance         |        -|   129|       0|     516|    -|
|Memory           |        -|     -|       -|       -|    -|
|Multiplexer      |        -|     -|       -|       -|    -|
|Register         |        -|     -|    5001|       1|    -|
+-----------------+---------+------+--------+--------+-----+
|Total            |        0|   129|    5001|    5410|    0|
+-----------------+---------+------+--------+--------+-----+
|Available        |     1080|  1700|  406256|  203128|    0|
+-----------------+---------+------+--------+--------+-----+
|Utilization (%)  |        0|     7|       1|       2|    0|
+-----------------+---------+------+--------+--------+-----+

+ Detail: 
    * Instance: 
    +---------------------------+---------------------+---------+----+---+----+-----+
    |          Instance         |        Module       | BRAM_18K| DSP| FF| LUT| URAM|
    +---------------------------+---------------------+---------+----+---+----+-----+
    |mul_16s_10ns_25_1_0_U1467  |mul_16s_10ns_25_1_0  |        0|   1|  0|   4|    0|
    |mul_16s_10ns_25_1_0_U1488  |mul_16s_10ns_25_1_0  |        0|   1|  0|   4|    0|
    |mul_16s_10ns_25_1_0_U1498  |mul_16s_10ns_25_1_0  |        0|   1|  0|   4|    0|
    |mul_16s_10ns_25_1_0_U1515  |mul_16s_10ns_25_1_0  |        0|   1|  0|   4|    0|
    |mul_16s_10ns_25_1_0_U1520  |mul_16s_10ns_25_1_0  |        0|   1|  0|   4|    0|
    |mul_16s_10ns_25_1_0_U1521  |mul_16s_10ns_25_1_0  |        0|   1|  0|   4|    0|
    |mul_16s_10ns_25_1_0_U1557  |mul_16s_10ns_25_1_0  |        0|   1|  0|   4|    0|
    |mul_16s_10ns_26_1_0_U1461  |mul_16s_10ns_26_1_0  |        0|   1|  0|   4|    0|
    |mul_16s_10ns_26_1_0_U1469  |mul_16s_10ns_26_1_0  |        0|   1|  0|   4|    0|
    |mul_16s_10ns_26_1_0_U1471  |mul_16s_10ns_26_1_0  |        0|   1|  0|   4|    0|
    |mul_16s_10ns_26_1_0_U1478  |mul_16s_10ns_26_1_0  |        0|   1|  0|   4|    0|
    |mul_16s_10ns_26_1_0_U1487  |mul_16s_10ns_26_1_0  |        0|   1|  0|   4|    0|
    |mul_16s_10ns_26_1_0_U1492  |mul_16s_10ns_26_1_0  |        0|   1|  0|   4|    0|
    |mul_16s_10ns_26_1_0_U1493  |mul_16s_10ns_26_1_0  |        0|   1|  0|   4|    0|
    |mul_16s_10ns_26_1_0_U1494  |mul_16s_10ns_26_1_0  |        0|   1|  0|   4|    0|
    |mul_16s_10ns_26_1_0_U1499  |mul_16s_10ns_26_1_0  |        0|   1|  0|   4|    0|
    |mul_16s_10ns_26_1_0_U1502  |mul_16s_10ns_26_1_0  |        0|   1|  0|   4|    0|
    |mul_16s_10ns_26_1_0_U1504  |mul_16s_10ns_26_1_0  |        0|   1|  0|   4|    0|
    |mul_16s_10ns_26_1_0_U1506  |mul_16s_10ns_26_1_0  |        0|   1|  0|   4|    0|
    |mul_16s_10ns_26_1_0_U1519  |mul_16s_10ns_26_1_0  |        0|   1|  0|   4|    0|
    |mul_16s_10ns_26_1_0_U1522  |mul_16s_10ns_26_1_0  |        0|   1|  0|   4|    0|
    |mul_16s_10ns_26_1_0_U1531  |mul_16s_10ns_26_1_0  |        0|   1|  0|   4|    0|
    |mul_16s_10ns_26_1_0_U1536  |mul_16s_10ns_26_1_0  |        0|   1|  0|   4|    0|
    |mul_16s_10ns_26_1_0_U1537  |mul_16s_10ns_26_1_0  |        0|   1|  0|   4|    0|
    |mul_16s_10ns_26_1_0_U1544  |mul_16s_10ns_26_1_0  |        0|   1|  0|   4|    0|
    |mul_16s_10ns_26_1_0_U1545  |mul_16s_10ns_26_1_0  |        0|   1|  0|   4|    0|
    |mul_16s_10ns_26_1_0_U1558  |mul_16s_10ns_26_1_0  |        0|   1|  0|   4|    0|
    |mul_16s_10ns_26_1_0_U1563  |mul_16s_10ns_26_1_0  |        0|   1|  0|   4|    0|
    |mul_16s_10ns_26_1_0_U1569  |mul_16s_10ns_26_1_0  |        0|   1|  0|   4|    0|
    |mul_16s_10ns_26_1_0_U1573  |mul_16s_10ns_26_1_0  |        0|   1|  0|   4|    0|
    |mul_16s_10ns_26_1_0_U1578  |mul_16s_10ns_26_1_0  |        0|   1|  0|   4|    0|
    |mul_16s_10ns_26_1_0_U1586  |mul_16s_10ns_26_1_0  |        0|   1|  0|   4|    0|
    |mul_16s_10s_25_1_0_U1464   |mul_16s_10s_25_1_0   |        0|   1|  0|   4|    0|
    |mul_16s_10s_25_1_0_U1481   |mul_16s_10s_25_1_0   |        0|   1|  0|   4|    0|
    |mul_16s_10s_25_1_0_U1500   |mul_16s_10s_25_1_0   |        0|   1|  0|   4|    0|
    |mul_16s_10s_25_1_0_U1560   |mul_16s_10s_25_1_0   |        0|   1|  0|   4|    0|
    |mul_16s_10s_25_1_0_U1572   |mul_16s_10s_25_1_0   |        0|   1|  0|   4|    0|
    |mul_16s_10s_25_1_0_U1584   |mul_16s_10s_25_1_0   |        0|   1|  0|   4|    0|
    |mul_16s_10s_26_1_0_U1462   |mul_16s_10s_26_1_0   |        0|   1|  0|   4|    0|
    |mul_16s_10s_26_1_0_U1482   |mul_16s_10s_26_1_0   |        0|   1|  0|   4|    0|
    |mul_16s_10s_26_1_0_U1483   |mul_16s_10s_26_1_0   |        0|   1|  0|   4|    0|
    |mul_16s_10s_26_1_0_U1485   |mul_16s_10s_26_1_0   |        0|   1|  0|   4|    0|
    |mul_16s_10s_26_1_0_U1507   |mul_16s_10s_26_1_0   |        0|   1|  0|   4|    0|
    |mul_16s_10s_26_1_0_U1508   |mul_16s_10s_26_1_0   |        0|   1|  0|   4|    0|
    |mul_16s_10s_26_1_0_U1513   |mul_16s_10s_26_1_0   |        0|   1|  0|   4|    0|
    |mul_16s_10s_26_1_0_U1514   |mul_16s_10s_26_1_0   |        0|   1|  0|   4|    0|
    |mul_16s_10s_26_1_0_U1516   |mul_16s_10s_26_1_0   |        0|   1|  0|   4|    0|
    |mul_16s_10s_26_1_0_U1518   |mul_16s_10s_26_1_0   |        0|   1|  0|   4|    0|
    |mul_16s_10s_26_1_0_U1529   |mul_16s_10s_26_1_0   |        0|   1|  0|   4|    0|
    |mul_16s_10s_26_1_0_U1534   |mul_16s_10s_26_1_0   |        0|   1|  0|   4|    0|
    |mul_16s_10s_26_1_0_U1555   |mul_16s_10s_26_1_0   |        0|   1|  0|   4|    0|
    |mul_16s_10s_26_1_0_U1559   |mul_16s_10s_26_1_0   |        0|   1|  0|   4|    0|
    |mul_16s_10s_26_1_0_U1562   |mul_16s_10s_26_1_0   |        0|   1|  0|   4|    0|
    |mul_16s_10s_26_1_0_U1566   |mul_16s_10s_26_1_0   |        0|   1|  0|   4|    0|
    |mul_16s_10s_26_1_0_U1568   |mul_16s_10s_26_1_0   |        0|   1|  0|   4|    0|
    |mul_16s_10s_26_1_0_U1575   |mul_16s_10s_26_1_0   |        0|   1|  0|   4|    0|
    |mul_16s_10s_26_1_0_U1576   |mul_16s_10s_26_1_0   |        0|   1|  0|   4|    0|
    |mul_16s_10s_26_1_0_U1581   |mul_16s_10s_26_1_0   |        0|   1|  0|   4|    0|
    |mul_16s_10s_26_1_0_U1582   |mul_16s_10s_26_1_0   |        0|   1|  0|   4|    0|
    |mul_16s_10s_26_1_0_U1583   |mul_16s_10s_26_1_0   |        0|   1|  0|   4|    0|
    |mul_16s_10s_26_1_0_U1585   |mul_16s_10s_26_1_0   |        0|   1|  0|   4|    0|
    |mul_16s_10s_26_1_0_U1589   |mul_16s_10s_26_1_0   |        0|   1|  0|   4|    0|
    |mul_16s_11ns_26_1_0_U1474  |mul_16s_11ns_26_1_0  |        0|   1|  0|   4|    0|
    |mul_16s_11ns_26_1_0_U1491  |mul_16s_11ns_26_1_0  |        0|   1|  0|   4|    0|
    |mul_16s_11ns_27_1_0_U1477  |mul_16s_11ns_27_1_0  |        0|   1|  0|   4|    0|
    |mul_16s_11ns_27_1_0_U1539  |mul_16s_11ns_27_1_0  |        0|   1|  0|   4|    0|
    |mul_16s_11ns_27_1_0_U1574  |mul_16s_11ns_27_1_0  |        0|   1|  0|   4|    0|
    |mul_16s_11s_27_1_0_U1577   |mul_16s_11s_27_1_0   |        0|   1|  0|   4|    0|
    |mul_16s_6ns_22_1_0_U1496   |mul_16s_6ns_22_1_0   |        0|   1|  0|   4|    0|
    |mul_16s_6s_21_1_1_U1528    |mul_16s_6s_21_1_1    |        0|   1|  0|   4|    0|
    |mul_16s_6s_22_1_0_U1501    |mul_16s_6s_22_1_0    |        0|   1|  0|   4|    0|
    |mul_16s_6s_22_1_0_U1580    |mul_16s_6s_22_1_0    |        0|   1|  0|   4|    0|
    |mul_16s_7ns_23_1_0_U1510   |mul_16s_7ns_23_1_0   |        0|   1|  0|   4|    0|
    |mul_16s_7ns_23_1_0_U1527   |mul_16s_7ns_23_1_0   |        0|   1|  0|   4|    0|
    |mul_16s_7ns_23_1_0_U1533   |mul_16s_7ns_23_1_0   |        0|   1|  0|   4|    0|
    |mul_16s_7s_22_1_0_U1480    |mul_16s_7s_22_1_0    |        0|   1|  0|   4|    0|
    |mul_16s_7s_22_1_0_U1564    |mul_16s_7s_22_1_0    |        0|   1|  0|   4|    0|
    |mul_16s_7s_23_1_0_U1495    |mul_16s_7s_23_1_0    |        0|   1|  0|   4|    0|
    |mul_16s_7s_23_1_0_U1532    |mul_16s_7s_23_1_0    |        0|   1|  0|   4|    0|
    |mul_16s_7s_23_1_0_U1553    |mul_16s_7s_23_1_0    |        0|   1|  0|   4|    0|
    |mul_16s_7s_23_1_0_U1561    |mul_16s_7s_23_1_0    |        0|   1|  0|   4|    0|
    |mul_16s_8ns_23_1_0_U1511   |mul_16s_8ns_23_1_0   |        0|   1|  0|   4|    0|
    |mul_16s_8ns_23_1_0_U1541   |mul_16s_8ns_23_1_0   |        0|   1|  0|   4|    0|
    |mul_16s_8ns_24_1_0_U1463   |mul_16s_8ns_24_1_0   |        0|   1|  0|   4|    0|
    |mul_16s_8ns_24_1_0_U1526   |mul_16s_8ns_24_1_0   |        0|   1|  0|   4|    0|
    |mul_16s_8ns_24_1_0_U1570   |mul_16s_8ns_24_1_0   |        0|   1|  0|   4|    0|
    |mul_16s_8s_24_1_0_U1470    |mul_16s_8s_24_1_0    |        0|   1|  0|   4|    0|
    |mul_16s_8s_24_1_0_U1473    |mul_16s_8s_24_1_0    |        0|   1|  0|   4|    0|
    |mul_16s_8s_24_1_0_U1475    |mul_16s_8s_24_1_0    |        0|   1|  0|   4|    0|
    |mul_16s_8s_24_1_0_U1509    |mul_16s_8s_24_1_0    |        0|   1|  0|   4|    0|
    |mul_16s_8s_24_1_0_U1550    |mul_16s_8s_24_1_0    |        0|   1|  0|   4|    0|
    |mul_16s_8s_24_1_0_U1554    |mul_16s_8s_24_1_0    |        0|   1|  0|   4|    0|
    |mul_16s_8s_24_1_0_U1556    |mul_16s_8s_24_1_0    |        0|   1|  0|   4|    0|
    |mul_16s_8s_24_1_0_U1571    |mul_16s_8s_24_1_0    |        0|   1|  0|   4|    0|
    |mul_16s_9ns_24_1_0_U1486   |mul_16s_9ns_24_1_0   |        0|   1|  0|   4|    0|
    |mul_16s_9ns_24_1_0_U1489   |mul_16s_9ns_24_1_0   |        0|   1|  0|   4|    0|
    |mul_16s_9ns_24_1_0_U1503   |mul_16s_9ns_24_1_0   |        0|   1|  0|   4|    0|
    |mul_16s_9ns_24_1_0_U1524   |mul_16s_9ns_24_1_0   |        0|   1|  0|   4|    0|
    |mul_16s_9ns_25_1_0_U1465   |mul_16s_9ns_25_1_0   |        0|   1|  0|   4|    0|
    |mul_16s_9ns_25_1_0_U1472   |mul_16s_9ns_25_1_0   |        0|   1|  0|   4|    0|
    |mul_16s_9ns_25_1_0_U1484   |mul_16s_9ns_25_1_0   |        0|   1|  0|   4|    0|
    |mul_16s_9ns_25_1_0_U1512   |mul_16s_9ns_25_1_0   |        0|   1|  0|   4|    0|
    |mul_16s_9ns_25_1_0_U1517   |mul_16s_9ns_25_1_0   |        0|   1|  0|   4|    0|
    |mul_16s_9ns_25_1_0_U1525   |mul_16s_9ns_25_1_0   |        0|   1|  0|   4|    0|
    |mul_16s_9ns_25_1_0_U1530   |mul_16s_9ns_25_1_0   |        0|   1|  0|   4|    0|
    |mul_16s_9ns_25_1_0_U1540   |mul_16s_9ns_25_1_0   |        0|   1|  0|   4|    0|
    |mul_16s_9ns_25_1_0_U1543   |mul_16s_9ns_25_1_0   |        0|   1|  0|   4|    0|
    |mul_16s_9ns_25_1_0_U1549   |mul_16s_9ns_25_1_0   |        0|   1|  0|   4|    0|
    |mul_16s_9ns_25_1_0_U1551   |mul_16s_9ns_25_1_0   |        0|   1|  0|   4|    0|
    |mul_16s_9ns_25_1_0_U1552   |mul_16s_9ns_25_1_0   |        0|   1|  0|   4|    0|
    |mul_16s_9ns_25_1_0_U1565   |mul_16s_9ns_25_1_0   |        0|   1|  0|   4|    0|
    |mul_16s_9ns_25_1_0_U1579   |mul_16s_9ns_25_1_0   |        0|   1|  0|   4|    0|
    |mul_16s_9ns_25_1_0_U1587   |mul_16s_9ns_25_1_0   |        0|   1|  0|   4|    0|
    |mul_16s_9s_24_1_0_U1479    |mul_16s_9s_24_1_0    |        0|   1|  0|   4|    0|
    |mul_16s_9s_24_1_0_U1548    |mul_16s_9s_24_1_0    |        0|   1|  0|   4|    0|
    |mul_16s_9s_25_1_0_U1466    |mul_16s_9s_25_1_0    |        0|   1|  0|   4|    0|
    |mul_16s_9s_25_1_0_U1468    |mul_16s_9s_25_1_0    |        0|   1|  0|   4|    0|
    |mul_16s_9s_25_1_0_U1476    |mul_16s_9s_25_1_0    |        0|   1|  0|   4|    0|
    |mul_16s_9s_25_1_0_U1490    |mul_16s_9s_25_1_0    |        0|   1|  0|   4|    0|
    |mul_16s_9s_25_1_0_U1497    |mul_16s_9s_25_1_0    |        0|   1|  0|   4|    0|
    |mul_16s_9s_25_1_0_U1505    |mul_16s_9s_25_1_0    |        0|   1|  0|   4|    0|
    |mul_16s_9s_25_1_0_U1523    |mul_16s_9s_25_1_0    |        0|   1|  0|   4|    0|
    |mul_16s_9s_25_1_0_U1535    |mul_16s_9s_25_1_0    |        0|   1|  0|   4|    0|
    |mul_16s_9s_25_1_0_U1538    |mul_16s_9s_25_1_0    |        0|   1|  0|   4|    0|
    |mul_16s_9s_25_1_0_U1542    |mul_16s_9s_25_1_0    |        0|   1|  0|   4|    0|
    |mul_16s_9s_25_1_0_U1546    |mul_16s_9s_25_1_0    |        0|   1|  0|   4|    0|
    |mul_16s_9s_25_1_0_U1547    |mul_16s_9s_25_1_0    |        0|   1|  0|   4|    0|
    |mul_16s_9s_25_1_0_U1567    |mul_16s_9s_25_1_0    |        0|   1|  0|   4|    0|
    |mul_16s_9s_25_1_0_U1588    |mul_16s_9s_25_1_0    |        0|   1|  0|   4|    0|
    +---------------------------+---------------------+---------+----+---+----+-----+
    |Total                      |                     |        0| 129|  0| 516|    0|
    +---------------------------+---------------------+---------+----+---+----+-----+

    * DSP: 
    N/A

    * Memory: 
    N/A

    * FIFO: 
    N/A

    * Expression: 
    +--------------------------+----------+----+---+----+------------+------------+
    |       Variable Name      | Operation| DSP| FF| LUT| Bitwidth P0| Bitwidth P1|
    +--------------------------+----------+----+---+----+------------+------------+
    |add_ln58_196_fu_62010_p2  |         +|   0|  0|  30|          23|          12|
    |add_ln58_197_fu_62550_p2  |         +|   0|  0|  32|          25|          18|
    |add_ln58_198_fu_62560_p2  |         +|   0|  0|  30|          23|          16|
    |add_ln58_199_fu_62566_p2  |         +|   0|  0|  25|          25|          16|
    |add_ln58_200_fu_62572_p2  |         +|   0|  0|  32|          25|          16|
    |add_ln58_201_fu_62582_p2  |         +|   0|  0|  31|          24|          17|
    |add_ln58_202_fu_62016_p2  |         +|   0|  0|  24|          17|          17|
    |add_ln58_203_fu_62026_p2  |         +|   0|  0|  26|          19|          19|
    |add_ln58_204_fu_62595_p2  |         +|   0|  0|  32|          25|          11|
    |add_ln58_205_fu_63165_p2  |         +|   0|  0|  33|          26|          26|
    |add_ln58_206_fu_62605_p2  |         +|   0|  0|  31|          24|          24|
    |add_ln58_207_fu_62615_p2  |         +|   0|  0|  23|          23|          17|
    |add_ln58_208_fu_62625_p2  |         +|   0|  0|  32|          25|          25|
    |add_ln58_209_fu_62635_p2  |         +|   0|  0|  28|          21|          16|
    |add_ln58_210_fu_62645_p2  |         +|   0|  0|  32|          25|          25|
    |add_ln58_211_fu_63178_p2  |         +|   0|  0|  33|          26|          26|
    |add_ln58_212_fu_62651_p2  |         +|   0|  0|  33|          26|          26|
    |add_ln58_213_fu_62657_p2  |         +|   0|  0|  25|          25|          25|
    |add_ln58_214_fu_62663_p2  |         +|   0|  0|  32|          25|          25|
    |add_ln58_215_fu_62669_p2  |         +|   0|  0|  32|          25|          25|
    |add_ln58_216_fu_62675_p2  |         +|   0|  0|  25|          25|          25|
    |add_ln58_217_fu_62681_p2  |         +|   0|  0|  29|          22|          18|
    |add_ln58_218_fu_62691_p2  |         +|   0|  0|  25|          25|          25|
    |add_ln58_219_fu_63197_p2  |         +|   0|  0|  26|          26|          26|
    |add_ln58_220_fu_63203_p2  |         +|   0|  0|  26|          26|          26|
    |add_ln58_221_fu_63213_p2  |         +|   0|  0|  33|          26|          26|
    |add_ln58_222_fu_62701_p2  |         +|   0|  0|  26|          26|          26|
    |add_ln58_223_fu_62707_p2  |         +|   0|  0|  31|          24|          15|
    |add_ln58_224_fu_62717_p2  |         +|   0|  0|  26|          26|          26|
    |add_ln58_225_fu_62723_p2  |         +|   0|  0|  26|          26|          26|
    |add_ln58_226_fu_62729_p2  |         +|   0|  0|  31|          24|          24|
    |add_ln58_227_fu_62739_p2  |         +|   0|  0|  26|          26|          26|
    |add_ln58_228_fu_63229_p2  |         +|   0|  0|  26|          26|          26|
    |add_ln58_229_fu_62745_p2  |         +|   0|  0|  25|          25|          25|
    |add_ln58_230_fu_63238_p2  |         +|   0|  0|  26|          26|          26|
    |add_ln58_231_fu_63248_p2  |         +|   0|  0|  26|          26|          26|
    |add_ln58_232_fu_63254_p2  |         +|   0|  0|  26|          26|          26|
    |add_ln58_233_fu_63277_p2  |         +|   0|  0|  26|          26|          26|
    |add_ln58_234_fu_63287_p2  |         +|   0|  0|  26|          26|          26|
    |add_ln58_235_fu_62751_p2  |         +|   0|  0|  32|          25|          25|
    |add_ln58_236_fu_63296_p2  |         +|   0|  0|  26|          26|          26|
    |add_ln58_237_fu_63306_p2  |         +|   0|  0|  26|          26|          26|
    |add_ln58_238_fu_62757_p2  |         +|   0|  0|  32|          25|          25|
    |add_ln58_239_fu_63315_p2  |         +|   0|  0|  26|          26|          26|
    |add_ln58_240_fu_62763_p2  |         +|   0|  0|  26|          26|          26|
    |add_ln58_241_fu_62769_p2  |         +|   0|  0|  29|          22|          22|
    |add_ln58_242_fu_62779_p2  |         +|   0|  0|  24|          24|          24|
    |add_ln58_243_fu_62789_p2  |         +|   0|  0|  26|          26|          26|
    |add_ln58_244_fu_63328_p2  |         +|   0|  0|  27|          27|          27|
    |add_ln58_245_fu_62795_p2  |         +|   0|  0|  32|          25|          25|
    |add_ln58_246_fu_62805_p2  |         +|   0|  0|  33|          26|          26|
    |add_ln58_247_fu_63337_p2  |         +|   0|  0|  27|          27|          27|
    |add_ln58_248_fu_62811_p2  |         +|   0|  0|  26|          26|          26|
    |add_ln58_249_fu_62817_p2  |         +|   0|  0|  24|          24|          24|
    |add_ln58_250_fu_62827_p2  |         +|   0|  0|  26|          26|          26|
    |add_ln58_251_fu_63350_p2  |         +|   0|  0|  27|          27|          27|
    |add_ln58_252_fu_62833_p2  |         +|   0|  0|  31|          24|          24|
    |add_ln58_253_fu_62843_p2  |         +|   0|  0|  25|          25|          25|
    |add_ln58_254_fu_63359_p2  |         +|   0|  0|  27|          27|          27|
    |add_ln58_255_fu_62849_p2  |         +|   0|  0|  26|          26|          26|
    |add_ln58_256_fu_63372_p2  |         +|   0|  0|  34|          27|          27|
    |add_ln58_257_fu_63382_p2  |         +|   0|  0|  27|          27|          27|
    |add_ln58_258_fu_63388_p2  |         +|   0|  0|  33|          26|          26|
    |add_ln58_259_fu_63398_p2  |         +|   0|  0|  27|          27|          27|
    |add_ln58_260_fu_62855_p2  |         +|   0|  0|  32|          25|          25|
    |add_ln58_261_fu_62865_p2  |         +|   0|  0|  26|          26|          26|
    |add_ln58_262_fu_62032_p2  |         +|   0|  0|  30|          23|          23|
    |add_ln58_263_fu_62874_p2  |         +|   0|  0|  31|          24|          24|
    |add_ln58_264_fu_62884_p2  |         +|   0|  0|  26|          26|          26|
    |add_ln58_265_fu_63411_p2  |         +|   0|  0|  33|          26|          26|
    |add_ln58_266_fu_63421_p2  |         +|   0|  0|  27|          27|          27|
    |add_ln58_267_fu_62890_p2  |         +|   0|  0|  31|          24|          24|
    |add_ln58_268_fu_63430_p2  |         +|   0|  0|  32|          25|          25|
    |add_ln58_269_fu_63440_p2  |         +|   0|  0|  27|          27|          27|
    |add_ln58_270_fu_63450_p2  |         +|   0|  0|  27|          27|          27|
    |add_ln58_271_fu_62896_p2  |         +|   0|  0|  32|          25|          25|
    |add_ln58_272_fu_63459_p2  |         +|   0|  0|  33|          26|          26|
    |add_ln58_273_fu_63469_p2  |         +|   0|  0|  27|          27|          27|
    |add_ln58_274_fu_62902_p2  |         +|   0|  0|  33|          26|          26|
    |add_ln58_275_fu_63482_p2  |         +|   0|  0|  34|          27|          27|
    |add_ln58_276_fu_63492_p2  |         +|   0|  0|  27|          27|          27|
    |add_ln58_277_fu_62908_p2  |         +|   0|  0|  32|          25|          25|
    |add_ln58_278_fu_62918_p2  |         +|   0|  0|  33|          26|          26|
    |add_ln58_279_fu_63501_p2  |         +|   0|  0|  27|          27|          27|
    |add_ln58_280_fu_63511_p2  |         +|   0|  0|  27|          27|          27|
    |add_ln58_281_fu_62924_p2  |         +|   0|  0|  32|          25|          25|
    |add_ln58_282_fu_62934_p2  |         +|   0|  0|  33|          26|          26|
    |add_ln58_283_fu_63520_p2  |         +|   0|  0|  27|          27|          27|
    |add_ln58_284_fu_63530_p2  |         +|   0|  0|  27|          27|          27|
    |add_ln58_285_fu_62940_p2  |         +|   0|  0|  32|          25|          25|
    |add_ln58_286_fu_62950_p2  |         +|   0|  0|  33|          26|          26|
    |add_ln58_287_fu_63539_p2  |         +|   0|  0|  27|          27|          27|
    |add_ln58_288_fu_63549_p2  |         +|   0|  0|  27|          27|          27|
    |add_ln58_289_fu_62956_p2  |         +|   0|  0|  25|          25|          25|
    |add_ln58_290_fu_62962_p2  |         +|   0|  0|  25|          25|          25|
    |add_ln58_291_fu_63558_p2  |         +|   0|  0|  27|          27|          27|
    |add_ln58_292_fu_62968_p2  |         +|   0|  0|  32|          25|          25|
    |add_ln58_293_fu_63571_p2  |         +|   0|  0|  27|          27|          27|
    |add_ln58_294_fu_62974_p2  |         +|   0|  0|  32|          25|          25|
    |add_ln58_295_fu_62984_p2  |         +|   0|  0|  30|          23|          23|
    |add_ln58_296_fu_62994_p2  |         +|   0|  0|  33|          26|          26|
    |add_ln58_297_fu_63580_p2  |         +|   0|  0|  27|          27|          27|
    |add_ln58_298_fu_63590_p2  |         +|   0|  0|  28|          28|          28|
    |add_ln58_299_fu_63000_p2  |         +|   0|  0|  31|          24|          24|
    |add_ln58_300_fu_63599_p2  |         +|   0|  0|  32|          25|          25|
    |add_ln58_301_fu_63609_p2  |         +|   0|  0|  28|          28|          28|
    |add_ln58_302_fu_63619_p2  |         +|   0|  0|  35|          28|          28|
    |add_ln58_303_fu_63629_p2  |         +|   0|  0|  27|          27|          27|
    |add_ln58_304_fu_63006_p2  |         +|   0|  0|  31|          24|          24|
    |add_ln58_305_fu_63638_p2  |         +|   0|  0|  32|          25|          25|
    |add_ln58_306_fu_63648_p2  |         +|   0|  0|  27|          27|          27|
    |add_ln58_307_fu_63658_p2  |         +|   0|  0|  27|          27|          27|
    |add_ln58_308_fu_63664_p2  |         +|   0|  0|  33|          26|          26|
    |add_ln58_309_fu_63674_p2  |         +|   0|  0|  27|          27|          27|
    |add_ln58_310_fu_63684_p2  |         +|   0|  0|  35|          28|          28|
    |add_ln58_311_fu_63694_p2  |         +|   0|  0|  32|          25|          25|
    |add_ln58_312_fu_63704_p2  |         +|   0|  0|  27|          27|          27|
    |add_ln58_313_fu_63012_p2  |         +|   0|  0|  31|          24|          24|
    |add_ln58_314_fu_63022_p2  |         +|   0|  0|  30|          23|          23|
    |add_ln58_315_fu_63032_p2  |         +|   0|  0|  32|          25|          25|
    |add_ln58_316_fu_63713_p2  |         +|   0|  0|  27|          27|          27|
    |add_ln58_317_fu_63723_p2  |         +|   0|  0|  35|          28|          28|
    |add_ln58_318_fu_63733_p2  |         +|   0|  0|  28|          28|          28|
    |add_ln58_319_fu_63739_p2  |         +|   0|  0|  33|          26|          26|
    |add_ln58_320_fu_63749_p2  |         +|   0|  0|  28|          28|          28|
    |add_ln58_321_fu_63759_p2  |         +|   0|  0|  32|          25|          25|
    |add_ln58_322_fu_63769_p2  |         +|   0|  0|  35|          28|          28|
    |add_ln58_323_fu_63779_p2  |         +|   0|  0|  28|          28|          28|
    |add_ln58_324_fu_63038_p2  |         +|   0|  0|  32|          25|          25|
    |add_ln58_325_fu_63788_p2  |         +|   0|  0|  33|          26|          26|
    |add_ln58_326_fu_63798_p2  |         +|   0|  0|  28|          28|          28|
    |add_ln58_327_fu_63808_p2  |         +|   0|  0|  28|          28|          28|
    |add_ln58_328_fu_63814_p2  |         +|   0|  0|  33|          26|          26|
    |add_ln58_329_fu_63824_p2  |         +|   0|  0|  28|          28|          28|
    |add_ln58_330_fu_63834_p2  |         +|   0|  0|  28|          28|          28|
    |add_ln58_331_fu_63044_p2  |         +|   0|  0|  33|          26|          26|
    |add_ln58_332_fu_63843_p2  |         +|   0|  0|  34|          27|          27|
    |add_ln58_333_fu_63853_p2  |         +|   0|  0|  28|          28|          28|
    |add_ln58_334_fu_63863_p2  |         +|   0|  0|  33|          26|          26|
    |add_ln58_335_fu_63873_p2  |         +|   0|  0|  35|          28|          28|
    |add_ln58_336_fu_63883_p2  |         +|   0|  0|  28|          28|          28|
    |add_ln58_337_fu_63889_p2  |         +|   0|  0|  25|          25|          25|
    |add_ln58_338_fu_63895_p2  |         +|   0|  0|  25|          25|          25|
    |add_ln58_339_fu_63905_p2  |         +|   0|  0|  28|          28|          28|
    |add_ln58_340_fu_63915_p2  |         +|   0|  0|  28|          28|          28|
    |add_ln58_341_fu_63921_p2  |         +|   0|  0|  33|          26|          26|
    |add_ln58_342_fu_63931_p2  |         +|   0|  0|  28|          28|          28|
    |add_ln58_fu_62541_p2      |         +|   0|  0|  32|          25|          16|
    |add_ln73_4_fu_62344_p2    |         +|   0|  0|  31|          24|          24|
    |add_ln73_fu_61921_p2      |         +|   0|  0|  30|          23|          23|
    |sub_ln58_fu_63271_p2      |         -|   0|  0|  26|          26|          26|
    |sub_ln73_17_fu_62064_p2   |         -|   0|  0|  23|          23|          23|
    |sub_ln73_18_fu_62080_p2   |         -|   0|  0|  33|          26|          26|
    |sub_ln73_19_fu_62112_p2   |         -|   0|  0|  25|          25|          25|
    |sub_ln73_20_fu_62144_p2   |         -|   0|  0|  24|          24|          24|
    |sub_ln73_21_fu_61851_p2   |         -|   0|  0|  29|          22|          22|
    |sub_ln73_22_fu_62211_p2   |         -|   0|  0|  24|          24|          24|
    |sub_ln73_23_fu_62228_p2   |         -|   0|  0|  22|           1|          22|
    |sub_ln73_24_fu_62234_p2   |         -|   0|  0|  22|          22|          22|
    |sub_ln73_25_fu_62259_p2   |         -|   0|  0|  28|          21|          21|
    |sub_ln73_26_fu_61891_p2   |         -|   0|  0|  26|           1|          19|
    |sub_ln73_27_fu_62317_p2   |         -|   0|  0|  25|          25|          25|
    |sub_ln73_28_fu_62334_p2   |         -|   0|  0|  31|          24|          24|
    |sub_ln73_29_fu_62379_p2   |         -|   0|  0|  26|          26|          26|
    |sub_ln73_30_fu_62419_p2   |         -|   0|  0|  31|          24|          24|
    |sub_ln73_31_fu_62455_p2   |         -|   0|  0|  27|          20|          20|
    |sub_ln73_32_fu_62476_p2   |         -|   0|  0|  30|          23|          23|
    |sub_ln73_33_fu_62535_p2   |         -|   0|  0|  30|          23|          23|
    |sub_ln73_fu_61813_p2      |         -|   0|  0|  30|           1|          23|
    +--------------------------+----------+----+---+----+------------+------------+
    |Total                     |          |   0|  0|4893|        4237|        4201|
    +--------------------------+----------+----+---+----+------------+------------+

    * Multiplexer: 
    N/A

    * Register: 
    +-------------------------------------------+----+----+-----+-----------+
    |                    Name                   | FF | LUT| Bits| Const Bits|
    +-------------------------------------------+----+----+-----+-----------+
    |add_ln58_196_reg_64233                     |  23|   0|   23|          0|
    |add_ln58_198_reg_64263                     |  23|   0|   23|          0|
    |add_ln58_203_reg_64238                     |  19|   0|   19|          0|
    |add_ln58_210_reg_64268                     |  25|   0|   25|          0|
    |add_ln58_212_reg_64273                     |  26|   0|   26|          0|
    |add_ln58_213_reg_64278                     |  25|   0|   25|          0|
    |add_ln58_214_reg_64283                     |  25|   0|   25|          0|
    |add_ln58_215_reg_64288                     |  25|   0|   25|          0|
    |add_ln58_224_reg_64293                     |  26|   0|   26|          0|
    |add_ln58_227_reg_64298                     |  26|   0|   26|          0|
    |add_ln58_229_reg_64303                     |  25|   0|   25|          0|
    |add_ln58_235_reg_64308                     |  25|   0|   25|          0|
    |add_ln58_238_reg_64313                     |  25|   0|   25|          0|
    |add_ln58_243_reg_64318                     |  26|   0|   26|          0|
    |add_ln58_246_reg_64323                     |  26|   0|   26|          0|
    |add_ln58_250_reg_64328                     |  26|   0|   26|          0|
    |add_ln58_253_reg_64333                     |  25|   0|   25|          0|
    |add_ln58_255_reg_64338                     |  25|   0|   26|          1|
    |add_ln58_262_reg_64243                     |  23|   0|   23|          0|
    |add_ln58_264_reg_64343                     |  26|   0|   26|          0|
    |add_ln58_267_reg_64348                     |  24|   0|   24|          0|
    |add_ln58_271_reg_64353                     |  25|   0|   25|          0|
    |add_ln58_274_reg_64358                     |  26|   0|   26|          0|
    |add_ln58_278_reg_64363                     |  26|   0|   26|          0|
    |add_ln58_282_reg_64368                     |  26|   0|   26|          0|
    |add_ln58_286_reg_64373                     |  26|   0|   26|          0|
    |add_ln58_290_reg_64378                     |  25|   0|   25|          0|
    |add_ln58_292_reg_64383                     |  25|   0|   25|          0|
    |add_ln58_296_reg_64388                     |  26|   0|   26|          0|
    |add_ln58_299_reg_64393                     |  24|   0|   24|          0|
    |add_ln58_304_reg_64398                     |  24|   0|   24|          0|
    |add_ln58_315_reg_64403                     |  25|   0|   25|          0|
    |add_ln58_324_reg_64408                     |  25|   0|   25|          0|
    |add_ln58_331_reg_64413                     |  26|   0|   26|          0|
    |add_ln58_reg_64258                         |  25|   0|   25|          0|
    |add_ln73_4_reg_64248                       |  24|   0|   24|          0|
    |add_ln73_reg_64166                         |  23|   0|   23|          0|
    |data_0_val1_int_reg                        |  16|   0|   16|          0|
    |data_0_val1_read_reg_64131                 |  16|   0|   16|          0|
    |data_1_val2_int_reg                        |  16|   0|   16|          0|
    |data_1_val2_read_reg_64116                 |  16|   0|   16|          0|
    |data_1_val2_read_reg_64116_pp0_iter1_reg   |  16|   0|   16|          0|
    |data_2_val3_int_reg                        |  16|   0|   16|          0|
    |data_2_val3_read_reg_64106                 |  16|   0|   16|          0|
    |data_2_val3_read_reg_64106_pp0_iter1_reg   |  16|   0|   16|          0|
    |data_3_val4_int_reg                        |  16|   0|   16|          0|
    |data_3_val4_read_reg_64092                 |  16|   0|   16|          0|
    |data_4_val5_int_reg                        |  16|   0|   16|          0|
    |data_4_val5_read_reg_64081                 |  16|   0|   16|          0|
    |data_4_val5_read_reg_64081_pp0_iter1_reg   |  16|   0|   16|          0|
    |data_5_val6_int_reg                        |  16|   0|   16|          0|
    |data_5_val6_read_reg_64072                 |  16|   0|   16|          0|
    |data_5_val6_read_reg_64072_pp0_iter1_reg   |  16|   0|   16|          0|
    |data_6_val7_int_reg                        |  16|   0|   16|          0|
    |data_6_val7_read_reg_64062                 |  16|   0|   16|          0|
    |data_6_val7_read_reg_64062_pp0_iter1_reg   |  16|   0|   16|          0|
    |data_7_val8_int_reg                        |  16|   0|   16|          0|
    |data_7_val8_read_reg_64051                 |  16|   0|   16|          0|
    |data_7_val8_read_reg_64051_pp0_iter1_reg   |  16|   0|   16|          0|
    |data_8_val9_int_reg                        |  16|   0|   16|          0|
    |data_8_val9_read_reg_64042                 |  16|   0|   16|          0|
    |data_8_val9_read_reg_64042_pp0_iter1_reg   |  16|   0|   16|          0|
    |data_9_val10_int_reg                       |  16|   0|   16|          0|
    |data_9_val10_read_reg_64031                |  16|   0|   16|          0|
    |data_9_val10_read_reg_64031_pp0_iter1_reg  |  16|   0|   16|          0|
    |mul_ln70_reg_43316                         |  22|   0|   22|          0|
    |mul_ln73_173_reg_2368                      |  23|   0|   23|          0|
    |mul_ln73_174_reg_43232                     |  25|   0|   25|          0|
    |mul_ln73_175_reg_43236                     |  25|   0|   25|          0|
    |mul_ln73_176_reg_43240                     |  25|   0|   25|          0|
    |mul_ln73_177_reg_43244                     |  25|   0|   25|          0|
    |mul_ln73_178_reg_2372                      |  23|   0|   23|          0|
    |mul_ln73_178_reg_2372_pp0_iter1_reg        |  23|   0|   23|          0|
    |mul_ln73_179_reg_61516                     |  26|   0|   26|          0|
    |mul_ln73_180_reg_43248                     |  25|   0|   25|          0|
    |mul_ln73_181_reg_43252                     |  25|   0|   25|          0|
    |mul_ln73_182_reg_43256                     |  25|   0|   25|          0|
    |mul_ln73_183_reg_43260                     |  24|   0|   24|          0|
    |mul_ln73_184_reg_43264                     |  26|   0|   26|          0|
    |mul_ln73_185_reg_43268                     |  25|   0|   25|          0|
    |mul_ln73_186_reg_61520                     |  26|   0|   26|          0|
    |mul_ln73_187_reg_43272                     |  24|   0|   24|          0|
    |mul_ln73_188_reg_43276                     |  24|   0|   24|          0|
    |mul_ln73_189_reg_43280                     |  21|   0|   21|          0|
    |mul_ln73_190_reg_61524                     |  26|   0|   26|          0|
    |mul_ln73_191_reg_61528                     |  26|   0|   26|          0|
    |mul_ln73_192_reg_61532                     |  26|   0|   26|          0|
    |mul_ln73_193_reg_43284                     |  25|   0|   25|          0|
    |mul_ln73_194_reg_43288                     |  25|   0|   25|          0|
    |mul_ln73_195_reg_43292                     |  25|   0|   25|          0|
    |mul_ln73_196_reg_43296                     |  25|   0|   25|          0|
    |mul_ln73_197_reg_61536                     |  27|   0|   27|          0|
    |mul_ln73_198_reg_61540                     |  26|   0|   26|          0|
    |mul_ln73_199_reg_43300                     |  22|   0|   22|          0|
    |mul_ln73_200_reg_61544                     |  26|   0|   26|          0|
    |mul_ln73_201_reg_43304                     |  24|   0|   24|          0|
    |mul_ln73_202_reg_61548                     |  26|   0|   26|          0|
    |mul_ln73_203_reg_61552                     |  26|   0|   26|          0|
    |mul_ln73_204_reg_43308                     |  22|   0|   22|          0|
    |mul_ln73_205_reg_61556                     |  26|   0|   26|          0|
    |mul_ln73_206_reg_61560                     |  26|   0|   26|          0|
    |mul_ln73_207_reg_61564                     |  26|   0|   26|          0|
    |mul_ln73_208_reg_61568                     |  26|   0|   26|          0|
    |mul_ln73_209_reg_43312                     |  24|   0|   24|          0|
    |mul_ln73_210_reg_43320                     |  25|   0|   25|          0|
    |mul_ln73_211_reg_61572                     |  26|   0|   26|          0|
    |mul_ln73_212_reg_43324                     |  25|   0|   25|          0|
    |mul_ln73_213_reg_43328                     |  22|   0|   22|          0|
    |mul_ln73_214_reg_43332                     |  25|   0|   25|          0|
    |mul_ln73_215_reg_61576                     |  26|   0|   26|          0|
    |mul_ln73_216_reg_43336                     |  24|   0|   24|          0|
    |mul_ln73_217_reg_61580                     |  26|   0|   26|          0|
    |mul_ln73_218_reg_61584                     |  26|   0|   26|          0|
    |mul_ln73_219_reg_61588                     |  26|   0|   26|          0|
    |mul_ln73_220_reg_43340                     |  25|   0|   25|          0|
    |mul_ln73_221_reg_43344                     |  24|   0|   24|          0|
    |mul_ln73_222_reg_43348                     |  23|   0|   23|          0|
    |mul_ln73_223_reg_2376                      |  23|   0|   23|          0|
    |mul_ln73_224_reg_43352                     |  25|   0|   25|          0|
    |mul_ln73_225_reg_43356                     |  25|   0|   25|          0|
    |mul_ln73_226_reg_43360                     |  25|   0|   25|          0|
    |mul_ln73_226_reg_43360_pp0_iter2_reg       |  25|   0|   25|          0|
    |mul_ln73_227_reg_43364                     |  24|   0|   24|          0|
    |mul_ln73_228_reg_61592                     |  26|   0|   26|          0|
    |mul_ln73_229_reg_43368                     |  25|   0|   25|          0|
    |mul_ln73_230_reg_43372                     |  25|   0|   25|          0|
    |mul_ln73_231_reg_61596                     |  26|   0|   26|          0|
    |mul_ln73_232_reg_43376                     |  26|   0|   26|          0|
    |mul_ln73_233_reg_43380                     |  24|   0|   24|          0|
    |mul_ln73_234_reg_43384                     |  25|   0|   25|          0|
    |mul_ln73_235_reg_43388                     |  24|   0|   24|          0|
    |mul_ln73_235_reg_43388_pp0_iter2_reg       |  24|   0|   24|          0|
    |mul_ln73_236_reg_43392                     |  25|   0|   25|          0|
    |mul_ln73_237_reg_61600                     |  26|   0|   26|          0|
    |mul_ln73_238_reg_43396                     |  25|   0|   25|          0|
    |mul_ln73_239_reg_43400                     |  24|   0|   24|          0|
    |mul_ln73_240_reg_61604                     |  26|   0|   26|          0|
    |mul_ln73_241_reg_43404                     |  25|   0|   25|          0|
    |mul_ln73_242_reg_61608                     |  26|   0|   26|          0|
    |mul_ln73_243_reg_43408                     |  26|   0|   26|          0|
    |mul_ln73_244_reg_61612                     |  25|   0|   25|          0|
    |mul_ln73_245_reg_43412                     |  26|   0|   26|          0|
    |mul_ln73_246_reg_61616                     |  26|   0|   26|          0|
    |mul_ln73_247_reg_43416                     |  24|   0|   24|          0|
    |mul_ln73_248_reg_43420                     |  24|   0|   24|          0|
    |mul_ln73_249_reg_61620                     |  25|   0|   25|          0|
    |mul_ln73_250_reg_43424                     |  25|   0|   25|          0|
    |mul_ln73_251_reg_43428                     |  24|   0|   24|          0|
    |mul_ln73_252_reg_61624                     |  26|   0|   26|          0|
    |mul_ln73_253_reg_61628                     |  26|   0|   26|          0|
    |mul_ln73_254_reg_61632                     |  26|   0|   26|          0|
    |mul_ln73_255_reg_43432                     |  25|   0|   25|          0|
    |mul_ln73_256_reg_61636                     |  23|   0|   23|          0|
    |mul_ln73_257_reg_43436                     |  26|   0|   26|          0|
    |mul_ln73_258_reg_43440                     |  25|   0|   25|          0|
    |mul_ln73_259_reg_61640                     |  26|   0|   26|          0|
    |mul_ln73_260_reg_43444                     |  25|   0|   25|          0|
    |mul_ln73_261_reg_43448                     |  23|   0|   23|          0|
    |mul_ln73_262_reg_43452                     |  22|   0|   22|          0|
    |mul_ln73_263_reg_61644                     |  26|   0|   26|          0|
    |mul_ln73_264_reg_43456                     |  26|   0|   26|          0|
    |mul_ln73_265_reg_43460                     |  25|   0|   25|          0|
    |mul_ln73_266_reg_61648                     |  26|   0|   26|          0|
    |mul_ln73_267_reg_61652                     |  26|   0|   26|          0|
    |mul_ln73_268_reg_43464                     |  25|   0|   25|          0|
    |mul_ln73_269_reg_61656                     |  25|   0|   25|          0|
    |mul_ln73_270_reg_61660                     |  26|   0|   26|          0|
    |mul_ln73_271_reg_61664                     |  27|   0|   27|          0|
    |mul_ln73_272_reg_43468                     |  24|   0|   24|          0|
    |mul_ln73_273_reg_61668                     |  25|   0|   25|          0|
    |mul_ln73_274_reg_61672                     |  26|   0|   26|          0|
    |mul_ln73_275_reg_61676                     |  26|   0|   26|          0|
    |mul_ln73_276_reg_43472                     |  23|   0|   23|          0|
    |mul_ln73_277_reg_43476                     |  23|   0|   23|          0|
    |mul_ln73_278_reg_61680                     |  26|   0|   26|          0|
    |mul_ln73_279_reg_61684                     |  25|   0|   25|          0|
    |mul_ln73_280_reg_43480                     |  25|   0|   25|          0|
    |mul_ln73_281_reg_61688                     |  26|   0|   26|          0|
    |mul_ln73_282_reg_43484                     |  26|   0|   26|          0|
    |mul_ln73_283_reg_61692                     |  26|   0|   26|          0|
    |mul_ln73_284_reg_61696                     |  25|   0|   25|          0|
    |mul_ln73_285_reg_61700                     |  27|   0|   27|          0|
    |mul_ln73_286_reg_43488                     |  24|   0|   24|          0|
    |mul_ln73_287_reg_61704                     |  26|   0|   26|          0|
    |mul_ln73_288_reg_43492                     |  23|   0|   23|          0|
    |mul_ln73_289_reg_61708                     |  26|   0|   26|          0|
    |mul_ln73_290_reg_61712                     |  27|   0|   27|          0|
    |mul_ln73_291_reg_43496                     |  24|   0|   24|          0|
    |mul_ln73_292_reg_61716                     |  26|   0|   26|          0|
    |mul_ln73_293_reg_61720                     |  26|   0|   26|          0|
    |mul_ln73_294_reg_61724                     |  26|   0|   26|          0|
    |mul_ln73_295_reg_61728                     |  26|   0|   26|          0|
    |mul_ln73_296_reg_43500                     |  26|   0|   26|          0|
    |mul_ln73_297_reg_61732                     |  25|   0|   25|          0|
    |mul_ln73_298_reg_61736                     |  25|   0|   25|          0|
    |mul_ln73_299_reg_61740                     |  25|   0|   25|          0|
    |mul_ln73_reg_43228                         |  25|   0|   25|          0|
    |sext_ln70_100_reg_64193                    |  25|   0|   25|          0|
    |sext_ln70_102_reg_64198                    |  26|   0|   26|          0|
    |sext_ln70_103_reg_64207                    |  25|   0|   25|          0|
    |sext_ln70_105_reg_64214                    |  26|   0|   26|          0|
    |sext_ln70_111_reg_64223                    |  26|   0|   26|          0|
    |sext_ln70_89_reg_64140                     |  23|   0|   23|          0|
    |sext_ln70_90_reg_64161                     |  24|   0|   24|          0|
    |sext_ln70_93_reg_64171                     |  26|   0|   26|          0|
    |sext_ln70_97_reg_64179                     |  26|   0|   26|          0|
    |sext_ln70_98_reg_64187                     |  25|   0|   25|          0|
    |sext_ln73_reg_64146                        |  26|   0|   26|          0|
    |sub_ln73_26_reg_64156                      |  17|   0|   19|          2|
    |sub_ln73_33_reg_64253                      |  19|   0|   23|          4|
    |sub_ln73_reg_64151                         |  17|   0|   23|          6|
    |data_3_val4_read_reg_64092                 |   0|   1|   16|          0|
    +-------------------------------------------+----+----+-----+-----------+
    |Total                                      |5001|   1| 5030|         13|
    +-------------------------------------------+----+----+-----+-----------+



================================================================
== Interface
================================================================
* Summary: 
+--------------+-----+-----+------------+----------------------------------------------------------------+--------------+
|   RTL Ports  | Dir | Bits|  Protocol  |                          Source Object                         |    C Type    |
+--------------+-----+-----+------------+----------------------------------------------------------------+--------------+
|ap_clk        |   in|    1|  ap_ctrl_hs|  dense_latency_wrapper<ap_fixed,ap_fixed<37,17,5,3,0>,config15>|  return value|
|ap_rst        |   in|    1|  ap_ctrl_hs|  dense_latency_wrapper<ap_fixed,ap_fixed<37,17,5,3,0>,config15>|  return value|
|ap_return_0   |  out|   37|  ap_ctrl_hs|  dense_latency_wrapper<ap_fixed,ap_fixed<37,17,5,3,0>,config15>|  return value|
|ap_return_1   |  out|   37|  ap_ctrl_hs|  dense_latency_wrapper<ap_fixed,ap_fixed<37,17,5,3,0>,config15>|  return value|
|ap_return_2   |  out|   37|  ap_ctrl_hs|  dense_latency_wrapper<ap_fixed,ap_fixed<37,17,5,3,0>,config15>|  return value|
|ap_return_3   |  out|   37|  ap_ctrl_hs|  dense_latency_wrapper<ap_fixed,ap_fixed<37,17,5,3,0>,config15>|  return value|
|ap_return_4   |  out|   37|  ap_ctrl_hs|  dense_latency_wrapper<ap_fixed,ap_fixed<37,17,5,3,0>,config15>|  return value|
|ap_return_5   |  out|   37|  ap_ctrl_hs|  dense_latency_wrapper<ap_fixed,ap_fixed<37,17,5,3,0>,config15>|  return value|
|ap_return_6   |  out|   37|  ap_ctrl_hs|  dense_latency_wrapper<ap_fixed,ap_fixed<37,17,5,3,0>,config15>|  return value|
|ap_return_7   |  out|   37|  ap_ctrl_hs|  dense_latency_wrapper<ap_fixed,ap_fixed<37,17,5,3,0>,config15>|  return value|
|ap_return_8   |  out|   37|  ap_ctrl_hs|  dense_latency_wrapper<ap_fixed,ap_fixed<37,17,5,3,0>,config15>|  return value|
|ap_return_9   |  out|   37|  ap_ctrl_hs|  dense_latency_wrapper<ap_fixed,ap_fixed<37,17,5,3,0>,config15>|  return value|
|ap_return_10  |  out|   37|  ap_ctrl_hs|  dense_latency_wrapper<ap_fixed,ap_fixed<37,17,5,3,0>,config15>|  return value|
|ap_return_11  |  out|   37|  ap_ctrl_hs|  dense_latency_wrapper<ap_fixed,ap_fixed<37,17,5,3,0>,config15>|  return value|
|ap_return_12  |  out|   37|  ap_ctrl_hs|  dense_latency_wrapper<ap_fixed,ap_fixed<37,17,5,3,0>,config15>|  return value|
|ap_return_13  |  out|   37|  ap_ctrl_hs|  dense_latency_wrapper<ap_fixed,ap_fixed<37,17,5,3,0>,config15>|  return value|
|ap_return_14  |  out|   37|  ap_ctrl_hs|  dense_latency_wrapper<ap_fixed,ap_fixed<37,17,5,3,0>,config15>|  return value|
|data_0_val1   |   in|   16|     ap_none|                                                     data_0_val1|        scalar|
|data_1_val2   |   in|   16|     ap_none|                                                     data_1_val2|        scalar|
|data_2_val3   |   in|   16|     ap_none|                                                     data_2_val3|        scalar|
|data_3_val4   |   in|   16|     ap_none|                                                     data_3_val4|        scalar|
|data_4_val5   |   in|   16|     ap_none|                                                     data_4_val5|        scalar|
|data_5_val6   |   in|   16|     ap_none|                                                     data_5_val6|        scalar|
|data_6_val7   |   in|   16|     ap_none|                                                     data_6_val7|        scalar|
|data_7_val8   |   in|   16|     ap_none|                                                     data_7_val8|        scalar|
|data_8_val9   |   in|   16|     ap_none|                                                     data_8_val9|        scalar|
|data_9_val10  |   in|   16|     ap_none|                                                    data_9_val10|        scalar|
+--------------+-----+-----+------------+----------------------------------------------------------------+--------------+

============================================================
+ Verbose Summary: Synthesis Manager
============================================================
InlineROM: 1
ExposeGlobal: 0
============================================================
+ Verbose Summary: CDFG Model
============================================================
IsTopModel: 0
ResetActiveHigh: 1
IsCombinational: 2
IsDatapathOnly: 1
HasWiredReturn: 1
HasMFsm: 2
HasVarLatency: 0
IsPipeline: 1
IsRtlPipelined: 1
IsInstanceOverlapped: 0
IsDontTouch: 0
HasImplIP: 0
IsGatedGlobalClock: 0

+ Individual pipeline summary: 
  * Pipeline-0: initiation interval (II) = 1, depth = 4


============================================================
+ Verbose Summary: Schedule
============================================================
* Number of FSM states : 4
* Pipeline : 1
  Pipeline-0 : II = 1, D = 4, States = { 1 2 3 4 }
* Dataflow Pipeline: 0

* FSM state transitions: 
1 --> 2 
2 --> 3 
3 --> 4 
4 --> 

* FSM state operations: 

State 1 <SV = 0> <Delay = 3.57>
ST_1 : Operation 5 [1/1] (0.00ns)   --->   "%data_9_val10_read = read i16 @_ssdm_op_Read.ap_auto.i16, i16 %data_9_val10" [firmware/nnet_utils/nnet_mult.h:73->firmware/nnet_utils/nnet_dense_latency.h:42->firmware/nnet_utils/nnet_dense_stream.h:17]   --->   Operation 5 'read' 'data_9_val10_read' <Predicate = true> <Delay = 0.00>
ST_1 : Operation 6 [1/1] (0.00ns)   --->   "%data_8_val9_read = read i16 @_ssdm_op_Read.ap_auto.i16, i16 %data_8_val9" [firmware/nnet_utils/nnet_mult.h:73->firmware/nnet_utils/nnet_dense_latency.h:42->firmware/nnet_utils/nnet_dense_stream.h:17]   --->   Operation 6 'read' 'data_8_val9_read' <Predicate = true> <Delay = 0.00>
ST_1 : Operation 7 [1/1] (0.00ns)   --->   "%data_7_val8_read = read i16 @_ssdm_op_Read.ap_auto.i16, i16 %data_7_val8" [firmware/nnet_utils/nnet_mult.h:73->firmware/nnet_utils/nnet_dense_latency.h:42->firmware/nnet_utils/nnet_dense_stream.h:17]   --->   Operation 7 'read' 'data_7_val8_read' <Predicate = true> <Delay = 0.00>
ST_1 : Operation 8 [1/1] (0.00ns)   --->   "%data_6_val7_read = read i16 @_ssdm_op_Read.ap_auto.i16, i16 %data_6_val7" [firmware/nnet_utils/nnet_mult.h:73->firmware/nnet_utils/nnet_dense_latency.h:42->firmware/nnet_utils/nnet_dense_stream.h:17]   --->   Operation 8 'read' 'data_6_val7_read' <Predicate = true> <Delay = 0.00>
ST_1 : Operation 9 [1/1] (0.00ns)   --->   "%data_5_val6_read = read i16 @_ssdm_op_Read.ap_auto.i16, i16 %data_5_val6" [firmware/nnet_utils/nnet_mult.h:73->firmware/nnet_utils/nnet_dense_latency.h:42->firmware/nnet_utils/nnet_dense_stream.h:17]   --->   Operation 9 'read' 'data_5_val6_read' <Predicate = true> <Delay = 0.00>
ST_1 : Operation 10 [1/1] (0.00ns)   --->   "%data_4_val5_read = read i16 @_ssdm_op_Read.ap_auto.i16, i16 %data_4_val5" [firmware/nnet_utils/nnet_mult.h:73->firmware/nnet_utils/nnet_dense_latency.h:42->firmware/nnet_utils/nnet_dense_stream.h:17]   --->   Operation 10 'read' 'data_4_val5_read' <Predicate = true> <Delay = 0.00>
ST_1 : Operation 11 [1/1] (0.00ns)   --->   "%data_3_val4_read = read i16 @_ssdm_op_Read.ap_auto.i16, i16 %data_3_val4" [firmware/nnet_utils/nnet_mult.h:73->firmware/nnet_utils/nnet_dense_latency.h:42->firmware/nnet_utils/nnet_dense_stream.h:17]   --->   Operation 11 'read' 'data_3_val4_read' <Predicate = true> <Delay = 0.00>
ST_1 : Operation 12 [1/1] (0.00ns)   --->   "%data_2_val3_read = read i16 @_ssdm_op_Read.ap_auto.i16, i16 %data_2_val3" [firmware/nnet_utils/nnet_mult.h:73->firmware/nnet_utils/nnet_dense_latency.h:42->firmware/nnet_utils/nnet_dense_stream.h:17]   --->   Operation 12 'read' 'data_2_val3_read' <Predicate = true> <Delay = 0.00>
ST_1 : Operation 13 [1/1] (0.00ns)   --->   "%data_1_val2_read = read i16 @_ssdm_op_Read.ap_auto.i16, i16 %data_1_val2" [firmware/nnet_utils/nnet_mult.h:73->firmware/nnet_utils/nnet_dense_latency.h:42->firmware/nnet_utils/nnet_dense_stream.h:17]   --->   Operation 13 'read' 'data_1_val2_read' <Predicate = true> <Delay = 0.00>
ST_1 : Operation 14 [1/1] (0.00ns)   --->   "%data_0_val1_read = read i16 @_ssdm_op_Read.ap_auto.i16, i16 %data_0_val1" [firmware/nnet_utils/nnet_mult.h:73->firmware/nnet_utils/nnet_dense_latency.h:42->firmware/nnet_utils/nnet_dense_stream.h:17]   --->   Operation 14 'read' 'data_0_val1_read' <Predicate = true> <Delay = 0.00>
ST_1 : Operation 15 [1/1] (0.00ns)   --->   "%sext_ln73_102 = sext i16 %data_0_val1_read" [firmware/nnet_utils/nnet_mult.h:73->firmware/nnet_utils/nnet_dense_latency.h:42->firmware/nnet_utils/nnet_dense_stream.h:17]   --->   Operation 15 'sext' 'sext_ln73_102' <Predicate = true> <Delay = 0.00>
ST_1 : Operation 16 [1/1] (3.57ns)   --->   "%mul_ln73_173 = mul i23 %sext_ln73_102, i23 77" [firmware/nnet_utils/nnet_mult.h:73->firmware/nnet_utils/nnet_dense_latency.h:42->firmware/nnet_utils/nnet_dense_stream.h:17]   --->   Operation 16 'mul' 'mul_ln73_173' <Predicate = true> <Delay = 3.57> <CoreInst = "Multiplier">   --->   Core 3 'Multiplier' <Latency = 0> <II = 1> <Delay = 3.57> <FuncUnit> <Opcode : 'mul'> <InPorts = 2> <OutPorts = 1>
ST_1 : Operation 17 [1/1] (3.57ns)   --->   "%mul_ln73_178 = mul i23 %sext_ln73_102, i23 75" [firmware/nnet_utils/nnet_mult.h:73->firmware/nnet_utils/nnet_dense_latency.h:42->firmware/nnet_utils/nnet_dense_stream.h:17]   --->   Operation 17 'mul' 'mul_ln73_178' <Predicate = true> <Delay = 3.57> <CoreInst = "Multiplier">   --->   Core 3 'Multiplier' <Latency = 0> <II = 1> <Delay = 3.57> <FuncUnit> <Opcode : 'mul'> <InPorts = 2> <OutPorts = 1>
ST_1 : Operation 18 [1/1] (0.00ns)   --->   "%sext_ln70_89 = sext i16 %data_4_val5_read" [firmware/nnet_utils/nnet_mult.h:70->firmware/nnet_utils/nnet_dense_latency.h:42->firmware/nnet_utils/nnet_dense_stream.h:17]   --->   Operation 18 'sext' 'sext_ln70_89' <Predicate = true> <Delay = 0.00>
ST_1 : Operation 19 [1/1] (3.57ns)   --->   "%mul_ln73_223 = mul i23 %sext_ln70_89, i23 58" [firmware/nnet_utils/nnet_mult.h:73->firmware/nnet_utils/nnet_dense_latency.h:42->firmware/nnet_utils/nnet_dense_stream.h:17]   --->   Operation 19 'mul' 'mul_ln73_223' <Predicate = true> <Delay = 3.57> <CoreInst = "Multiplier">   --->   Core 3 'Multiplier' <Latency = 0> <II = 1> <Delay = 3.57> <FuncUnit> <Opcode : 'mul'> <InPorts = 2> <OutPorts = 1>

State 2 <SV = 1> <Delay = 3.57>
ST_2 : Operation 20 [1/1] (0.00ns)   --->   "%sext_ln73 = sext i16 %data_0_val1_read" [firmware/nnet_utils/nnet_mult.h:73->firmware/nnet_utils/nnet_dense_latency.h:42->firmware/nnet_utils/nnet_dense_stream.h:17]   --->   Operation 20 'sext' 'sext_ln73' <Predicate = true> <Delay = 0.00>
ST_2 : Operation 21 [1/1] (0.00ns)   --->   "%sext_ln70 = sext i16 %data_0_val1_read" [firmware/nnet_utils/nnet_mult.h:70->firmware/nnet_utils/nnet_dense_latency.h:42->firmware/nnet_utils/nnet_dense_stream.h:17]   --->   Operation 21 'sext' 'sext_ln70' <Predicate = true> <Delay = 0.00>
ST_2 : Operation 22 [1/1] (0.00ns)   --->   "%sext_ln70_77 = sext i16 %data_0_val1_read" [firmware/nnet_utils/nnet_mult.h:70->firmware/nnet_utils/nnet_dense_latency.h:42->firmware/nnet_utils/nnet_dense_stream.h:17]   --->   Operation 22 'sext' 'sext_ln70_77' <Predicate = true> <Delay = 0.00>
ST_2 : Operation 23 [1/1] (3.57ns)   --->   "%mul_ln73 = mul i25 %sext_ln70_77, i25 358" [firmware/nnet_utils/nnet_mult.h:73->firmware/nnet_utils/nnet_dense_latency.h:42->firmware/nnet_utils/nnet_dense_stream.h:17]   --->   Operation 23 'mul' 'mul_ln73' <Predicate = true> <Delay = 3.57> <CoreInst = "Multiplier">   --->   Core 3 'Multiplier' <Latency = 0> <II = 1> <Delay = 3.57> <FuncUnit> <Opcode : 'mul'> <InPorts = 2> <OutPorts = 1>
ST_2 : Operation 24 [1/1] (3.57ns)   --->   "%mul_ln73_174 = mul i25 %sext_ln70_77, i25 33554157" [firmware/nnet_utils/nnet_mult.h:73->firmware/nnet_utils/nnet_dense_latency.h:42->firmware/nnet_utils/nnet_dense_stream.h:17]   --->   Operation 24 'mul' 'mul_ln73_174' <Predicate = true> <Delay = 3.57> <CoreInst = "Multiplier">   --->   Core 3 'Multiplier' <Latency = 0> <II = 1> <Delay = 3.57> <FuncUnit> <Opcode : 'mul'> <InPorts = 2> <OutPorts = 1>
ST_2 : Operation 25 [1/1] (3.57ns)   --->   "%mul_ln73_175 = mul i25 %sext_ln70_77, i25 420" [firmware/nnet_utils/nnet_mult.h:73->firmware/nnet_utils/nnet_dense_latency.h:42->firmware/nnet_utils/nnet_dense_stream.h:17]   --->   Operation 25 'mul' 'mul_ln73_175' <Predicate = true> <Delay = 3.57> <CoreInst = "Multiplier">   --->   Core 3 'Multiplier' <Latency = 0> <II = 1> <Delay = 3.57> <FuncUnit> <Opcode : 'mul'> <InPorts = 2> <OutPorts = 1>
ST_2 : Operation 26 [1/1] (3.57ns)   --->   "%mul_ln73_176 = mul i25 %sext_ln70_77, i25 308" [firmware/nnet_utils/nnet_mult.h:73->firmware/nnet_utils/nnet_dense_latency.h:42->firmware/nnet_utils/nnet_dense_stream.h:17]   --->   Operation 26 'mul' 'mul_ln73_176' <Predicate = true> <Delay = 3.57> <CoreInst = "Multiplier">   --->   Core 3 'Multiplier' <Latency = 0> <II = 1> <Delay = 3.57> <FuncUnit> <Opcode : 'mul'> <InPorts = 2> <OutPorts = 1>
ST_2 : Operation 27 [1/1] (3.57ns)   --->   "%mul_ln73_177 = mul i25 %sext_ln70_77, i25 302" [firmware/nnet_utils/nnet_mult.h:73->firmware/nnet_utils/nnet_dense_latency.h:42->firmware/nnet_utils/nnet_dense_stream.h:17]   --->   Operation 27 'mul' 'mul_ln73_177' <Predicate = true> <Delay = 3.57> <CoreInst = "Multiplier">   --->   Core 3 'Multiplier' <Latency = 0> <II = 1> <Delay = 3.57> <FuncUnit> <Opcode : 'mul'> <InPorts = 2> <OutPorts = 1>
ST_2 : Operation 28 [1/1] (3.57ns)   --->   "%mul_ln73_180 = mul i25 %sext_ln70_77, i25 33554094" [firmware/nnet_utils/nnet_mult.h:73->firmware/nnet_utils/nnet_dense_latency.h:42->firmware/nnet_utils/nnet_dense_stream.h:17]   --->   Operation 28 'mul' 'mul_ln73_180' <Predicate = true> <Delay = 3.57> <CoreInst = "Multiplier">   --->   Core 3 'Multiplier' <Latency = 0> <II = 1> <Delay = 3.57> <FuncUnit> <Opcode : 'mul'> <InPorts = 2> <OutPorts = 1>
ST_2 : Operation 29 [1/1] (3.57ns)   --->   "%mul_ln73_181 = mul i25 %sext_ln70_77, i25 33554000" [firmware/nnet_utils/nnet_mult.h:73->firmware/nnet_utils/nnet_dense_latency.h:42->firmware/nnet_utils/nnet_dense_stream.h:17]   --->   Operation 29 'mul' 'mul_ln73_181' <Predicate = true> <Delay = 3.57> <CoreInst = "Multiplier">   --->   Core 3 'Multiplier' <Latency = 0> <II = 1> <Delay = 3.57> <FuncUnit> <Opcode : 'mul'> <InPorts = 2> <OutPorts = 1>
ST_2 : Operation 30 [1/1] (3.57ns)   --->   "%mul_ln73_182 = mul i25 %sext_ln70_77, i25 33554210" [firmware/nnet_utils/nnet_mult.h:73->firmware/nnet_utils/nnet_dense_latency.h:42->firmware/nnet_utils/nnet_dense_stream.h:17]   --->   Operation 30 'mul' 'mul_ln73_182' <Predicate = true> <Delay = 3.57> <CoreInst = "Multiplier">   --->   Core 3 'Multiplier' <Latency = 0> <II = 1> <Delay = 3.57> <FuncUnit> <Opcode : 'mul'> <InPorts = 2> <OutPorts = 1>
ST_2 : Operation 31 [1/1] (0.00ns)   --->   "%sext_ln73_103 = sext i16 %data_0_val1_read" [firmware/nnet_utils/nnet_mult.h:73->firmware/nnet_utils/nnet_dense_latency.h:42->firmware/nnet_utils/nnet_dense_stream.h:17]   --->   Operation 31 'sext' 'sext_ln73_103' <Predicate = true> <Delay = 0.00>
ST_2 : Operation 32 [1/1] (3.57ns)   --->   "%mul_ln73_183 = mul i24 %sext_ln73_103, i24 145" [firmware/nnet_utils/nnet_mult.h:73->firmware/nnet_utils/nnet_dense_latency.h:42->firmware/nnet_utils/nnet_dense_stream.h:17]   --->   Operation 32 'mul' 'mul_ln73_183' <Predicate = true> <Delay = 3.57> <CoreInst = "Multiplier">   --->   Core 3 'Multiplier' <Latency = 0> <II = 1> <Delay = 3.57> <FuncUnit> <Opcode : 'mul'> <InPorts = 2> <OutPorts = 1>
ST_2 : Operation 33 [1/1] (0.00ns)   --->   "%shl_ln = bitconcatenate i18 @_ssdm_op_BitConcatenate.i18.i16.i2, i16 %data_0_val1_read, i2 0" [firmware/nnet_utils/nnet_mult.h:73->firmware/nnet_utils/nnet_dense_latency.h:42->firmware/nnet_utils/nnet_dense_stream.h:17]   --->   Operation 33 'bitconcatenate' 'shl_ln' <Predicate = true> <Delay = 0.00>
ST_2 : Operation 34 [1/1] (0.00ns)   --->   "%sext_ln73_104 = sext i18 %shl_ln" [firmware/nnet_utils/nnet_mult.h:73->firmware/nnet_utils/nnet_dense_latency.h:42->firmware/nnet_utils/nnet_dense_stream.h:17]   --->   Operation 34 'sext' 'sext_ln73_104' <Predicate = true> <Delay = 0.00>
ST_2 : Operation 35 [1/1] (3.57ns)   --->   "%mul_ln73_184 = mul i26 %sext_ln73, i26 547" [firmware/nnet_utils/nnet_mult.h:73->firmware/nnet_utils/nnet_dense_latency.h:42->firmware/nnet_utils/nnet_dense_stream.h:17]   --->   Operation 35 'mul' 'mul_ln73_184' <Predicate = true> <Delay = 3.57> <CoreInst = "Multiplier">   --->   Core 3 'Multiplier' <Latency = 0> <II = 1> <Delay = 3.57> <FuncUnit> <Opcode : 'mul'> <InPorts = 2> <OutPorts = 1>
ST_2 : Operation 36 [1/1] (3.57ns)   --->   "%mul_ln73_185 = mul i25 %sext_ln70_77, i25 33554003" [firmware/nnet_utils/nnet_mult.h:73->firmware/nnet_utils/nnet_dense_latency.h:42->firmware/nnet_utils/nnet_dense_stream.h:17]   --->   Operation 36 'mul' 'mul_ln73_185' <Predicate = true> <Delay = 3.57> <CoreInst = "Multiplier">   --->   Core 3 'Multiplier' <Latency = 0> <II = 1> <Delay = 3.57> <FuncUnit> <Opcode : 'mul'> <InPorts = 2> <OutPorts = 1>
ST_2 : Operation 37 [1/1] (0.00ns)   --->   "%sext_ln70_78 = sext i16 %data_1_val2_read" [firmware/nnet_utils/nnet_mult.h:70->firmware/nnet_utils/nnet_dense_latency.h:42->firmware/nnet_utils/nnet_dense_stream.h:17]   --->   Operation 37 'sext' 'sext_ln70_78' <Predicate = true> <Delay = 0.00>
ST_2 : Operation 38 [1/1] (0.00ns)   --->   "%sext_ln70_79 = sext i16 %data_1_val2_read" [firmware/nnet_utils/nnet_mult.h:70->firmware/nnet_utils/nnet_dense_latency.h:42->firmware/nnet_utils/nnet_dense_stream.h:17]   --->   Operation 38 'sext' 'sext_ln70_79' <Predicate = true> <Delay = 0.00>
ST_2 : Operation 39 [1/1] (3.57ns)   --->   "%mul_ln73_187 = mul i24 %sext_ln70_78, i24 16777044" [firmware/nnet_utils/nnet_mult.h:73->firmware/nnet_utils/nnet_dense_latency.h:42->firmware/nnet_utils/nnet_dense_stream.h:17]   --->   Operation 39 'mul' 'mul_ln73_187' <Predicate = true> <Delay = 3.57> <CoreInst = "Multiplier">   --->   Core 3 'Multiplier' <Latency = 0> <II = 1> <Delay = 3.57> <FuncUnit> <Opcode : 'mul'> <InPorts = 2> <OutPorts = 1>
ST_2 : Operation 40 [1/1] (3.57ns)   --->   "%mul_ln73_188 = mul i24 %sext_ln70_78, i24 16777149" [firmware/nnet_utils/nnet_mult.h:73->firmware/nnet_utils/nnet_dense_latency.h:42->firmware/nnet_utils/nnet_dense_stream.h:17]   --->   Operation 40 'mul' 'mul_ln73_188' <Predicate = true> <Delay = 3.57> <CoreInst = "Multiplier">   --->   Core 3 'Multiplier' <Latency = 0> <II = 1> <Delay = 3.57> <FuncUnit> <Opcode : 'mul'> <InPorts = 2> <OutPorts = 1>
ST_2 : Operation 41 [1/1] (0.00ns)   --->   "%shl_ln73_s = bitconcatenate i22 @_ssdm_op_BitConcatenate.i22.i16.i6, i16 %data_1_val2_read, i6 0" [firmware/nnet_utils/nnet_mult.h:73->firmware/nnet_utils/nnet_dense_latency.h:42->firmware/nnet_utils/nnet_dense_stream.h:17]   --->   Operation 41 'bitconcatenate' 'shl_ln73_s' <Predicate = true> <Delay = 0.00>
ST_2 : Operation 42 [1/1] (0.00ns)   --->   "%sext_ln73_107 = sext i22 %shl_ln73_s" [firmware/nnet_utils/nnet_mult.h:73->firmware/nnet_utils/nnet_dense_latency.h:42->firmware/nnet_utils/nnet_dense_stream.h:17]   --->   Operation 42 'sext' 'sext_ln73_107' <Predicate = true> <Delay = 0.00>
ST_2 : Operation 43 [1/1] (1.44ns)   --->   "%sub_ln73 = sub i23 0, i23 %sext_ln73_107" [firmware/nnet_utils/nnet_mult.h:73->firmware/nnet_utils/nnet_dense_latency.h:42->firmware/nnet_utils/nnet_dense_stream.h:17]   --->   Operation 43 'sub' 'sub_ln73' <Predicate = true> <Delay = 1.44> <CoreInst = "Adder">   --->   Core 1 'Adder' <Latency = 0> <II = 1> <Delay = 1.44> <FuncUnit> <Opcode : 'add' 'sub'> <InPorts = 2> <OutPorts = 1>
ST_2 : Operation 44 [1/1] (0.00ns)   --->   "%sext_ln73_110 = sext i16 %data_1_val2_read" [firmware/nnet_utils/nnet_mult.h:73->firmware/nnet_utils/nnet_dense_latency.h:42->firmware/nnet_utils/nnet_dense_stream.h:17]   --->   Operation 44 'sext' 'sext_ln73_110' <Predicate = true> <Delay = 0.00>
ST_2 : Operation 45 [1/1] (3.57ns)   --->   "%mul_ln73_189 = mul i21 %sext_ln73_110, i21 2097129" [firmware/nnet_utils/nnet_mult.h:73->firmware/nnet_utils/nnet_dense_latency.h:42->firmware/nnet_utils/nnet_dense_stream.h:17]   --->   Operation 45 'mul' 'mul_ln73_189' <Predicate = true> <Delay = 3.57> <CoreInst = "Multiplier">   --->   Core 3 'Multiplier' <Latency = 0> <II = 1> <Delay = 3.57> <FuncUnit> <Opcode : 'mul'> <InPorts = 2> <OutPorts = 1>
ST_2 : Operation 46 [1/1] (3.57ns)   --->   "%mul_ln73_193 = mul i25 %sext_ln70_79, i25 246" [firmware/nnet_utils/nnet_mult.h:73->firmware/nnet_utils/nnet_dense_latency.h:42->firmware/nnet_utils/nnet_dense_stream.h:17]   --->   Operation 46 'mul' 'mul_ln73_193' <Predicate = true> <Delay = 3.57> <CoreInst = "Multiplier">   --->   Core 3 'Multiplier' <Latency = 0> <II = 1> <Delay = 3.57> <FuncUnit> <Opcode : 'mul'> <InPorts = 2> <OutPorts = 1>
ST_2 : Operation 47 [1/1] (3.57ns)   --->   "%mul_ln73_194 = mul i25 %sext_ln70_79, i25 33554271" [firmware/nnet_utils/nnet_mult.h:73->firmware/nnet_utils/nnet_dense_latency.h:42->firmware/nnet_utils/nnet_dense_stream.h:17]   --->   Operation 47 'mul' 'mul_ln73_194' <Predicate = true> <Delay = 3.57> <CoreInst = "Multiplier">   --->   Core 3 'Multiplier' <Latency = 0> <II = 1> <Delay = 3.57> <FuncUnit> <Opcode : 'mul'> <InPorts = 2> <OutPorts = 1>
ST_2 : Operation 48 [1/1] (3.57ns)   --->   "%mul_ln73_195 = mul i25 %sext_ln70_79, i25 302" [firmware/nnet_utils/nnet_mult.h:73->firmware/nnet_utils/nnet_dense_latency.h:42->firmware/nnet_utils/nnet_dense_stream.h:17]   --->   Operation 48 'mul' 'mul_ln73_195' <Predicate = true> <Delay = 3.57> <CoreInst = "Multiplier">   --->   Core 3 'Multiplier' <Latency = 0> <II = 1> <Delay = 3.57> <FuncUnit> <Opcode : 'mul'> <InPorts = 2> <OutPorts = 1>
ST_2 : Operation 49 [1/1] (3.57ns)   --->   "%mul_ln73_196 = mul i25 %sext_ln70_79, i25 33554196" [firmware/nnet_utils/nnet_mult.h:73->firmware/nnet_utils/nnet_dense_latency.h:42->firmware/nnet_utils/nnet_dense_stream.h:17]   --->   Operation 49 'mul' 'mul_ln73_196' <Predicate = true> <Delay = 3.57> <CoreInst = "Multiplier">   --->   Core 3 'Multiplier' <Latency = 0> <II = 1> <Delay = 3.57> <FuncUnit> <Opcode : 'mul'> <InPorts = 2> <OutPorts = 1>
ST_2 : Operation 50 [1/1] (0.00ns)   --->   "%sext_ln70_80 = sext i16 %data_2_val3_read" [firmware/nnet_utils/nnet_mult.h:70->firmware/nnet_utils/nnet_dense_latency.h:42->firmware/nnet_utils/nnet_dense_stream.h:17]   --->   Operation 50 'sext' 'sext_ln70_80' <Predicate = true> <Delay = 0.00>
ST_2 : Operation 51 [1/1] (3.57ns)   --->   "%mul_ln73_199 = mul i22 %sext_ln70_80, i22 4194243" [firmware/nnet_utils/nnet_mult.h:73->firmware/nnet_utils/nnet_dense_latency.h:42->firmware/nnet_utils/nnet_dense_stream.h:17]   --->   Operation 51 'mul' 'mul_ln73_199' <Predicate = true> <Delay = 3.57> <CoreInst = "Multiplier">   --->   Core 3 'Multiplier' <Latency = 0> <II = 1> <Delay = 3.57> <FuncUnit> <Opcode : 'mul'> <InPorts = 2> <OutPorts = 1>
ST_2 : Operation 52 [1/1] (0.00ns)   --->   "%shl_ln73_38 = bitconcatenate i21 @_ssdm_op_BitConcatenate.i21.i16.i5, i16 %data_2_val3_read, i5 0" [firmware/nnet_utils/nnet_mult.h:73->firmware/nnet_utils/nnet_dense_latency.h:42->firmware/nnet_utils/nnet_dense_stream.h:17]   --->   Operation 52 'bitconcatenate' 'shl_ln73_38' <Predicate = true> <Delay = 0.00>
ST_2 : Operation 53 [1/1] (0.00ns)   --->   "%sext_ln73_118 = sext i21 %shl_ln73_38" [firmware/nnet_utils/nnet_mult.h:73->firmware/nnet_utils/nnet_dense_latency.h:42->firmware/nnet_utils/nnet_dense_stream.h:17]   --->   Operation 53 'sext' 'sext_ln73_118' <Predicate = true> <Delay = 0.00>
ST_2 : Operation 54 [1/1] (0.00ns)   --->   "%shl_ln73_39 = bitconcatenate i17 @_ssdm_op_BitConcatenate.i17.i16.i1, i16 %data_2_val3_read, i1 0" [firmware/nnet_utils/nnet_mult.h:73->firmware/nnet_utils/nnet_dense_latency.h:42->firmware/nnet_utils/nnet_dense_stream.h:17]   --->   Operation 54 'bitconcatenate' 'shl_ln73_39' <Predicate = true> <Delay = 0.00>
ST_2 : Operation 55 [1/1] (0.00ns)   --->   "%sext_ln73_119 = sext i17 %shl_ln73_39" [firmware/nnet_utils/nnet_mult.h:73->firmware/nnet_utils/nnet_dense_latency.h:42->firmware/nnet_utils/nnet_dense_stream.h:17]   --->   Operation 55 'sext' 'sext_ln73_119' <Predicate = true> <Delay = 0.00>
ST_2 : Operation 56 [1/1] (1.43ns)   --->   "%sub_ln73_21 = sub i22 %sext_ln73_119, i22 %sext_ln73_118" [firmware/nnet_utils/nnet_mult.h:73->firmware/nnet_utils/nnet_dense_latency.h:42->firmware/nnet_utils/nnet_dense_stream.h:17]   --->   Operation 56 'sub' 'sub_ln73_21' <Predicate = true> <Delay = 1.43> <CoreInst = "Adder">   --->   Core 1 'Adder' <Latency = 0> <II = 1> <Delay = 1.44> <FuncUnit> <Opcode : 'add' 'sub'> <InPorts = 2> <OutPorts = 1>
ST_2 : Operation 57 [1/1] (0.00ns)   --->   "%sext_ln73_120 = sext i22 %sub_ln73_21" [firmware/nnet_utils/nnet_mult.h:73->firmware/nnet_utils/nnet_dense_latency.h:42->firmware/nnet_utils/nnet_dense_stream.h:17]   --->   Operation 57 'sext' 'sext_ln73_120' <Predicate = true> <Delay = 0.00>
ST_2 : Operation 58 [1/1] (0.00ns)   --->   "%sext_ln73_121 = sext i16 %data_2_val3_read" [firmware/nnet_utils/nnet_mult.h:73->firmware/nnet_utils/nnet_dense_latency.h:42->firmware/nnet_utils/nnet_dense_stream.h:17]   --->   Operation 58 'sext' 'sext_ln73_121' <Predicate = true> <Delay = 0.00>
ST_2 : Operation 59 [1/1] (3.57ns)   --->   "%mul_ln73_201 = mul i24 %sext_ln73_121, i24 151" [firmware/nnet_utils/nnet_mult.h:73->firmware/nnet_utils/nnet_dense_latency.h:42->firmware/nnet_utils/nnet_dense_stream.h:17]   --->   Operation 59 'mul' 'mul_ln73_201' <Predicate = true> <Delay = 3.57> <CoreInst = "Multiplier">   --->   Core 3 'Multiplier' <Latency = 0> <II = 1> <Delay = 3.57> <FuncUnit> <Opcode : 'mul'> <InPorts = 2> <OutPorts = 1>
ST_2 : Operation 60 [1/1] (3.57ns)   --->   "%mul_ln73_204 = mul i22 %sext_ln70_80, i22 4194279" [firmware/nnet_utils/nnet_mult.h:73->firmware/nnet_utils/nnet_dense_latency.h:42->firmware/nnet_utils/nnet_dense_stream.h:17]   --->   Operation 60 'mul' 'mul_ln73_204' <Predicate = true> <Delay = 3.57> <CoreInst = "Multiplier">   --->   Core 3 'Multiplier' <Latency = 0> <II = 1> <Delay = 3.57> <FuncUnit> <Opcode : 'mul'> <InPorts = 2> <OutPorts = 1>
ST_2 : Operation 61 [1/1] (3.57ns)   --->   "%mul_ln73_209 = mul i24 %sext_ln73_121, i24 218" [firmware/nnet_utils/nnet_mult.h:73->firmware/nnet_utils/nnet_dense_latency.h:42->firmware/nnet_utils/nnet_dense_stream.h:17]   --->   Operation 61 'mul' 'mul_ln73_209' <Predicate = true> <Delay = 3.57> <CoreInst = "Multiplier">   --->   Core 3 'Multiplier' <Latency = 0> <II = 1> <Delay = 3.57> <FuncUnit> <Opcode : 'mul'> <InPorts = 2> <OutPorts = 1>
ST_2 : Operation 62 [1/1] (3.57ns)   --->   "%mul_ln70 = mul i22 %sext_ln70_80, i22 4194265" [firmware/nnet_utils/nnet_mult.h:70->firmware/nnet_utils/nnet_dense_latency.h:42->firmware/nnet_utils/nnet_dense_stream.h:17]   --->   Operation 62 'mul' 'mul_ln70' <Predicate = true> <Delay = 3.57> <CoreInst = "Multiplier">   --->   Core 3 'Multiplier' <Latency = 0> <II = 1> <Delay = 3.57> <FuncUnit> <Opcode : 'mul'> <InPorts = 2> <OutPorts = 1>
ST_2 : Operation 63 [1/1] (0.00ns)   --->   "%sext_ln70_83 = sext i16 %data_3_val4_read" [firmware/nnet_utils/nnet_mult.h:70->firmware/nnet_utils/nnet_dense_latency.h:42->firmware/nnet_utils/nnet_dense_stream.h:17]   --->   Operation 63 'sext' 'sext_ln70_83' <Predicate = true> <Delay = 0.00>
ST_2 : Operation 64 [1/1] (0.00ns)   --->   "%sext_ln70_84 = sext i16 %data_3_val4_read" [firmware/nnet_utils/nnet_mult.h:70->firmware/nnet_utils/nnet_dense_latency.h:42->firmware/nnet_utils/nnet_dense_stream.h:17]   --->   Operation 64 'sext' 'sext_ln70_84' <Predicate = true> <Delay = 0.00>
ST_2 : Operation 65 [1/1] (0.00ns)   --->   "%sext_ln70_86 = sext i16 %data_3_val4_read" [firmware/nnet_utils/nnet_mult.h:70->firmware/nnet_utils/nnet_dense_latency.h:42->firmware/nnet_utils/nnet_dense_stream.h:17]   --->   Operation 65 'sext' 'sext_ln70_86' <Predicate = true> <Delay = 0.00>
ST_2 : Operation 66 [1/1] (3.57ns)   --->   "%mul_ln73_210 = mul i25 %sext_ln70_86, i25 210" [firmware/nnet_utils/nnet_mult.h:73->firmware/nnet_utils/nnet_dense_latency.h:42->firmware/nnet_utils/nnet_dense_stream.h:17]   --->   Operation 66 'mul' 'mul_ln73_210' <Predicate = true> <Delay = 3.57> <CoreInst = "Multiplier">   --->   Core 3 'Multiplier' <Latency = 0> <II = 1> <Delay = 3.57> <FuncUnit> <Opcode : 'mul'> <InPorts = 2> <OutPorts = 1>
ST_2 : Operation 67 [1/1] (3.57ns)   --->   "%mul_ln73_212 = mul i25 %sext_ln70_86, i25 159" [firmware/nnet_utils/nnet_mult.h:73->firmware/nnet_utils/nnet_dense_latency.h:42->firmware/nnet_utils/nnet_dense_stream.h:17]   --->   Operation 67 'mul' 'mul_ln73_212' <Predicate = true> <Delay = 3.57> <CoreInst = "Multiplier">   --->   Core 3 'Multiplier' <Latency = 0> <II = 1> <Delay = 3.57> <FuncUnit> <Opcode : 'mul'> <InPorts = 2> <OutPorts = 1>
ST_2 : Operation 68 [1/1] (3.57ns)   --->   "%mul_ln73_213 = mul i22 %sext_ln70_84, i22 4194278" [firmware/nnet_utils/nnet_mult.h:73->firmware/nnet_utils/nnet_dense_latency.h:42->firmware/nnet_utils/nnet_dense_stream.h:17]   --->   Operation 68 'mul' 'mul_ln73_213' <Predicate = true> <Delay = 3.57> <CoreInst = "Multiplier">   --->   Core 3 'Multiplier' <Latency = 0> <II = 1> <Delay = 3.57> <FuncUnit> <Opcode : 'mul'> <InPorts = 2> <OutPorts = 1>
ST_2 : Operation 69 [1/1] (3.57ns)   --->   "%mul_ln73_214 = mul i25 %sext_ln70_86, i25 206" [firmware/nnet_utils/nnet_mult.h:73->firmware/nnet_utils/nnet_dense_latency.h:42->firmware/nnet_utils/nnet_dense_stream.h:17]   --->   Operation 69 'mul' 'mul_ln73_214' <Predicate = true> <Delay = 3.57> <CoreInst = "Multiplier">   --->   Core 3 'Multiplier' <Latency = 0> <II = 1> <Delay = 3.57> <FuncUnit> <Opcode : 'mul'> <InPorts = 2> <OutPorts = 1>
ST_2 : Operation 70 [1/1] (3.57ns)   --->   "%mul_ln73_216 = mul i24 %sext_ln70_83, i24 16777141" [firmware/nnet_utils/nnet_mult.h:73->firmware/nnet_utils/nnet_dense_latency.h:42->firmware/nnet_utils/nnet_dense_stream.h:17]   --->   Operation 70 'mul' 'mul_ln73_216' <Predicate = true> <Delay = 3.57> <CoreInst = "Multiplier">   --->   Core 3 'Multiplier' <Latency = 0> <II = 1> <Delay = 3.57> <FuncUnit> <Opcode : 'mul'> <InPorts = 2> <OutPorts = 1>
ST_2 : Operation 71 [1/1] (0.00ns)   --->   "%shl_ln73_45 = bitconcatenate i18 @_ssdm_op_BitConcatenate.i18.i16.i2, i16 %data_3_val4_read, i2 0" [firmware/nnet_utils/nnet_mult.h:73->firmware/nnet_utils/nnet_dense_latency.h:42->firmware/nnet_utils/nnet_dense_stream.h:17]   --->   Operation 71 'bitconcatenate' 'shl_ln73_45' <Predicate = true> <Delay = 0.00>
ST_2 : Operation 72 [1/1] (0.00ns)   --->   "%sext_ln73_136 = sext i18 %shl_ln73_45" [firmware/nnet_utils/nnet_mult.h:73->firmware/nnet_utils/nnet_dense_latency.h:42->firmware/nnet_utils/nnet_dense_stream.h:17]   --->   Operation 72 'sext' 'sext_ln73_136' <Predicate = true> <Delay = 0.00>
ST_2 : Operation 73 [1/1] (1.42ns)   --->   "%sub_ln73_26 = sub i19 0, i19 %sext_ln73_136" [firmware/nnet_utils/nnet_mult.h:73->firmware/nnet_utils/nnet_dense_latency.h:42->firmware/nnet_utils/nnet_dense_stream.h:17]   --->   Operation 73 'sub' 'sub_ln73_26' <Predicate = true> <Delay = 1.42> <CoreInst = "Adder">   --->   Core 1 'Adder' <Latency = 0> <II = 1> <Delay = 1.43> <FuncUnit> <Opcode : 'add' 'sub'> <InPorts = 2> <OutPorts = 1>
ST_2 : Operation 74 [1/1] (0.00ns)   --->   "%sext_ln70_90 = sext i16 %data_4_val5_read" [firmware/nnet_utils/nnet_mult.h:70->firmware/nnet_utils/nnet_dense_latency.h:42->firmware/nnet_utils/nnet_dense_stream.h:17]   --->   Operation 74 'sext' 'sext_ln70_90' <Predicate = true> <Delay = 0.00>
ST_2 : Operation 75 [1/1] (0.00ns)   --->   "%sext_ln70_91 = sext i16 %data_4_val5_read" [firmware/nnet_utils/nnet_mult.h:70->firmware/nnet_utils/nnet_dense_latency.h:42->firmware/nnet_utils/nnet_dense_stream.h:17]   --->   Operation 75 'sext' 'sext_ln70_91' <Predicate = true> <Delay = 0.00>
ST_2 : Operation 76 [1/1] (3.57ns)   --->   "%mul_ln73_220 = mul i25 %sext_ln70_91, i25 33554214" [firmware/nnet_utils/nnet_mult.h:73->firmware/nnet_utils/nnet_dense_latency.h:42->firmware/nnet_utils/nnet_dense_stream.h:17]   --->   Operation 76 'mul' 'mul_ln73_220' <Predicate = true> <Delay = 3.57> <CoreInst = "Multiplier">   --->   Core 3 'Multiplier' <Latency = 0> <II = 1> <Delay = 3.57> <FuncUnit> <Opcode : 'mul'> <InPorts = 2> <OutPorts = 1>
ST_2 : Operation 77 [1/1] (3.57ns)   --->   "%mul_ln73_221 = mul i24 %sext_ln70_90, i24 16777143" [firmware/nnet_utils/nnet_mult.h:73->firmware/nnet_utils/nnet_dense_latency.h:42->firmware/nnet_utils/nnet_dense_stream.h:17]   --->   Operation 77 'mul' 'mul_ln73_221' <Predicate = true> <Delay = 3.57> <CoreInst = "Multiplier">   --->   Core 3 'Multiplier' <Latency = 0> <II = 1> <Delay = 3.57> <FuncUnit> <Opcode : 'mul'> <InPorts = 2> <OutPorts = 1>
ST_2 : Operation 78 [1/1] (3.57ns)   --->   "%mul_ln73_222 = mul i23 %sext_ln70_89, i23 8388557" [firmware/nnet_utils/nnet_mult.h:73->firmware/nnet_utils/nnet_dense_latency.h:42->firmware/nnet_utils/nnet_dense_stream.h:17]   --->   Operation 78 'mul' 'mul_ln73_222' <Predicate = true> <Delay = 3.57> <CoreInst = "Multiplier">   --->   Core 3 'Multiplier' <Latency = 0> <II = 1> <Delay = 3.57> <FuncUnit> <Opcode : 'mul'> <InPorts = 2> <OutPorts = 1>
ST_2 : Operation 79 [1/1] (3.57ns)   --->   "%mul_ln73_224 = mul i25 %sext_ln70_91, i25 246" [firmware/nnet_utils/nnet_mult.h:73->firmware/nnet_utils/nnet_dense_latency.h:42->firmware/nnet_utils/nnet_dense_stream.h:17]   --->   Operation 79 'mul' 'mul_ln73_224' <Predicate = true> <Delay = 3.57> <CoreInst = "Multiplier">   --->   Core 3 'Multiplier' <Latency = 0> <II = 1> <Delay = 3.57> <FuncUnit> <Opcode : 'mul'> <InPorts = 2> <OutPorts = 1>
ST_2 : Operation 80 [1/1] (0.00ns)   --->   "%shl_ln73_46 = bitconcatenate i22 @_ssdm_op_BitConcatenate.i22.i16.i6, i16 %data_4_val5_read, i6 0" [firmware/nnet_utils/nnet_mult.h:73->firmware/nnet_utils/nnet_dense_latency.h:42->firmware/nnet_utils/nnet_dense_stream.h:17]   --->   Operation 80 'bitconcatenate' 'shl_ln73_46' <Predicate = true> <Delay = 0.00>
ST_2 : Operation 81 [1/1] (0.00ns)   --->   "%sext_ln73_139 = sext i22 %shl_ln73_46" [firmware/nnet_utils/nnet_mult.h:73->firmware/nnet_utils/nnet_dense_latency.h:42->firmware/nnet_utils/nnet_dense_stream.h:17]   --->   Operation 81 'sext' 'sext_ln73_139' <Predicate = true> <Delay = 0.00>
ST_2 : Operation 82 [1/1] (1.44ns)   --->   "%add_ln73 = add i23 %sext_ln73_139, i23 %sext_ln70_89" [firmware/nnet_utils/nnet_mult.h:73->firmware/nnet_utils/nnet_dense_latency.h:42->firmware/nnet_utils/nnet_dense_stream.h:17]   --->   Operation 82 'add' 'add_ln73' <Predicate = true> <Delay = 1.44> <CoreInst = "Adder">   --->   Core 1 'Adder' <Latency = 0> <II = 1> <Delay = 1.44> <FuncUnit> <Opcode : 'add' 'sub'> <InPorts = 2> <OutPorts = 1>
ST_2 : Operation 83 [1/1] (3.57ns)   --->   "%mul_ln73_225 = mul i25 %sext_ln70_91, i25 33554262" [firmware/nnet_utils/nnet_mult.h:73->firmware/nnet_utils/nnet_dense_latency.h:42->firmware/nnet_utils/nnet_dense_stream.h:17]   --->   Operation 83 'mul' 'mul_ln73_225' <Predicate = true> <Delay = 3.57> <CoreInst = "Multiplier">   --->   Core 3 'Multiplier' <Latency = 0> <II = 1> <Delay = 3.57> <FuncUnit> <Opcode : 'mul'> <InPorts = 2> <OutPorts = 1>
ST_2 : Operation 84 [1/1] (3.57ns)   --->   "%mul_ln73_226 = mul i25 %sext_ln70_91, i25 33554203" [firmware/nnet_utils/nnet_mult.h:73->firmware/nnet_utils/nnet_dense_latency.h:42->firmware/nnet_utils/nnet_dense_stream.h:17]   --->   Operation 84 'mul' 'mul_ln73_226' <Predicate = true> <Delay = 3.57> <CoreInst = "Multiplier">   --->   Core 3 'Multiplier' <Latency = 0> <II = 1> <Delay = 3.57> <FuncUnit> <Opcode : 'mul'> <InPorts = 2> <OutPorts = 1>
ST_2 : Operation 85 [1/1] (3.57ns)   --->   "%mul_ln73_227 = mul i24 %sext_ln70_90, i24 16777139" [firmware/nnet_utils/nnet_mult.h:73->firmware/nnet_utils/nnet_dense_latency.h:42->firmware/nnet_utils/nnet_dense_stream.h:17]   --->   Operation 85 'mul' 'mul_ln73_227' <Predicate = true> <Delay = 3.57> <CoreInst = "Multiplier">   --->   Core 3 'Multiplier' <Latency = 0> <II = 1> <Delay = 3.57> <FuncUnit> <Opcode : 'mul'> <InPorts = 2> <OutPorts = 1>
ST_2 : Operation 86 [1/1] (3.57ns)   --->   "%mul_ln73_229 = mul i25 %sext_ln70_91, i25 33554216" [firmware/nnet_utils/nnet_mult.h:73->firmware/nnet_utils/nnet_dense_latency.h:42->firmware/nnet_utils/nnet_dense_stream.h:17]   --->   Operation 86 'mul' 'mul_ln73_229' <Predicate = true> <Delay = 3.57> <CoreInst = "Multiplier">   --->   Core 3 'Multiplier' <Latency = 0> <II = 1> <Delay = 3.57> <FuncUnit> <Opcode : 'mul'> <InPorts = 2> <OutPorts = 1>
ST_2 : Operation 87 [1/1] (0.00ns)   --->   "%sext_ln70_92 = sext i16 %data_5_val6_read" [firmware/nnet_utils/nnet_mult.h:70->firmware/nnet_utils/nnet_dense_latency.h:42->firmware/nnet_utils/nnet_dense_stream.h:17]   --->   Operation 87 'sext' 'sext_ln70_92' <Predicate = true> <Delay = 0.00>
ST_2 : Operation 88 [1/1] (0.00ns)   --->   "%sext_ln70_93 = sext i16 %data_5_val6_read" [firmware/nnet_utils/nnet_mult.h:70->firmware/nnet_utils/nnet_dense_latency.h:42->firmware/nnet_utils/nnet_dense_stream.h:17]   --->   Operation 88 'sext' 'sext_ln70_93' <Predicate = true> <Delay = 0.00>
ST_2 : Operation 89 [1/1] (0.00ns)   --->   "%sext_ln70_94 = sext i16 %data_5_val6_read" [firmware/nnet_utils/nnet_mult.h:70->firmware/nnet_utils/nnet_dense_latency.h:42->firmware/nnet_utils/nnet_dense_stream.h:17]   --->   Operation 89 'sext' 'sext_ln70_94' <Predicate = true> <Delay = 0.00>
ST_2 : Operation 90 [1/1] (3.57ns)   --->   "%mul_ln73_230 = mul i25 %sext_ln70_94, i25 232" [firmware/nnet_utils/nnet_mult.h:73->firmware/nnet_utils/nnet_dense_latency.h:42->firmware/nnet_utils/nnet_dense_stream.h:17]   --->   Operation 90 'mul' 'mul_ln73_230' <Predicate = true> <Delay = 3.57> <CoreInst = "Multiplier">   --->   Core 3 'Multiplier' <Latency = 0> <II = 1> <Delay = 3.57> <FuncUnit> <Opcode : 'mul'> <InPorts = 2> <OutPorts = 1>
ST_2 : Operation 91 [1/1] (3.57ns)   --->   "%mul_ln73_232 = mul i26 %sext_ln70_93, i26 67108588" [firmware/nnet_utils/nnet_mult.h:73->firmware/nnet_utils/nnet_dense_latency.h:42->firmware/nnet_utils/nnet_dense_stream.h:17]   --->   Operation 91 'mul' 'mul_ln73_232' <Predicate = true> <Delay = 3.57> <CoreInst = "Multiplier">   --->   Core 3 'Multiplier' <Latency = 0> <II = 1> <Delay = 3.57> <FuncUnit> <Opcode : 'mul'> <InPorts = 2> <OutPorts = 1>
ST_2 : Operation 92 [1/1] (3.57ns)   --->   "%mul_ln73_233 = mul i24 %sext_ln70_92, i24 16777115" [firmware/nnet_utils/nnet_mult.h:73->firmware/nnet_utils/nnet_dense_latency.h:42->firmware/nnet_utils/nnet_dense_stream.h:17]   --->   Operation 92 'mul' 'mul_ln73_233' <Predicate = true> <Delay = 3.57> <CoreInst = "Multiplier">   --->   Core 3 'Multiplier' <Latency = 0> <II = 1> <Delay = 3.57> <FuncUnit> <Opcode : 'mul'> <InPorts = 2> <OutPorts = 1>
ST_2 : Operation 93 [1/1] (3.57ns)   --->   "%mul_ln73_234 = mul i25 %sext_ln70_94, i25 226" [firmware/nnet_utils/nnet_mult.h:73->firmware/nnet_utils/nnet_dense_latency.h:42->firmware/nnet_utils/nnet_dense_stream.h:17]   --->   Operation 93 'mul' 'mul_ln73_234' <Predicate = true> <Delay = 3.57> <CoreInst = "Multiplier">   --->   Core 3 'Multiplier' <Latency = 0> <II = 1> <Delay = 3.57> <FuncUnit> <Opcode : 'mul'> <InPorts = 2> <OutPorts = 1>
ST_2 : Operation 94 [1/1] (3.57ns)   --->   "%mul_ln73_235 = mul i24 %sext_ln70_92, i24 99" [firmware/nnet_utils/nnet_mult.h:73->firmware/nnet_utils/nnet_dense_latency.h:42->firmware/nnet_utils/nnet_dense_stream.h:17]   --->   Operation 94 'mul' 'mul_ln73_235' <Predicate = true> <Delay = 3.57> <CoreInst = "Multiplier">   --->   Core 3 'Multiplier' <Latency = 0> <II = 1> <Delay = 3.57> <FuncUnit> <Opcode : 'mul'> <InPorts = 2> <OutPorts = 1>
ST_2 : Operation 95 [1/1] (3.57ns)   --->   "%mul_ln73_236 = mul i25 %sext_ln70_94, i25 33554181" [firmware/nnet_utils/nnet_mult.h:73->firmware/nnet_utils/nnet_dense_latency.h:42->firmware/nnet_utils/nnet_dense_stream.h:17]   --->   Operation 95 'mul' 'mul_ln73_236' <Predicate = true> <Delay = 3.57> <CoreInst = "Multiplier">   --->   Core 3 'Multiplier' <Latency = 0> <II = 1> <Delay = 3.57> <FuncUnit> <Opcode : 'mul'> <InPorts = 2> <OutPorts = 1>
ST_2 : Operation 96 [1/1] (3.57ns)   --->   "%mul_ln73_238 = mul i25 %sext_ln70_94, i25 33554222" [firmware/nnet_utils/nnet_mult.h:73->firmware/nnet_utils/nnet_dense_latency.h:42->firmware/nnet_utils/nnet_dense_stream.h:17]   --->   Operation 96 'mul' 'mul_ln73_238' <Predicate = true> <Delay = 3.57> <CoreInst = "Multiplier">   --->   Core 3 'Multiplier' <Latency = 0> <II = 1> <Delay = 3.57> <FuncUnit> <Opcode : 'mul'> <InPorts = 2> <OutPorts = 1>
ST_2 : Operation 97 [1/1] (3.57ns)   --->   "%mul_ln73_239 = mul i24 %sext_ln70_92, i24 16777097" [firmware/nnet_utils/nnet_mult.h:73->firmware/nnet_utils/nnet_dense_latency.h:42->firmware/nnet_utils/nnet_dense_stream.h:17]   --->   Operation 97 'mul' 'mul_ln73_239' <Predicate = true> <Delay = 3.57> <CoreInst = "Multiplier">   --->   Core 3 'Multiplier' <Latency = 0> <II = 1> <Delay = 3.57> <FuncUnit> <Opcode : 'mul'> <InPorts = 2> <OutPorts = 1>
ST_2 : Operation 98 [1/1] (3.57ns)   --->   "%mul_ln73_241 = mul i25 %sext_ln70_94, i25 164" [firmware/nnet_utils/nnet_mult.h:73->firmware/nnet_utils/nnet_dense_latency.h:42->firmware/nnet_utils/nnet_dense_stream.h:17]   --->   Operation 98 'mul' 'mul_ln73_241' <Predicate = true> <Delay = 3.57> <CoreInst = "Multiplier">   --->   Core 3 'Multiplier' <Latency = 0> <II = 1> <Delay = 3.57> <FuncUnit> <Opcode : 'mul'> <InPorts = 2> <OutPorts = 1>
ST_2 : Operation 99 [1/1] (3.57ns)   --->   "%mul_ln73_243 = mul i26 %sext_ln70_93, i26 497" [firmware/nnet_utils/nnet_mult.h:73->firmware/nnet_utils/nnet_dense_latency.h:42->firmware/nnet_utils/nnet_dense_stream.h:17]   --->   Operation 99 'mul' 'mul_ln73_243' <Predicate = true> <Delay = 3.57> <CoreInst = "Multiplier">   --->   Core 3 'Multiplier' <Latency = 0> <II = 1> <Delay = 3.57> <FuncUnit> <Opcode : 'mul'> <InPorts = 2> <OutPorts = 1>
ST_2 : Operation 100 [1/1] (0.00ns)   --->   "%sext_ln70_96 = sext i16 %data_6_val7_read" [firmware/nnet_utils/nnet_mult.h:70->firmware/nnet_utils/nnet_dense_latency.h:42->firmware/nnet_utils/nnet_dense_stream.h:17]   --->   Operation 100 'sext' 'sext_ln70_96' <Predicate = true> <Delay = 0.00>
ST_2 : Operation 101 [1/1] (0.00ns)   --->   "%sext_ln70_97 = sext i16 %data_6_val7_read" [firmware/nnet_utils/nnet_mult.h:70->firmware/nnet_utils/nnet_dense_latency.h:42->firmware/nnet_utils/nnet_dense_stream.h:17]   --->   Operation 101 'sext' 'sext_ln70_97' <Predicate = true> <Delay = 0.00>
ST_2 : Operation 102 [1/1] (0.00ns)   --->   "%sext_ln70_98 = sext i16 %data_6_val7_read" [firmware/nnet_utils/nnet_mult.h:70->firmware/nnet_utils/nnet_dense_latency.h:42->firmware/nnet_utils/nnet_dense_stream.h:17]   --->   Operation 102 'sext' 'sext_ln70_98' <Predicate = true> <Delay = 0.00>
ST_2 : Operation 103 [1/1] (3.57ns)   --->   "%mul_ln73_245 = mul i26 %sext_ln70_97, i26 283" [firmware/nnet_utils/nnet_mult.h:73->firmware/nnet_utils/nnet_dense_latency.h:42->firmware/nnet_utils/nnet_dense_stream.h:17]   --->   Operation 103 'mul' 'mul_ln73_245' <Predicate = true> <Delay = 3.57> <CoreInst = "Multiplier">   --->   Core 3 'Multiplier' <Latency = 0> <II = 1> <Delay = 3.57> <FuncUnit> <Opcode : 'mul'> <InPorts = 2> <OutPorts = 1>
ST_2 : Operation 104 [1/1] (3.57ns)   --->   "%mul_ln73_247 = mul i24 %sext_ln70_96, i24 67" [firmware/nnet_utils/nnet_mult.h:73->firmware/nnet_utils/nnet_dense_latency.h:42->firmware/nnet_utils/nnet_dense_stream.h:17]   --->   Operation 104 'mul' 'mul_ln73_247' <Predicate = true> <Delay = 3.57> <CoreInst = "Multiplier">   --->   Core 3 'Multiplier' <Latency = 0> <II = 1> <Delay = 3.57> <FuncUnit> <Opcode : 'mul'> <InPorts = 2> <OutPorts = 1>
ST_2 : Operation 105 [1/1] (3.57ns)   --->   "%mul_ln73_248 = mul i24 %sext_ln70_96, i24 16777098" [firmware/nnet_utils/nnet_mult.h:73->firmware/nnet_utils/nnet_dense_latency.h:42->firmware/nnet_utils/nnet_dense_stream.h:17]   --->   Operation 105 'mul' 'mul_ln73_248' <Predicate = true> <Delay = 3.57> <CoreInst = "Multiplier">   --->   Core 3 'Multiplier' <Latency = 0> <II = 1> <Delay = 3.57> <FuncUnit> <Opcode : 'mul'> <InPorts = 2> <OutPorts = 1>
ST_2 : Operation 106 [1/1] (3.57ns)   --->   "%mul_ln73_250 = mul i25 %sext_ln70_98, i25 33554245" [firmware/nnet_utils/nnet_mult.h:73->firmware/nnet_utils/nnet_dense_latency.h:42->firmware/nnet_utils/nnet_dense_stream.h:17]   --->   Operation 106 'mul' 'mul_ln73_250' <Predicate = true> <Delay = 3.57> <CoreInst = "Multiplier">   --->   Core 3 'Multiplier' <Latency = 0> <II = 1> <Delay = 3.57> <FuncUnit> <Opcode : 'mul'> <InPorts = 2> <OutPorts = 1>
ST_2 : Operation 107 [1/1] (3.57ns)   --->   "%mul_ln73_251 = mul i24 %sext_ln70_96, i24 16777016" [firmware/nnet_utils/nnet_mult.h:73->firmware/nnet_utils/nnet_dense_latency.h:42->firmware/nnet_utils/nnet_dense_stream.h:17]   --->   Operation 107 'mul' 'mul_ln73_251' <Predicate = true> <Delay = 3.57> <CoreInst = "Multiplier">   --->   Core 3 'Multiplier' <Latency = 0> <II = 1> <Delay = 3.57> <FuncUnit> <Opcode : 'mul'> <InPorts = 2> <OutPorts = 1>
ST_2 : Operation 108 [1/1] (3.57ns)   --->   "%mul_ln73_255 = mul i25 %sext_ln70_98, i25 191" [firmware/nnet_utils/nnet_mult.h:73->firmware/nnet_utils/nnet_dense_latency.h:42->firmware/nnet_utils/nnet_dense_stream.h:17]   --->   Operation 108 'mul' 'mul_ln73_255' <Predicate = true> <Delay = 3.57> <CoreInst = "Multiplier">   --->   Core 3 'Multiplier' <Latency = 0> <II = 1> <Delay = 3.57> <FuncUnit> <Opcode : 'mul'> <InPorts = 2> <OutPorts = 1>
ST_2 : Operation 109 [1/1] (3.57ns)   --->   "%mul_ln73_257 = mul i26 %sext_ln70_97, i26 67108492" [firmware/nnet_utils/nnet_mult.h:73->firmware/nnet_utils/nnet_dense_latency.h:42->firmware/nnet_utils/nnet_dense_stream.h:17]   --->   Operation 109 'mul' 'mul_ln73_257' <Predicate = true> <Delay = 3.57> <CoreInst = "Multiplier">   --->   Core 3 'Multiplier' <Latency = 0> <II = 1> <Delay = 3.57> <FuncUnit> <Opcode : 'mul'> <InPorts = 2> <OutPorts = 1>
ST_2 : Operation 110 [1/1] (0.00ns)   --->   "%sext_ln70_99 = sext i16 %data_7_val8_read" [firmware/nnet_utils/nnet_mult.h:70->firmware/nnet_utils/nnet_dense_latency.h:42->firmware/nnet_utils/nnet_dense_stream.h:17]   --->   Operation 110 'sext' 'sext_ln70_99' <Predicate = true> <Delay = 0.00>
ST_2 : Operation 111 [1/1] (0.00ns)   --->   "%sext_ln70_100 = sext i16 %data_7_val8_read" [firmware/nnet_utils/nnet_mult.h:70->firmware/nnet_utils/nnet_dense_latency.h:42->firmware/nnet_utils/nnet_dense_stream.h:17]   --->   Operation 111 'sext' 'sext_ln70_100' <Predicate = true> <Delay = 0.00>
ST_2 : Operation 112 [1/1] (0.00ns)   --->   "%sext_ln70_101 = sext i16 %data_7_val8_read" [firmware/nnet_utils/nnet_mult.h:70->firmware/nnet_utils/nnet_dense_latency.h:42->firmware/nnet_utils/nnet_dense_stream.h:17]   --->   Operation 112 'sext' 'sext_ln70_101' <Predicate = true> <Delay = 0.00>
ST_2 : Operation 113 [1/1] (0.00ns)   --->   "%sext_ln70_102 = sext i16 %data_7_val8_read" [firmware/nnet_utils/nnet_mult.h:70->firmware/nnet_utils/nnet_dense_latency.h:42->firmware/nnet_utils/nnet_dense_stream.h:17]   --->   Operation 113 'sext' 'sext_ln70_102' <Predicate = true> <Delay = 0.00>
ST_2 : Operation 114 [1/1] (3.57ns)   --->   "%mul_ln73_258 = mul i25 %sext_ln70_100, i25 411" [firmware/nnet_utils/nnet_mult.h:73->firmware/nnet_utils/nnet_dense_latency.h:42->firmware/nnet_utils/nnet_dense_stream.h:17]   --->   Operation 114 'mul' 'mul_ln73_258' <Predicate = true> <Delay = 3.57> <CoreInst = "Multiplier">   --->   Core 3 'Multiplier' <Latency = 0> <II = 1> <Delay = 3.57> <FuncUnit> <Opcode : 'mul'> <InPorts = 2> <OutPorts = 1>
ST_2 : Operation 115 [1/1] (3.57ns)   --->   "%mul_ln73_260 = mul i25 %sext_ln70_100, i25 156" [firmware/nnet_utils/nnet_mult.h:73->firmware/nnet_utils/nnet_dense_latency.h:42->firmware/nnet_utils/nnet_dense_stream.h:17]   --->   Operation 115 'mul' 'mul_ln73_260' <Predicate = true> <Delay = 3.57> <CoreInst = "Multiplier">   --->   Core 3 'Multiplier' <Latency = 0> <II = 1> <Delay = 3.57> <FuncUnit> <Opcode : 'mul'> <InPorts = 2> <OutPorts = 1>
ST_2 : Operation 116 [1/1] (3.57ns)   --->   "%mul_ln73_261 = mul i23 %sext_ln70_99, i23 8388554" [firmware/nnet_utils/nnet_mult.h:73->firmware/nnet_utils/nnet_dense_latency.h:42->firmware/nnet_utils/nnet_dense_stream.h:17]   --->   Operation 116 'mul' 'mul_ln73_261' <Predicate = true> <Delay = 3.57> <CoreInst = "Multiplier">   --->   Core 3 'Multiplier' <Latency = 0> <II = 1> <Delay = 3.57> <FuncUnit> <Opcode : 'mul'> <InPorts = 2> <OutPorts = 1>
ST_2 : Operation 117 [1/1] (3.57ns)   --->   "%mul_ln73_262 = mul i22 %sext_ln70_101, i22 26" [firmware/nnet_utils/nnet_mult.h:73->firmware/nnet_utils/nnet_dense_latency.h:42->firmware/nnet_utils/nnet_dense_stream.h:17]   --->   Operation 117 'mul' 'mul_ln73_262' <Predicate = true> <Delay = 3.57> <CoreInst = "Multiplier">   --->   Core 3 'Multiplier' <Latency = 0> <II = 1> <Delay = 3.57> <FuncUnit> <Opcode : 'mul'> <InPorts = 2> <OutPorts = 1>
ST_2 : Operation 118 [1/1] (3.57ns)   --->   "%mul_ln73_264 = mul i26 %sext_ln70_102, i26 289" [firmware/nnet_utils/nnet_mult.h:73->firmware/nnet_utils/nnet_dense_latency.h:42->firmware/nnet_utils/nnet_dense_stream.h:17]   --->   Operation 118 'mul' 'mul_ln73_264' <Predicate = true> <Delay = 3.57> <CoreInst = "Multiplier">   --->   Core 3 'Multiplier' <Latency = 0> <II = 1> <Delay = 3.57> <FuncUnit> <Opcode : 'mul'> <InPorts = 2> <OutPorts = 1>
ST_2 : Operation 119 [1/1] (3.57ns)   --->   "%mul_ln73_265 = mul i25 %sext_ln70_100, i25 33554210" [firmware/nnet_utils/nnet_mult.h:73->firmware/nnet_utils/nnet_dense_latency.h:42->firmware/nnet_utils/nnet_dense_stream.h:17]   --->   Operation 119 'mul' 'mul_ln73_265' <Predicate = true> <Delay = 3.57> <CoreInst = "Multiplier">   --->   Core 3 'Multiplier' <Latency = 0> <II = 1> <Delay = 3.57> <FuncUnit> <Opcode : 'mul'> <InPorts = 2> <OutPorts = 1>
ST_2 : Operation 120 [1/1] (3.57ns)   --->   "%mul_ln73_268 = mul i25 %sext_ln70_100, i25 170" [firmware/nnet_utils/nnet_mult.h:73->firmware/nnet_utils/nnet_dense_latency.h:42->firmware/nnet_utils/nnet_dense_stream.h:17]   --->   Operation 120 'mul' 'mul_ln73_268' <Predicate = true> <Delay = 3.57> <CoreInst = "Multiplier">   --->   Core 3 'Multiplier' <Latency = 0> <II = 1> <Delay = 3.57> <FuncUnit> <Opcode : 'mul'> <InPorts = 2> <OutPorts = 1>
ST_2 : Operation 121 [1/1] (0.00ns)   --->   "%sext_ln70_103 = sext i16 %data_8_val9_read" [firmware/nnet_utils/nnet_mult.h:70->firmware/nnet_utils/nnet_dense_latency.h:42->firmware/nnet_utils/nnet_dense_stream.h:17]   --->   Operation 121 'sext' 'sext_ln70_103' <Predicate = true> <Delay = 0.00>
ST_2 : Operation 122 [1/1] (0.00ns)   --->   "%sext_ln70_104 = sext i16 %data_8_val9_read" [firmware/nnet_utils/nnet_mult.h:70->firmware/nnet_utils/nnet_dense_latency.h:42->firmware/nnet_utils/nnet_dense_stream.h:17]   --->   Operation 122 'sext' 'sext_ln70_104' <Predicate = true> <Delay = 0.00>
ST_2 : Operation 123 [1/1] (0.00ns)   --->   "%sext_ln70_105 = sext i16 %data_8_val9_read" [firmware/nnet_utils/nnet_mult.h:70->firmware/nnet_utils/nnet_dense_latency.h:42->firmware/nnet_utils/nnet_dense_stream.h:17]   --->   Operation 123 'sext' 'sext_ln70_105' <Predicate = true> <Delay = 0.00>
ST_2 : Operation 124 [1/1] (0.00ns)   --->   "%sext_ln70_106 = sext i16 %data_8_val9_read" [firmware/nnet_utils/nnet_mult.h:70->firmware/nnet_utils/nnet_dense_latency.h:42->firmware/nnet_utils/nnet_dense_stream.h:17]   --->   Operation 124 'sext' 'sext_ln70_106' <Predicate = true> <Delay = 0.00>
ST_2 : Operation 125 [1/1] (3.57ns)   --->   "%mul_ln73_272 = mul i24 %sext_ln70_106, i24 90" [firmware/nnet_utils/nnet_mult.h:73->firmware/nnet_utils/nnet_dense_latency.h:42->firmware/nnet_utils/nnet_dense_stream.h:17]   --->   Operation 125 'mul' 'mul_ln73_272' <Predicate = true> <Delay = 3.57> <CoreInst = "Multiplier">   --->   Core 3 'Multiplier' <Latency = 0> <II = 1> <Delay = 3.57> <FuncUnit> <Opcode : 'mul'> <InPorts = 2> <OutPorts = 1>
ST_2 : Operation 126 [1/1] (3.57ns)   --->   "%mul_ln73_276 = mul i23 %sext_ln70_104, i23 8388563" [firmware/nnet_utils/nnet_mult.h:73->firmware/nnet_utils/nnet_dense_latency.h:42->firmware/nnet_utils/nnet_dense_stream.h:17]   --->   Operation 126 'mul' 'mul_ln73_276' <Predicate = true> <Delay = 3.57> <CoreInst = "Multiplier">   --->   Core 3 'Multiplier' <Latency = 0> <II = 1> <Delay = 3.57> <FuncUnit> <Opcode : 'mul'> <InPorts = 2> <OutPorts = 1>
ST_2 : Operation 127 [1/1] (3.57ns)   --->   "%mul_ln73_277 = mul i23 %sext_ln70_104, i23 58" [firmware/nnet_utils/nnet_mult.h:73->firmware/nnet_utils/nnet_dense_latency.h:42->firmware/nnet_utils/nnet_dense_stream.h:17]   --->   Operation 127 'mul' 'mul_ln73_277' <Predicate = true> <Delay = 3.57> <CoreInst = "Multiplier">   --->   Core 3 'Multiplier' <Latency = 0> <II = 1> <Delay = 3.57> <FuncUnit> <Opcode : 'mul'> <InPorts = 2> <OutPorts = 1>
ST_2 : Operation 128 [1/1] (3.57ns)   --->   "%mul_ln73_280 = mul i25 %sext_ln70_103, i25 165" [firmware/nnet_utils/nnet_mult.h:73->firmware/nnet_utils/nnet_dense_latency.h:42->firmware/nnet_utils/nnet_dense_stream.h:17]   --->   Operation 128 'mul' 'mul_ln73_280' <Predicate = true> <Delay = 3.57> <CoreInst = "Multiplier">   --->   Core 3 'Multiplier' <Latency = 0> <II = 1> <Delay = 3.57> <FuncUnit> <Opcode : 'mul'> <InPorts = 2> <OutPorts = 1>
ST_2 : Operation 129 [1/1] (3.57ns)   --->   "%mul_ln73_282 = mul i26 %sext_ln70_105, i26 491" [firmware/nnet_utils/nnet_mult.h:73->firmware/nnet_utils/nnet_dense_latency.h:42->firmware/nnet_utils/nnet_dense_stream.h:17]   --->   Operation 129 'mul' 'mul_ln73_282' <Predicate = true> <Delay = 3.57> <CoreInst = "Multiplier">   --->   Core 3 'Multiplier' <Latency = 0> <II = 1> <Delay = 3.57> <FuncUnit> <Opcode : 'mul'> <InPorts = 2> <OutPorts = 1>
ST_2 : Operation 130 [1/1] (0.00ns)   --->   "%sext_ln70_108 = sext i16 %data_9_val10_read" [firmware/nnet_utils/nnet_mult.h:70->firmware/nnet_utils/nnet_dense_latency.h:42->firmware/nnet_utils/nnet_dense_stream.h:17]   --->   Operation 130 'sext' 'sext_ln70_108' <Predicate = true> <Delay = 0.00>
ST_2 : Operation 131 [1/1] (0.00ns)   --->   "%sext_ln70_110 = sext i16 %data_9_val10_read" [firmware/nnet_utils/nnet_mult.h:70->firmware/nnet_utils/nnet_dense_latency.h:42->firmware/nnet_utils/nnet_dense_stream.h:17]   --->   Operation 131 'sext' 'sext_ln70_110' <Predicate = true> <Delay = 0.00>
ST_2 : Operation 132 [1/1] (0.00ns)   --->   "%sext_ln70_111 = sext i16 %data_9_val10_read" [firmware/nnet_utils/nnet_mult.h:70->firmware/nnet_utils/nnet_dense_latency.h:42->firmware/nnet_utils/nnet_dense_stream.h:17]   --->   Operation 132 'sext' 'sext_ln70_111' <Predicate = true> <Delay = 0.00>
ST_2 : Operation 133 [1/1] (3.57ns)   --->   "%mul_ln73_286 = mul i24 %sext_ln70_108, i24 232" [firmware/nnet_utils/nnet_mult.h:73->firmware/nnet_utils/nnet_dense_latency.h:42->firmware/nnet_utils/nnet_dense_stream.h:17]   --->   Operation 133 'mul' 'mul_ln73_286' <Predicate = true> <Delay = 3.57> <CoreInst = "Multiplier">   --->   Core 3 'Multiplier' <Latency = 0> <II = 1> <Delay = 3.57> <FuncUnit> <Opcode : 'mul'> <InPorts = 2> <OutPorts = 1>
ST_2 : Operation 134 [1/1] (3.57ns)   --->   "%mul_ln73_288 = mul i23 %sext_ln70_110, i23 8388550" [firmware/nnet_utils/nnet_mult.h:73->firmware/nnet_utils/nnet_dense_latency.h:42->firmware/nnet_utils/nnet_dense_stream.h:17]   --->   Operation 134 'mul' 'mul_ln73_288' <Predicate = true> <Delay = 3.57> <CoreInst = "Multiplier">   --->   Core 3 'Multiplier' <Latency = 0> <II = 1> <Delay = 3.57> <FuncUnit> <Opcode : 'mul'> <InPorts = 2> <OutPorts = 1>
ST_2 : Operation 135 [1/1] (3.57ns)   --->   "%mul_ln73_291 = mul i24 %sext_ln70_108, i24 16777091" [firmware/nnet_utils/nnet_mult.h:73->firmware/nnet_utils/nnet_dense_latency.h:42->firmware/nnet_utils/nnet_dense_stream.h:17]   --->   Operation 135 'mul' 'mul_ln73_291' <Predicate = true> <Delay = 3.57> <CoreInst = "Multiplier">   --->   Core 3 'Multiplier' <Latency = 0> <II = 1> <Delay = 3.57> <FuncUnit> <Opcode : 'mul'> <InPorts = 2> <OutPorts = 1>
ST_2 : Operation 136 [1/1] (3.57ns)   --->   "%mul_ln73_296 = mul i26 %sext_ln70_111, i26 275" [firmware/nnet_utils/nnet_mult.h:73->firmware/nnet_utils/nnet_dense_latency.h:42->firmware/nnet_utils/nnet_dense_stream.h:17]   --->   Operation 136 'mul' 'mul_ln73_296' <Predicate = true> <Delay = 3.57> <CoreInst = "Multiplier">   --->   Core 3 'Multiplier' <Latency = 0> <II = 1> <Delay = 3.57> <FuncUnit> <Opcode : 'mul'> <InPorts = 2> <OutPorts = 1>
ST_2 : Operation 137 [1/1] (1.44ns)   --->   "%add_ln58_196 = add i23 %mul_ln73_173, i23 3072" [firmware/nnet_utils/nnet_dense_latency.h:58->firmware/nnet_utils/nnet_dense_stream.h:17]   --->   Operation 137 'add' 'add_ln58_196' <Predicate = true> <Delay = 1.44> <CoreInst = "Adder">   --->   Core 1 'Adder' <Latency = 0> <II = 1> <Delay = 1.44> <FuncUnit> <Opcode : 'add' 'sub'> <InPorts = 2> <OutPorts = 1>
ST_2 : Operation 138 [1/1] (1.42ns)   --->   "%add_ln58_202 = add i17 %sext_ln70, i17 78848" [firmware/nnet_utils/nnet_dense_latency.h:58->firmware/nnet_utils/nnet_dense_stream.h:17]   --->   Operation 138 'add' 'add_ln58_202' <Predicate = true> <Delay = 1.42> <CoreInst = "Adder">   --->   Core 1 'Adder' <Latency = 0> <II = 1> <Delay = 1.42> <FuncUnit> <Opcode : 'add' 'sub'> <InPorts = 2> <OutPorts = 1>
ST_2 : Operation 139 [1/1] (0.00ns)   --->   "%zext_ln58 = zext i17 %add_ln58_202" [firmware/nnet_utils/nnet_dense_latency.h:58->firmware/nnet_utils/nnet_dense_stream.h:17]   --->   Operation 139 'zext' 'zext_ln58' <Predicate = true> <Delay = 0.00>
ST_2 : Operation 140 [1/1] (1.42ns)   --->   "%add_ln58_203 = add i19 %zext_ln58, i19 %sext_ln73_104" [firmware/nnet_utils/nnet_dense_latency.h:58->firmware/nnet_utils/nnet_dense_stream.h:17]   --->   Operation 140 'add' 'add_ln58_203' <Predicate = true> <Delay = 1.42> <CoreInst = "Adder">   --->   Core 1 'Adder' <Latency = 0> <II = 1> <Delay = 1.43> <FuncUnit> <Opcode : 'add' 'sub'> <InPorts = 2> <OutPorts = 1>
ST_2 : Operation 141 [1/1] (1.44ns)   --->   "%add_ln58_262 = add i23 %mul_ln73_223, i23 %sext_ln73_120" [firmware/nnet_utils/nnet_dense_latency.h:58->firmware/nnet_utils/nnet_dense_stream.h:17]   --->   Operation 141 'add' 'add_ln58_262' <Predicate = true> <Delay = 1.44> <CoreInst = "Adder">   --->   Core 1 'Adder' <Latency = 0> <II = 1> <Delay = 1.44> <FuncUnit> <Opcode : 'add' 'sub'> <InPorts = 2> <OutPorts = 1>

State 3 <SV = 2> <Delay = 3.57>
ST_3 : Operation 142 [1/1] (3.57ns)   --->   "%mul_ln73_179 = mul i26 %sext_ln73, i26 274" [firmware/nnet_utils/nnet_mult.h:73->firmware/nnet_utils/nnet_dense_latency.h:42->firmware/nnet_utils/nnet_dense_stream.h:17]   --->   Operation 142 'mul' 'mul_ln73_179' <Predicate = true> <Delay = 3.57> <CoreInst = "Multiplier">   --->   Core 3 'Multiplier' <Latency = 0> <II = 1> <Delay = 3.57> <FuncUnit> <Opcode : 'mul'> <InPorts = 2> <OutPorts = 1>
ST_3 : Operation 143 [1/1] (0.00ns)   --->   "%sext_ln73_105 = sext i16 %data_1_val2_read" [firmware/nnet_utils/nnet_mult.h:73->firmware/nnet_utils/nnet_dense_latency.h:42->firmware/nnet_utils/nnet_dense_stream.h:17]   --->   Operation 143 'sext' 'sext_ln73_105' <Predicate = true> <Delay = 0.00>
ST_3 : Operation 144 [1/1] (3.57ns)   --->   "%mul_ln73_186 = mul i26 %sext_ln73_105, i26 67108485" [firmware/nnet_utils/nnet_mult.h:73->firmware/nnet_utils/nnet_dense_latency.h:42->firmware/nnet_utils/nnet_dense_stream.h:17]   --->   Operation 144 'mul' 'mul_ln73_186' <Predicate = true> <Delay = 3.57> <CoreInst = "Multiplier">   --->   Core 3 'Multiplier' <Latency = 0> <II = 1> <Delay = 3.57> <FuncUnit> <Opcode : 'mul'> <InPorts = 2> <OutPorts = 1>
ST_3 : Operation 145 [1/1] (0.00ns)   --->   "%sext_ln73_106 = sext i24 %mul_ln73_188" [firmware/nnet_utils/nnet_mult.h:73->firmware/nnet_utils/nnet_dense_latency.h:42->firmware/nnet_utils/nnet_dense_stream.h:17]   --->   Operation 145 'sext' 'sext_ln73_106' <Predicate = true> <Delay = 0.00>
ST_3 : Operation 146 [1/1] (0.00ns)   --->   "%shl_ln73_32 = bitconcatenate i20 @_ssdm_op_BitConcatenate.i20.i16.i4, i16 %data_1_val2_read, i4 0" [firmware/nnet_utils/nnet_mult.h:73->firmware/nnet_utils/nnet_dense_latency.h:42->firmware/nnet_utils/nnet_dense_stream.h:17]   --->   Operation 146 'bitconcatenate' 'shl_ln73_32' <Predicate = true> <Delay = 0.00>
ST_3 : Operation 147 [1/1] (0.00ns)   --->   "%sext_ln73_108 = sext i20 %shl_ln73_32" [firmware/nnet_utils/nnet_mult.h:73->firmware/nnet_utils/nnet_dense_latency.h:42->firmware/nnet_utils/nnet_dense_stream.h:17]   --->   Operation 147 'sext' 'sext_ln73_108' <Predicate = true> <Delay = 0.00>
ST_3 : Operation 148 [1/1] (0.00ns)   --->   "%sext_ln73_109 = sext i20 %shl_ln73_32" [firmware/nnet_utils/nnet_mult.h:73->firmware/nnet_utils/nnet_dense_latency.h:42->firmware/nnet_utils/nnet_dense_stream.h:17]   --->   Operation 148 'sext' 'sext_ln73_109' <Predicate = true> <Delay = 0.00>
ST_3 : Operation 149 [1/1] (0.00ns) (grouped into TernaryAdder)   --->   "%sub_ln73_17 = sub i23 %sub_ln73, i23 %sext_ln73_109" [firmware/nnet_utils/nnet_mult.h:73->firmware/nnet_utils/nnet_dense_latency.h:42->firmware/nnet_utils/nnet_dense_stream.h:17]   --->   Operation 149 'sub' 'sub_ln73_17' <Predicate = true> <Delay = 0.00> <CoreInst = "TAddSub">   --->   Core 10 'TAddSub' <Latency = 0> <II = 1> <Delay = 0.52> <IPBlock> <Opcode : '' 'add' 'sub'> <InPorts = 3> <OutPorts = 1> <Sync> <CReg>
ST_3 : Operation 150 [1/1] (0.00ns)   --->   "%shl_ln73_33 = bitconcatenate i25 @_ssdm_op_BitConcatenate.i25.i16.i9, i16 %data_1_val2_read, i9 0" [firmware/nnet_utils/nnet_mult.h:73->firmware/nnet_utils/nnet_dense_latency.h:42->firmware/nnet_utils/nnet_dense_stream.h:17]   --->   Operation 150 'bitconcatenate' 'shl_ln73_33' <Predicate = true> <Delay = 0.00>
ST_3 : Operation 151 [1/1] (0.00ns)   --->   "%sext_ln73_111 = sext i25 %shl_ln73_33" [firmware/nnet_utils/nnet_mult.h:73->firmware/nnet_utils/nnet_dense_latency.h:42->firmware/nnet_utils/nnet_dense_stream.h:17]   --->   Operation 151 'sext' 'sext_ln73_111' <Predicate = true> <Delay = 0.00>
ST_3 : Operation 152 [1/1] (1.45ns)   --->   "%sub_ln73_18 = sub i26 %sext_ln73_108, i26 %sext_ln73_111" [firmware/nnet_utils/nnet_mult.h:73->firmware/nnet_utils/nnet_dense_latency.h:42->firmware/nnet_utils/nnet_dense_stream.h:17]   --->   Operation 152 'sub' 'sub_ln73_18' <Predicate = true> <Delay = 1.45> <CoreInst = "Adder">   --->   Core 1 'Adder' <Latency = 0> <II = 1> <Delay = 1.46> <FuncUnit> <Opcode : 'add' 'sub'> <InPorts = 2> <OutPorts = 1>
ST_3 : Operation 153 [1/1] (3.57ns)   --->   "%mul_ln73_190 = mul i26 %sext_ln73_105, i26 524" [firmware/nnet_utils/nnet_mult.h:73->firmware/nnet_utils/nnet_dense_latency.h:42->firmware/nnet_utils/nnet_dense_stream.h:17]   --->   Operation 153 'mul' 'mul_ln73_190' <Predicate = true> <Delay = 3.57> <CoreInst = "Multiplier">   --->   Core 3 'Multiplier' <Latency = 0> <II = 1> <Delay = 3.57> <FuncUnit> <Opcode : 'mul'> <InPorts = 2> <OutPorts = 1>
ST_3 : Operation 154 [1/1] (3.57ns)   --->   "%mul_ln73_191 = mul i26 %sext_ln73_105, i26 67108398" [firmware/nnet_utils/nnet_mult.h:73->firmware/nnet_utils/nnet_dense_latency.h:42->firmware/nnet_utils/nnet_dense_stream.h:17]   --->   Operation 154 'mul' 'mul_ln73_191' <Predicate = true> <Delay = 3.57> <CoreInst = "Multiplier">   --->   Core 3 'Multiplier' <Latency = 0> <II = 1> <Delay = 3.57> <FuncUnit> <Opcode : 'mul'> <InPorts = 2> <OutPorts = 1>
ST_3 : Operation 155 [1/1] (3.57ns)   --->   "%mul_ln73_192 = mul i26 %sext_ln73_105, i26 351" [firmware/nnet_utils/nnet_mult.h:73->firmware/nnet_utils/nnet_dense_latency.h:42->firmware/nnet_utils/nnet_dense_stream.h:17]   --->   Operation 155 'mul' 'mul_ln73_192' <Predicate = true> <Delay = 3.57> <CoreInst = "Multiplier">   --->   Core 3 'Multiplier' <Latency = 0> <II = 1> <Delay = 3.57> <FuncUnit> <Opcode : 'mul'> <InPorts = 2> <OutPorts = 1>
ST_3 : Operation 156 [1/1] (0.00ns)   --->   "%sext_ln73_112 = sext i25 %mul_ln73_193" [firmware/nnet_utils/nnet_mult.h:73->firmware/nnet_utils/nnet_dense_latency.h:42->firmware/nnet_utils/nnet_dense_stream.h:17]   --->   Operation 156 'sext' 'sext_ln73_112' <Predicate = true> <Delay = 0.00>
ST_3 : Operation 157 [1/1] (0.00ns)   --->   "%shl_ln73_34 = bitconcatenate i24 @_ssdm_op_BitConcatenate.i24.i16.i8, i16 %data_1_val2_read, i8 0" [firmware/nnet_utils/nnet_mult.h:73->firmware/nnet_utils/nnet_dense_latency.h:42->firmware/nnet_utils/nnet_dense_stream.h:17]   --->   Operation 157 'bitconcatenate' 'shl_ln73_34' <Predicate = true> <Delay = 0.00>
ST_3 : Operation 158 [1/1] (0.00ns)   --->   "%sext_ln73_113 = sext i24 %shl_ln73_34" [firmware/nnet_utils/nnet_mult.h:73->firmware/nnet_utils/nnet_dense_latency.h:42->firmware/nnet_utils/nnet_dense_stream.h:17]   --->   Operation 158 'sext' 'sext_ln73_113' <Predicate = true> <Delay = 0.00>
ST_3 : Operation 159 [1/1] (0.00ns)   --->   "%shl_ln73_35 = bitconcatenate i19 @_ssdm_op_BitConcatenate.i19.i16.i3, i16 %data_1_val2_read, i3 0" [firmware/nnet_utils/nnet_mult.h:73->firmware/nnet_utils/nnet_dense_latency.h:42->firmware/nnet_utils/nnet_dense_stream.h:17]   --->   Operation 159 'bitconcatenate' 'shl_ln73_35' <Predicate = true> <Delay = 0.00>
ST_3 : Operation 160 [1/1] (0.00ns)   --->   "%sext_ln73_114 = sext i19 %shl_ln73_35" [firmware/nnet_utils/nnet_mult.h:73->firmware/nnet_utils/nnet_dense_latency.h:42->firmware/nnet_utils/nnet_dense_stream.h:17]   --->   Operation 160 'sext' 'sext_ln73_114' <Predicate = true> <Delay = 0.00>
ST_3 : Operation 161 [1/1] (0.00ns) (grouped into TernaryAdder)   --->   "%sub_ln73_19 = sub i25 %sext_ln73_114, i25 %sext_ln73_113" [firmware/nnet_utils/nnet_mult.h:73->firmware/nnet_utils/nnet_dense_latency.h:42->firmware/nnet_utils/nnet_dense_stream.h:17]   --->   Operation 161 'sub' 'sub_ln73_19' <Predicate = true> <Delay = 0.00> <CoreInst = "TAddSub">   --->   Core 10 'TAddSub' <Latency = 0> <II = 1> <Delay = 0.52> <IPBlock> <Opcode : '' 'add' 'sub'> <InPorts = 3> <OutPorts = 1> <Sync> <CReg>
ST_3 : Operation 162 [1/1] (0.00ns)   --->   "%sext_ln73_115 = sext i25 %mul_ln73_196" [firmware/nnet_utils/nnet_mult.h:73->firmware/nnet_utils/nnet_dense_latency.h:42->firmware/nnet_utils/nnet_dense_stream.h:17]   --->   Operation 162 'sext' 'sext_ln73_115' <Predicate = true> <Delay = 0.00>
ST_3 : Operation 163 [1/1] (0.00ns)   --->   "%shl_ln73_36 = bitconcatenate i23 @_ssdm_op_BitConcatenate.i23.i16.i7, i16 %data_1_val2_read, i7 0" [firmware/nnet_utils/nnet_mult.h:73->firmware/nnet_utils/nnet_dense_latency.h:42->firmware/nnet_utils/nnet_dense_stream.h:17]   --->   Operation 163 'bitconcatenate' 'shl_ln73_36' <Predicate = true> <Delay = 0.00>
ST_3 : Operation 164 [1/1] (0.00ns)   --->   "%sext_ln73_116 = sext i23 %shl_ln73_36" [firmware/nnet_utils/nnet_mult.h:73->firmware/nnet_utils/nnet_dense_latency.h:42->firmware/nnet_utils/nnet_dense_stream.h:17]   --->   Operation 164 'sext' 'sext_ln73_116' <Predicate = true> <Delay = 0.00>
ST_3 : Operation 165 [1/1] (0.00ns)   --->   "%shl_ln73_37 = bitconcatenate i18 @_ssdm_op_BitConcatenate.i18.i16.i2, i16 %data_1_val2_read, i2 0" [firmware/nnet_utils/nnet_mult.h:73->firmware/nnet_utils/nnet_dense_latency.h:42->firmware/nnet_utils/nnet_dense_stream.h:17]   --->   Operation 165 'bitconcatenate' 'shl_ln73_37' <Predicate = true> <Delay = 0.00>
ST_3 : Operation 166 [1/1] (0.00ns)   --->   "%sext_ln73_117 = sext i18 %shl_ln73_37" [firmware/nnet_utils/nnet_mult.h:73->firmware/nnet_utils/nnet_dense_latency.h:42->firmware/nnet_utils/nnet_dense_stream.h:17]   --->   Operation 166 'sext' 'sext_ln73_117' <Predicate = true> <Delay = 0.00>
ST_3 : Operation 167 [1/1] (0.00ns) (grouped into TernaryAdder)   --->   "%sub_ln73_20 = sub i24 %sext_ln73_117, i24 %sext_ln73_116" [firmware/nnet_utils/nnet_mult.h:73->firmware/nnet_utils/nnet_dense_latency.h:42->firmware/nnet_utils/nnet_dense_stream.h:17]   --->   Operation 167 'sub' 'sub_ln73_20' <Predicate = true> <Delay = 0.00> <CoreInst = "TAddSub">   --->   Core 10 'TAddSub' <Latency = 0> <II = 1> <Delay = 0.52> <IPBlock> <Opcode : '' 'add' 'sub'> <InPorts = 3> <OutPorts = 1> <Sync> <CReg>
ST_3 : Operation 168 [1/1] (0.00ns)   --->   "%sext_ln70_81 = sext i16 %data_2_val3_read" [firmware/nnet_utils/nnet_mult.h:70->firmware/nnet_utils/nnet_dense_latency.h:42->firmware/nnet_utils/nnet_dense_stream.h:17]   --->   Operation 168 'sext' 'sext_ln70_81' <Predicate = true> <Delay = 0.00>
ST_3 : Operation 169 [1/1] (0.00ns)   --->   "%sext_ln70_82 = sext i16 %data_2_val3_read" [firmware/nnet_utils/nnet_mult.h:70->firmware/nnet_utils/nnet_dense_latency.h:42->firmware/nnet_utils/nnet_dense_stream.h:17]   --->   Operation 169 'sext' 'sext_ln70_82' <Predicate = true> <Delay = 0.00>
ST_3 : Operation 170 [1/1] (3.57ns)   --->   "%mul_ln73_197 = mul i27 %sext_ln70_82, i27 604" [firmware/nnet_utils/nnet_mult.h:73->firmware/nnet_utils/nnet_dense_latency.h:42->firmware/nnet_utils/nnet_dense_stream.h:17]   --->   Operation 170 'mul' 'mul_ln73_197' <Predicate = true> <Delay = 3.57> <CoreInst = "Multiplier">   --->   Core 3 'Multiplier' <Latency = 0> <II = 1> <Delay = 3.57> <FuncUnit> <Opcode : 'mul'> <InPorts = 2> <OutPorts = 1>
ST_3 : Operation 171 [1/1] (3.57ns)   --->   "%mul_ln73_198 = mul i26 %sext_ln70_81, i26 304" [firmware/nnet_utils/nnet_mult.h:73->firmware/nnet_utils/nnet_dense_latency.h:42->firmware/nnet_utils/nnet_dense_stream.h:17]   --->   Operation 171 'mul' 'mul_ln73_198' <Predicate = true> <Delay = 3.57> <CoreInst = "Multiplier">   --->   Core 3 'Multiplier' <Latency = 0> <II = 1> <Delay = 3.57> <FuncUnit> <Opcode : 'mul'> <InPorts = 2> <OutPorts = 1>
ST_3 : Operation 172 [1/1] (3.57ns)   --->   "%mul_ln73_200 = mul i26 %sext_ln70_81, i26 292" [firmware/nnet_utils/nnet_mult.h:73->firmware/nnet_utils/nnet_dense_latency.h:42->firmware/nnet_utils/nnet_dense_stream.h:17]   --->   Operation 172 'mul' 'mul_ln73_200' <Predicate = true> <Delay = 3.57> <CoreInst = "Multiplier">   --->   Core 3 'Multiplier' <Latency = 0> <II = 1> <Delay = 3.57> <FuncUnit> <Opcode : 'mul'> <InPorts = 2> <OutPorts = 1>
ST_3 : Operation 173 [1/1] (3.57ns)   --->   "%mul_ln73_202 = mul i26 %sext_ln70_81, i26 67108557" [firmware/nnet_utils/nnet_mult.h:73->firmware/nnet_utils/nnet_dense_latency.h:42->firmware/nnet_utils/nnet_dense_stream.h:17]   --->   Operation 173 'mul' 'mul_ln73_202' <Predicate = true> <Delay = 3.57> <CoreInst = "Multiplier">   --->   Core 3 'Multiplier' <Latency = 0> <II = 1> <Delay = 3.57> <FuncUnit> <Opcode : 'mul'> <InPorts = 2> <OutPorts = 1>
ST_3 : Operation 174 [1/1] (3.57ns)   --->   "%mul_ln73_203 = mul i26 %sext_ln70_81, i26 415" [firmware/nnet_utils/nnet_mult.h:73->firmware/nnet_utils/nnet_dense_latency.h:42->firmware/nnet_utils/nnet_dense_stream.h:17]   --->   Operation 174 'mul' 'mul_ln73_203' <Predicate = true> <Delay = 3.57> <CoreInst = "Multiplier">   --->   Core 3 'Multiplier' <Latency = 0> <II = 1> <Delay = 3.57> <FuncUnit> <Opcode : 'mul'> <InPorts = 2> <OutPorts = 1>
ST_3 : Operation 175 [1/1] (0.00ns)   --->   "%sext_ln73_122 = sext i22 %mul_ln73_204" [firmware/nnet_utils/nnet_mult.h:73->firmware/nnet_utils/nnet_dense_latency.h:42->firmware/nnet_utils/nnet_dense_stream.h:17]   --->   Operation 175 'sext' 'sext_ln73_122' <Predicate = true> <Delay = 0.00>
ST_3 : Operation 176 [1/1] (3.57ns)   --->   "%mul_ln73_205 = mul i26 %sext_ln70_81, i26 67108429" [firmware/nnet_utils/nnet_mult.h:73->firmware/nnet_utils/nnet_dense_latency.h:42->firmware/nnet_utils/nnet_dense_stream.h:17]   --->   Operation 176 'mul' 'mul_ln73_205' <Predicate = true> <Delay = 3.57> <CoreInst = "Multiplier">   --->   Core 3 'Multiplier' <Latency = 0> <II = 1> <Delay = 3.57> <FuncUnit> <Opcode : 'mul'> <InPorts = 2> <OutPorts = 1>
ST_3 : Operation 177 [1/1] (3.57ns)   --->   "%mul_ln73_206 = mul i26 %sext_ln70_81, i26 376" [firmware/nnet_utils/nnet_mult.h:73->firmware/nnet_utils/nnet_dense_latency.h:42->firmware/nnet_utils/nnet_dense_stream.h:17]   --->   Operation 177 'mul' 'mul_ln73_206' <Predicate = true> <Delay = 3.57> <CoreInst = "Multiplier">   --->   Core 3 'Multiplier' <Latency = 0> <II = 1> <Delay = 3.57> <FuncUnit> <Opcode : 'mul'> <InPorts = 2> <OutPorts = 1>
ST_3 : Operation 178 [1/1] (3.57ns)   --->   "%mul_ln73_207 = mul i26 %sext_ln70_81, i26 310" [firmware/nnet_utils/nnet_mult.h:73->firmware/nnet_utils/nnet_dense_latency.h:42->firmware/nnet_utils/nnet_dense_stream.h:17]   --->   Operation 178 'mul' 'mul_ln73_207' <Predicate = true> <Delay = 3.57> <CoreInst = "Multiplier">   --->   Core 3 'Multiplier' <Latency = 0> <II = 1> <Delay = 3.57> <FuncUnit> <Opcode : 'mul'> <InPorts = 2> <OutPorts = 1>
ST_3 : Operation 179 [1/1] (3.57ns)   --->   "%mul_ln73_208 = mul i26 %sext_ln70_81, i26 67108440" [firmware/nnet_utils/nnet_mult.h:73->firmware/nnet_utils/nnet_dense_latency.h:42->firmware/nnet_utils/nnet_dense_stream.h:17]   --->   Operation 179 'mul' 'mul_ln73_208' <Predicate = true> <Delay = 3.57> <CoreInst = "Multiplier">   --->   Core 3 'Multiplier' <Latency = 0> <II = 1> <Delay = 3.57> <FuncUnit> <Opcode : 'mul'> <InPorts = 2> <OutPorts = 1>
ST_3 : Operation 180 [1/1] (0.00ns)   --->   "%sext_ln70_85 = sext i16 %data_3_val4_read" [firmware/nnet_utils/nnet_mult.h:70->firmware/nnet_utils/nnet_dense_latency.h:42->firmware/nnet_utils/nnet_dense_stream.h:17]   --->   Operation 180 'sext' 'sext_ln70_85' <Predicate = true> <Delay = 0.00>
ST_3 : Operation 181 [1/1] (0.00ns)   --->   "%sext_ln73_124 = sext i25 %mul_ln73_210" [firmware/nnet_utils/nnet_mult.h:73->firmware/nnet_utils/nnet_dense_latency.h:42->firmware/nnet_utils/nnet_dense_stream.h:17]   --->   Operation 181 'sext' 'sext_ln73_124' <Predicate = true> <Delay = 0.00>
ST_3 : Operation 182 [1/1] (3.57ns)   --->   "%mul_ln73_211 = mul i26 %sext_ln70_85, i26 67108586" [firmware/nnet_utils/nnet_mult.h:73->firmware/nnet_utils/nnet_dense_latency.h:42->firmware/nnet_utils/nnet_dense_stream.h:17]   --->   Operation 182 'mul' 'mul_ln73_211' <Predicate = true> <Delay = 3.57> <CoreInst = "Multiplier">   --->   Core 3 'Multiplier' <Latency = 0> <II = 1> <Delay = 3.57> <FuncUnit> <Opcode : 'mul'> <InPorts = 2> <OutPorts = 1>
ST_3 : Operation 183 [1/1] (0.00ns)   --->   "%shl_ln73_40 = bitconcatenate i23 @_ssdm_op_BitConcatenate.i23.i16.i7, i16 %data_3_val4_read, i7 0" [firmware/nnet_utils/nnet_mult.h:73->firmware/nnet_utils/nnet_dense_latency.h:42->firmware/nnet_utils/nnet_dense_stream.h:17]   --->   Operation 183 'bitconcatenate' 'shl_ln73_40' <Predicate = true> <Delay = 0.00>
ST_3 : Operation 184 [1/1] (0.00ns)   --->   "%sext_ln73_125 = sext i23 %shl_ln73_40" [firmware/nnet_utils/nnet_mult.h:73->firmware/nnet_utils/nnet_dense_latency.h:42->firmware/nnet_utils/nnet_dense_stream.h:17]   --->   Operation 184 'sext' 'sext_ln73_125' <Predicate = true> <Delay = 0.00>
ST_3 : Operation 185 [1/1] (0.00ns)   --->   "%shl_ln73_41 = bitconcatenate i17 @_ssdm_op_BitConcatenate.i17.i16.i1, i16 %data_3_val4_read, i1 0" [firmware/nnet_utils/nnet_mult.h:73->firmware/nnet_utils/nnet_dense_latency.h:42->firmware/nnet_utils/nnet_dense_stream.h:17]   --->   Operation 185 'bitconcatenate' 'shl_ln73_41' <Predicate = true> <Delay = 0.00>
ST_3 : Operation 186 [1/1] (0.00ns)   --->   "%sext_ln73_126 = sext i17 %shl_ln73_41" [firmware/nnet_utils/nnet_mult.h:73->firmware/nnet_utils/nnet_dense_latency.h:42->firmware/nnet_utils/nnet_dense_stream.h:17]   --->   Operation 186 'sext' 'sext_ln73_126' <Predicate = true> <Delay = 0.00>
ST_3 : Operation 187 [1/1] (0.00ns)   --->   "%sext_ln73_127 = sext i17 %shl_ln73_41" [firmware/nnet_utils/nnet_mult.h:73->firmware/nnet_utils/nnet_dense_latency.h:42->firmware/nnet_utils/nnet_dense_stream.h:17]   --->   Operation 187 'sext' 'sext_ln73_127' <Predicate = true> <Delay = 0.00>
ST_3 : Operation 188 [1/1] (0.00ns)   --->   "%sext_ln73_128 = sext i17 %shl_ln73_41" [firmware/nnet_utils/nnet_mult.h:73->firmware/nnet_utils/nnet_dense_latency.h:42->firmware/nnet_utils/nnet_dense_stream.h:17]   --->   Operation 188 'sext' 'sext_ln73_128' <Predicate = true> <Delay = 0.00>
ST_3 : Operation 189 [1/1] (0.00ns) (grouped into TernaryAdder)   --->   "%sub_ln73_22 = sub i24 %sext_ln73_128, i24 %sext_ln73_125" [firmware/nnet_utils/nnet_mult.h:73->firmware/nnet_utils/nnet_dense_latency.h:42->firmware/nnet_utils/nnet_dense_stream.h:17]   --->   Operation 189 'sub' 'sub_ln73_22' <Predicate = true> <Delay = 0.00> <CoreInst = "TAddSub">   --->   Core 10 'TAddSub' <Latency = 0> <II = 1> <Delay = 0.52> <IPBlock> <Opcode : '' 'add' 'sub'> <InPorts = 3> <OutPorts = 1> <Sync> <CReg>
ST_3 : Operation 190 [1/1] (0.00ns)   --->   "%shl_ln73_42 = bitconcatenate i21 @_ssdm_op_BitConcatenate.i21.i16.i5, i16 %data_3_val4_read, i5 0" [firmware/nnet_utils/nnet_mult.h:73->firmware/nnet_utils/nnet_dense_latency.h:42->firmware/nnet_utils/nnet_dense_stream.h:17]   --->   Operation 190 'bitconcatenate' 'shl_ln73_42' <Predicate = true> <Delay = 0.00>
ST_3 : Operation 191 [1/1] (0.00ns)   --->   "%sext_ln73_129 = sext i21 %shl_ln73_42" [firmware/nnet_utils/nnet_mult.h:73->firmware/nnet_utils/nnet_dense_latency.h:42->firmware/nnet_utils/nnet_dense_stream.h:17]   --->   Operation 191 'sext' 'sext_ln73_129' <Predicate = true> <Delay = 0.00>
ST_3 : Operation 192 [1/1] (0.00ns) (grouped into TernaryAdder)   --->   "%sub_ln73_23 = sub i22 0, i22 %sext_ln73_129" [firmware/nnet_utils/nnet_mult.h:73->firmware/nnet_utils/nnet_dense_latency.h:42->firmware/nnet_utils/nnet_dense_stream.h:17]   --->   Operation 192 'sub' 'sub_ln73_23' <Predicate = true> <Delay = 0.00> <CoreInst = "TAddSub">   --->   Core 10 'TAddSub' <Latency = 0> <II = 1> <Delay = 0.52> <IPBlock> <Opcode : '' 'add' 'sub'> <InPorts = 3> <OutPorts = 1> <Sync> <CReg>
ST_3 : Operation 193 [1/1] (1.02ns) (root node of TernaryAdder)   --->   "%sub_ln73_24 = sub i22 %sub_ln73_23, i22 %sext_ln73_127" [firmware/nnet_utils/nnet_mult.h:73->firmware/nnet_utils/nnet_dense_latency.h:42->firmware/nnet_utils/nnet_dense_stream.h:17]   --->   Operation 193 'sub' 'sub_ln73_24' <Predicate = true> <Delay = 1.02> <CoreInst = "TAddSub">   --->   Core 10 'TAddSub' <Latency = 0> <II = 1> <Delay = 0.52> <IPBlock> <Opcode : '' 'add' 'sub'> <InPorts = 3> <OutPorts = 1> <Sync> <CReg>
ST_3 : Operation 194 [1/1] (0.00ns)   --->   "%sext_ln73_130 = sext i22 %sub_ln73_24" [firmware/nnet_utils/nnet_mult.h:73->firmware/nnet_utils/nnet_dense_latency.h:42->firmware/nnet_utils/nnet_dense_stream.h:17]   --->   Operation 194 'sext' 'sext_ln73_130' <Predicate = true> <Delay = 0.00>
ST_3 : Operation 195 [1/1] (0.00ns)   --->   "%sext_ln73_131 = sext i22 %mul_ln73_213" [firmware/nnet_utils/nnet_mult.h:73->firmware/nnet_utils/nnet_dense_latency.h:42->firmware/nnet_utils/nnet_dense_stream.h:17]   --->   Operation 195 'sext' 'sext_ln73_131' <Predicate = true> <Delay = 0.00>
ST_3 : Operation 196 [1/1] (0.00ns)   --->   "%shl_ln73_43 = bitconcatenate i20 @_ssdm_op_BitConcatenate.i20.i16.i4, i16 %data_3_val4_read, i4 0" [firmware/nnet_utils/nnet_mult.h:73->firmware/nnet_utils/nnet_dense_latency.h:42->firmware/nnet_utils/nnet_dense_stream.h:17]   --->   Operation 196 'bitconcatenate' 'shl_ln73_43' <Predicate = true> <Delay = 0.00>
ST_3 : Operation 197 [1/1] (0.00ns)   --->   "%sext_ln73_132 = sext i20 %shl_ln73_43" [firmware/nnet_utils/nnet_mult.h:73->firmware/nnet_utils/nnet_dense_latency.h:42->firmware/nnet_utils/nnet_dense_stream.h:17]   --->   Operation 197 'sext' 'sext_ln73_132' <Predicate = true> <Delay = 0.00>
ST_3 : Operation 198 [1/1] (1.43ns)   --->   "%sub_ln73_25 = sub i21 %sext_ln73_126, i21 %sext_ln73_132" [firmware/nnet_utils/nnet_mult.h:73->firmware/nnet_utils/nnet_dense_latency.h:42->firmware/nnet_utils/nnet_dense_stream.h:17]   --->   Operation 198 'sub' 'sub_ln73_25' <Predicate = true> <Delay = 1.43> <CoreInst = "Adder">   --->   Core 1 'Adder' <Latency = 0> <II = 1> <Delay = 1.43> <FuncUnit> <Opcode : 'add' 'sub'> <InPorts = 2> <OutPorts = 1>
ST_3 : Operation 199 [1/1] (0.00ns)   --->   "%sext_ln73_133 = sext i21 %sub_ln73_25" [firmware/nnet_utils/nnet_mult.h:73->firmware/nnet_utils/nnet_dense_latency.h:42->firmware/nnet_utils/nnet_dense_stream.h:17]   --->   Operation 199 'sext' 'sext_ln73_133' <Predicate = true> <Delay = 0.00>
ST_3 : Operation 200 [1/1] (3.57ns)   --->   "%mul_ln73_215 = mul i26 %sext_ln70_85, i26 294" [firmware/nnet_utils/nnet_mult.h:73->firmware/nnet_utils/nnet_dense_latency.h:42->firmware/nnet_utils/nnet_dense_stream.h:17]   --->   Operation 200 'mul' 'mul_ln73_215' <Predicate = true> <Delay = 3.57> <CoreInst = "Multiplier">   --->   Core 3 'Multiplier' <Latency = 0> <II = 1> <Delay = 3.57> <FuncUnit> <Opcode : 'mul'> <InPorts = 2> <OutPorts = 1>
ST_3 : Operation 201 [1/1] (3.57ns)   --->   "%mul_ln73_217 = mul i26 %sext_ln70_85, i26 67108529" [firmware/nnet_utils/nnet_mult.h:73->firmware/nnet_utils/nnet_dense_latency.h:42->firmware/nnet_utils/nnet_dense_stream.h:17]   --->   Operation 201 'mul' 'mul_ln73_217' <Predicate = true> <Delay = 3.57> <CoreInst = "Multiplier">   --->   Core 3 'Multiplier' <Latency = 0> <II = 1> <Delay = 3.57> <FuncUnit> <Opcode : 'mul'> <InPorts = 2> <OutPorts = 1>
ST_3 : Operation 202 [1/1] (3.57ns)   --->   "%mul_ln73_218 = mul i26 %sext_ln70_85, i26 347" [firmware/nnet_utils/nnet_mult.h:73->firmware/nnet_utils/nnet_dense_latency.h:42->firmware/nnet_utils/nnet_dense_stream.h:17]   --->   Operation 202 'mul' 'mul_ln73_218' <Predicate = true> <Delay = 3.57> <CoreInst = "Multiplier">   --->   Core 3 'Multiplier' <Latency = 0> <II = 1> <Delay = 3.57> <FuncUnit> <Opcode : 'mul'> <InPorts = 2> <OutPorts = 1>
ST_3 : Operation 203 [1/1] (3.57ns)   --->   "%mul_ln73_219 = mul i26 %sext_ln70_85, i26 451" [firmware/nnet_utils/nnet_mult.h:73->firmware/nnet_utils/nnet_dense_latency.h:42->firmware/nnet_utils/nnet_dense_stream.h:17]   --->   Operation 203 'mul' 'mul_ln73_219' <Predicate = true> <Delay = 3.57> <CoreInst = "Multiplier">   --->   Core 3 'Multiplier' <Latency = 0> <II = 1> <Delay = 3.57> <FuncUnit> <Opcode : 'mul'> <InPorts = 2> <OutPorts = 1>
ST_3 : Operation 204 [1/1] (0.00ns)   --->   "%sext_ln70_87 = sext i19 %sub_ln73_26" [firmware/nnet_utils/nnet_mult.h:70->firmware/nnet_utils/nnet_dense_latency.h:42->firmware/nnet_utils/nnet_dense_stream.h:17]   --->   Operation 204 'sext' 'sext_ln70_87' <Predicate = true> <Delay = 0.00>
ST_3 : Operation 205 [1/1] (0.00ns)   --->   "%sext_ln70_88 = sext i16 %data_4_val5_read" [firmware/nnet_utils/nnet_mult.h:70->firmware/nnet_utils/nnet_dense_latency.h:42->firmware/nnet_utils/nnet_dense_stream.h:17]   --->   Operation 205 'sext' 'sext_ln70_88' <Predicate = true> <Delay = 0.00>
ST_3 : Operation 206 [1/1] (0.00ns)   --->   "%sext_ln73_137 = sext i24 %mul_ln73_221" [firmware/nnet_utils/nnet_mult.h:73->firmware/nnet_utils/nnet_dense_latency.h:42->firmware/nnet_utils/nnet_dense_stream.h:17]   --->   Operation 206 'sext' 'sext_ln73_137' <Predicate = true> <Delay = 0.00>
ST_3 : Operation 207 [1/1] (0.00ns)   --->   "%sext_ln73_138 = sext i23 %mul_ln73_222" [firmware/nnet_utils/nnet_mult.h:73->firmware/nnet_utils/nnet_dense_latency.h:42->firmware/nnet_utils/nnet_dense_stream.h:17]   --->   Operation 207 'sext' 'sext_ln73_138' <Predicate = true> <Delay = 0.00>
ST_3 : Operation 208 [1/1] (0.00ns)   --->   "%sext_ln73_140 = sext i23 %add_ln73" [firmware/nnet_utils/nnet_mult.h:73->firmware/nnet_utils/nnet_dense_latency.h:42->firmware/nnet_utils/nnet_dense_stream.h:17]   --->   Operation 208 'sext' 'sext_ln73_140' <Predicate = true> <Delay = 0.00>
ST_3 : Operation 209 [1/1] (0.00ns)   --->   "%sext_ln73_141 = sext i24 %mul_ln73_227" [firmware/nnet_utils/nnet_mult.h:73->firmware/nnet_utils/nnet_dense_latency.h:42->firmware/nnet_utils/nnet_dense_stream.h:17]   --->   Operation 209 'sext' 'sext_ln73_141' <Predicate = true> <Delay = 0.00>
ST_3 : Operation 210 [1/1] (0.00ns)   --->   "%shl_ln73_47 = bitconcatenate i24 @_ssdm_op_BitConcatenate.i24.i16.i8, i16 %data_4_val5_read, i8 0" [firmware/nnet_utils/nnet_mult.h:73->firmware/nnet_utils/nnet_dense_latency.h:42->firmware/nnet_utils/nnet_dense_stream.h:17]   --->   Operation 210 'bitconcatenate' 'shl_ln73_47' <Predicate = true> <Delay = 0.00>
ST_3 : Operation 211 [1/1] (0.00ns)   --->   "%sext_ln73_142 = sext i24 %shl_ln73_47" [firmware/nnet_utils/nnet_mult.h:73->firmware/nnet_utils/nnet_dense_latency.h:42->firmware/nnet_utils/nnet_dense_stream.h:17]   --->   Operation 211 'sext' 'sext_ln73_142' <Predicate = true> <Delay = 0.00>
ST_3 : Operation 212 [1/1] (0.00ns)   --->   "%shl_ln73_48 = bitconcatenate i17 @_ssdm_op_BitConcatenate.i17.i16.i1, i16 %data_4_val5_read, i1 0" [firmware/nnet_utils/nnet_mult.h:73->firmware/nnet_utils/nnet_dense_latency.h:42->firmware/nnet_utils/nnet_dense_stream.h:17]   --->   Operation 212 'bitconcatenate' 'shl_ln73_48' <Predicate = true> <Delay = 0.00>
ST_3 : Operation 213 [1/1] (0.00ns)   --->   "%sext_ln73_143 = sext i17 %shl_ln73_48" [firmware/nnet_utils/nnet_mult.h:73->firmware/nnet_utils/nnet_dense_latency.h:42->firmware/nnet_utils/nnet_dense_stream.h:17]   --->   Operation 213 'sext' 'sext_ln73_143' <Predicate = true> <Delay = 0.00>
ST_3 : Operation 214 [1/1] (0.00ns)   --->   "%sext_ln73_144 = sext i17 %shl_ln73_48" [firmware/nnet_utils/nnet_mult.h:73->firmware/nnet_utils/nnet_dense_latency.h:42->firmware/nnet_utils/nnet_dense_stream.h:17]   --->   Operation 214 'sext' 'sext_ln73_144' <Predicate = true> <Delay = 0.00>
ST_3 : Operation 215 [1/1] (0.00ns) (grouped into TernaryAdder)   --->   "%sub_ln73_27 = sub i25 %sext_ln73_142, i25 %sext_ln73_144" [firmware/nnet_utils/nnet_mult.h:73->firmware/nnet_utils/nnet_dense_latency.h:42->firmware/nnet_utils/nnet_dense_stream.h:17]   --->   Operation 215 'sub' 'sub_ln73_27' <Predicate = true> <Delay = 0.00> <CoreInst = "TAddSub">   --->   Core 10 'TAddSub' <Latency = 0> <II = 1> <Delay = 0.52> <IPBlock> <Opcode : '' 'add' 'sub'> <InPorts = 3> <OutPorts = 1> <Sync> <CReg>
ST_3 : Operation 216 [1/1] (0.00ns)   --->   "%shl_ln73_49 = bitconcatenate i23 @_ssdm_op_BitConcatenate.i23.i16.i7, i16 %data_4_val5_read, i7 0" [firmware/nnet_utils/nnet_mult.h:73->firmware/nnet_utils/nnet_dense_latency.h:42->firmware/nnet_utils/nnet_dense_stream.h:17]   --->   Operation 216 'bitconcatenate' 'shl_ln73_49' <Predicate = true> <Delay = 0.00>
ST_3 : Operation 217 [1/1] (0.00ns)   --->   "%sext_ln73_145 = sext i23 %shl_ln73_49" [firmware/nnet_utils/nnet_mult.h:73->firmware/nnet_utils/nnet_dense_latency.h:42->firmware/nnet_utils/nnet_dense_stream.h:17]   --->   Operation 217 'sext' 'sext_ln73_145' <Predicate = true> <Delay = 0.00>
ST_3 : Operation 218 [1/1] (1.44ns)   --->   "%sub_ln73_28 = sub i24 %sext_ln73_145, i24 %sext_ln73_143" [firmware/nnet_utils/nnet_mult.h:73->firmware/nnet_utils/nnet_dense_latency.h:42->firmware/nnet_utils/nnet_dense_stream.h:17]   --->   Operation 218 'sub' 'sub_ln73_28' <Predicate = true> <Delay = 1.44> <CoreInst = "Adder">   --->   Core 1 'Adder' <Latency = 0> <II = 1> <Delay = 1.45> <FuncUnit> <Opcode : 'add' 'sub'> <InPorts = 2> <OutPorts = 1>
ST_3 : Operation 219 [1/1] (0.00ns)   --->   "%sext_ln73_146 = sext i24 %sub_ln73_28" [firmware/nnet_utils/nnet_mult.h:73->firmware/nnet_utils/nnet_dense_latency.h:42->firmware/nnet_utils/nnet_dense_stream.h:17]   --->   Operation 219 'sext' 'sext_ln73_146' <Predicate = true> <Delay = 0.00>
ST_3 : Operation 220 [1/1] (3.57ns)   --->   "%mul_ln73_228 = mul i26 %sext_ln70_88, i26 503" [firmware/nnet_utils/nnet_mult.h:73->firmware/nnet_utils/nnet_dense_latency.h:42->firmware/nnet_utils/nnet_dense_stream.h:17]   --->   Operation 220 'mul' 'mul_ln73_228' <Predicate = true> <Delay = 3.57> <CoreInst = "Multiplier">   --->   Core 3 'Multiplier' <Latency = 0> <II = 1> <Delay = 3.57> <FuncUnit> <Opcode : 'mul'> <InPorts = 2> <OutPorts = 1>
ST_3 : Operation 221 [1/1] (1.44ns)   --->   "%add_ln73_4 = add i24 %sext_ln73_145, i24 %sext_ln70_90" [firmware/nnet_utils/nnet_mult.h:73->firmware/nnet_utils/nnet_dense_latency.h:42->firmware/nnet_utils/nnet_dense_stream.h:17]   --->   Operation 221 'add' 'add_ln73_4' <Predicate = true> <Delay = 1.44> <CoreInst = "Adder">   --->   Core 1 'Adder' <Latency = 0> <II = 1> <Delay = 1.45> <FuncUnit> <Opcode : 'add' 'sub'> <InPorts = 2> <OutPorts = 1>
ST_3 : Operation 222 [1/1] (0.00ns)   --->   "%mul_ln73_233_cast = sext i25 %mul_ln73_229" [firmware/nnet_utils/nnet_mult.h:73->firmware/nnet_utils/nnet_dense_latency.h:42->firmware/nnet_utils/nnet_dense_stream.h:17]   --->   Operation 222 'sext' 'mul_ln73_233_cast' <Predicate = true> <Delay = 0.00>
ST_3 : Operation 223 [1/1] (3.57ns)   --->   "%mul_ln73_231 = mul i26 %sext_ln70_93, i26 273" [firmware/nnet_utils/nnet_mult.h:73->firmware/nnet_utils/nnet_dense_latency.h:42->firmware/nnet_utils/nnet_dense_stream.h:17]   --->   Operation 223 'mul' 'mul_ln73_231' <Predicate = true> <Delay = 3.57> <CoreInst = "Multiplier">   --->   Core 3 'Multiplier' <Latency = 0> <II = 1> <Delay = 3.57> <FuncUnit> <Opcode : 'mul'> <InPorts = 2> <OutPorts = 1>
ST_3 : Operation 224 [1/1] (0.00ns)   --->   "%sext_ln73_150 = sext i24 %mul_ln73_233" [firmware/nnet_utils/nnet_mult.h:73->firmware/nnet_utils/nnet_dense_latency.h:42->firmware/nnet_utils/nnet_dense_stream.h:17]   --->   Operation 224 'sext' 'sext_ln73_150' <Predicate = true> <Delay = 0.00>
ST_3 : Operation 225 [1/1] (3.57ns)   --->   "%mul_ln73_237 = mul i26 %sext_ln70_93, i26 67108596" [firmware/nnet_utils/nnet_mult.h:73->firmware/nnet_utils/nnet_dense_latency.h:42->firmware/nnet_utils/nnet_dense_stream.h:17]   --->   Operation 225 'mul' 'mul_ln73_237' <Predicate = true> <Delay = 3.57> <CoreInst = "Multiplier">   --->   Core 3 'Multiplier' <Latency = 0> <II = 1> <Delay = 3.57> <FuncUnit> <Opcode : 'mul'> <InPorts = 2> <OutPorts = 1>
ST_3 : Operation 226 [1/1] (3.57ns)   --->   "%mul_ln73_240 = mul i26 %sext_ln70_93, i26 67108557" [firmware/nnet_utils/nnet_mult.h:73->firmware/nnet_utils/nnet_dense_latency.h:42->firmware/nnet_utils/nnet_dense_stream.h:17]   --->   Operation 226 'mul' 'mul_ln73_240' <Predicate = true> <Delay = 3.57> <CoreInst = "Multiplier">   --->   Core 3 'Multiplier' <Latency = 0> <II = 1> <Delay = 3.57> <FuncUnit> <Opcode : 'mul'> <InPorts = 2> <OutPorts = 1>
ST_3 : Operation 227 [1/1] (0.00ns)   --->   "%shl_ln73_50 = bitconcatenate i25 @_ssdm_op_BitConcatenate.i25.i16.i9, i16 %data_5_val6_read, i9 0" [firmware/nnet_utils/nnet_mult.h:73->firmware/nnet_utils/nnet_dense_latency.h:42->firmware/nnet_utils/nnet_dense_stream.h:17]   --->   Operation 227 'bitconcatenate' 'shl_ln73_50' <Predicate = true> <Delay = 0.00>
ST_3 : Operation 228 [1/1] (0.00ns)   --->   "%sext_ln73_152 = sext i25 %shl_ln73_50" [firmware/nnet_utils/nnet_mult.h:73->firmware/nnet_utils/nnet_dense_latency.h:42->firmware/nnet_utils/nnet_dense_stream.h:17]   --->   Operation 228 'sext' 'sext_ln73_152' <Predicate = true> <Delay = 0.00>
ST_3 : Operation 229 [1/1] (0.00ns)   --->   "%shl_ln73_51 = bitconcatenate i23 @_ssdm_op_BitConcatenate.i23.i16.i7, i16 %data_5_val6_read, i7 0" [firmware/nnet_utils/nnet_mult.h:73->firmware/nnet_utils/nnet_dense_latency.h:42->firmware/nnet_utils/nnet_dense_stream.h:17]   --->   Operation 229 'bitconcatenate' 'shl_ln73_51' <Predicate = true> <Delay = 0.00>
ST_3 : Operation 230 [1/1] (0.00ns)   --->   "%sext_ln73_153 = sext i23 %shl_ln73_51" [firmware/nnet_utils/nnet_mult.h:73->firmware/nnet_utils/nnet_dense_latency.h:42->firmware/nnet_utils/nnet_dense_stream.h:17]   --->   Operation 230 'sext' 'sext_ln73_153' <Predicate = true> <Delay = 0.00>
ST_3 : Operation 231 [1/1] (0.00ns) (grouped into TernaryAdder)   --->   "%sub_ln73_29 = sub i26 %sext_ln73_152, i26 %sext_ln73_153" [firmware/nnet_utils/nnet_mult.h:73->firmware/nnet_utils/nnet_dense_latency.h:42->firmware/nnet_utils/nnet_dense_stream.h:17]   --->   Operation 231 'sub' 'sub_ln73_29' <Predicate = true> <Delay = 0.00> <CoreInst = "TAddSub">   --->   Core 10 'TAddSub' <Latency = 0> <II = 1> <Delay = 0.52> <IPBlock> <Opcode : '' 'add' 'sub'> <InPorts = 3> <OutPorts = 1> <Sync> <CReg>
ST_3 : Operation 232 [1/1] (0.00ns)   --->   "%sext_ln73_154 = sext i25 %mul_ln73_241" [firmware/nnet_utils/nnet_mult.h:73->firmware/nnet_utils/nnet_dense_latency.h:42->firmware/nnet_utils/nnet_dense_stream.h:17]   --->   Operation 232 'sext' 'sext_ln73_154' <Predicate = true> <Delay = 0.00>
ST_3 : Operation 233 [1/1] (3.57ns)   --->   "%mul_ln73_242 = mul i26 %sext_ln70_93, i26 464" [firmware/nnet_utils/nnet_mult.h:73->firmware/nnet_utils/nnet_dense_latency.h:42->firmware/nnet_utils/nnet_dense_stream.h:17]   --->   Operation 233 'mul' 'mul_ln73_242' <Predicate = true> <Delay = 3.57> <CoreInst = "Multiplier">   --->   Core 3 'Multiplier' <Latency = 0> <II = 1> <Delay = 3.57> <FuncUnit> <Opcode : 'mul'> <InPorts = 2> <OutPorts = 1>
ST_3 : Operation 234 [1/1] (0.00ns)   --->   "%sext_ln70_95 = sext i16 %data_6_val7_read" [firmware/nnet_utils/nnet_mult.h:70->firmware/nnet_utils/nnet_dense_latency.h:42->firmware/nnet_utils/nnet_dense_stream.h:17]   --->   Operation 234 'sext' 'sext_ln70_95' <Predicate = true> <Delay = 0.00>
ST_3 : Operation 235 [1/1] (3.57ns)   --->   "%mul_ln73_244 = mul i25 %sext_ln70_98, i25 232" [firmware/nnet_utils/nnet_mult.h:73->firmware/nnet_utils/nnet_dense_latency.h:42->firmware/nnet_utils/nnet_dense_stream.h:17]   --->   Operation 235 'mul' 'mul_ln73_244' <Predicate = true> <Delay = 3.57> <CoreInst = "Multiplier">   --->   Core 3 'Multiplier' <Latency = 0> <II = 1> <Delay = 3.57> <FuncUnit> <Opcode : 'mul'> <InPorts = 2> <OutPorts = 1>
ST_3 : Operation 236 [1/1] (3.57ns)   --->   "%mul_ln73_246 = mul i26 %sext_ln70_97, i26 279" [firmware/nnet_utils/nnet_mult.h:73->firmware/nnet_utils/nnet_dense_latency.h:42->firmware/nnet_utils/nnet_dense_stream.h:17]   --->   Operation 236 'mul' 'mul_ln73_246' <Predicate = true> <Delay = 3.57> <CoreInst = "Multiplier">   --->   Core 3 'Multiplier' <Latency = 0> <II = 1> <Delay = 3.57> <FuncUnit> <Opcode : 'mul'> <InPorts = 2> <OutPorts = 1>
ST_3 : Operation 237 [1/1] (0.00ns)   --->   "%sext_ln73_156 = sext i24 %mul_ln73_248" [firmware/nnet_utils/nnet_mult.h:73->firmware/nnet_utils/nnet_dense_latency.h:42->firmware/nnet_utils/nnet_dense_stream.h:17]   --->   Operation 237 'sext' 'sext_ln73_156' <Predicate = true> <Delay = 0.00>
ST_3 : Operation 238 [1/1] (3.57ns)   --->   "%mul_ln73_249 = mul i25 %sext_ln70_98, i25 33554093" [firmware/nnet_utils/nnet_mult.h:73->firmware/nnet_utils/nnet_dense_latency.h:42->firmware/nnet_utils/nnet_dense_stream.h:17]   --->   Operation 238 'mul' 'mul_ln73_249' <Predicate = true> <Delay = 3.57> <CoreInst = "Multiplier">   --->   Core 3 'Multiplier' <Latency = 0> <II = 1> <Delay = 3.57> <FuncUnit> <Opcode : 'mul'> <InPorts = 2> <OutPorts = 1>
ST_3 : Operation 239 [1/1] (3.57ns)   --->   "%mul_ln73_252 = mul i26 %sext_ln70_97, i26 67108524" [firmware/nnet_utils/nnet_mult.h:73->firmware/nnet_utils/nnet_dense_latency.h:42->firmware/nnet_utils/nnet_dense_stream.h:17]   --->   Operation 239 'mul' 'mul_ln73_252' <Predicate = true> <Delay = 3.57> <CoreInst = "Multiplier">   --->   Core 3 'Multiplier' <Latency = 0> <II = 1> <Delay = 3.57> <FuncUnit> <Opcode : 'mul'> <InPorts = 2> <OutPorts = 1>
ST_3 : Operation 240 [1/1] (3.57ns)   --->   "%mul_ln73_253 = mul i26 %sext_ln70_97, i26 487" [firmware/nnet_utils/nnet_mult.h:73->firmware/nnet_utils/nnet_dense_latency.h:42->firmware/nnet_utils/nnet_dense_stream.h:17]   --->   Operation 240 'mul' 'mul_ln73_253' <Predicate = true> <Delay = 3.57> <CoreInst = "Multiplier">   --->   Core 3 'Multiplier' <Latency = 0> <II = 1> <Delay = 3.57> <FuncUnit> <Opcode : 'mul'> <InPorts = 2> <OutPorts = 1>
ST_3 : Operation 241 [1/1] (0.00ns)   --->   "%shl_ln73_52 = bitconcatenate i23 @_ssdm_op_BitConcatenate.i23.i16.i7, i16 %data_6_val7_read, i7 0" [firmware/nnet_utils/nnet_mult.h:73->firmware/nnet_utils/nnet_dense_latency.h:42->firmware/nnet_utils/nnet_dense_stream.h:17]   --->   Operation 241 'bitconcatenate' 'shl_ln73_52' <Predicate = true> <Delay = 0.00>
ST_3 : Operation 242 [1/1] (0.00ns)   --->   "%sext_ln73_159 = sext i23 %shl_ln73_52" [firmware/nnet_utils/nnet_mult.h:73->firmware/nnet_utils/nnet_dense_latency.h:42->firmware/nnet_utils/nnet_dense_stream.h:17]   --->   Operation 242 'sext' 'sext_ln73_159' <Predicate = true> <Delay = 0.00>
ST_3 : Operation 243 [1/1] (0.00ns)   --->   "%shl_ln73_53 = bitconcatenate i18 @_ssdm_op_BitConcatenate.i18.i16.i2, i16 %data_6_val7_read, i2 0" [firmware/nnet_utils/nnet_mult.h:73->firmware/nnet_utils/nnet_dense_latency.h:42->firmware/nnet_utils/nnet_dense_stream.h:17]   --->   Operation 243 'bitconcatenate' 'shl_ln73_53' <Predicate = true> <Delay = 0.00>
ST_3 : Operation 244 [1/1] (0.00ns)   --->   "%sext_ln73_160 = sext i18 %shl_ln73_53" [firmware/nnet_utils/nnet_mult.h:73->firmware/nnet_utils/nnet_dense_latency.h:42->firmware/nnet_utils/nnet_dense_stream.h:17]   --->   Operation 244 'sext' 'sext_ln73_160' <Predicate = true> <Delay = 0.00>
ST_3 : Operation 245 [1/1] (1.44ns)   --->   "%sub_ln73_30 = sub i24 %sext_ln73_160, i24 %sext_ln73_159" [firmware/nnet_utils/nnet_mult.h:73->firmware/nnet_utils/nnet_dense_latency.h:42->firmware/nnet_utils/nnet_dense_stream.h:17]   --->   Operation 245 'sub' 'sub_ln73_30' <Predicate = true> <Delay = 1.44> <CoreInst = "Adder">   --->   Core 1 'Adder' <Latency = 0> <II = 1> <Delay = 1.45> <FuncUnit> <Opcode : 'add' 'sub'> <InPorts = 2> <OutPorts = 1>
ST_3 : Operation 246 [1/1] (0.00ns)   --->   "%sext_ln73_161 = sext i24 %sub_ln73_30" [firmware/nnet_utils/nnet_mult.h:73->firmware/nnet_utils/nnet_dense_latency.h:42->firmware/nnet_utils/nnet_dense_stream.h:17]   --->   Operation 246 'sext' 'sext_ln73_161' <Predicate = true> <Delay = 0.00>
ST_3 : Operation 247 [1/1] (3.57ns)   --->   "%mul_ln73_254 = mul i26 %sext_ln70_97, i26 353" [firmware/nnet_utils/nnet_mult.h:73->firmware/nnet_utils/nnet_dense_latency.h:42->firmware/nnet_utils/nnet_dense_stream.h:17]   --->   Operation 247 'mul' 'mul_ln73_254' <Predicate = true> <Delay = 3.57> <CoreInst = "Multiplier">   --->   Core 3 'Multiplier' <Latency = 0> <II = 1> <Delay = 3.57> <FuncUnit> <Opcode : 'mul'> <InPorts = 2> <OutPorts = 1>
ST_3 : Operation 248 [1/1] (3.57ns)   --->   "%mul_ln73_256 = mul i23 %sext_ln70_95, i23 44" [firmware/nnet_utils/nnet_mult.h:73->firmware/nnet_utils/nnet_dense_latency.h:42->firmware/nnet_utils/nnet_dense_stream.h:17]   --->   Operation 248 'mul' 'mul_ln73_256' <Predicate = true> <Delay = 3.57> <CoreInst = "Multiplier">   --->   Core 3 'Multiplier' <Latency = 0> <II = 1> <Delay = 3.57> <FuncUnit> <Opcode : 'mul'> <InPorts = 2> <OutPorts = 1>
ST_3 : Operation 249 [1/1] (0.00ns)   --->   "%shl_ln73_54 = bitconcatenate i19 @_ssdm_op_BitConcatenate.i19.i16.i3, i16 %data_7_val8_read, i3 0" [firmware/nnet_utils/nnet_mult.h:73->firmware/nnet_utils/nnet_dense_latency.h:42->firmware/nnet_utils/nnet_dense_stream.h:17]   --->   Operation 249 'bitconcatenate' 'shl_ln73_54' <Predicate = true> <Delay = 0.00>
ST_3 : Operation 250 [1/1] (0.00ns)   --->   "%sext_ln73_164 = sext i19 %shl_ln73_54" [firmware/nnet_utils/nnet_mult.h:73->firmware/nnet_utils/nnet_dense_latency.h:42->firmware/nnet_utils/nnet_dense_stream.h:17]   --->   Operation 250 'sext' 'sext_ln73_164' <Predicate = true> <Delay = 0.00>
ST_3 : Operation 251 [1/1] (0.00ns)   --->   "%sext_ln73_165 = sext i19 %shl_ln73_54" [firmware/nnet_utils/nnet_mult.h:73->firmware/nnet_utils/nnet_dense_latency.h:42->firmware/nnet_utils/nnet_dense_stream.h:17]   --->   Operation 251 'sext' 'sext_ln73_165' <Predicate = true> <Delay = 0.00>
ST_3 : Operation 252 [1/1] (0.00ns)   --->   "%shl_ln73_55 = bitconcatenate i17 @_ssdm_op_BitConcatenate.i17.i16.i1, i16 %data_7_val8_read, i1 0" [firmware/nnet_utils/nnet_mult.h:73->firmware/nnet_utils/nnet_dense_latency.h:42->firmware/nnet_utils/nnet_dense_stream.h:17]   --->   Operation 252 'bitconcatenate' 'shl_ln73_55' <Predicate = true> <Delay = 0.00>
ST_3 : Operation 253 [1/1] (0.00ns)   --->   "%sext_ln73_166 = sext i17 %shl_ln73_55" [firmware/nnet_utils/nnet_mult.h:73->firmware/nnet_utils/nnet_dense_latency.h:42->firmware/nnet_utils/nnet_dense_stream.h:17]   --->   Operation 253 'sext' 'sext_ln73_166' <Predicate = true> <Delay = 0.00>
ST_3 : Operation 254 [1/1] (1.43ns)   --->   "%sub_ln73_31 = sub i20 %sext_ln73_165, i20 %sext_ln73_166" [firmware/nnet_utils/nnet_mult.h:73->firmware/nnet_utils/nnet_dense_latency.h:42->firmware/nnet_utils/nnet_dense_stream.h:17]   --->   Operation 254 'sub' 'sub_ln73_31' <Predicate = true> <Delay = 1.43> <CoreInst = "Adder">   --->   Core 1 'Adder' <Latency = 0> <II = 1> <Delay = 1.43> <FuncUnit> <Opcode : 'add' 'sub'> <InPorts = 2> <OutPorts = 1>
ST_3 : Operation 255 [1/1] (0.00ns)   --->   "%sext_ln73_167 = sext i20 %sub_ln73_31" [firmware/nnet_utils/nnet_mult.h:73->firmware/nnet_utils/nnet_dense_latency.h:42->firmware/nnet_utils/nnet_dense_stream.h:17]   --->   Operation 255 'sext' 'sext_ln73_167' <Predicate = true> <Delay = 0.00>
ST_3 : Operation 256 [1/1] (0.00ns)   --->   "%shl_ln73_56 = bitconcatenate i22 @_ssdm_op_BitConcatenate.i22.i16.i6, i16 %data_7_val8_read, i6 0" [firmware/nnet_utils/nnet_mult.h:73->firmware/nnet_utils/nnet_dense_latency.h:42->firmware/nnet_utils/nnet_dense_stream.h:17]   --->   Operation 256 'bitconcatenate' 'shl_ln73_56' <Predicate = true> <Delay = 0.00>
ST_3 : Operation 257 [1/1] (0.00ns)   --->   "%sext_ln73_168 = sext i22 %shl_ln73_56" [firmware/nnet_utils/nnet_mult.h:73->firmware/nnet_utils/nnet_dense_latency.h:42->firmware/nnet_utils/nnet_dense_stream.h:17]   --->   Operation 257 'sext' 'sext_ln73_168' <Predicate = true> <Delay = 0.00>
ST_3 : Operation 258 [1/1] (1.44ns)   --->   "%sub_ln73_32 = sub i23 %sext_ln73_168, i23 %sext_ln73_164" [firmware/nnet_utils/nnet_mult.h:73->firmware/nnet_utils/nnet_dense_latency.h:42->firmware/nnet_utils/nnet_dense_stream.h:17]   --->   Operation 258 'sub' 'sub_ln73_32' <Predicate = true> <Delay = 1.44> <CoreInst = "Adder">   --->   Core 1 'Adder' <Latency = 0> <II = 1> <Delay = 1.44> <FuncUnit> <Opcode : 'add' 'sub'> <InPorts = 2> <OutPorts = 1>
ST_3 : Operation 259 [1/1] (0.00ns)   --->   "%sext_ln73_169 = sext i23 %sub_ln73_32" [firmware/nnet_utils/nnet_mult.h:73->firmware/nnet_utils/nnet_dense_latency.h:42->firmware/nnet_utils/nnet_dense_stream.h:17]   --->   Operation 259 'sext' 'sext_ln73_169' <Predicate = true> <Delay = 0.00>
ST_3 : Operation 260 [1/1] (3.57ns)   --->   "%mul_ln73_259 = mul i26 %sext_ln70_102, i26 290" [firmware/nnet_utils/nnet_mult.h:73->firmware/nnet_utils/nnet_dense_latency.h:42->firmware/nnet_utils/nnet_dense_stream.h:17]   --->   Operation 260 'mul' 'mul_ln73_259' <Predicate = true> <Delay = 3.57> <CoreInst = "Multiplier">   --->   Core 3 'Multiplier' <Latency = 0> <II = 1> <Delay = 3.57> <FuncUnit> <Opcode : 'mul'> <InPorts = 2> <OutPorts = 1>
ST_3 : Operation 261 [1/1] (0.00ns)   --->   "%sext_ln73_171 = sext i22 %mul_ln73_262" [firmware/nnet_utils/nnet_mult.h:73->firmware/nnet_utils/nnet_dense_latency.h:42->firmware/nnet_utils/nnet_dense_stream.h:17]   --->   Operation 261 'sext' 'sext_ln73_171' <Predicate = true> <Delay = 0.00>
ST_3 : Operation 262 [1/1] (3.57ns)   --->   "%mul_ln73_263 = mul i26 %sext_ln70_102, i26 67108575" [firmware/nnet_utils/nnet_mult.h:73->firmware/nnet_utils/nnet_dense_latency.h:42->firmware/nnet_utils/nnet_dense_stream.h:17]   --->   Operation 262 'mul' 'mul_ln73_263' <Predicate = true> <Delay = 3.57> <CoreInst = "Multiplier">   --->   Core 3 'Multiplier' <Latency = 0> <II = 1> <Delay = 3.57> <FuncUnit> <Opcode : 'mul'> <InPorts = 2> <OutPorts = 1>
ST_3 : Operation 263 [1/1] (3.57ns)   --->   "%mul_ln73_266 = mul i26 %sext_ln70_102, i26 67108591" [firmware/nnet_utils/nnet_mult.h:73->firmware/nnet_utils/nnet_dense_latency.h:42->firmware/nnet_utils/nnet_dense_stream.h:17]   --->   Operation 263 'mul' 'mul_ln73_266' <Predicate = true> <Delay = 3.57> <CoreInst = "Multiplier">   --->   Core 3 'Multiplier' <Latency = 0> <II = 1> <Delay = 3.57> <FuncUnit> <Opcode : 'mul'> <InPorts = 2> <OutPorts = 1>
ST_3 : Operation 264 [1/1] (3.57ns)   --->   "%mul_ln73_267 = mul i26 %sext_ln70_102, i26 318" [firmware/nnet_utils/nnet_mult.h:73->firmware/nnet_utils/nnet_dense_latency.h:42->firmware/nnet_utils/nnet_dense_stream.h:17]   --->   Operation 264 'mul' 'mul_ln73_267' <Predicate = true> <Delay = 3.57> <CoreInst = "Multiplier">   --->   Core 3 'Multiplier' <Latency = 0> <II = 1> <Delay = 3.57> <FuncUnit> <Opcode : 'mul'> <InPorts = 2> <OutPorts = 1>
ST_3 : Operation 265 [1/1] (3.57ns)   --->   "%mul_ln73_269 = mul i25 %sext_ln70_100, i25 33554270" [firmware/nnet_utils/nnet_mult.h:73->firmware/nnet_utils/nnet_dense_latency.h:42->firmware/nnet_utils/nnet_dense_stream.h:17]   --->   Operation 265 'mul' 'mul_ln73_269' <Predicate = true> <Delay = 3.57> <CoreInst = "Multiplier">   --->   Core 3 'Multiplier' <Latency = 0> <II = 1> <Delay = 3.57> <FuncUnit> <Opcode : 'mul'> <InPorts = 2> <OutPorts = 1>
ST_3 : Operation 266 [1/1] (3.57ns)   --->   "%mul_ln73_270 = mul i26 %sext_ln70_102, i26 67108469" [firmware/nnet_utils/nnet_mult.h:73->firmware/nnet_utils/nnet_dense_latency.h:42->firmware/nnet_utils/nnet_dense_stream.h:17]   --->   Operation 266 'mul' 'mul_ln73_270' <Predicate = true> <Delay = 3.57> <CoreInst = "Multiplier">   --->   Core 3 'Multiplier' <Latency = 0> <II = 1> <Delay = 3.57> <FuncUnit> <Opcode : 'mul'> <InPorts = 2> <OutPorts = 1>
ST_3 : Operation 267 [1/1] (0.00ns)   --->   "%sext_ln70_107 = sext i16 %data_8_val9_read" [firmware/nnet_utils/nnet_mult.h:70->firmware/nnet_utils/nnet_dense_latency.h:42->firmware/nnet_utils/nnet_dense_stream.h:17]   --->   Operation 267 'sext' 'sext_ln70_107' <Predicate = true> <Delay = 0.00>
ST_3 : Operation 268 [1/1] (3.57ns)   --->   "%mul_ln73_271 = mul i27 %sext_ln70_107, i27 574" [firmware/nnet_utils/nnet_mult.h:73->firmware/nnet_utils/nnet_dense_latency.h:42->firmware/nnet_utils/nnet_dense_stream.h:17]   --->   Operation 268 'mul' 'mul_ln73_271' <Predicate = true> <Delay = 3.57> <CoreInst = "Multiplier">   --->   Core 3 'Multiplier' <Latency = 0> <II = 1> <Delay = 3.57> <FuncUnit> <Opcode : 'mul'> <InPorts = 2> <OutPorts = 1>
ST_3 : Operation 269 [1/1] (0.00ns)   --->   "%sext_ln73_177 = sext i24 %mul_ln73_272" [firmware/nnet_utils/nnet_mult.h:73->firmware/nnet_utils/nnet_dense_latency.h:42->firmware/nnet_utils/nnet_dense_stream.h:17]   --->   Operation 269 'sext' 'sext_ln73_177' <Predicate = true> <Delay = 0.00>
ST_3 : Operation 270 [1/1] (3.57ns)   --->   "%mul_ln73_273 = mul i25 %sext_ln70_103, i25 309" [firmware/nnet_utils/nnet_mult.h:73->firmware/nnet_utils/nnet_dense_latency.h:42->firmware/nnet_utils/nnet_dense_stream.h:17]   --->   Operation 270 'mul' 'mul_ln73_273' <Predicate = true> <Delay = 3.57> <CoreInst = "Multiplier">   --->   Core 3 'Multiplier' <Latency = 0> <II = 1> <Delay = 3.57> <FuncUnit> <Opcode : 'mul'> <InPorts = 2> <OutPorts = 1>
ST_3 : Operation 271 [1/1] (3.57ns)   --->   "%mul_ln73_274 = mul i26 %sext_ln70_105, i26 67108466" [firmware/nnet_utils/nnet_mult.h:73->firmware/nnet_utils/nnet_dense_latency.h:42->firmware/nnet_utils/nnet_dense_stream.h:17]   --->   Operation 271 'mul' 'mul_ln73_274' <Predicate = true> <Delay = 3.57> <CoreInst = "Multiplier">   --->   Core 3 'Multiplier' <Latency = 0> <II = 1> <Delay = 3.57> <FuncUnit> <Opcode : 'mul'> <InPorts = 2> <OutPorts = 1>
ST_3 : Operation 272 [1/1] (3.57ns)   --->   "%mul_ln73_275 = mul i26 %sext_ln70_105, i26 298" [firmware/nnet_utils/nnet_mult.h:73->firmware/nnet_utils/nnet_dense_latency.h:42->firmware/nnet_utils/nnet_dense_stream.h:17]   --->   Operation 272 'mul' 'mul_ln73_275' <Predicate = true> <Delay = 3.57> <CoreInst = "Multiplier">   --->   Core 3 'Multiplier' <Latency = 0> <II = 1> <Delay = 3.57> <FuncUnit> <Opcode : 'mul'> <InPorts = 2> <OutPorts = 1>
ST_3 : Operation 273 [1/1] (3.57ns)   --->   "%mul_ln73_278 = mul i26 %sext_ln70_105, i26 67108405" [firmware/nnet_utils/nnet_mult.h:73->firmware/nnet_utils/nnet_dense_latency.h:42->firmware/nnet_utils/nnet_dense_stream.h:17]   --->   Operation 273 'mul' 'mul_ln73_278' <Predicate = true> <Delay = 3.57> <CoreInst = "Multiplier">   --->   Core 3 'Multiplier' <Latency = 0> <II = 1> <Delay = 3.57> <FuncUnit> <Opcode : 'mul'> <InPorts = 2> <OutPorts = 1>
ST_3 : Operation 274 [1/1] (3.57ns)   --->   "%mul_ln73_279 = mul i25 %sext_ln70_103, i25 33554121" [firmware/nnet_utils/nnet_mult.h:73->firmware/nnet_utils/nnet_dense_latency.h:42->firmware/nnet_utils/nnet_dense_stream.h:17]   --->   Operation 274 'mul' 'mul_ln73_279' <Predicate = true> <Delay = 3.57> <CoreInst = "Multiplier">   --->   Core 3 'Multiplier' <Latency = 0> <II = 1> <Delay = 3.57> <FuncUnit> <Opcode : 'mul'> <InPorts = 2> <OutPorts = 1>
ST_3 : Operation 275 [1/1] (3.57ns)   --->   "%mul_ln73_281 = mul i26 %sext_ln70_105, i26 67108363" [firmware/nnet_utils/nnet_mult.h:73->firmware/nnet_utils/nnet_dense_latency.h:42->firmware/nnet_utils/nnet_dense_stream.h:17]   --->   Operation 275 'mul' 'mul_ln73_281' <Predicate = true> <Delay = 3.57> <CoreInst = "Multiplier">   --->   Core 3 'Multiplier' <Latency = 0> <II = 1> <Delay = 3.57> <FuncUnit> <Opcode : 'mul'> <InPorts = 2> <OutPorts = 1>
ST_3 : Operation 276 [1/1] (3.57ns)   --->   "%mul_ln73_283 = mul i26 %sext_ln70_105, i26 67108450" [firmware/nnet_utils/nnet_mult.h:73->firmware/nnet_utils/nnet_dense_latency.h:42->firmware/nnet_utils/nnet_dense_stream.h:17]   --->   Operation 276 'mul' 'mul_ln73_283' <Predicate = true> <Delay = 3.57> <CoreInst = "Multiplier">   --->   Core 3 'Multiplier' <Latency = 0> <II = 1> <Delay = 3.57> <FuncUnit> <Opcode : 'mul'> <InPorts = 2> <OutPorts = 1>
ST_3 : Operation 277 [1/1] (3.57ns)   --->   "%mul_ln73_284 = mul i25 %sext_ln70_103, i25 33554276" [firmware/nnet_utils/nnet_mult.h:73->firmware/nnet_utils/nnet_dense_latency.h:42->firmware/nnet_utils/nnet_dense_stream.h:17]   --->   Operation 277 'mul' 'mul_ln73_284' <Predicate = true> <Delay = 3.57> <CoreInst = "Multiplier">   --->   Core 3 'Multiplier' <Latency = 0> <II = 1> <Delay = 3.57> <FuncUnit> <Opcode : 'mul'> <InPorts = 2> <OutPorts = 1>
ST_3 : Operation 278 [1/1] (3.57ns)   --->   "%mul_ln73_285 = mul i27 %sext_ln70_107, i27 134216932" [firmware/nnet_utils/nnet_mult.h:73->firmware/nnet_utils/nnet_dense_latency.h:42->firmware/nnet_utils/nnet_dense_stream.h:17]   --->   Operation 278 'mul' 'mul_ln73_285' <Predicate = true> <Delay = 3.57> <CoreInst = "Multiplier">   --->   Core 3 'Multiplier' <Latency = 0> <II = 1> <Delay = 3.57> <FuncUnit> <Opcode : 'mul'> <InPorts = 2> <OutPorts = 1>
ST_3 : Operation 279 [1/1] (0.00ns)   --->   "%sext_ln70_109 = sext i16 %data_9_val10_read" [firmware/nnet_utils/nnet_mult.h:70->firmware/nnet_utils/nnet_dense_latency.h:42->firmware/nnet_utils/nnet_dense_stream.h:17]   --->   Operation 279 'sext' 'sext_ln70_109' <Predicate = true> <Delay = 0.00>
ST_3 : Operation 280 [1/1] (0.00ns)   --->   "%sext_ln70_112 = sext i16 %data_9_val10_read" [firmware/nnet_utils/nnet_mult.h:70->firmware/nnet_utils/nnet_dense_latency.h:42->firmware/nnet_utils/nnet_dense_stream.h:17]   --->   Operation 280 'sext' 'sext_ln70_112' <Predicate = true> <Delay = 0.00>
ST_3 : Operation 281 [1/1] (3.57ns)   --->   "%mul_ln73_287 = mul i26 %sext_ln70_111, i26 353" [firmware/nnet_utils/nnet_mult.h:73->firmware/nnet_utils/nnet_dense_latency.h:42->firmware/nnet_utils/nnet_dense_stream.h:17]   --->   Operation 281 'mul' 'mul_ln73_287' <Predicate = true> <Delay = 3.57> <CoreInst = "Multiplier">   --->   Core 3 'Multiplier' <Latency = 0> <II = 1> <Delay = 3.57> <FuncUnit> <Opcode : 'mul'> <InPorts = 2> <OutPorts = 1>
ST_3 : Operation 282 [1/1] (0.00ns)   --->   "%sext_ln73_180 = sext i23 %mul_ln73_288" [firmware/nnet_utils/nnet_mult.h:73->firmware/nnet_utils/nnet_dense_latency.h:42->firmware/nnet_utils/nnet_dense_stream.h:17]   --->   Operation 282 'sext' 'sext_ln73_180' <Predicate = true> <Delay = 0.00>
ST_3 : Operation 283 [1/1] (3.57ns)   --->   "%mul_ln73_289 = mul i26 %sext_ln70_111, i26 67108530" [firmware/nnet_utils/nnet_mult.h:73->firmware/nnet_utils/nnet_dense_latency.h:42->firmware/nnet_utils/nnet_dense_stream.h:17]   --->   Operation 283 'mul' 'mul_ln73_289' <Predicate = true> <Delay = 3.57> <CoreInst = "Multiplier">   --->   Core 3 'Multiplier' <Latency = 0> <II = 1> <Delay = 3.57> <FuncUnit> <Opcode : 'mul'> <InPorts = 2> <OutPorts = 1>
ST_3 : Operation 284 [1/1] (3.57ns)   --->   "%mul_ln73_290 = mul i27 %sext_ln70_109, i27 537" [firmware/nnet_utils/nnet_mult.h:73->firmware/nnet_utils/nnet_dense_latency.h:42->firmware/nnet_utils/nnet_dense_stream.h:17]   --->   Operation 284 'mul' 'mul_ln73_290' <Predicate = true> <Delay = 3.57> <CoreInst = "Multiplier">   --->   Core 3 'Multiplier' <Latency = 0> <II = 1> <Delay = 3.57> <FuncUnit> <Opcode : 'mul'> <InPorts = 2> <OutPorts = 1>
ST_3 : Operation 285 [1/1] (3.57ns)   --->   "%mul_ln73_292 = mul i26 %sext_ln70_111, i26 67108588" [firmware/nnet_utils/nnet_mult.h:73->firmware/nnet_utils/nnet_dense_latency.h:42->firmware/nnet_utils/nnet_dense_stream.h:17]   --->   Operation 285 'mul' 'mul_ln73_292' <Predicate = true> <Delay = 3.57> <CoreInst = "Multiplier">   --->   Core 3 'Multiplier' <Latency = 0> <II = 1> <Delay = 3.57> <FuncUnit> <Opcode : 'mul'> <InPorts = 2> <OutPorts = 1>
ST_3 : Operation 286 [1/1] (3.57ns)   --->   "%mul_ln73_293 = mul i26 %sext_ln70_111, i26 67108471" [firmware/nnet_utils/nnet_mult.h:73->firmware/nnet_utils/nnet_dense_latency.h:42->firmware/nnet_utils/nnet_dense_stream.h:17]   --->   Operation 286 'mul' 'mul_ln73_293' <Predicate = true> <Delay = 3.57> <CoreInst = "Multiplier">   --->   Core 3 'Multiplier' <Latency = 0> <II = 1> <Delay = 3.57> <FuncUnit> <Opcode : 'mul'> <InPorts = 2> <OutPorts = 1>
ST_3 : Operation 287 [1/1] (0.00ns)   --->   "%shl_ln73_57 = bitconcatenate i22 @_ssdm_op_BitConcatenate.i22.i16.i6, i16 %data_9_val10_read, i6 0" [firmware/nnet_utils/nnet_mult.h:73->firmware/nnet_utils/nnet_dense_latency.h:42->firmware/nnet_utils/nnet_dense_stream.h:17]   --->   Operation 287 'bitconcatenate' 'shl_ln73_57' <Predicate = true> <Delay = 0.00>
ST_3 : Operation 288 [1/1] (0.00ns)   --->   "%sext_ln73_183 = sext i22 %shl_ln73_57" [firmware/nnet_utils/nnet_mult.h:73->firmware/nnet_utils/nnet_dense_latency.h:42->firmware/nnet_utils/nnet_dense_stream.h:17]   --->   Operation 288 'sext' 'sext_ln73_183' <Predicate = true> <Delay = 0.00>
ST_3 : Operation 289 [1/1] (0.00ns)   --->   "%shl_ln73_58 = bitconcatenate i20 @_ssdm_op_BitConcatenate.i20.i16.i4, i16 %data_9_val10_read, i4 0" [firmware/nnet_utils/nnet_mult.h:73->firmware/nnet_utils/nnet_dense_latency.h:42->firmware/nnet_utils/nnet_dense_stream.h:17]   --->   Operation 289 'bitconcatenate' 'shl_ln73_58' <Predicate = true> <Delay = 0.00>
ST_3 : Operation 290 [1/1] (0.00ns)   --->   "%sext_ln73_184 = sext i20 %shl_ln73_58" [firmware/nnet_utils/nnet_mult.h:73->firmware/nnet_utils/nnet_dense_latency.h:42->firmware/nnet_utils/nnet_dense_stream.h:17]   --->   Operation 290 'sext' 'sext_ln73_184' <Predicate = true> <Delay = 0.00>
ST_3 : Operation 291 [1/1] (1.44ns)   --->   "%sub_ln73_33 = sub i23 %sext_ln73_184, i23 %sext_ln73_183" [firmware/nnet_utils/nnet_mult.h:73->firmware/nnet_utils/nnet_dense_latency.h:42->firmware/nnet_utils/nnet_dense_stream.h:17]   --->   Operation 291 'sub' 'sub_ln73_33' <Predicate = true> <Delay = 1.44> <CoreInst = "Adder">   --->   Core 1 'Adder' <Latency = 0> <II = 1> <Delay = 1.44> <FuncUnit> <Opcode : 'add' 'sub'> <InPorts = 2> <OutPorts = 1>
ST_3 : Operation 292 [1/1] (3.57ns)   --->   "%mul_ln73_294 = mul i26 %sext_ln70_111, i26 67108455" [firmware/nnet_utils/nnet_mult.h:73->firmware/nnet_utils/nnet_dense_latency.h:42->firmware/nnet_utils/nnet_dense_stream.h:17]   --->   Operation 292 'mul' 'mul_ln73_294' <Predicate = true> <Delay = 3.57> <CoreInst = "Multiplier">   --->   Core 3 'Multiplier' <Latency = 0> <II = 1> <Delay = 3.57> <FuncUnit> <Opcode : 'mul'> <InPorts = 2> <OutPorts = 1>
ST_3 : Operation 293 [1/1] (3.57ns)   --->   "%mul_ln73_295 = mul i26 %sext_ln70_111, i26 67108396" [firmware/nnet_utils/nnet_mult.h:73->firmware/nnet_utils/nnet_dense_latency.h:42->firmware/nnet_utils/nnet_dense_stream.h:17]   --->   Operation 293 'mul' 'mul_ln73_295' <Predicate = true> <Delay = 3.57> <CoreInst = "Multiplier">   --->   Core 3 'Multiplier' <Latency = 0> <II = 1> <Delay = 3.57> <FuncUnit> <Opcode : 'mul'> <InPorts = 2> <OutPorts = 1>
ST_3 : Operation 294 [1/1] (3.57ns)   --->   "%mul_ln73_297 = mul i25 %sext_ln70_112, i25 33554182" [firmware/nnet_utils/nnet_mult.h:73->firmware/nnet_utils/nnet_dense_latency.h:42->firmware/nnet_utils/nnet_dense_stream.h:17]   --->   Operation 294 'mul' 'mul_ln73_297' <Predicate = true> <Delay = 3.57> <CoreInst = "Multiplier">   --->   Core 3 'Multiplier' <Latency = 0> <II = 1> <Delay = 3.57> <FuncUnit> <Opcode : 'mul'> <InPorts = 2> <OutPorts = 1>
ST_3 : Operation 295 [1/1] (3.57ns)   --->   "%mul_ln73_298 = mul i25 %sext_ln70_112, i25 230" [firmware/nnet_utils/nnet_mult.h:73->firmware/nnet_utils/nnet_dense_latency.h:42->firmware/nnet_utils/nnet_dense_stream.h:17]   --->   Operation 295 'mul' 'mul_ln73_298' <Predicate = true> <Delay = 3.57> <CoreInst = "Multiplier">   --->   Core 3 'Multiplier' <Latency = 0> <II = 1> <Delay = 3.57> <FuncUnit> <Opcode : 'mul'> <InPorts = 2> <OutPorts = 1>
ST_3 : Operation 296 [1/1] (3.57ns)   --->   "%mul_ln73_299 = mul i25 %sext_ln70_112, i25 202" [firmware/nnet_utils/nnet_mult.h:73->firmware/nnet_utils/nnet_dense_latency.h:42->firmware/nnet_utils/nnet_dense_stream.h:17]   --->   Operation 296 'mul' 'mul_ln73_299' <Predicate = true> <Delay = 3.57> <CoreInst = "Multiplier">   --->   Core 3 'Multiplier' <Latency = 0> <II = 1> <Delay = 3.57> <FuncUnit> <Opcode : 'mul'> <InPorts = 2> <OutPorts = 1>
ST_3 : Operation 297 [1/1] (1.45ns)   --->   "%add_ln58 = add i25 %mul_ln73, i25 52224" [firmware/nnet_utils/nnet_dense_latency.h:58->firmware/nnet_utils/nnet_dense_stream.h:17]   --->   Operation 297 'add' 'add_ln58' <Predicate = true> <Delay = 1.45> <CoreInst = "Adder">   --->   Core 1 'Adder' <Latency = 0> <II = 1> <Delay = 1.45> <FuncUnit> <Opcode : 'add' 'sub'> <InPorts = 2> <OutPorts = 1>
ST_3 : Operation 298 [1/1] (0.00ns)   --->   "%sext_ln58_66 = sext i23 %add_ln58_196" [firmware/nnet_utils/nnet_dense_latency.h:58->firmware/nnet_utils/nnet_dense_stream.h:17]   --->   Operation 298 'sext' 'sext_ln58_66' <Predicate = true> <Delay = 0.00>
ST_3 : Operation 299 [1/1] (1.45ns)   --->   "%add_ln58_197 = add i25 %mul_ln73_177, i25 33427456" [firmware/nnet_utils/nnet_dense_latency.h:58->firmware/nnet_utils/nnet_dense_stream.h:17]   --->   Operation 299 'add' 'add_ln58_197' <Predicate = true> <Delay = 1.45> <CoreInst = "Adder">   --->   Core 1 'Adder' <Latency = 0> <II = 1> <Delay = 1.45> <FuncUnit> <Opcode : 'add' 'sub'> <InPorts = 2> <OutPorts = 1>
ST_3 : Operation 300 [1/1] (0.00ns)   --->   "%sext_ln58_67 = sext i25 %add_ln58_197" [firmware/nnet_utils/nnet_dense_latency.h:58->firmware/nnet_utils/nnet_dense_stream.h:17]   --->   Operation 300 'sext' 'sext_ln58_67' <Predicate = true> <Delay = 0.00>
ST_3 : Operation 301 [1/1] (1.44ns)   --->   "%add_ln58_198 = add i23 %mul_ln73_178, i23 53248" [firmware/nnet_utils/nnet_dense_latency.h:58->firmware/nnet_utils/nnet_dense_stream.h:17]   --->   Operation 301 'add' 'add_ln58_198' <Predicate = true> <Delay = 1.44> <CoreInst = "Adder">   --->   Core 1 'Adder' <Latency = 0> <II = 1> <Delay = 1.44> <FuncUnit> <Opcode : 'add' 'sub'> <InPorts = 2> <OutPorts = 1>
ST_3 : Operation 302 [1/1] (0.00ns) (grouped into TernaryAdder)   --->   "%add_ln58_199 = add i25 %mul_ln73_180, i25 61440" [firmware/nnet_utils/nnet_dense_latency.h:58->firmware/nnet_utils/nnet_dense_stream.h:17]   --->   Operation 302 'add' 'add_ln58_199' <Predicate = true> <Delay = 0.00> <CoreInst = "TAddSub">   --->   Core 10 'TAddSub' <Latency = 0> <II = 1> <Delay = 0.52> <IPBlock> <Opcode : '' 'add' 'sub'> <InPorts = 3> <OutPorts = 1> <Sync> <CReg>
ST_3 : Operation 303 [1/1] (1.45ns)   --->   "%add_ln58_200 = add i25 %mul_ln73_181, i25 52224" [firmware/nnet_utils/nnet_dense_latency.h:58->firmware/nnet_utils/nnet_dense_stream.h:17]   --->   Operation 303 'add' 'add_ln58_200' <Predicate = true> <Delay = 1.45> <CoreInst = "Adder">   --->   Core 1 'Adder' <Latency = 0> <II = 1> <Delay = 1.45> <FuncUnit> <Opcode : 'add' 'sub'> <InPorts = 2> <OutPorts = 1>
ST_3 : Operation 304 [1/1] (0.00ns)   --->   "%sext_ln58_70 = sext i25 %add_ln58_200" [firmware/nnet_utils/nnet_dense_latency.h:58->firmware/nnet_utils/nnet_dense_stream.h:17]   --->   Operation 304 'sext' 'sext_ln58_70' <Predicate = true> <Delay = 0.00>
ST_3 : Operation 305 [1/1] (1.45ns)   --->   "%add_ln58_201 = add i24 %mul_ln73_183, i24 126976" [firmware/nnet_utils/nnet_dense_latency.h:58->firmware/nnet_utils/nnet_dense_stream.h:17]   --->   Operation 305 'add' 'add_ln58_201' <Predicate = true> <Delay = 1.45> <CoreInst = "Adder">   --->   Core 1 'Adder' <Latency = 0> <II = 1> <Delay = 1.45> <FuncUnit> <Opcode : 'add' 'sub'> <InPorts = 2> <OutPorts = 1>
ST_3 : Operation 306 [1/1] (0.00ns)   --->   "%sext_ln58_71 = sext i24 %add_ln58_201" [firmware/nnet_utils/nnet_dense_latency.h:58->firmware/nnet_utils/nnet_dense_stream.h:17]   --->   Operation 306 'sext' 'sext_ln58_71' <Predicate = true> <Delay = 0.00>
ST_3 : Operation 307 [1/1] (0.00ns)   --->   "%sext_ln58_72 = sext i19 %add_ln58_203" [firmware/nnet_utils/nnet_dense_latency.h:58->firmware/nnet_utils/nnet_dense_stream.h:17]   --->   Operation 307 'sext' 'sext_ln58_72' <Predicate = true> <Delay = 0.00>
ST_3 : Operation 308 [1/1] (1.45ns)   --->   "%add_ln58_204 = add i25 %mul_ln73_185, i25 1024" [firmware/nnet_utils/nnet_dense_latency.h:58->firmware/nnet_utils/nnet_dense_stream.h:17]   --->   Operation 308 'add' 'add_ln58_204' <Predicate = true> <Delay = 1.45> <CoreInst = "Adder">   --->   Core 1 'Adder' <Latency = 0> <II = 1> <Delay = 1.45> <FuncUnit> <Opcode : 'add' 'sub'> <InPorts = 2> <OutPorts = 1>
ST_3 : Operation 309 [1/1] (0.00ns)   --->   "%sext_ln58_73 = sext i25 %add_ln58_204" [firmware/nnet_utils/nnet_dense_latency.h:58->firmware/nnet_utils/nnet_dense_stream.h:17]   --->   Operation 309 'sext' 'sext_ln58_73' <Predicate = true> <Delay = 0.00>
ST_3 : Operation 310 [1/1] (1.45ns)   --->   "%add_ln58_206 = add i24 %mul_ln73_187, i24 %sext_ln58_66" [firmware/nnet_utils/nnet_dense_latency.h:58->firmware/nnet_utils/nnet_dense_stream.h:17]   --->   Operation 310 'add' 'add_ln58_206' <Predicate = true> <Delay = 1.45> <CoreInst = "Adder">   --->   Core 1 'Adder' <Latency = 0> <II = 1> <Delay = 1.45> <FuncUnit> <Opcode : 'add' 'sub'> <InPorts = 2> <OutPorts = 1>
ST_3 : Operation 311 [1/1] (0.00ns)   --->   "%sext_ln58_125 = sext i24 %add_ln58_206" [firmware/nnet_utils/nnet_dense_latency.h:58->firmware/nnet_utils/nnet_dense_stream.h:17]   --->   Operation 311 'sext' 'sext_ln58_125' <Predicate = true> <Delay = 0.00>
ST_3 : Operation 312 [1/1] (1.03ns) (root node of TernaryAdder)   --->   "%add_ln58_207 = add i23 %sub_ln73_17, i23 8326144" [firmware/nnet_utils/nnet_dense_latency.h:58->firmware/nnet_utils/nnet_dense_stream.h:17]   --->   Operation 312 'add' 'add_ln58_207' <Predicate = true> <Delay = 1.03> <CoreInst = "TAddSub">   --->   Core 10 'TAddSub' <Latency = 0> <II = 1> <Delay = 0.52> <IPBlock> <Opcode : '' 'add' 'sub'> <InPorts = 3> <OutPorts = 1> <Sync> <CReg>
ST_3 : Operation 313 [1/1] (0.00ns)   --->   "%sext_ln58_126 = sext i23 %add_ln58_207" [firmware/nnet_utils/nnet_dense_latency.h:58->firmware/nnet_utils/nnet_dense_stream.h:17]   --->   Operation 313 'sext' 'sext_ln58_126' <Predicate = true> <Delay = 0.00>
ST_3 : Operation 314 [1/1] (1.45ns)   --->   "%add_ln58_208 = add i25 %sext_ln58_126, i25 %mul_ln73_175" [firmware/nnet_utils/nnet_dense_latency.h:58->firmware/nnet_utils/nnet_dense_stream.h:17]   --->   Operation 314 'add' 'add_ln58_208' <Predicate = true> <Delay = 1.45> <CoreInst = "Adder">   --->   Core 1 'Adder' <Latency = 0> <II = 1> <Delay = 1.45> <FuncUnit> <Opcode : 'add' 'sub'> <InPorts = 2> <OutPorts = 1>
ST_3 : Operation 315 [1/1] (0.00ns)   --->   "%sext_ln58_76 = sext i25 %add_ln58_208" [firmware/nnet_utils/nnet_dense_latency.h:58->firmware/nnet_utils/nnet_dense_stream.h:17]   --->   Operation 315 'sext' 'sext_ln58_76' <Predicate = true> <Delay = 0.00>
ST_3 : Operation 316 [1/1] (1.43ns)   --->   "%add_ln58_209 = add i21 %mul_ln73_189, i21 2067456" [firmware/nnet_utils/nnet_dense_latency.h:58->firmware/nnet_utils/nnet_dense_stream.h:17]   --->   Operation 316 'add' 'add_ln58_209' <Predicate = true> <Delay = 1.43> <CoreInst = "Adder">   --->   Core 1 'Adder' <Latency = 0> <II = 1> <Delay = 1.43> <FuncUnit> <Opcode : 'add' 'sub'> <InPorts = 2> <OutPorts = 1>
ST_3 : Operation 317 [1/1] (0.00ns)   --->   "%sext_ln58_127 = sext i21 %add_ln58_209" [firmware/nnet_utils/nnet_dense_latency.h:58->firmware/nnet_utils/nnet_dense_stream.h:17]   --->   Operation 317 'sext' 'sext_ln58_127' <Predicate = true> <Delay = 0.00>
ST_3 : Operation 318 [1/1] (1.45ns)   --->   "%add_ln58_210 = add i25 %sext_ln58_127, i25 %mul_ln73_176" [firmware/nnet_utils/nnet_dense_latency.h:58->firmware/nnet_utils/nnet_dense_stream.h:17]   --->   Operation 318 'add' 'add_ln58_210' <Predicate = true> <Delay = 1.45> <CoreInst = "Adder">   --->   Core 1 'Adder' <Latency = 0> <II = 1> <Delay = 1.45> <FuncUnit> <Opcode : 'add' 'sub'> <InPorts = 2> <OutPorts = 1>
ST_3 : Operation 319 [1/1] (1.45ns)   --->   "%add_ln58_212 = add i26 %sext_ln58_70, i26 %sext_ln73_112" [firmware/nnet_utils/nnet_dense_latency.h:58->firmware/nnet_utils/nnet_dense_stream.h:17]   --->   Operation 319 'add' 'add_ln58_212' <Predicate = true> <Delay = 1.45> <CoreInst = "Adder">   --->   Core 1 'Adder' <Latency = 0> <II = 1> <Delay = 1.46> <FuncUnit> <Opcode : 'add' 'sub'> <InPorts = 2> <OutPorts = 1>
ST_3 : Operation 320 [1/1] (1.04ns) (root node of TernaryAdder)   --->   "%add_ln58_213 = add i25 %sub_ln73_19, i25 %mul_ln73_182" [firmware/nnet_utils/nnet_dense_latency.h:58->firmware/nnet_utils/nnet_dense_stream.h:17]   --->   Operation 320 'add' 'add_ln58_213' <Predicate = true> <Delay = 1.04> <CoreInst = "TAddSub">   --->   Core 10 'TAddSub' <Latency = 0> <II = 1> <Delay = 0.52> <IPBlock> <Opcode : '' 'add' 'sub'> <InPorts = 3> <OutPorts = 1> <Sync> <CReg>
ST_3 : Operation 321 [1/1] (1.45ns)   --->   "%add_ln58_214 = add i25 %mul_ln73_194, i25 %sext_ln58_71" [firmware/nnet_utils/nnet_dense_latency.h:58->firmware/nnet_utils/nnet_dense_stream.h:17]   --->   Operation 321 'add' 'add_ln58_214' <Predicate = true> <Delay = 1.45> <CoreInst = "Adder">   --->   Core 1 'Adder' <Latency = 0> <II = 1> <Delay = 1.45> <FuncUnit> <Opcode : 'add' 'sub'> <InPorts = 2> <OutPorts = 1>
ST_3 : Operation 322 [1/1] (1.45ns)   --->   "%add_ln58_215 = add i25 %mul_ln73_195, i25 %sext_ln58_72" [firmware/nnet_utils/nnet_dense_latency.h:58->firmware/nnet_utils/nnet_dense_stream.h:17]   --->   Operation 322 'add' 'add_ln58_215' <Predicate = true> <Delay = 1.45> <CoreInst = "Adder">   --->   Core 1 'Adder' <Latency = 0> <II = 1> <Delay = 1.45> <FuncUnit> <Opcode : 'add' 'sub'> <InPorts = 2> <OutPorts = 1>
ST_3 : Operation 323 [1/1] (0.00ns) (grouped into TernaryAdder)   --->   "%add_ln58_216 = add i25 %mul_ln73_174, i25 %sext_ln73_106" [firmware/nnet_utils/nnet_dense_latency.h:58->firmware/nnet_utils/nnet_dense_stream.h:17]   --->   Operation 323 'add' 'add_ln58_216' <Predicate = true> <Delay = 0.00> <CoreInst = "TAddSub">   --->   Core 10 'TAddSub' <Latency = 0> <II = 1> <Delay = 0.52> <IPBlock> <Opcode : '' 'add' 'sub'> <InPorts = 3> <OutPorts = 1> <Sync> <CReg>
ST_3 : Operation 324 [1/1] (1.44ns)   --->   "%add_ln58_217 = add i22 %mul_ln73_199, i22 4110336" [firmware/nnet_utils/nnet_dense_latency.h:58->firmware/nnet_utils/nnet_dense_stream.h:17]   --->   Operation 324 'add' 'add_ln58_217' <Predicate = true> <Delay = 1.44> <CoreInst = "Adder">   --->   Core 1 'Adder' <Latency = 0> <II = 1> <Delay = 1.44> <FuncUnit> <Opcode : 'add' 'sub'> <InPorts = 2> <OutPorts = 1>
ST_3 : Operation 325 [1/1] (0.00ns)   --->   "%sext_ln58_128 = sext i22 %add_ln58_217" [firmware/nnet_utils/nnet_dense_latency.h:58->firmware/nnet_utils/nnet_dense_stream.h:17]   --->   Operation 325 'sext' 'sext_ln58_128' <Predicate = true> <Delay = 0.00>
ST_3 : Operation 326 [1/1] (1.04ns) (root node of TernaryAdder)   --->   "%add_ln58_218 = add i25 %sext_ln58_128, i25 %add_ln58_216" [firmware/nnet_utils/nnet_dense_latency.h:58->firmware/nnet_utils/nnet_dense_stream.h:17]   --->   Operation 326 'add' 'add_ln58_218' <Predicate = true> <Delay = 1.04> <CoreInst = "TAddSub">   --->   Core 10 'TAddSub' <Latency = 0> <II = 1> <Delay = 0.52> <IPBlock> <Opcode : '' 'add' 'sub'> <InPorts = 3> <OutPorts = 1> <Sync> <CReg>
ST_3 : Operation 327 [1/1] (0.00ns)   --->   "%sext_ln58_83 = sext i25 %add_ln58_218" [firmware/nnet_utils/nnet_dense_latency.h:58->firmware/nnet_utils/nnet_dense_stream.h:17]   --->   Operation 327 'sext' 'sext_ln58_83' <Predicate = true> <Delay = 0.00>
ST_3 : Operation 328 [1/1] (0.00ns) (grouped into TernaryAdder)   --->   "%add_ln58_222 = add i26 %mul_ln73_184, i26 %sext_ln73_115" [firmware/nnet_utils/nnet_dense_latency.h:58->firmware/nnet_utils/nnet_dense_stream.h:17]   --->   Operation 328 'add' 'add_ln58_222' <Predicate = true> <Delay = 0.00> <CoreInst = "TAddSub">   --->   Core 10 'TAddSub' <Latency = 0> <II = 1> <Delay = 0.52> <IPBlock> <Opcode : '' 'add' 'sub'> <InPorts = 3> <OutPorts = 1> <Sync> <CReg>
ST_3 : Operation 329 [1/1] (1.45ns)   --->   "%add_ln58_223 = add i24 %mul_ln73_209, i24 20480" [firmware/nnet_utils/nnet_dense_latency.h:58->firmware/nnet_utils/nnet_dense_stream.h:17]   --->   Operation 329 'add' 'add_ln58_223' <Predicate = true> <Delay = 1.45> <CoreInst = "Adder">   --->   Core 1 'Adder' <Latency = 0> <II = 1> <Delay = 1.45> <FuncUnit> <Opcode : 'add' 'sub'> <InPorts = 2> <OutPorts = 1>
ST_3 : Operation 330 [1/1] (0.00ns)   --->   "%sext_ln58_129 = sext i24 %add_ln58_223" [firmware/nnet_utils/nnet_dense_latency.h:58->firmware/nnet_utils/nnet_dense_stream.h:17]   --->   Operation 330 'sext' 'sext_ln58_129' <Predicate = true> <Delay = 0.00>
ST_3 : Operation 331 [1/1] (1.04ns) (root node of TernaryAdder)   --->   "%add_ln58_224 = add i26 %sext_ln58_129, i26 %add_ln58_222" [firmware/nnet_utils/nnet_dense_latency.h:58->firmware/nnet_utils/nnet_dense_stream.h:17]   --->   Operation 331 'add' 'add_ln58_224' <Predicate = true> <Delay = 1.04> <CoreInst = "TAddSub">   --->   Core 10 'TAddSub' <Latency = 0> <II = 1> <Delay = 0.52> <IPBlock> <Opcode : '' 'add' 'sub'> <InPorts = 3> <OutPorts = 1> <Sync> <CReg>
ST_3 : Operation 332 [1/1] (0.00ns) (grouped into TernaryAdder)   --->   "%add_ln58_225 = add i26 %sub_ln73_18, i26 %sext_ln58_67" [firmware/nnet_utils/nnet_dense_latency.h:58->firmware/nnet_utils/nnet_dense_stream.h:17]   --->   Operation 332 'add' 'add_ln58_225' <Predicate = true> <Delay = 0.00> <CoreInst = "TAddSub">   --->   Core 10 'TAddSub' <Latency = 0> <II = 1> <Delay = 0.52> <IPBlock> <Opcode : '' 'add' 'sub'> <InPorts = 3> <OutPorts = 1> <Sync> <CReg>
ST_3 : Operation 333 [1/1] (1.45ns)   --->   "%add_ln58_226 = add i24 %mul_ln73_201, i24 %sext_ln73_131" [firmware/nnet_utils/nnet_dense_latency.h:58->firmware/nnet_utils/nnet_dense_stream.h:17]   --->   Operation 333 'add' 'add_ln58_226' <Predicate = true> <Delay = 1.45> <CoreInst = "Adder">   --->   Core 1 'Adder' <Latency = 0> <II = 1> <Delay = 1.45> <FuncUnit> <Opcode : 'add' 'sub'> <InPorts = 2> <OutPorts = 1>
ST_3 : Operation 334 [1/1] (0.00ns)   --->   "%sext_ln58_130 = sext i24 %add_ln58_226" [firmware/nnet_utils/nnet_dense_latency.h:58->firmware/nnet_utils/nnet_dense_stream.h:17]   --->   Operation 334 'sext' 'sext_ln58_130' <Predicate = true> <Delay = 0.00>
ST_3 : Operation 335 [1/1] (1.04ns) (root node of TernaryAdder)   --->   "%add_ln58_227 = add i26 %sext_ln58_130, i26 %add_ln58_225" [firmware/nnet_utils/nnet_dense_latency.h:58->firmware/nnet_utils/nnet_dense_stream.h:17]   --->   Operation 335 'add' 'add_ln58_227' <Predicate = true> <Delay = 1.04> <CoreInst = "TAddSub">   --->   Core 10 'TAddSub' <Latency = 0> <II = 1> <Delay = 0.52> <IPBlock> <Opcode : '' 'add' 'sub'> <InPorts = 3> <OutPorts = 1> <Sync> <CReg>
ST_3 : Operation 336 [1/1] (1.04ns) (root node of TernaryAdder)   --->   "%add_ln58_229 = add i25 %add_ln58_199, i25 %sext_ln73_122" [firmware/nnet_utils/nnet_dense_latency.h:58->firmware/nnet_utils/nnet_dense_stream.h:17]   --->   Operation 336 'add' 'add_ln58_229' <Predicate = true> <Delay = 1.04> <CoreInst = "TAddSub">   --->   Core 10 'TAddSub' <Latency = 0> <II = 1> <Delay = 0.52> <IPBlock> <Opcode : '' 'add' 'sub'> <InPorts = 3> <OutPorts = 1> <Sync> <CReg>
ST_3 : Operation 337 [1/1] (1.45ns)   --->   "%add_ln58_235 = add i25 %sext_ln58_125, i25 %sext_ln73_137" [firmware/nnet_utils/nnet_dense_latency.h:58->firmware/nnet_utils/nnet_dense_stream.h:17]   --->   Operation 337 'add' 'add_ln58_235' <Predicate = true> <Delay = 1.45> <CoreInst = "Adder">   --->   Core 1 'Adder' <Latency = 0> <II = 1> <Delay = 1.45> <FuncUnit> <Opcode : 'add' 'sub'> <InPorts = 2> <OutPorts = 1>
ST_3 : Operation 338 [1/1] (1.45ns)   --->   "%add_ln58_238 = add i25 %mul_ln73_224, i25 %sext_ln73_130" [firmware/nnet_utils/nnet_dense_latency.h:58->firmware/nnet_utils/nnet_dense_stream.h:17]   --->   Operation 338 'add' 'add_ln58_238' <Predicate = true> <Delay = 1.45> <CoreInst = "Adder">   --->   Core 1 'Adder' <Latency = 0> <II = 1> <Delay = 1.45> <FuncUnit> <Opcode : 'add' 'sub'> <InPorts = 2> <OutPorts = 1>
ST_3 : Operation 339 [1/1] (0.00ns) (grouped into TernaryAdder)   --->   "%add_ln58_240 = add i26 %sext_ln58_73, i26 %mul_ln73_233_cast" [firmware/nnet_utils/nnet_dense_latency.h:58->firmware/nnet_utils/nnet_dense_stream.h:17]   --->   Operation 339 'add' 'add_ln58_240' <Predicate = true> <Delay = 0.00> <CoreInst = "TAddSub">   --->   Core 10 'TAddSub' <Latency = 0> <II = 1> <Delay = 0.52> <IPBlock> <Opcode : '' 'add' 'sub'> <InPorts = 3> <OutPorts = 1> <Sync> <CReg>
ST_3 : Operation 340 [1/1] (1.44ns)   --->   "%add_ln58_241 = add i22 %mul_ln70, i22 %sext_ln70_87" [firmware/nnet_utils/nnet_dense_latency.h:58->firmware/nnet_utils/nnet_dense_stream.h:17]   --->   Operation 340 'add' 'add_ln58_241' <Predicate = true> <Delay = 1.44> <CoreInst = "Adder">   --->   Core 1 'Adder' <Latency = 0> <II = 1> <Delay = 1.44> <FuncUnit> <Opcode : 'add' 'sub'> <InPorts = 2> <OutPorts = 1>
ST_3 : Operation 341 [1/1] (0.00ns)   --->   "%sext_ln58_136 = sext i22 %add_ln58_241" [firmware/nnet_utils/nnet_dense_latency.h:58->firmware/nnet_utils/nnet_dense_stream.h:17]   --->   Operation 341 'sext' 'sext_ln58_136' <Predicate = true> <Delay = 0.00>
ST_3 : Operation 342 [1/1] (1.03ns) (root node of TernaryAdder)   --->   "%add_ln58_242 = add i24 %sext_ln58_136, i24 %sub_ln73_20" [firmware/nnet_utils/nnet_dense_latency.h:58->firmware/nnet_utils/nnet_dense_stream.h:17]   --->   Operation 342 'add' 'add_ln58_242' <Predicate = true> <Delay = 1.03> <CoreInst = "TAddSub">   --->   Core 10 'TAddSub' <Latency = 0> <II = 1> <Delay = 0.52> <IPBlock> <Opcode : '' 'add' 'sub'> <InPorts = 3> <OutPorts = 1> <Sync> <CReg>
ST_3 : Operation 343 [1/1] (0.00ns)   --->   "%sext_ln58_137 = sext i24 %add_ln58_242" [firmware/nnet_utils/nnet_dense_latency.h:58->firmware/nnet_utils/nnet_dense_stream.h:17]   --->   Operation 343 'sext' 'sext_ln58_137' <Predicate = true> <Delay = 0.00>
ST_3 : Operation 344 [1/1] (1.04ns) (root node of TernaryAdder)   --->   "%add_ln58_243 = add i26 %sext_ln58_137, i26 %add_ln58_240" [firmware/nnet_utils/nnet_dense_latency.h:58->firmware/nnet_utils/nnet_dense_stream.h:17]   --->   Operation 344 'add' 'add_ln58_243' <Predicate = true> <Delay = 1.04> <CoreInst = "TAddSub">   --->   Core 10 'TAddSub' <Latency = 0> <II = 1> <Delay = 0.52> <IPBlock> <Opcode : '' 'add' 'sub'> <InPorts = 3> <OutPorts = 1> <Sync> <CReg>
ST_3 : Operation 345 [1/1] (1.45ns)   --->   "%add_ln58_245 = add i25 %mul_ln73_220, i25 %mul_ln73_230" [firmware/nnet_utils/nnet_dense_latency.h:58->firmware/nnet_utils/nnet_dense_stream.h:17]   --->   Operation 345 'add' 'add_ln58_245' <Predicate = true> <Delay = 1.45> <CoreInst = "Adder">   --->   Core 1 'Adder' <Latency = 0> <II = 1> <Delay = 1.45> <FuncUnit> <Opcode : 'add' 'sub'> <InPorts = 2> <OutPorts = 1>
ST_3 : Operation 346 [1/1] (0.00ns)   --->   "%sext_ln58_138 = sext i25 %add_ln58_245" [firmware/nnet_utils/nnet_dense_latency.h:58->firmware/nnet_utils/nnet_dense_stream.h:17]   --->   Operation 346 'sext' 'sext_ln58_138' <Predicate = true> <Delay = 0.00>
ST_3 : Operation 347 [1/1] (1.45ns)   --->   "%add_ln58_246 = add i26 %sext_ln58_138, i26 %sext_ln73_124" [firmware/nnet_utils/nnet_dense_latency.h:58->firmware/nnet_utils/nnet_dense_stream.h:17]   --->   Operation 347 'add' 'add_ln58_246' <Predicate = true> <Delay = 1.45> <CoreInst = "Adder">   --->   Core 1 'Adder' <Latency = 0> <II = 1> <Delay = 1.46> <FuncUnit> <Opcode : 'add' 'sub'> <InPorts = 2> <OutPorts = 1>
ST_3 : Operation 348 [1/1] (0.00ns) (grouped into TernaryAdder)   --->   "%add_ln58_248 = add i26 %mul_ln73_232, i26 %sext_ln58_83" [firmware/nnet_utils/nnet_dense_latency.h:58->firmware/nnet_utils/nnet_dense_stream.h:17]   --->   Operation 348 'add' 'add_ln58_248' <Predicate = true> <Delay = 0.00> <CoreInst = "TAddSub">   --->   Core 10 'TAddSub' <Latency = 0> <II = 1> <Delay = 0.52> <IPBlock> <Opcode : '' 'add' 'sub'> <InPorts = 3> <OutPorts = 1> <Sync> <CReg>
ST_3 : Operation 349 [1/1] (1.03ns) (root node of TernaryAdder)   --->   "%add_ln58_249 = add i24 %sub_ln73_22, i24 %sext_ln73_138" [firmware/nnet_utils/nnet_dense_latency.h:58->firmware/nnet_utils/nnet_dense_stream.h:17]   --->   Operation 349 'add' 'add_ln58_249' <Predicate = true> <Delay = 1.03> <CoreInst = "TAddSub">   --->   Core 10 'TAddSub' <Latency = 0> <II = 1> <Delay = 0.52> <IPBlock> <Opcode : '' 'add' 'sub'> <InPorts = 3> <OutPorts = 1> <Sync> <CReg>
ST_3 : Operation 350 [1/1] (0.00ns)   --->   "%sext_ln58_140 = sext i24 %add_ln58_249" [firmware/nnet_utils/nnet_dense_latency.h:58->firmware/nnet_utils/nnet_dense_stream.h:17]   --->   Operation 350 'sext' 'sext_ln58_140' <Predicate = true> <Delay = 0.00>
ST_3 : Operation 351 [1/1] (1.04ns) (root node of TernaryAdder)   --->   "%add_ln58_250 = add i26 %sext_ln58_140, i26 %add_ln58_248" [firmware/nnet_utils/nnet_dense_latency.h:58->firmware/nnet_utils/nnet_dense_stream.h:17]   --->   Operation 351 'add' 'add_ln58_250' <Predicate = true> <Delay = 1.04> <CoreInst = "TAddSub">   --->   Core 10 'TAddSub' <Latency = 0> <II = 1> <Delay = 0.52> <IPBlock> <Opcode : '' 'add' 'sub'> <InPorts = 3> <OutPorts = 1> <Sync> <CReg>
ST_3 : Operation 352 [1/1] (1.45ns)   --->   "%add_ln58_252 = add i24 %mul_ln73_216, i24 %mul_ln73_239" [firmware/nnet_utils/nnet_dense_latency.h:58->firmware/nnet_utils/nnet_dense_stream.h:17]   --->   Operation 352 'add' 'add_ln58_252' <Predicate = true> <Delay = 1.45> <CoreInst = "Adder">   --->   Core 1 'Adder' <Latency = 0> <II = 1> <Delay = 1.45> <FuncUnit> <Opcode : 'add' 'sub'> <InPorts = 2> <OutPorts = 1>
ST_3 : Operation 353 [1/1] (0.00ns)   --->   "%sext_ln58_141 = sext i24 %add_ln58_252" [firmware/nnet_utils/nnet_dense_latency.h:58->firmware/nnet_utils/nnet_dense_stream.h:17]   --->   Operation 353 'sext' 'sext_ln58_141' <Predicate = true> <Delay = 0.00>
ST_3 : Operation 354 [1/1] (1.04ns) (root node of TernaryAdder)   --->   "%add_ln58_253 = add i25 %sext_ln58_141, i25 %sub_ln73_27" [firmware/nnet_utils/nnet_dense_latency.h:58->firmware/nnet_utils/nnet_dense_stream.h:17]   --->   Operation 354 'add' 'add_ln58_253' <Predicate = true> <Delay = 1.04> <CoreInst = "TAddSub">   --->   Core 10 'TAddSub' <Latency = 0> <II = 1> <Delay = 0.52> <IPBlock> <Opcode : '' 'add' 'sub'> <InPorts = 3> <OutPorts = 1> <Sync> <CReg>
ST_3 : Operation 355 [1/1] (1.04ns) (root node of TernaryAdder)   --->   "%add_ln58_255 = add i26 %sub_ln73_29, i26 %sext_ln73_146" [firmware/nnet_utils/nnet_dense_latency.h:58->firmware/nnet_utils/nnet_dense_stream.h:17]   --->   Operation 355 'add' 'add_ln58_255' <Predicate = true> <Delay = 1.04> <CoreInst = "TAddSub">   --->   Core 10 'TAddSub' <Latency = 0> <II = 1> <Delay = 0.52> <IPBlock> <Opcode : '' 'add' 'sub'> <InPorts = 3> <OutPorts = 1> <Sync> <CReg>
ST_3 : Operation 356 [1/1] (1.45ns)   --->   "%add_ln58_260 = add i25 %mul_ln73_212, i25 %sext_ln73_150" [firmware/nnet_utils/nnet_dense_latency.h:58->firmware/nnet_utils/nnet_dense_stream.h:17]   --->   Operation 356 'add' 'add_ln58_260' <Predicate = true> <Delay = 1.45> <CoreInst = "Adder">   --->   Core 1 'Adder' <Latency = 0> <II = 1> <Delay = 1.45> <FuncUnit> <Opcode : 'add' 'sub'> <InPorts = 2> <OutPorts = 1>
ST_3 : Operation 357 [1/1] (0.00ns)   --->   "%sext_ln58_145 = sext i25 %add_ln58_260" [firmware/nnet_utils/nnet_dense_latency.h:58->firmware/nnet_utils/nnet_dense_stream.h:17]   --->   Operation 357 'sext' 'sext_ln58_145' <Predicate = true> <Delay = 0.00>
ST_3 : Operation 358 [1/1] (0.00ns) (grouped into TernaryAdder)   --->   "%add_ln58_261 = add i26 %sext_ln58_145, i26 %sext_ln58_76" [firmware/nnet_utils/nnet_dense_latency.h:58->firmware/nnet_utils/nnet_dense_stream.h:17]   --->   Operation 358 'add' 'add_ln58_261' <Predicate = true> <Delay = 0.00> <CoreInst = "TAddSub">   --->   Core 10 'TAddSub' <Latency = 0> <II = 1> <Delay = 0.52> <IPBlock> <Opcode : '' 'add' 'sub'> <InPorts = 3> <OutPorts = 1> <Sync> <CReg>
ST_3 : Operation 359 [1/1] (0.00ns)   --->   "%sext_ln58_146 = sext i23 %add_ln58_262" [firmware/nnet_utils/nnet_dense_latency.h:58->firmware/nnet_utils/nnet_dense_stream.h:17]   --->   Operation 359 'sext' 'sext_ln58_146' <Predicate = true> <Delay = 0.00>
ST_3 : Operation 360 [1/1] (1.45ns)   --->   "%add_ln58_263 = add i24 %sext_ln58_146, i24 %mul_ln73_247" [firmware/nnet_utils/nnet_dense_latency.h:58->firmware/nnet_utils/nnet_dense_stream.h:17]   --->   Operation 360 'add' 'add_ln58_263' <Predicate = true> <Delay = 1.45> <CoreInst = "Adder">   --->   Core 1 'Adder' <Latency = 0> <II = 1> <Delay = 1.45> <FuncUnit> <Opcode : 'add' 'sub'> <InPorts = 2> <OutPorts = 1>
ST_3 : Operation 361 [1/1] (0.00ns)   --->   "%sext_ln58_147 = sext i24 %add_ln58_263" [firmware/nnet_utils/nnet_dense_latency.h:58->firmware/nnet_utils/nnet_dense_stream.h:17]   --->   Operation 361 'sext' 'sext_ln58_147' <Predicate = true> <Delay = 0.00>
ST_3 : Operation 362 [1/1] (1.04ns) (root node of TernaryAdder)   --->   "%add_ln58_264 = add i26 %sext_ln58_147, i26 %add_ln58_261" [firmware/nnet_utils/nnet_dense_latency.h:58->firmware/nnet_utils/nnet_dense_stream.h:17]   --->   Operation 362 'add' 'add_ln58_264' <Predicate = true> <Delay = 1.04> <CoreInst = "TAddSub">   --->   Core 10 'TAddSub' <Latency = 0> <II = 1> <Delay = 0.52> <IPBlock> <Opcode : '' 'add' 'sub'> <InPorts = 3> <OutPorts = 1> <Sync> <CReg>
ST_3 : Operation 363 [1/1] (1.45ns)   --->   "%add_ln58_267 = add i24 %mul_ln73_251, i24 %sext_ln73_133" [firmware/nnet_utils/nnet_dense_latency.h:58->firmware/nnet_utils/nnet_dense_stream.h:17]   --->   Operation 363 'add' 'add_ln58_267' <Predicate = true> <Delay = 1.45> <CoreInst = "Adder">   --->   Core 1 'Adder' <Latency = 0> <II = 1> <Delay = 1.45> <FuncUnit> <Opcode : 'add' 'sub'> <InPorts = 2> <OutPorts = 1>
ST_3 : Operation 364 [1/1] (1.45ns)   --->   "%add_ln58_271 = add i25 %mul_ln73_226, i25 %sext_ln73_161" [firmware/nnet_utils/nnet_dense_latency.h:58->firmware/nnet_utils/nnet_dense_stream.h:17]   --->   Operation 364 'add' 'add_ln58_271' <Predicate = true> <Delay = 1.45> <CoreInst = "Adder">   --->   Core 1 'Adder' <Latency = 0> <II = 1> <Delay = 1.45> <FuncUnit> <Opcode : 'add' 'sub'> <InPorts = 2> <OutPorts = 1>
ST_3 : Operation 365 [1/1] (1.46ns)   --->   "%add_ln58_274 = add i26 %mul_ln73_243, i26 %mul_ln73_257" [firmware/nnet_utils/nnet_dense_latency.h:58->firmware/nnet_utils/nnet_dense_stream.h:17]   --->   Operation 365 'add' 'add_ln58_274' <Predicate = true> <Delay = 1.46> <CoreInst = "Adder">   --->   Core 1 'Adder' <Latency = 0> <II = 1> <Delay = 1.46> <FuncUnit> <Opcode : 'add' 'sub'> <InPorts = 2> <OutPorts = 1>
ST_3 : Operation 366 [1/1] (1.45ns)   --->   "%add_ln58_277 = add i25 %mul_ln73_238, i25 %sext_ln73_141" [firmware/nnet_utils/nnet_dense_latency.h:58->firmware/nnet_utils/nnet_dense_stream.h:17]   --->   Operation 366 'add' 'add_ln58_277' <Predicate = true> <Delay = 1.45> <CoreInst = "Adder">   --->   Core 1 'Adder' <Latency = 0> <II = 1> <Delay = 1.45> <FuncUnit> <Opcode : 'add' 'sub'> <InPorts = 2> <OutPorts = 1>
ST_3 : Operation 367 [1/1] (0.00ns)   --->   "%sext_ln58_154 = sext i25 %add_ln58_277" [firmware/nnet_utils/nnet_dense_latency.h:58->firmware/nnet_utils/nnet_dense_stream.h:17]   --->   Operation 367 'sext' 'sext_ln58_154' <Predicate = true> <Delay = 0.00>
ST_3 : Operation 368 [1/1] (1.46ns)   --->   "%add_ln58_278 = add i26 %sext_ln58_154, i26 %mul_ln73_264" [firmware/nnet_utils/nnet_dense_latency.h:58->firmware/nnet_utils/nnet_dense_stream.h:17]   --->   Operation 368 'add' 'add_ln58_278' <Predicate = true> <Delay = 1.46> <CoreInst = "Adder">   --->   Core 1 'Adder' <Latency = 0> <II = 1> <Delay = 1.46> <FuncUnit> <Opcode : 'add' 'sub'> <InPorts = 2> <OutPorts = 1>
ST_3 : Operation 369 [1/1] (1.45ns)   --->   "%add_ln58_281 = add i25 %mul_ln73_255, i25 %mul_ln73_268" [firmware/nnet_utils/nnet_dense_latency.h:58->firmware/nnet_utils/nnet_dense_stream.h:17]   --->   Operation 369 'add' 'add_ln58_281' <Predicate = true> <Delay = 1.45> <CoreInst = "Adder">   --->   Core 1 'Adder' <Latency = 0> <II = 1> <Delay = 1.45> <FuncUnit> <Opcode : 'add' 'sub'> <InPorts = 2> <OutPorts = 1>
ST_3 : Operation 370 [1/1] (0.00ns)   --->   "%sext_ln58_156 = sext i25 %add_ln58_281" [firmware/nnet_utils/nnet_dense_latency.h:58->firmware/nnet_utils/nnet_dense_stream.h:17]   --->   Operation 370 'sext' 'sext_ln58_156' <Predicate = true> <Delay = 0.00>
ST_3 : Operation 371 [1/1] (1.45ns)   --->   "%add_ln58_282 = add i26 %sext_ln58_156, i26 %sext_ln73_154" [firmware/nnet_utils/nnet_dense_latency.h:58->firmware/nnet_utils/nnet_dense_stream.h:17]   --->   Operation 371 'add' 'add_ln58_282' <Predicate = true> <Delay = 1.45> <CoreInst = "Adder">   --->   Core 1 'Adder' <Latency = 0> <II = 1> <Delay = 1.46> <FuncUnit> <Opcode : 'add' 'sub'> <InPorts = 2> <OutPorts = 1>
ST_3 : Operation 372 [1/1] (1.45ns)   --->   "%add_ln58_285 = add i25 %mul_ln73_258, i25 %sext_ln73_177" [firmware/nnet_utils/nnet_dense_latency.h:58->firmware/nnet_utils/nnet_dense_stream.h:17]   --->   Operation 372 'add' 'add_ln58_285' <Predicate = true> <Delay = 1.45> <CoreInst = "Adder">   --->   Core 1 'Adder' <Latency = 0> <II = 1> <Delay = 1.45> <FuncUnit> <Opcode : 'add' 'sub'> <InPorts = 2> <OutPorts = 1>
ST_3 : Operation 373 [1/1] (0.00ns)   --->   "%sext_ln58_158 = sext i25 %add_ln58_285" [firmware/nnet_utils/nnet_dense_latency.h:58->firmware/nnet_utils/nnet_dense_stream.h:17]   --->   Operation 373 'sext' 'sext_ln58_158' <Predicate = true> <Delay = 0.00>
ST_3 : Operation 374 [1/1] (1.46ns)   --->   "%add_ln58_286 = add i26 %sext_ln58_158, i26 %mul_ln73_245" [firmware/nnet_utils/nnet_dense_latency.h:58->firmware/nnet_utils/nnet_dense_stream.h:17]   --->   Operation 374 'add' 'add_ln58_286' <Predicate = true> <Delay = 1.46> <CoreInst = "Adder">   --->   Core 1 'Adder' <Latency = 0> <II = 1> <Delay = 1.46> <FuncUnit> <Opcode : 'add' 'sub'> <InPorts = 2> <OutPorts = 1>
ST_3 : Operation 375 [1/1] (0.00ns) (grouped into TernaryAdder)   --->   "%add_ln58_289 = add i25 %mul_ln73_260, i25 %sext_ln73_156" [firmware/nnet_utils/nnet_dense_latency.h:58->firmware/nnet_utils/nnet_dense_stream.h:17]   --->   Operation 375 'add' 'add_ln58_289' <Predicate = true> <Delay = 0.00> <CoreInst = "TAddSub">   --->   Core 10 'TAddSub' <Latency = 0> <II = 1> <Delay = 0.52> <IPBlock> <Opcode : '' 'add' 'sub'> <InPorts = 3> <OutPorts = 1> <Sync> <CReg>
ST_3 : Operation 376 [1/1] (1.04ns) (root node of TernaryAdder)   --->   "%add_ln58_290 = add i25 %add_ln58_289, i25 %mul_ln73_234" [firmware/nnet_utils/nnet_dense_latency.h:58->firmware/nnet_utils/nnet_dense_stream.h:17]   --->   Operation 376 'add' 'add_ln58_290' <Predicate = true> <Delay = 1.04> <CoreInst = "TAddSub">   --->   Core 10 'TAddSub' <Latency = 0> <II = 1> <Delay = 0.52> <IPBlock> <Opcode : '' 'add' 'sub'> <InPorts = 3> <OutPorts = 1> <Sync> <CReg>
ST_3 : Operation 377 [1/1] (1.45ns)   --->   "%add_ln58_292 = add i25 %mul_ln73_214, i25 %mul_ln73_225" [firmware/nnet_utils/nnet_dense_latency.h:58->firmware/nnet_utils/nnet_dense_stream.h:17]   --->   Operation 377 'add' 'add_ln58_292' <Predicate = true> <Delay = 1.45> <CoreInst = "Adder">   --->   Core 1 'Adder' <Latency = 0> <II = 1> <Delay = 1.45> <FuncUnit> <Opcode : 'add' 'sub'> <InPorts = 2> <OutPorts = 1>
ST_3 : Operation 378 [1/1] (1.45ns)   --->   "%add_ln58_294 = add i25 %mul_ln73_236, i25 %mul_ln73_250" [firmware/nnet_utils/nnet_dense_latency.h:58->firmware/nnet_utils/nnet_dense_stream.h:17]   --->   Operation 378 'add' 'add_ln58_294' <Predicate = true> <Delay = 1.45> <CoreInst = "Adder">   --->   Core 1 'Adder' <Latency = 0> <II = 1> <Delay = 1.45> <FuncUnit> <Opcode : 'add' 'sub'> <InPorts = 2> <OutPorts = 1>
ST_3 : Operation 379 [1/1] (0.00ns)   --->   "%sext_ln58_162 = sext i25 %add_ln58_294" [firmware/nnet_utils/nnet_dense_latency.h:58->firmware/nnet_utils/nnet_dense_stream.h:17]   --->   Operation 379 'sext' 'sext_ln58_162' <Predicate = true> <Delay = 0.00>
ST_3 : Operation 380 [1/1] (1.44ns)   --->   "%add_ln58_295 = add i23 %mul_ln73_277, i23 %sext_ln73_171" [firmware/nnet_utils/nnet_dense_latency.h:58->firmware/nnet_utils/nnet_dense_stream.h:17]   --->   Operation 380 'add' 'add_ln58_295' <Predicate = true> <Delay = 1.44> <CoreInst = "Adder">   --->   Core 1 'Adder' <Latency = 0> <II = 1> <Delay = 1.44> <FuncUnit> <Opcode : 'add' 'sub'> <InPorts = 2> <OutPorts = 1>
ST_3 : Operation 381 [1/1] (0.00ns)   --->   "%sext_ln58_163 = sext i23 %add_ln58_295" [firmware/nnet_utils/nnet_dense_latency.h:58->firmware/nnet_utils/nnet_dense_stream.h:17]   --->   Operation 381 'sext' 'sext_ln58_163' <Predicate = true> <Delay = 0.00>
ST_3 : Operation 382 [1/1] (1.45ns)   --->   "%add_ln58_296 = add i26 %sext_ln58_163, i26 %sext_ln58_162" [firmware/nnet_utils/nnet_dense_latency.h:58->firmware/nnet_utils/nnet_dense_stream.h:17]   --->   Operation 382 'add' 'add_ln58_296' <Predicate = true> <Delay = 1.45> <CoreInst = "Adder">   --->   Core 1 'Adder' <Latency = 0> <II = 1> <Delay = 1.46> <FuncUnit> <Opcode : 'add' 'sub'> <InPorts = 2> <OutPorts = 1>
ST_3 : Operation 383 [1/1] (1.45ns)   --->   "%add_ln58_299 = add i24 %mul_ln73_286, i24 %sext_ln73_167" [firmware/nnet_utils/nnet_dense_latency.h:58->firmware/nnet_utils/nnet_dense_stream.h:17]   --->   Operation 383 'add' 'add_ln58_299' <Predicate = true> <Delay = 1.45> <CoreInst = "Adder">   --->   Core 1 'Adder' <Latency = 0> <II = 1> <Delay = 1.45> <FuncUnit> <Opcode : 'add' 'sub'> <InPorts = 2> <OutPorts = 1>
ST_3 : Operation 384 [1/1] (1.44ns)   --->   "%add_ln58_304 = add i24 %sext_ln73_169, i24 %sext_ln73_180" [firmware/nnet_utils/nnet_dense_latency.h:58->firmware/nnet_utils/nnet_dense_stream.h:17]   --->   Operation 384 'add' 'add_ln58_304' <Predicate = true> <Delay = 1.44> <CoreInst = "Adder">   --->   Core 1 'Adder' <Latency = 0> <II = 1> <Delay = 1.45> <FuncUnit> <Opcode : 'add' 'sub'> <InPorts = 2> <OutPorts = 1>
ST_3 : Operation 385 [1/1] (1.45ns)   --->   "%add_ln58_313 = add i24 %mul_ln73_291, i24 %sext_ln73_140" [firmware/nnet_utils/nnet_dense_latency.h:58->firmware/nnet_utils/nnet_dense_stream.h:17]   --->   Operation 385 'add' 'add_ln58_313' <Predicate = true> <Delay = 1.45> <CoreInst = "Adder">   --->   Core 1 'Adder' <Latency = 0> <II = 1> <Delay = 1.45> <FuncUnit> <Opcode : 'add' 'sub'> <InPorts = 2> <OutPorts = 1>
ST_3 : Operation 386 [1/1] (0.00ns)   --->   "%sext_ln58_171 = sext i24 %add_ln58_313" [firmware/nnet_utils/nnet_dense_latency.h:58->firmware/nnet_utils/nnet_dense_stream.h:17]   --->   Operation 386 'sext' 'sext_ln58_171' <Predicate = true> <Delay = 0.00>
ST_3 : Operation 387 [1/1] (1.44ns)   --->   "%add_ln58_314 = add i23 %mul_ln73_261, i23 %mul_ln73_276" [firmware/nnet_utils/nnet_dense_latency.h:58->firmware/nnet_utils/nnet_dense_stream.h:17]   --->   Operation 387 'add' 'add_ln58_314' <Predicate = true> <Delay = 1.44> <CoreInst = "Adder">   --->   Core 1 'Adder' <Latency = 0> <II = 1> <Delay = 1.44> <FuncUnit> <Opcode : 'add' 'sub'> <InPorts = 2> <OutPorts = 1>
ST_3 : Operation 388 [1/1] (0.00ns)   --->   "%sext_ln58_172 = sext i23 %add_ln58_314" [firmware/nnet_utils/nnet_dense_latency.h:58->firmware/nnet_utils/nnet_dense_stream.h:17]   --->   Operation 388 'sext' 'sext_ln58_172' <Predicate = true> <Delay = 0.00>
ST_3 : Operation 389 [1/1] (1.45ns)   --->   "%add_ln58_315 = add i25 %sext_ln58_172, i25 %sext_ln58_171" [firmware/nnet_utils/nnet_dense_latency.h:58->firmware/nnet_utils/nnet_dense_stream.h:17]   --->   Operation 389 'add' 'add_ln58_315' <Predicate = true> <Delay = 1.45> <CoreInst = "Adder">   --->   Core 1 'Adder' <Latency = 0> <II = 1> <Delay = 1.45> <FuncUnit> <Opcode : 'add' 'sub'> <InPorts = 2> <OutPorts = 1>
ST_3 : Operation 390 [1/1] (1.45ns)   --->   "%add_ln58_324 = add i25 %mul_ln73_265, i25 %mul_ln73_280" [firmware/nnet_utils/nnet_dense_latency.h:58->firmware/nnet_utils/nnet_dense_stream.h:17]   --->   Operation 390 'add' 'add_ln58_324' <Predicate = true> <Delay = 1.45> <CoreInst = "Adder">   --->   Core 1 'Adder' <Latency = 0> <II = 1> <Delay = 1.45> <FuncUnit> <Opcode : 'add' 'sub'> <InPorts = 2> <OutPorts = 1>
ST_3 : Operation 391 [1/1] (1.46ns)   --->   "%add_ln58_331 = add i26 %mul_ln73_282, i26 %mul_ln73_296" [firmware/nnet_utils/nnet_dense_latency.h:58->firmware/nnet_utils/nnet_dense_stream.h:17]   --->   Operation 391 'add' 'add_ln58_331' <Predicate = true> <Delay = 1.46> <CoreInst = "Adder">   --->   Core 1 'Adder' <Latency = 0> <II = 1> <Delay = 1.46> <FuncUnit> <Opcode : 'add' 'sub'> <InPorts = 2> <OutPorts = 1>

State 4 <SV = 3> <Delay = 3.57>
ST_4 : Operation 392 [1/1] (0.00ns)   --->   "%specpipeline_ln33 = specpipeline void @_ssdm_op_SpecPipeline, i32 1, i32 0, i32 0, i32 0, void @empty_1" [firmware/nnet_utils/nnet_dense_latency.h:33->firmware/nnet_utils/nnet_dense_stream.h:17]   --->   Operation 392 'specpipeline' 'specpipeline_ln33' <Predicate = true> <Delay = 0.00>
ST_4 : Operation 393 [1/1] (0.00ns)   --->   "%specresourcelimit_ln33 = specresourcelimit void @_ssdm_op_SpecResourceLimit, i64 150, void @empty_3, void @empty_1, void @empty_1, void @empty_1" [firmware/nnet_utils/nnet_dense_latency.h:33->firmware/nnet_utils/nnet_dense_stream.h:17]   --->   Operation 393 'specresourcelimit' 'specresourcelimit_ln33' <Predicate = true> <Delay = 0.00>
ST_4 : Operation 394 [1/1] (0.00ns)   --->   "%sext_ln73_123 = sext i26 %mul_ln73_205" [firmware/nnet_utils/nnet_mult.h:73->firmware/nnet_utils/nnet_dense_latency.h:42->firmware/nnet_utils/nnet_dense_stream.h:17]   --->   Operation 394 'sext' 'sext_ln73_123' <Predicate = true> <Delay = 0.00>
ST_4 : Operation 395 [1/1] (0.00ns)   --->   "%sext_ln73_134 = sext i26 %mul_ln73_217" [firmware/nnet_utils/nnet_mult.h:73->firmware/nnet_utils/nnet_dense_latency.h:42->firmware/nnet_utils/nnet_dense_stream.h:17]   --->   Operation 395 'sext' 'sext_ln73_134' <Predicate = true> <Delay = 0.00>
ST_4 : Operation 396 [1/1] (0.00ns)   --->   "%shl_ln73_44 = bitconcatenate i24 @_ssdm_op_BitConcatenate.i24.i16.i8, i16 %data_3_val4_read, i8 0" [firmware/nnet_utils/nnet_mult.h:73->firmware/nnet_utils/nnet_dense_latency.h:42->firmware/nnet_utils/nnet_dense_stream.h:17]   --->   Operation 396 'bitconcatenate' 'shl_ln73_44' <Predicate = true> <Delay = 0.00>
ST_4 : Operation 397 [1/1] (0.00ns)   --->   "%sext_ln73_135 = sext i26 %mul_ln73_219" [firmware/nnet_utils/nnet_mult.h:73->firmware/nnet_utils/nnet_dense_latency.h:42->firmware/nnet_utils/nnet_dense_stream.h:17]   --->   Operation 397 'sext' 'sext_ln73_135' <Predicate = true> <Delay = 0.00>
ST_4 : Operation 398 [1/1] (0.00ns)   --->   "%sext_ln73_147 = sext i26 %mul_ln73_228" [firmware/nnet_utils/nnet_mult.h:73->firmware/nnet_utils/nnet_dense_latency.h:42->firmware/nnet_utils/nnet_dense_stream.h:17]   --->   Operation 398 'sext' 'sext_ln73_147' <Predicate = true> <Delay = 0.00>
ST_4 : Operation 399 [1/1] (0.00ns)   --->   "%sext_ln73_148 = sext i24 %add_ln73_4" [firmware/nnet_utils/nnet_mult.h:73->firmware/nnet_utils/nnet_dense_latency.h:42->firmware/nnet_utils/nnet_dense_stream.h:17]   --->   Operation 399 'sext' 'sext_ln73_148' <Predicate = true> <Delay = 0.00>
ST_4 : Operation 400 [1/1] (0.00ns)   --->   "%sext_ln73_149 = sext i26 %mul_ln73_231" [firmware/nnet_utils/nnet_mult.h:73->firmware/nnet_utils/nnet_dense_latency.h:42->firmware/nnet_utils/nnet_dense_stream.h:17]   --->   Operation 400 'sext' 'sext_ln73_149' <Predicate = true> <Delay = 0.00>
ST_4 : Operation 401 [1/1] (0.00ns)   --->   "%sext_ln73_151 = sext i24 %mul_ln73_235" [firmware/nnet_utils/nnet_mult.h:73->firmware/nnet_utils/nnet_dense_latency.h:42->firmware/nnet_utils/nnet_dense_stream.h:17]   --->   Operation 401 'sext' 'sext_ln73_151' <Predicate = true> <Delay = 0.00>
ST_4 : Operation 402 [1/1] (0.00ns)   --->   "%sext_ln73_155 = sext i26 %mul_ln73_246" [firmware/nnet_utils/nnet_mult.h:73->firmware/nnet_utils/nnet_dense_latency.h:42->firmware/nnet_utils/nnet_dense_stream.h:17]   --->   Operation 402 'sext' 'sext_ln73_155' <Predicate = true> <Delay = 0.00>
ST_4 : Operation 403 [1/1] (0.00ns)   --->   "%sext_ln73_157 = sext i26 %mul_ln73_252" [firmware/nnet_utils/nnet_mult.h:73->firmware/nnet_utils/nnet_dense_latency.h:42->firmware/nnet_utils/nnet_dense_stream.h:17]   --->   Operation 403 'sext' 'sext_ln73_157' <Predicate = true> <Delay = 0.00>
ST_4 : Operation 404 [1/1] (0.00ns)   --->   "%sext_ln73_158 = sext i26 %mul_ln73_253" [firmware/nnet_utils/nnet_mult.h:73->firmware/nnet_utils/nnet_dense_latency.h:42->firmware/nnet_utils/nnet_dense_stream.h:17]   --->   Operation 404 'sext' 'sext_ln73_158' <Predicate = true> <Delay = 0.00>
ST_4 : Operation 405 [1/1] (0.00ns)   --->   "%sext_ln73_162 = sext i26 %mul_ln73_254" [firmware/nnet_utils/nnet_mult.h:73->firmware/nnet_utils/nnet_dense_latency.h:42->firmware/nnet_utils/nnet_dense_stream.h:17]   --->   Operation 405 'sext' 'sext_ln73_162' <Predicate = true> <Delay = 0.00>
ST_4 : Operation 406 [1/1] (0.00ns)   --->   "%sext_ln73_163 = sext i23 %mul_ln73_256" [firmware/nnet_utils/nnet_mult.h:73->firmware/nnet_utils/nnet_dense_latency.h:42->firmware/nnet_utils/nnet_dense_stream.h:17]   --->   Operation 406 'sext' 'sext_ln73_163' <Predicate = true> <Delay = 0.00>
ST_4 : Operation 407 [1/1] (0.00ns)   --->   "%sext_ln73_170 = sext i26 %mul_ln73_259" [firmware/nnet_utils/nnet_mult.h:73->firmware/nnet_utils/nnet_dense_latency.h:42->firmware/nnet_utils/nnet_dense_stream.h:17]   --->   Operation 407 'sext' 'sext_ln73_170' <Predicate = true> <Delay = 0.00>
ST_4 : Operation 408 [1/1] (0.00ns)   --->   "%sext_ln73_172 = sext i26 %mul_ln73_263" [firmware/nnet_utils/nnet_mult.h:73->firmware/nnet_utils/nnet_dense_latency.h:42->firmware/nnet_utils/nnet_dense_stream.h:17]   --->   Operation 408 'sext' 'sext_ln73_172' <Predicate = true> <Delay = 0.00>
ST_4 : Operation 409 [1/1] (0.00ns)   --->   "%sext_ln73_173 = sext i26 %mul_ln73_266" [firmware/nnet_utils/nnet_mult.h:73->firmware/nnet_utils/nnet_dense_latency.h:42->firmware/nnet_utils/nnet_dense_stream.h:17]   --->   Operation 409 'sext' 'sext_ln73_173' <Predicate = true> <Delay = 0.00>
ST_4 : Operation 410 [1/1] (0.00ns)   --->   "%sext_ln73_174 = sext i26 %mul_ln73_267" [firmware/nnet_utils/nnet_mult.h:73->firmware/nnet_utils/nnet_dense_latency.h:42->firmware/nnet_utils/nnet_dense_stream.h:17]   --->   Operation 410 'sext' 'sext_ln73_174' <Predicate = true> <Delay = 0.00>
ST_4 : Operation 411 [1/1] (0.00ns)   --->   "%sext_ln73_175 = sext i25 %mul_ln73_269" [firmware/nnet_utils/nnet_mult.h:73->firmware/nnet_utils/nnet_dense_latency.h:42->firmware/nnet_utils/nnet_dense_stream.h:17]   --->   Operation 411 'sext' 'sext_ln73_175' <Predicate = true> <Delay = 0.00>
ST_4 : Operation 412 [1/1] (0.00ns)   --->   "%sext_ln73_176 = sext i27 %mul_ln73_271" [firmware/nnet_utils/nnet_mult.h:73->firmware/nnet_utils/nnet_dense_latency.h:42->firmware/nnet_utils/nnet_dense_stream.h:17]   --->   Operation 412 'sext' 'sext_ln73_176' <Predicate = true> <Delay = 0.00>
ST_4 : Operation 413 [1/1] (0.00ns)   --->   "%sext_ln73_178 = sext i26 %mul_ln73_275" [firmware/nnet_utils/nnet_mult.h:73->firmware/nnet_utils/nnet_dense_latency.h:42->firmware/nnet_utils/nnet_dense_stream.h:17]   --->   Operation 413 'sext' 'sext_ln73_178' <Predicate = true> <Delay = 0.00>
ST_4 : Operation 414 [1/1] (0.00ns)   --->   "%mul_ln73_289_cast = sext i27 %mul_ln73_285" [firmware/nnet_utils/nnet_mult.h:73->firmware/nnet_utils/nnet_dense_latency.h:42->firmware/nnet_utils/nnet_dense_stream.h:17]   --->   Operation 414 'sext' 'mul_ln73_289_cast' <Predicate = true> <Delay = 0.00>
ST_4 : Operation 415 [1/1] (0.00ns)   --->   "%sext_ln73_179 = sext i26 %mul_ln73_287" [firmware/nnet_utils/nnet_mult.h:73->firmware/nnet_utils/nnet_dense_latency.h:42->firmware/nnet_utils/nnet_dense_stream.h:17]   --->   Operation 415 'sext' 'sext_ln73_179' <Predicate = true> <Delay = 0.00>
ST_4 : Operation 416 [1/1] (0.00ns)   --->   "%sext_ln73_181 = sext i27 %mul_ln73_290" [firmware/nnet_utils/nnet_mult.h:73->firmware/nnet_utils/nnet_dense_latency.h:42->firmware/nnet_utils/nnet_dense_stream.h:17]   --->   Operation 416 'sext' 'sext_ln73_181' <Predicate = true> <Delay = 0.00>
ST_4 : Operation 417 [1/1] (0.00ns)   --->   "%sext_ln73_182 = sext i26 %mul_ln73_292" [firmware/nnet_utils/nnet_mult.h:73->firmware/nnet_utils/nnet_dense_latency.h:42->firmware/nnet_utils/nnet_dense_stream.h:17]   --->   Operation 417 'sext' 'sext_ln73_182' <Predicate = true> <Delay = 0.00>
ST_4 : Operation 418 [1/1] (0.00ns)   --->   "%sext_ln73_185 = sext i23 %sub_ln73_33" [firmware/nnet_utils/nnet_mult.h:73->firmware/nnet_utils/nnet_dense_latency.h:42->firmware/nnet_utils/nnet_dense_stream.h:17]   --->   Operation 418 'sext' 'sext_ln73_185' <Predicate = true> <Delay = 0.00>
ST_4 : Operation 419 [1/1] (0.00ns)   --->   "%sext_ln73_186 = sext i25 %mul_ln73_297" [firmware/nnet_utils/nnet_mult.h:73->firmware/nnet_utils/nnet_dense_latency.h:42->firmware/nnet_utils/nnet_dense_stream.h:17]   --->   Operation 419 'sext' 'sext_ln73_186' <Predicate = true> <Delay = 0.00>
ST_4 : Operation 420 [1/1] (0.00ns)   --->   "%sext_ln58 = sext i25 %mul_ln73_299" [firmware/nnet_utils/nnet_dense_latency.h:58->firmware/nnet_utils/nnet_dense_stream.h:17]   --->   Operation 420 'sext' 'sext_ln58' <Predicate = true> <Delay = 0.00>
ST_4 : Operation 421 [1/1] (0.00ns)   --->   "%sext_ln58_65 = sext i25 %add_ln58" [firmware/nnet_utils/nnet_dense_latency.h:58->firmware/nnet_utils/nnet_dense_stream.h:17]   --->   Operation 421 'sext' 'sext_ln58_65' <Predicate = true> <Delay = 0.00>
ST_4 : Operation 422 [1/1] (0.00ns)   --->   "%sext_ln58_68 = sext i23 %add_ln58_198" [firmware/nnet_utils/nnet_dense_latency.h:58->firmware/nnet_utils/nnet_dense_stream.h:17]   --->   Operation 422 'sext' 'sext_ln58_68' <Predicate = true> <Delay = 0.00>
ST_4 : Operation 423 [1/1] (1.46ns)   --->   "%add_ln58_205 = add i26 %mul_ln73_186, i26 %sext_ln58_65" [firmware/nnet_utils/nnet_dense_latency.h:58->firmware/nnet_utils/nnet_dense_stream.h:17]   --->   Operation 423 'add' 'add_ln58_205' <Predicate = true> <Delay = 1.46> <CoreInst = "Adder">   --->   Core 1 'Adder' <Latency = 0> <II = 1> <Delay = 1.46> <FuncUnit> <Opcode : 'add' 'sub'> <InPorts = 2> <OutPorts = 1>
ST_4 : Operation 424 [1/1] (0.00ns)   --->   "%sext_ln58_74 = sext i26 %add_ln58_205" [firmware/nnet_utils/nnet_dense_latency.h:58->firmware/nnet_utils/nnet_dense_stream.h:17]   --->   Operation 424 'sext' 'sext_ln58_74' <Predicate = true> <Delay = 0.00>
ST_4 : Operation 425 [1/1] (0.00ns)   --->   "%sext_ln58_77 = sext i25 %add_ln58_210" [firmware/nnet_utils/nnet_dense_latency.h:58->firmware/nnet_utils/nnet_dense_stream.h:17]   --->   Operation 425 'sext' 'sext_ln58_77' <Predicate = true> <Delay = 0.00>
ST_4 : Operation 426 [1/1] (1.46ns)   --->   "%add_ln58_211 = add i26 %mul_ln73_191, i26 %mul_ln73_179" [firmware/nnet_utils/nnet_dense_latency.h:58->firmware/nnet_utils/nnet_dense_stream.h:17]   --->   Operation 426 'add' 'add_ln58_211' <Predicate = true> <Delay = 1.46> <CoreInst = "Adder">   --->   Core 1 'Adder' <Latency = 0> <II = 1> <Delay = 1.46> <FuncUnit> <Opcode : 'add' 'sub'> <InPorts = 2> <OutPorts = 1>
ST_4 : Operation 427 [1/1] (0.00ns)   --->   "%sext_ln58_78 = sext i26 %add_ln58_211" [firmware/nnet_utils/nnet_dense_latency.h:58->firmware/nnet_utils/nnet_dense_stream.h:17]   --->   Operation 427 'sext' 'sext_ln58_78' <Predicate = true> <Delay = 0.00>
ST_4 : Operation 428 [1/1] (0.00ns)   --->   "%sext_ln58_79 = sext i26 %add_ln58_212" [firmware/nnet_utils/nnet_dense_latency.h:58->firmware/nnet_utils/nnet_dense_stream.h:17]   --->   Operation 428 'sext' 'sext_ln58_79' <Predicate = true> <Delay = 0.00>
ST_4 : Operation 429 [1/1] (0.00ns)   --->   "%sext_ln58_80 = sext i25 %add_ln58_213" [firmware/nnet_utils/nnet_dense_latency.h:58->firmware/nnet_utils/nnet_dense_stream.h:17]   --->   Operation 429 'sext' 'sext_ln58_80' <Predicate = true> <Delay = 0.00>
ST_4 : Operation 430 [1/1] (0.00ns)   --->   "%sext_ln58_81 = sext i25 %add_ln58_214" [firmware/nnet_utils/nnet_dense_latency.h:58->firmware/nnet_utils/nnet_dense_stream.h:17]   --->   Operation 430 'sext' 'sext_ln58_81' <Predicate = true> <Delay = 0.00>
ST_4 : Operation 431 [1/1] (0.00ns) (grouped into TernaryAdder)   --->   "%add_ln58_219 = add i26 %mul_ln73_190, i26 %sext_ln58_68" [firmware/nnet_utils/nnet_dense_latency.h:58->firmware/nnet_utils/nnet_dense_stream.h:17]   --->   Operation 431 'add' 'add_ln58_219' <Predicate = true> <Delay = 0.00> <CoreInst = "TAddSub">   --->   Core 10 'TAddSub' <Latency = 0> <II = 1> <Delay = 0.52> <IPBlock> <Opcode : '' 'add' 'sub'> <InPorts = 3> <OutPorts = 1> <Sync> <CReg>
ST_4 : Operation 432 [1/1] (1.04ns) (root node of TernaryAdder)   --->   "%add_ln58_220 = add i26 %add_ln58_219, i26 %mul_ln73_202" [firmware/nnet_utils/nnet_dense_latency.h:58->firmware/nnet_utils/nnet_dense_stream.h:17]   --->   Operation 432 'add' 'add_ln58_220' <Predicate = true> <Delay = 1.04> <CoreInst = "TAddSub">   --->   Core 10 'TAddSub' <Latency = 0> <II = 1> <Delay = 0.52> <IPBlock> <Opcode : '' 'add' 'sub'> <InPorts = 3> <OutPorts = 1> <Sync> <CReg>
ST_4 : Operation 433 [1/1] (0.00ns)   --->   "%sext_ln58_84 = sext i26 %add_ln58_220" [firmware/nnet_utils/nnet_dense_latency.h:58->firmware/nnet_utils/nnet_dense_stream.h:17]   --->   Operation 433 'sext' 'sext_ln58_84' <Predicate = true> <Delay = 0.00>
ST_4 : Operation 434 [1/1] (1.46ns)   --->   "%add_ln58_221 = add i26 %mul_ln73_206, i26 %sext_ln58_80" [firmware/nnet_utils/nnet_dense_latency.h:58->firmware/nnet_utils/nnet_dense_stream.h:17]   --->   Operation 434 'add' 'add_ln58_221' <Predicate = true> <Delay = 1.46> <CoreInst = "Adder">   --->   Core 1 'Adder' <Latency = 0> <II = 1> <Delay = 1.46> <FuncUnit> <Opcode : 'add' 'sub'> <InPorts = 2> <OutPorts = 1>
ST_4 : Operation 435 [1/1] (0.00ns)   --->   "%sext_ln58_85 = sext i26 %add_ln58_221" [firmware/nnet_utils/nnet_dense_latency.h:58->firmware/nnet_utils/nnet_dense_stream.h:17]   --->   Operation 435 'sext' 'sext_ln58_85' <Predicate = true> <Delay = 0.00>
ST_4 : Operation 436 [1/1] (0.00ns)   --->   "%sext_ln58_86 = sext i26 %add_ln58_224" [firmware/nnet_utils/nnet_dense_latency.h:58->firmware/nnet_utils/nnet_dense_stream.h:17]   --->   Operation 436 'sext' 'sext_ln58_86' <Predicate = true> <Delay = 0.00>
ST_4 : Operation 437 [1/1] (0.00ns)   --->   "%sext_ln58_87 = sext i26 %add_ln58_227" [firmware/nnet_utils/nnet_dense_latency.h:58->firmware/nnet_utils/nnet_dense_stream.h:17]   --->   Operation 437 'sext' 'sext_ln58_87' <Predicate = true> <Delay = 0.00>
ST_4 : Operation 438 [1/1] (0.00ns) (grouped into TernaryAdder)   --->   "%add_ln58_228 = add i26 %mul_ln73_215, i26 %mul_ln73_192" [firmware/nnet_utils/nnet_dense_latency.h:58->firmware/nnet_utils/nnet_dense_stream.h:17]   --->   Operation 438 'add' 'add_ln58_228' <Predicate = true> <Delay = 0.00> <CoreInst = "TAddSub">   --->   Core 10 'TAddSub' <Latency = 0> <II = 1> <Delay = 0.52> <IPBlock> <Opcode : '' 'add' 'sub'> <InPorts = 3> <OutPorts = 1> <Sync> <CReg>
ST_4 : Operation 439 [1/1] (0.00ns)   --->   "%sext_ln58_131 = sext i25 %add_ln58_229" [firmware/nnet_utils/nnet_dense_latency.h:58->firmware/nnet_utils/nnet_dense_stream.h:17]   --->   Operation 439 'sext' 'sext_ln58_131' <Predicate = true> <Delay = 0.00>
ST_4 : Operation 440 [1/1] (1.04ns) (root node of TernaryAdder)   --->   "%add_ln58_230 = add i26 %sext_ln58_131, i26 %add_ln58_228" [firmware/nnet_utils/nnet_dense_latency.h:58->firmware/nnet_utils/nnet_dense_stream.h:17]   --->   Operation 440 'add' 'add_ln58_230' <Predicate = true> <Delay = 1.04> <CoreInst = "TAddSub">   --->   Core 10 'TAddSub' <Latency = 0> <II = 1> <Delay = 0.52> <IPBlock> <Opcode : '' 'add' 'sub'> <InPorts = 3> <OutPorts = 1> <Sync> <CReg>
ST_4 : Operation 441 [1/1] (0.00ns)   --->   "%sext_ln58_88 = sext i26 %add_ln58_230" [firmware/nnet_utils/nnet_dense_latency.h:58->firmware/nnet_utils/nnet_dense_stream.h:17]   --->   Operation 441 'sext' 'sext_ln58_88' <Predicate = true> <Delay = 0.00>
ST_4 : Operation 442 [1/1] (0.00ns) (grouped into TernaryAdder)   --->   "%add_ln58_231 = add i26 %mul_ln73_207, i26 %sext_ln58_81" [firmware/nnet_utils/nnet_dense_latency.h:58->firmware/nnet_utils/nnet_dense_stream.h:17]   --->   Operation 442 'add' 'add_ln58_231' <Predicate = true> <Delay = 0.00> <CoreInst = "TAddSub">   --->   Core 10 'TAddSub' <Latency = 0> <II = 1> <Delay = 0.52> <IPBlock> <Opcode : '' 'add' 'sub'> <InPorts = 3> <OutPorts = 1> <Sync> <CReg>
ST_4 : Operation 443 [1/1] (1.04ns) (root node of TernaryAdder)   --->   "%add_ln58_232 = add i26 %add_ln58_231, i26 %mul_ln73_218" [firmware/nnet_utils/nnet_dense_latency.h:58->firmware/nnet_utils/nnet_dense_stream.h:17]   --->   Operation 443 'add' 'add_ln58_232' <Predicate = true> <Delay = 1.04> <CoreInst = "TAddSub">   --->   Core 10 'TAddSub' <Latency = 0> <II = 1> <Delay = 0.52> <IPBlock> <Opcode : '' 'add' 'sub'> <InPorts = 3> <OutPorts = 1> <Sync> <CReg>
ST_4 : Operation 444 [1/1] (0.00ns)   --->   "%sext_ln58_89 = sext i26 %add_ln58_232" [firmware/nnet_utils/nnet_dense_latency.h:58->firmware/nnet_utils/nnet_dense_stream.h:17]   --->   Operation 444 'sext' 'sext_ln58_89' <Predicate = true> <Delay = 0.00>
ST_4 : Operation 445 [1/1] (0.00ns)   --->   "%sext_ln58_132 = sext i24 %shl_ln73_44" [firmware/nnet_utils/nnet_dense_latency.h:58->firmware/nnet_utils/nnet_dense_stream.h:17]   --->   Operation 445 'sext' 'sext_ln58_132' <Predicate = true> <Delay = 0.00>
ST_4 : Operation 446 [1/1] (0.00ns)   --->   "%sext_ln58_133 = sext i25 %add_ln58_215" [firmware/nnet_utils/nnet_dense_latency.h:58->firmware/nnet_utils/nnet_dense_stream.h:17]   --->   Operation 446 'sext' 'sext_ln58_133' <Predicate = true> <Delay = 0.00>
ST_4 : Operation 447 [1/1] (0.00ns) (grouped into TernaryAdder)   --->   "%sub_ln58 = sub i26 %sext_ln58_133, i26 %sext_ln58_132" [firmware/nnet_utils/nnet_dense_latency.h:58->firmware/nnet_utils/nnet_dense_stream.h:17]   --->   Operation 447 'sub' 'sub_ln58' <Predicate = true> <Delay = 0.00> <CoreInst = "TAddSub">   --->   Core 10 'TAddSub' <Latency = 0> <II = 1> <Delay = 0.52> <IPBlock> <Opcode : '' 'add' 'sub'> <InPorts = 3> <OutPorts = 1> <Sync> <CReg>
ST_4 : Operation 448 [1/1] (1.04ns) (root node of TernaryAdder)   --->   "%add_ln58_233 = add i26 %sub_ln58, i26 %mul_ln73_208" [firmware/nnet_utils/nnet_dense_latency.h:58->firmware/nnet_utils/nnet_dense_stream.h:17]   --->   Operation 448 'add' 'add_ln58_233' <Predicate = true> <Delay = 1.04> <CoreInst = "TAddSub">   --->   Core 10 'TAddSub' <Latency = 0> <II = 1> <Delay = 0.52> <IPBlock> <Opcode : '' 'add' 'sub'> <InPorts = 3> <OutPorts = 1> <Sync> <CReg>
ST_4 : Operation 449 [1/1] (0.00ns)   --->   "%sext_ln58_90 = sext i26 %add_ln58_233" [firmware/nnet_utils/nnet_dense_latency.h:58->firmware/nnet_utils/nnet_dense_stream.h:17]   --->   Operation 449 'sext' 'sext_ln58_90' <Predicate = true> <Delay = 0.00>
ST_4 : Operation 450 [1/1] (0.00ns) (grouped into TernaryAdder)   --->   "%add_ln58_234 = add i26 %mul_ln73_211, i26 %mul_ln73_198" [firmware/nnet_utils/nnet_dense_latency.h:58->firmware/nnet_utils/nnet_dense_stream.h:17]   --->   Operation 450 'add' 'add_ln58_234' <Predicate = true> <Delay = 0.00> <CoreInst = "TAddSub">   --->   Core 10 'TAddSub' <Latency = 0> <II = 1> <Delay = 0.52> <IPBlock> <Opcode : '' 'add' 'sub'> <InPorts = 3> <OutPorts = 1> <Sync> <CReg>
ST_4 : Operation 451 [1/1] (0.00ns)   --->   "%sext_ln58_134 = sext i25 %add_ln58_235" [firmware/nnet_utils/nnet_dense_latency.h:58->firmware/nnet_utils/nnet_dense_stream.h:17]   --->   Operation 451 'sext' 'sext_ln58_134' <Predicate = true> <Delay = 0.00>
ST_4 : Operation 452 [1/1] (1.04ns) (root node of TernaryAdder)   --->   "%add_ln58_236 = add i26 %sext_ln58_134, i26 %add_ln58_234" [firmware/nnet_utils/nnet_dense_latency.h:58->firmware/nnet_utils/nnet_dense_stream.h:17]   --->   Operation 452 'add' 'add_ln58_236' <Predicate = true> <Delay = 1.04> <CoreInst = "TAddSub">   --->   Core 10 'TAddSub' <Latency = 0> <II = 1> <Delay = 0.52> <IPBlock> <Opcode : '' 'add' 'sub'> <InPorts = 3> <OutPorts = 1> <Sync> <CReg>
ST_4 : Operation 453 [1/1] (0.00ns)   --->   "%sext_ln58_91 = sext i26 %add_ln58_236" [firmware/nnet_utils/nnet_dense_latency.h:58->firmware/nnet_utils/nnet_dense_stream.h:17]   --->   Operation 453 'sext' 'sext_ln58_91' <Predicate = true> <Delay = 0.00>
ST_4 : Operation 454 [1/1] (0.00ns) (grouped into TernaryAdder)   --->   "%add_ln58_237 = add i26 %mul_ln73_200, i26 %sext_ln58_77" [firmware/nnet_utils/nnet_dense_latency.h:58->firmware/nnet_utils/nnet_dense_stream.h:17]   --->   Operation 454 'add' 'add_ln58_237' <Predicate = true> <Delay = 0.00> <CoreInst = "TAddSub">   --->   Core 10 'TAddSub' <Latency = 0> <II = 1> <Delay = 0.52> <IPBlock> <Opcode : '' 'add' 'sub'> <InPorts = 3> <OutPorts = 1> <Sync> <CReg>
ST_4 : Operation 455 [1/1] (0.00ns)   --->   "%sext_ln58_135 = sext i25 %add_ln58_238" [firmware/nnet_utils/nnet_dense_latency.h:58->firmware/nnet_utils/nnet_dense_stream.h:17]   --->   Operation 455 'sext' 'sext_ln58_135' <Predicate = true> <Delay = 0.00>
ST_4 : Operation 456 [1/1] (1.04ns) (root node of TernaryAdder)   --->   "%add_ln58_239 = add i26 %sext_ln58_135, i26 %add_ln58_237" [firmware/nnet_utils/nnet_dense_latency.h:58->firmware/nnet_utils/nnet_dense_stream.h:17]   --->   Operation 456 'add' 'add_ln58_239' <Predicate = true> <Delay = 1.04> <CoreInst = "TAddSub">   --->   Core 10 'TAddSub' <Latency = 0> <II = 1> <Delay = 0.52> <IPBlock> <Opcode : '' 'add' 'sub'> <InPorts = 3> <OutPorts = 1> <Sync> <CReg>
ST_4 : Operation 457 [1/1] (0.00ns)   --->   "%sext_ln58_92 = sext i26 %add_ln58_239" [firmware/nnet_utils/nnet_dense_latency.h:58->firmware/nnet_utils/nnet_dense_stream.h:17]   --->   Operation 457 'sext' 'sext_ln58_92' <Predicate = true> <Delay = 0.00>
ST_4 : Operation 458 [1/1] (0.00ns)   --->   "%sext_ln58_94 = sext i26 %add_ln58_243" [firmware/nnet_utils/nnet_dense_latency.h:58->firmware/nnet_utils/nnet_dense_stream.h:17]   --->   Operation 458 'sext' 'sext_ln58_94' <Predicate = true> <Delay = 0.00>
ST_4 : Operation 459 [1/1] (0.00ns) (grouped into TernaryAdder)   --->   "%add_ln58_244 = add i27 %mul_ln73_197, i27 %sext_ln58_74" [firmware/nnet_utils/nnet_dense_latency.h:58->firmware/nnet_utils/nnet_dense_stream.h:17]   --->   Operation 459 'add' 'add_ln58_244' <Predicate = true> <Delay = 0.00> <CoreInst = "TAddSub">   --->   Core 10 'TAddSub' <Latency = 0> <II = 1> <Delay = 0.52> <IPBlock> <Opcode : '' 'add' 'sub'> <InPorts = 3> <OutPorts = 1> <Sync> <CReg>
ST_4 : Operation 460 [1/1] (0.00ns)   --->   "%sext_ln58_139 = sext i26 %add_ln58_246" [firmware/nnet_utils/nnet_dense_latency.h:58->firmware/nnet_utils/nnet_dense_stream.h:17]   --->   Operation 460 'sext' 'sext_ln58_139' <Predicate = true> <Delay = 0.00>
ST_4 : Operation 461 [1/1] (1.05ns) (root node of TernaryAdder)   --->   "%add_ln58_247 = add i27 %sext_ln58_139, i27 %add_ln58_244" [firmware/nnet_utils/nnet_dense_latency.h:58->firmware/nnet_utils/nnet_dense_stream.h:17]   --->   Operation 461 'add' 'add_ln58_247' <Predicate = true> <Delay = 1.05> <CoreInst = "TAddSub">   --->   Core 10 'TAddSub' <Latency = 0> <II = 1> <Delay = 0.52> <IPBlock> <Opcode : '' 'add' 'sub'> <InPorts = 3> <OutPorts = 1> <Sync> <CReg>
ST_4 : Operation 462 [1/1] (0.00ns)   --->   "%sext_ln58_95 = sext i27 %add_ln58_247" [firmware/nnet_utils/nnet_dense_latency.h:58->firmware/nnet_utils/nnet_dense_stream.h:17]   --->   Operation 462 'sext' 'sext_ln58_95' <Predicate = true> <Delay = 0.00>
ST_4 : Operation 463 [1/1] (0.00ns)   --->   "%sext_ln58_96 = sext i26 %add_ln58_250" [firmware/nnet_utils/nnet_dense_latency.h:58->firmware/nnet_utils/nnet_dense_stream.h:17]   --->   Operation 463 'sext' 'sext_ln58_96' <Predicate = true> <Delay = 0.00>
ST_4 : Operation 464 [1/1] (0.00ns) (grouped into TernaryAdder)   --->   "%add_ln58_251 = add i27 %sext_ln58_79, i27 %sext_ln73_123" [firmware/nnet_utils/nnet_dense_latency.h:58->firmware/nnet_utils/nnet_dense_stream.h:17]   --->   Operation 464 'add' 'add_ln58_251' <Predicate = true> <Delay = 0.00> <CoreInst = "TAddSub">   --->   Core 10 'TAddSub' <Latency = 0> <II = 1> <Delay = 0.52> <IPBlock> <Opcode : '' 'add' 'sub'> <InPorts = 3> <OutPorts = 1> <Sync> <CReg>
ST_4 : Operation 465 [1/1] (0.00ns)   --->   "%sext_ln58_142 = sext i25 %add_ln58_253" [firmware/nnet_utils/nnet_dense_latency.h:58->firmware/nnet_utils/nnet_dense_stream.h:17]   --->   Operation 465 'sext' 'sext_ln58_142' <Predicate = true> <Delay = 0.00>
ST_4 : Operation 466 [1/1] (1.05ns) (root node of TernaryAdder)   --->   "%add_ln58_254 = add i27 %sext_ln58_142, i27 %add_ln58_251" [firmware/nnet_utils/nnet_dense_latency.h:58->firmware/nnet_utils/nnet_dense_stream.h:17]   --->   Operation 466 'add' 'add_ln58_254' <Predicate = true> <Delay = 1.05> <CoreInst = "TAddSub">   --->   Core 10 'TAddSub' <Latency = 0> <II = 1> <Delay = 0.52> <IPBlock> <Opcode : '' 'add' 'sub'> <InPorts = 3> <OutPorts = 1> <Sync> <CReg>
ST_4 : Operation 467 [1/1] (0.00ns)   --->   "%sext_ln58_97 = sext i27 %add_ln58_254" [firmware/nnet_utils/nnet_dense_latency.h:58->firmware/nnet_utils/nnet_dense_stream.h:17]   --->   Operation 467 'sext' 'sext_ln58_97' <Predicate = true> <Delay = 0.00>
ST_4 : Operation 468 [1/1] (0.00ns)   --->   "%sext_ln58_143 = sext i26 %add_ln58_255" [firmware/nnet_utils/nnet_dense_latency.h:58->firmware/nnet_utils/nnet_dense_stream.h:17]   --->   Operation 468 'sext' 'sext_ln58_143' <Predicate = true> <Delay = 0.00>
ST_4 : Operation 469 [1/1] (1.46ns)   --->   "%add_ln58_256 = add i27 %sext_ln58_143, i27 %sext_ln58_89" [firmware/nnet_utils/nnet_dense_latency.h:58->firmware/nnet_utils/nnet_dense_stream.h:17]   --->   Operation 469 'add' 'add_ln58_256' <Predicate = true> <Delay = 1.46> <CoreInst = "Adder">   --->   Core 1 'Adder' <Latency = 0> <II = 1> <Delay = 1.46> <FuncUnit> <Opcode : 'add' 'sub'> <InPorts = 2> <OutPorts = 1>
ST_4 : Operation 470 [1/1] (0.00ns)   --->   "%sext_ln58_98 = sext i27 %add_ln58_256" [firmware/nnet_utils/nnet_dense_latency.h:58->firmware/nnet_utils/nnet_dense_stream.h:17]   --->   Operation 470 'sext' 'sext_ln58_98' <Predicate = true> <Delay = 0.00>
ST_4 : Operation 471 [1/1] (0.00ns) (grouped into TernaryAdder)   --->   "%add_ln58_257 = add i27 %sext_ln58_86, i27 %sext_ln73_135" [firmware/nnet_utils/nnet_dense_latency.h:58->firmware/nnet_utils/nnet_dense_stream.h:17]   --->   Operation 471 'add' 'add_ln58_257' <Predicate = true> <Delay = 0.00> <CoreInst = "TAddSub">   --->   Core 10 'TAddSub' <Latency = 0> <II = 1> <Delay = 0.52> <IPBlock> <Opcode : '' 'add' 'sub'> <InPorts = 3> <OutPorts = 1> <Sync> <CReg>
ST_4 : Operation 472 [1/1] (1.46ns)   --->   "%add_ln58_258 = add i26 %mul_ln73_242, i26 %sext_ln73_148" [firmware/nnet_utils/nnet_dense_latency.h:58->firmware/nnet_utils/nnet_dense_stream.h:17]   --->   Operation 472 'add' 'add_ln58_258' <Predicate = true> <Delay = 1.46> <CoreInst = "Adder">   --->   Core 1 'Adder' <Latency = 0> <II = 1> <Delay = 1.46> <FuncUnit> <Opcode : 'add' 'sub'> <InPorts = 2> <OutPorts = 1>
ST_4 : Operation 473 [1/1] (0.00ns)   --->   "%sext_ln58_144 = sext i26 %add_ln58_258" [firmware/nnet_utils/nnet_dense_latency.h:58->firmware/nnet_utils/nnet_dense_stream.h:17]   --->   Operation 473 'sext' 'sext_ln58_144' <Predicate = true> <Delay = 0.00>
ST_4 : Operation 474 [1/1] (1.05ns) (root node of TernaryAdder)   --->   "%add_ln58_259 = add i27 %sext_ln58_144, i27 %add_ln58_257" [firmware/nnet_utils/nnet_dense_latency.h:58->firmware/nnet_utils/nnet_dense_stream.h:17]   --->   Operation 474 'add' 'add_ln58_259' <Predicate = true> <Delay = 1.05> <CoreInst = "TAddSub">   --->   Core 10 'TAddSub' <Latency = 0> <II = 1> <Delay = 0.52> <IPBlock> <Opcode : '' 'add' 'sub'> <InPorts = 3> <OutPorts = 1> <Sync> <CReg>
ST_4 : Operation 475 [1/1] (0.00ns)   --->   "%sext_ln58_99 = sext i27 %add_ln58_259" [firmware/nnet_utils/nnet_dense_latency.h:58->firmware/nnet_utils/nnet_dense_stream.h:17]   --->   Operation 475 'sext' 'sext_ln58_99' <Predicate = true> <Delay = 0.00>
ST_4 : Operation 476 [1/1] (0.00ns)   --->   "%sext_ln58_100 = sext i26 %add_ln58_264" [firmware/nnet_utils/nnet_dense_latency.h:58->firmware/nnet_utils/nnet_dense_stream.h:17]   --->   Operation 476 'sext' 'sext_ln58_100' <Predicate = true> <Delay = 0.00>
ST_4 : Operation 477 [1/1] (1.46ns)   --->   "%add_ln58_265 = add i26 %mul_ln73_203, i26 %mul_ln73_237" [firmware/nnet_utils/nnet_dense_latency.h:58->firmware/nnet_utils/nnet_dense_stream.h:17]   --->   Operation 477 'add' 'add_ln58_265' <Predicate = true> <Delay = 1.46> <CoreInst = "Adder">   --->   Core 1 'Adder' <Latency = 0> <II = 1> <Delay = 1.46> <FuncUnit> <Opcode : 'add' 'sub'> <InPorts = 2> <OutPorts = 1>
ST_4 : Operation 478 [1/1] (0.00ns)   --->   "%sext_ln58_148 = sext i26 %add_ln58_265" [firmware/nnet_utils/nnet_dense_latency.h:58->firmware/nnet_utils/nnet_dense_stream.h:17]   --->   Operation 478 'sext' 'sext_ln58_148' <Predicate = true> <Delay = 0.00>
ST_4 : Operation 479 [1/1] (0.00ns) (grouped into TernaryAdder)   --->   "%add_ln58_266 = add i27 %sext_ln58_148, i27 %sext_ln58_78" [firmware/nnet_utils/nnet_dense_latency.h:58->firmware/nnet_utils/nnet_dense_stream.h:17]   --->   Operation 479 'add' 'add_ln58_266' <Predicate = true> <Delay = 0.00> <CoreInst = "TAddSub">   --->   Core 10 'TAddSub' <Latency = 0> <II = 1> <Delay = 0.52> <IPBlock> <Opcode : '' 'add' 'sub'> <InPorts = 3> <OutPorts = 1> <Sync> <CReg>
ST_4 : Operation 480 [1/1] (0.00ns)   --->   "%sext_ln58_149 = sext i24 %add_ln58_267" [firmware/nnet_utils/nnet_dense_latency.h:58->firmware/nnet_utils/nnet_dense_stream.h:17]   --->   Operation 480 'sext' 'sext_ln58_149' <Predicate = true> <Delay = 0.00>
ST_4 : Operation 481 [1/1] (1.45ns)   --->   "%add_ln58_268 = add i25 %sext_ln58_149, i25 %mul_ln73_226" [firmware/nnet_utils/nnet_dense_latency.h:58->firmware/nnet_utils/nnet_dense_stream.h:17]   --->   Operation 481 'add' 'add_ln58_268' <Predicate = true> <Delay = 1.45> <CoreInst = "Adder">   --->   Core 1 'Adder' <Latency = 0> <II = 1> <Delay = 1.45> <FuncUnit> <Opcode : 'add' 'sub'> <InPorts = 2> <OutPorts = 1>
ST_4 : Operation 482 [1/1] (0.00ns)   --->   "%sext_ln58_150 = sext i25 %add_ln58_268" [firmware/nnet_utils/nnet_dense_latency.h:58->firmware/nnet_utils/nnet_dense_stream.h:17]   --->   Operation 482 'sext' 'sext_ln58_150' <Predicate = true> <Delay = 0.00>
ST_4 : Operation 483 [1/1] (1.05ns) (root node of TernaryAdder)   --->   "%add_ln58_269 = add i27 %sext_ln58_150, i27 %add_ln58_266" [firmware/nnet_utils/nnet_dense_latency.h:58->firmware/nnet_utils/nnet_dense_stream.h:17]   --->   Operation 483 'add' 'add_ln58_269' <Predicate = true> <Delay = 1.05> <CoreInst = "TAddSub">   --->   Core 10 'TAddSub' <Latency = 0> <II = 1> <Delay = 0.52> <IPBlock> <Opcode : '' 'add' 'sub'> <InPorts = 3> <OutPorts = 1> <Sync> <CReg>
ST_4 : Operation 484 [1/1] (0.00ns)   --->   "%sext_ln58_101 = sext i27 %add_ln58_269" [firmware/nnet_utils/nnet_dense_latency.h:58->firmware/nnet_utils/nnet_dense_stream.h:17]   --->   Operation 484 'sext' 'sext_ln58_101' <Predicate = true> <Delay = 0.00>
ST_4 : Operation 485 [1/1] (0.00ns) (grouped into TernaryAdder)   --->   "%add_ln58_270 = add i27 %sext_ln58_85, i27 %sext_ln73_134" [firmware/nnet_utils/nnet_dense_latency.h:58->firmware/nnet_utils/nnet_dense_stream.h:17]   --->   Operation 485 'add' 'add_ln58_270' <Predicate = true> <Delay = 0.00> <CoreInst = "TAddSub">   --->   Core 10 'TAddSub' <Latency = 0> <II = 1> <Delay = 0.52> <IPBlock> <Opcode : '' 'add' 'sub'> <InPorts = 3> <OutPorts = 1> <Sync> <CReg>
ST_4 : Operation 486 [1/1] (0.00ns)   --->   "%sext_ln58_151 = sext i25 %add_ln58_271" [firmware/nnet_utils/nnet_dense_latency.h:58->firmware/nnet_utils/nnet_dense_stream.h:17]   --->   Operation 486 'sext' 'sext_ln58_151' <Predicate = true> <Delay = 0.00>
ST_4 : Operation 487 [1/1] (1.46ns)   --->   "%add_ln58_272 = add i26 %sext_ln58_151, i26 %mul_ln73_240" [firmware/nnet_utils/nnet_dense_latency.h:58->firmware/nnet_utils/nnet_dense_stream.h:17]   --->   Operation 487 'add' 'add_ln58_272' <Predicate = true> <Delay = 1.46> <CoreInst = "Adder">   --->   Core 1 'Adder' <Latency = 0> <II = 1> <Delay = 1.46> <FuncUnit> <Opcode : 'add' 'sub'> <InPorts = 2> <OutPorts = 1>
ST_4 : Operation 488 [1/1] (0.00ns)   --->   "%sext_ln58_152 = sext i26 %add_ln58_272" [firmware/nnet_utils/nnet_dense_latency.h:58->firmware/nnet_utils/nnet_dense_stream.h:17]   --->   Operation 488 'sext' 'sext_ln58_152' <Predicate = true> <Delay = 0.00>
ST_4 : Operation 489 [1/1] (1.05ns) (root node of TernaryAdder)   --->   "%add_ln58_273 = add i27 %sext_ln58_152, i27 %add_ln58_270" [firmware/nnet_utils/nnet_dense_latency.h:58->firmware/nnet_utils/nnet_dense_stream.h:17]   --->   Operation 489 'add' 'add_ln58_273' <Predicate = true> <Delay = 1.05> <CoreInst = "TAddSub">   --->   Core 10 'TAddSub' <Latency = 0> <II = 1> <Delay = 0.52> <IPBlock> <Opcode : '' 'add' 'sub'> <InPorts = 3> <OutPorts = 1> <Sync> <CReg>
ST_4 : Operation 490 [1/1] (0.00ns)   --->   "%sext_ln58_102 = sext i27 %add_ln58_273" [firmware/nnet_utils/nnet_dense_latency.h:58->firmware/nnet_utils/nnet_dense_stream.h:17]   --->   Operation 490 'sext' 'sext_ln58_102' <Predicate = true> <Delay = 0.00>
ST_4 : Operation 491 [1/1] (0.00ns)   --->   "%sext_ln58_153 = sext i26 %add_ln58_274" [firmware/nnet_utils/nnet_dense_latency.h:58->firmware/nnet_utils/nnet_dense_stream.h:17]   --->   Operation 491 'sext' 'sext_ln58_153' <Predicate = true> <Delay = 0.00>
ST_4 : Operation 492 [1/1] (1.46ns)   --->   "%add_ln58_275 = add i27 %sext_ln58_153, i27 %sext_ln58_94" [firmware/nnet_utils/nnet_dense_latency.h:58->firmware/nnet_utils/nnet_dense_stream.h:17]   --->   Operation 492 'add' 'add_ln58_275' <Predicate = true> <Delay = 1.46> <CoreInst = "Adder">   --->   Core 1 'Adder' <Latency = 0> <II = 1> <Delay = 1.46> <FuncUnit> <Opcode : 'add' 'sub'> <InPorts = 2> <OutPorts = 1>
ST_4 : Operation 493 [1/1] (0.00ns)   --->   "%sext_ln58_103 = sext i27 %add_ln58_275" [firmware/nnet_utils/nnet_dense_latency.h:58->firmware/nnet_utils/nnet_dense_stream.h:17]   --->   Operation 493 'sext' 'sext_ln58_103' <Predicate = true> <Delay = 0.00>
ST_4 : Operation 494 [1/1] (0.00ns) (grouped into TernaryAdder)   --->   "%add_ln58_276 = add i27 %sext_ln58_88, i27 %sext_ln73_157" [firmware/nnet_utils/nnet_dense_latency.h:58->firmware/nnet_utils/nnet_dense_stream.h:17]   --->   Operation 494 'add' 'add_ln58_276' <Predicate = true> <Delay = 0.00> <CoreInst = "TAddSub">   --->   Core 10 'TAddSub' <Latency = 0> <II = 1> <Delay = 0.52> <IPBlock> <Opcode : '' 'add' 'sub'> <InPorts = 3> <OutPorts = 1> <Sync> <CReg>
ST_4 : Operation 495 [1/1] (0.00ns)   --->   "%sext_ln58_155 = sext i26 %add_ln58_278" [firmware/nnet_utils/nnet_dense_latency.h:58->firmware/nnet_utils/nnet_dense_stream.h:17]   --->   Operation 495 'sext' 'sext_ln58_155' <Predicate = true> <Delay = 0.00>
ST_4 : Operation 496 [1/1] (1.05ns) (root node of TernaryAdder)   --->   "%add_ln58_279 = add i27 %sext_ln58_155, i27 %add_ln58_276" [firmware/nnet_utils/nnet_dense_latency.h:58->firmware/nnet_utils/nnet_dense_stream.h:17]   --->   Operation 496 'add' 'add_ln58_279' <Predicate = true> <Delay = 1.05> <CoreInst = "TAddSub">   --->   Core 10 'TAddSub' <Latency = 0> <II = 1> <Delay = 0.52> <IPBlock> <Opcode : '' 'add' 'sub'> <InPorts = 3> <OutPorts = 1> <Sync> <CReg>
ST_4 : Operation 497 [1/1] (0.00ns)   --->   "%sext_ln58_104 = sext i27 %add_ln58_279" [firmware/nnet_utils/nnet_dense_latency.h:58->firmware/nnet_utils/nnet_dense_stream.h:17]   --->   Operation 497 'sext' 'sext_ln58_104' <Predicate = true> <Delay = 0.00>
ST_4 : Operation 498 [1/1] (0.00ns) (grouped into TernaryAdder)   --->   "%add_ln58_280 = add i27 %sext_ln58_90, i27 %sext_ln73_147" [firmware/nnet_utils/nnet_dense_latency.h:58->firmware/nnet_utils/nnet_dense_stream.h:17]   --->   Operation 498 'add' 'add_ln58_280' <Predicate = true> <Delay = 0.00> <CoreInst = "TAddSub">   --->   Core 10 'TAddSub' <Latency = 0> <II = 1> <Delay = 0.52> <IPBlock> <Opcode : '' 'add' 'sub'> <InPorts = 3> <OutPorts = 1> <Sync> <CReg>
ST_4 : Operation 499 [1/1] (0.00ns)   --->   "%sext_ln58_157 = sext i26 %add_ln58_282" [firmware/nnet_utils/nnet_dense_latency.h:58->firmware/nnet_utils/nnet_dense_stream.h:17]   --->   Operation 499 'sext' 'sext_ln58_157' <Predicate = true> <Delay = 0.00>
ST_4 : Operation 500 [1/1] (1.05ns) (root node of TernaryAdder)   --->   "%add_ln58_283 = add i27 %sext_ln58_157, i27 %add_ln58_280" [firmware/nnet_utils/nnet_dense_latency.h:58->firmware/nnet_utils/nnet_dense_stream.h:17]   --->   Operation 500 'add' 'add_ln58_283' <Predicate = true> <Delay = 1.05> <CoreInst = "TAddSub">   --->   Core 10 'TAddSub' <Latency = 0> <II = 1> <Delay = 0.52> <IPBlock> <Opcode : '' 'add' 'sub'> <InPorts = 3> <OutPorts = 1> <Sync> <CReg>
ST_4 : Operation 501 [1/1] (0.00ns)   --->   "%sext_ln58_105 = sext i27 %add_ln58_283" [firmware/nnet_utils/nnet_dense_latency.h:58->firmware/nnet_utils/nnet_dense_stream.h:17]   --->   Operation 501 'sext' 'sext_ln58_105' <Predicate = true> <Delay = 0.00>
ST_4 : Operation 502 [1/1] (0.00ns) (grouped into TernaryAdder)   --->   "%add_ln58_284 = add i27 %sext_ln58_91, i27 %sext_ln73_149" [firmware/nnet_utils/nnet_dense_latency.h:58->firmware/nnet_utils/nnet_dense_stream.h:17]   --->   Operation 502 'add' 'add_ln58_284' <Predicate = true> <Delay = 0.00> <CoreInst = "TAddSub">   --->   Core 10 'TAddSub' <Latency = 0> <II = 1> <Delay = 0.52> <IPBlock> <Opcode : '' 'add' 'sub'> <InPorts = 3> <OutPorts = 1> <Sync> <CReg>
ST_4 : Operation 503 [1/1] (0.00ns)   --->   "%sext_ln58_159 = sext i26 %add_ln58_286" [firmware/nnet_utils/nnet_dense_latency.h:58->firmware/nnet_utils/nnet_dense_stream.h:17]   --->   Operation 503 'sext' 'sext_ln58_159' <Predicate = true> <Delay = 0.00>
ST_4 : Operation 504 [1/1] (1.05ns) (root node of TernaryAdder)   --->   "%add_ln58_287 = add i27 %sext_ln58_159, i27 %add_ln58_284" [firmware/nnet_utils/nnet_dense_latency.h:58->firmware/nnet_utils/nnet_dense_stream.h:17]   --->   Operation 504 'add' 'add_ln58_287' <Predicate = true> <Delay = 1.05> <CoreInst = "TAddSub">   --->   Core 10 'TAddSub' <Latency = 0> <II = 1> <Delay = 0.52> <IPBlock> <Opcode : '' 'add' 'sub'> <InPorts = 3> <OutPorts = 1> <Sync> <CReg>
ST_4 : Operation 505 [1/1] (0.00ns)   --->   "%sext_ln58_106 = sext i27 %add_ln58_287" [firmware/nnet_utils/nnet_dense_latency.h:58->firmware/nnet_utils/nnet_dense_stream.h:17]   --->   Operation 505 'sext' 'sext_ln58_106' <Predicate = true> <Delay = 0.00>
ST_4 : Operation 506 [1/1] (0.00ns) (grouped into TernaryAdder)   --->   "%add_ln58_288 = add i27 %sext_ln58_92, i27 %sext_ln73_178" [firmware/nnet_utils/nnet_dense_latency.h:58->firmware/nnet_utils/nnet_dense_stream.h:17]   --->   Operation 506 'add' 'add_ln58_288' <Predicate = true> <Delay = 0.00> <CoreInst = "TAddSub">   --->   Core 10 'TAddSub' <Latency = 0> <II = 1> <Delay = 0.52> <IPBlock> <Opcode : '' 'add' 'sub'> <InPorts = 3> <OutPorts = 1> <Sync> <CReg>
ST_4 : Operation 507 [1/1] (0.00ns)   --->   "%sext_ln58_160 = sext i25 %add_ln58_290" [firmware/nnet_utils/nnet_dense_latency.h:58->firmware/nnet_utils/nnet_dense_stream.h:17]   --->   Operation 507 'sext' 'sext_ln58_160' <Predicate = true> <Delay = 0.00>
ST_4 : Operation 508 [1/1] (1.05ns) (root node of TernaryAdder)   --->   "%add_ln58_291 = add i27 %sext_ln58_160, i27 %add_ln58_288" [firmware/nnet_utils/nnet_dense_latency.h:58->firmware/nnet_utils/nnet_dense_stream.h:17]   --->   Operation 508 'add' 'add_ln58_291' <Predicate = true> <Delay = 1.05> <CoreInst = "TAddSub">   --->   Core 10 'TAddSub' <Latency = 0> <II = 1> <Delay = 0.52> <IPBlock> <Opcode : '' 'add' 'sub'> <InPorts = 3> <OutPorts = 1> <Sync> <CReg>
ST_4 : Operation 509 [1/1] (0.00ns)   --->   "%sext_ln58_107 = sext i27 %add_ln58_291" [firmware/nnet_utils/nnet_dense_latency.h:58->firmware/nnet_utils/nnet_dense_stream.h:17]   --->   Operation 509 'sext' 'sext_ln58_107' <Predicate = true> <Delay = 0.00>
ST_4 : Operation 510 [1/1] (0.00ns)   --->   "%sext_ln58_161 = sext i25 %add_ln58_292" [firmware/nnet_utils/nnet_dense_latency.h:58->firmware/nnet_utils/nnet_dense_stream.h:17]   --->   Operation 510 'sext' 'sext_ln58_161' <Predicate = true> <Delay = 0.00>
ST_4 : Operation 511 [1/1] (0.00ns) (grouped into TernaryAdder)   --->   "%add_ln58_293 = add i27 %sext_ln58_161, i27 %sext_ln58_84" [firmware/nnet_utils/nnet_dense_latency.h:58->firmware/nnet_utils/nnet_dense_stream.h:17]   --->   Operation 511 'add' 'add_ln58_293' <Predicate = true> <Delay = 0.00> <CoreInst = "TAddSub">   --->   Core 10 'TAddSub' <Latency = 0> <II = 1> <Delay = 0.52> <IPBlock> <Opcode : '' 'add' 'sub'> <InPorts = 3> <OutPorts = 1> <Sync> <CReg>
ST_4 : Operation 512 [1/1] (0.00ns)   --->   "%sext_ln58_164 = sext i26 %add_ln58_296" [firmware/nnet_utils/nnet_dense_latency.h:58->firmware/nnet_utils/nnet_dense_stream.h:17]   --->   Operation 512 'sext' 'sext_ln58_164' <Predicate = true> <Delay = 0.00>
ST_4 : Operation 513 [1/1] (1.05ns) (root node of TernaryAdder)   --->   "%add_ln58_297 = add i27 %sext_ln58_164, i27 %add_ln58_293" [firmware/nnet_utils/nnet_dense_latency.h:58->firmware/nnet_utils/nnet_dense_stream.h:17]   --->   Operation 513 'add' 'add_ln58_297' <Predicate = true> <Delay = 1.05> <CoreInst = "TAddSub">   --->   Core 10 'TAddSub' <Latency = 0> <II = 1> <Delay = 0.52> <IPBlock> <Opcode : '' 'add' 'sub'> <InPorts = 3> <OutPorts = 1> <Sync> <CReg>
ST_4 : Operation 514 [1/1] (0.00ns)   --->   "%sext_ln58_108 = sext i27 %add_ln58_297" [firmware/nnet_utils/nnet_dense_latency.h:58->firmware/nnet_utils/nnet_dense_stream.h:17]   --->   Operation 514 'sext' 'sext_ln58_108' <Predicate = true> <Delay = 0.00>
ST_4 : Operation 515 [1/1] (0.00ns) (grouped into TernaryAdder)   --->   "%add_ln58_298 = add i28 %sext_ln58_95, i28 %sext_ln73_176" [firmware/nnet_utils/nnet_dense_latency.h:58->firmware/nnet_utils/nnet_dense_stream.h:17]   --->   Operation 515 'add' 'add_ln58_298' <Predicate = true> <Delay = 0.00> <CoreInst = "TAddSub">   --->   Core 10 'TAddSub' <Latency = 0> <II = 1> <Delay = 0.52> <IPBlock> <Opcode : '' 'add' 'sub'> <InPorts = 3> <OutPorts = 1> <Sync> <CReg>
ST_4 : Operation 516 [1/1] (0.00ns)   --->   "%sext_ln58_165 = sext i24 %add_ln58_299" [firmware/nnet_utils/nnet_dense_latency.h:58->firmware/nnet_utils/nnet_dense_stream.h:17]   --->   Operation 516 'sext' 'sext_ln58_165' <Predicate = true> <Delay = 0.00>
ST_4 : Operation 517 [1/1] (1.45ns)   --->   "%add_ln58_300 = add i25 %sext_ln58_165, i25 %mul_ln73_244" [firmware/nnet_utils/nnet_dense_latency.h:58->firmware/nnet_utils/nnet_dense_stream.h:17]   --->   Operation 517 'add' 'add_ln58_300' <Predicate = true> <Delay = 1.45> <CoreInst = "Adder">   --->   Core 1 'Adder' <Latency = 0> <II = 1> <Delay = 1.45> <FuncUnit> <Opcode : 'add' 'sub'> <InPorts = 2> <OutPorts = 1>
ST_4 : Operation 518 [1/1] (0.00ns)   --->   "%sext_ln58_166 = sext i25 %add_ln58_300" [firmware/nnet_utils/nnet_dense_latency.h:58->firmware/nnet_utils/nnet_dense_stream.h:17]   --->   Operation 518 'sext' 'sext_ln58_166' <Predicate = true> <Delay = 0.00>
ST_4 : Operation 519 [1/1] (1.05ns) (root node of TernaryAdder)   --->   "%add_ln58_301 = add i28 %sext_ln58_166, i28 %add_ln58_298" [firmware/nnet_utils/nnet_dense_latency.h:58->firmware/nnet_utils/nnet_dense_stream.h:17]   --->   Operation 519 'add' 'add_ln58_301' <Predicate = true> <Delay = 1.05> <CoreInst = "TAddSub">   --->   Core 10 'TAddSub' <Latency = 0> <II = 1> <Delay = 0.52> <IPBlock> <Opcode : '' 'add' 'sub'> <InPorts = 3> <OutPorts = 1> <Sync> <CReg>
ST_4 : Operation 520 [1/1] (0.00ns)   --->   "%sext_ln58_109 = sext i28 %add_ln58_301" [firmware/nnet_utils/nnet_dense_latency.h:58->firmware/nnet_utils/nnet_dense_stream.h:17]   --->   Operation 520 'sext' 'sext_ln58_109' <Predicate = true> <Delay = 0.00>
ST_4 : Operation 521 [1/1] (1.46ns)   --->   "%add_ln58_302 = add i28 %sext_ln58_106, i28 %sext_ln73_179" [firmware/nnet_utils/nnet_dense_latency.h:58->firmware/nnet_utils/nnet_dense_stream.h:17]   --->   Operation 521 'add' 'add_ln58_302' <Predicate = true> <Delay = 1.46> <CoreInst = "Adder">   --->   Core 1 'Adder' <Latency = 0> <II = 1> <Delay = 1.46> <FuncUnit> <Opcode : 'add' 'sub'> <InPorts = 2> <OutPorts = 1>
ST_4 : Operation 522 [1/1] (0.00ns)   --->   "%sext_ln58_110 = sext i28 %add_ln58_302" [firmware/nnet_utils/nnet_dense_latency.h:58->firmware/nnet_utils/nnet_dense_stream.h:17]   --->   Operation 522 'sext' 'sext_ln58_110' <Predicate = true> <Delay = 0.00>
ST_4 : Operation 523 [1/1] (0.00ns) (grouped into TernaryAdder)   --->   "%add_ln58_303 = add i27 %sext_ln58_96, i27 %sext_ln73_155" [firmware/nnet_utils/nnet_dense_latency.h:58->firmware/nnet_utils/nnet_dense_stream.h:17]   --->   Operation 523 'add' 'add_ln58_303' <Predicate = true> <Delay = 0.00> <CoreInst = "TAddSub">   --->   Core 10 'TAddSub' <Latency = 0> <II = 1> <Delay = 0.52> <IPBlock> <Opcode : '' 'add' 'sub'> <InPorts = 3> <OutPorts = 1> <Sync> <CReg>
ST_4 : Operation 524 [1/1] (0.00ns)   --->   "%sext_ln58_167 = sext i24 %add_ln58_304" [firmware/nnet_utils/nnet_dense_latency.h:58->firmware/nnet_utils/nnet_dense_stream.h:17]   --->   Operation 524 'sext' 'sext_ln58_167' <Predicate = true> <Delay = 0.00>
ST_4 : Operation 525 [1/1] (1.45ns)   --->   "%add_ln58_305 = add i25 %sext_ln58_167, i25 %mul_ln73_273" [firmware/nnet_utils/nnet_dense_latency.h:58->firmware/nnet_utils/nnet_dense_stream.h:17]   --->   Operation 525 'add' 'add_ln58_305' <Predicate = true> <Delay = 1.45> <CoreInst = "Adder">   --->   Core 1 'Adder' <Latency = 0> <II = 1> <Delay = 1.45> <FuncUnit> <Opcode : 'add' 'sub'> <InPorts = 2> <OutPorts = 1>
ST_4 : Operation 526 [1/1] (0.00ns)   --->   "%sext_ln58_168 = sext i25 %add_ln58_305" [firmware/nnet_utils/nnet_dense_latency.h:58->firmware/nnet_utils/nnet_dense_stream.h:17]   --->   Operation 526 'sext' 'sext_ln58_168' <Predicate = true> <Delay = 0.00>
ST_4 : Operation 527 [1/1] (1.05ns) (root node of TernaryAdder)   --->   "%add_ln58_306 = add i27 %sext_ln58_168, i27 %add_ln58_303" [firmware/nnet_utils/nnet_dense_latency.h:58->firmware/nnet_utils/nnet_dense_stream.h:17]   --->   Operation 527 'add' 'add_ln58_306' <Predicate = true> <Delay = 1.05> <CoreInst = "TAddSub">   --->   Core 10 'TAddSub' <Latency = 0> <II = 1> <Delay = 0.52> <IPBlock> <Opcode : '' 'add' 'sub'> <InPorts = 3> <OutPorts = 1> <Sync> <CReg>
ST_4 : Operation 528 [1/1] (0.00ns)   --->   "%sext_ln58_111 = sext i27 %add_ln58_306" [firmware/nnet_utils/nnet_dense_latency.h:58->firmware/nnet_utils/nnet_dense_stream.h:17]   --->   Operation 528 'sext' 'sext_ln58_111' <Predicate = true> <Delay = 0.00>
ST_4 : Operation 529 [1/1] (0.00ns) (grouped into TernaryAdder)   --->   "%add_ln58_307 = add i27 %sext_ln58_100, i27 %sext_ln73_170" [firmware/nnet_utils/nnet_dense_latency.h:58->firmware/nnet_utils/nnet_dense_stream.h:17]   --->   Operation 529 'add' 'add_ln58_307' <Predicate = true> <Delay = 0.00> <CoreInst = "TAddSub">   --->   Core 10 'TAddSub' <Latency = 0> <II = 1> <Delay = 0.52> <IPBlock> <Opcode : '' 'add' 'sub'> <InPorts = 3> <OutPorts = 1> <Sync> <CReg>
ST_4 : Operation 530 [1/1] (1.46ns)   --->   "%add_ln58_308 = add i26 %mul_ln73_274, i26 %mul_ln73_289" [firmware/nnet_utils/nnet_dense_latency.h:58->firmware/nnet_utils/nnet_dense_stream.h:17]   --->   Operation 530 'add' 'add_ln58_308' <Predicate = true> <Delay = 1.46> <CoreInst = "Adder">   --->   Core 1 'Adder' <Latency = 0> <II = 1> <Delay = 1.46> <FuncUnit> <Opcode : 'add' 'sub'> <InPorts = 2> <OutPorts = 1>
ST_4 : Operation 531 [1/1] (0.00ns)   --->   "%sext_ln58_169 = sext i26 %add_ln58_308" [firmware/nnet_utils/nnet_dense_latency.h:58->firmware/nnet_utils/nnet_dense_stream.h:17]   --->   Operation 531 'sext' 'sext_ln58_169' <Predicate = true> <Delay = 0.00>
ST_4 : Operation 532 [1/1] (1.05ns) (root node of TernaryAdder)   --->   "%add_ln58_309 = add i27 %sext_ln58_169, i27 %add_ln58_307" [firmware/nnet_utils/nnet_dense_latency.h:58->firmware/nnet_utils/nnet_dense_stream.h:17]   --->   Operation 532 'add' 'add_ln58_309' <Predicate = true> <Delay = 1.05> <CoreInst = "TAddSub">   --->   Core 10 'TAddSub' <Latency = 0> <II = 1> <Delay = 0.52> <IPBlock> <Opcode : '' 'add' 'sub'> <InPorts = 3> <OutPorts = 1> <Sync> <CReg>
ST_4 : Operation 533 [1/1] (0.00ns)   --->   "%sext_ln58_112 = sext i27 %add_ln58_309" [firmware/nnet_utils/nnet_dense_latency.h:58->firmware/nnet_utils/nnet_dense_stream.h:17]   --->   Operation 533 'sext' 'sext_ln58_112' <Predicate = true> <Delay = 0.00>
ST_4 : Operation 534 [1/1] (1.46ns)   --->   "%add_ln58_310 = add i28 %sext_ln58_107, i28 %sext_ln73_181" [firmware/nnet_utils/nnet_dense_latency.h:58->firmware/nnet_utils/nnet_dense_stream.h:17]   --->   Operation 534 'add' 'add_ln58_310' <Predicate = true> <Delay = 1.46> <CoreInst = "Adder">   --->   Core 1 'Adder' <Latency = 0> <II = 1> <Delay = 1.46> <FuncUnit> <Opcode : 'add' 'sub'> <InPorts = 2> <OutPorts = 1>
ST_4 : Operation 535 [1/1] (0.00ns)   --->   "%sext_ln58_113 = sext i28 %add_ln58_310" [firmware/nnet_utils/nnet_dense_latency.h:58->firmware/nnet_utils/nnet_dense_stream.h:17]   --->   Operation 535 'sext' 'sext_ln58_113' <Predicate = true> <Delay = 0.00>
ST_4 : Operation 536 [1/1] (1.45ns)   --->   "%add_ln58_311 = add i25 %mul_ln73_249, i25 %sext_ln73_151" [firmware/nnet_utils/nnet_dense_latency.h:58->firmware/nnet_utils/nnet_dense_stream.h:17]   --->   Operation 536 'add' 'add_ln58_311' <Predicate = true> <Delay = 1.45> <CoreInst = "Adder">   --->   Core 1 'Adder' <Latency = 0> <II = 1> <Delay = 1.45> <FuncUnit> <Opcode : 'add' 'sub'> <InPorts = 2> <OutPorts = 1>
ST_4 : Operation 537 [1/1] (0.00ns)   --->   "%sext_ln58_170 = sext i25 %add_ln58_311" [firmware/nnet_utils/nnet_dense_latency.h:58->firmware/nnet_utils/nnet_dense_stream.h:17]   --->   Operation 537 'sext' 'sext_ln58_170' <Predicate = true> <Delay = 0.00>
ST_4 : Operation 538 [1/1] (0.00ns) (grouped into TernaryAdder)   --->   "%add_ln58_312 = add i27 %sext_ln58_170, i27 %sext_ln58_87" [firmware/nnet_utils/nnet_dense_latency.h:58->firmware/nnet_utils/nnet_dense_stream.h:17]   --->   Operation 538 'add' 'add_ln58_312' <Predicate = true> <Delay = 0.00> <CoreInst = "TAddSub">   --->   Core 10 'TAddSub' <Latency = 0> <II = 1> <Delay = 0.52> <IPBlock> <Opcode : '' 'add' 'sub'> <InPorts = 3> <OutPorts = 1> <Sync> <CReg>
ST_4 : Operation 539 [1/1] (0.00ns)   --->   "%sext_ln58_173 = sext i25 %add_ln58_315" [firmware/nnet_utils/nnet_dense_latency.h:58->firmware/nnet_utils/nnet_dense_stream.h:17]   --->   Operation 539 'sext' 'sext_ln58_173' <Predicate = true> <Delay = 0.00>
ST_4 : Operation 540 [1/1] (1.05ns) (root node of TernaryAdder)   --->   "%add_ln58_316 = add i27 %sext_ln58_173, i27 %add_ln58_312" [firmware/nnet_utils/nnet_dense_latency.h:58->firmware/nnet_utils/nnet_dense_stream.h:17]   --->   Operation 540 'add' 'add_ln58_316' <Predicate = true> <Delay = 1.05> <CoreInst = "TAddSub">   --->   Core 10 'TAddSub' <Latency = 0> <II = 1> <Delay = 0.52> <IPBlock> <Opcode : '' 'add' 'sub'> <InPorts = 3> <OutPorts = 1> <Sync> <CReg>
ST_4 : Operation 541 [1/1] (0.00ns)   --->   "%sext_ln58_114 = sext i27 %add_ln58_316" [firmware/nnet_utils/nnet_dense_latency.h:58->firmware/nnet_utils/nnet_dense_stream.h:17]   --->   Operation 541 'sext' 'sext_ln58_114' <Predicate = true> <Delay = 0.00>
ST_4 : Operation 542 [1/1] (1.46ns)   --->   "%add_ln58_317 = add i28 %sext_ln58_108, i28 %sext_ln73_182" [firmware/nnet_utils/nnet_dense_latency.h:58->firmware/nnet_utils/nnet_dense_stream.h:17]   --->   Operation 542 'add' 'add_ln58_317' <Predicate = true> <Delay = 1.46> <CoreInst = "Adder">   --->   Core 1 'Adder' <Latency = 0> <II = 1> <Delay = 1.46> <FuncUnit> <Opcode : 'add' 'sub'> <InPorts = 2> <OutPorts = 1>
ST_4 : Operation 543 [1/1] (0.00ns)   --->   "%sext_ln58_115 = sext i28 %add_ln58_317" [firmware/nnet_utils/nnet_dense_latency.h:58->firmware/nnet_utils/nnet_dense_stream.h:17]   --->   Operation 543 'sext' 'sext_ln58_115' <Predicate = true> <Delay = 0.00>
ST_4 : Operation 544 [1/1] (0.00ns) (grouped into TernaryAdder)   --->   "%add_ln58_318 = add i28 %sext_ln58_101, i28 %sext_ln73_172" [firmware/nnet_utils/nnet_dense_latency.h:58->firmware/nnet_utils/nnet_dense_stream.h:17]   --->   Operation 544 'add' 'add_ln58_318' <Predicate = true> <Delay = 0.00> <CoreInst = "TAddSub">   --->   Core 10 'TAddSub' <Latency = 0> <II = 1> <Delay = 0.52> <IPBlock> <Opcode : '' 'add' 'sub'> <InPorts = 3> <OutPorts = 1> <Sync> <CReg>
ST_4 : Operation 545 [1/1] (1.46ns)   --->   "%add_ln58_319 = add i26 %mul_ln73_278, i26 %mul_ln73_293" [firmware/nnet_utils/nnet_dense_latency.h:58->firmware/nnet_utils/nnet_dense_stream.h:17]   --->   Operation 545 'add' 'add_ln58_319' <Predicate = true> <Delay = 1.46> <CoreInst = "Adder">   --->   Core 1 'Adder' <Latency = 0> <II = 1> <Delay = 1.46> <FuncUnit> <Opcode : 'add' 'sub'> <InPorts = 2> <OutPorts = 1>
ST_4 : Operation 546 [1/1] (0.00ns)   --->   "%sext_ln58_174 = sext i26 %add_ln58_319" [firmware/nnet_utils/nnet_dense_latency.h:58->firmware/nnet_utils/nnet_dense_stream.h:17]   --->   Operation 546 'sext' 'sext_ln58_174' <Predicate = true> <Delay = 0.00>
ST_4 : Operation 547 [1/1] (1.05ns) (root node of TernaryAdder)   --->   "%add_ln58_320 = add i28 %sext_ln58_174, i28 %add_ln58_318" [firmware/nnet_utils/nnet_dense_latency.h:58->firmware/nnet_utils/nnet_dense_stream.h:17]   --->   Operation 547 'add' 'add_ln58_320' <Predicate = true> <Delay = 1.05> <CoreInst = "TAddSub">   --->   Core 10 'TAddSub' <Latency = 0> <II = 1> <Delay = 0.52> <IPBlock> <Opcode : '' 'add' 'sub'> <InPorts = 3> <OutPorts = 1> <Sync> <CReg>
ST_4 : Operation 548 [1/1] (0.00ns)   --->   "%sext_ln58_116 = sext i28 %add_ln58_320" [firmware/nnet_utils/nnet_dense_latency.h:58->firmware/nnet_utils/nnet_dense_stream.h:17]   --->   Operation 548 'sext' 'sext_ln58_116' <Predicate = true> <Delay = 0.00>
ST_4 : Operation 549 [1/1] (1.45ns)   --->   "%add_ln58_321 = add i25 %mul_ln73_279, i25 %sext_ln73_185" [firmware/nnet_utils/nnet_dense_latency.h:58->firmware/nnet_utils/nnet_dense_stream.h:17]   --->   Operation 549 'add' 'add_ln58_321' <Predicate = true> <Delay = 1.45> <CoreInst = "Adder">   --->   Core 1 'Adder' <Latency = 0> <II = 1> <Delay = 1.45> <FuncUnit> <Opcode : 'add' 'sub'> <InPorts = 2> <OutPorts = 1>
ST_4 : Operation 550 [1/1] (0.00ns)   --->   "%sext_ln58_175 = sext i25 %add_ln58_321" [firmware/nnet_utils/nnet_dense_latency.h:58->firmware/nnet_utils/nnet_dense_stream.h:17]   --->   Operation 550 'sext' 'sext_ln58_175' <Predicate = true> <Delay = 0.00>
ST_4 : Operation 551 [1/1] (1.46ns)   --->   "%add_ln58_322 = add i28 %sext_ln58_175, i28 %sext_ln58_104" [firmware/nnet_utils/nnet_dense_latency.h:58->firmware/nnet_utils/nnet_dense_stream.h:17]   --->   Operation 551 'add' 'add_ln58_322' <Predicate = true> <Delay = 1.46> <CoreInst = "Adder">   --->   Core 1 'Adder' <Latency = 0> <II = 1> <Delay = 1.46> <FuncUnit> <Opcode : 'add' 'sub'> <InPorts = 2> <OutPorts = 1>
ST_4 : Operation 552 [1/1] (0.00ns)   --->   "%sext_ln58_117 = sext i28 %add_ln58_322" [firmware/nnet_utils/nnet_dense_latency.h:58->firmware/nnet_utils/nnet_dense_stream.h:17]   --->   Operation 552 'sext' 'sext_ln58_117' <Predicate = true> <Delay = 0.00>
ST_4 : Operation 553 [1/1] (0.00ns) (grouped into TernaryAdder)   --->   "%add_ln58_323 = add i28 %sext_ln58_97, i28 %sext_ln73_158" [firmware/nnet_utils/nnet_dense_latency.h:58->firmware/nnet_utils/nnet_dense_stream.h:17]   --->   Operation 553 'add' 'add_ln58_323' <Predicate = true> <Delay = 0.00> <CoreInst = "TAddSub">   --->   Core 10 'TAddSub' <Latency = 0> <II = 1> <Delay = 0.52> <IPBlock> <Opcode : '' 'add' 'sub'> <InPorts = 3> <OutPorts = 1> <Sync> <CReg>
ST_4 : Operation 554 [1/1] (0.00ns)   --->   "%sext_ln58_176 = sext i25 %add_ln58_324" [firmware/nnet_utils/nnet_dense_latency.h:58->firmware/nnet_utils/nnet_dense_stream.h:17]   --->   Operation 554 'sext' 'sext_ln58_176' <Predicate = true> <Delay = 0.00>
ST_4 : Operation 555 [1/1] (1.46ns)   --->   "%add_ln58_325 = add i26 %sext_ln58_176, i26 %mul_ln73_294" [firmware/nnet_utils/nnet_dense_latency.h:58->firmware/nnet_utils/nnet_dense_stream.h:17]   --->   Operation 555 'add' 'add_ln58_325' <Predicate = true> <Delay = 1.46> <CoreInst = "Adder">   --->   Core 1 'Adder' <Latency = 0> <II = 1> <Delay = 1.46> <FuncUnit> <Opcode : 'add' 'sub'> <InPorts = 2> <OutPorts = 1>
ST_4 : Operation 556 [1/1] (0.00ns)   --->   "%sext_ln58_177 = sext i26 %add_ln58_325" [firmware/nnet_utils/nnet_dense_latency.h:58->firmware/nnet_utils/nnet_dense_stream.h:17]   --->   Operation 556 'sext' 'sext_ln58_177' <Predicate = true> <Delay = 0.00>
ST_4 : Operation 557 [1/1] (1.05ns) (root node of TernaryAdder)   --->   "%add_ln58_326 = add i28 %sext_ln58_177, i28 %add_ln58_323" [firmware/nnet_utils/nnet_dense_latency.h:58->firmware/nnet_utils/nnet_dense_stream.h:17]   --->   Operation 557 'add' 'add_ln58_326' <Predicate = true> <Delay = 1.05> <CoreInst = "TAddSub">   --->   Core 10 'TAddSub' <Latency = 0> <II = 1> <Delay = 0.52> <IPBlock> <Opcode : '' 'add' 'sub'> <InPorts = 3> <OutPorts = 1> <Sync> <CReg>
ST_4 : Operation 558 [1/1] (0.00ns)   --->   "%sext_ln58_118 = sext i28 %add_ln58_326" [firmware/nnet_utils/nnet_dense_latency.h:58->firmware/nnet_utils/nnet_dense_stream.h:17]   --->   Operation 558 'sext' 'sext_ln58_118' <Predicate = true> <Delay = 0.00>
ST_4 : Operation 559 [1/1] (0.00ns) (grouped into TernaryAdder)   --->   "%add_ln58_327 = add i28 %sext_ln58_102, i28 %sext_ln73_173" [firmware/nnet_utils/nnet_dense_latency.h:58->firmware/nnet_utils/nnet_dense_stream.h:17]   --->   Operation 559 'add' 'add_ln58_327' <Predicate = true> <Delay = 0.00> <CoreInst = "TAddSub">   --->   Core 10 'TAddSub' <Latency = 0> <II = 1> <Delay = 0.52> <IPBlock> <Opcode : '' 'add' 'sub'> <InPorts = 3> <OutPorts = 1> <Sync> <CReg>
ST_4 : Operation 560 [1/1] (1.46ns)   --->   "%add_ln58_328 = add i26 %mul_ln73_281, i26 %mul_ln73_295" [firmware/nnet_utils/nnet_dense_latency.h:58->firmware/nnet_utils/nnet_dense_stream.h:17]   --->   Operation 560 'add' 'add_ln58_328' <Predicate = true> <Delay = 1.46> <CoreInst = "Adder">   --->   Core 1 'Adder' <Latency = 0> <II = 1> <Delay = 1.46> <FuncUnit> <Opcode : 'add' 'sub'> <InPorts = 2> <OutPorts = 1>
ST_4 : Operation 561 [1/1] (0.00ns)   --->   "%sext_ln58_178 = sext i26 %add_ln58_328" [firmware/nnet_utils/nnet_dense_latency.h:58->firmware/nnet_utils/nnet_dense_stream.h:17]   --->   Operation 561 'sext' 'sext_ln58_178' <Predicate = true> <Delay = 0.00>
ST_4 : Operation 562 [1/1] (1.05ns) (root node of TernaryAdder)   --->   "%add_ln58_329 = add i28 %sext_ln58_178, i28 %add_ln58_327" [firmware/nnet_utils/nnet_dense_latency.h:58->firmware/nnet_utils/nnet_dense_stream.h:17]   --->   Operation 562 'add' 'add_ln58_329' <Predicate = true> <Delay = 1.05> <CoreInst = "TAddSub">   --->   Core 10 'TAddSub' <Latency = 0> <II = 1> <Delay = 0.52> <IPBlock> <Opcode : '' 'add' 'sub'> <InPorts = 3> <OutPorts = 1> <Sync> <CReg>
ST_4 : Operation 563 [1/1] (0.00ns)   --->   "%sext_ln58_119 = sext i28 %add_ln58_329" [firmware/nnet_utils/nnet_dense_latency.h:58->firmware/nnet_utils/nnet_dense_stream.h:17]   --->   Operation 563 'sext' 'sext_ln58_119' <Predicate = true> <Delay = 0.00>
ST_4 : Operation 564 [1/1] (0.00ns) (grouped into TernaryAdder)   --->   "%add_ln58_330 = add i28 %sext_ln58_98, i28 %sext_ln73_162" [firmware/nnet_utils/nnet_dense_latency.h:58->firmware/nnet_utils/nnet_dense_stream.h:17]   --->   Operation 564 'add' 'add_ln58_330' <Predicate = true> <Delay = 0.00> <CoreInst = "TAddSub">   --->   Core 10 'TAddSub' <Latency = 0> <II = 1> <Delay = 0.52> <IPBlock> <Opcode : '' 'add' 'sub'> <InPorts = 3> <OutPorts = 1> <Sync> <CReg>
ST_4 : Operation 565 [1/1] (0.00ns)   --->   "%sext_ln58_179 = sext i26 %add_ln58_331" [firmware/nnet_utils/nnet_dense_latency.h:58->firmware/nnet_utils/nnet_dense_stream.h:17]   --->   Operation 565 'sext' 'sext_ln58_179' <Predicate = true> <Delay = 0.00>
ST_4 : Operation 566 [1/1] (1.46ns)   --->   "%add_ln58_332 = add i27 %sext_ln58_179, i27 %sext_ln73_174" [firmware/nnet_utils/nnet_dense_latency.h:58->firmware/nnet_utils/nnet_dense_stream.h:17]   --->   Operation 566 'add' 'add_ln58_332' <Predicate = true> <Delay = 1.46> <CoreInst = "Adder">   --->   Core 1 'Adder' <Latency = 0> <II = 1> <Delay = 1.46> <FuncUnit> <Opcode : 'add' 'sub'> <InPorts = 2> <OutPorts = 1>
ST_4 : Operation 567 [1/1] (0.00ns)   --->   "%sext_ln58_180 = sext i27 %add_ln58_332" [firmware/nnet_utils/nnet_dense_latency.h:58->firmware/nnet_utils/nnet_dense_stream.h:17]   --->   Operation 567 'sext' 'sext_ln58_180' <Predicate = true> <Delay = 0.00>
ST_4 : Operation 568 [1/1] (1.05ns) (root node of TernaryAdder)   --->   "%add_ln58_333 = add i28 %sext_ln58_180, i28 %add_ln58_330" [firmware/nnet_utils/nnet_dense_latency.h:58->firmware/nnet_utils/nnet_dense_stream.h:17]   --->   Operation 568 'add' 'add_ln58_333' <Predicate = true> <Delay = 1.05> <CoreInst = "TAddSub">   --->   Core 10 'TAddSub' <Latency = 0> <II = 1> <Delay = 0.52> <IPBlock> <Opcode : '' 'add' 'sub'> <InPorts = 3> <OutPorts = 1> <Sync> <CReg>
ST_4 : Operation 569 [1/1] (0.00ns)   --->   "%sext_ln58_120 = sext i28 %add_ln58_333" [firmware/nnet_utils/nnet_dense_latency.h:58->firmware/nnet_utils/nnet_dense_stream.h:17]   --->   Operation 569 'sext' 'sext_ln58_120' <Predicate = true> <Delay = 0.00>
ST_4 : Operation 570 [1/1] (1.46ns)   --->   "%add_ln58_334 = add i26 %mul_ln73_283, i26 %sext_ln73_186" [firmware/nnet_utils/nnet_dense_latency.h:58->firmware/nnet_utils/nnet_dense_stream.h:17]   --->   Operation 570 'add' 'add_ln58_334' <Predicate = true> <Delay = 1.46> <CoreInst = "Adder">   --->   Core 1 'Adder' <Latency = 0> <II = 1> <Delay = 1.46> <FuncUnit> <Opcode : 'add' 'sub'> <InPorts = 2> <OutPorts = 1>
ST_4 : Operation 571 [1/1] (0.00ns)   --->   "%sext_ln58_181 = sext i26 %add_ln58_334" [firmware/nnet_utils/nnet_dense_latency.h:58->firmware/nnet_utils/nnet_dense_stream.h:17]   --->   Operation 571 'sext' 'sext_ln58_181' <Predicate = true> <Delay = 0.00>
ST_4 : Operation 572 [1/1] (1.46ns)   --->   "%add_ln58_335 = add i28 %sext_ln58_181, i28 %sext_ln58_105" [firmware/nnet_utils/nnet_dense_latency.h:58->firmware/nnet_utils/nnet_dense_stream.h:17]   --->   Operation 572 'add' 'add_ln58_335' <Predicate = true> <Delay = 1.46> <CoreInst = "Adder">   --->   Core 1 'Adder' <Latency = 0> <II = 1> <Delay = 1.46> <FuncUnit> <Opcode : 'add' 'sub'> <InPorts = 2> <OutPorts = 1>
ST_4 : Operation 573 [1/1] (0.00ns)   --->   "%sext_ln58_121 = sext i28 %add_ln58_335" [firmware/nnet_utils/nnet_dense_latency.h:58->firmware/nnet_utils/nnet_dense_stream.h:17]   --->   Operation 573 'sext' 'sext_ln58_121' <Predicate = true> <Delay = 0.00>
ST_4 : Operation 574 [1/1] (0.00ns) (grouped into TernaryAdder)   --->   "%add_ln58_336 = add i28 %sext_ln58_99, i28 %sext_ln73_175" [firmware/nnet_utils/nnet_dense_latency.h:58->firmware/nnet_utils/nnet_dense_stream.h:17]   --->   Operation 574 'add' 'add_ln58_336' <Predicate = true> <Delay = 0.00> <CoreInst = "TAddSub">   --->   Core 10 'TAddSub' <Latency = 0> <II = 1> <Delay = 0.52> <IPBlock> <Opcode : '' 'add' 'sub'> <InPorts = 3> <OutPorts = 1> <Sync> <CReg>
ST_4 : Operation 575 [1/1] (0.00ns) (grouped into TernaryAdder)   --->   "%add_ln58_337 = add i25 %mul_ln73_298, i25 %sext_ln73_163" [firmware/nnet_utils/nnet_dense_latency.h:58->firmware/nnet_utils/nnet_dense_stream.h:17]   --->   Operation 575 'add' 'add_ln58_337' <Predicate = true> <Delay = 0.00> <CoreInst = "TAddSub">   --->   Core 10 'TAddSub' <Latency = 0> <II = 1> <Delay = 0.52> <IPBlock> <Opcode : '' 'add' 'sub'> <InPorts = 3> <OutPorts = 1> <Sync> <CReg>
ST_4 : Operation 576 [1/1] (1.04ns) (root node of TernaryAdder)   --->   "%add_ln58_338 = add i25 %add_ln58_337, i25 %mul_ln73_284" [firmware/nnet_utils/nnet_dense_latency.h:58->firmware/nnet_utils/nnet_dense_stream.h:17]   --->   Operation 576 'add' 'add_ln58_338' <Predicate = true> <Delay = 1.04> <CoreInst = "TAddSub">   --->   Core 10 'TAddSub' <Latency = 0> <II = 1> <Delay = 0.52> <IPBlock> <Opcode : '' 'add' 'sub'> <InPorts = 3> <OutPorts = 1> <Sync> <CReg>
ST_4 : Operation 577 [1/1] (0.00ns)   --->   "%sext_ln58_182 = sext i25 %add_ln58_338" [firmware/nnet_utils/nnet_dense_latency.h:58->firmware/nnet_utils/nnet_dense_stream.h:17]   --->   Operation 577 'sext' 'sext_ln58_182' <Predicate = true> <Delay = 0.00>
ST_4 : Operation 578 [1/1] (1.05ns) (root node of TernaryAdder)   --->   "%add_ln58_339 = add i28 %sext_ln58_182, i28 %add_ln58_336" [firmware/nnet_utils/nnet_dense_latency.h:58->firmware/nnet_utils/nnet_dense_stream.h:17]   --->   Operation 578 'add' 'add_ln58_339' <Predicate = true> <Delay = 1.05> <CoreInst = "TAddSub">   --->   Core 10 'TAddSub' <Latency = 0> <II = 1> <Delay = 0.52> <IPBlock> <Opcode : '' 'add' 'sub'> <InPorts = 3> <OutPorts = 1> <Sync> <CReg>
ST_4 : Operation 579 [1/1] (0.00ns)   --->   "%sext_ln58_122 = sext i28 %add_ln58_339" [firmware/nnet_utils/nnet_dense_latency.h:58->firmware/nnet_utils/nnet_dense_stream.h:17]   --->   Operation 579 'sext' 'sext_ln58_122' <Predicate = true> <Delay = 0.00>
ST_4 : Operation 580 [1/1] (0.00ns) (grouped into TernaryAdder)   --->   "%add_ln58_340 = add i28 %sext_ln58_103, i28 %mul_ln73_289_cast" [firmware/nnet_utils/nnet_dense_latency.h:58->firmware/nnet_utils/nnet_dense_stream.h:17]   --->   Operation 580 'add' 'add_ln58_340' <Predicate = true> <Delay = 0.00> <CoreInst = "TAddSub">   --->   Core 10 'TAddSub' <Latency = 0> <II = 1> <Delay = 0.52> <IPBlock> <Opcode : '' 'add' 'sub'> <InPorts = 3> <OutPorts = 1> <Sync> <CReg>
ST_4 : Operation 581 [1/1] (1.46ns)   --->   "%add_ln58_341 = add i26 %mul_ln73_270, i26 %sext_ln58" [firmware/nnet_utils/nnet_dense_latency.h:58->firmware/nnet_utils/nnet_dense_stream.h:17]   --->   Operation 581 'add' 'add_ln58_341' <Predicate = true> <Delay = 1.46> <CoreInst = "Adder">   --->   Core 1 'Adder' <Latency = 0> <II = 1> <Delay = 1.46> <FuncUnit> <Opcode : 'add' 'sub'> <InPorts = 2> <OutPorts = 1>
ST_4 : Operation 582 [1/1] (0.00ns)   --->   "%sext_ln58_183 = sext i26 %add_ln58_341" [firmware/nnet_utils/nnet_dense_latency.h:58->firmware/nnet_utils/nnet_dense_stream.h:17]   --->   Operation 582 'sext' 'sext_ln58_183' <Predicate = true> <Delay = 0.00>
ST_4 : Operation 583 [1/1] (1.05ns) (root node of TernaryAdder)   --->   "%add_ln58_342 = add i28 %sext_ln58_183, i28 %add_ln58_340" [firmware/nnet_utils/nnet_dense_latency.h:58->firmware/nnet_utils/nnet_dense_stream.h:17]   --->   Operation 583 'add' 'add_ln58_342' <Predicate = true> <Delay = 1.05> <CoreInst = "TAddSub">   --->   Core 10 'TAddSub' <Latency = 0> <II = 1> <Delay = 0.52> <IPBlock> <Opcode : '' 'add' 'sub'> <InPorts = 3> <OutPorts = 1> <Sync> <CReg>
ST_4 : Operation 584 [1/1] (0.00ns)   --->   "%sext_ln18 = sext i28 %add_ln58_342" [firmware/nnet_utils/nnet_dense_stream.h:18]   --->   Operation 584 'sext' 'sext_ln18' <Predicate = true> <Delay = 0.00>
ST_4 : Operation 585 [1/1] (0.00ns)   --->   "%mrv = insertvalue i555 <undef>, i37 %sext_ln58_109" [firmware/nnet_utils/nnet_dense_stream.h:18]   --->   Operation 585 'insertvalue' 'mrv' <Predicate = true> <Delay = 0.00>
ST_4 : Operation 586 [1/1] (0.00ns)   --->   "%mrv_1 = insertvalue i555 %mrv, i37 %sext_ln58_110" [firmware/nnet_utils/nnet_dense_stream.h:18]   --->   Operation 586 'insertvalue' 'mrv_1' <Predicate = true> <Delay = 0.00>
ST_4 : Operation 587 [1/1] (0.00ns)   --->   "%mrv_2 = insertvalue i555 %mrv_1, i37 %sext_ln58_111" [firmware/nnet_utils/nnet_dense_stream.h:18]   --->   Operation 587 'insertvalue' 'mrv_2' <Predicate = true> <Delay = 0.00>
ST_4 : Operation 588 [1/1] (0.00ns)   --->   "%mrv_3 = insertvalue i555 %mrv_2, i37 %sext_ln58_112" [firmware/nnet_utils/nnet_dense_stream.h:18]   --->   Operation 588 'insertvalue' 'mrv_3' <Predicate = true> <Delay = 0.00>
ST_4 : Operation 589 [1/1] (0.00ns)   --->   "%mrv_4 = insertvalue i555 %mrv_3, i37 %sext_ln58_113" [firmware/nnet_utils/nnet_dense_stream.h:18]   --->   Operation 589 'insertvalue' 'mrv_4' <Predicate = true> <Delay = 0.00>
ST_4 : Operation 590 [1/1] (0.00ns)   --->   "%mrv_5 = insertvalue i555 %mrv_4, i37 %sext_ln58_114" [firmware/nnet_utils/nnet_dense_stream.h:18]   --->   Operation 590 'insertvalue' 'mrv_5' <Predicate = true> <Delay = 0.00>
ST_4 : Operation 591 [1/1] (0.00ns)   --->   "%mrv_6 = insertvalue i555 %mrv_5, i37 %sext_ln58_115" [firmware/nnet_utils/nnet_dense_stream.h:18]   --->   Operation 591 'insertvalue' 'mrv_6' <Predicate = true> <Delay = 0.00>
ST_4 : Operation 592 [1/1] (0.00ns)   --->   "%mrv_7 = insertvalue i555 %mrv_6, i37 %sext_ln58_116" [firmware/nnet_utils/nnet_dense_stream.h:18]   --->   Operation 592 'insertvalue' 'mrv_7' <Predicate = true> <Delay = 0.00>
ST_4 : Operation 593 [1/1] (0.00ns)   --->   "%mrv_8 = insertvalue i555 %mrv_7, i37 %sext_ln58_117" [firmware/nnet_utils/nnet_dense_stream.h:18]   --->   Operation 593 'insertvalue' 'mrv_8' <Predicate = true> <Delay = 0.00>
ST_4 : Operation 594 [1/1] (0.00ns)   --->   "%mrv_9 = insertvalue i555 %mrv_8, i37 %sext_ln58_118" [firmware/nnet_utils/nnet_dense_stream.h:18]   --->   Operation 594 'insertvalue' 'mrv_9' <Predicate = true> <Delay = 0.00>
ST_4 : Operation 595 [1/1] (0.00ns)   --->   "%mrv_s = insertvalue i555 %mrv_9, i37 %sext_ln58_119" [firmware/nnet_utils/nnet_dense_stream.h:18]   --->   Operation 595 'insertvalue' 'mrv_s' <Predicate = true> <Delay = 0.00>
ST_4 : Operation 596 [1/1] (0.00ns)   --->   "%mrv_10 = insertvalue i555 %mrv_s, i37 %sext_ln58_120" [firmware/nnet_utils/nnet_dense_stream.h:18]   --->   Operation 596 'insertvalue' 'mrv_10' <Predicate = true> <Delay = 0.00>
ST_4 : Operation 597 [1/1] (0.00ns)   --->   "%mrv_11 = insertvalue i555 %mrv_10, i37 %sext_ln58_121" [firmware/nnet_utils/nnet_dense_stream.h:18]   --->   Operation 597 'insertvalue' 'mrv_11' <Predicate = true> <Delay = 0.00>
ST_4 : Operation 598 [1/1] (0.00ns)   --->   "%mrv_12 = insertvalue i555 %mrv_11, i37 %sext_ln58_122" [firmware/nnet_utils/nnet_dense_stream.h:18]   --->   Operation 598 'insertvalue' 'mrv_12' <Predicate = true> <Delay = 0.00>
ST_4 : Operation 599 [1/1] (0.00ns)   --->   "%mrv_13 = insertvalue i555 %mrv_12, i37 %sext_ln18" [firmware/nnet_utils/nnet_dense_stream.h:18]   --->   Operation 599 'insertvalue' 'mrv_13' <Predicate = true> <Delay = 0.00>
ST_4 : Operation 600 [1/1] (0.00ns)   --->   "%ret_ln18 = ret i555 %mrv_13" [firmware/nnet_utils/nnet_dense_stream.h:18]   --->   Operation 600 'ret' 'ret_ln18' <Predicate = true> <Delay = 0.00>


============================================================
+ Verbose Summary: Binding
============================================================
STG Binding: 
---------------- STG Properties BEGIN ----------------
- Is combinational: 0
- Is one-state seq: 0
- Is datapath-only: 1
- Is pipelined: 1
- Is top level: 0
Port [ Return ] is wired: 1; IO mode=ap_ctrl_hs:ce=0
Port [ data_0_val1]:  wired=1; compound=0; hidden=0; nouse=0; global=0; static=0; extern=0; dir=0; type=0; pingpong=0; private_global=0; IO mode=ap_none:ce=0
Port [ data_1_val2]:  wired=1; compound=0; hidden=0; nouse=0; global=0; static=0; extern=0; dir=0; type=0; pingpong=0; private_global=0; IO mode=ap_none:ce=0
Port [ data_2_val3]:  wired=1; compound=0; hidden=0; nouse=0; global=0; static=0; extern=0; dir=0; type=0; pingpong=0; private_global=0; IO mode=ap_none:ce=0
Port [ data_3_val4]:  wired=1; compound=0; hidden=0; nouse=0; global=0; static=0; extern=0; dir=0; type=0; pingpong=0; private_global=0; IO mode=ap_none:ce=0
Port [ data_4_val5]:  wired=1; compound=0; hidden=0; nouse=0; global=0; static=0; extern=0; dir=0; type=0; pingpong=0; private_global=0; IO mode=ap_none:ce=0
Port [ data_5_val6]:  wired=1; compound=0; hidden=0; nouse=0; global=0; static=0; extern=0; dir=0; type=0; pingpong=0; private_global=0; IO mode=ap_none:ce=0
Port [ data_6_val7]:  wired=1; compound=0; hidden=0; nouse=0; global=0; static=0; extern=0; dir=0; type=0; pingpong=0; private_global=0; IO mode=ap_none:ce=0
Port [ data_7_val8]:  wired=1; compound=0; hidden=0; nouse=0; global=0; static=0; extern=0; dir=0; type=0; pingpong=0; private_global=0; IO mode=ap_none:ce=0
Port [ data_8_val9]:  wired=1; compound=0; hidden=0; nouse=0; global=0; static=0; extern=0; dir=0; type=0; pingpong=0; private_global=0; IO mode=ap_none:ce=0
Port [ data_9_val10]:  wired=1; compound=0; hidden=0; nouse=0; global=0; static=0; extern=0; dir=0; type=0; pingpong=0; private_global=0; IO mode=ap_none:ce=0
---------------- STG Properties END ------------------

---------------- Datapath Model BEGIN ----------------

<LifeTime>
<method=bitvector/>
data_9_val10_read      (read             ) [ 01110]
data_8_val9_read       (read             ) [ 01110]
data_7_val8_read       (read             ) [ 01110]
data_6_val7_read       (read             ) [ 01110]
data_5_val6_read       (read             ) [ 01110]
data_4_val5_read       (read             ) [ 01110]
data_3_val4_read       (read             ) [ 01111]
data_2_val3_read       (read             ) [ 01110]
data_1_val2_read       (read             ) [ 01110]
data_0_val1_read       (read             ) [ 01100]
sext_ln73_102          (sext             ) [ 00000]
mul_ln73_173           (mul              ) [ 01100]
mul_ln73_178           (mul              ) [ 01110]
sext_ln70_89           (sext             ) [ 01100]
mul_ln73_223           (mul              ) [ 01100]
sext_ln73              (sext             ) [ 01010]
sext_ln70              (sext             ) [ 00000]
sext_ln70_77           (sext             ) [ 00000]
mul_ln73               (mul              ) [ 01010]
mul_ln73_174           (mul              ) [ 01010]
mul_ln73_175           (mul              ) [ 01010]
mul_ln73_176           (mul              ) [ 01010]
mul_ln73_177           (mul              ) [ 01010]
mul_ln73_180           (mul              ) [ 01010]
mul_ln73_181           (mul              ) [ 01010]
mul_ln73_182           (mul              ) [ 01010]
sext_ln73_103          (sext             ) [ 00000]
mul_ln73_183           (mul              ) [ 01010]
shl_ln                 (bitconcatenate   ) [ 00000]
sext_ln73_104          (sext             ) [ 00000]
mul_ln73_184           (mul              ) [ 01010]
mul_ln73_185           (mul              ) [ 01010]
sext_ln70_78           (sext             ) [ 00000]
sext_ln70_79           (sext             ) [ 00000]
mul_ln73_187           (mul              ) [ 01010]
mul_ln73_188           (mul              ) [ 01010]
shl_ln73_s             (bitconcatenate   ) [ 00000]
sext_ln73_107          (sext             ) [ 00000]
sub_ln73               (sub              ) [ 01010]
sext_ln73_110          (sext             ) [ 00000]
mul_ln73_189           (mul              ) [ 01010]
mul_ln73_193           (mul              ) [ 01010]
mul_ln73_194           (mul              ) [ 01010]
mul_ln73_195           (mul              ) [ 01010]
mul_ln73_196           (mul              ) [ 01010]
sext_ln70_80           (sext             ) [ 00000]
mul_ln73_199           (mul              ) [ 01010]
shl_ln73_38            (bitconcatenate   ) [ 00000]
sext_ln73_118          (sext             ) [ 00000]
shl_ln73_39            (bitconcatenate   ) [ 00000]
sext_ln73_119          (sext             ) [ 00000]
sub_ln73_21            (sub              ) [ 00000]
sext_ln73_120          (sext             ) [ 00000]
sext_ln73_121          (sext             ) [ 00000]
mul_ln73_201           (mul              ) [ 01010]
mul_ln73_204           (mul              ) [ 01010]
mul_ln73_209           (mul              ) [ 01010]
mul_ln70               (mul              ) [ 01010]
sext_ln70_83           (sext             ) [ 00000]
sext_ln70_84           (sext             ) [ 00000]
sext_ln70_86           (sext             ) [ 00000]
mul_ln73_210           (mul              ) [ 01010]
mul_ln73_212           (mul              ) [ 01010]
mul_ln73_213           (mul              ) [ 01010]
mul_ln73_214           (mul              ) [ 01010]
mul_ln73_216           (mul              ) [ 01010]
shl_ln73_45            (bitconcatenate   ) [ 00000]
sext_ln73_136          (sext             ) [ 00000]
sub_ln73_26            (sub              ) [ 01010]
sext_ln70_90           (sext             ) [ 01010]
sext_ln70_91           (sext             ) [ 00000]
mul_ln73_220           (mul              ) [ 01010]
mul_ln73_221           (mul              ) [ 01010]
mul_ln73_222           (mul              ) [ 01010]
mul_ln73_224           (mul              ) [ 01010]
shl_ln73_46            (bitconcatenate   ) [ 00000]
sext_ln73_139          (sext             ) [ 00000]
add_ln73               (add              ) [ 01010]
mul_ln73_225           (mul              ) [ 01010]
mul_ln73_226           (mul              ) [ 01011]
mul_ln73_227           (mul              ) [ 01010]
mul_ln73_229           (mul              ) [ 01010]
sext_ln70_92           (sext             ) [ 00000]
sext_ln70_93           (sext             ) [ 01010]
sext_ln70_94           (sext             ) [ 00000]
mul_ln73_230           (mul              ) [ 01010]
mul_ln73_232           (mul              ) [ 01010]
mul_ln73_233           (mul              ) [ 01010]
mul_ln73_234           (mul              ) [ 01010]
mul_ln73_235           (mul              ) [ 01011]
mul_ln73_236           (mul              ) [ 01010]
mul_ln73_238           (mul              ) [ 01010]
mul_ln73_239           (mul              ) [ 01010]
mul_ln73_241           (mul              ) [ 01010]
mul_ln73_243           (mul              ) [ 01010]
sext_ln70_96           (sext             ) [ 00000]
sext_ln70_97           (sext             ) [ 01010]
sext_ln70_98           (sext             ) [ 01010]
mul_ln73_245           (mul              ) [ 01010]
mul_ln73_247           (mul              ) [ 01010]
mul_ln73_248           (mul              ) [ 01010]
mul_ln73_250           (mul              ) [ 01010]
mul_ln73_251           (mul              ) [ 01010]
mul_ln73_255           (mul              ) [ 01010]
mul_ln73_257           (mul              ) [ 01010]
sext_ln70_99           (sext             ) [ 00000]
sext_ln70_100          (sext             ) [ 01010]
sext_ln70_101          (sext             ) [ 00000]
sext_ln70_102          (sext             ) [ 01010]
mul_ln73_258           (mul              ) [ 01010]
mul_ln73_260           (mul              ) [ 01010]
mul_ln73_261           (mul              ) [ 01010]
mul_ln73_262           (mul              ) [ 01010]
mul_ln73_264           (mul              ) [ 01010]
mul_ln73_265           (mul              ) [ 01010]
mul_ln73_268           (mul              ) [ 01010]
sext_ln70_103          (sext             ) [ 01010]
sext_ln70_104          (sext             ) [ 00000]
sext_ln70_105          (sext             ) [ 01010]
sext_ln70_106          (sext             ) [ 00000]
mul_ln73_272           (mul              ) [ 01010]
mul_ln73_276           (mul              ) [ 01010]
mul_ln73_277           (mul              ) [ 01010]
mul_ln73_280           (mul              ) [ 01010]
mul_ln73_282           (mul              ) [ 01010]
sext_ln70_108          (sext             ) [ 00000]
sext_ln70_110          (sext             ) [ 00000]
sext_ln70_111          (sext             ) [ 01010]
mul_ln73_286           (mul              ) [ 01010]
mul_ln73_288           (mul              ) [ 01010]
mul_ln73_291           (mul              ) [ 01010]
mul_ln73_296           (mul              ) [ 01010]
add_ln58_196           (add              ) [ 01010]
add_ln58_202           (add              ) [ 00000]
zext_ln58              (zext             ) [ 00000]
add_ln58_203           (add              ) [ 01010]
add_ln58_262           (add              ) [ 01010]
mul_ln73_179           (mul              ) [ 01001]
sext_ln73_105          (sext             ) [ 00000]
mul_ln73_186           (mul              ) [ 01001]
sext_ln73_106          (sext             ) [ 00000]
shl_ln73_32            (bitconcatenate   ) [ 00000]
sext_ln73_108          (sext             ) [ 00000]
sext_ln73_109          (sext             ) [ 00000]
sub_ln73_17            (sub              ) [ 00000]
shl_ln73_33            (bitconcatenate   ) [ 00000]
sext_ln73_111          (sext             ) [ 00000]
sub_ln73_18            (sub              ) [ 00000]
mul_ln73_190           (mul              ) [ 01001]
mul_ln73_191           (mul              ) [ 01001]
mul_ln73_192           (mul              ) [ 01001]
sext_ln73_112          (sext             ) [ 00000]
shl_ln73_34            (bitconcatenate   ) [ 00000]
sext_ln73_113          (sext             ) [ 00000]
shl_ln73_35            (bitconcatenate   ) [ 00000]
sext_ln73_114          (sext             ) [ 00000]
sub_ln73_19            (sub              ) [ 00000]
sext_ln73_115          (sext             ) [ 00000]
shl_ln73_36            (bitconcatenate   ) [ 00000]
sext_ln73_116          (sext             ) [ 00000]
shl_ln73_37            (bitconcatenate   ) [ 00000]
sext_ln73_117          (sext             ) [ 00000]
sub_ln73_20            (sub              ) [ 00000]
sext_ln70_81           (sext             ) [ 00000]
sext_ln70_82           (sext             ) [ 00000]
mul_ln73_197           (mul              ) [ 01001]
mul_ln73_198           (mul              ) [ 01001]
mul_ln73_200           (mul              ) [ 01001]
mul_ln73_202           (mul              ) [ 01001]
mul_ln73_203           (mul              ) [ 01001]
sext_ln73_122          (sext             ) [ 00000]
mul_ln73_205           (mul              ) [ 01001]
mul_ln73_206           (mul              ) [ 01001]
mul_ln73_207           (mul              ) [ 01001]
mul_ln73_208           (mul              ) [ 01001]
sext_ln70_85           (sext             ) [ 00000]
sext_ln73_124          (sext             ) [ 00000]
mul_ln73_211           (mul              ) [ 01001]
shl_ln73_40            (bitconcatenate   ) [ 00000]
sext_ln73_125          (sext             ) [ 00000]
shl_ln73_41            (bitconcatenate   ) [ 00000]
sext_ln73_126          (sext             ) [ 00000]
sext_ln73_127          (sext             ) [ 00000]
sext_ln73_128          (sext             ) [ 00000]
sub_ln73_22            (sub              ) [ 00000]
shl_ln73_42            (bitconcatenate   ) [ 00000]
sext_ln73_129          (sext             ) [ 00000]
sub_ln73_23            (sub              ) [ 00000]
sub_ln73_24            (sub              ) [ 00000]
sext_ln73_130          (sext             ) [ 00000]
sext_ln73_131          (sext             ) [ 00000]
shl_ln73_43            (bitconcatenate   ) [ 00000]
sext_ln73_132          (sext             ) [ 00000]
sub_ln73_25            (sub              ) [ 00000]
sext_ln73_133          (sext             ) [ 00000]
mul_ln73_215           (mul              ) [ 01001]
mul_ln73_217           (mul              ) [ 01001]
mul_ln73_218           (mul              ) [ 01001]
mul_ln73_219           (mul              ) [ 01001]
sext_ln70_87           (sext             ) [ 00000]
sext_ln70_88           (sext             ) [ 00000]
sext_ln73_137          (sext             ) [ 00000]
sext_ln73_138          (sext             ) [ 00000]
sext_ln73_140          (sext             ) [ 00000]
sext_ln73_141          (sext             ) [ 00000]
shl_ln73_47            (bitconcatenate   ) [ 00000]
sext_ln73_142          (sext             ) [ 00000]
shl_ln73_48            (bitconcatenate   ) [ 00000]
sext_ln73_143          (sext             ) [ 00000]
sext_ln73_144          (sext             ) [ 00000]
sub_ln73_27            (sub              ) [ 00000]
shl_ln73_49            (bitconcatenate   ) [ 00000]
sext_ln73_145          (sext             ) [ 00000]
sub_ln73_28            (sub              ) [ 00000]
sext_ln73_146          (sext             ) [ 00000]
mul_ln73_228           (mul              ) [ 01001]
add_ln73_4             (add              ) [ 01001]
mul_ln73_233_cast      (sext             ) [ 00000]
mul_ln73_231           (mul              ) [ 01001]
sext_ln73_150          (sext             ) [ 00000]
mul_ln73_237           (mul              ) [ 01001]
mul_ln73_240           (mul              ) [ 01001]
shl_ln73_50            (bitconcatenate   ) [ 00000]
sext_ln73_152          (sext             ) [ 00000]
shl_ln73_51            (bitconcatenate   ) [ 00000]
sext_ln73_153          (sext             ) [ 00000]
sub_ln73_29            (sub              ) [ 00000]
sext_ln73_154          (sext             ) [ 00000]
mul_ln73_242           (mul              ) [ 01001]
sext_ln70_95           (sext             ) [ 00000]
mul_ln73_244           (mul              ) [ 01001]
mul_ln73_246           (mul              ) [ 01001]
sext_ln73_156          (sext             ) [ 00000]
mul_ln73_249           (mul              ) [ 01001]
mul_ln73_252           (mul              ) [ 01001]
mul_ln73_253           (mul              ) [ 01001]
shl_ln73_52            (bitconcatenate   ) [ 00000]
sext_ln73_159          (sext             ) [ 00000]
shl_ln73_53            (bitconcatenate   ) [ 00000]
sext_ln73_160          (sext             ) [ 00000]
sub_ln73_30            (sub              ) [ 00000]
sext_ln73_161          (sext             ) [ 00000]
mul_ln73_254           (mul              ) [ 01001]
mul_ln73_256           (mul              ) [ 01001]
shl_ln73_54            (bitconcatenate   ) [ 00000]
sext_ln73_164          (sext             ) [ 00000]
sext_ln73_165          (sext             ) [ 00000]
shl_ln73_55            (bitconcatenate   ) [ 00000]
sext_ln73_166          (sext             ) [ 00000]
sub_ln73_31            (sub              ) [ 00000]
sext_ln73_167          (sext             ) [ 00000]
shl_ln73_56            (bitconcatenate   ) [ 00000]
sext_ln73_168          (sext             ) [ 00000]
sub_ln73_32            (sub              ) [ 00000]
sext_ln73_169          (sext             ) [ 00000]
mul_ln73_259           (mul              ) [ 01001]
sext_ln73_171          (sext             ) [ 00000]
mul_ln73_263           (mul              ) [ 01001]
mul_ln73_266           (mul              ) [ 01001]
mul_ln73_267           (mul              ) [ 01001]
mul_ln73_269           (mul              ) [ 01001]
mul_ln73_270           (mul              ) [ 01001]
sext_ln70_107          (sext             ) [ 00000]
mul_ln73_271           (mul              ) [ 01001]
sext_ln73_177          (sext             ) [ 00000]
mul_ln73_273           (mul              ) [ 01001]
mul_ln73_274           (mul              ) [ 01001]
mul_ln73_275           (mul              ) [ 01001]
mul_ln73_278           (mul              ) [ 01001]
mul_ln73_279           (mul              ) [ 01001]
mul_ln73_281           (mul              ) [ 01001]
mul_ln73_283           (mul              ) [ 01001]
mul_ln73_284           (mul              ) [ 01001]
mul_ln73_285           (mul              ) [ 01001]
sext_ln70_109          (sext             ) [ 00000]
sext_ln70_112          (sext             ) [ 00000]
mul_ln73_287           (mul              ) [ 01001]
sext_ln73_180          (sext             ) [ 00000]
mul_ln73_289           (mul              ) [ 01001]
mul_ln73_290           (mul              ) [ 01001]
mul_ln73_292           (mul              ) [ 01001]
mul_ln73_293           (mul              ) [ 01001]
shl_ln73_57            (bitconcatenate   ) [ 00000]
sext_ln73_183          (sext             ) [ 00000]
shl_ln73_58            (bitconcatenate   ) [ 00000]
sext_ln73_184          (sext             ) [ 00000]
sub_ln73_33            (sub              ) [ 01001]
mul_ln73_294           (mul              ) [ 01001]
mul_ln73_295           (mul              ) [ 01001]
mul_ln73_297           (mul              ) [ 01001]
mul_ln73_298           (mul              ) [ 01001]
mul_ln73_299           (mul              ) [ 01001]
add_ln58               (add              ) [ 01001]
sext_ln58_66           (sext             ) [ 00000]
add_ln58_197           (add              ) [ 00000]
sext_ln58_67           (sext             ) [ 00000]
add_ln58_198           (add              ) [ 01001]
add_ln58_199           (add              ) [ 00000]
add_ln58_200           (add              ) [ 00000]
sext_ln58_70           (sext             ) [ 00000]
add_ln58_201           (add              ) [ 00000]
sext_ln58_71           (sext             ) [ 00000]
sext_ln58_72           (sext             ) [ 00000]
add_ln58_204           (add              ) [ 00000]
sext_ln58_73           (sext             ) [ 00000]
add_ln58_206           (add              ) [ 00000]
sext_ln58_125          (sext             ) [ 00000]
add_ln58_207           (add              ) [ 00000]
sext_ln58_126          (sext             ) [ 00000]
add_ln58_208           (add              ) [ 00000]
sext_ln58_76           (sext             ) [ 00000]
add_ln58_209           (add              ) [ 00000]
sext_ln58_127          (sext             ) [ 00000]
add_ln58_210           (add              ) [ 01001]
add_ln58_212           (add              ) [ 01001]
add_ln58_213           (add              ) [ 01001]
add_ln58_214           (add              ) [ 01001]
add_ln58_215           (add              ) [ 01001]
add_ln58_216           (add              ) [ 00000]
add_ln58_217           (add              ) [ 00000]
sext_ln58_128          (sext             ) [ 00000]
add_ln58_218           (add              ) [ 00000]
sext_ln58_83           (sext             ) [ 00000]
add_ln58_222           (add              ) [ 00000]
add_ln58_223           (add              ) [ 00000]
sext_ln58_129          (sext             ) [ 00000]
add_ln58_224           (add              ) [ 01001]
add_ln58_225           (add              ) [ 00000]
add_ln58_226           (add              ) [ 00000]
sext_ln58_130          (sext             ) [ 00000]
add_ln58_227           (add              ) [ 01001]
add_ln58_229           (add              ) [ 01001]
add_ln58_235           (add              ) [ 01001]
add_ln58_238           (add              ) [ 01001]
add_ln58_240           (add              ) [ 00000]
add_ln58_241           (add              ) [ 00000]
sext_ln58_136          (sext             ) [ 00000]
add_ln58_242           (add              ) [ 00000]
sext_ln58_137          (sext             ) [ 00000]
add_ln58_243           (add              ) [ 01001]
add_ln58_245           (add              ) [ 00000]
sext_ln58_138          (sext             ) [ 00000]
add_ln58_246           (add              ) [ 01001]
add_ln58_248           (add              ) [ 00000]
add_ln58_249           (add              ) [ 00000]
sext_ln58_140          (sext             ) [ 00000]
add_ln58_250           (add              ) [ 01001]
add_ln58_252           (add              ) [ 00000]
sext_ln58_141          (sext             ) [ 00000]
add_ln58_253           (add              ) [ 01001]
add_ln58_255           (add              ) [ 01001]
add_ln58_260           (add              ) [ 00000]
sext_ln58_145          (sext             ) [ 00000]
add_ln58_261           (add              ) [ 00000]
sext_ln58_146          (sext             ) [ 00000]
add_ln58_263           (add              ) [ 00000]
sext_ln58_147          (sext             ) [ 00000]
add_ln58_264           (add              ) [ 01001]
add_ln58_267           (add              ) [ 01001]
add_ln58_271           (add              ) [ 01001]
add_ln58_274           (add              ) [ 01001]
add_ln58_277           (add              ) [ 00000]
sext_ln58_154          (sext             ) [ 00000]
add_ln58_278           (add              ) [ 01001]
add_ln58_281           (add              ) [ 00000]
sext_ln58_156          (sext             ) [ 00000]
add_ln58_282           (add              ) [ 01001]
add_ln58_285           (add              ) [ 00000]
sext_ln58_158          (sext             ) [ 00000]
add_ln58_286           (add              ) [ 01001]
add_ln58_289           (add              ) [ 00000]
add_ln58_290           (add              ) [ 01001]
add_ln58_292           (add              ) [ 01001]
add_ln58_294           (add              ) [ 00000]
sext_ln58_162          (sext             ) [ 00000]
add_ln58_295           (add              ) [ 00000]
sext_ln58_163          (sext             ) [ 00000]
add_ln58_296           (add              ) [ 01001]
add_ln58_299           (add              ) [ 01001]
add_ln58_304           (add              ) [ 01001]
add_ln58_313           (add              ) [ 00000]
sext_ln58_171          (sext             ) [ 00000]
add_ln58_314           (add              ) [ 00000]
sext_ln58_172          (sext             ) [ 00000]
add_ln58_315           (add              ) [ 01001]
add_ln58_324           (add              ) [ 01001]
add_ln58_331           (add              ) [ 01001]
specpipeline_ln33      (specpipeline     ) [ 00000]
specresourcelimit_ln33 (specresourcelimit) [ 00000]
sext_ln73_123          (sext             ) [ 00000]
sext_ln73_134          (sext             ) [ 00000]
shl_ln73_44            (bitconcatenate   ) [ 00000]
sext_ln73_135          (sext             ) [ 00000]
sext_ln73_147          (sext             ) [ 00000]
sext_ln73_148          (sext             ) [ 00000]
sext_ln73_149          (sext             ) [ 00000]
sext_ln73_151          (sext             ) [ 00000]
sext_ln73_155          (sext             ) [ 00000]
sext_ln73_157          (sext             ) [ 00000]
sext_ln73_158          (sext             ) [ 00000]
sext_ln73_162          (sext             ) [ 00000]
sext_ln73_163          (sext             ) [ 00000]
sext_ln73_170          (sext             ) [ 00000]
sext_ln73_172          (sext             ) [ 00000]
sext_ln73_173          (sext             ) [ 00000]
sext_ln73_174          (sext             ) [ 00000]
sext_ln73_175          (sext             ) [ 00000]
sext_ln73_176          (sext             ) [ 00000]
sext_ln73_178          (sext             ) [ 00000]
mul_ln73_289_cast      (sext             ) [ 00000]
sext_ln73_179          (sext             ) [ 00000]
sext_ln73_181          (sext             ) [ 00000]
sext_ln73_182          (sext             ) [ 00000]
sext_ln73_185          (sext             ) [ 00000]
sext_ln73_186          (sext             ) [ 00000]
sext_ln58              (sext             ) [ 00000]
sext_ln58_65           (sext             ) [ 00000]
sext_ln58_68           (sext             ) [ 00000]
add_ln58_205           (add              ) [ 00000]
sext_ln58_74           (sext             ) [ 00000]
sext_ln58_77           (sext             ) [ 00000]
add_ln58_211           (add              ) [ 00000]
sext_ln58_78           (sext             ) [ 00000]
sext_ln58_79           (sext             ) [ 00000]
sext_ln58_80           (sext             ) [ 00000]
sext_ln58_81           (sext             ) [ 00000]
add_ln58_219           (add              ) [ 00000]
add_ln58_220           (add              ) [ 00000]
sext_ln58_84           (sext             ) [ 00000]
add_ln58_221           (add              ) [ 00000]
sext_ln58_85           (sext             ) [ 00000]
sext_ln58_86           (sext             ) [ 00000]
sext_ln58_87           (sext             ) [ 00000]
add_ln58_228           (add              ) [ 00000]
sext_ln58_131          (sext             ) [ 00000]
add_ln58_230           (add              ) [ 00000]
sext_ln58_88           (sext             ) [ 00000]
add_ln58_231           (add              ) [ 00000]
add_ln58_232           (add              ) [ 00000]
sext_ln58_89           (sext             ) [ 00000]
sext_ln58_132          (sext             ) [ 00000]
sext_ln58_133          (sext             ) [ 00000]
sub_ln58               (sub              ) [ 00000]
add_ln58_233           (add              ) [ 00000]
sext_ln58_90           (sext             ) [ 00000]
add_ln58_234           (add              ) [ 00000]
sext_ln58_134          (sext             ) [ 00000]
add_ln58_236           (add              ) [ 00000]
sext_ln58_91           (sext             ) [ 00000]
add_ln58_237           (add              ) [ 00000]
sext_ln58_135          (sext             ) [ 00000]
add_ln58_239           (add              ) [ 00000]
sext_ln58_92           (sext             ) [ 00000]
sext_ln58_94           (sext             ) [ 00000]
add_ln58_244           (add              ) [ 00000]
sext_ln58_139          (sext             ) [ 00000]
add_ln58_247           (add              ) [ 00000]
sext_ln58_95           (sext             ) [ 00000]
sext_ln58_96           (sext             ) [ 00000]
add_ln58_251           (add              ) [ 00000]
sext_ln58_142          (sext             ) [ 00000]
add_ln58_254           (add              ) [ 00000]
sext_ln58_97           (sext             ) [ 00000]
sext_ln58_143          (sext             ) [ 00000]
add_ln58_256           (add              ) [ 00000]
sext_ln58_98           (sext             ) [ 00000]
add_ln58_257           (add              ) [ 00000]
add_ln58_258           (add              ) [ 00000]
sext_ln58_144          (sext             ) [ 00000]
add_ln58_259           (add              ) [ 00000]
sext_ln58_99           (sext             ) [ 00000]
sext_ln58_100          (sext             ) [ 00000]
add_ln58_265           (add              ) [ 00000]
sext_ln58_148          (sext             ) [ 00000]
add_ln58_266           (add              ) [ 00000]
sext_ln58_149          (sext             ) [ 00000]
add_ln58_268           (add              ) [ 00000]
sext_ln58_150          (sext             ) [ 00000]
add_ln58_269           (add              ) [ 00000]
sext_ln58_101          (sext             ) [ 00000]
add_ln58_270           (add              ) [ 00000]
sext_ln58_151          (sext             ) [ 00000]
add_ln58_272           (add              ) [ 00000]
sext_ln58_152          (sext             ) [ 00000]
add_ln58_273           (add              ) [ 00000]
sext_ln58_102          (sext             ) [ 00000]
sext_ln58_153          (sext             ) [ 00000]
add_ln58_275           (add              ) [ 00000]
sext_ln58_103          (sext             ) [ 00000]
add_ln58_276           (add              ) [ 00000]
sext_ln58_155          (sext             ) [ 00000]
add_ln58_279           (add              ) [ 00000]
sext_ln58_104          (sext             ) [ 00000]
add_ln58_280           (add              ) [ 00000]
sext_ln58_157          (sext             ) [ 00000]
add_ln58_283           (add              ) [ 00000]
sext_ln58_105          (sext             ) [ 00000]
add_ln58_284           (add              ) [ 00000]
sext_ln58_159          (sext             ) [ 00000]
add_ln58_287           (add              ) [ 00000]
sext_ln58_106          (sext             ) [ 00000]
add_ln58_288           (add              ) [ 00000]
sext_ln58_160          (sext             ) [ 00000]
add_ln58_291           (add              ) [ 00000]
sext_ln58_107          (sext             ) [ 00000]
sext_ln58_161          (sext             ) [ 00000]
add_ln58_293           (add              ) [ 00000]
sext_ln58_164          (sext             ) [ 00000]
add_ln58_297           (add              ) [ 00000]
sext_ln58_108          (sext             ) [ 00000]
add_ln58_298           (add              ) [ 00000]
sext_ln58_165          (sext             ) [ 00000]
add_ln58_300           (add              ) [ 00000]
sext_ln58_166          (sext             ) [ 00000]
add_ln58_301           (add              ) [ 00000]
sext_ln58_109          (sext             ) [ 00000]
add_ln58_302           (add              ) [ 00000]
sext_ln58_110          (sext             ) [ 00000]
add_ln58_303           (add              ) [ 00000]
sext_ln58_167          (sext             ) [ 00000]
add_ln58_305           (add              ) [ 00000]
sext_ln58_168          (sext             ) [ 00000]
add_ln58_306           (add              ) [ 00000]
sext_ln58_111          (sext             ) [ 00000]
add_ln58_307           (add              ) [ 00000]
add_ln58_308           (add              ) [ 00000]
sext_ln58_169          (sext             ) [ 00000]
add_ln58_309           (add              ) [ 00000]
sext_ln58_112          (sext             ) [ 00000]
add_ln58_310           (add              ) [ 00000]
sext_ln58_113          (sext             ) [ 00000]
add_ln58_311           (add              ) [ 00000]
sext_ln58_170          (sext             ) [ 00000]
add_ln58_312           (add              ) [ 00000]
sext_ln58_173          (sext             ) [ 00000]
add_ln58_316           (add              ) [ 00000]
sext_ln58_114          (sext             ) [ 00000]
add_ln58_317           (add              ) [ 00000]
sext_ln58_115          (sext             ) [ 00000]
add_ln58_318           (add              ) [ 00000]
add_ln58_319           (add              ) [ 00000]
sext_ln58_174          (sext             ) [ 00000]
add_ln58_320           (add              ) [ 00000]
sext_ln58_116          (sext             ) [ 00000]
add_ln58_321           (add              ) [ 00000]
sext_ln58_175          (sext             ) [ 00000]
add_ln58_322           (add              ) [ 00000]
sext_ln58_117          (sext             ) [ 00000]
add_ln58_323           (add              ) [ 00000]
sext_ln58_176          (sext             ) [ 00000]
add_ln58_325           (add              ) [ 00000]
sext_ln58_177          (sext             ) [ 00000]
add_ln58_326           (add              ) [ 00000]
sext_ln58_118          (sext             ) [ 00000]
add_ln58_327           (add              ) [ 00000]
add_ln58_328           (add              ) [ 00000]
sext_ln58_178          (sext             ) [ 00000]
add_ln58_329           (add              ) [ 00000]
sext_ln58_119          (sext             ) [ 00000]
add_ln58_330           (add              ) [ 00000]
sext_ln58_179          (sext             ) [ 00000]
add_ln58_332           (add              ) [ 00000]
sext_ln58_180          (sext             ) [ 00000]
add_ln58_333           (add              ) [ 00000]
sext_ln58_120          (sext             ) [ 00000]
add_ln58_334           (add              ) [ 00000]
sext_ln58_181          (sext             ) [ 00000]
add_ln58_335           (add              ) [ 00000]
sext_ln58_121          (sext             ) [ 00000]
add_ln58_336           (add              ) [ 00000]
add_ln58_337           (add              ) [ 00000]
add_ln58_338           (add              ) [ 00000]
sext_ln58_182          (sext             ) [ 00000]
add_ln58_339           (add              ) [ 00000]
sext_ln58_122          (sext             ) [ 00000]
add_ln58_340           (add              ) [ 00000]
add_ln58_341           (add              ) [ 00000]
sext_ln58_183          (sext             ) [ 00000]
add_ln58_342           (add              ) [ 00000]
sext_ln18              (sext             ) [ 00000]
mrv                    (insertvalue      ) [ 00000]
mrv_1                  (insertvalue      ) [ 00000]
mrv_2                  (insertvalue      ) [ 00000]
mrv_3                  (insertvalue      ) [ 00000]
mrv_4                  (insertvalue      ) [ 00000]
mrv_5                  (insertvalue      ) [ 00000]
mrv_6                  (insertvalue      ) [ 00000]
mrv_7                  (insertvalue      ) [ 00000]
mrv_8                  (insertvalue      ) [ 00000]
mrv_9                  (insertvalue      ) [ 00000]
mrv_s                  (insertvalue      ) [ 00000]
mrv_10                 (insertvalue      ) [ 00000]
mrv_11                 (insertvalue      ) [ 00000]
mrv_12                 (insertvalue      ) [ 00000]
mrv_13                 (insertvalue      ) [ 00000]
ret_ln18               (ret              ) [ 00000]
</LifeTime>

<model>

<comp_list>
<comp id="0" class="1000" name="data_0_val1">
<pin_list>
<pin id="1" dir="1" index="0" bw="1" slack="0"/>
</pin_list>
<bind>
<StgValue><ssdm name="data_0_val1"/></StgValue>
</bind>
</comp>

<comp id="2" class="1000" name="data_1_val2">
<pin_list>
<pin id="3" dir="1" index="0" bw="1" slack="0"/>
</pin_list>
<bind>
<StgValue><ssdm name="data_1_val2"/></StgValue>
</bind>
</comp>

<comp id="4" class="1000" name="data_2_val3">
<pin_list>
<pin id="5" dir="1" index="0" bw="1" slack="0"/>
</pin_list>
<bind>
<StgValue><ssdm name="data_2_val3"/></StgValue>
</bind>
</comp>

<comp id="6" class="1000" name="data_3_val4">
<pin_list>
<pin id="7" dir="1" index="0" bw="1" slack="0"/>
</pin_list>
<bind>
<StgValue><ssdm name="data_3_val4"/></StgValue>
</bind>
</comp>

<comp id="8" class="1000" name="data_4_val5">
<pin_list>
<pin id="9" dir="1" index="0" bw="1" slack="0"/>
</pin_list>
<bind>
<StgValue><ssdm name="data_4_val5"/></StgValue>
</bind>
</comp>

<comp id="10" class="1000" name="data_5_val6">
<pin_list>
<pin id="11" dir="1" index="0" bw="1" slack="0"/>
</pin_list>
<bind>
<StgValue><ssdm name="data_5_val6"/></StgValue>
</bind>
</comp>

<comp id="12" class="1000" name="data_6_val7">
<pin_list>
<pin id="13" dir="1" index="0" bw="1" slack="0"/>
</pin_list>
<bind>
<StgValue><ssdm name="data_6_val7"/></StgValue>
</bind>
</comp>

<comp id="14" class="1000" name="data_7_val8">
<pin_list>
<pin id="15" dir="1" index="0" bw="1" slack="0"/>
</pin_list>
<bind>
<StgValue><ssdm name="data_7_val8"/></StgValue>
</bind>
</comp>

<comp id="16" class="1000" name="data_8_val9">
<pin_list>
<pin id="17" dir="1" index="0" bw="1" slack="0"/>
</pin_list>
<bind>
<StgValue><ssdm name="data_8_val9"/></StgValue>
</bind>
</comp>

<comp id="18" class="1000" name="data_9_val10">
<pin_list>
<pin id="19" dir="1" index="0" bw="1" slack="0"/>
</pin_list>
<bind>
<StgValue><ssdm name="data_9_val10"/></StgValue>
</bind>
</comp>

<comp id="20" class="1001" name="const_20">
<pin_list>
<pin id="21" dir="1" index="0" bw="1" slack="0"/>
</pin_list>
<bind>
<StgValue><ssdm name="_ssdm_op_Read.ap_auto.i16"/></StgValue>
</bind>
</comp>

<comp id="22" class="1001" name="const_22">
<pin_list>
<pin id="23" dir="1" index="0" bw="1" slack="0"/>
</pin_list>
<bind>
<StgValue><ssdm name=""/></StgValue>
</bind>
</comp>

<comp id="24" class="1001" name="const_24">
<pin_list>
<pin id="25" dir="1" index="0" bw="1" slack="0"/>
</pin_list>
<bind>
<StgValue><ssdm name=""/></StgValue>
</bind>
</comp>

<comp id="26" class="1001" name="const_26">
<pin_list>
<pin id="27" dir="1" index="0" bw="1" slack="0"/>
</pin_list>
<bind>
<StgValue><ssdm name=""/></StgValue>
</bind>
</comp>

<comp id="28" class="1001" name="const_28">
<pin_list>
<pin id="29" dir="1" index="0" bw="1" slack="0"/>
</pin_list>
<bind>
<StgValue><ssdm name=""/></StgValue>
</bind>
</comp>

<comp id="30" class="1001" name="const_30">
<pin_list>
<pin id="31" dir="1" index="0" bw="1" slack="0"/>
</pin_list>
<bind>
<StgValue><ssdm name=""/></StgValue>
</bind>
</comp>

<comp id="32" class="1001" name="const_32">
<pin_list>
<pin id="33" dir="1" index="0" bw="1" slack="0"/>
</pin_list>
<bind>
<StgValue><ssdm name=""/></StgValue>
</bind>
</comp>

<comp id="34" class="1001" name="const_34">
<pin_list>
<pin id="35" dir="1" index="0" bw="1" slack="0"/>
</pin_list>
<bind>
<StgValue><ssdm name=""/></StgValue>
</bind>
</comp>

<comp id="36" class="1001" name="const_36">
<pin_list>
<pin id="37" dir="1" index="0" bw="1" slack="0"/>
</pin_list>
<bind>
<StgValue><ssdm name=""/></StgValue>
</bind>
</comp>

<comp id="38" class="1001" name="const_38">
<pin_list>
<pin id="39" dir="1" index="0" bw="1" slack="0"/>
</pin_list>
<bind>
<StgValue><ssdm name=""/></StgValue>
</bind>
</comp>

<comp id="40" class="1001" name="const_40">
<pin_list>
<pin id="41" dir="1" index="0" bw="1" slack="0"/>
</pin_list>
<bind>
<StgValue><ssdm name=""/></StgValue>
</bind>
</comp>

<comp id="42" class="1001" name="const_42">
<pin_list>
<pin id="43" dir="1" index="0" bw="1" slack="0"/>
</pin_list>
<bind>
<StgValue><ssdm name=""/></StgValue>
</bind>
</comp>

<comp id="44" class="1001" name="const_44">
<pin_list>
<pin id="45" dir="1" index="0" bw="1" slack="0"/>
</pin_list>
<bind>
<StgValue><ssdm name=""/></StgValue>
</bind>
</comp>

<comp id="46" class="1001" name="const_46">
<pin_list>
<pin id="47" dir="1" index="0" bw="1" slack="0"/>
</pin_list>
<bind>
<StgValue><ssdm name="_ssdm_op_BitConcatenate.i18.i16.i2"/></StgValue>
</bind>
</comp>

<comp id="48" class="1001" name="const_48">
<pin_list>
<pin id="49" dir="1" index="0" bw="1" slack="0"/>
</pin_list>
<bind>
<StgValue><ssdm name=""/></StgValue>
</bind>
</comp>

<comp id="50" class="1001" name="const_50">
<pin_list>
<pin id="51" dir="1" index="0" bw="1" slack="0"/>
</pin_list>
<bind>
<StgValue><ssdm name=""/></StgValue>
</bind>
</comp>

<comp id="52" class="1001" name="const_52">
<pin_list>
<pin id="53" dir="1" index="0" bw="1" slack="0"/>
</pin_list>
<bind>
<StgValue><ssdm name=""/></StgValue>
</bind>
</comp>

<comp id="54" class="1001" name="const_54">
<pin_list>
<pin id="55" dir="1" index="0" bw="1" slack="0"/>
</pin_list>
<bind>
<StgValue><ssdm name=""/></StgValue>
</bind>
</comp>

<comp id="56" class="1001" name="const_56">
<pin_list>
<pin id="57" dir="1" index="0" bw="1" slack="0"/>
</pin_list>
<bind>
<StgValue><ssdm name=""/></StgValue>
</bind>
</comp>

<comp id="58" class="1001" name="const_58">
<pin_list>
<pin id="59" dir="1" index="0" bw="1" slack="0"/>
</pin_list>
<bind>
<StgValue><ssdm name="_ssdm_op_BitConcatenate.i22.i16.i6"/></StgValue>
</bind>
</comp>

<comp id="60" class="1001" name="const_60">
<pin_list>
<pin id="61" dir="1" index="0" bw="1" slack="0"/>
</pin_list>
<bind>
<StgValue><ssdm name=""/></StgValue>
</bind>
</comp>

<comp id="62" class="1001" name="const_62">
<pin_list>
<pin id="63" dir="1" index="0" bw="1" slack="0"/>
</pin_list>
<bind>
<StgValue><ssdm name=""/></StgValue>
</bind>
</comp>

<comp id="64" class="1001" name="const_64">
<pin_list>
<pin id="65" dir="1" index="0" bw="1" slack="0"/>
</pin_list>
<bind>
<StgValue><ssdm name=""/></StgValue>
</bind>
</comp>

<comp id="66" class="1001" name="const_66">
<pin_list>
<pin id="67" dir="1" index="0" bw="1" slack="0"/>
</pin_list>
<bind>
<StgValue><ssdm name=""/></StgValue>
</bind>
</comp>

<comp id="68" class="1001" name="const_68">
<pin_list>
<pin id="69" dir="1" index="0" bw="1" slack="0"/>
</pin_list>
<bind>
<StgValue><ssdm name=""/></StgValue>
</bind>
</comp>

<comp id="70" class="1001" name="const_70">
<pin_list>
<pin id="71" dir="1" index="0" bw="1" slack="0"/>
</pin_list>
<bind>
<StgValue><ssdm name=""/></StgValue>
</bind>
</comp>

<comp id="72" class="1001" name="const_72">
<pin_list>
<pin id="73" dir="1" index="0" bw="1" slack="0"/>
</pin_list>
<bind>
<StgValue><ssdm name=""/></StgValue>
</bind>
</comp>

<comp id="74" class="1001" name="const_74">
<pin_list>
<pin id="75" dir="1" index="0" bw="1" slack="0"/>
</pin_list>
<bind>
<StgValue><ssdm name="_ssdm_op_BitConcatenate.i21.i16.i5"/></StgValue>
</bind>
</comp>

<comp id="76" class="1001" name="const_76">
<pin_list>
<pin id="77" dir="1" index="0" bw="1" slack="0"/>
</pin_list>
<bind>
<StgValue><ssdm name=""/></StgValue>
</bind>
</comp>

<comp id="78" class="1001" name="const_78">
<pin_list>
<pin id="79" dir="1" index="0" bw="1" slack="0"/>
</pin_list>
<bind>
<StgValue><ssdm name="_ssdm_op_BitConcatenate.i17.i16.i1"/></StgValue>
</bind>
</comp>

<comp id="80" class="1001" name="const_80">
<pin_list>
<pin id="81" dir="1" index="0" bw="1" slack="0"/>
</pin_list>
<bind>
<StgValue><ssdm name=""/></StgValue>
</bind>
</comp>

<comp id="82" class="1001" name="const_82">
<pin_list>
<pin id="83" dir="1" index="0" bw="1" slack="0"/>
</pin_list>
<bind>
<StgValue><ssdm name=""/></StgValue>
</bind>
</comp>

<comp id="84" class="1001" name="const_84">
<pin_list>
<pin id="85" dir="1" index="0" bw="1" slack="0"/>
</pin_list>
<bind>
<StgValue><ssdm name=""/></StgValue>
</bind>
</comp>

<comp id="86" class="1001" name="const_86">
<pin_list>
<pin id="87" dir="1" index="0" bw="1" slack="0"/>
</pin_list>
<bind>
<StgValue><ssdm name=""/></StgValue>
</bind>
</comp>

<comp id="88" class="1001" name="const_88">
<pin_list>
<pin id="89" dir="1" index="0" bw="1" slack="0"/>
</pin_list>
<bind>
<StgValue><ssdm name=""/></StgValue>
</bind>
</comp>

<comp id="90" class="1001" name="const_90">
<pin_list>
<pin id="91" dir="1" index="0" bw="1" slack="0"/>
</pin_list>
<bind>
<StgValue><ssdm name=""/></StgValue>
</bind>
</comp>

<comp id="92" class="1001" name="const_92">
<pin_list>
<pin id="93" dir="1" index="0" bw="1" slack="0"/>
</pin_list>
<bind>
<StgValue><ssdm name=""/></StgValue>
</bind>
</comp>

<comp id="94" class="1001" name="const_94">
<pin_list>
<pin id="95" dir="1" index="0" bw="1" slack="0"/>
</pin_list>
<bind>
<StgValue><ssdm name=""/></StgValue>
</bind>
</comp>

<comp id="96" class="1001" name="const_96">
<pin_list>
<pin id="97" dir="1" index="0" bw="1" slack="0"/>
</pin_list>
<bind>
<StgValue><ssdm name=""/></StgValue>
</bind>
</comp>

<comp id="98" class="1001" name="const_98">
<pin_list>
<pin id="99" dir="1" index="0" bw="1" slack="0"/>
</pin_list>
<bind>
<StgValue><ssdm name=""/></StgValue>
</bind>
</comp>

<comp id="100" class="1001" name="const_100">
<pin_list>
<pin id="101" dir="1" index="0" bw="1" slack="0"/>
</pin_list>
<bind>
<StgValue><ssdm name=""/></StgValue>
</bind>
</comp>

<comp id="102" class="1001" name="const_102">
<pin_list>
<pin id="103" dir="1" index="0" bw="1" slack="0"/>
</pin_list>
<bind>
<StgValue><ssdm name=""/></StgValue>
</bind>
</comp>

<comp id="104" class="1001" name="const_104">
<pin_list>
<pin id="105" dir="1" index="0" bw="1" slack="0"/>
</pin_list>
<bind>
<StgValue><ssdm name=""/></StgValue>
</bind>
</comp>

<comp id="106" class="1001" name="const_106">
<pin_list>
<pin id="107" dir="1" index="0" bw="1" slack="0"/>
</pin_list>
<bind>
<StgValue><ssdm name=""/></StgValue>
</bind>
</comp>

<comp id="108" class="1001" name="const_108">
<pin_list>
<pin id="109" dir="1" index="0" bw="1" slack="0"/>
</pin_list>
<bind>
<StgValue><ssdm name=""/></StgValue>
</bind>
</comp>

<comp id="110" class="1001" name="const_110">
<pin_list>
<pin id="111" dir="1" index="0" bw="1" slack="0"/>
</pin_list>
<bind>
<StgValue><ssdm name=""/></StgValue>
</bind>
</comp>

<comp id="112" class="1001" name="const_112">
<pin_list>
<pin id="113" dir="1" index="0" bw="1" slack="0"/>
</pin_list>
<bind>
<StgValue><ssdm name=""/></StgValue>
</bind>
</comp>

<comp id="114" class="1001" name="const_114">
<pin_list>
<pin id="115" dir="1" index="0" bw="1" slack="0"/>
</pin_list>
<bind>
<StgValue><ssdm name=""/></StgValue>
</bind>
</comp>

<comp id="116" class="1001" name="const_116">
<pin_list>
<pin id="117" dir="1" index="0" bw="1" slack="0"/>
</pin_list>
<bind>
<StgValue><ssdm name=""/></StgValue>
</bind>
</comp>

<comp id="118" class="1001" name="const_118">
<pin_list>
<pin id="119" dir="1" index="0" bw="1" slack="0"/>
</pin_list>
<bind>
<StgValue><ssdm name=""/></StgValue>
</bind>
</comp>

<comp id="120" class="1001" name="const_120">
<pin_list>
<pin id="121" dir="1" index="0" bw="1" slack="0"/>
</pin_list>
<bind>
<StgValue><ssdm name=""/></StgValue>
</bind>
</comp>

<comp id="122" class="1001" name="const_122">
<pin_list>
<pin id="123" dir="1" index="0" bw="1" slack="0"/>
</pin_list>
<bind>
<StgValue><ssdm name=""/></StgValue>
</bind>
</comp>

<comp id="124" class="1001" name="const_124">
<pin_list>
<pin id="125" dir="1" index="0" bw="1" slack="0"/>
</pin_list>
<bind>
<StgValue><ssdm name=""/></StgValue>
</bind>
</comp>

<comp id="126" class="1001" name="const_126">
<pin_list>
<pin id="127" dir="1" index="0" bw="1" slack="0"/>
</pin_list>
<bind>
<StgValue><ssdm name=""/></StgValue>
</bind>
</comp>

<comp id="128" class="1001" name="const_128">
<pin_list>
<pin id="129" dir="1" index="0" bw="1" slack="0"/>
</pin_list>
<bind>
<StgValue><ssdm name=""/></StgValue>
</bind>
</comp>

<comp id="130" class="1001" name="const_130">
<pin_list>
<pin id="131" dir="1" index="0" bw="1" slack="0"/>
</pin_list>
<bind>
<StgValue><ssdm name=""/></StgValue>
</bind>
</comp>

<comp id="132" class="1001" name="const_132">
<pin_list>
<pin id="133" dir="1" index="0" bw="1" slack="0"/>
</pin_list>
<bind>
<StgValue><ssdm name=""/></StgValue>
</bind>
</comp>

<comp id="134" class="1001" name="const_134">
<pin_list>
<pin id="135" dir="1" index="0" bw="1" slack="0"/>
</pin_list>
<bind>
<StgValue><ssdm name=""/></StgValue>
</bind>
</comp>

<comp id="136" class="1001" name="const_136">
<pin_list>
<pin id="137" dir="1" index="0" bw="1" slack="0"/>
</pin_list>
<bind>
<StgValue><ssdm name=""/></StgValue>
</bind>
</comp>

<comp id="138" class="1001" name="const_138">
<pin_list>
<pin id="139" dir="1" index="0" bw="1" slack="0"/>
</pin_list>
<bind>
<StgValue><ssdm name=""/></StgValue>
</bind>
</comp>

<comp id="140" class="1001" name="const_140">
<pin_list>
<pin id="141" dir="1" index="0" bw="1" slack="0"/>
</pin_list>
<bind>
<StgValue><ssdm name=""/></StgValue>
</bind>
</comp>

<comp id="142" class="1001" name="const_142">
<pin_list>
<pin id="143" dir="1" index="0" bw="1" slack="0"/>
</pin_list>
<bind>
<StgValue><ssdm name=""/></StgValue>
</bind>
</comp>

<comp id="144" class="1001" name="const_144">
<pin_list>
<pin id="145" dir="1" index="0" bw="1" slack="0"/>
</pin_list>
<bind>
<StgValue><ssdm name=""/></StgValue>
</bind>
</comp>

<comp id="146" class="1001" name="const_146">
<pin_list>
<pin id="147" dir="1" index="0" bw="1" slack="0"/>
</pin_list>
<bind>
<StgValue><ssdm name=""/></StgValue>
</bind>
</comp>

<comp id="148" class="1001" name="const_148">
<pin_list>
<pin id="149" dir="1" index="0" bw="1" slack="0"/>
</pin_list>
<bind>
<StgValue><ssdm name=""/></StgValue>
</bind>
</comp>

<comp id="150" class="1001" name="const_150">
<pin_list>
<pin id="151" dir="1" index="0" bw="1" slack="0"/>
</pin_list>
<bind>
<StgValue><ssdm name=""/></StgValue>
</bind>
</comp>

<comp id="152" class="1001" name="const_152">
<pin_list>
<pin id="153" dir="1" index="0" bw="1" slack="0"/>
</pin_list>
<bind>
<StgValue><ssdm name=""/></StgValue>
</bind>
</comp>

<comp id="154" class="1001" name="const_154">
<pin_list>
<pin id="155" dir="1" index="0" bw="1" slack="0"/>
</pin_list>
<bind>
<StgValue><ssdm name=""/></StgValue>
</bind>
</comp>

<comp id="156" class="1001" name="const_156">
<pin_list>
<pin id="157" dir="1" index="0" bw="1" slack="0"/>
</pin_list>
<bind>
<StgValue><ssdm name=""/></StgValue>
</bind>
</comp>

<comp id="158" class="1001" name="const_158">
<pin_list>
<pin id="159" dir="1" index="0" bw="1" slack="0"/>
</pin_list>
<bind>
<StgValue><ssdm name=""/></StgValue>
</bind>
</comp>

<comp id="160" class="1001" name="const_160">
<pin_list>
<pin id="161" dir="1" index="0" bw="1" slack="0"/>
</pin_list>
<bind>
<StgValue><ssdm name=""/></StgValue>
</bind>
</comp>

<comp id="162" class="1001" name="const_162">
<pin_list>
<pin id="163" dir="1" index="0" bw="1" slack="0"/>
</pin_list>
<bind>
<StgValue><ssdm name=""/></StgValue>
</bind>
</comp>

<comp id="164" class="1001" name="const_164">
<pin_list>
<pin id="165" dir="1" index="0" bw="1" slack="0"/>
</pin_list>
<bind>
<StgValue><ssdm name=""/></StgValue>
</bind>
</comp>

<comp id="166" class="1001" name="const_166">
<pin_list>
<pin id="167" dir="1" index="0" bw="1" slack="0"/>
</pin_list>
<bind>
<StgValue><ssdm name=""/></StgValue>
</bind>
</comp>

<comp id="168" class="1001" name="const_168">
<pin_list>
<pin id="169" dir="1" index="0" bw="1" slack="0"/>
</pin_list>
<bind>
<StgValue><ssdm name=""/></StgValue>
</bind>
</comp>

<comp id="170" class="1001" name="const_170">
<pin_list>
<pin id="171" dir="1" index="0" bw="1" slack="0"/>
</pin_list>
<bind>
<StgValue><ssdm name=""/></StgValue>
</bind>
</comp>

<comp id="172" class="1001" name="const_172">
<pin_list>
<pin id="173" dir="1" index="0" bw="1" slack="0"/>
</pin_list>
<bind>
<StgValue><ssdm name=""/></StgValue>
</bind>
</comp>

<comp id="174" class="1001" name="const_174">
<pin_list>
<pin id="175" dir="1" index="0" bw="1" slack="0"/>
</pin_list>
<bind>
<StgValue><ssdm name=""/></StgValue>
</bind>
</comp>

<comp id="176" class="1001" name="const_176">
<pin_list>
<pin id="177" dir="1" index="0" bw="1" slack="0"/>
</pin_list>
<bind>
<StgValue><ssdm name=""/></StgValue>
</bind>
</comp>

<comp id="178" class="1001" name="const_178">
<pin_list>
<pin id="179" dir="1" index="0" bw="1" slack="0"/>
</pin_list>
<bind>
<StgValue><ssdm name=""/></StgValue>
</bind>
</comp>

<comp id="180" class="1001" name="const_180">
<pin_list>
<pin id="181" dir="1" index="0" bw="1" slack="0"/>
</pin_list>
<bind>
<StgValue><ssdm name=""/></StgValue>
</bind>
</comp>

<comp id="182" class="1001" name="const_182">
<pin_list>
<pin id="183" dir="1" index="0" bw="1" slack="0"/>
</pin_list>
<bind>
<StgValue><ssdm name=""/></StgValue>
</bind>
</comp>

<comp id="184" class="1001" name="const_184">
<pin_list>
<pin id="185" dir="1" index="0" bw="1" slack="0"/>
</pin_list>
<bind>
<StgValue><ssdm name=""/></StgValue>
</bind>
</comp>

<comp id="186" class="1001" name="const_186">
<pin_list>
<pin id="187" dir="1" index="0" bw="1" slack="0"/>
</pin_list>
<bind>
<StgValue><ssdm name="_ssdm_op_BitConcatenate.i20.i16.i4"/></StgValue>
</bind>
</comp>

<comp id="188" class="1001" name="const_188">
<pin_list>
<pin id="189" dir="1" index="0" bw="1" slack="0"/>
</pin_list>
<bind>
<StgValue><ssdm name=""/></StgValue>
</bind>
</comp>

<comp id="190" class="1001" name="const_190">
<pin_list>
<pin id="191" dir="1" index="0" bw="1" slack="0"/>
</pin_list>
<bind>
<StgValue><ssdm name="_ssdm_op_BitConcatenate.i25.i16.i9"/></StgValue>
</bind>
</comp>

<comp id="192" class="1001" name="const_192">
<pin_list>
<pin id="193" dir="1" index="0" bw="1" slack="0"/>
</pin_list>
<bind>
<StgValue><ssdm name=""/></StgValue>
</bind>
</comp>

<comp id="194" class="1001" name="const_194">
<pin_list>
<pin id="195" dir="1" index="0" bw="1" slack="0"/>
</pin_list>
<bind>
<StgValue><ssdm name=""/></StgValue>
</bind>
</comp>

<comp id="196" class="1001" name="const_196">
<pin_list>
<pin id="197" dir="1" index="0" bw="1" slack="0"/>
</pin_list>
<bind>
<StgValue><ssdm name=""/></StgValue>
</bind>
</comp>

<comp id="198" class="1001" name="const_198">
<pin_list>
<pin id="199" dir="1" index="0" bw="1" slack="0"/>
</pin_list>
<bind>
<StgValue><ssdm name=""/></StgValue>
</bind>
</comp>

<comp id="200" class="1001" name="const_200">
<pin_list>
<pin id="201" dir="1" index="0" bw="1" slack="0"/>
</pin_list>
<bind>
<StgValue><ssdm name="_ssdm_op_BitConcatenate.i24.i16.i8"/></StgValue>
</bind>
</comp>

<comp id="202" class="1001" name="const_202">
<pin_list>
<pin id="203" dir="1" index="0" bw="1" slack="0"/>
</pin_list>
<bind>
<StgValue><ssdm name=""/></StgValue>
</bind>
</comp>

<comp id="204" class="1001" name="const_204">
<pin_list>
<pin id="205" dir="1" index="0" bw="1" slack="0"/>
</pin_list>
<bind>
<StgValue><ssdm name="_ssdm_op_BitConcatenate.i19.i16.i3"/></StgValue>
</bind>
</comp>

<comp id="206" class="1001" name="const_206">
<pin_list>
<pin id="207" dir="1" index="0" bw="1" slack="0"/>
</pin_list>
<bind>
<StgValue><ssdm name=""/></StgValue>
</bind>
</comp>

<comp id="208" class="1001" name="const_208">
<pin_list>
<pin id="209" dir="1" index="0" bw="1" slack="0"/>
</pin_list>
<bind>
<StgValue><ssdm name="_ssdm_op_BitConcatenate.i23.i16.i7"/></StgValue>
</bind>
</comp>

<comp id="210" class="1001" name="const_210">
<pin_list>
<pin id="211" dir="1" index="0" bw="1" slack="0"/>
</pin_list>
<bind>
<StgValue><ssdm name=""/></StgValue>
</bind>
</comp>

<comp id="212" class="1001" name="const_212">
<pin_list>
<pin id="213" dir="1" index="0" bw="1" slack="0"/>
</pin_list>
<bind>
<StgValue><ssdm name=""/></StgValue>
</bind>
</comp>

<comp id="214" class="1001" name="const_214">
<pin_list>
<pin id="215" dir="1" index="0" bw="1" slack="0"/>
</pin_list>
<bind>
<StgValue><ssdm name=""/></StgValue>
</bind>
</comp>

<comp id="216" class="1001" name="const_216">
<pin_list>
<pin id="217" dir="1" index="0" bw="1" slack="0"/>
</pin_list>
<bind>
<StgValue><ssdm name=""/></StgValue>
</bind>
</comp>

<comp id="218" class="1001" name="const_218">
<pin_list>
<pin id="219" dir="1" index="0" bw="1" slack="0"/>
</pin_list>
<bind>
<StgValue><ssdm name=""/></StgValue>
</bind>
</comp>

<comp id="220" class="1001" name="const_220">
<pin_list>
<pin id="221" dir="1" index="0" bw="1" slack="0"/>
</pin_list>
<bind>
<StgValue><ssdm name=""/></StgValue>
</bind>
</comp>

<comp id="222" class="1001" name="const_222">
<pin_list>
<pin id="223" dir="1" index="0" bw="1" slack="0"/>
</pin_list>
<bind>
<StgValue><ssdm name=""/></StgValue>
</bind>
</comp>

<comp id="224" class="1001" name="const_224">
<pin_list>
<pin id="225" dir="1" index="0" bw="1" slack="0"/>
</pin_list>
<bind>
<StgValue><ssdm name=""/></StgValue>
</bind>
</comp>

<comp id="226" class="1001" name="const_226">
<pin_list>
<pin id="227" dir="1" index="0" bw="1" slack="0"/>
</pin_list>
<bind>
<StgValue><ssdm name=""/></StgValue>
</bind>
</comp>

<comp id="228" class="1001" name="const_228">
<pin_list>
<pin id="229" dir="1" index="0" bw="1" slack="0"/>
</pin_list>
<bind>
<StgValue><ssdm name=""/></StgValue>
</bind>
</comp>

<comp id="230" class="1001" name="const_230">
<pin_list>
<pin id="231" dir="1" index="0" bw="1" slack="0"/>
</pin_list>
<bind>
<StgValue><ssdm name=""/></StgValue>
</bind>
</comp>

<comp id="232" class="1001" name="const_232">
<pin_list>
<pin id="233" dir="1" index="0" bw="1" slack="0"/>
</pin_list>
<bind>
<StgValue><ssdm name=""/></StgValue>
</bind>
</comp>

<comp id="234" class="1001" name="const_234">
<pin_list>
<pin id="235" dir="1" index="0" bw="1" slack="0"/>
</pin_list>
<bind>
<StgValue><ssdm name=""/></StgValue>
</bind>
</comp>

<comp id="236" class="1001" name="const_236">
<pin_list>
<pin id="237" dir="1" index="0" bw="1" slack="0"/>
</pin_list>
<bind>
<StgValue><ssdm name=""/></StgValue>
</bind>
</comp>

<comp id="238" class="1001" name="const_238">
<pin_list>
<pin id="239" dir="1" index="0" bw="1" slack="0"/>
</pin_list>
<bind>
<StgValue><ssdm name=""/></StgValue>
</bind>
</comp>

<comp id="240" class="1001" name="const_240">
<pin_list>
<pin id="241" dir="1" index="0" bw="1" slack="0"/>
</pin_list>
<bind>
<StgValue><ssdm name=""/></StgValue>
</bind>
</comp>

<comp id="242" class="1001" name="const_242">
<pin_list>
<pin id="243" dir="1" index="0" bw="1" slack="0"/>
</pin_list>
<bind>
<StgValue><ssdm name=""/></StgValue>
</bind>
</comp>

<comp id="244" class="1001" name="const_244">
<pin_list>
<pin id="245" dir="1" index="0" bw="1" slack="0"/>
</pin_list>
<bind>
<StgValue><ssdm name=""/></StgValue>
</bind>
</comp>

<comp id="246" class="1001" name="const_246">
<pin_list>
<pin id="247" dir="1" index="0" bw="1" slack="0"/>
</pin_list>
<bind>
<StgValue><ssdm name=""/></StgValue>
</bind>
</comp>

<comp id="248" class="1001" name="const_248">
<pin_list>
<pin id="249" dir="1" index="0" bw="1" slack="0"/>
</pin_list>
<bind>
<StgValue><ssdm name=""/></StgValue>
</bind>
</comp>

<comp id="250" class="1001" name="const_250">
<pin_list>
<pin id="251" dir="1" index="0" bw="1" slack="0"/>
</pin_list>
<bind>
<StgValue><ssdm name=""/></StgValue>
</bind>
</comp>

<comp id="252" class="1001" name="const_252">
<pin_list>
<pin id="253" dir="1" index="0" bw="1" slack="0"/>
</pin_list>
<bind>
<StgValue><ssdm name=""/></StgValue>
</bind>
</comp>

<comp id="254" class="1001" name="const_254">
<pin_list>
<pin id="255" dir="1" index="0" bw="1" slack="0"/>
</pin_list>
<bind>
<StgValue><ssdm name=""/></StgValue>
</bind>
</comp>

<comp id="256" class="1001" name="const_256">
<pin_list>
<pin id="257" dir="1" index="0" bw="1" slack="0"/>
</pin_list>
<bind>
<StgValue><ssdm name=""/></StgValue>
</bind>
</comp>

<comp id="258" class="1001" name="const_258">
<pin_list>
<pin id="259" dir="1" index="0" bw="1" slack="0"/>
</pin_list>
<bind>
<StgValue><ssdm name=""/></StgValue>
</bind>
</comp>

<comp id="260" class="1001" name="const_260">
<pin_list>
<pin id="261" dir="1" index="0" bw="1" slack="0"/>
</pin_list>
<bind>
<StgValue><ssdm name=""/></StgValue>
</bind>
</comp>

<comp id="262" class="1001" name="const_262">
<pin_list>
<pin id="263" dir="1" index="0" bw="1" slack="0"/>
</pin_list>
<bind>
<StgValue><ssdm name=""/></StgValue>
</bind>
</comp>

<comp id="264" class="1001" name="const_264">
<pin_list>
<pin id="265" dir="1" index="0" bw="1" slack="0"/>
</pin_list>
<bind>
<StgValue><ssdm name=""/></StgValue>
</bind>
</comp>

<comp id="266" class="1001" name="const_266">
<pin_list>
<pin id="267" dir="1" index="0" bw="1" slack="0"/>
</pin_list>
<bind>
<StgValue><ssdm name=""/></StgValue>
</bind>
</comp>

<comp id="268" class="1001" name="const_268">
<pin_list>
<pin id="269" dir="1" index="0" bw="1" slack="0"/>
</pin_list>
<bind>
<StgValue><ssdm name=""/></StgValue>
</bind>
</comp>

<comp id="270" class="1001" name="const_270">
<pin_list>
<pin id="271" dir="1" index="0" bw="1" slack="0"/>
</pin_list>
<bind>
<StgValue><ssdm name=""/></StgValue>
</bind>
</comp>

<comp id="272" class="1001" name="const_272">
<pin_list>
<pin id="273" dir="1" index="0" bw="1" slack="0"/>
</pin_list>
<bind>
<StgValue><ssdm name=""/></StgValue>
</bind>
</comp>

<comp id="274" class="1001" name="const_274">
<pin_list>
<pin id="275" dir="1" index="0" bw="1" slack="0"/>
</pin_list>
<bind>
<StgValue><ssdm name=""/></StgValue>
</bind>
</comp>

<comp id="276" class="1001" name="const_276">
<pin_list>
<pin id="277" dir="1" index="0" bw="1" slack="0"/>
</pin_list>
<bind>
<StgValue><ssdm name=""/></StgValue>
</bind>
</comp>

<comp id="278" class="1001" name="const_278">
<pin_list>
<pin id="279" dir="1" index="0" bw="1" slack="0"/>
</pin_list>
<bind>
<StgValue><ssdm name=""/></StgValue>
</bind>
</comp>

<comp id="280" class="1001" name="const_280">
<pin_list>
<pin id="281" dir="1" index="0" bw="1" slack="0"/>
</pin_list>
<bind>
<StgValue><ssdm name=""/></StgValue>
</bind>
</comp>

<comp id="282" class="1001" name="const_282">
<pin_list>
<pin id="283" dir="1" index="0" bw="1" slack="0"/>
</pin_list>
<bind>
<StgValue><ssdm name=""/></StgValue>
</bind>
</comp>

<comp id="284" class="1001" name="const_284">
<pin_list>
<pin id="285" dir="1" index="0" bw="1" slack="0"/>
</pin_list>
<bind>
<StgValue><ssdm name=""/></StgValue>
</bind>
</comp>

<comp id="286" class="1001" name="const_286">
<pin_list>
<pin id="287" dir="1" index="0" bw="1" slack="0"/>
</pin_list>
<bind>
<StgValue><ssdm name=""/></StgValue>
</bind>
</comp>

<comp id="288" class="1001" name="const_288">
<pin_list>
<pin id="289" dir="1" index="0" bw="1" slack="0"/>
</pin_list>
<bind>
<StgValue><ssdm name=""/></StgValue>
</bind>
</comp>

<comp id="290" class="1001" name="const_290">
<pin_list>
<pin id="291" dir="1" index="0" bw="1" slack="0"/>
</pin_list>
<bind>
<StgValue><ssdm name=""/></StgValue>
</bind>
</comp>

<comp id="292" class="1001" name="const_292">
<pin_list>
<pin id="293" dir="1" index="0" bw="1" slack="0"/>
</pin_list>
<bind>
<StgValue><ssdm name=""/></StgValue>
</bind>
</comp>

<comp id="294" class="1001" name="const_294">
<pin_list>
<pin id="295" dir="1" index="0" bw="1" slack="0"/>
</pin_list>
<bind>
<StgValue><ssdm name=""/></StgValue>
</bind>
</comp>

<comp id="296" class="1001" name="const_296">
<pin_list>
<pin id="297" dir="1" index="0" bw="1" slack="0"/>
</pin_list>
<bind>
<StgValue><ssdm name=""/></StgValue>
</bind>
</comp>

<comp id="298" class="1001" name="const_298">
<pin_list>
<pin id="299" dir="1" index="0" bw="1" slack="0"/>
</pin_list>
<bind>
<StgValue><ssdm name=""/></StgValue>
</bind>
</comp>

<comp id="300" class="1001" name="const_300">
<pin_list>
<pin id="301" dir="1" index="0" bw="1" slack="0"/>
</pin_list>
<bind>
<StgValue><ssdm name=""/></StgValue>
</bind>
</comp>

<comp id="302" class="1001" name="const_302">
<pin_list>
<pin id="303" dir="1" index="0" bw="1" slack="0"/>
</pin_list>
<bind>
<StgValue><ssdm name=""/></StgValue>
</bind>
</comp>

<comp id="304" class="1001" name="const_304">
<pin_list>
<pin id="305" dir="1" index="0" bw="1" slack="0"/>
</pin_list>
<bind>
<StgValue><ssdm name=""/></StgValue>
</bind>
</comp>

<comp id="306" class="1001" name="const_306">
<pin_list>
<pin id="307" dir="1" index="0" bw="1" slack="0"/>
</pin_list>
<bind>
<StgValue><ssdm name=""/></StgValue>
</bind>
</comp>

<comp id="308" class="1001" name="const_308">
<pin_list>
<pin id="309" dir="1" index="0" bw="1" slack="0"/>
</pin_list>
<bind>
<StgValue><ssdm name=""/></StgValue>
</bind>
</comp>

<comp id="310" class="1001" name="const_310">
<pin_list>
<pin id="311" dir="1" index="0" bw="1" slack="0"/>
</pin_list>
<bind>
<StgValue><ssdm name=""/></StgValue>
</bind>
</comp>

<comp id="312" class="1001" name="const_312">
<pin_list>
<pin id="313" dir="1" index="0" bw="1" slack="0"/>
</pin_list>
<bind>
<StgValue><ssdm name=""/></StgValue>
</bind>
</comp>

<comp id="314" class="1001" name="const_314">
<pin_list>
<pin id="315" dir="1" index="0" bw="1" slack="0"/>
</pin_list>
<bind>
<StgValue><ssdm name=""/></StgValue>
</bind>
</comp>

<comp id="316" class="1001" name="const_316">
<pin_list>
<pin id="317" dir="1" index="0" bw="1" slack="0"/>
</pin_list>
<bind>
<StgValue><ssdm name=""/></StgValue>
</bind>
</comp>

<comp id="318" class="1001" name="const_318">
<pin_list>
<pin id="319" dir="1" index="0" bw="1" slack="0"/>
</pin_list>
<bind>
<StgValue><ssdm name=""/></StgValue>
</bind>
</comp>

<comp id="320" class="1001" name="const_320">
<pin_list>
<pin id="321" dir="1" index="0" bw="1" slack="0"/>
</pin_list>
<bind>
<StgValue><ssdm name=""/></StgValue>
</bind>
</comp>

<comp id="322" class="1001" name="const_322">
<pin_list>
<pin id="323" dir="1" index="0" bw="1" slack="0"/>
</pin_list>
<bind>
<StgValue><ssdm name=""/></StgValue>
</bind>
</comp>

<comp id="324" class="1001" name="const_324">
<pin_list>
<pin id="325" dir="1" index="0" bw="1" slack="0"/>
</pin_list>
<bind>
<StgValue><ssdm name=""/></StgValue>
</bind>
</comp>

<comp id="326" class="1001" name="const_326">
<pin_list>
<pin id="327" dir="1" index="0" bw="1" slack="0"/>
</pin_list>
<bind>
<StgValue><ssdm name=""/></StgValue>
</bind>
</comp>

<comp id="328" class="1001" name="const_328">
<pin_list>
<pin id="329" dir="1" index="0" bw="1" slack="0"/>
</pin_list>
<bind>
<StgValue><ssdm name=""/></StgValue>
</bind>
</comp>

<comp id="330" class="1001" name="const_330">
<pin_list>
<pin id="331" dir="1" index="0" bw="1" slack="2147483647"/>
</pin_list>
<bind>
<StgValue><ssdm name="_ssdm_op_SpecPipeline"/></StgValue>
</bind>
</comp>

<comp id="332" class="1001" name="const_332">
<pin_list>
<pin id="333" dir="1" index="0" bw="1" slack="2147483647"/>
</pin_list>
<bind>
<StgValue><ssdm name=""/></StgValue>
</bind>
</comp>

<comp id="334" class="1001" name="const_334">
<pin_list>
<pin id="335" dir="1" index="0" bw="1" slack="2147483647"/>
</pin_list>
<bind>
<StgValue><ssdm name=""/></StgValue>
</bind>
</comp>

<comp id="336" class="1001" name="const_336">
<pin_list>
<pin id="337" dir="1" index="0" bw="1" slack="2147483647"/>
</pin_list>
<bind>
<StgValue><ssdm name="empty_1"/></StgValue>
</bind>
</comp>

<comp id="338" class="1001" name="const_338">
<pin_list>
<pin id="339" dir="1" index="0" bw="1" slack="2147483647"/>
</pin_list>
<bind>
<StgValue><ssdm name="_ssdm_op_SpecResourceLimit"/></StgValue>
</bind>
</comp>

<comp id="340" class="1001" name="const_340">
<pin_list>
<pin id="341" dir="1" index="0" bw="1" slack="2147483647"/>
</pin_list>
<bind>
<StgValue><ssdm name=""/></StgValue>
</bind>
</comp>

<comp id="342" class="1001" name="const_342">
<pin_list>
<pin id="343" dir="1" index="0" bw="1" slack="2147483647"/>
</pin_list>
<bind>
<StgValue><ssdm name="empty_3"/></StgValue>
</bind>
</comp>

<comp id="344" class="1001" name="const_344">
<pin_list>
<pin id="345" dir="1" index="0" bw="1" slack="0"/>
</pin_list>
<bind>
<StgValue><ssdm name=""/></StgValue>
</bind>
</comp>

<comp id="346" class="1004" name="data_9_val10_read_read_fu_346">
<pin_list>
<pin id="347" dir="0" index="0" bw="16" slack="0"/>
<pin id="348" dir="0" index="1" bw="16" slack="0"/>
<pin id="349" dir="1" index="2" bw="16" slack="1"/>
</pin_list>
<bind>
<opcode="read(1150) " fcode="read"/>
<opset="data_9_val10_read/1 "/>
</bind>
</comp>

<comp id="352" class="1004" name="data_8_val9_read_read_fu_352">
<pin_list>
<pin id="353" dir="0" index="0" bw="16" slack="0"/>
<pin id="354" dir="0" index="1" bw="16" slack="0"/>
<pin id="355" dir="1" index="2" bw="16" slack="1"/>
</pin_list>
<bind>
<opcode="read(1150) " fcode="read"/>
<opset="data_8_val9_read/1 "/>
</bind>
</comp>

<comp id="358" class="1004" name="data_7_val8_read_read_fu_358">
<pin_list>
<pin id="359" dir="0" index="0" bw="16" slack="0"/>
<pin id="360" dir="0" index="1" bw="16" slack="0"/>
<pin id="361" dir="1" index="2" bw="16" slack="1"/>
</pin_list>
<bind>
<opcode="read(1150) " fcode="read"/>
<opset="data_7_val8_read/1 "/>
</bind>
</comp>

<comp id="364" class="1004" name="data_6_val7_read_read_fu_364">
<pin_list>
<pin id="365" dir="0" index="0" bw="16" slack="0"/>
<pin id="366" dir="0" index="1" bw="16" slack="0"/>
<pin id="367" dir="1" index="2" bw="16" slack="1"/>
</pin_list>
<bind>
<opcode="read(1150) " fcode="read"/>
<opset="data_6_val7_read/1 "/>
</bind>
</comp>

<comp id="370" class="1004" name="data_5_val6_read_read_fu_370">
<pin_list>
<pin id="371" dir="0" index="0" bw="16" slack="0"/>
<pin id="372" dir="0" index="1" bw="16" slack="0"/>
<pin id="373" dir="1" index="2" bw="16" slack="1"/>
</pin_list>
<bind>
<opcode="read(1150) " fcode="read"/>
<opset="data_5_val6_read/1 "/>
</bind>
</comp>

<comp id="376" class="1004" name="data_4_val5_read_read_fu_376">
<pin_list>
<pin id="377" dir="0" index="0" bw="16" slack="0"/>
<pin id="378" dir="0" index="1" bw="16" slack="0"/>
<pin id="379" dir="1" index="2" bw="16" slack="0"/>
</pin_list>
<bind>
<opcode="read(1150) " fcode="read"/>
<opset="data_4_val5_read/1 "/>
</bind>
</comp>

<comp id="382" class="1004" name="data_3_val4_read_read_fu_382">
<pin_list>
<pin id="383" dir="0" index="0" bw="16" slack="0"/>
<pin id="384" dir="0" index="1" bw="16" slack="0"/>
<pin id="385" dir="1" index="2" bw="16" slack="1"/>
</pin_list>
<bind>
<opcode="read(1150) " fcode="read"/>
<opset="data_3_val4_read/1 "/>
</bind>
</comp>

<comp id="388" class="1004" name="data_2_val3_read_read_fu_388">
<pin_list>
<pin id="389" dir="0" index="0" bw="16" slack="0"/>
<pin id="390" dir="0" index="1" bw="16" slack="0"/>
<pin id="391" dir="1" index="2" bw="16" slack="1"/>
</pin_list>
<bind>
<opcode="read(1150) " fcode="read"/>
<opset="data_2_val3_read/1 "/>
</bind>
</comp>

<comp id="394" class="1004" name="data_1_val2_read_read_fu_394">
<pin_list>
<pin id="395" dir="0" index="0" bw="16" slack="0"/>
<pin id="396" dir="0" index="1" bw="16" slack="0"/>
<pin id="397" dir="1" index="2" bw="16" slack="1"/>
</pin_list>
<bind>
<opcode="read(1150) " fcode="read"/>
<opset="data_1_val2_read/1 "/>
</bind>
</comp>

<comp id="400" class="1004" name="data_0_val1_read_read_fu_400">
<pin_list>
<pin id="401" dir="0" index="0" bw="16" slack="0"/>
<pin id="402" dir="0" index="1" bw="16" slack="0"/>
<pin id="403" dir="1" index="2" bw="16" slack="0"/>
</pin_list>
<bind>
<opcode="read(1150) " fcode="read"/>
<opset="data_0_val1_read/1 "/>
</bind>
</comp>

<comp id="406" class="1004" name="mul_ln73_228_fu_406">
<pin_list>
<pin id="61364" dir="0" index="0" bw="16" slack="0"/>
<pin id="61365" dir="0" index="1" bw="10" slack="0"/>
<pin id="61366" dir="1" index="2" bw="26" slack="1"/>
</pin_list>
<bind>
<opcode="mul(12) " fcode="mul"/>
<opset="mul_ln73_228/3 "/>
</bind>
</comp>

<comp id="407" class="1004" name="mul_ln73_211_fu_407">
<pin_list>
<pin id="61344" dir="0" index="0" bw="16" slack="0"/>
<pin id="61345" dir="0" index="1" bw="10" slack="0"/>
<pin id="61346" dir="1" index="2" bw="26" slack="1"/>
</pin_list>
<bind>
<opcode="mul(12) " fcode="mul"/>
<opset="mul_ln73_211/3 "/>
</bind>
</comp>

<comp id="408" class="1004" name="mul_ln73_272_fu_408">
<pin_list>
<pin id="43192" dir="0" index="0" bw="16" slack="0"/>
<pin id="43193" dir="0" index="1" bw="8" slack="0"/>
<pin id="43194" dir="1" index="2" bw="24" slack="1"/>
</pin_list>
<bind>
<opcode="mul(12) " fcode="mul"/>
<opset="mul_ln73_272/2 "/>
</bind>
</comp>

<comp id="411" class="1004" name="mul_ln73_180_fu_411">
<pin_list>
<pin id="42972" dir="0" index="0" bw="16" slack="0"/>
<pin id="42973" dir="0" index="1" bw="10" slack="0"/>
<pin id="42974" dir="1" index="2" bw="25" slack="1"/>
</pin_list>
<bind>
<opcode="mul(12) " fcode="mul"/>
<opset="mul_ln73_180/2 "/>
</bind>
</comp>

<comp id="412" class="1004" name="mul_ln73_212_fu_412">
<pin_list>
<pin id="43048" dir="0" index="0" bw="16" slack="0"/>
<pin id="43049" dir="0" index="1" bw="9" slack="0"/>
<pin id="43050" dir="1" index="2" bw="25" slack="1"/>
</pin_list>
<bind>
<opcode="mul(12) " fcode="mul"/>
<opset="mul_ln73_212/2 "/>
</bind>
</comp>

<comp id="413" class="1004" name="mul_ln73_194_fu_413">
<pin_list>
<pin id="43012" dir="0" index="0" bw="16" slack="0"/>
<pin id="43013" dir="0" index="1" bw="9" slack="0"/>
<pin id="43014" dir="1" index="2" bw="25" slack="1"/>
</pin_list>
<bind>
<opcode="mul(12) " fcode="mul"/>
<opset="mul_ln73_194/2 "/>
</bind>
</comp>

<comp id="414" class="1004" name="mul_ln73_273_fu_414">
<pin_list>
<pin id="61440" dir="0" index="0" bw="16" slack="1"/>
<pin id="61441" dir="0" index="1" bw="10" slack="0"/>
<pin id="61442" dir="1" index="2" bw="25" slack="1"/>
</pin_list>
<bind>
<opcode="mul(12) " fcode="mul"/>
<opset="mul_ln73_273/3 "/>
</bind>
</comp>

<comp id="415" class="1004" name="mul_ln73_225_fu_415">
<pin_list>
<pin id="43080" dir="0" index="0" bw="16" slack="0"/>
<pin id="43081" dir="0" index="1" bw="9" slack="0"/>
<pin id="43082" dir="1" index="2" bw="25" slack="1"/>
</pin_list>
<bind>
<opcode="mul(12) " fcode="mul"/>
<opset="mul_ln73_225/2 "/>
</bind>
</comp>

<comp id="416" class="1004" name="mul_ln73_218_fu_416">
<pin_list>
<pin id="61356" dir="0" index="0" bw="16" slack="0"/>
<pin id="61357" dir="0" index="1" bw="10" slack="0"/>
<pin id="61358" dir="1" index="2" bw="26" slack="1"/>
</pin_list>
<bind>
<opcode="mul(12) " fcode="mul"/>
<opset="mul_ln73_218/3 "/>
</bind>
</comp>

<comp id="417" class="1004" name="mul_ln73_216_fu_417">
<pin_list>
<pin id="43060" dir="0" index="0" bw="16" slack="0"/>
<pin id="43061" dir="0" index="1" bw="8" slack="0"/>
<pin id="43062" dir="1" index="2" bw="24" slack="1"/>
</pin_list>
<bind>
<opcode="mul(12) " fcode="mul"/>
<opset="mul_ln73_216/2 "/>
</bind>
</comp>

<comp id="418" class="1004" name="mul_ln73_219_fu_418">
<pin_list>
<pin id="61360" dir="0" index="0" bw="16" slack="0"/>
<pin id="61361" dir="0" index="1" bw="10" slack="0"/>
<pin id="61362" dir="1" index="2" bw="26" slack="1"/>
</pin_list>
<bind>
<opcode="mul(12) " fcode="mul"/>
<opset="mul_ln73_219/3 "/>
</bind>
</comp>

<comp id="419" class="1004" name="mul_ln73_268_fu_419">
<pin_list>
<pin id="43188" dir="0" index="0" bw="16" slack="0"/>
<pin id="43189" dir="0" index="1" bw="9" slack="0"/>
<pin id="43190" dir="1" index="2" bw="25" slack="1"/>
</pin_list>
<bind>
<opcode="mul(12) " fcode="mul"/>
<opset="mul_ln73_268/2 "/>
</bind>
</comp>

<comp id="420" class="1004" name="mul_ln73_248_fu_420">
<pin_list>
<pin id="43144" dir="0" index="0" bw="16" slack="0"/>
<pin id="43145" dir="0" index="1" bw="8" slack="0"/>
<pin id="43146" dir="1" index="2" bw="24" slack="1"/>
</pin_list>
<bind>
<opcode="mul(12) " fcode="mul"/>
<opset="mul_ln73_248/2 "/>
</bind>
</comp>

<comp id="421" class="1004" name="mul_ln73_190_fu_421">
<pin_list>
<pin id="61296" dir="0" index="0" bw="16" slack="0"/>
<pin id="61297" dir="0" index="1" bw="11" slack="0"/>
<pin id="61298" dir="1" index="2" bw="26" slack="1"/>
</pin_list>
<bind>
<opcode="mul(12) " fcode="mul"/>
<opset="mul_ln73_190/3 "/>
</bind>
</comp>

<comp id="422" class="1004" name="mul_ln73_188_fu_422">
<pin_list>
<pin id="43000" dir="0" index="0" bw="16" slack="0"/>
<pin id="43001" dir="0" index="1" bw="8" slack="0"/>
<pin id="43002" dir="1" index="2" bw="24" slack="1"/>
</pin_list>
<bind>
<opcode="mul(12) " fcode="mul"/>
<opset="mul_ln73_188/2 "/>
</bind>
</comp>

<comp id="423" class="1004" name="mul_ln73_250_fu_423">
<pin_list>
<pin id="43148" dir="0" index="0" bw="16" slack="0"/>
<pin id="43149" dir="0" index="1" bw="9" slack="0"/>
<pin id="43150" dir="1" index="2" bw="25" slack="1"/>
</pin_list>
<bind>
<opcode="mul(12) " fcode="mul"/>
<opset="mul_ln73_250/2 "/>
</bind>
</comp>

<comp id="425" class="1004" name="mul_ln73_290_fu_425">
<pin_list>
<pin id="61484" dir="0" index="0" bw="16" slack="0"/>
<pin id="61485" dir="0" index="1" bw="11" slack="0"/>
<pin id="61486" dir="1" index="2" bw="27" slack="1"/>
</pin_list>
<bind>
<opcode="mul(12) " fcode="mul"/>
<opset="mul_ln73_290/3 "/>
</bind>
</comp>

<comp id="426" class="1004" name="mul_ln73_198_fu_426">
<pin_list>
<pin id="61312" dir="0" index="0" bw="16" slack="0"/>
<pin id="61313" dir="0" index="1" bw="10" slack="0"/>
<pin id="61314" dir="1" index="2" bw="26" slack="1"/>
</pin_list>
<bind>
<opcode="mul(12) " fcode="mul"/>
<opset="mul_ln73_198/3 "/>
</bind>
</comp>

<comp id="427" class="1004" name="mul_ln73_187_fu_427">
<pin_list>
<pin id="42996" dir="0" index="0" bw="16" slack="0"/>
<pin id="42997" dir="0" index="1" bw="9" slack="0"/>
<pin id="42998" dir="1" index="2" bw="24" slack="1"/>
</pin_list>
<bind>
<opcode="mul(12) " fcode="mul"/>
<opset="mul_ln73_187/2 "/>
</bind>
</comp>

<comp id="428" class="1004" name="mul_ln70_fu_428">
<pin_list>
<pin id="43040" dir="0" index="0" bw="16" slack="0"/>
<pin id="43041" dir="0" index="1" bw="7" slack="0"/>
<pin id="43042" dir="1" index="2" bw="22" slack="1"/>
</pin_list>
<bind>
<opcode="mul(12) " fcode="mul"/>
<opset="mul_ln70/2 "/>
</bind>
</comp>

<comp id="429" class="1004" name="mul_ln73_181_fu_429">
<pin_list>
<pin id="42976" dir="0" index="0" bw="16" slack="0"/>
<pin id="42977" dir="0" index="1" bw="10" slack="0"/>
<pin id="42978" dir="1" index="2" bw="25" slack="1"/>
</pin_list>
<bind>
<opcode="mul(12) " fcode="mul"/>
<opset="mul_ln73_181/2 "/>
</bind>
</comp>

<comp id="430" class="1004" name="mul_ln73_294_fu_430">
<pin_list>
<pin id="61496" dir="0" index="0" bw="16" slack="1"/>
<pin id="61497" dir="0" index="1" bw="10" slack="0"/>
<pin id="61498" dir="1" index="2" bw="26" slack="1"/>
</pin_list>
<bind>
<opcode="mul(12) " fcode="mul"/>
<opset="mul_ln73_294/3 "/>
</bind>
</comp>

<comp id="432" class="1004" name="mul_ln73_237_fu_432">
<pin_list>
<pin id="61372" dir="0" index="0" bw="16" slack="1"/>
<pin id="61373" dir="0" index="1" bw="10" slack="0"/>
<pin id="61374" dir="1" index="2" bw="26" slack="1"/>
</pin_list>
<bind>
<opcode="mul(12) " fcode="mul"/>
<opset="mul_ln73_237/3 "/>
</bind>
</comp>

<comp id="433" class="1004" name="mul_ln73_214_fu_433">
<pin_list>
<pin id="43056" dir="0" index="0" bw="16" slack="0"/>
<pin id="43057" dir="0" index="1" bw="9" slack="0"/>
<pin id="43058" dir="1" index="2" bw="25" slack="1"/>
</pin_list>
<bind>
<opcode="mul(12) " fcode="mul"/>
<opset="mul_ln73_214/2 "/>
</bind>
</comp>

<comp id="434" class="1004" name="mul_ln73_252_fu_434">
<pin_list>
<pin id="61396" dir="0" index="0" bw="16" slack="1"/>
<pin id="61397" dir="0" index="1" bw="10" slack="0"/>
<pin id="61398" dir="1" index="2" bw="26" slack="1"/>
</pin_list>
<bind>
<opcode="mul(12) " fcode="mul"/>
<opset="mul_ln73_252/3 "/>
</bind>
</comp>

<comp id="435" class="1004" name="mul_ln73_209_fu_435">
<pin_list>
<pin id="43036" dir="0" index="0" bw="16" slack="0"/>
<pin id="43037" dir="0" index="1" bw="9" slack="0"/>
<pin id="43038" dir="1" index="2" bw="24" slack="1"/>
</pin_list>
<bind>
<opcode="mul(12) " fcode="mul"/>
<opset="mul_ln73_209/2 "/>
</bind>
</comp>

<comp id="436" class="1004" name="mul_ln73_179_fu_436">
<pin_list>
<pin id="61288" dir="0" index="0" bw="16" slack="1"/>
<pin id="61289" dir="0" index="1" bw="10" slack="0"/>
<pin id="61290" dir="1" index="2" bw="26" slack="1"/>
</pin_list>
<bind>
<opcode="mul(12) " fcode="mul"/>
<opset="mul_ln73_179/3 "/>
</bind>
</comp>

<comp id="437" class="1004" name="mul_ln73_175_fu_437">
<pin_list>
<pin id="42960" dir="0" index="0" bw="16" slack="0"/>
<pin id="42961" dir="0" index="1" bw="10" slack="0"/>
<pin id="42962" dir="1" index="2" bw="25" slack="1"/>
</pin_list>
<bind>
<opcode="mul(12) " fcode="mul"/>
<opset="mul_ln73_175/2 "/>
</bind>
</comp>

<comp id="438" class="1004" name="mul_ln73_286_fu_438">
<pin_list>
<pin id="43212" dir="0" index="0" bw="16" slack="0"/>
<pin id="43213" dir="0" index="1" bw="9" slack="0"/>
<pin id="43214" dir="1" index="2" bw="24" slack="1"/>
</pin_list>
<bind>
<opcode="mul(12) " fcode="mul"/>
<opset="mul_ln73_286/2 "/>
</bind>
</comp>

<comp id="442" class="1004" name="mul_ln73_236_fu_442">
<pin_list>
<pin id="43116" dir="0" index="0" bw="16" slack="0"/>
<pin id="43117" dir="0" index="1" bw="9" slack="0"/>
<pin id="43118" dir="1" index="2" bw="25" slack="1"/>
</pin_list>
<bind>
<opcode="mul(12) " fcode="mul"/>
<opset="mul_ln73_236/2 "/>
</bind>
</comp>

<comp id="443" class="1004" name="mul_ln73_184_fu_443">
<pin_list>
<pin id="42988" dir="0" index="0" bw="16" slack="0"/>
<pin id="42989" dir="0" index="1" bw="11" slack="0"/>
<pin id="42990" dir="1" index="2" bw="26" slack="1"/>
</pin_list>
<bind>
<opcode="mul(12) " fcode="mul"/>
<opset="mul_ln73_184/2 "/>
</bind>
</comp>

<comp id="444" class="1004" name="mul_ln73_246_fu_444">
<pin_list>
<pin id="61388" dir="0" index="0" bw="16" slack="1"/>
<pin id="61389" dir="0" index="1" bw="10" slack="0"/>
<pin id="61390" dir="1" index="2" bw="26" slack="1"/>
</pin_list>
<bind>
<opcode="mul(12) " fcode="mul"/>
<opset="mul_ln73_246/3 "/>
</bind>
</comp>

<comp id="445" class="1004" name="mul_ln73_243_fu_445">
<pin_list>
<pin id="43132" dir="0" index="0" bw="16" slack="0"/>
<pin id="43133" dir="0" index="1" bw="10" slack="0"/>
<pin id="43134" dir="1" index="2" bw="26" slack="1"/>
</pin_list>
<bind>
<opcode="mul(12) " fcode="mul"/>
<opset="mul_ln73_243/2 "/>
</bind>
</comp>

<comp id="446" class="1004" name="mul_ln73_296_fu_446">
<pin_list>
<pin id="43224" dir="0" index="0" bw="16" slack="0"/>
<pin id="43225" dir="0" index="1" bw="10" slack="0"/>
<pin id="43226" dir="1" index="2" bw="26" slack="1"/>
</pin_list>
<bind>
<opcode="mul(12) " fcode="mul"/>
<opset="mul_ln73_296/2 "/>
</bind>
</comp>

<comp id="447" class="1004" name="mul_ln73_276_fu_447">
<pin_list>
<pin id="43196" dir="0" index="0" bw="16" slack="0"/>
<pin id="43197" dir="0" index="1" bw="7" slack="0"/>
<pin id="43198" dir="1" index="2" bw="23" slack="1"/>
</pin_list>
<bind>
<opcode="mul(12) " fcode="mul"/>
<opset="mul_ln73_276/2 "/>
</bind>
</comp>

<comp id="448" class="1004" name="mul_ln73_262_fu_448">
<pin_list>
<pin id="43176" dir="0" index="0" bw="16" slack="0"/>
<pin id="43177" dir="0" index="1" bw="6" slack="0"/>
<pin id="43178" dir="1" index="2" bw="22" slack="1"/>
</pin_list>
<bind>
<opcode="mul(12) " fcode="mul"/>
<opset="mul_ln73_262/2 "/>
</bind>
</comp>

<comp id="449" class="1004" name="mul_ln73_284_fu_449">
<pin_list>
<pin id="61468" dir="0" index="0" bw="16" slack="1"/>
<pin id="61469" dir="0" index="1" bw="9" slack="0"/>
<pin id="61470" dir="1" index="2" bw="25" slack="1"/>
</pin_list>
<bind>
<opcode="mul(12) " fcode="mul"/>
<opset="mul_ln73_284/3 "/>
</bind>
</comp>

<comp id="450" class="1004" name="mul_ln73_176_fu_450">
<pin_list>
<pin id="42964" dir="0" index="0" bw="16" slack="0"/>
<pin id="42965" dir="0" index="1" bw="10" slack="0"/>
<pin id="42966" dir="1" index="2" bw="25" slack="1"/>
</pin_list>
<bind>
<opcode="mul(12) " fcode="mul"/>
<opset="mul_ln73_176/2 "/>
</bind>
</comp>

<comp id="451" class="1004" name="mul_ln73_207_fu_451">
<pin_list>
<pin id="61336" dir="0" index="0" bw="16" slack="0"/>
<pin id="61337" dir="0" index="1" bw="10" slack="0"/>
<pin id="61338" dir="1" index="2" bw="26" slack="1"/>
</pin_list>
<bind>
<opcode="mul(12) " fcode="mul"/>
<opset="mul_ln73_207/3 "/>
</bind>
</comp>

<comp id="453" class="1004" name="mul_ln73_249_fu_453">
<pin_list>
<pin id="61392" dir="0" index="0" bw="16" slack="1"/>
<pin id="61393" dir="0" index="1" bw="10" slack="0"/>
<pin id="61394" dir="1" index="2" bw="25" slack="1"/>
</pin_list>
<bind>
<opcode="mul(12) " fcode="mul"/>
<opset="mul_ln73_249/3 "/>
</bind>
</comp>

<comp id="454" class="1004" name="mul_ln73_204_fu_454">
<pin_list>
<pin id="43032" dir="0" index="0" bw="16" slack="0"/>
<pin id="43033" dir="0" index="1" bw="6" slack="0"/>
<pin id="43034" dir="1" index="2" bw="22" slack="1"/>
</pin_list>
<bind>
<opcode="mul(12) " fcode="mul"/>
<opset="mul_ln73_204/2 "/>
</bind>
</comp>

<comp id="455" class="1004" name="mul_ln73_242_fu_455">
<pin_list>
<pin id="61380" dir="0" index="0" bw="16" slack="1"/>
<pin id="61381" dir="0" index="1" bw="10" slack="0"/>
<pin id="61382" dir="1" index="2" bw="26" slack="1"/>
</pin_list>
<bind>
<opcode="mul(12) " fcode="mul"/>
<opset="mul_ln73_242/3 "/>
</bind>
</comp>

<comp id="456" class="1004" name="mul_ln73_183_fu_456">
<pin_list>
<pin id="42984" dir="0" index="0" bw="16" slack="0"/>
<pin id="42985" dir="0" index="1" bw="9" slack="0"/>
<pin id="42986" dir="1" index="2" bw="24" slack="1"/>
</pin_list>
<bind>
<opcode="mul(12) " fcode="mul"/>
<opset="mul_ln73_183/2 "/>
</bind>
</comp>

<comp id="457" class="1004" name="mul_ln73_215_fu_457">
<pin_list>
<pin id="61348" dir="0" index="0" bw="16" slack="0"/>
<pin id="61349" dir="0" index="1" bw="10" slack="0"/>
<pin id="61350" dir="1" index="2" bw="26" slack="1"/>
</pin_list>
<bind>
<opcode="mul(12) " fcode="mul"/>
<opset="mul_ln73_215/3 "/>
</bind>
</comp>

<comp id="458" class="1004" name="mul_ln73_269_fu_458">
<pin_list>
<pin id="61428" dir="0" index="0" bw="16" slack="1"/>
<pin id="61429" dir="0" index="1" bw="9" slack="0"/>
<pin id="61430" dir="1" index="2" bw="25" slack="1"/>
</pin_list>
<bind>
<opcode="mul(12) " fcode="mul"/>
<opset="mul_ln73_269/3 "/>
</bind>
</comp>

<comp id="459" class="1004" name="mul_ln73_267_fu_459">
<pin_list>
<pin id="61424" dir="0" index="0" bw="16" slack="1"/>
<pin id="61425" dir="0" index="1" bw="10" slack="0"/>
<pin id="61426" dir="1" index="2" bw="26" slack="1"/>
</pin_list>
<bind>
<opcode="mul(12) " fcode="mul"/>
<opset="mul_ln73_267/3 "/>
</bind>
</comp>

<comp id="460" class="1004" name="mul_ln73_289_fu_460">
<pin_list>
<pin id="61480" dir="0" index="0" bw="16" slack="1"/>
<pin id="61481" dir="0" index="1" bw="10" slack="0"/>
<pin id="61482" dir="1" index="2" bw="26" slack="1"/>
</pin_list>
<bind>
<opcode="mul(12) " fcode="mul"/>
<opset="mul_ln73_289/3 "/>
</bind>
</comp>

<comp id="461" class="1004" name="mul_ln73_278_fu_461">
<pin_list>
<pin id="61452" dir="0" index="0" bw="16" slack="1"/>
<pin id="61453" dir="0" index="1" bw="10" slack="0"/>
<pin id="61454" dir="1" index="2" bw="26" slack="1"/>
</pin_list>
<bind>
<opcode="mul(12) " fcode="mul"/>
<opset="mul_ln73_278/3 "/>
</bind>
</comp>

<comp id="462" class="1004" name="mul_ln73_239_fu_462">
<pin_list>
<pin id="43124" dir="0" index="0" bw="16" slack="0"/>
<pin id="43125" dir="0" index="1" bw="8" slack="0"/>
<pin id="43126" dir="1" index="2" bw="24" slack="1"/>
</pin_list>
<bind>
<opcode="mul(12) " fcode="mul"/>
<opset="mul_ln73_239/2 "/>
</bind>
</comp>

<comp id="464" class="1004" name="mul_ln73_277_fu_464">
<pin_list>
<pin id="43200" dir="0" index="0" bw="16" slack="0"/>
<pin id="43201" dir="0" index="1" bw="7" slack="0"/>
<pin id="43202" dir="1" index="2" bw="23" slack="1"/>
</pin_list>
<bind>
<opcode="mul(12) " fcode="mul"/>
<opset="mul_ln73_277/2 "/>
</bind>
</comp>

<comp id="465" class="1004" name="mul_ln73_173_fu_465">
<pin_list>
<pin id="2356" dir="0" index="0" bw="16" slack="0"/>
<pin id="2357" dir="0" index="1" bw="8" slack="0"/>
<pin id="2358" dir="1" index="2" bw="23" slack="1"/>
</pin_list>
<bind>
<opcode="mul(12) " fcode="mul"/>
<opset="mul_ln73_173/1 "/>
</bind>
</comp>

<comp id="466" class="1004" name="mul_ln73_280_fu_466">
<pin_list>
<pin id="43204" dir="0" index="0" bw="16" slack="0"/>
<pin id="43205" dir="0" index="1" bw="9" slack="0"/>
<pin id="43206" dir="1" index="2" bw="25" slack="1"/>
</pin_list>
<bind>
<opcode="mul(12) " fcode="mul"/>
<opset="mul_ln73_280/2 "/>
</bind>
</comp>

<comp id="467" class="1004" name="mul_ln73_263_fu_467">
<pin_list>
<pin id="61416" dir="0" index="0" bw="16" slack="1"/>
<pin id="61417" dir="0" index="1" bw="10" slack="0"/>
<pin id="61418" dir="1" index="2" bw="26" slack="1"/>
</pin_list>
<bind>
<opcode="mul(12) " fcode="mul"/>
<opset="mul_ln73_263/3 "/>
</bind>
</comp>

<comp id="468" class="1004" name="mul_ln73_266_fu_468">
<pin_list>
<pin id="61420" dir="0" index="0" bw="16" slack="1"/>
<pin id="61421" dir="0" index="1" bw="10" slack="0"/>
<pin id="61422" dir="1" index="2" bw="26" slack="1"/>
</pin_list>
<bind>
<opcode="mul(12) " fcode="mul"/>
<opset="mul_ln73_266/3 "/>
</bind>
</comp>

<comp id="469" class="1004" name="mul_ln73_fu_469">
<pin_list>
<pin id="42952" dir="0" index="0" bw="16" slack="0"/>
<pin id="42953" dir="0" index="1" bw="10" slack="0"/>
<pin id="42954" dir="1" index="2" bw="25" slack="1"/>
</pin_list>
<bind>
<opcode="mul(12) " fcode="mul"/>
<opset="mul_ln73/2 "/>
</bind>
</comp>

<comp id="470" class="1004" name="mul_ln73_240_fu_470">
<pin_list>
<pin id="61376" dir="0" index="0" bw="16" slack="1"/>
<pin id="61377" dir="0" index="1" bw="10" slack="0"/>
<pin id="61378" dir="1" index="2" bw="26" slack="1"/>
</pin_list>
<bind>
<opcode="mul(12) " fcode="mul"/>
<opset="mul_ln73_240/3 "/>
</bind>
</comp>

<comp id="471" class="1004" name="mul_ln73_224_fu_471">
<pin_list>
<pin id="43076" dir="0" index="0" bw="16" slack="0"/>
<pin id="43077" dir="0" index="1" bw="9" slack="0"/>
<pin id="43078" dir="1" index="2" bw="25" slack="1"/>
</pin_list>
<bind>
<opcode="mul(12) " fcode="mul"/>
<opset="mul_ln73_224/2 "/>
</bind>
</comp>

<comp id="473" class="1004" name="mul_ln73_257_fu_473">
<pin_list>
<pin id="43160" dir="0" index="0" bw="16" slack="0"/>
<pin id="43161" dir="0" index="1" bw="10" slack="0"/>
<pin id="43162" dir="1" index="2" bw="26" slack="1"/>
</pin_list>
<bind>
<opcode="mul(12) " fcode="mul"/>
<opset="mul_ln73_257/2 "/>
</bind>
</comp>

<comp id="476" class="1004" name="mul_ln73_264_fu_476">
<pin_list>
<pin id="43180" dir="0" index="0" bw="16" slack="0"/>
<pin id="43181" dir="0" index="1" bw="10" slack="0"/>
<pin id="43182" dir="1" index="2" bw="26" slack="1"/>
</pin_list>
<bind>
<opcode="mul(12) " fcode="mul"/>
<opset="mul_ln73_264/2 "/>
</bind>
</comp>

<comp id="478" class="1004" name="mul_ln73_258_fu_478">
<pin_list>
<pin id="43164" dir="0" index="0" bw="16" slack="0"/>
<pin id="43165" dir="0" index="1" bw="10" slack="0"/>
<pin id="43166" dir="1" index="2" bw="25" slack="1"/>
</pin_list>
<bind>
<opcode="mul(12) " fcode="mul"/>
<opset="mul_ln73_258/2 "/>
</bind>
</comp>

<comp id="479" class="1004" name="mul_ln73_177_fu_479">
<pin_list>
<pin id="42968" dir="0" index="0" bw="16" slack="0"/>
<pin id="42969" dir="0" index="1" bw="10" slack="0"/>
<pin id="42970" dir="1" index="2" bw="25" slack="1"/>
</pin_list>
<bind>
<opcode="mul(12) " fcode="mul"/>
<opset="mul_ln73_177/2 "/>
</bind>
</comp>

<comp id="480" class="1004" name="mul_ln73_203_fu_480">
<pin_list>
<pin id="61324" dir="0" index="0" bw="16" slack="0"/>
<pin id="61325" dir="0" index="1" bw="10" slack="0"/>
<pin id="61326" dir="1" index="2" bw="26" slack="1"/>
</pin_list>
<bind>
<opcode="mul(12) " fcode="mul"/>
<opset="mul_ln73_203/3 "/>
</bind>
</comp>

<comp id="481" class="1004" name="mul_ln73_196_fu_481">
<pin_list>
<pin id="43020" dir="0" index="0" bw="16" slack="0"/>
<pin id="43021" dir="0" index="1" bw="9" slack="0"/>
<pin id="43022" dir="1" index="2" bw="25" slack="1"/>
</pin_list>
<bind>
<opcode="mul(12) " fcode="mul"/>
<opset="mul_ln73_196/2 "/>
</bind>
</comp>

<comp id="482" class="1004" name="mul_ln73_201_fu_482">
<pin_list>
<pin id="43028" dir="0" index="0" bw="16" slack="0"/>
<pin id="43029" dir="0" index="1" bw="9" slack="0"/>
<pin id="43030" dir="1" index="2" bw="24" slack="1"/>
</pin_list>
<bind>
<opcode="mul(12) " fcode="mul"/>
<opset="mul_ln73_201/2 "/>
</bind>
</comp>

<comp id="483" class="1004" name="mul_ln73_255_fu_483">
<pin_list>
<pin id="43156" dir="0" index="0" bw="16" slack="0"/>
<pin id="43157" dir="0" index="1" bw="9" slack="0"/>
<pin id="43158" dir="1" index="2" bw="25" slack="1"/>
</pin_list>
<bind>
<opcode="mul(12) " fcode="mul"/>
<opset="mul_ln73_255/2 "/>
</bind>
</comp>

<comp id="484" class="1004" name="mul_ln73_235_fu_484">
<pin_list>
<pin id="43112" dir="0" index="0" bw="16" slack="0"/>
<pin id="43113" dir="0" index="1" bw="8" slack="0"/>
<pin id="43114" dir="1" index="2" bw="24" slack="2"/>
</pin_list>
<bind>
<opcode="mul(12) " fcode="mul"/>
<opset="mul_ln73_235/2 "/>
</bind>
</comp>

<comp id="485" class="1004" name="mul_ln73_256_fu_485">
<pin_list>
<pin id="61408" dir="0" index="0" bw="16" slack="0"/>
<pin id="61409" dir="0" index="1" bw="7" slack="0"/>
<pin id="61410" dir="1" index="2" bw="23" slack="1"/>
</pin_list>
<bind>
<opcode="mul(12) " fcode="mul"/>
<opset="mul_ln73_256/3 "/>
</bind>
</comp>

<comp id="486" class="1004" name="mul_ln73_189_fu_486">
<pin_list>
<pin id="43004" dir="0" index="0" bw="16" slack="0"/>
<pin id="43005" dir="0" index="1" bw="6" slack="0"/>
<pin id="43006" dir="1" index="2" bw="21" slack="1"/>
</pin_list>
<bind>
<opcode="mul(12) " fcode="mul"/>
<opset="mul_ln73_189/2 "/>
</bind>
</comp>

<comp id="487" class="1004" name="mul_ln73_281_fu_487">
<pin_list>
<pin id="61460" dir="0" index="0" bw="16" slack="1"/>
<pin id="61461" dir="0" index="1" bw="10" slack="0"/>
<pin id="61462" dir="1" index="2" bw="26" slack="1"/>
</pin_list>
<bind>
<opcode="mul(12) " fcode="mul"/>
<opset="mul_ln73_281/3 "/>
</bind>
</comp>

<comp id="488" class="1004" name="mul_ln73_241_fu_488">
<pin_list>
<pin id="43128" dir="0" index="0" bw="16" slack="0"/>
<pin id="43129" dir="0" index="1" bw="9" slack="0"/>
<pin id="43130" dir="1" index="2" bw="25" slack="1"/>
</pin_list>
<bind>
<opcode="mul(12) " fcode="mul"/>
<opset="mul_ln73_241/2 "/>
</bind>
</comp>

<comp id="489" class="1004" name="mul_ln73_200_fu_489">
<pin_list>
<pin id="61316" dir="0" index="0" bw="16" slack="0"/>
<pin id="61317" dir="0" index="1" bw="10" slack="0"/>
<pin id="61318" dir="1" index="2" bw="26" slack="1"/>
</pin_list>
<bind>
<opcode="mul(12) " fcode="mul"/>
<opset="mul_ln73_200/3 "/>
</bind>
</comp>

<comp id="490" class="1004" name="mul_ln73_261_fu_490">
<pin_list>
<pin id="43172" dir="0" index="0" bw="16" slack="0"/>
<pin id="43173" dir="0" index="1" bw="7" slack="0"/>
<pin id="43174" dir="1" index="2" bw="23" slack="1"/>
</pin_list>
<bind>
<opcode="mul(12) " fcode="mul"/>
<opset="mul_ln73_261/2 "/>
</bind>
</comp>

<comp id="491" class="1004" name="mul_ln73_223_fu_491">
<pin_list>
<pin id="2364" dir="0" index="0" bw="16" slack="0"/>
<pin id="2365" dir="0" index="1" bw="7" slack="0"/>
<pin id="2366" dir="1" index="2" bw="23" slack="1"/>
</pin_list>
<bind>
<opcode="mul(12) " fcode="mul"/>
<opset="mul_ln73_223/1 "/>
</bind>
</comp>

<comp id="492" class="1004" name="mul_ln73_292_fu_492">
<pin_list>
<pin id="61488" dir="0" index="0" bw="16" slack="1"/>
<pin id="61489" dir="0" index="1" bw="10" slack="0"/>
<pin id="61490" dir="1" index="2" bw="26" slack="1"/>
</pin_list>
<bind>
<opcode="mul(12) " fcode="mul"/>
<opset="mul_ln73_292/3 "/>
</bind>
</comp>

<comp id="493" class="1004" name="mul_ln73_297_fu_493">
<pin_list>
<pin id="61504" dir="0" index="0" bw="16" slack="0"/>
<pin id="61505" dir="0" index="1" bw="9" slack="0"/>
<pin id="61506" dir="1" index="2" bw="25" slack="1"/>
</pin_list>
<bind>
<opcode="mul(12) " fcode="mul"/>
<opset="mul_ln73_297/3 "/>
</bind>
</comp>

<comp id="494" class="1004" name="mul_ln73_206_fu_494">
<pin_list>
<pin id="61332" dir="0" index="0" bw="16" slack="0"/>
<pin id="61333" dir="0" index="1" bw="10" slack="0"/>
<pin id="61334" dir="1" index="2" bw="26" slack="1"/>
</pin_list>
<bind>
<opcode="mul(12) " fcode="mul"/>
<opset="mul_ln73_206/3 "/>
</bind>
</comp>

<comp id="495" class="1004" name="mul_ln73_282_fu_495">
<pin_list>
<pin id="43208" dir="0" index="0" bw="16" slack="0"/>
<pin id="43209" dir="0" index="1" bw="10" slack="0"/>
<pin id="43210" dir="1" index="2" bw="26" slack="1"/>
</pin_list>
<bind>
<opcode="mul(12) " fcode="mul"/>
<opset="mul_ln73_282/2 "/>
</bind>
</comp>

<comp id="496" class="1004" name="mul_ln73_226_fu_496">
<pin_list>
<pin id="43084" dir="0" index="0" bw="16" slack="0"/>
<pin id="43085" dir="0" index="1" bw="9" slack="0"/>
<pin id="43086" dir="1" index="2" bw="25" slack="1"/>
</pin_list>
<bind>
<opcode="mul(12) " fcode="mul"/>
<opset="mul_ln73_226/2 "/>
</bind>
</comp>

<comp id="497" class="1004" name="mul_ln73_271_fu_497">
<pin_list>
<pin id="61436" dir="0" index="0" bw="16" slack="0"/>
<pin id="61437" dir="0" index="1" bw="11" slack="0"/>
<pin id="61438" dir="1" index="2" bw="27" slack="1"/>
</pin_list>
<bind>
<opcode="mul(12) " fcode="mul"/>
<opset="mul_ln73_271/3 "/>
</bind>
</comp>

<comp id="498" class="1004" name="mul_ln73_260_fu_498">
<pin_list>
<pin id="43168" dir="0" index="0" bw="16" slack="0"/>
<pin id="43169" dir="0" index="1" bw="9" slack="0"/>
<pin id="43170" dir="1" index="2" bw="25" slack="1"/>
</pin_list>
<bind>
<opcode="mul(12) " fcode="mul"/>
<opset="mul_ln73_260/2 "/>
</bind>
</comp>

<comp id="499" class="1004" name="mul_ln73_178_fu_499">
<pin_list>
<pin id="2360" dir="0" index="0" bw="16" slack="0"/>
<pin id="2361" dir="0" index="1" bw="8" slack="0"/>
<pin id="2362" dir="1" index="2" bw="23" slack="2"/>
</pin_list>
<bind>
<opcode="mul(12) " fcode="mul"/>
<opset="mul_ln73_178/1 "/>
</bind>
</comp>

<comp id="500" class="1004" name="mul_ln73_229_fu_500">
<pin_list>
<pin id="43092" dir="0" index="0" bw="16" slack="0"/>
<pin id="43093" dir="0" index="1" bw="9" slack="0"/>
<pin id="43094" dir="1" index="2" bw="25" slack="1"/>
</pin_list>
<bind>
<opcode="mul(12) " fcode="mul"/>
<opset="mul_ln73_229/2 "/>
</bind>
</comp>

<comp id="502" class="1004" name="mul_ln73_210_fu_502">
<pin_list>
<pin id="43044" dir="0" index="0" bw="16" slack="0"/>
<pin id="43045" dir="0" index="1" bw="9" slack="0"/>
<pin id="43046" dir="1" index="2" bw="25" slack="1"/>
</pin_list>
<bind>
<opcode="mul(12) " fcode="mul"/>
<opset="mul_ln73_210/2 "/>
</bind>
</comp>

<comp id="503" class="1004" name="mul_ln73_259_fu_503">
<pin_list>
<pin id="61412" dir="0" index="0" bw="16" slack="1"/>
<pin id="61413" dir="0" index="1" bw="10" slack="0"/>
<pin id="61414" dir="1" index="2" bw="26" slack="1"/>
</pin_list>
<bind>
<opcode="mul(12) " fcode="mul"/>
<opset="mul_ln73_259/3 "/>
</bind>
</comp>

<comp id="504" class="1004" name="mul_ln73_192_fu_504">
<pin_list>
<pin id="61304" dir="0" index="0" bw="16" slack="0"/>
<pin id="61305" dir="0" index="1" bw="10" slack="0"/>
<pin id="61306" dir="1" index="2" bw="26" slack="1"/>
</pin_list>
<bind>
<opcode="mul(12) " fcode="mul"/>
<opset="mul_ln73_192/3 "/>
</bind>
</comp>

<comp id="506" class="1004" name="mul_ln73_265_fu_506">
<pin_list>
<pin id="43184" dir="0" index="0" bw="16" slack="0"/>
<pin id="43185" dir="0" index="1" bw="9" slack="0"/>
<pin id="43186" dir="1" index="2" bw="25" slack="1"/>
</pin_list>
<bind>
<opcode="mul(12) " fcode="mul"/>
<opset="mul_ln73_265/2 "/>
</bind>
</comp>

<comp id="507" class="1004" name="mul_ln73_238_fu_507">
<pin_list>
<pin id="43120" dir="0" index="0" bw="16" slack="0"/>
<pin id="43121" dir="0" index="1" bw="9" slack="0"/>
<pin id="43122" dir="1" index="2" bw="25" slack="1"/>
</pin_list>
<bind>
<opcode="mul(12) " fcode="mul"/>
<opset="mul_ln73_238/2 "/>
</bind>
</comp>

<comp id="509" class="1004" name="mul_ln73_251_fu_509">
<pin_list>
<pin id="43152" dir="0" index="0" bw="16" slack="0"/>
<pin id="43153" dir="0" index="1" bw="9" slack="0"/>
<pin id="43154" dir="1" index="2" bw="24" slack="1"/>
</pin_list>
<bind>
<opcode="mul(12) " fcode="mul"/>
<opset="mul_ln73_251/2 "/>
</bind>
</comp>

<comp id="510" class="1004" name="mul_ln73_244_fu_510">
<pin_list>
<pin id="61384" dir="0" index="0" bw="16" slack="1"/>
<pin id="61385" dir="0" index="1" bw="9" slack="0"/>
<pin id="61386" dir="1" index="2" bw="25" slack="1"/>
</pin_list>
<bind>
<opcode="mul(12) " fcode="mul"/>
<opset="mul_ln73_244/3 "/>
</bind>
</comp>

<comp id="511" class="1004" name="mul_ln73_233_fu_511">
<pin_list>
<pin id="43104" dir="0" index="0" bw="16" slack="0"/>
<pin id="43105" dir="0" index="1" bw="8" slack="0"/>
<pin id="43106" dir="1" index="2" bw="24" slack="1"/>
</pin_list>
<bind>
<opcode="mul(12) " fcode="mul"/>
<opset="mul_ln73_233/2 "/>
</bind>
</comp>

<comp id="512" class="1004" name="mul_ln73_193_fu_512">
<pin_list>
<pin id="43008" dir="0" index="0" bw="16" slack="0"/>
<pin id="43009" dir="0" index="1" bw="9" slack="0"/>
<pin id="43010" dir="1" index="2" bw="25" slack="1"/>
</pin_list>
<bind>
<opcode="mul(12) " fcode="mul"/>
<opset="mul_ln73_193/2 "/>
</bind>
</comp>

<comp id="514" class="1004" name="mul_ln73_230_fu_514">
<pin_list>
<pin id="43096" dir="0" index="0" bw="16" slack="0"/>
<pin id="43097" dir="0" index="1" bw="9" slack="0"/>
<pin id="43098" dir="1" index="2" bw="25" slack="1"/>
</pin_list>
<bind>
<opcode="mul(12) " fcode="mul"/>
<opset="mul_ln73_230/2 "/>
</bind>
</comp>

<comp id="515" class="1004" name="mul_ln73_222_fu_515">
<pin_list>
<pin id="43072" dir="0" index="0" bw="16" slack="1"/>
<pin id="43073" dir="0" index="1" bw="7" slack="0"/>
<pin id="43074" dir="1" index="2" bw="23" slack="1"/>
</pin_list>
<bind>
<opcode="mul(12) " fcode="mul"/>
<opset="mul_ln73_222/2 "/>
</bind>
</comp>

<comp id="516" class="1004" name="mul_ln73_291_fu_516">
<pin_list>
<pin id="43220" dir="0" index="0" bw="16" slack="0"/>
<pin id="43221" dir="0" index="1" bw="8" slack="0"/>
<pin id="43222" dir="1" index="2" bw="24" slack="1"/>
</pin_list>
<bind>
<opcode="mul(12) " fcode="mul"/>
<opset="mul_ln73_291/2 "/>
</bind>
</comp>

<comp id="517" class="1004" name="mul_ln73_191_fu_517">
<pin_list>
<pin id="61300" dir="0" index="0" bw="16" slack="0"/>
<pin id="61301" dir="0" index="1" bw="10" slack="0"/>
<pin id="61302" dir="1" index="2" bw="26" slack="1"/>
</pin_list>
<bind>
<opcode="mul(12) " fcode="mul"/>
<opset="mul_ln73_191/3 "/>
</bind>
</comp>

<comp id="518" class="1004" name="mul_ln73_221_fu_518">
<pin_list>
<pin id="43068" dir="0" index="0" bw="16" slack="0"/>
<pin id="43069" dir="0" index="1" bw="8" slack="0"/>
<pin id="43070" dir="1" index="2" bw="24" slack="1"/>
</pin_list>
<bind>
<opcode="mul(12) " fcode="mul"/>
<opset="mul_ln73_221/2 "/>
</bind>
</comp>

<comp id="519" class="1004" name="mul_ln73_195_fu_519">
<pin_list>
<pin id="43016" dir="0" index="0" bw="16" slack="0"/>
<pin id="43017" dir="0" index="1" bw="10" slack="0"/>
<pin id="43018" dir="1" index="2" bw="25" slack="1"/>
</pin_list>
<bind>
<opcode="mul(12) " fcode="mul"/>
<opset="mul_ln73_195/2 "/>
</bind>
</comp>

<comp id="520" class="1004" name="mul_ln73_231_fu_520">
<pin_list>
<pin id="61368" dir="0" index="0" bw="16" slack="1"/>
<pin id="61369" dir="0" index="1" bw="10" slack="0"/>
<pin id="61370" dir="1" index="2" bw="26" slack="1"/>
</pin_list>
<bind>
<opcode="mul(12) " fcode="mul"/>
<opset="mul_ln73_231/3 "/>
</bind>
</comp>

<comp id="521" class="1004" name="mul_ln73_186_fu_521">
<pin_list>
<pin id="61292" dir="0" index="0" bw="16" slack="0"/>
<pin id="61293" dir="0" index="1" bw="10" slack="0"/>
<pin id="61294" dir="1" index="2" bw="26" slack="1"/>
</pin_list>
<bind>
<opcode="mul(12) " fcode="mul"/>
<opset="mul_ln73_186/3 "/>
</bind>
</comp>

<comp id="522" class="1004" name="mul_ln73_279_fu_522">
<pin_list>
<pin id="61456" dir="0" index="0" bw="16" slack="1"/>
<pin id="61457" dir="0" index="1" bw="10" slack="0"/>
<pin id="61458" dir="1" index="2" bw="25" slack="1"/>
</pin_list>
<bind>
<opcode="mul(12) " fcode="mul"/>
<opset="mul_ln73_279/3 "/>
</bind>
</comp>

<comp id="523" class="1004" name="mul_ln73_288_fu_523">
<pin_list>
<pin id="43216" dir="0" index="0" bw="16" slack="0"/>
<pin id="43217" dir="0" index="1" bw="7" slack="0"/>
<pin id="43218" dir="1" index="2" bw="23" slack="1"/>
</pin_list>
<bind>
<opcode="mul(12) " fcode="mul"/>
<opset="mul_ln73_288/2 "/>
</bind>
</comp>

<comp id="524" class="1004" name="mul_ln73_293_fu_524">
<pin_list>
<pin id="61492" dir="0" index="0" bw="16" slack="1"/>
<pin id="61493" dir="0" index="1" bw="10" slack="0"/>
<pin id="61494" dir="1" index="2" bw="26" slack="1"/>
</pin_list>
<bind>
<opcode="mul(12) " fcode="mul"/>
<opset="mul_ln73_293/3 "/>
</bind>
</comp>

<comp id="525" class="1004" name="mul_ln73_253_fu_525">
<pin_list>
<pin id="61400" dir="0" index="0" bw="16" slack="1"/>
<pin id="61401" dir="0" index="1" bw="10" slack="0"/>
<pin id="61402" dir="1" index="2" bw="26" slack="1"/>
</pin_list>
<bind>
<opcode="mul(12) " fcode="mul"/>
<opset="mul_ln73_253/3 "/>
</bind>
</comp>

<comp id="526" class="1004" name="mul_ln73_199_fu_526">
<pin_list>
<pin id="43024" dir="0" index="0" bw="16" slack="0"/>
<pin id="43025" dir="0" index="1" bw="7" slack="0"/>
<pin id="43026" dir="1" index="2" bw="22" slack="1"/>
</pin_list>
<bind>
<opcode="mul(12) " fcode="mul"/>
<opset="mul_ln73_199/2 "/>
</bind>
</comp>

<comp id="528" class="1004" name="mul_ln73_234_fu_528">
<pin_list>
<pin id="43108" dir="0" index="0" bw="16" slack="0"/>
<pin id="43109" dir="0" index="1" bw="9" slack="0"/>
<pin id="43110" dir="1" index="2" bw="25" slack="1"/>
</pin_list>
<bind>
<opcode="mul(12) " fcode="mul"/>
<opset="mul_ln73_234/2 "/>
</bind>
</comp>

<comp id="530" class="1004" name="mul_ln73_208_fu_530">
<pin_list>
<pin id="61340" dir="0" index="0" bw="16" slack="0"/>
<pin id="61341" dir="0" index="1" bw="10" slack="0"/>
<pin id="61342" dir="1" index="2" bw="26" slack="1"/>
</pin_list>
<bind>
<opcode="mul(12) " fcode="mul"/>
<opset="mul_ln73_208/3 "/>
</bind>
</comp>

<comp id="532" class="1004" name="mul_ln73_182_fu_532">
<pin_list>
<pin id="42980" dir="0" index="0" bw="16" slack="0"/>
<pin id="42981" dir="0" index="1" bw="9" slack="0"/>
<pin id="42982" dir="1" index="2" bw="25" slack="1"/>
</pin_list>
<bind>
<opcode="mul(12) " fcode="mul"/>
<opset="mul_ln73_182/2 "/>
</bind>
</comp>

<comp id="533" class="1004" name="mul_ln73_274_fu_533">
<pin_list>
<pin id="61444" dir="0" index="0" bw="16" slack="1"/>
<pin id="61445" dir="0" index="1" bw="10" slack="0"/>
<pin id="61446" dir="1" index="2" bw="26" slack="1"/>
</pin_list>
<bind>
<opcode="mul(12) " fcode="mul"/>
<opset="mul_ln73_274/3 "/>
</bind>
</comp>

<comp id="534" class="1004" name="mul_ln73_245_fu_534">
<pin_list>
<pin id="43136" dir="0" index="0" bw="16" slack="0"/>
<pin id="43137" dir="0" index="1" bw="10" slack="0"/>
<pin id="43138" dir="1" index="2" bw="26" slack="1"/>
</pin_list>
<bind>
<opcode="mul(12) " fcode="mul"/>
<opset="mul_ln73_245/2 "/>
</bind>
</comp>

<comp id="535" class="1004" name="mul_ln73_247_fu_535">
<pin_list>
<pin id="43140" dir="0" index="0" bw="16" slack="0"/>
<pin id="43141" dir="0" index="1" bw="8" slack="0"/>
<pin id="43142" dir="1" index="2" bw="24" slack="1"/>
</pin_list>
<bind>
<opcode="mul(12) " fcode="mul"/>
<opset="mul_ln73_247/2 "/>
</bind>
</comp>

<comp id="536" class="1004" name="mul_ln73_227_fu_536">
<pin_list>
<pin id="43088" dir="0" index="0" bw="16" slack="0"/>
<pin id="43089" dir="0" index="1" bw="8" slack="0"/>
<pin id="43090" dir="1" index="2" bw="24" slack="1"/>
</pin_list>
<bind>
<opcode="mul(12) " fcode="mul"/>
<opset="mul_ln73_227/2 "/>
</bind>
</comp>

<comp id="537" class="1004" name="mul_ln73_185_fu_537">
<pin_list>
<pin id="42992" dir="0" index="0" bw="16" slack="0"/>
<pin id="42993" dir="0" index="1" bw="10" slack="0"/>
<pin id="42994" dir="1" index="2" bw="25" slack="1"/>
</pin_list>
<bind>
<opcode="mul(12) " fcode="mul"/>
<opset="mul_ln73_185/2 "/>
</bind>
</comp>

<comp id="538" class="1004" name="mul_ln73_287_fu_538">
<pin_list>
<pin id="61476" dir="0" index="0" bw="16" slack="1"/>
<pin id="61477" dir="0" index="1" bw="10" slack="0"/>
<pin id="61478" dir="1" index="2" bw="26" slack="1"/>
</pin_list>
<bind>
<opcode="mul(12) " fcode="mul"/>
<opset="mul_ln73_287/3 "/>
</bind>
</comp>

<comp id="539" class="1004" name="mul_ln73_197_fu_539">
<pin_list>
<pin id="61308" dir="0" index="0" bw="16" slack="0"/>
<pin id="61309" dir="0" index="1" bw="11" slack="0"/>
<pin id="61310" dir="1" index="2" bw="27" slack="1"/>
</pin_list>
<bind>
<opcode="mul(12) " fcode="mul"/>
<opset="mul_ln73_197/3 "/>
</bind>
</comp>

<comp id="540" class="1004" name="mul_ln73_205_fu_540">
<pin_list>
<pin id="61328" dir="0" index="0" bw="16" slack="0"/>
<pin id="61329" dir="0" index="1" bw="10" slack="0"/>
<pin id="61330" dir="1" index="2" bw="26" slack="1"/>
</pin_list>
<bind>
<opcode="mul(12) " fcode="mul"/>
<opset="mul_ln73_205/3 "/>
</bind>
</comp>

<comp id="541" class="1004" name="mul_ln73_295_fu_541">
<pin_list>
<pin id="61500" dir="0" index="0" bw="16" slack="1"/>
<pin id="61501" dir="0" index="1" bw="10" slack="0"/>
<pin id="61502" dir="1" index="2" bw="26" slack="1"/>
</pin_list>
<bind>
<opcode="mul(12) " fcode="mul"/>
<opset="mul_ln73_295/3 "/>
</bind>
</comp>

<comp id="542" class="1004" name="mul_ln73_285_fu_542">
<pin_list>
<pin id="61472" dir="0" index="0" bw="16" slack="0"/>
<pin id="61473" dir="0" index="1" bw="11" slack="0"/>
<pin id="61474" dir="1" index="2" bw="27" slack="1"/>
</pin_list>
<bind>
<opcode="mul(12) " fcode="mul"/>
<opset="mul_ln73_285/3 "/>
</bind>
</comp>

<comp id="544" class="1004" name="mul_ln73_254_fu_544">
<pin_list>
<pin id="61404" dir="0" index="0" bw="16" slack="1"/>
<pin id="61405" dir="0" index="1" bw="10" slack="0"/>
<pin id="61406" dir="1" index="2" bw="26" slack="1"/>
</pin_list>
<bind>
<opcode="mul(12) " fcode="mul"/>
<opset="mul_ln73_254/3 "/>
</bind>
</comp>

<comp id="545" class="1004" name="mul_ln73_299_fu_545">
<pin_list>
<pin id="61512" dir="0" index="0" bw="16" slack="0"/>
<pin id="61513" dir="0" index="1" bw="9" slack="0"/>
<pin id="61514" dir="1" index="2" bw="25" slack="1"/>
</pin_list>
<bind>
<opcode="mul(12) " fcode="mul"/>
<opset="mul_ln73_299/3 "/>
</bind>
</comp>

<comp id="546" class="1004" name="mul_ln73_213_fu_546">
<pin_list>
<pin id="43052" dir="0" index="0" bw="16" slack="0"/>
<pin id="43053" dir="0" index="1" bw="6" slack="0"/>
<pin id="43054" dir="1" index="2" bw="22" slack="1"/>
</pin_list>
<bind>
<opcode="mul(12) " fcode="mul"/>
<opset="mul_ln73_213/2 "/>
</bind>
</comp>

<comp id="547" class="1004" name="mul_ln73_232_fu_547">
<pin_list>
<pin id="43100" dir="0" index="0" bw="16" slack="0"/>
<pin id="43101" dir="0" index="1" bw="10" slack="0"/>
<pin id="43102" dir="1" index="2" bw="26" slack="1"/>
</pin_list>
<bind>
<opcode="mul(12) " fcode="mul"/>
<opset="mul_ln73_232/2 "/>
</bind>
</comp>

<comp id="548" class="1004" name="mul_ln73_217_fu_548">
<pin_list>
<pin id="61352" dir="0" index="0" bw="16" slack="0"/>
<pin id="61353" dir="0" index="1" bw="10" slack="0"/>
<pin id="61354" dir="1" index="2" bw="26" slack="1"/>
</pin_list>
<bind>
<opcode="mul(12) " fcode="mul"/>
<opset="mul_ln73_217/3 "/>
</bind>
</comp>

<comp id="549" class="1004" name="mul_ln73_283_fu_549">
<pin_list>
<pin id="61464" dir="0" index="0" bw="16" slack="1"/>
<pin id="61465" dir="0" index="1" bw="10" slack="0"/>
<pin id="61466" dir="1" index="2" bw="26" slack="1"/>
</pin_list>
<bind>
<opcode="mul(12) " fcode="mul"/>
<opset="mul_ln73_283/3 "/>
</bind>
</comp>

<comp id="550" class="1004" name="mul_ln73_174_fu_550">
<pin_list>
<pin id="42956" dir="0" index="0" bw="16" slack="0"/>
<pin id="42957" dir="0" index="1" bw="10" slack="0"/>
<pin id="42958" dir="1" index="2" bw="25" slack="1"/>
</pin_list>
<bind>
<opcode="mul(12) " fcode="mul"/>
<opset="mul_ln73_174/2 "/>
</bind>
</comp>

<comp id="551" class="1004" name="mul_ln73_202_fu_551">
<pin_list>
<pin id="61320" dir="0" index="0" bw="16" slack="0"/>
<pin id="61321" dir="0" index="1" bw="10" slack="0"/>
<pin id="61322" dir="1" index="2" bw="26" slack="1"/>
</pin_list>
<bind>
<opcode="mul(12) " fcode="mul"/>
<opset="mul_ln73_202/3 "/>
</bind>
</comp>

<comp id="552" class="1004" name="mul_ln73_275_fu_552">
<pin_list>
<pin id="61448" dir="0" index="0" bw="16" slack="1"/>
<pin id="61449" dir="0" index="1" bw="10" slack="0"/>
<pin id="61450" dir="1" index="2" bw="26" slack="1"/>
</pin_list>
<bind>
<opcode="mul(12) " fcode="mul"/>
<opset="mul_ln73_275/3 "/>
</bind>
</comp>

<comp id="553" class="1004" name="mul_ln73_298_fu_553">
<pin_list>
<pin id="61508" dir="0" index="0" bw="16" slack="0"/>
<pin id="61509" dir="0" index="1" bw="9" slack="0"/>
<pin id="61510" dir="1" index="2" bw="25" slack="1"/>
</pin_list>
<bind>
<opcode="mul(12) " fcode="mul"/>
<opset="mul_ln73_298/3 "/>
</bind>
</comp>

<comp id="554" class="1004" name="mul_ln73_220_fu_554">
<pin_list>
<pin id="43064" dir="0" index="0" bw="16" slack="0"/>
<pin id="43065" dir="0" index="1" bw="9" slack="0"/>
<pin id="43066" dir="1" index="2" bw="25" slack="1"/>
</pin_list>
<bind>
<opcode="mul(12) " fcode="mul"/>
<opset="mul_ln73_220/2 "/>
</bind>
</comp>

<comp id="555" class="1004" name="mul_ln73_270_fu_555">
<pin_list>
<pin id="61432" dir="0" index="0" bw="16" slack="1"/>
<pin id="61433" dir="0" index="1" bw="10" slack="0"/>
<pin id="61434" dir="1" index="2" bw="26" slack="1"/>
</pin_list>
<bind>
<opcode="mul(12) " fcode="mul"/>
<opset="mul_ln73_270/3 "/>
</bind>
</comp>

<comp id="2368" class="1005" name="mul_ln73_173_reg_2368">
<pin_list>
<pin id="2369" dir="0" index="0" bw="23" slack="1"/>
<pin id="2370" dir="1" index="1" bw="23" slack="1"/>
</pin_list>
<bind>
<opset="mul_ln73_173 "/>
</bind>
</comp>

<comp id="2372" class="1005" name="mul_ln73_178_reg_2372">
<pin_list>
<pin id="2373" dir="0" index="0" bw="23" slack="2"/>
<pin id="2374" dir="1" index="1" bw="23" slack="2"/>
</pin_list>
<bind>
<opset="mul_ln73_178 "/>
</bind>
</comp>

<comp id="2376" class="1005" name="mul_ln73_223_reg_2376">
<pin_list>
<pin id="2377" dir="0" index="0" bw="23" slack="1"/>
<pin id="2378" dir="1" index="1" bw="23" slack="1"/>
</pin_list>
<bind>
<opset="mul_ln73_223 "/>
</bind>
</comp>

<comp id="43228" class="1005" name="mul_ln73_reg_43228">
<pin_list>
<pin id="43229" dir="0" index="0" bw="25" slack="1"/>
<pin id="43230" dir="1" index="1" bw="25" slack="1"/>
</pin_list>
<bind>
<opset="mul_ln73 "/>
</bind>
</comp>

<comp id="43232" class="1005" name="mul_ln73_174_reg_43232">
<pin_list>
<pin id="43233" dir="0" index="0" bw="25" slack="1"/>
<pin id="43234" dir="1" index="1" bw="25" slack="1"/>
</pin_list>
<bind>
<opset="mul_ln73_174 "/>
</bind>
</comp>

<comp id="43236" class="1005" name="mul_ln73_175_reg_43236">
<pin_list>
<pin id="43237" dir="0" index="0" bw="25" slack="1"/>
<pin id="43238" dir="1" index="1" bw="25" slack="1"/>
</pin_list>
<bind>
<opset="mul_ln73_175 "/>
</bind>
</comp>

<comp id="43240" class="1005" name="mul_ln73_176_reg_43240">
<pin_list>
<pin id="43241" dir="0" index="0" bw="25" slack="1"/>
<pin id="43242" dir="1" index="1" bw="25" slack="1"/>
</pin_list>
<bind>
<opset="mul_ln73_176 "/>
</bind>
</comp>

<comp id="43244" class="1005" name="mul_ln73_177_reg_43244">
<pin_list>
<pin id="43245" dir="0" index="0" bw="25" slack="1"/>
<pin id="43246" dir="1" index="1" bw="25" slack="1"/>
</pin_list>
<bind>
<opset="mul_ln73_177 "/>
</bind>
</comp>

<comp id="43248" class="1005" name="mul_ln73_180_reg_43248">
<pin_list>
<pin id="43249" dir="0" index="0" bw="25" slack="1"/>
<pin id="43250" dir="1" index="1" bw="25" slack="1"/>
</pin_list>
<bind>
<opset="mul_ln73_180 "/>
</bind>
</comp>

<comp id="43252" class="1005" name="mul_ln73_181_reg_43252">
<pin_list>
<pin id="43253" dir="0" index="0" bw="25" slack="1"/>
<pin id="43254" dir="1" index="1" bw="25" slack="1"/>
</pin_list>
<bind>
<opset="mul_ln73_181 "/>
</bind>
</comp>

<comp id="43256" class="1005" name="mul_ln73_182_reg_43256">
<pin_list>
<pin id="43257" dir="0" index="0" bw="25" slack="1"/>
<pin id="43258" dir="1" index="1" bw="25" slack="1"/>
</pin_list>
<bind>
<opset="mul_ln73_182 "/>
</bind>
</comp>

<comp id="43260" class="1005" name="mul_ln73_183_reg_43260">
<pin_list>
<pin id="43261" dir="0" index="0" bw="24" slack="1"/>
<pin id="43262" dir="1" index="1" bw="24" slack="1"/>
</pin_list>
<bind>
<opset="mul_ln73_183 "/>
</bind>
</comp>

<comp id="43264" class="1005" name="mul_ln73_184_reg_43264">
<pin_list>
<pin id="43265" dir="0" index="0" bw="26" slack="1"/>
<pin id="43266" dir="1" index="1" bw="26" slack="1"/>
</pin_list>
<bind>
<opset="mul_ln73_184 "/>
</bind>
</comp>

<comp id="43268" class="1005" name="mul_ln73_185_reg_43268">
<pin_list>
<pin id="43269" dir="0" index="0" bw="25" slack="1"/>
<pin id="43270" dir="1" index="1" bw="25" slack="1"/>
</pin_list>
<bind>
<opset="mul_ln73_185 "/>
</bind>
</comp>

<comp id="43272" class="1005" name="mul_ln73_187_reg_43272">
<pin_list>
<pin id="43273" dir="0" index="0" bw="24" slack="1"/>
<pin id="43274" dir="1" index="1" bw="24" slack="1"/>
</pin_list>
<bind>
<opset="mul_ln73_187 "/>
</bind>
</comp>

<comp id="43276" class="1005" name="mul_ln73_188_reg_43276">
<pin_list>
<pin id="43277" dir="0" index="0" bw="24" slack="1"/>
<pin id="43278" dir="1" index="1" bw="24" slack="1"/>
</pin_list>
<bind>
<opset="mul_ln73_188 "/>
</bind>
</comp>

<comp id="43280" class="1005" name="mul_ln73_189_reg_43280">
<pin_list>
<pin id="43281" dir="0" index="0" bw="21" slack="1"/>
<pin id="43282" dir="1" index="1" bw="21" slack="1"/>
</pin_list>
<bind>
<opset="mul_ln73_189 "/>
</bind>
</comp>

<comp id="43284" class="1005" name="mul_ln73_193_reg_43284">
<pin_list>
<pin id="43285" dir="0" index="0" bw="25" slack="1"/>
<pin id="43286" dir="1" index="1" bw="25" slack="1"/>
</pin_list>
<bind>
<opset="mul_ln73_193 "/>
</bind>
</comp>

<comp id="43288" class="1005" name="mul_ln73_194_reg_43288">
<pin_list>
<pin id="43289" dir="0" index="0" bw="25" slack="1"/>
<pin id="43290" dir="1" index="1" bw="25" slack="1"/>
</pin_list>
<bind>
<opset="mul_ln73_194 "/>
</bind>
</comp>

<comp id="43292" class="1005" name="mul_ln73_195_reg_43292">
<pin_list>
<pin id="43293" dir="0" index="0" bw="25" slack="1"/>
<pin id="43294" dir="1" index="1" bw="25" slack="1"/>
</pin_list>
<bind>
<opset="mul_ln73_195 "/>
</bind>
</comp>

<comp id="43296" class="1005" name="mul_ln73_196_reg_43296">
<pin_list>
<pin id="43297" dir="0" index="0" bw="25" slack="1"/>
<pin id="43298" dir="1" index="1" bw="25" slack="1"/>
</pin_list>
<bind>
<opset="mul_ln73_196 "/>
</bind>
</comp>

<comp id="43300" class="1005" name="mul_ln73_199_reg_43300">
<pin_list>
<pin id="43301" dir="0" index="0" bw="22" slack="1"/>
<pin id="43302" dir="1" index="1" bw="22" slack="1"/>
</pin_list>
<bind>
<opset="mul_ln73_199 "/>
</bind>
</comp>

<comp id="43304" class="1005" name="mul_ln73_201_reg_43304">
<pin_list>
<pin id="43305" dir="0" index="0" bw="24" slack="1"/>
<pin id="43306" dir="1" index="1" bw="24" slack="1"/>
</pin_list>
<bind>
<opset="mul_ln73_201 "/>
</bind>
</comp>

<comp id="43308" class="1005" name="mul_ln73_204_reg_43308">
<pin_list>
<pin id="43309" dir="0" index="0" bw="22" slack="1"/>
<pin id="43310" dir="1" index="1" bw="22" slack="1"/>
</pin_list>
<bind>
<opset="mul_ln73_204 "/>
</bind>
</comp>

<comp id="43312" class="1005" name="mul_ln73_209_reg_43312">
<pin_list>
<pin id="43313" dir="0" index="0" bw="24" slack="1"/>
<pin id="43314" dir="1" index="1" bw="24" slack="1"/>
</pin_list>
<bind>
<opset="mul_ln73_209 "/>
</bind>
</comp>

<comp id="43316" class="1005" name="mul_ln70_reg_43316">
<pin_list>
<pin id="43317" dir="0" index="0" bw="22" slack="1"/>
<pin id="43318" dir="1" index="1" bw="22" slack="1"/>
</pin_list>
<bind>
<opset="mul_ln70 "/>
</bind>
</comp>

<comp id="43320" class="1005" name="mul_ln73_210_reg_43320">
<pin_list>
<pin id="43321" dir="0" index="0" bw="25" slack="1"/>
<pin id="43322" dir="1" index="1" bw="25" slack="1"/>
</pin_list>
<bind>
<opset="mul_ln73_210 "/>
</bind>
</comp>

<comp id="43324" class="1005" name="mul_ln73_212_reg_43324">
<pin_list>
<pin id="43325" dir="0" index="0" bw="25" slack="1"/>
<pin id="43326" dir="1" index="1" bw="25" slack="1"/>
</pin_list>
<bind>
<opset="mul_ln73_212 "/>
</bind>
</comp>

<comp id="43328" class="1005" name="mul_ln73_213_reg_43328">
<pin_list>
<pin id="43329" dir="0" index="0" bw="22" slack="1"/>
<pin id="43330" dir="1" index="1" bw="22" slack="1"/>
</pin_list>
<bind>
<opset="mul_ln73_213 "/>
</bind>
</comp>

<comp id="43332" class="1005" name="mul_ln73_214_reg_43332">
<pin_list>
<pin id="43333" dir="0" index="0" bw="25" slack="1"/>
<pin id="43334" dir="1" index="1" bw="25" slack="1"/>
</pin_list>
<bind>
<opset="mul_ln73_214 "/>
</bind>
</comp>

<comp id="43336" class="1005" name="mul_ln73_216_reg_43336">
<pin_list>
<pin id="43337" dir="0" index="0" bw="24" slack="1"/>
<pin id="43338" dir="1" index="1" bw="24" slack="1"/>
</pin_list>
<bind>
<opset="mul_ln73_216 "/>
</bind>
</comp>

<comp id="43340" class="1005" name="mul_ln73_220_reg_43340">
<pin_list>
<pin id="43341" dir="0" index="0" bw="25" slack="1"/>
<pin id="43342" dir="1" index="1" bw="25" slack="1"/>
</pin_list>
<bind>
<opset="mul_ln73_220 "/>
</bind>
</comp>

<comp id="43344" class="1005" name="mul_ln73_221_reg_43344">
<pin_list>
<pin id="43345" dir="0" index="0" bw="24" slack="1"/>
<pin id="43346" dir="1" index="1" bw="24" slack="1"/>
</pin_list>
<bind>
<opset="mul_ln73_221 "/>
</bind>
</comp>

<comp id="43348" class="1005" name="mul_ln73_222_reg_43348">
<pin_list>
<pin id="43349" dir="0" index="0" bw="23" slack="1"/>
<pin id="43350" dir="1" index="1" bw="23" slack="1"/>
</pin_list>
<bind>
<opset="mul_ln73_222 "/>
</bind>
</comp>

<comp id="43352" class="1005" name="mul_ln73_224_reg_43352">
<pin_list>
<pin id="43353" dir="0" index="0" bw="25" slack="1"/>
<pin id="43354" dir="1" index="1" bw="25" slack="1"/>
</pin_list>
<bind>
<opset="mul_ln73_224 "/>
</bind>
</comp>

<comp id="43356" class="1005" name="mul_ln73_225_reg_43356">
<pin_list>
<pin id="43357" dir="0" index="0" bw="25" slack="1"/>
<pin id="43358" dir="1" index="1" bw="25" slack="1"/>
</pin_list>
<bind>
<opset="mul_ln73_225 "/>
</bind>
</comp>

<comp id="43360" class="1005" name="mul_ln73_226_reg_43360">
<pin_list>
<pin id="43361" dir="0" index="0" bw="25" slack="1"/>
<pin id="43362" dir="1" index="1" bw="25" slack="1"/>
</pin_list>
<bind>
<opset="mul_ln73_226 "/>
</bind>
</comp>

<comp id="43364" class="1005" name="mul_ln73_227_reg_43364">
<pin_list>
<pin id="43365" dir="0" index="0" bw="24" slack="1"/>
<pin id="43366" dir="1" index="1" bw="24" slack="1"/>
</pin_list>
<bind>
<opset="mul_ln73_227 "/>
</bind>
</comp>

<comp id="43368" class="1005" name="mul_ln73_229_reg_43368">
<pin_list>
<pin id="43369" dir="0" index="0" bw="25" slack="1"/>
<pin id="43370" dir="1" index="1" bw="25" slack="1"/>
</pin_list>
<bind>
<opset="mul_ln73_229 "/>
</bind>
</comp>

<comp id="43372" class="1005" name="mul_ln73_230_reg_43372">
<pin_list>
<pin id="43373" dir="0" index="0" bw="25" slack="1"/>
<pin id="43374" dir="1" index="1" bw="25" slack="1"/>
</pin_list>
<bind>
<opset="mul_ln73_230 "/>
</bind>
</comp>

<comp id="43376" class="1005" name="mul_ln73_232_reg_43376">
<pin_list>
<pin id="43377" dir="0" index="0" bw="26" slack="1"/>
<pin id="43378" dir="1" index="1" bw="26" slack="1"/>
</pin_list>
<bind>
<opset="mul_ln73_232 "/>
</bind>
</comp>

<comp id="43380" class="1005" name="mul_ln73_233_reg_43380">
<pin_list>
<pin id="43381" dir="0" index="0" bw="24" slack="1"/>
<pin id="43382" dir="1" index="1" bw="24" slack="1"/>
</pin_list>
<bind>
<opset="mul_ln73_233 "/>
</bind>
</comp>

<comp id="43384" class="1005" name="mul_ln73_234_reg_43384">
<pin_list>
<pin id="43385" dir="0" index="0" bw="25" slack="1"/>
<pin id="43386" dir="1" index="1" bw="25" slack="1"/>
</pin_list>
<bind>
<opset="mul_ln73_234 "/>
</bind>
</comp>

<comp id="43388" class="1005" name="mul_ln73_235_reg_43388">
<pin_list>
<pin id="43389" dir="0" index="0" bw="24" slack="2"/>
<pin id="43390" dir="1" index="1" bw="24" slack="2"/>
</pin_list>
<bind>
<opset="mul_ln73_235 "/>
</bind>
</comp>

<comp id="43392" class="1005" name="mul_ln73_236_reg_43392">
<pin_list>
<pin id="43393" dir="0" index="0" bw="25" slack="1"/>
<pin id="43394" dir="1" index="1" bw="25" slack="1"/>
</pin_list>
<bind>
<opset="mul_ln73_236 "/>
</bind>
</comp>

<comp id="43396" class="1005" name="mul_ln73_238_reg_43396">
<pin_list>
<pin id="43397" dir="0" index="0" bw="25" slack="1"/>
<pin id="43398" dir="1" index="1" bw="25" slack="1"/>
</pin_list>
<bind>
<opset="mul_ln73_238 "/>
</bind>
</comp>

<comp id="43400" class="1005" name="mul_ln73_239_reg_43400">
<pin_list>
<pin id="43401" dir="0" index="0" bw="24" slack="1"/>
<pin id="43402" dir="1" index="1" bw="24" slack="1"/>
</pin_list>
<bind>
<opset="mul_ln73_239 "/>
</bind>
</comp>

<comp id="43404" class="1005" name="mul_ln73_241_reg_43404">
<pin_list>
<pin id="43405" dir="0" index="0" bw="25" slack="1"/>
<pin id="43406" dir="1" index="1" bw="25" slack="1"/>
</pin_list>
<bind>
<opset="mul_ln73_241 "/>
</bind>
</comp>

<comp id="43408" class="1005" name="mul_ln73_243_reg_43408">
<pin_list>
<pin id="43409" dir="0" index="0" bw="26" slack="1"/>
<pin id="43410" dir="1" index="1" bw="26" slack="1"/>
</pin_list>
<bind>
<opset="mul_ln73_243 "/>
</bind>
</comp>

<comp id="43412" class="1005" name="mul_ln73_245_reg_43412">
<pin_list>
<pin id="43413" dir="0" index="0" bw="26" slack="1"/>
<pin id="43414" dir="1" index="1" bw="26" slack="1"/>
</pin_list>
<bind>
<opset="mul_ln73_245 "/>
</bind>
</comp>

<comp id="43416" class="1005" name="mul_ln73_247_reg_43416">
<pin_list>
<pin id="43417" dir="0" index="0" bw="24" slack="1"/>
<pin id="43418" dir="1" index="1" bw="24" slack="1"/>
</pin_list>
<bind>
<opset="mul_ln73_247 "/>
</bind>
</comp>

<comp id="43420" class="1005" name="mul_ln73_248_reg_43420">
<pin_list>
<pin id="43421" dir="0" index="0" bw="24" slack="1"/>
<pin id="43422" dir="1" index="1" bw="24" slack="1"/>
</pin_list>
<bind>
<opset="mul_ln73_248 "/>
</bind>
</comp>

<comp id="43424" class="1005" name="mul_ln73_250_reg_43424">
<pin_list>
<pin id="43425" dir="0" index="0" bw="25" slack="1"/>
<pin id="43426" dir="1" index="1" bw="25" slack="1"/>
</pin_list>
<bind>
<opset="mul_ln73_250 "/>
</bind>
</comp>

<comp id="43428" class="1005" name="mul_ln73_251_reg_43428">
<pin_list>
<pin id="43429" dir="0" index="0" bw="24" slack="1"/>
<pin id="43430" dir="1" index="1" bw="24" slack="1"/>
</pin_list>
<bind>
<opset="mul_ln73_251 "/>
</bind>
</comp>

<comp id="43432" class="1005" name="mul_ln73_255_reg_43432">
<pin_list>
<pin id="43433" dir="0" index="0" bw="25" slack="1"/>
<pin id="43434" dir="1" index="1" bw="25" slack="1"/>
</pin_list>
<bind>
<opset="mul_ln73_255 "/>
</bind>
</comp>

<comp id="43436" class="1005" name="mul_ln73_257_reg_43436">
<pin_list>
<pin id="43437" dir="0" index="0" bw="26" slack="1"/>
<pin id="43438" dir="1" index="1" bw="26" slack="1"/>
</pin_list>
<bind>
<opset="mul_ln73_257 "/>
</bind>
</comp>

<comp id="43440" class="1005" name="mul_ln73_258_reg_43440">
<pin_list>
<pin id="43441" dir="0" index="0" bw="25" slack="1"/>
<pin id="43442" dir="1" index="1" bw="25" slack="1"/>
</pin_list>
<bind>
<opset="mul_ln73_258 "/>
</bind>
</comp>

<comp id="43444" class="1005" name="mul_ln73_260_reg_43444">
<pin_list>
<pin id="43445" dir="0" index="0" bw="25" slack="1"/>
<pin id="43446" dir="1" index="1" bw="25" slack="1"/>
</pin_list>
<bind>
<opset="mul_ln73_260 "/>
</bind>
</comp>

<comp id="43448" class="1005" name="mul_ln73_261_reg_43448">
<pin_list>
<pin id="43449" dir="0" index="0" bw="23" slack="1"/>
<pin id="43450" dir="1" index="1" bw="23" slack="1"/>
</pin_list>
<bind>
<opset="mul_ln73_261 "/>
</bind>
</comp>

<comp id="43452" class="1005" name="mul_ln73_262_reg_43452">
<pin_list>
<pin id="43453" dir="0" index="0" bw="22" slack="1"/>
<pin id="43454" dir="1" index="1" bw="22" slack="1"/>
</pin_list>
<bind>
<opset="mul_ln73_262 "/>
</bind>
</comp>

<comp id="43456" class="1005" name="mul_ln73_264_reg_43456">
<pin_list>
<pin id="43457" dir="0" index="0" bw="26" slack="1"/>
<pin id="43458" dir="1" index="1" bw="26" slack="1"/>
</pin_list>
<bind>
<opset="mul_ln73_264 "/>
</bind>
</comp>

<comp id="43460" class="1005" name="mul_ln73_265_reg_43460">
<pin_list>
<pin id="43461" dir="0" index="0" bw="25" slack="1"/>
<pin id="43462" dir="1" index="1" bw="25" slack="1"/>
</pin_list>
<bind>
<opset="mul_ln73_265 "/>
</bind>
</comp>

<comp id="43464" class="1005" name="mul_ln73_268_reg_43464">
<pin_list>
<pin id="43465" dir="0" index="0" bw="25" slack="1"/>
<pin id="43466" dir="1" index="1" bw="25" slack="1"/>
</pin_list>
<bind>
<opset="mul_ln73_268 "/>
</bind>
</comp>

<comp id="43468" class="1005" name="mul_ln73_272_reg_43468">
<pin_list>
<pin id="43469" dir="0" index="0" bw="24" slack="1"/>
<pin id="43470" dir="1" index="1" bw="24" slack="1"/>
</pin_list>
<bind>
<opset="mul_ln73_272 "/>
</bind>
</comp>

<comp id="43472" class="1005" name="mul_ln73_276_reg_43472">
<pin_list>
<pin id="43473" dir="0" index="0" bw="23" slack="1"/>
<pin id="43474" dir="1" index="1" bw="23" slack="1"/>
</pin_list>
<bind>
<opset="mul_ln73_276 "/>
</bind>
</comp>

<comp id="43476" class="1005" name="mul_ln73_277_reg_43476">
<pin_list>
<pin id="43477" dir="0" index="0" bw="23" slack="1"/>
<pin id="43478" dir="1" index="1" bw="23" slack="1"/>
</pin_list>
<bind>
<opset="mul_ln73_277 "/>
</bind>
</comp>

<comp id="43480" class="1005" name="mul_ln73_280_reg_43480">
<pin_list>
<pin id="43481" dir="0" index="0" bw="25" slack="1"/>
<pin id="43482" dir="1" index="1" bw="25" slack="1"/>
</pin_list>
<bind>
<opset="mul_ln73_280 "/>
</bind>
</comp>

<comp id="43484" class="1005" name="mul_ln73_282_reg_43484">
<pin_list>
<pin id="43485" dir="0" index="0" bw="26" slack="1"/>
<pin id="43486" dir="1" index="1" bw="26" slack="1"/>
</pin_list>
<bind>
<opset="mul_ln73_282 "/>
</bind>
</comp>

<comp id="43488" class="1005" name="mul_ln73_286_reg_43488">
<pin_list>
<pin id="43489" dir="0" index="0" bw="24" slack="1"/>
<pin id="43490" dir="1" index="1" bw="24" slack="1"/>
</pin_list>
<bind>
<opset="mul_ln73_286 "/>
</bind>
</comp>

<comp id="43492" class="1005" name="mul_ln73_288_reg_43492">
<pin_list>
<pin id="43493" dir="0" index="0" bw="23" slack="1"/>
<pin id="43494" dir="1" index="1" bw="23" slack="1"/>
</pin_list>
<bind>
<opset="mul_ln73_288 "/>
</bind>
</comp>

<comp id="43496" class="1005" name="mul_ln73_291_reg_43496">
<pin_list>
<pin id="43497" dir="0" index="0" bw="24" slack="1"/>
<pin id="43498" dir="1" index="1" bw="24" slack="1"/>
</pin_list>
<bind>
<opset="mul_ln73_291 "/>
</bind>
</comp>

<comp id="43500" class="1005" name="mul_ln73_296_reg_43500">
<pin_list>
<pin id="43501" dir="0" index="0" bw="26" slack="1"/>
<pin id="43502" dir="1" index="1" bw="26" slack="1"/>
</pin_list>
<bind>
<opset="mul_ln73_296 "/>
</bind>
</comp>

<comp id="61516" class="1005" name="mul_ln73_179_reg_61516">
<pin_list>
<pin id="61517" dir="0" index="0" bw="26" slack="1"/>
<pin id="61518" dir="1" index="1" bw="26" slack="1"/>
</pin_list>
<bind>
<opset="mul_ln73_179 "/>
</bind>
</comp>

<comp id="61520" class="1005" name="mul_ln73_186_reg_61520">
<pin_list>
<pin id="61521" dir="0" index="0" bw="26" slack="1"/>
<pin id="61522" dir="1" index="1" bw="26" slack="1"/>
</pin_list>
<bind>
<opset="mul_ln73_186 "/>
</bind>
</comp>

<comp id="61524" class="1005" name="mul_ln73_190_reg_61524">
<pin_list>
<pin id="61525" dir="0" index="0" bw="26" slack="1"/>
<pin id="61526" dir="1" index="1" bw="26" slack="1"/>
</pin_list>
<bind>
<opset="mul_ln73_190 "/>
</bind>
</comp>

<comp id="61528" class="1005" name="mul_ln73_191_reg_61528">
<pin_list>
<pin id="61529" dir="0" index="0" bw="26" slack="1"/>
<pin id="61530" dir="1" index="1" bw="26" slack="1"/>
</pin_list>
<bind>
<opset="mul_ln73_191 "/>
</bind>
</comp>

<comp id="61532" class="1005" name="mul_ln73_192_reg_61532">
<pin_list>
<pin id="61533" dir="0" index="0" bw="26" slack="1"/>
<pin id="61534" dir="1" index="1" bw="26" slack="1"/>
</pin_list>
<bind>
<opset="mul_ln73_192 "/>
</bind>
</comp>

<comp id="61536" class="1005" name="mul_ln73_197_reg_61536">
<pin_list>
<pin id="61537" dir="0" index="0" bw="27" slack="1"/>
<pin id="61538" dir="1" index="1" bw="27" slack="1"/>
</pin_list>
<bind>
<opset="mul_ln73_197 "/>
</bind>
</comp>

<comp id="61540" class="1005" name="mul_ln73_198_reg_61540">
<pin_list>
<pin id="61541" dir="0" index="0" bw="26" slack="1"/>
<pin id="61542" dir="1" index="1" bw="26" slack="1"/>
</pin_list>
<bind>
<opset="mul_ln73_198 "/>
</bind>
</comp>

<comp id="61544" class="1005" name="mul_ln73_200_reg_61544">
<pin_list>
<pin id="61545" dir="0" index="0" bw="26" slack="1"/>
<pin id="61546" dir="1" index="1" bw="26" slack="1"/>
</pin_list>
<bind>
<opset="mul_ln73_200 "/>
</bind>
</comp>

<comp id="61548" class="1005" name="mul_ln73_202_reg_61548">
<pin_list>
<pin id="61549" dir="0" index="0" bw="26" slack="1"/>
<pin id="61550" dir="1" index="1" bw="26" slack="1"/>
</pin_list>
<bind>
<opset="mul_ln73_202 "/>
</bind>
</comp>

<comp id="61552" class="1005" name="mul_ln73_203_reg_61552">
<pin_list>
<pin id="61553" dir="0" index="0" bw="26" slack="1"/>
<pin id="61554" dir="1" index="1" bw="26" slack="1"/>
</pin_list>
<bind>
<opset="mul_ln73_203 "/>
</bind>
</comp>

<comp id="61556" class="1005" name="mul_ln73_205_reg_61556">
<pin_list>
<pin id="61557" dir="0" index="0" bw="26" slack="1"/>
<pin id="61558" dir="1" index="1" bw="26" slack="1"/>
</pin_list>
<bind>
<opset="mul_ln73_205 "/>
</bind>
</comp>

<comp id="61560" class="1005" name="mul_ln73_206_reg_61560">
<pin_list>
<pin id="61561" dir="0" index="0" bw="26" slack="1"/>
<pin id="61562" dir="1" index="1" bw="26" slack="1"/>
</pin_list>
<bind>
<opset="mul_ln73_206 "/>
</bind>
</comp>

<comp id="61564" class="1005" name="mul_ln73_207_reg_61564">
<pin_list>
<pin id="61565" dir="0" index="0" bw="26" slack="1"/>
<pin id="61566" dir="1" index="1" bw="26" slack="1"/>
</pin_list>
<bind>
<opset="mul_ln73_207 "/>
</bind>
</comp>

<comp id="61568" class="1005" name="mul_ln73_208_reg_61568">
<pin_list>
<pin id="61569" dir="0" index="0" bw="26" slack="1"/>
<pin id="61570" dir="1" index="1" bw="26" slack="1"/>
</pin_list>
<bind>
<opset="mul_ln73_208 "/>
</bind>
</comp>

<comp id="61572" class="1005" name="mul_ln73_211_reg_61572">
<pin_list>
<pin id="61573" dir="0" index="0" bw="26" slack="1"/>
<pin id="61574" dir="1" index="1" bw="26" slack="1"/>
</pin_list>
<bind>
<opset="mul_ln73_211 "/>
</bind>
</comp>

<comp id="61576" class="1005" name="mul_ln73_215_reg_61576">
<pin_list>
<pin id="61577" dir="0" index="0" bw="26" slack="1"/>
<pin id="61578" dir="1" index="1" bw="26" slack="1"/>
</pin_list>
<bind>
<opset="mul_ln73_215 "/>
</bind>
</comp>

<comp id="61580" class="1005" name="mul_ln73_217_reg_61580">
<pin_list>
<pin id="61581" dir="0" index="0" bw="26" slack="1"/>
<pin id="61582" dir="1" index="1" bw="26" slack="1"/>
</pin_list>
<bind>
<opset="mul_ln73_217 "/>
</bind>
</comp>

<comp id="61584" class="1005" name="mul_ln73_218_reg_61584">
<pin_list>
<pin id="61585" dir="0" index="0" bw="26" slack="1"/>
<pin id="61586" dir="1" index="1" bw="26" slack="1"/>
</pin_list>
<bind>
<opset="mul_ln73_218 "/>
</bind>
</comp>

<comp id="61588" class="1005" name="mul_ln73_219_reg_61588">
<pin_list>
<pin id="61589" dir="0" index="0" bw="26" slack="1"/>
<pin id="61590" dir="1" index="1" bw="26" slack="1"/>
</pin_list>
<bind>
<opset="mul_ln73_219 "/>
</bind>
</comp>

<comp id="61592" class="1005" name="mul_ln73_228_reg_61592">
<pin_list>
<pin id="61593" dir="0" index="0" bw="26" slack="1"/>
<pin id="61594" dir="1" index="1" bw="26" slack="1"/>
</pin_list>
<bind>
<opset="mul_ln73_228 "/>
</bind>
</comp>

<comp id="61596" class="1005" name="mul_ln73_231_reg_61596">
<pin_list>
<pin id="61597" dir="0" index="0" bw="26" slack="1"/>
<pin id="61598" dir="1" index="1" bw="26" slack="1"/>
</pin_list>
<bind>
<opset="mul_ln73_231 "/>
</bind>
</comp>

<comp id="61600" class="1005" name="mul_ln73_237_reg_61600">
<pin_list>
<pin id="61601" dir="0" index="0" bw="26" slack="1"/>
<pin id="61602" dir="1" index="1" bw="26" slack="1"/>
</pin_list>
<bind>
<opset="mul_ln73_237 "/>
</bind>
</comp>

<comp id="61604" class="1005" name="mul_ln73_240_reg_61604">
<pin_list>
<pin id="61605" dir="0" index="0" bw="26" slack="1"/>
<pin id="61606" dir="1" index="1" bw="26" slack="1"/>
</pin_list>
<bind>
<opset="mul_ln73_240 "/>
</bind>
</comp>

<comp id="61608" class="1005" name="mul_ln73_242_reg_61608">
<pin_list>
<pin id="61609" dir="0" index="0" bw="26" slack="1"/>
<pin id="61610" dir="1" index="1" bw="26" slack="1"/>
</pin_list>
<bind>
<opset="mul_ln73_242 "/>
</bind>
</comp>

<comp id="61612" class="1005" name="mul_ln73_244_reg_61612">
<pin_list>
<pin id="61613" dir="0" index="0" bw="25" slack="1"/>
<pin id="61614" dir="1" index="1" bw="25" slack="1"/>
</pin_list>
<bind>
<opset="mul_ln73_244 "/>
</bind>
</comp>

<comp id="61616" class="1005" name="mul_ln73_246_reg_61616">
<pin_list>
<pin id="61617" dir="0" index="0" bw="26" slack="1"/>
<pin id="61618" dir="1" index="1" bw="26" slack="1"/>
</pin_list>
<bind>
<opset="mul_ln73_246 "/>
</bind>
</comp>

<comp id="61620" class="1005" name="mul_ln73_249_reg_61620">
<pin_list>
<pin id="61621" dir="0" index="0" bw="25" slack="1"/>
<pin id="61622" dir="1" index="1" bw="25" slack="1"/>
</pin_list>
<bind>
<opset="mul_ln73_249 "/>
</bind>
</comp>

<comp id="61624" class="1005" name="mul_ln73_252_reg_61624">
<pin_list>
<pin id="61625" dir="0" index="0" bw="26" slack="1"/>
<pin id="61626" dir="1" index="1" bw="26" slack="1"/>
</pin_list>
<bind>
<opset="mul_ln73_252 "/>
</bind>
</comp>

<comp id="61628" class="1005" name="mul_ln73_253_reg_61628">
<pin_list>
<pin id="61629" dir="0" index="0" bw="26" slack="1"/>
<pin id="61630" dir="1" index="1" bw="26" slack="1"/>
</pin_list>
<bind>
<opset="mul_ln73_253 "/>
</bind>
</comp>

<comp id="61632" class="1005" name="mul_ln73_254_reg_61632">
<pin_list>
<pin id="61633" dir="0" index="0" bw="26" slack="1"/>
<pin id="61634" dir="1" index="1" bw="26" slack="1"/>
</pin_list>
<bind>
<opset="mul_ln73_254 "/>
</bind>
</comp>

<comp id="61636" class="1005" name="mul_ln73_256_reg_61636">
<pin_list>
<pin id="61637" dir="0" index="0" bw="23" slack="1"/>
<pin id="61638" dir="1" index="1" bw="23" slack="1"/>
</pin_list>
<bind>
<opset="mul_ln73_256 "/>
</bind>
</comp>

<comp id="61640" class="1005" name="mul_ln73_259_reg_61640">
<pin_list>
<pin id="61641" dir="0" index="0" bw="26" slack="1"/>
<pin id="61642" dir="1" index="1" bw="26" slack="1"/>
</pin_list>
<bind>
<opset="mul_ln73_259 "/>
</bind>
</comp>

<comp id="61644" class="1005" name="mul_ln73_263_reg_61644">
<pin_list>
<pin id="61645" dir="0" index="0" bw="26" slack="1"/>
<pin id="61646" dir="1" index="1" bw="26" slack="1"/>
</pin_list>
<bind>
<opset="mul_ln73_263 "/>
</bind>
</comp>

<comp id="61648" class="1005" name="mul_ln73_266_reg_61648">
<pin_list>
<pin id="61649" dir="0" index="0" bw="26" slack="1"/>
<pin id="61650" dir="1" index="1" bw="26" slack="1"/>
</pin_list>
<bind>
<opset="mul_ln73_266 "/>
</bind>
</comp>

<comp id="61652" class="1005" name="mul_ln73_267_reg_61652">
<pin_list>
<pin id="61653" dir="0" index="0" bw="26" slack="1"/>
<pin id="61654" dir="1" index="1" bw="26" slack="1"/>
</pin_list>
<bind>
<opset="mul_ln73_267 "/>
</bind>
</comp>

<comp id="61656" class="1005" name="mul_ln73_269_reg_61656">
<pin_list>
<pin id="61657" dir="0" index="0" bw="25" slack="1"/>
<pin id="61658" dir="1" index="1" bw="25" slack="1"/>
</pin_list>
<bind>
<opset="mul_ln73_269 "/>
</bind>
</comp>

<comp id="61660" class="1005" name="mul_ln73_270_reg_61660">
<pin_list>
<pin id="61661" dir="0" index="0" bw="26" slack="1"/>
<pin id="61662" dir="1" index="1" bw="26" slack="1"/>
</pin_list>
<bind>
<opset="mul_ln73_270 "/>
</bind>
</comp>

<comp id="61664" class="1005" name="mul_ln73_271_reg_61664">
<pin_list>
<pin id="61665" dir="0" index="0" bw="27" slack="1"/>
<pin id="61666" dir="1" index="1" bw="27" slack="1"/>
</pin_list>
<bind>
<opset="mul_ln73_271 "/>
</bind>
</comp>

<comp id="61668" class="1005" name="mul_ln73_273_reg_61668">
<pin_list>
<pin id="61669" dir="0" index="0" bw="25" slack="1"/>
<pin id="61670" dir="1" index="1" bw="25" slack="1"/>
</pin_list>
<bind>
<opset="mul_ln73_273 "/>
</bind>
</comp>

<comp id="61672" class="1005" name="mul_ln73_274_reg_61672">
<pin_list>
<pin id="61673" dir="0" index="0" bw="26" slack="1"/>
<pin id="61674" dir="1" index="1" bw="26" slack="1"/>
</pin_list>
<bind>
<opset="mul_ln73_274 "/>
</bind>
</comp>

<comp id="61676" class="1005" name="mul_ln73_275_reg_61676">
<pin_list>
<pin id="61677" dir="0" index="0" bw="26" slack="1"/>
<pin id="61678" dir="1" index="1" bw="26" slack="1"/>
</pin_list>
<bind>
<opset="mul_ln73_275 "/>
</bind>
</comp>

<comp id="61680" class="1005" name="mul_ln73_278_reg_61680">
<pin_list>
<pin id="61681" dir="0" index="0" bw="26" slack="1"/>
<pin id="61682" dir="1" index="1" bw="26" slack="1"/>
</pin_list>
<bind>
<opset="mul_ln73_278 "/>
</bind>
</comp>

<comp id="61684" class="1005" name="mul_ln73_279_reg_61684">
<pin_list>
<pin id="61685" dir="0" index="0" bw="25" slack="1"/>
<pin id="61686" dir="1" index="1" bw="25" slack="1"/>
</pin_list>
<bind>
<opset="mul_ln73_279 "/>
</bind>
</comp>

<comp id="61688" class="1005" name="mul_ln73_281_reg_61688">
<pin_list>
<pin id="61689" dir="0" index="0" bw="26" slack="1"/>
<pin id="61690" dir="1" index="1" bw="26" slack="1"/>
</pin_list>
<bind>
<opset="mul_ln73_281 "/>
</bind>
</comp>

<comp id="61692" class="1005" name="mul_ln73_283_reg_61692">
<pin_list>
<pin id="61693" dir="0" index="0" bw="26" slack="1"/>
<pin id="61694" dir="1" index="1" bw="26" slack="1"/>
</pin_list>
<bind>
<opset="mul_ln73_283 "/>
</bind>
</comp>

<comp id="61696" class="1005" name="mul_ln73_284_reg_61696">
<pin_list>
<pin id="61697" dir="0" index="0" bw="25" slack="1"/>
<pin id="61698" dir="1" index="1" bw="25" slack="1"/>
</pin_list>
<bind>
<opset="mul_ln73_284 "/>
</bind>
</comp>

<comp id="61700" class="1005" name="mul_ln73_285_reg_61700">
<pin_list>
<pin id="61701" dir="0" index="0" bw="27" slack="1"/>
<pin id="61702" dir="1" index="1" bw="27" slack="1"/>
</pin_list>
<bind>
<opset="mul_ln73_285 "/>
</bind>
</comp>

<comp id="61704" class="1005" name="mul_ln73_287_reg_61704">
<pin_list>
<pin id="61705" dir="0" index="0" bw="26" slack="1"/>
<pin id="61706" dir="1" index="1" bw="26" slack="1"/>
</pin_list>
<bind>
<opset="mul_ln73_287 "/>
</bind>
</comp>

<comp id="61708" class="1005" name="mul_ln73_289_reg_61708">
<pin_list>
<pin id="61709" dir="0" index="0" bw="26" slack="1"/>
<pin id="61710" dir="1" index="1" bw="26" slack="1"/>
</pin_list>
<bind>
<opset="mul_ln73_289 "/>
</bind>
</comp>

<comp id="61712" class="1005" name="mul_ln73_290_reg_61712">
<pin_list>
<pin id="61713" dir="0" index="0" bw="27" slack="1"/>
<pin id="61714" dir="1" index="1" bw="27" slack="1"/>
</pin_list>
<bind>
<opset="mul_ln73_290 "/>
</bind>
</comp>

<comp id="61716" class="1005" name="mul_ln73_292_reg_61716">
<pin_list>
<pin id="61717" dir="0" index="0" bw="26" slack="1"/>
<pin id="61718" dir="1" index="1" bw="26" slack="1"/>
</pin_list>
<bind>
<opset="mul_ln73_292 "/>
</bind>
</comp>

<comp id="61720" class="1005" name="mul_ln73_293_reg_61720">
<pin_list>
<pin id="61721" dir="0" index="0" bw="26" slack="1"/>
<pin id="61722" dir="1" index="1" bw="26" slack="1"/>
</pin_list>
<bind>
<opset="mul_ln73_293 "/>
</bind>
</comp>

<comp id="61724" class="1005" name="mul_ln73_294_reg_61724">
<pin_list>
<pin id="61725" dir="0" index="0" bw="26" slack="1"/>
<pin id="61726" dir="1" index="1" bw="26" slack="1"/>
</pin_list>
<bind>
<opset="mul_ln73_294 "/>
</bind>
</comp>

<comp id="61728" class="1005" name="mul_ln73_295_reg_61728">
<pin_list>
<pin id="61729" dir="0" index="0" bw="26" slack="1"/>
<pin id="61730" dir="1" index="1" bw="26" slack="1"/>
</pin_list>
<bind>
<opset="mul_ln73_295 "/>
</bind>
</comp>

<comp id="61732" class="1005" name="mul_ln73_297_reg_61732">
<pin_list>
<pin id="61733" dir="0" index="0" bw="25" slack="1"/>
<pin id="61734" dir="1" index="1" bw="25" slack="1"/>
</pin_list>
<bind>
<opset="mul_ln73_297 "/>
</bind>
</comp>

<comp id="61736" class="1005" name="mul_ln73_298_reg_61736">
<pin_list>
<pin id="61737" dir="0" index="0" bw="25" slack="1"/>
<pin id="61738" dir="1" index="1" bw="25" slack="1"/>
</pin_list>
<bind>
<opset="mul_ln73_298 "/>
</bind>
</comp>

<comp id="61740" class="1005" name="mul_ln73_299_reg_61740">
<pin_list>
<pin id="61741" dir="0" index="0" bw="25" slack="1"/>
<pin id="61742" dir="1" index="1" bw="25" slack="1"/>
</pin_list>
<bind>
<opset="mul_ln73_299 "/>
</bind>
</comp>

<comp id="61745" class="1004" name="sext_ln73_102_fu_61745">
<pin_list>
<pin id="61746" dir="0" index="0" bw="16" slack="0"/>
<pin id="61747" dir="1" index="1" bw="23" slack="0"/>
</pin_list>
<bind>
<opcode="sext(35) " fcode="sext"/>
<opset="sext_ln73_102/1 "/>
</bind>
</comp>

<comp id="61751" class="1004" name="sext_ln70_89_fu_61751">
<pin_list>
<pin id="61752" dir="0" index="0" bw="16" slack="0"/>
<pin id="61753" dir="1" index="1" bw="23" slack="0"/>
</pin_list>
<bind>
<opcode="sext(35) " fcode="sext"/>
<opset="sext_ln70_89/1 "/>
</bind>
</comp>

<comp id="61756" class="1004" name="sext_ln73_fu_61756">
<pin_list>
<pin id="61757" dir="0" index="0" bw="16" slack="1"/>
<pin id="61758" dir="1" index="1" bw="26" slack="0"/>
</pin_list>
<bind>
<opcode="sext(35) " fcode="sext"/>
<opset="sext_ln73/2 "/>
</bind>
</comp>

<comp id="61760" class="1004" name="sext_ln70_fu_61760">
<pin_list>
<pin id="61761" dir="0" index="0" bw="16" slack="1"/>
<pin id="61762" dir="1" index="1" bw="17" slack="0"/>
</pin_list>
<bind>
<opcode="sext(35) " fcode="sext"/>
<opset="sext_ln70/2 "/>
</bind>
</comp>

<comp id="61763" class="1004" name="sext_ln70_77_fu_61763">
<pin_list>
<pin id="61764" dir="0" index="0" bw="16" slack="1"/>
<pin id="61765" dir="1" index="1" bw="25" slack="0"/>
</pin_list>
<bind>
<opcode="sext(35) " fcode="sext"/>
<opset="sext_ln70_77/2 "/>
</bind>
</comp>

<comp id="61775" class="1004" name="sext_ln73_103_fu_61775">
<pin_list>
<pin id="61776" dir="0" index="0" bw="16" slack="1"/>
<pin id="61777" dir="1" index="1" bw="24" slack="0"/>
</pin_list>
<bind>
<opcode="sext(35) " fcode="sext"/>
<opset="sext_ln73_103/2 "/>
</bind>
</comp>

<comp id="61779" class="1004" name="shl_ln_fu_61779">
<pin_list>
<pin id="61780" dir="0" index="0" bw="18" slack="0"/>
<pin id="61781" dir="0" index="1" bw="16" slack="1"/>
<pin id="61782" dir="0" index="2" bw="1" slack="0"/>
<pin id="61783" dir="1" index="3" bw="18" slack="0"/>
</pin_list>
<bind>
<opcode="bitconcatenate(1004) " fcode="bitconcatenate"/>
<opset="shl_ln/2 "/>
</bind>
</comp>

<comp id="61786" class="1004" name="sext_ln73_104_fu_61786">
<pin_list>
<pin id="61787" dir="0" index="0" bw="18" slack="0"/>
<pin id="61788" dir="1" index="1" bw="19" slack="0"/>
</pin_list>
<bind>
<opcode="sext(35) " fcode="sext"/>
<opset="sext_ln73_104/2 "/>
</bind>
</comp>

<comp id="61790" class="1004" name="sext_ln70_78_fu_61790">
<pin_list>
<pin id="61791" dir="0" index="0" bw="16" slack="1"/>
<pin id="61792" dir="1" index="1" bw="24" slack="0"/>
</pin_list>
<bind>
<opcode="sext(35) " fcode="sext"/>
<opset="sext_ln70_78/2 "/>
</bind>
</comp>

<comp id="61795" class="1004" name="sext_ln70_79_fu_61795">
<pin_list>
<pin id="61796" dir="0" index="0" bw="16" slack="1"/>
<pin id="61797" dir="1" index="1" bw="25" slack="0"/>
</pin_list>
<bind>
<opcode="sext(35) " fcode="sext"/>
<opset="sext_ln70_79/2 "/>
</bind>
</comp>

<comp id="61802" class="1004" name="shl_ln73_s_fu_61802">
<pin_list>
<pin id="61803" dir="0" index="0" bw="22" slack="0"/>
<pin id="61804" dir="0" index="1" bw="16" slack="1"/>
<pin id="61805" dir="0" index="2" bw="1" slack="0"/>
<pin id="61806" dir="1" index="3" bw="22" slack="0"/>
</pin_list>
<bind>
<opcode="bitconcatenate(1004) " fcode="bitconcatenate"/>
<opset="shl_ln73_s/2 "/>
</bind>
</comp>

<comp id="61809" class="1004" name="sext_ln73_107_fu_61809">
<pin_list>
<pin id="61810" dir="0" index="0" bw="22" slack="0"/>
<pin id="61811" dir="1" index="1" bw="23" slack="0"/>
</pin_list>
<bind>
<opcode="sext(35) " fcode="sext"/>
<opset="sext_ln73_107/2 "/>
</bind>
</comp>

<comp id="61813" class="1004" name="sub_ln73_fu_61813">
<pin_list>
<pin id="61814" dir="0" index="0" bw="1" slack="0"/>
<pin id="61815" dir="0" index="1" bw="22" slack="0"/>
<pin id="61816" dir="1" index="2" bw="23" slack="1"/>
</pin_list>
<bind>
<opcode="sub(10) " fcode="sub"/>
<opset="sub_ln73/2 "/>
</bind>
</comp>

<comp id="61819" class="1004" name="sext_ln73_110_fu_61819">
<pin_list>
<pin id="61820" dir="0" index="0" bw="16" slack="1"/>
<pin id="61821" dir="1" index="1" bw="21" slack="0"/>
</pin_list>
<bind>
<opcode="sext(35) " fcode="sext"/>
<opset="sext_ln73_110/2 "/>
</bind>
</comp>

<comp id="61823" class="1004" name="sext_ln70_80_fu_61823">
<pin_list>
<pin id="61824" dir="0" index="0" bw="16" slack="1"/>
<pin id="61825" dir="1" index="1" bw="22" slack="0"/>
</pin_list>
<bind>
<opcode="sext(35) " fcode="sext"/>
<opset="sext_ln70_80/2 "/>
</bind>
</comp>

<comp id="61829" class="1004" name="shl_ln73_38_fu_61829">
<pin_list>
<pin id="61830" dir="0" index="0" bw="21" slack="0"/>
<pin id="61831" dir="0" index="1" bw="16" slack="1"/>
<pin id="61832" dir="0" index="2" bw="1" slack="0"/>
<pin id="61833" dir="1" index="3" bw="21" slack="0"/>
</pin_list>
<bind>
<opcode="bitconcatenate(1004) " fcode="bitconcatenate"/>
<opset="shl_ln73_38/2 "/>
</bind>
</comp>

<comp id="61836" class="1004" name="sext_ln73_118_fu_61836">
<pin_list>
<pin id="61837" dir="0" index="0" bw="21" slack="0"/>
<pin id="61838" dir="1" index="1" bw="22" slack="0"/>
</pin_list>
<bind>
<opcode="sext(35) " fcode="sext"/>
<opset="sext_ln73_118/2 "/>
</bind>
</comp>

<comp id="61840" class="1004" name="shl_ln73_39_fu_61840">
<pin_list>
<pin id="61841" dir="0" index="0" bw="17" slack="0"/>
<pin id="61842" dir="0" index="1" bw="16" slack="1"/>
<pin id="61843" dir="0" index="2" bw="1" slack="0"/>
<pin id="61844" dir="1" index="3" bw="17" slack="0"/>
</pin_list>
<bind>
<opcode="bitconcatenate(1004) " fcode="bitconcatenate"/>
<opset="shl_ln73_39/2 "/>
</bind>
</comp>

<comp id="61847" class="1004" name="sext_ln73_119_fu_61847">
<pin_list>
<pin id="61848" dir="0" index="0" bw="17" slack="0"/>
<pin id="61849" dir="1" index="1" bw="22" slack="0"/>
</pin_list>
<bind>
<opcode="sext(35) " fcode="sext"/>
<opset="sext_ln73_119/2 "/>
</bind>
</comp>

<comp id="61851" class="1004" name="sub_ln73_21_fu_61851">
<pin_list>
<pin id="61852" dir="0" index="0" bw="17" slack="0"/>
<pin id="61853" dir="0" index="1" bw="21" slack="0"/>
<pin id="61854" dir="1" index="2" bw="22" slack="0"/>
</pin_list>
<bind>
<opcode="sub(10) " fcode="sub"/>
<opset="sub_ln73_21/2 "/>
</bind>
</comp>

<comp id="61857" class="1004" name="sext_ln73_120_fu_61857">
<pin_list>
<pin id="61858" dir="0" index="0" bw="22" slack="0"/>
<pin id="61859" dir="1" index="1" bw="23" slack="0"/>
</pin_list>
<bind>
<opcode="sext(35) " fcode="sext"/>
<opset="sext_ln73_120/2 "/>
</bind>
</comp>

<comp id="61861" class="1004" name="sext_ln73_121_fu_61861">
<pin_list>
<pin id="61862" dir="0" index="0" bw="16" slack="1"/>
<pin id="61863" dir="1" index="1" bw="24" slack="0"/>
</pin_list>
<bind>
<opcode="sext(35) " fcode="sext"/>
<opset="sext_ln73_121/2 "/>
</bind>
</comp>

<comp id="61866" class="1004" name="sext_ln70_83_fu_61866">
<pin_list>
<pin id="61867" dir="0" index="0" bw="16" slack="1"/>
<pin id="61868" dir="1" index="1" bw="24" slack="0"/>
</pin_list>
<bind>
<opcode="sext(35) " fcode="sext"/>
<opset="sext_ln70_83/2 "/>
</bind>
</comp>

<comp id="61870" class="1004" name="sext_ln70_84_fu_61870">
<pin_list>
<pin id="61871" dir="0" index="0" bw="16" slack="1"/>
<pin id="61872" dir="1" index="1" bw="22" slack="0"/>
</pin_list>
<bind>
<opcode="sext(35) " fcode="sext"/>
<opset="sext_ln70_84/2 "/>
</bind>
</comp>

<comp id="61874" class="1004" name="sext_ln70_86_fu_61874">
<pin_list>
<pin id="61875" dir="0" index="0" bw="16" slack="1"/>
<pin id="61876" dir="1" index="1" bw="25" slack="0"/>
</pin_list>
<bind>
<opcode="sext(35) " fcode="sext"/>
<opset="sext_ln70_86/2 "/>
</bind>
</comp>

<comp id="61880" class="1004" name="shl_ln73_45_fu_61880">
<pin_list>
<pin id="61881" dir="0" index="0" bw="18" slack="0"/>
<pin id="61882" dir="0" index="1" bw="16" slack="1"/>
<pin id="61883" dir="0" index="2" bw="1" slack="0"/>
<pin id="61884" dir="1" index="3" bw="18" slack="0"/>
</pin_list>
<bind>
<opcode="bitconcatenate(1004) " fcode="bitconcatenate"/>
<opset="shl_ln73_45/2 "/>
</bind>
</comp>

<comp id="61887" class="1004" name="sext_ln73_136_fu_61887">
<pin_list>
<pin id="61888" dir="0" index="0" bw="18" slack="0"/>
<pin id="61889" dir="1" index="1" bw="19" slack="0"/>
</pin_list>
<bind>
<opcode="sext(35) " fcode="sext"/>
<opset="sext_ln73_136/2 "/>
</bind>
</comp>

<comp id="61891" class="1004" name="sub_ln73_26_fu_61891">
<pin_list>
<pin id="61892" dir="0" index="0" bw="1" slack="0"/>
<pin id="61893" dir="0" index="1" bw="18" slack="0"/>
<pin id="61894" dir="1" index="2" bw="19" slack="1"/>
</pin_list>
<bind>
<opcode="sub(10) " fcode="sub"/>
<opset="sub_ln73_26/2 "/>
</bind>
</comp>

<comp id="61897" class="1004" name="sext_ln70_90_fu_61897">
<pin_list>
<pin id="61898" dir="0" index="0" bw="16" slack="1"/>
<pin id="61899" dir="1" index="1" bw="24" slack="0"/>
</pin_list>
<bind>
<opcode="sext(35) " fcode="sext"/>
<opset="sext_ln70_90/2 "/>
</bind>
</comp>

<comp id="61902" class="1004" name="sext_ln70_91_fu_61902">
<pin_list>
<pin id="61903" dir="0" index="0" bw="16" slack="1"/>
<pin id="61904" dir="1" index="1" bw="25" slack="0"/>
</pin_list>
<bind>
<opcode="sext(35) " fcode="sext"/>
<opset="sext_ln70_91/2 "/>
</bind>
</comp>

<comp id="61910" class="1004" name="shl_ln73_46_fu_61910">
<pin_list>
<pin id="61911" dir="0" index="0" bw="22" slack="0"/>
<pin id="61912" dir="0" index="1" bw="16" slack="1"/>
<pin id="61913" dir="0" index="2" bw="1" slack="0"/>
<pin id="61914" dir="1" index="3" bw="22" slack="0"/>
</pin_list>
<bind>
<opcode="bitconcatenate(1004) " fcode="bitconcatenate"/>
<opset="shl_ln73_46/2 "/>
</bind>
</comp>

<comp id="61917" class="1004" name="sext_ln73_139_fu_61917">
<pin_list>
<pin id="61918" dir="0" index="0" bw="22" slack="0"/>
<pin id="61919" dir="1" index="1" bw="23" slack="0"/>
</pin_list>
<bind>
<opcode="sext(35) " fcode="sext"/>
<opset="sext_ln73_139/2 "/>
</bind>
</comp>

<comp id="61921" class="1004" name="add_ln73_fu_61921">
<pin_list>
<pin id="61922" dir="0" index="0" bw="22" slack="0"/>
<pin id="61923" dir="0" index="1" bw="16" slack="1"/>
<pin id="61924" dir="1" index="2" bw="23" slack="1"/>
</pin_list>
<bind>
<opcode="add(8) " fcode="add"/>
<opset="add_ln73/2 "/>
</bind>
</comp>

<comp id="61926" class="1004" name="sext_ln70_92_fu_61926">
<pin_list>
<pin id="61927" dir="0" index="0" bw="16" slack="1"/>
<pin id="61928" dir="1" index="1" bw="24" slack="0"/>
</pin_list>
<bind>
<opcode="sext(35) " fcode="sext"/>
<opset="sext_ln70_92/2 "/>
</bind>
</comp>

<comp id="61932" class="1004" name="sext_ln70_93_fu_61932">
<pin_list>
<pin id="61933" dir="0" index="0" bw="16" slack="1"/>
<pin id="61934" dir="1" index="1" bw="26" slack="0"/>
</pin_list>
<bind>
<opcode="sext(35) " fcode="sext"/>
<opset="sext_ln70_93/2 "/>
</bind>
</comp>

<comp id="61937" class="1004" name="sext_ln70_94_fu_61937">
<pin_list>
<pin id="61938" dir="0" index="0" bw="16" slack="1"/>
<pin id="61939" dir="1" index="1" bw="25" slack="0"/>
</pin_list>
<bind>
<opcode="sext(35) " fcode="sext"/>
<opset="sext_ln70_94/2 "/>
</bind>
</comp>

<comp id="61945" class="1004" name="sext_ln70_96_fu_61945">
<pin_list>
<pin id="61946" dir="0" index="0" bw="16" slack="1"/>
<pin id="61947" dir="1" index="1" bw="24" slack="0"/>
</pin_list>
<bind>
<opcode="sext(35) " fcode="sext"/>
<opset="sext_ln70_96/2 "/>
</bind>
</comp>

<comp id="61951" class="1004" name="sext_ln70_97_fu_61951">
<pin_list>
<pin id="61952" dir="0" index="0" bw="16" slack="1"/>
<pin id="61953" dir="1" index="1" bw="26" slack="0"/>
</pin_list>
<bind>
<opcode="sext(35) " fcode="sext"/>
<opset="sext_ln70_97/2 "/>
</bind>
</comp>

<comp id="61956" class="1004" name="sext_ln70_98_fu_61956">
<pin_list>
<pin id="61957" dir="0" index="0" bw="16" slack="1"/>
<pin id="61958" dir="1" index="1" bw="25" slack="0"/>
</pin_list>
<bind>
<opcode="sext(35) " fcode="sext"/>
<opset="sext_ln70_98/2 "/>
</bind>
</comp>

<comp id="61961" class="1004" name="sext_ln70_99_fu_61961">
<pin_list>
<pin id="61962" dir="0" index="0" bw="16" slack="1"/>
<pin id="61963" dir="1" index="1" bw="23" slack="0"/>
</pin_list>
<bind>
<opcode="sext(35) " fcode="sext"/>
<opset="sext_ln70_99/2 "/>
</bind>
</comp>

<comp id="61965" class="1004" name="sext_ln70_100_fu_61965">
<pin_list>
<pin id="61966" dir="0" index="0" bw="16" slack="1"/>
<pin id="61967" dir="1" index="1" bw="25" slack="0"/>
</pin_list>
<bind>
<opcode="sext(35) " fcode="sext"/>
<opset="sext_ln70_100/2 "/>
</bind>
</comp>

<comp id="61972" class="1004" name="sext_ln70_101_fu_61972">
<pin_list>
<pin id="61973" dir="0" index="0" bw="16" slack="1"/>
<pin id="61974" dir="1" index="1" bw="22" slack="0"/>
</pin_list>
<bind>
<opcode="sext(35) " fcode="sext"/>
<opset="sext_ln70_101/2 "/>
</bind>
</comp>

<comp id="61976" class="1004" name="sext_ln70_102_fu_61976">
<pin_list>
<pin id="61977" dir="0" index="0" bw="16" slack="1"/>
<pin id="61978" dir="1" index="1" bw="26" slack="0"/>
</pin_list>
<bind>
<opcode="sext(35) " fcode="sext"/>
<opset="sext_ln70_102/2 "/>
</bind>
</comp>

<comp id="61980" class="1004" name="sext_ln70_103_fu_61980">
<pin_list>
<pin id="61981" dir="0" index="0" bw="16" slack="1"/>
<pin id="61982" dir="1" index="1" bw="25" slack="0"/>
</pin_list>
<bind>
<opcode="sext(35) " fcode="sext"/>
<opset="sext_ln70_103/2 "/>
</bind>
</comp>

<comp id="61984" class="1004" name="sext_ln70_104_fu_61984">
<pin_list>
<pin id="61985" dir="0" index="0" bw="16" slack="1"/>
<pin id="61986" dir="1" index="1" bw="23" slack="0"/>
</pin_list>
<bind>
<opcode="sext(35) " fcode="sext"/>
<opset="sext_ln70_104/2 "/>
</bind>
</comp>

<comp id="61989" class="1004" name="sext_ln70_105_fu_61989">
<pin_list>
<pin id="61990" dir="0" index="0" bw="16" slack="1"/>
<pin id="61991" dir="1" index="1" bw="26" slack="0"/>
</pin_list>
<bind>
<opcode="sext(35) " fcode="sext"/>
<opset="sext_ln70_105/2 "/>
</bind>
</comp>

<comp id="61993" class="1004" name="sext_ln70_106_fu_61993">
<pin_list>
<pin id="61994" dir="0" index="0" bw="16" slack="1"/>
<pin id="61995" dir="1" index="1" bw="24" slack="0"/>
</pin_list>
<bind>
<opcode="sext(35) " fcode="sext"/>
<opset="sext_ln70_106/2 "/>
</bind>
</comp>

<comp id="61997" class="1004" name="sext_ln70_108_fu_61997">
<pin_list>
<pin id="61998" dir="0" index="0" bw="16" slack="1"/>
<pin id="61999" dir="1" index="1" bw="24" slack="0"/>
</pin_list>
<bind>
<opcode="sext(35) " fcode="sext"/>
<opset="sext_ln70_108/2 "/>
</bind>
</comp>

<comp id="62002" class="1004" name="sext_ln70_110_fu_62002">
<pin_list>
<pin id="62003" dir="0" index="0" bw="16" slack="1"/>
<pin id="62004" dir="1" index="1" bw="23" slack="0"/>
</pin_list>
<bind>
<opcode="sext(35) " fcode="sext"/>
<opset="sext_ln70_110/2 "/>
</bind>
</comp>

<comp id="62006" class="1004" name="sext_ln70_111_fu_62006">
<pin_list>
<pin id="62007" dir="0" index="0" bw="16" slack="1"/>
<pin id="62008" dir="1" index="1" bw="26" slack="0"/>
</pin_list>
<bind>
<opcode="sext(35) " fcode="sext"/>
<opset="sext_ln70_111/2 "/>
</bind>
</comp>

<comp id="62010" class="1004" name="add_ln58_196_fu_62010">
<pin_list>
<pin id="62011" dir="0" index="0" bw="23" slack="1"/>
<pin id="62012" dir="0" index="1" bw="13" slack="0"/>
<pin id="62013" dir="1" index="2" bw="23" slack="1"/>
</pin_list>
<bind>
<opcode="add(8) " fcode="add"/>
<opset="add_ln58_196/2 "/>
</bind>
</comp>

<comp id="62016" class="1004" name="add_ln58_202_fu_62016">
<pin_list>
<pin id="62017" dir="0" index="0" bw="16" slack="0"/>
<pin id="62018" dir="0" index="1" bw="17" slack="0"/>
<pin id="62019" dir="1" index="2" bw="17" slack="0"/>
</pin_list>
<bind>
<opcode="add(8) " fcode="add"/>
<opset="add_ln58_202/2 "/>
</bind>
</comp>

<comp id="62022" class="1004" name="zext_ln58_fu_62022">
<pin_list>
<pin id="62023" dir="0" index="0" bw="17" slack="0"/>
<pin id="62024" dir="1" index="1" bw="19" slack="0"/>
</pin_list>
<bind>
<opcode="zext(34) " fcode="zext"/>
<opset="zext_ln58/2 "/>
</bind>
</comp>

<comp id="62026" class="1004" name="add_ln58_203_fu_62026">
<pin_list>
<pin id="62027" dir="0" index="0" bw="17" slack="0"/>
<pin id="62028" dir="0" index="1" bw="18" slack="0"/>
<pin id="62029" dir="1" index="2" bw="19" slack="1"/>
</pin_list>
<bind>
<opcode="add(8) " fcode="add"/>
<opset="add_ln58_203/2 "/>
</bind>
</comp>

<comp id="62032" class="1004" name="add_ln58_262_fu_62032">
<pin_list>
<pin id="62033" dir="0" index="0" bw="23" slack="1"/>
<pin id="62034" dir="0" index="1" bw="22" slack="0"/>
<pin id="62035" dir="1" index="2" bw="23" slack="1"/>
</pin_list>
<bind>
<opcode="add(8) " fcode="add"/>
<opset="add_ln58_262/2 "/>
</bind>
</comp>

<comp id="62038" class="1004" name="sext_ln73_105_fu_62038">
<pin_list>
<pin id="62039" dir="0" index="0" bw="16" slack="2"/>
<pin id="62040" dir="1" index="1" bw="26" slack="0"/>
</pin_list>
<bind>
<opcode="sext(35) " fcode="sext"/>
<opset="sext_ln73_105/3 "/>
</bind>
</comp>

<comp id="62045" class="1004" name="sext_ln73_106_fu_62045">
<pin_list>
<pin id="62046" dir="0" index="0" bw="24" slack="1"/>
<pin id="62047" dir="1" index="1" bw="25" slack="0"/>
</pin_list>
<bind>
<opcode="sext(35) " fcode="sext"/>
<opset="sext_ln73_106/3 "/>
</bind>
</comp>

<comp id="62049" class="1004" name="shl_ln73_32_fu_62049">
<pin_list>
<pin id="62050" dir="0" index="0" bw="20" slack="0"/>
<pin id="62051" dir="0" index="1" bw="16" slack="2"/>
<pin id="62052" dir="0" index="2" bw="1" slack="0"/>
<pin id="62053" dir="1" index="3" bw="20" slack="0"/>
</pin_list>
<bind>
<opcode="bitconcatenate(1004) " fcode="bitconcatenate"/>
<opset="shl_ln73_32/3 "/>
</bind>
</comp>

<comp id="62056" class="1004" name="sext_ln73_108_fu_62056">
<pin_list>
<pin id="62057" dir="0" index="0" bw="20" slack="0"/>
<pin id="62058" dir="1" index="1" bw="26" slack="0"/>
</pin_list>
<bind>
<opcode="sext(35) " fcode="sext"/>
<opset="sext_ln73_108/3 "/>
</bind>
</comp>

<comp id="62060" class="1004" name="sext_ln73_109_fu_62060">
<pin_list>
<pin id="62061" dir="0" index="0" bw="20" slack="0"/>
<pin id="62062" dir="1" index="1" bw="23" slack="0"/>
</pin_list>
<bind>
<opcode="sext(35) " fcode="sext"/>
<opset="sext_ln73_109/3 "/>
</bind>
</comp>

<comp id="62064" class="1004" name="sub_ln73_17_fu_62064">
<pin_list>
<pin id="62065" dir="0" index="0" bw="23" slack="1"/>
<pin id="62066" dir="0" index="1" bw="20" slack="0"/>
<pin id="62067" dir="1" index="2" bw="23" slack="0"/>
</pin_list>
<bind>
<opcode="sub(10) " fcode="sub"/>
<opset="sub_ln73_17/3 "/>
</bind>
</comp>

<comp id="62069" class="1004" name="shl_ln73_33_fu_62069">
<pin_list>
<pin id="62070" dir="0" index="0" bw="25" slack="0"/>
<pin id="62071" dir="0" index="1" bw="16" slack="2"/>
<pin id="62072" dir="0" index="2" bw="1" slack="0"/>
<pin id="62073" dir="1" index="3" bw="25" slack="0"/>
</pin_list>
<bind>
<opcode="bitconcatenate(1004) " fcode="bitconcatenate"/>
<opset="shl_ln73_33/3 "/>
</bind>
</comp>

<comp id="62076" class="1004" name="sext_ln73_111_fu_62076">
<pin_list>
<pin id="62077" dir="0" index="0" bw="25" slack="0"/>
<pin id="62078" dir="1" index="1" bw="26" slack="0"/>
</pin_list>
<bind>
<opcode="sext(35) " fcode="sext"/>
<opset="sext_ln73_111/3 "/>
</bind>
</comp>

<comp id="62080" class="1004" name="sub_ln73_18_fu_62080">
<pin_list>
<pin id="62081" dir="0" index="0" bw="20" slack="0"/>
<pin id="62082" dir="0" index="1" bw="25" slack="0"/>
<pin id="62083" dir="1" index="2" bw="26" slack="0"/>
</pin_list>
<bind>
<opcode="sub(10) " fcode="sub"/>
<opset="sub_ln73_18/3 "/>
</bind>
</comp>

<comp id="62086" class="1004" name="sext_ln73_112_fu_62086">
<pin_list>
<pin id="62087" dir="0" index="0" bw="25" slack="1"/>
<pin id="62088" dir="1" index="1" bw="26" slack="0"/>
</pin_list>
<bind>
<opcode="sext(35) " fcode="sext"/>
<opset="sext_ln73_112/3 "/>
</bind>
</comp>

<comp id="62090" class="1004" name="shl_ln73_34_fu_62090">
<pin_list>
<pin id="62091" dir="0" index="0" bw="24" slack="0"/>
<pin id="62092" dir="0" index="1" bw="16" slack="2"/>
<pin id="62093" dir="0" index="2" bw="1" slack="0"/>
<pin id="62094" dir="1" index="3" bw="24" slack="0"/>
</pin_list>
<bind>
<opcode="bitconcatenate(1004) " fcode="bitconcatenate"/>
<opset="shl_ln73_34/3 "/>
</bind>
</comp>

<comp id="62097" class="1004" name="sext_ln73_113_fu_62097">
<pin_list>
<pin id="62098" dir="0" index="0" bw="24" slack="0"/>
<pin id="62099" dir="1" index="1" bw="25" slack="0"/>
</pin_list>
<bind>
<opcode="sext(35) " fcode="sext"/>
<opset="sext_ln73_113/3 "/>
</bind>
</comp>

<comp id="62101" class="1004" name="shl_ln73_35_fu_62101">
<pin_list>
<pin id="62102" dir="0" index="0" bw="19" slack="0"/>
<pin id="62103" dir="0" index="1" bw="16" slack="2"/>
<pin id="62104" dir="0" index="2" bw="1" slack="0"/>
<pin id="62105" dir="1" index="3" bw="19" slack="0"/>
</pin_list>
<bind>
<opcode="bitconcatenate(1004) " fcode="bitconcatenate"/>
<opset="shl_ln73_35/3 "/>
</bind>
</comp>

<comp id="62108" class="1004" name="sext_ln73_114_fu_62108">
<pin_list>
<pin id="62109" dir="0" index="0" bw="19" slack="0"/>
<pin id="62110" dir="1" index="1" bw="25" slack="0"/>
</pin_list>
<bind>
<opcode="sext(35) " fcode="sext"/>
<opset="sext_ln73_114/3 "/>
</bind>
</comp>

<comp id="62112" class="1004" name="sub_ln73_19_fu_62112">
<pin_list>
<pin id="62113" dir="0" index="0" bw="19" slack="0"/>
<pin id="62114" dir="0" index="1" bw="24" slack="0"/>
<pin id="62115" dir="1" index="2" bw="25" slack="0"/>
</pin_list>
<bind>
<opcode="sub(10) " fcode="sub"/>
<opset="sub_ln73_19/3 "/>
</bind>
</comp>

<comp id="62118" class="1004" name="sext_ln73_115_fu_62118">
<pin_list>
<pin id="62119" dir="0" index="0" bw="25" slack="1"/>
<pin id="62120" dir="1" index="1" bw="26" slack="0"/>
</pin_list>
<bind>
<opcode="sext(35) " fcode="sext"/>
<opset="sext_ln73_115/3 "/>
</bind>
</comp>

<comp id="62122" class="1004" name="shl_ln73_36_fu_62122">
<pin_list>
<pin id="62123" dir="0" index="0" bw="23" slack="0"/>
<pin id="62124" dir="0" index="1" bw="16" slack="2"/>
<pin id="62125" dir="0" index="2" bw="1" slack="0"/>
<pin id="62126" dir="1" index="3" bw="23" slack="0"/>
</pin_list>
<bind>
<opcode="bitconcatenate(1004) " fcode="bitconcatenate"/>
<opset="shl_ln73_36/3 "/>
</bind>
</comp>

<comp id="62129" class="1004" name="sext_ln73_116_fu_62129">
<pin_list>
<pin id="62130" dir="0" index="0" bw="23" slack="0"/>
<pin id="62131" dir="1" index="1" bw="24" slack="0"/>
</pin_list>
<bind>
<opcode="sext(35) " fcode="sext"/>
<opset="sext_ln73_116/3 "/>
</bind>
</comp>

<comp id="62133" class="1004" name="shl_ln73_37_fu_62133">
<pin_list>
<pin id="62134" dir="0" index="0" bw="18" slack="0"/>
<pin id="62135" dir="0" index="1" bw="16" slack="2"/>
<pin id="62136" dir="0" index="2" bw="1" slack="0"/>
<pin id="62137" dir="1" index="3" bw="18" slack="0"/>
</pin_list>
<bind>
<opcode="bitconcatenate(1004) " fcode="bitconcatenate"/>
<opset="shl_ln73_37/3 "/>
</bind>
</comp>

<comp id="62140" class="1004" name="sext_ln73_117_fu_62140">
<pin_list>
<pin id="62141" dir="0" index="0" bw="18" slack="0"/>
<pin id="62142" dir="1" index="1" bw="24" slack="0"/>
</pin_list>
<bind>
<opcode="sext(35) " fcode="sext"/>
<opset="sext_ln73_117/3 "/>
</bind>
</comp>

<comp id="62144" class="1004" name="sub_ln73_20_fu_62144">
<pin_list>
<pin id="62145" dir="0" index="0" bw="18" slack="0"/>
<pin id="62146" dir="0" index="1" bw="23" slack="0"/>
<pin id="62147" dir="1" index="2" bw="24" slack="0"/>
</pin_list>
<bind>
<opcode="sub(10) " fcode="sub"/>
<opset="sub_ln73_20/3 "/>
</bind>
</comp>

<comp id="62150" class="1004" name="sext_ln70_81_fu_62150">
<pin_list>
<pin id="62151" dir="0" index="0" bw="16" slack="2"/>
<pin id="62152" dir="1" index="1" bw="26" slack="0"/>
</pin_list>
<bind>
<opcode="sext(35) " fcode="sext"/>
<opset="sext_ln70_81/3 "/>
</bind>
</comp>

<comp id="62161" class="1004" name="sext_ln70_82_fu_62161">
<pin_list>
<pin id="62162" dir="0" index="0" bw="16" slack="2"/>
<pin id="62163" dir="1" index="1" bw="27" slack="0"/>
</pin_list>
<bind>
<opcode="sext(35) " fcode="sext"/>
<opset="sext_ln70_82/3 "/>
</bind>
</comp>

<comp id="62165" class="1004" name="sext_ln73_122_fu_62165">
<pin_list>
<pin id="62166" dir="0" index="0" bw="22" slack="1"/>
<pin id="62167" dir="1" index="1" bw="25" slack="0"/>
</pin_list>
<bind>
<opcode="sext(35) " fcode="sext"/>
<opset="sext_ln73_122/3 "/>
</bind>
</comp>

<comp id="62169" class="1004" name="sext_ln70_85_fu_62169">
<pin_list>
<pin id="62170" dir="0" index="0" bw="16" slack="2"/>
<pin id="62171" dir="1" index="1" bw="26" slack="0"/>
</pin_list>
<bind>
<opcode="sext(35) " fcode="sext"/>
<opset="sext_ln70_85/3 "/>
</bind>
</comp>

<comp id="62177" class="1004" name="sext_ln73_124_fu_62177">
<pin_list>
<pin id="62178" dir="0" index="0" bw="25" slack="1"/>
<pin id="62179" dir="1" index="1" bw="26" slack="0"/>
</pin_list>
<bind>
<opcode="sext(35) " fcode="sext"/>
<opset="sext_ln73_124/3 "/>
</bind>
</comp>

<comp id="62181" class="1004" name="shl_ln73_40_fu_62181">
<pin_list>
<pin id="62182" dir="0" index="0" bw="23" slack="0"/>
<pin id="62183" dir="0" index="1" bw="16" slack="2"/>
<pin id="62184" dir="0" index="2" bw="1" slack="0"/>
<pin id="62185" dir="1" index="3" bw="23" slack="0"/>
</pin_list>
<bind>
<opcode="bitconcatenate(1004) " fcode="bitconcatenate"/>
<opset="shl_ln73_40/3 "/>
</bind>
</comp>

<comp id="62188" class="1004" name="sext_ln73_125_fu_62188">
<pin_list>
<pin id="62189" dir="0" index="0" bw="23" slack="0"/>
<pin id="62190" dir="1" index="1" bw="24" slack="0"/>
</pin_list>
<bind>
<opcode="sext(35) " fcode="sext"/>
<opset="sext_ln73_125/3 "/>
</bind>
</comp>

<comp id="62192" class="1004" name="shl_ln73_41_fu_62192">
<pin_list>
<pin id="62193" dir="0" index="0" bw="17" slack="0"/>
<pin id="62194" dir="0" index="1" bw="16" slack="2"/>
<pin id="62195" dir="0" index="2" bw="1" slack="0"/>
<pin id="62196" dir="1" index="3" bw="17" slack="0"/>
</pin_list>
<bind>
<opcode="bitconcatenate(1004) " fcode="bitconcatenate"/>
<opset="shl_ln73_41/3 "/>
</bind>
</comp>

<comp id="62199" class="1004" name="sext_ln73_126_fu_62199">
<pin_list>
<pin id="62200" dir="0" index="0" bw="17" slack="0"/>
<pin id="62201" dir="1" index="1" bw="21" slack="0"/>
</pin_list>
<bind>
<opcode="sext(35) " fcode="sext"/>
<opset="sext_ln73_126/3 "/>
</bind>
</comp>

<comp id="62203" class="1004" name="sext_ln73_127_fu_62203">
<pin_list>
<pin id="62204" dir="0" index="0" bw="17" slack="0"/>
<pin id="62205" dir="1" index="1" bw="22" slack="0"/>
</pin_list>
<bind>
<opcode="sext(35) " fcode="sext"/>
<opset="sext_ln73_127/3 "/>
</bind>
</comp>

<comp id="62207" class="1004" name="sext_ln73_128_fu_62207">
<pin_list>
<pin id="62208" dir="0" index="0" bw="17" slack="0"/>
<pin id="62209" dir="1" index="1" bw="24" slack="0"/>
</pin_list>
<bind>
<opcode="sext(35) " fcode="sext"/>
<opset="sext_ln73_128/3 "/>
</bind>
</comp>

<comp id="62211" class="1004" name="sub_ln73_22_fu_62211">
<pin_list>
<pin id="62212" dir="0" index="0" bw="17" slack="0"/>
<pin id="62213" dir="0" index="1" bw="23" slack="0"/>
<pin id="62214" dir="1" index="2" bw="24" slack="0"/>
</pin_list>
<bind>
<opcode="sub(10) " fcode="sub"/>
<opset="sub_ln73_22/3 "/>
</bind>
</comp>

<comp id="62217" class="1004" name="shl_ln73_42_fu_62217">
<pin_list>
<pin id="62218" dir="0" index="0" bw="21" slack="0"/>
<pin id="62219" dir="0" index="1" bw="16" slack="2"/>
<pin id="62220" dir="0" index="2" bw="1" slack="0"/>
<pin id="62221" dir="1" index="3" bw="21" slack="0"/>
</pin_list>
<bind>
<opcode="bitconcatenate(1004) " fcode="bitconcatenate"/>
<opset="shl_ln73_42/3 "/>
</bind>
</comp>

<comp id="62224" class="1004" name="sext_ln73_129_fu_62224">
<pin_list>
<pin id="62225" dir="0" index="0" bw="21" slack="0"/>
<pin id="62226" dir="1" index="1" bw="22" slack="0"/>
</pin_list>
<bind>
<opcode="sext(35) " fcode="sext"/>
<opset="sext_ln73_129/3 "/>
</bind>
</comp>

<comp id="62228" class="1004" name="sub_ln73_23_fu_62228">
<pin_list>
<pin id="62229" dir="0" index="0" bw="1" slack="0"/>
<pin id="62230" dir="0" index="1" bw="21" slack="0"/>
<pin id="62231" dir="1" index="2" bw="22" slack="0"/>
</pin_list>
<bind>
<opcode="sub(10) " fcode="sub"/>
<opset="sub_ln73_23/3 "/>
</bind>
</comp>

<comp id="62234" class="1004" name="sub_ln73_24_fu_62234">
<pin_list>
<pin id="62235" dir="0" index="0" bw="22" slack="0"/>
<pin id="62236" dir="0" index="1" bw="17" slack="0"/>
<pin id="62237" dir="1" index="2" bw="22" slack="0"/>
</pin_list>
<bind>
<opcode="sub(10) " fcode="sub"/>
<opset="sub_ln73_24/3 "/>
</bind>
</comp>

<comp id="62240" class="1004" name="sext_ln73_130_fu_62240">
<pin_list>
<pin id="62241" dir="0" index="0" bw="22" slack="0"/>
<pin id="62242" dir="1" index="1" bw="25" slack="0"/>
</pin_list>
<bind>
<opcode="sext(35) " fcode="sext"/>
<opset="sext_ln73_130/3 "/>
</bind>
</comp>

<comp id="62244" class="1004" name="sext_ln73_131_fu_62244">
<pin_list>
<pin id="62245" dir="0" index="0" bw="22" slack="1"/>
<pin id="62246" dir="1" index="1" bw="24" slack="0"/>
</pin_list>
<bind>
<opcode="sext(35) " fcode="sext"/>
<opset="sext_ln73_131/3 "/>
</bind>
</comp>

<comp id="62248" class="1004" name="shl_ln73_43_fu_62248">
<pin_list>
<pin id="62249" dir="0" index="0" bw="20" slack="0"/>
<pin id="62250" dir="0" index="1" bw="16" slack="2"/>
<pin id="62251" dir="0" index="2" bw="1" slack="0"/>
<pin id="62252" dir="1" index="3" bw="20" slack="0"/>
</pin_list>
<bind>
<opcode="bitconcatenate(1004) " fcode="bitconcatenate"/>
<opset="shl_ln73_43/3 "/>
</bind>
</comp>

<comp id="62255" class="1004" name="sext_ln73_132_fu_62255">
<pin_list>
<pin id="62256" dir="0" index="0" bw="20" slack="0"/>
<pin id="62257" dir="1" index="1" bw="21" slack="0"/>
</pin_list>
<bind>
<opcode="sext(35) " fcode="sext"/>
<opset="sext_ln73_132/3 "/>
</bind>
</comp>

<comp id="62259" class="1004" name="sub_ln73_25_fu_62259">
<pin_list>
<pin id="62260" dir="0" index="0" bw="17" slack="0"/>
<pin id="62261" dir="0" index="1" bw="20" slack="0"/>
<pin id="62262" dir="1" index="2" bw="21" slack="0"/>
</pin_list>
<bind>
<opcode="sub(10) " fcode="sub"/>
<opset="sub_ln73_25/3 "/>
</bind>
</comp>

<comp id="62265" class="1004" name="sext_ln73_133_fu_62265">
<pin_list>
<pin id="62266" dir="0" index="0" bw="21" slack="0"/>
<pin id="62267" dir="1" index="1" bw="24" slack="0"/>
</pin_list>
<bind>
<opcode="sext(35) " fcode="sext"/>
<opset="sext_ln73_133/3 "/>
</bind>
</comp>

<comp id="62269" class="1004" name="sext_ln70_87_fu_62269">
<pin_list>
<pin id="62270" dir="0" index="0" bw="19" slack="1"/>
<pin id="62271" dir="1" index="1" bw="22" slack="0"/>
</pin_list>
<bind>
<opcode="sext(35) " fcode="sext"/>
<opset="sext_ln70_87/3 "/>
</bind>
</comp>

<comp id="62272" class="1004" name="sext_ln70_88_fu_62272">
<pin_list>
<pin id="62273" dir="0" index="0" bw="16" slack="2"/>
<pin id="62274" dir="1" index="1" bw="26" slack="0"/>
</pin_list>
<bind>
<opcode="sext(35) " fcode="sext"/>
<opset="sext_ln70_88/3 "/>
</bind>
</comp>

<comp id="62276" class="1004" name="sext_ln73_137_fu_62276">
<pin_list>
<pin id="62277" dir="0" index="0" bw="24" slack="1"/>
<pin id="62278" dir="1" index="1" bw="25" slack="0"/>
</pin_list>
<bind>
<opcode="sext(35) " fcode="sext"/>
<opset="sext_ln73_137/3 "/>
</bind>
</comp>

<comp id="62280" class="1004" name="sext_ln73_138_fu_62280">
<pin_list>
<pin id="62281" dir="0" index="0" bw="23" slack="1"/>
<pin id="62282" dir="1" index="1" bw="24" slack="0"/>
</pin_list>
<bind>
<opcode="sext(35) " fcode="sext"/>
<opset="sext_ln73_138/3 "/>
</bind>
</comp>

<comp id="62284" class="1004" name="sext_ln73_140_fu_62284">
<pin_list>
<pin id="62285" dir="0" index="0" bw="23" slack="1"/>
<pin id="62286" dir="1" index="1" bw="24" slack="0"/>
</pin_list>
<bind>
<opcode="sext(35) " fcode="sext"/>
<opset="sext_ln73_140/3 "/>
</bind>
</comp>

<comp id="62287" class="1004" name="sext_ln73_141_fu_62287">
<pin_list>
<pin id="62288" dir="0" index="0" bw="24" slack="1"/>
<pin id="62289" dir="1" index="1" bw="25" slack="0"/>
</pin_list>
<bind>
<opcode="sext(35) " fcode="sext"/>
<opset="sext_ln73_141/3 "/>
</bind>
</comp>

<comp id="62291" class="1004" name="shl_ln73_47_fu_62291">
<pin_list>
<pin id="62292" dir="0" index="0" bw="24" slack="0"/>
<pin id="62293" dir="0" index="1" bw="16" slack="2"/>
<pin id="62294" dir="0" index="2" bw="1" slack="0"/>
<pin id="62295" dir="1" index="3" bw="24" slack="0"/>
</pin_list>
<bind>
<opcode="bitconcatenate(1004) " fcode="bitconcatenate"/>
<opset="shl_ln73_47/3 "/>
</bind>
</comp>

<comp id="62298" class="1004" name="sext_ln73_142_fu_62298">
<pin_list>
<pin id="62299" dir="0" index="0" bw="24" slack="0"/>
<pin id="62300" dir="1" index="1" bw="25" slack="0"/>
</pin_list>
<bind>
<opcode="sext(35) " fcode="sext"/>
<opset="sext_ln73_142/3 "/>
</bind>
</comp>

<comp id="62302" class="1004" name="shl_ln73_48_fu_62302">
<pin_list>
<pin id="62303" dir="0" index="0" bw="17" slack="0"/>
<pin id="62304" dir="0" index="1" bw="16" slack="2"/>
<pin id="62305" dir="0" index="2" bw="1" slack="0"/>
<pin id="62306" dir="1" index="3" bw="17" slack="0"/>
</pin_list>
<bind>
<opcode="bitconcatenate(1004) " fcode="bitconcatenate"/>
<opset="shl_ln73_48/3 "/>
</bind>
</comp>

<comp id="62309" class="1004" name="sext_ln73_143_fu_62309">
<pin_list>
<pin id="62310" dir="0" index="0" bw="17" slack="0"/>
<pin id="62311" dir="1" index="1" bw="24" slack="0"/>
</pin_list>
<bind>
<opcode="sext(35) " fcode="sext"/>
<opset="sext_ln73_143/3 "/>
</bind>
</comp>

<comp id="62313" class="1004" name="sext_ln73_144_fu_62313">
<pin_list>
<pin id="62314" dir="0" index="0" bw="17" slack="0"/>
<pin id="62315" dir="1" index="1" bw="25" slack="0"/>
</pin_list>
<bind>
<opcode="sext(35) " fcode="sext"/>
<opset="sext_ln73_144/3 "/>
</bind>
</comp>

<comp id="62317" class="1004" name="sub_ln73_27_fu_62317">
<pin_list>
<pin id="62318" dir="0" index="0" bw="24" slack="0"/>
<pin id="62319" dir="0" index="1" bw="17" slack="0"/>
<pin id="62320" dir="1" index="2" bw="25" slack="0"/>
</pin_list>
<bind>
<opcode="sub(10) " fcode="sub"/>
<opset="sub_ln73_27/3 "/>
</bind>
</comp>

<comp id="62323" class="1004" name="shl_ln73_49_fu_62323">
<pin_list>
<pin id="62324" dir="0" index="0" bw="23" slack="0"/>
<pin id="62325" dir="0" index="1" bw="16" slack="2"/>
<pin id="62326" dir="0" index="2" bw="1" slack="0"/>
<pin id="62327" dir="1" index="3" bw="23" slack="0"/>
</pin_list>
<bind>
<opcode="bitconcatenate(1004) " fcode="bitconcatenate"/>
<opset="shl_ln73_49/3 "/>
</bind>
</comp>

<comp id="62330" class="1004" name="sext_ln73_145_fu_62330">
<pin_list>
<pin id="62331" dir="0" index="0" bw="23" slack="0"/>
<pin id="62332" dir="1" index="1" bw="24" slack="0"/>
</pin_list>
<bind>
<opcode="sext(35) " fcode="sext"/>
<opset="sext_ln73_145/3 "/>
</bind>
</comp>

<comp id="62334" class="1004" name="sub_ln73_28_fu_62334">
<pin_list>
<pin id="62335" dir="0" index="0" bw="23" slack="0"/>
<pin id="62336" dir="0" index="1" bw="17" slack="0"/>
<pin id="62337" dir="1" index="2" bw="24" slack="0"/>
</pin_list>
<bind>
<opcode="sub(10) " fcode="sub"/>
<opset="sub_ln73_28/3 "/>
</bind>
</comp>

<comp id="62340" class="1004" name="sext_ln73_146_fu_62340">
<pin_list>
<pin id="62341" dir="0" index="0" bw="24" slack="0"/>
<pin id="62342" dir="1" index="1" bw="26" slack="0"/>
</pin_list>
<bind>
<opcode="sext(35) " fcode="sext"/>
<opset="sext_ln73_146/3 "/>
</bind>
</comp>

<comp id="62344" class="1004" name="add_ln73_4_fu_62344">
<pin_list>
<pin id="62345" dir="0" index="0" bw="23" slack="0"/>
<pin id="62346" dir="0" index="1" bw="16" slack="1"/>
<pin id="62347" dir="1" index="2" bw="24" slack="1"/>
</pin_list>
<bind>
<opcode="add(8) " fcode="add"/>
<opset="add_ln73_4/3 "/>
</bind>
</comp>

<comp id="62349" class="1004" name="mul_ln73_233_cast_fu_62349">
<pin_list>
<pin id="62350" dir="0" index="0" bw="25" slack="1"/>
<pin id="62351" dir="1" index="1" bw="26" slack="0"/>
</pin_list>
<bind>
<opcode="sext(35) " fcode="sext"/>
<opset="mul_ln73_233_cast/3 "/>
</bind>
</comp>

<comp id="62353" class="1004" name="sext_ln73_150_fu_62353">
<pin_list>
<pin id="62354" dir="0" index="0" bw="24" slack="1"/>
<pin id="62355" dir="1" index="1" bw="25" slack="0"/>
</pin_list>
<bind>
<opcode="sext(35) " fcode="sext"/>
<opset="sext_ln73_150/3 "/>
</bind>
</comp>

<comp id="62357" class="1004" name="shl_ln73_50_fu_62357">
<pin_list>
<pin id="62358" dir="0" index="0" bw="25" slack="0"/>
<pin id="62359" dir="0" index="1" bw="16" slack="2"/>
<pin id="62360" dir="0" index="2" bw="1" slack="0"/>
<pin id="62361" dir="1" index="3" bw="25" slack="0"/>
</pin_list>
<bind>
<opcode="bitconcatenate(1004) " fcode="bitconcatenate"/>
<opset="shl_ln73_50/3 "/>
</bind>
</comp>

<comp id="62364" class="1004" name="sext_ln73_152_fu_62364">
<pin_list>
<pin id="62365" dir="0" index="0" bw="25" slack="0"/>
<pin id="62366" dir="1" index="1" bw="26" slack="0"/>
</pin_list>
<bind>
<opcode="sext(35) " fcode="sext"/>
<opset="sext_ln73_152/3 "/>
</bind>
</comp>

<comp id="62368" class="1004" name="shl_ln73_51_fu_62368">
<pin_list>
<pin id="62369" dir="0" index="0" bw="23" slack="0"/>
<pin id="62370" dir="0" index="1" bw="16" slack="2"/>
<pin id="62371" dir="0" index="2" bw="1" slack="0"/>
<pin id="62372" dir="1" index="3" bw="23" slack="0"/>
</pin_list>
<bind>
<opcode="bitconcatenate(1004) " fcode="bitconcatenate"/>
<opset="shl_ln73_51/3 "/>
</bind>
</comp>

<comp id="62375" class="1004" name="sext_ln73_153_fu_62375">
<pin_list>
<pin id="62376" dir="0" index="0" bw="23" slack="0"/>
<pin id="62377" dir="1" index="1" bw="26" slack="0"/>
</pin_list>
<bind>
<opcode="sext(35) " fcode="sext"/>
<opset="sext_ln73_153/3 "/>
</bind>
</comp>

<comp id="62379" class="1004" name="sub_ln73_29_fu_62379">
<pin_list>
<pin id="62380" dir="0" index="0" bw="25" slack="0"/>
<pin id="62381" dir="0" index="1" bw="23" slack="0"/>
<pin id="62382" dir="1" index="2" bw="26" slack="0"/>
</pin_list>
<bind>
<opcode="sub(10) " fcode="sub"/>
<opset="sub_ln73_29/3 "/>
</bind>
</comp>

<comp id="62385" class="1004" name="sext_ln73_154_fu_62385">
<pin_list>
<pin id="62386" dir="0" index="0" bw="25" slack="1"/>
<pin id="62387" dir="1" index="1" bw="26" slack="0"/>
</pin_list>
<bind>
<opcode="sext(35) " fcode="sext"/>
<opset="sext_ln73_154/3 "/>
</bind>
</comp>

<comp id="62389" class="1004" name="sext_ln70_95_fu_62389">
<pin_list>
<pin id="62390" dir="0" index="0" bw="16" slack="2"/>
<pin id="62391" dir="1" index="1" bw="23" slack="0"/>
</pin_list>
<bind>
<opcode="sext(35) " fcode="sext"/>
<opset="sext_ln70_95/3 "/>
</bind>
</comp>

<comp id="62393" class="1004" name="sext_ln73_156_fu_62393">
<pin_list>
<pin id="62394" dir="0" index="0" bw="24" slack="1"/>
<pin id="62395" dir="1" index="1" bw="25" slack="0"/>
</pin_list>
<bind>
<opcode="sext(35) " fcode="sext"/>
<opset="sext_ln73_156/3 "/>
</bind>
</comp>

<comp id="62397" class="1004" name="shl_ln73_52_fu_62397">
<pin_list>
<pin id="62398" dir="0" index="0" bw="23" slack="0"/>
<pin id="62399" dir="0" index="1" bw="16" slack="2"/>
<pin id="62400" dir="0" index="2" bw="1" slack="0"/>
<pin id="62401" dir="1" index="3" bw="23" slack="0"/>
</pin_list>
<bind>
<opcode="bitconcatenate(1004) " fcode="bitconcatenate"/>
<opset="shl_ln73_52/3 "/>
</bind>
</comp>

<comp id="62404" class="1004" name="sext_ln73_159_fu_62404">
<pin_list>
<pin id="62405" dir="0" index="0" bw="23" slack="0"/>
<pin id="62406" dir="1" index="1" bw="24" slack="0"/>
</pin_list>
<bind>
<opcode="sext(35) " fcode="sext"/>
<opset="sext_ln73_159/3 "/>
</bind>
</comp>

<comp id="62408" class="1004" name="shl_ln73_53_fu_62408">
<pin_list>
<pin id="62409" dir="0" index="0" bw="18" slack="0"/>
<pin id="62410" dir="0" index="1" bw="16" slack="2"/>
<pin id="62411" dir="0" index="2" bw="1" slack="0"/>
<pin id="62412" dir="1" index="3" bw="18" slack="0"/>
</pin_list>
<bind>
<opcode="bitconcatenate(1004) " fcode="bitconcatenate"/>
<opset="shl_ln73_53/3 "/>
</bind>
</comp>

<comp id="62415" class="1004" name="sext_ln73_160_fu_62415">
<pin_list>
<pin id="62416" dir="0" index="0" bw="18" slack="0"/>
<pin id="62417" dir="1" index="1" bw="24" slack="0"/>
</pin_list>
<bind>
<opcode="sext(35) " fcode="sext"/>
<opset="sext_ln73_160/3 "/>
</bind>
</comp>

<comp id="62419" class="1004" name="sub_ln73_30_fu_62419">
<pin_list>
<pin id="62420" dir="0" index="0" bw="18" slack="0"/>
<pin id="62421" dir="0" index="1" bw="23" slack="0"/>
<pin id="62422" dir="1" index="2" bw="24" slack="0"/>
</pin_list>
<bind>
<opcode="sub(10) " fcode="sub"/>
<opset="sub_ln73_30/3 "/>
</bind>
</comp>

<comp id="62425" class="1004" name="sext_ln73_161_fu_62425">
<pin_list>
<pin id="62426" dir="0" index="0" bw="24" slack="0"/>
<pin id="62427" dir="1" index="1" bw="25" slack="0"/>
</pin_list>
<bind>
<opcode="sext(35) " fcode="sext"/>
<opset="sext_ln73_161/3 "/>
</bind>
</comp>

<comp id="62429" class="1004" name="shl_ln73_54_fu_62429">
<pin_list>
<pin id="62430" dir="0" index="0" bw="19" slack="0"/>
<pin id="62431" dir="0" index="1" bw="16" slack="2"/>
<pin id="62432" dir="0" index="2" bw="1" slack="0"/>
<pin id="62433" dir="1" index="3" bw="19" slack="0"/>
</pin_list>
<bind>
<opcode="bitconcatenate(1004) " fcode="bitconcatenate"/>
<opset="shl_ln73_54/3 "/>
</bind>
</comp>

<comp id="62436" class="1004" name="sext_ln73_164_fu_62436">
<pin_list>
<pin id="62437" dir="0" index="0" bw="19" slack="0"/>
<pin id="62438" dir="1" index="1" bw="23" slack="0"/>
</pin_list>
<bind>
<opcode="sext(35) " fcode="sext"/>
<opset="sext_ln73_164/3 "/>
</bind>
</comp>

<comp id="62440" class="1004" name="sext_ln73_165_fu_62440">
<pin_list>
<pin id="62441" dir="0" index="0" bw="19" slack="0"/>
<pin id="62442" dir="1" index="1" bw="20" slack="0"/>
</pin_list>
<bind>
<opcode="sext(35) " fcode="sext"/>
<opset="sext_ln73_165/3 "/>
</bind>
</comp>

<comp id="62444" class="1004" name="shl_ln73_55_fu_62444">
<pin_list>
<pin id="62445" dir="0" index="0" bw="17" slack="0"/>
<pin id="62446" dir="0" index="1" bw="16" slack="2"/>
<pin id="62447" dir="0" index="2" bw="1" slack="0"/>
<pin id="62448" dir="1" index="3" bw="17" slack="0"/>
</pin_list>
<bind>
<opcode="bitconcatenate(1004) " fcode="bitconcatenate"/>
<opset="shl_ln73_55/3 "/>
</bind>
</comp>

<comp id="62451" class="1004" name="sext_ln73_166_fu_62451">
<pin_list>
<pin id="62452" dir="0" index="0" bw="17" slack="0"/>
<pin id="62453" dir="1" index="1" bw="20" slack="0"/>
</pin_list>
<bind>
<opcode="sext(35) " fcode="sext"/>
<opset="sext_ln73_166/3 "/>
</bind>
</comp>

<comp id="62455" class="1004" name="sub_ln73_31_fu_62455">
<pin_list>
<pin id="62456" dir="0" index="0" bw="19" slack="0"/>
<pin id="62457" dir="0" index="1" bw="17" slack="0"/>
<pin id="62458" dir="1" index="2" bw="20" slack="0"/>
</pin_list>
<bind>
<opcode="sub(10) " fcode="sub"/>
<opset="sub_ln73_31/3 "/>
</bind>
</comp>

<comp id="62461" class="1004" name="sext_ln73_167_fu_62461">
<pin_list>
<pin id="62462" dir="0" index="0" bw="20" slack="0"/>
<pin id="62463" dir="1" index="1" bw="24" slack="0"/>
</pin_list>
<bind>
<opcode="sext(35) " fcode="sext"/>
<opset="sext_ln73_167/3 "/>
</bind>
</comp>

<comp id="62465" class="1004" name="shl_ln73_56_fu_62465">
<pin_list>
<pin id="62466" dir="0" index="0" bw="22" slack="0"/>
<pin id="62467" dir="0" index="1" bw="16" slack="2"/>
<pin id="62468" dir="0" index="2" bw="1" slack="0"/>
<pin id="62469" dir="1" index="3" bw="22" slack="0"/>
</pin_list>
<bind>
<opcode="bitconcatenate(1004) " fcode="bitconcatenate"/>
<opset="shl_ln73_56/3 "/>
</bind>
</comp>

<comp id="62472" class="1004" name="sext_ln73_168_fu_62472">
<pin_list>
<pin id="62473" dir="0" index="0" bw="22" slack="0"/>
<pin id="62474" dir="1" index="1" bw="23" slack="0"/>
</pin_list>
<bind>
<opcode="sext(35) " fcode="sext"/>
<opset="sext_ln73_168/3 "/>
</bind>
</comp>

<comp id="62476" class="1004" name="sub_ln73_32_fu_62476">
<pin_list>
<pin id="62477" dir="0" index="0" bw="22" slack="0"/>
<pin id="62478" dir="0" index="1" bw="19" slack="0"/>
<pin id="62479" dir="1" index="2" bw="23" slack="0"/>
</pin_list>
<bind>
<opcode="sub(10) " fcode="sub"/>
<opset="sub_ln73_32/3 "/>
</bind>
</comp>

<comp id="62482" class="1004" name="sext_ln73_169_fu_62482">
<pin_list>
<pin id="62483" dir="0" index="0" bw="23" slack="0"/>
<pin id="62484" dir="1" index="1" bw="24" slack="0"/>
</pin_list>
<bind>
<opcode="sext(35) " fcode="sext"/>
<opset="sext_ln73_169/3 "/>
</bind>
</comp>

<comp id="62486" class="1004" name="sext_ln73_171_fu_62486">
<pin_list>
<pin id="62487" dir="0" index="0" bw="22" slack="1"/>
<pin id="62488" dir="1" index="1" bw="23" slack="0"/>
</pin_list>
<bind>
<opcode="sext(35) " fcode="sext"/>
<opset="sext_ln73_171/3 "/>
</bind>
</comp>

<comp id="62490" class="1004" name="sext_ln70_107_fu_62490">
<pin_list>
<pin id="62491" dir="0" index="0" bw="16" slack="2"/>
<pin id="62492" dir="1" index="1" bw="27" slack="0"/>
</pin_list>
<bind>
<opcode="sext(35) " fcode="sext"/>
<opset="sext_ln70_107/3 "/>
</bind>
</comp>

<comp id="62495" class="1004" name="sext_ln73_177_fu_62495">
<pin_list>
<pin id="62496" dir="0" index="0" bw="24" slack="1"/>
<pin id="62497" dir="1" index="1" bw="25" slack="0"/>
</pin_list>
<bind>
<opcode="sext(35) " fcode="sext"/>
<opset="sext_ln73_177/3 "/>
</bind>
</comp>

<comp id="62499" class="1004" name="sext_ln70_109_fu_62499">
<pin_list>
<pin id="62500" dir="0" index="0" bw="16" slack="2"/>
<pin id="62501" dir="1" index="1" bw="27" slack="0"/>
</pin_list>
<bind>
<opcode="sext(35) " fcode="sext"/>
<opset="sext_ln70_109/3 "/>
</bind>
</comp>

<comp id="62503" class="1004" name="sext_ln70_112_fu_62503">
<pin_list>
<pin id="62504" dir="0" index="0" bw="16" slack="2"/>
<pin id="62505" dir="1" index="1" bw="25" slack="0"/>
</pin_list>
<bind>
<opcode="sext(35) " fcode="sext"/>
<opset="sext_ln70_112/3 "/>
</bind>
</comp>

<comp id="62509" class="1004" name="sext_ln73_180_fu_62509">
<pin_list>
<pin id="62510" dir="0" index="0" bw="23" slack="1"/>
<pin id="62511" dir="1" index="1" bw="24" slack="0"/>
</pin_list>
<bind>
<opcode="sext(35) " fcode="sext"/>
<opset="sext_ln73_180/3 "/>
</bind>
</comp>

<comp id="62513" class="1004" name="shl_ln73_57_fu_62513">
<pin_list>
<pin id="62514" dir="0" index="0" bw="22" slack="0"/>
<pin id="62515" dir="0" index="1" bw="16" slack="2"/>
<pin id="62516" dir="0" index="2" bw="1" slack="0"/>
<pin id="62517" dir="1" index="3" bw="22" slack="0"/>
</pin_list>
<bind>
<opcode="bitconcatenate(1004) " fcode="bitconcatenate"/>
<opset="shl_ln73_57/3 "/>
</bind>
</comp>

<comp id="62520" class="1004" name="sext_ln73_183_fu_62520">
<pin_list>
<pin id="62521" dir="0" index="0" bw="22" slack="0"/>
<pin id="62522" dir="1" index="1" bw="23" slack="0"/>
</pin_list>
<bind>
<opcode="sext(35) " fcode="sext"/>
<opset="sext_ln73_183/3 "/>
</bind>
</comp>

<comp id="62524" class="1004" name="shl_ln73_58_fu_62524">
<pin_list>
<pin id="62525" dir="0" index="0" bw="20" slack="0"/>
<pin id="62526" dir="0" index="1" bw="16" slack="2"/>
<pin id="62527" dir="0" index="2" bw="1" slack="0"/>
<pin id="62528" dir="1" index="3" bw="20" slack="0"/>
</pin_list>
<bind>
<opcode="bitconcatenate(1004) " fcode="bitconcatenate"/>
<opset="shl_ln73_58/3 "/>
</bind>
</comp>

<comp id="62531" class="1004" name="sext_ln73_184_fu_62531">
<pin_list>
<pin id="62532" dir="0" index="0" bw="20" slack="0"/>
<pin id="62533" dir="1" index="1" bw="23" slack="0"/>
</pin_list>
<bind>
<opcode="sext(35) " fcode="sext"/>
<opset="sext_ln73_184/3 "/>
</bind>
</comp>

<comp id="62535" class="1004" name="sub_ln73_33_fu_62535">
<pin_list>
<pin id="62536" dir="0" index="0" bw="20" slack="0"/>
<pin id="62537" dir="0" index="1" bw="22" slack="0"/>
<pin id="62538" dir="1" index="2" bw="23" slack="1"/>
</pin_list>
<bind>
<opcode="sub(10) " fcode="sub"/>
<opset="sub_ln73_33/3 "/>
</bind>
</comp>

<comp id="62541" class="1004" name="add_ln58_fu_62541">
<pin_list>
<pin id="62542" dir="0" index="0" bw="25" slack="1"/>
<pin id="62543" dir="0" index="1" bw="17" slack="0"/>
<pin id="62544" dir="1" index="2" bw="25" slack="1"/>
</pin_list>
<bind>
<opcode="add(8) " fcode="add"/>
<opset="add_ln58/3 "/>
</bind>
</comp>

<comp id="62547" class="1004" name="sext_ln58_66_fu_62547">
<pin_list>
<pin id="62548" dir="0" index="0" bw="23" slack="1"/>
<pin id="62549" dir="1" index="1" bw="24" slack="0"/>
</pin_list>
<bind>
<opcode="sext(35) " fcode="sext"/>
<opset="sext_ln58_66/3 "/>
</bind>
</comp>

<comp id="62550" class="1004" name="add_ln58_197_fu_62550">
<pin_list>
<pin id="62551" dir="0" index="0" bw="25" slack="1"/>
<pin id="62552" dir="0" index="1" bw="18" slack="0"/>
<pin id="62553" dir="1" index="2" bw="25" slack="0"/>
</pin_list>
<bind>
<opcode="add(8) " fcode="add"/>
<opset="add_ln58_197/3 "/>
</bind>
</comp>

<comp id="62556" class="1004" name="sext_ln58_67_fu_62556">
<pin_list>
<pin id="62557" dir="0" index="0" bw="25" slack="0"/>
<pin id="62558" dir="1" index="1" bw="26" slack="0"/>
</pin_list>
<bind>
<opcode="sext(35) " fcode="sext"/>
<opset="sext_ln58_67/3 "/>
</bind>
</comp>

<comp id="62560" class="1004" name="add_ln58_198_fu_62560">
<pin_list>
<pin id="62561" dir="0" index="0" bw="23" slack="2"/>
<pin id="62562" dir="0" index="1" bw="17" slack="0"/>
<pin id="62563" dir="1" index="2" bw="23" slack="1"/>
</pin_list>
<bind>
<opcode="add(8) " fcode="add"/>
<opset="add_ln58_198/3 "/>
</bind>
</comp>

<comp id="62566" class="1004" name="add_ln58_199_fu_62566">
<pin_list>
<pin id="62567" dir="0" index="0" bw="25" slack="1"/>
<pin id="62568" dir="0" index="1" bw="17" slack="0"/>
<pin id="62569" dir="1" index="2" bw="25" slack="0"/>
</pin_list>
<bind>
<opcode="add(8) " fcode="add"/>
<opset="add_ln58_199/3 "/>
</bind>
</comp>

<comp id="62572" class="1004" name="add_ln58_200_fu_62572">
<pin_list>
<pin id="62573" dir="0" index="0" bw="25" slack="1"/>
<pin id="62574" dir="0" index="1" bw="17" slack="0"/>
<pin id="62575" dir="1" index="2" bw="25" slack="0"/>
</pin_list>
<bind>
<opcode="add(8) " fcode="add"/>
<opset="add_ln58_200/3 "/>
</bind>
</comp>

<comp id="62578" class="1004" name="sext_ln58_70_fu_62578">
<pin_list>
<pin id="62579" dir="0" index="0" bw="25" slack="0"/>
<pin id="62580" dir="1" index="1" bw="26" slack="0"/>
</pin_list>
<bind>
<opcode="sext(35) " fcode="sext"/>
<opset="sext_ln58_70/3 "/>
</bind>
</comp>

<comp id="62582" class="1004" name="add_ln58_201_fu_62582">
<pin_list>
<pin id="62583" dir="0" index="0" bw="24" slack="1"/>
<pin id="62584" dir="0" index="1" bw="18" slack="0"/>
<pin id="62585" dir="1" index="2" bw="24" slack="0"/>
</pin_list>
<bind>
<opcode="add(8) " fcode="add"/>
<opset="add_ln58_201/3 "/>
</bind>
</comp>

<comp id="62588" class="1004" name="sext_ln58_71_fu_62588">
<pin_list>
<pin id="62589" dir="0" index="0" bw="24" slack="0"/>
<pin id="62590" dir="1" index="1" bw="25" slack="0"/>
</pin_list>
<bind>
<opcode="sext(35) " fcode="sext"/>
<opset="sext_ln58_71/3 "/>
</bind>
</comp>

<comp id="62592" class="1004" name="sext_ln58_72_fu_62592">
<pin_list>
<pin id="62593" dir="0" index="0" bw="19" slack="1"/>
<pin id="62594" dir="1" index="1" bw="25" slack="0"/>
</pin_list>
<bind>
<opcode="sext(35) " fcode="sext"/>
<opset="sext_ln58_72/3 "/>
</bind>
</comp>

<comp id="62595" class="1004" name="add_ln58_204_fu_62595">
<pin_list>
<pin id="62596" dir="0" index="0" bw="25" slack="1"/>
<pin id="62597" dir="0" index="1" bw="12" slack="0"/>
<pin id="62598" dir="1" index="2" bw="25" slack="0"/>
</pin_list>
<bind>
<opcode="add(8) " fcode="add"/>
<opset="add_ln58_204/3 "/>
</bind>
</comp>

<comp id="62601" class="1004" name="sext_ln58_73_fu_62601">
<pin_list>
<pin id="62602" dir="0" index="0" bw="25" slack="0"/>
<pin id="62603" dir="1" index="1" bw="26" slack="0"/>
</pin_list>
<bind>
<opcode="sext(35) " fcode="sext"/>
<opset="sext_ln58_73/3 "/>
</bind>
</comp>

<comp id="62605" class="1004" name="add_ln58_206_fu_62605">
<pin_list>
<pin id="62606" dir="0" index="0" bw="24" slack="1"/>
<pin id="62607" dir="0" index="1" bw="23" slack="0"/>
<pin id="62608" dir="1" index="2" bw="24" slack="0"/>
</pin_list>
<bind>
<opcode="add(8) " fcode="add"/>
<opset="add_ln58_206/3 "/>
</bind>
</comp>

<comp id="62611" class="1004" name="sext_ln58_125_fu_62611">
<pin_list>
<pin id="62612" dir="0" index="0" bw="24" slack="0"/>
<pin id="62613" dir="1" index="1" bw="25" slack="0"/>
</pin_list>
<bind>
<opcode="sext(35) " fcode="sext"/>
<opset="sext_ln58_125/3 "/>
</bind>
</comp>

<comp id="62615" class="1004" name="add_ln58_207_fu_62615">
<pin_list>
<pin id="62616" dir="0" index="0" bw="23" slack="0"/>
<pin id="62617" dir="0" index="1" bw="17" slack="0"/>
<pin id="62618" dir="1" index="2" bw="23" slack="0"/>
</pin_list>
<bind>
<opcode="add(8) " fcode="add"/>
<opset="add_ln58_207/3 "/>
</bind>
</comp>

<comp id="62621" class="1004" name="sext_ln58_126_fu_62621">
<pin_list>
<pin id="62622" dir="0" index="0" bw="23" slack="0"/>
<pin id="62623" dir="1" index="1" bw="25" slack="0"/>
</pin_list>
<bind>
<opcode="sext(35) " fcode="sext"/>
<opset="sext_ln58_126/3 "/>
</bind>
</comp>

<comp id="62625" class="1004" name="add_ln58_208_fu_62625">
<pin_list>
<pin id="62626" dir="0" index="0" bw="23" slack="0"/>
<pin id="62627" dir="0" index="1" bw="25" slack="1"/>
<pin id="62628" dir="1" index="2" bw="25" slack="0"/>
</pin_list>
<bind>
<opcode="add(8) " fcode="add"/>
<opset="add_ln58_208/3 "/>
</bind>
</comp>

<comp id="62631" class="1004" name="sext_ln58_76_fu_62631">
<pin_list>
<pin id="62632" dir="0" index="0" bw="25" slack="0"/>
<pin id="62633" dir="1" index="1" bw="26" slack="0"/>
</pin_list>
<bind>
<opcode="sext(35) " fcode="sext"/>
<opset="sext_ln58_76/3 "/>
</bind>
</comp>

<comp id="62635" class="1004" name="add_ln58_209_fu_62635">
<pin_list>
<pin id="62636" dir="0" index="0" bw="21" slack="1"/>
<pin id="62637" dir="0" index="1" bw="16" slack="0"/>
<pin id="62638" dir="1" index="2" bw="21" slack="0"/>
</pin_list>
<bind>
<opcode="add(8) " fcode="add"/>
<opset="add_ln58_209/3 "/>
</bind>
</comp>

<comp id="62641" class="1004" name="sext_ln58_127_fu_62641">
<pin_list>
<pin id="62642" dir="0" index="0" bw="21" slack="0"/>
<pin id="62643" dir="1" index="1" bw="25" slack="0"/>
</pin_list>
<bind>
<opcode="sext(35) " fcode="sext"/>
<opset="sext_ln58_127/3 "/>
</bind>
</comp>

<comp id="62645" class="1004" name="add_ln58_210_fu_62645">
<pin_list>
<pin id="62646" dir="0" index="0" bw="21" slack="0"/>
<pin id="62647" dir="0" index="1" bw="25" slack="1"/>
<pin id="62648" dir="1" index="2" bw="25" slack="1"/>
</pin_list>
<bind>
<opcode="add(8) " fcode="add"/>
<opset="add_ln58_210/3 "/>
</bind>
</comp>

<comp id="62651" class="1004" name="add_ln58_212_fu_62651">
<pin_list>
<pin id="62652" dir="0" index="0" bw="25" slack="0"/>
<pin id="62653" dir="0" index="1" bw="25" slack="0"/>
<pin id="62654" dir="1" index="2" bw="26" slack="1"/>
</pin_list>
<bind>
<opcode="add(8) " fcode="add"/>
<opset="add_ln58_212/3 "/>
</bind>
</comp>

<comp id="62657" class="1004" name="add_ln58_213_fu_62657">
<pin_list>
<pin id="62658" dir="0" index="0" bw="25" slack="0"/>
<pin id="62659" dir="0" index="1" bw="25" slack="1"/>
<pin id="62660" dir="1" index="2" bw="25" slack="1"/>
</pin_list>
<bind>
<opcode="add(8) " fcode="add"/>
<opset="add_ln58_213/3 "/>
</bind>
</comp>

<comp id="62663" class="1004" name="add_ln58_214_fu_62663">
<pin_list>
<pin id="62664" dir="0" index="0" bw="25" slack="1"/>
<pin id="62665" dir="0" index="1" bw="24" slack="0"/>
<pin id="62666" dir="1" index="2" bw="25" slack="1"/>
</pin_list>
<bind>
<opcode="add(8) " fcode="add"/>
<opset="add_ln58_214/3 "/>
</bind>
</comp>

<comp id="62669" class="1004" name="add_ln58_215_fu_62669">
<pin_list>
<pin id="62670" dir="0" index="0" bw="25" slack="1"/>
<pin id="62671" dir="0" index="1" bw="19" slack="0"/>
<pin id="62672" dir="1" index="2" bw="25" slack="1"/>
</pin_list>
<bind>
<opcode="add(8) " fcode="add"/>
<opset="add_ln58_215/3 "/>
</bind>
</comp>

<comp id="62675" class="1004" name="add_ln58_216_fu_62675">
<pin_list>
<pin id="62676" dir="0" index="0" bw="25" slack="1"/>
<pin id="62677" dir="0" index="1" bw="24" slack="0"/>
<pin id="62678" dir="1" index="2" bw="25" slack="0"/>
</pin_list>
<bind>
<opcode="add(8) " fcode="add"/>
<opset="add_ln58_216/3 "/>
</bind>
</comp>

<comp id="62681" class="1004" name="add_ln58_217_fu_62681">
<pin_list>
<pin id="62682" dir="0" index="0" bw="22" slack="1"/>
<pin id="62683" dir="0" index="1" bw="18" slack="0"/>
<pin id="62684" dir="1" index="2" bw="22" slack="0"/>
</pin_list>
<bind>
<opcode="add(8) " fcode="add"/>
<opset="add_ln58_217/3 "/>
</bind>
</comp>

<comp id="62687" class="1004" name="sext_ln58_128_fu_62687">
<pin_list>
<pin id="62688" dir="0" index="0" bw="22" slack="0"/>
<pin id="62689" dir="1" index="1" bw="25" slack="0"/>
</pin_list>
<bind>
<opcode="sext(35) " fcode="sext"/>
<opset="sext_ln58_128/3 "/>
</bind>
</comp>

<comp id="62691" class="1004" name="add_ln58_218_fu_62691">
<pin_list>
<pin id="62692" dir="0" index="0" bw="22" slack="0"/>
<pin id="62693" dir="0" index="1" bw="25" slack="0"/>
<pin id="62694" dir="1" index="2" bw="25" slack="0"/>
</pin_list>
<bind>
<opcode="add(8) " fcode="add"/>
<opset="add_ln58_218/3 "/>
</bind>
</comp>

<comp id="62697" class="1004" name="sext_ln58_83_fu_62697">
<pin_list>
<pin id="62698" dir="0" index="0" bw="25" slack="0"/>
<pin id="62699" dir="1" index="1" bw="26" slack="0"/>
</pin_list>
<bind>
<opcode="sext(35) " fcode="sext"/>
<opset="sext_ln58_83/3 "/>
</bind>
</comp>

<comp id="62701" class="1004" name="add_ln58_222_fu_62701">
<pin_list>
<pin id="62702" dir="0" index="0" bw="26" slack="1"/>
<pin id="62703" dir="0" index="1" bw="25" slack="0"/>
<pin id="62704" dir="1" index="2" bw="26" slack="0"/>
</pin_list>
<bind>
<opcode="add(8) " fcode="add"/>
<opset="add_ln58_222/3 "/>
</bind>
</comp>

<comp id="62707" class="1004" name="add_ln58_223_fu_62707">
<pin_list>
<pin id="62708" dir="0" index="0" bw="24" slack="1"/>
<pin id="62709" dir="0" index="1" bw="16" slack="0"/>
<pin id="62710" dir="1" index="2" bw="24" slack="0"/>
</pin_list>
<bind>
<opcode="add(8) " fcode="add"/>
<opset="add_ln58_223/3 "/>
</bind>
</comp>

<comp id="62713" class="1004" name="sext_ln58_129_fu_62713">
<pin_list>
<pin id="62714" dir="0" index="0" bw="24" slack="0"/>
<pin id="62715" dir="1" index="1" bw="26" slack="0"/>
</pin_list>
<bind>
<opcode="sext(35) " fcode="sext"/>
<opset="sext_ln58_129/3 "/>
</bind>
</comp>

<comp id="62717" class="1004" name="add_ln58_224_fu_62717">
<pin_list>
<pin id="62718" dir="0" index="0" bw="24" slack="0"/>
<pin id="62719" dir="0" index="1" bw="26" slack="0"/>
<pin id="62720" dir="1" index="2" bw="26" slack="1"/>
</pin_list>
<bind>
<opcode="add(8) " fcode="add"/>
<opset="add_ln58_224/3 "/>
</bind>
</comp>

<comp id="62723" class="1004" name="add_ln58_225_fu_62723">
<pin_list>
<pin id="62724" dir="0" index="0" bw="26" slack="0"/>
<pin id="62725" dir="0" index="1" bw="25" slack="0"/>
<pin id="62726" dir="1" index="2" bw="26" slack="0"/>
</pin_list>
<bind>
<opcode="add(8) " fcode="add"/>
<opset="add_ln58_225/3 "/>
</bind>
</comp>

<comp id="62729" class="1004" name="add_ln58_226_fu_62729">
<pin_list>
<pin id="62730" dir="0" index="0" bw="24" slack="1"/>
<pin id="62731" dir="0" index="1" bw="22" slack="0"/>
<pin id="62732" dir="1" index="2" bw="24" slack="0"/>
</pin_list>
<bind>
<opcode="add(8) " fcode="add"/>
<opset="add_ln58_226/3 "/>
</bind>
</comp>

<comp id="62735" class="1004" name="sext_ln58_130_fu_62735">
<pin_list>
<pin id="62736" dir="0" index="0" bw="24" slack="0"/>
<pin id="62737" dir="1" index="1" bw="26" slack="0"/>
</pin_list>
<bind>
<opcode="sext(35) " fcode="sext"/>
<opset="sext_ln58_130/3 "/>
</bind>
</comp>

<comp id="62739" class="1004" name="add_ln58_227_fu_62739">
<pin_list>
<pin id="62740" dir="0" index="0" bw="24" slack="0"/>
<pin id="62741" dir="0" index="1" bw="26" slack="0"/>
<pin id="62742" dir="1" index="2" bw="26" slack="1"/>
</pin_list>
<bind>
<opcode="add(8) " fcode="add"/>
<opset="add_ln58_227/3 "/>
</bind>
</comp>

<comp id="62745" class="1004" name="add_ln58_229_fu_62745">
<pin_list>
<pin id="62746" dir="0" index="0" bw="25" slack="0"/>
<pin id="62747" dir="0" index="1" bw="22" slack="0"/>
<pin id="62748" dir="1" index="2" bw="25" slack="1"/>
</pin_list>
<bind>
<opcode="add(8) " fcode="add"/>
<opset="add_ln58_229/3 "/>
</bind>
</comp>

<comp id="62751" class="1004" name="add_ln58_235_fu_62751">
<pin_list>
<pin id="62752" dir="0" index="0" bw="24" slack="0"/>
<pin id="62753" dir="0" index="1" bw="24" slack="0"/>
<pin id="62754" dir="1" index="2" bw="25" slack="1"/>
</pin_list>
<bind>
<opcode="add(8) " fcode="add"/>
<opset="add_ln58_235/3 "/>
</bind>
</comp>

<comp id="62757" class="1004" name="add_ln58_238_fu_62757">
<pin_list>
<pin id="62758" dir="0" index="0" bw="25" slack="1"/>
<pin id="62759" dir="0" index="1" bw="22" slack="0"/>
<pin id="62760" dir="1" index="2" bw="25" slack="1"/>
</pin_list>
<bind>
<opcode="add(8) " fcode="add"/>
<opset="add_ln58_238/3 "/>
</bind>
</comp>

<comp id="62763" class="1004" name="add_ln58_240_fu_62763">
<pin_list>
<pin id="62764" dir="0" index="0" bw="25" slack="0"/>
<pin id="62765" dir="0" index="1" bw="25" slack="0"/>
<pin id="62766" dir="1" index="2" bw="26" slack="0"/>
</pin_list>
<bind>
<opcode="add(8) " fcode="add"/>
<opset="add_ln58_240/3 "/>
</bind>
</comp>

<comp id="62769" class="1004" name="add_ln58_241_fu_62769">
<pin_list>
<pin id="62770" dir="0" index="0" bw="22" slack="1"/>
<pin id="62771" dir="0" index="1" bw="19" slack="0"/>
<pin id="62772" dir="1" index="2" bw="22" slack="0"/>
</pin_list>
<bind>
<opcode="add(8) " fcode="add"/>
<opset="add_ln58_241/3 "/>
</bind>
</comp>

<comp id="62775" class="1004" name="sext_ln58_136_fu_62775">
<pin_list>
<pin id="62776" dir="0" index="0" bw="22" slack="0"/>
<pin id="62777" dir="1" index="1" bw="24" slack="0"/>
</pin_list>
<bind>
<opcode="sext(35) " fcode="sext"/>
<opset="sext_ln58_136/3 "/>
</bind>
</comp>

<comp id="62779" class="1004" name="add_ln58_242_fu_62779">
<pin_list>
<pin id="62780" dir="0" index="0" bw="22" slack="0"/>
<pin id="62781" dir="0" index="1" bw="24" slack="0"/>
<pin id="62782" dir="1" index="2" bw="24" slack="0"/>
</pin_list>
<bind>
<opcode="add(8) " fcode="add"/>
<opset="add_ln58_242/3 "/>
</bind>
</comp>

<comp id="62785" class="1004" name="sext_ln58_137_fu_62785">
<pin_list>
<pin id="62786" dir="0" index="0" bw="24" slack="0"/>
<pin id="62787" dir="1" index="1" bw="26" slack="0"/>
</pin_list>
<bind>
<opcode="sext(35) " fcode="sext"/>
<opset="sext_ln58_137/3 "/>
</bind>
</comp>

<comp id="62789" class="1004" name="add_ln58_243_fu_62789">
<pin_list>
<pin id="62790" dir="0" index="0" bw="24" slack="0"/>
<pin id="62791" dir="0" index="1" bw="26" slack="0"/>
<pin id="62792" dir="1" index="2" bw="26" slack="1"/>
</pin_list>
<bind>
<opcode="add(8) " fcode="add"/>
<opset="add_ln58_243/3 "/>
</bind>
</comp>

<comp id="62795" class="1004" name="add_ln58_245_fu_62795">
<pin_list>
<pin id="62796" dir="0" index="0" bw="25" slack="1"/>
<pin id="62797" dir="0" index="1" bw="25" slack="1"/>
<pin id="62798" dir="1" index="2" bw="25" slack="0"/>
</pin_list>
<bind>
<opcode="add(8) " fcode="add"/>
<opset="add_ln58_245/3 "/>
</bind>
</comp>

<comp id="62801" class="1004" name="sext_ln58_138_fu_62801">
<pin_list>
<pin id="62802" dir="0" index="0" bw="25" slack="0"/>
<pin id="62803" dir="1" index="1" bw="26" slack="0"/>
</pin_list>
<bind>
<opcode="sext(35) " fcode="sext"/>
<opset="sext_ln58_138/3 "/>
</bind>
</comp>

<comp id="62805" class="1004" name="add_ln58_246_fu_62805">
<pin_list>
<pin id="62806" dir="0" index="0" bw="25" slack="0"/>
<pin id="62807" dir="0" index="1" bw="25" slack="0"/>
<pin id="62808" dir="1" index="2" bw="26" slack="1"/>
</pin_list>
<bind>
<opcode="add(8) " fcode="add"/>
<opset="add_ln58_246/3 "/>
</bind>
</comp>

<comp id="62811" class="1004" name="add_ln58_248_fu_62811">
<pin_list>
<pin id="62812" dir="0" index="0" bw="26" slack="1"/>
<pin id="62813" dir="0" index="1" bw="25" slack="0"/>
<pin id="62814" dir="1" index="2" bw="26" slack="0"/>
</pin_list>
<bind>
<opcode="add(8) " fcode="add"/>
<opset="add_ln58_248/3 "/>
</bind>
</comp>

<comp id="62817" class="1004" name="add_ln58_249_fu_62817">
<pin_list>
<pin id="62818" dir="0" index="0" bw="24" slack="0"/>
<pin id="62819" dir="0" index="1" bw="23" slack="0"/>
<pin id="62820" dir="1" index="2" bw="24" slack="0"/>
</pin_list>
<bind>
<opcode="add(8) " fcode="add"/>
<opset="add_ln58_249/3 "/>
</bind>
</comp>

<comp id="62823" class="1004" name="sext_ln58_140_fu_62823">
<pin_list>
<pin id="62824" dir="0" index="0" bw="24" slack="0"/>
<pin id="62825" dir="1" index="1" bw="26" slack="0"/>
</pin_list>
<bind>
<opcode="sext(35) " fcode="sext"/>
<opset="sext_ln58_140/3 "/>
</bind>
</comp>

<comp id="62827" class="1004" name="add_ln58_250_fu_62827">
<pin_list>
<pin id="62828" dir="0" index="0" bw="24" slack="0"/>
<pin id="62829" dir="0" index="1" bw="26" slack="0"/>
<pin id="62830" dir="1" index="2" bw="26" slack="1"/>
</pin_list>
<bind>
<opcode="add(8) " fcode="add"/>
<opset="add_ln58_250/3 "/>
</bind>
</comp>

<comp id="62833" class="1004" name="add_ln58_252_fu_62833">
<pin_list>
<pin id="62834" dir="0" index="0" bw="24" slack="1"/>
<pin id="62835" dir="0" index="1" bw="24" slack="1"/>
<pin id="62836" dir="1" index="2" bw="24" slack="0"/>
</pin_list>
<bind>
<opcode="add(8) " fcode="add"/>
<opset="add_ln58_252/3 "/>
</bind>
</comp>

<comp id="62839" class="1004" name="sext_ln58_141_fu_62839">
<pin_list>
<pin id="62840" dir="0" index="0" bw="24" slack="0"/>
<pin id="62841" dir="1" index="1" bw="25" slack="0"/>
</pin_list>
<bind>
<opcode="sext(35) " fcode="sext"/>
<opset="sext_ln58_141/3 "/>
</bind>
</comp>

<comp id="62843" class="1004" name="add_ln58_253_fu_62843">
<pin_list>
<pin id="62844" dir="0" index="0" bw="24" slack="0"/>
<pin id="62845" dir="0" index="1" bw="25" slack="0"/>
<pin id="62846" dir="1" index="2" bw="25" slack="1"/>
</pin_list>
<bind>
<opcode="add(8) " fcode="add"/>
<opset="add_ln58_253/3 "/>
</bind>
</comp>

<comp id="62849" class="1004" name="add_ln58_255_fu_62849">
<pin_list>
<pin id="62850" dir="0" index="0" bw="26" slack="0"/>
<pin id="62851" dir="0" index="1" bw="24" slack="0"/>
<pin id="62852" dir="1" index="2" bw="26" slack="1"/>
</pin_list>
<bind>
<opcode="add(8) " fcode="add"/>
<opset="add_ln58_255/3 "/>
</bind>
</comp>

<comp id="62855" class="1004" name="add_ln58_260_fu_62855">
<pin_list>
<pin id="62856" dir="0" index="0" bw="25" slack="1"/>
<pin id="62857" dir="0" index="1" bw="24" slack="0"/>
<pin id="62858" dir="1" index="2" bw="25" slack="0"/>
</pin_list>
<bind>
<opcode="add(8) " fcode="add"/>
<opset="add_ln58_260/3 "/>
</bind>
</comp>

<comp id="62861" class="1004" name="sext_ln58_145_fu_62861">
<pin_list>
<pin id="62862" dir="0" index="0" bw="25" slack="0"/>
<pin id="62863" dir="1" index="1" bw="26" slack="0"/>
</pin_list>
<bind>
<opcode="sext(35) " fcode="sext"/>
<opset="sext_ln58_145/3 "/>
</bind>
</comp>

<comp id="62865" class="1004" name="add_ln58_261_fu_62865">
<pin_list>
<pin id="62866" dir="0" index="0" bw="25" slack="0"/>
<pin id="62867" dir="0" index="1" bw="25" slack="0"/>
<pin id="62868" dir="1" index="2" bw="26" slack="0"/>
</pin_list>
<bind>
<opcode="add(8) " fcode="add"/>
<opset="add_ln58_261/3 "/>
</bind>
</comp>

<comp id="62871" class="1004" name="sext_ln58_146_fu_62871">
<pin_list>
<pin id="62872" dir="0" index="0" bw="23" slack="1"/>
<pin id="62873" dir="1" index="1" bw="24" slack="0"/>
</pin_list>
<bind>
<opcode="sext(35) " fcode="sext"/>
<opset="sext_ln58_146/3 "/>
</bind>
</comp>

<comp id="62874" class="1004" name="add_ln58_263_fu_62874">
<pin_list>
<pin id="62875" dir="0" index="0" bw="23" slack="0"/>
<pin id="62876" dir="0" index="1" bw="24" slack="1"/>
<pin id="62877" dir="1" index="2" bw="24" slack="0"/>
</pin_list>
<bind>
<opcode="add(8) " fcode="add"/>
<opset="add_ln58_263/3 "/>
</bind>
</comp>

<comp id="62880" class="1004" name="sext_ln58_147_fu_62880">
<pin_list>
<pin id="62881" dir="0" index="0" bw="24" slack="0"/>
<pin id="62882" dir="1" index="1" bw="26" slack="0"/>
</pin_list>
<bind>
<opcode="sext(35) " fcode="sext"/>
<opset="sext_ln58_147/3 "/>
</bind>
</comp>

<comp id="62884" class="1004" name="add_ln58_264_fu_62884">
<pin_list>
<pin id="62885" dir="0" index="0" bw="24" slack="0"/>
<pin id="62886" dir="0" index="1" bw="26" slack="0"/>
<pin id="62887" dir="1" index="2" bw="26" slack="1"/>
</pin_list>
<bind>
<opcode="add(8) " fcode="add"/>
<opset="add_ln58_264/3 "/>
</bind>
</comp>

<comp id="62890" class="1004" name="add_ln58_267_fu_62890">
<pin_list>
<pin id="62891" dir="0" index="0" bw="24" slack="1"/>
<pin id="62892" dir="0" index="1" bw="21" slack="0"/>
<pin id="62893" dir="1" index="2" bw="24" slack="1"/>
</pin_list>
<bind>
<opcode="add(8) " fcode="add"/>
<opset="add_ln58_267/3 "/>
</bind>
</comp>

<comp id="62896" class="1004" name="add_ln58_271_fu_62896">
<pin_list>
<pin id="62897" dir="0" index="0" bw="25" slack="1"/>
<pin id="62898" dir="0" index="1" bw="24" slack="0"/>
<pin id="62899" dir="1" index="2" bw="25" slack="1"/>
</pin_list>
<bind>
<opcode="add(8) " fcode="add"/>
<opset="add_ln58_271/3 "/>
</bind>
</comp>

<comp id="62902" class="1004" name="add_ln58_274_fu_62902">
<pin_list>
<pin id="62903" dir="0" index="0" bw="26" slack="1"/>
<pin id="62904" dir="0" index="1" bw="26" slack="1"/>
<pin id="62905" dir="1" index="2" bw="26" slack="1"/>
</pin_list>
<bind>
<opcode="add(8) " fcode="add"/>
<opset="add_ln58_274/3 "/>
</bind>
</comp>

<comp id="62908" class="1004" name="add_ln58_277_fu_62908">
<pin_list>
<pin id="62909" dir="0" index="0" bw="25" slack="1"/>
<pin id="62910" dir="0" index="1" bw="24" slack="0"/>
<pin id="62911" dir="1" index="2" bw="25" slack="0"/>
</pin_list>
<bind>
<opcode="add(8) " fcode="add"/>
<opset="add_ln58_277/3 "/>
</bind>
</comp>

<comp id="62914" class="1004" name="sext_ln58_154_fu_62914">
<pin_list>
<pin id="62915" dir="0" index="0" bw="25" slack="0"/>
<pin id="62916" dir="1" index="1" bw="26" slack="0"/>
</pin_list>
<bind>
<opcode="sext(35) " fcode="sext"/>
<opset="sext_ln58_154/3 "/>
</bind>
</comp>

<comp id="62918" class="1004" name="add_ln58_278_fu_62918">
<pin_list>
<pin id="62919" dir="0" index="0" bw="25" slack="0"/>
<pin id="62920" dir="0" index="1" bw="26" slack="1"/>
<pin id="62921" dir="1" index="2" bw="26" slack="1"/>
</pin_list>
<bind>
<opcode="add(8) " fcode="add"/>
<opset="add_ln58_278/3 "/>
</bind>
</comp>

<comp id="62924" class="1004" name="add_ln58_281_fu_62924">
<pin_list>
<pin id="62925" dir="0" index="0" bw="25" slack="1"/>
<pin id="62926" dir="0" index="1" bw="25" slack="1"/>
<pin id="62927" dir="1" index="2" bw="25" slack="0"/>
</pin_list>
<bind>
<opcode="add(8) " fcode="add"/>
<opset="add_ln58_281/3 "/>
</bind>
</comp>

<comp id="62930" class="1004" name="sext_ln58_156_fu_62930">
<pin_list>
<pin id="62931" dir="0" index="0" bw="25" slack="0"/>
<pin id="62932" dir="1" index="1" bw="26" slack="0"/>
</pin_list>
<bind>
<opcode="sext(35) " fcode="sext"/>
<opset="sext_ln58_156/3 "/>
</bind>
</comp>

<comp id="62934" class="1004" name="add_ln58_282_fu_62934">
<pin_list>
<pin id="62935" dir="0" index="0" bw="25" slack="0"/>
<pin id="62936" dir="0" index="1" bw="25" slack="0"/>
<pin id="62937" dir="1" index="2" bw="26" slack="1"/>
</pin_list>
<bind>
<opcode="add(8) " fcode="add"/>
<opset="add_ln58_282/3 "/>
</bind>
</comp>

<comp id="62940" class="1004" name="add_ln58_285_fu_62940">
<pin_list>
<pin id="62941" dir="0" index="0" bw="25" slack="1"/>
<pin id="62942" dir="0" index="1" bw="24" slack="0"/>
<pin id="62943" dir="1" index="2" bw="25" slack="0"/>
</pin_list>
<bind>
<opcode="add(8) " fcode="add"/>
<opset="add_ln58_285/3 "/>
</bind>
</comp>

<comp id="62946" class="1004" name="sext_ln58_158_fu_62946">
<pin_list>
<pin id="62947" dir="0" index="0" bw="25" slack="0"/>
<pin id="62948" dir="1" index="1" bw="26" slack="0"/>
</pin_list>
<bind>
<opcode="sext(35) " fcode="sext"/>
<opset="sext_ln58_158/3 "/>
</bind>
</comp>

<comp id="62950" class="1004" name="add_ln58_286_fu_62950">
<pin_list>
<pin id="62951" dir="0" index="0" bw="25" slack="0"/>
<pin id="62952" dir="0" index="1" bw="26" slack="1"/>
<pin id="62953" dir="1" index="2" bw="26" slack="1"/>
</pin_list>
<bind>
<opcode="add(8) " fcode="add"/>
<opset="add_ln58_286/3 "/>
</bind>
</comp>

<comp id="62956" class="1004" name="add_ln58_289_fu_62956">
<pin_list>
<pin id="62957" dir="0" index="0" bw="25" slack="1"/>
<pin id="62958" dir="0" index="1" bw="24" slack="0"/>
<pin id="62959" dir="1" index="2" bw="25" slack="0"/>
</pin_list>
<bind>
<opcode="add(8) " fcode="add"/>
<opset="add_ln58_289/3 "/>
</bind>
</comp>

<comp id="62962" class="1004" name="add_ln58_290_fu_62962">
<pin_list>
<pin id="62963" dir="0" index="0" bw="25" slack="0"/>
<pin id="62964" dir="0" index="1" bw="25" slack="1"/>
<pin id="62965" dir="1" index="2" bw="25" slack="1"/>
</pin_list>
<bind>
<opcode="add(8) " fcode="add"/>
<opset="add_ln58_290/3 "/>
</bind>
</comp>

<comp id="62968" class="1004" name="add_ln58_292_fu_62968">
<pin_list>
<pin id="62969" dir="0" index="0" bw="25" slack="1"/>
<pin id="62970" dir="0" index="1" bw="25" slack="1"/>
<pin id="62971" dir="1" index="2" bw="25" slack="1"/>
</pin_list>
<bind>
<opcode="add(8) " fcode="add"/>
<opset="add_ln58_292/3 "/>
</bind>
</comp>

<comp id="62974" class="1004" name="add_ln58_294_fu_62974">
<pin_list>
<pin id="62975" dir="0" index="0" bw="25" slack="1"/>
<pin id="62976" dir="0" index="1" bw="25" slack="1"/>
<pin id="62977" dir="1" index="2" bw="25" slack="0"/>
</pin_list>
<bind>
<opcode="add(8) " fcode="add"/>
<opset="add_ln58_294/3 "/>
</bind>
</comp>

<comp id="62980" class="1004" name="sext_ln58_162_fu_62980">
<pin_list>
<pin id="62981" dir="0" index="0" bw="25" slack="0"/>
<pin id="62982" dir="1" index="1" bw="26" slack="0"/>
</pin_list>
<bind>
<opcode="sext(35) " fcode="sext"/>
<opset="sext_ln58_162/3 "/>
</bind>
</comp>

<comp id="62984" class="1004" name="add_ln58_295_fu_62984">
<pin_list>
<pin id="62985" dir="0" index="0" bw="23" slack="1"/>
<pin id="62986" dir="0" index="1" bw="22" slack="0"/>
<pin id="62987" dir="1" index="2" bw="23" slack="0"/>
</pin_list>
<bind>
<opcode="add(8) " fcode="add"/>
<opset="add_ln58_295/3 "/>
</bind>
</comp>

<comp id="62990" class="1004" name="sext_ln58_163_fu_62990">
<pin_list>
<pin id="62991" dir="0" index="0" bw="23" slack="0"/>
<pin id="62992" dir="1" index="1" bw="26" slack="0"/>
</pin_list>
<bind>
<opcode="sext(35) " fcode="sext"/>
<opset="sext_ln58_163/3 "/>
</bind>
</comp>

<comp id="62994" class="1004" name="add_ln58_296_fu_62994">
<pin_list>
<pin id="62995" dir="0" index="0" bw="23" slack="0"/>
<pin id="62996" dir="0" index="1" bw="25" slack="0"/>
<pin id="62997" dir="1" index="2" bw="26" slack="1"/>
</pin_list>
<bind>
<opcode="add(8) " fcode="add"/>
<opset="add_ln58_296/3 "/>
</bind>
</comp>

<comp id="63000" class="1004" name="add_ln58_299_fu_63000">
<pin_list>
<pin id="63001" dir="0" index="0" bw="24" slack="1"/>
<pin id="63002" dir="0" index="1" bw="20" slack="0"/>
<pin id="63003" dir="1" index="2" bw="24" slack="1"/>
</pin_list>
<bind>
<opcode="add(8) " fcode="add"/>
<opset="add_ln58_299/3 "/>
</bind>
</comp>

<comp id="63006" class="1004" name="add_ln58_304_fu_63006">
<pin_list>
<pin id="63007" dir="0" index="0" bw="23" slack="0"/>
<pin id="63008" dir="0" index="1" bw="23" slack="0"/>
<pin id="63009" dir="1" index="2" bw="24" slack="1"/>
</pin_list>
<bind>
<opcode="add(8) " fcode="add"/>
<opset="add_ln58_304/3 "/>
</bind>
</comp>

<comp id="63012" class="1004" name="add_ln58_313_fu_63012">
<pin_list>
<pin id="63013" dir="0" index="0" bw="24" slack="1"/>
<pin id="63014" dir="0" index="1" bw="23" slack="0"/>
<pin id="63015" dir="1" index="2" bw="24" slack="0"/>
</pin_list>
<bind>
<opcode="add(8) " fcode="add"/>
<opset="add_ln58_313/3 "/>
</bind>
</comp>

<comp id="63018" class="1004" name="sext_ln58_171_fu_63018">
<pin_list>
<pin id="63019" dir="0" index="0" bw="24" slack="0"/>
<pin id="63020" dir="1" index="1" bw="25" slack="0"/>
</pin_list>
<bind>
<opcode="sext(35) " fcode="sext"/>
<opset="sext_ln58_171/3 "/>
</bind>
</comp>

<comp id="63022" class="1004" name="add_ln58_314_fu_63022">
<pin_list>
<pin id="63023" dir="0" index="0" bw="23" slack="1"/>
<pin id="63024" dir="0" index="1" bw="23" slack="1"/>
<pin id="63025" dir="1" index="2" bw="23" slack="0"/>
</pin_list>
<bind>
<opcode="add(8) " fcode="add"/>
<opset="add_ln58_314/3 "/>
</bind>
</comp>

<comp id="63028" class="1004" name="sext_ln58_172_fu_63028">
<pin_list>
<pin id="63029" dir="0" index="0" bw="23" slack="0"/>
<pin id="63030" dir="1" index="1" bw="25" slack="0"/>
</pin_list>
<bind>
<opcode="sext(35) " fcode="sext"/>
<opset="sext_ln58_172/3 "/>
</bind>
</comp>

<comp id="63032" class="1004" name="add_ln58_315_fu_63032">
<pin_list>
<pin id="63033" dir="0" index="0" bw="23" slack="0"/>
<pin id="63034" dir="0" index="1" bw="24" slack="0"/>
<pin id="63035" dir="1" index="2" bw="25" slack="1"/>
</pin_list>
<bind>
<opcode="add(8) " fcode="add"/>
<opset="add_ln58_315/3 "/>
</bind>
</comp>

<comp id="63038" class="1004" name="add_ln58_324_fu_63038">
<pin_list>
<pin id="63039" dir="0" index="0" bw="25" slack="1"/>
<pin id="63040" dir="0" index="1" bw="25" slack="1"/>
<pin id="63041" dir="1" index="2" bw="25" slack="1"/>
</pin_list>
<bind>
<opcode="add(8) " fcode="add"/>
<opset="add_ln58_324/3 "/>
</bind>
</comp>

<comp id="63044" class="1004" name="add_ln58_331_fu_63044">
<pin_list>
<pin id="63045" dir="0" index="0" bw="26" slack="1"/>
<pin id="63046" dir="0" index="1" bw="26" slack="1"/>
<pin id="63047" dir="1" index="2" bw="26" slack="1"/>
</pin_list>
<bind>
<opcode="add(8) " fcode="add"/>
<opset="add_ln58_331/3 "/>
</bind>
</comp>

<comp id="63050" class="1004" name="sext_ln73_123_fu_63050">
<pin_list>
<pin id="63051" dir="0" index="0" bw="26" slack="1"/>
<pin id="63052" dir="1" index="1" bw="27" slack="0"/>
</pin_list>
<bind>
<opcode="sext(35) " fcode="sext"/>
<opset="sext_ln73_123/4 "/>
</bind>
</comp>

<comp id="63054" class="1004" name="sext_ln73_134_fu_63054">
<pin_list>
<pin id="63055" dir="0" index="0" bw="26" slack="1"/>
<pin id="63056" dir="1" index="1" bw="27" slack="0"/>
</pin_list>
<bind>
<opcode="sext(35) " fcode="sext"/>
<opset="sext_ln73_134/4 "/>
</bind>
</comp>

<comp id="63058" class="1004" name="shl_ln73_44_fu_63058">
<pin_list>
<pin id="63059" dir="0" index="0" bw="24" slack="0"/>
<pin id="63060" dir="0" index="1" bw="16" slack="3"/>
<pin id="63061" dir="0" index="2" bw="1" slack="0"/>
<pin id="63062" dir="1" index="3" bw="24" slack="0"/>
</pin_list>
<bind>
<opcode="bitconcatenate(1004) " fcode="bitconcatenate"/>
<opset="shl_ln73_44/4 "/>
</bind>
</comp>

<comp id="63065" class="1004" name="sext_ln73_135_fu_63065">
<pin_list>
<pin id="63066" dir="0" index="0" bw="26" slack="1"/>
<pin id="63067" dir="1" index="1" bw="27" slack="0"/>
</pin_list>
<bind>
<opcode="sext(35) " fcode="sext"/>
<opset="sext_ln73_135/4 "/>
</bind>
</comp>

<comp id="63069" class="1004" name="sext_ln73_147_fu_63069">
<pin_list>
<pin id="63070" dir="0" index="0" bw="26" slack="1"/>
<pin id="63071" dir="1" index="1" bw="27" slack="0"/>
</pin_list>
<bind>
<opcode="sext(35) " fcode="sext"/>
<opset="sext_ln73_147/4 "/>
</bind>
</comp>

<comp id="63073" class="1004" name="sext_ln73_148_fu_63073">
<pin_list>
<pin id="63074" dir="0" index="0" bw="24" slack="1"/>
<pin id="63075" dir="1" index="1" bw="26" slack="0"/>
</pin_list>
<bind>
<opcode="sext(35) " fcode="sext"/>
<opset="sext_ln73_148/4 "/>
</bind>
</comp>

<comp id="63076" class="1004" name="sext_ln73_149_fu_63076">
<pin_list>
<pin id="63077" dir="0" index="0" bw="26" slack="1"/>
<pin id="63078" dir="1" index="1" bw="27" slack="0"/>
</pin_list>
<bind>
<opcode="sext(35) " fcode="sext"/>
<opset="sext_ln73_149/4 "/>
</bind>
</comp>

<comp id="63080" class="1004" name="sext_ln73_151_fu_63080">
<pin_list>
<pin id="63081" dir="0" index="0" bw="24" slack="2"/>
<pin id="63082" dir="1" index="1" bw="25" slack="0"/>
</pin_list>
<bind>
<opcode="sext(35) " fcode="sext"/>
<opset="sext_ln73_151/4 "/>
</bind>
</comp>

<comp id="63084" class="1004" name="sext_ln73_155_fu_63084">
<pin_list>
<pin id="63085" dir="0" index="0" bw="26" slack="1"/>
<pin id="63086" dir="1" index="1" bw="27" slack="0"/>
</pin_list>
<bind>
<opcode="sext(35) " fcode="sext"/>
<opset="sext_ln73_155/4 "/>
</bind>
</comp>

<comp id="63088" class="1004" name="sext_ln73_157_fu_63088">
<pin_list>
<pin id="63089" dir="0" index="0" bw="26" slack="1"/>
<pin id="63090" dir="1" index="1" bw="27" slack="0"/>
</pin_list>
<bind>
<opcode="sext(35) " fcode="sext"/>
<opset="sext_ln73_157/4 "/>
</bind>
</comp>

<comp id="63092" class="1004" name="sext_ln73_158_fu_63092">
<pin_list>
<pin id="63093" dir="0" index="0" bw="26" slack="1"/>
<pin id="63094" dir="1" index="1" bw="28" slack="0"/>
</pin_list>
<bind>
<opcode="sext(35) " fcode="sext"/>
<opset="sext_ln73_158/4 "/>
</bind>
</comp>

<comp id="63096" class="1004" name="sext_ln73_162_fu_63096">
<pin_list>
<pin id="63097" dir="0" index="0" bw="26" slack="1"/>
<pin id="63098" dir="1" index="1" bw="28" slack="0"/>
</pin_list>
<bind>
<opcode="sext(35) " fcode="sext"/>
<opset="sext_ln73_162/4 "/>
</bind>
</comp>

<comp id="63100" class="1004" name="sext_ln73_163_fu_63100">
<pin_list>
<pin id="63101" dir="0" index="0" bw="23" slack="1"/>
<pin id="63102" dir="1" index="1" bw="25" slack="0"/>
</pin_list>
<bind>
<opcode="sext(35) " fcode="sext"/>
<opset="sext_ln73_163/4 "/>
</bind>
</comp>

<comp id="63104" class="1004" name="sext_ln73_170_fu_63104">
<pin_list>
<pin id="63105" dir="0" index="0" bw="26" slack="1"/>
<pin id="63106" dir="1" index="1" bw="27" slack="0"/>
</pin_list>
<bind>
<opcode="sext(35) " fcode="sext"/>
<opset="sext_ln73_170/4 "/>
</bind>
</comp>

<comp id="63108" class="1004" name="sext_ln73_172_fu_63108">
<pin_list>
<pin id="63109" dir="0" index="0" bw="26" slack="1"/>
<pin id="63110" dir="1" index="1" bw="28" slack="0"/>
</pin_list>
<bind>
<opcode="sext(35) " fcode="sext"/>
<opset="sext_ln73_172/4 "/>
</bind>
</comp>

<comp id="63112" class="1004" name="sext_ln73_173_fu_63112">
<pin_list>
<pin id="63113" dir="0" index="0" bw="26" slack="1"/>
<pin id="63114" dir="1" index="1" bw="28" slack="0"/>
</pin_list>
<bind>
<opcode="sext(35) " fcode="sext"/>
<opset="sext_ln73_173/4 "/>
</bind>
</comp>

<comp id="63116" class="1004" name="sext_ln73_174_fu_63116">
<pin_list>
<pin id="63117" dir="0" index="0" bw="26" slack="1"/>
<pin id="63118" dir="1" index="1" bw="27" slack="0"/>
</pin_list>
<bind>
<opcode="sext(35) " fcode="sext"/>
<opset="sext_ln73_174/4 "/>
</bind>
</comp>

<comp id="63120" class="1004" name="sext_ln73_175_fu_63120">
<pin_list>
<pin id="63121" dir="0" index="0" bw="25" slack="1"/>
<pin id="63122" dir="1" index="1" bw="28" slack="0"/>
</pin_list>
<bind>
<opcode="sext(35) " fcode="sext"/>
<opset="sext_ln73_175/4 "/>
</bind>
</comp>

<comp id="63124" class="1004" name="sext_ln73_176_fu_63124">
<pin_list>
<pin id="63125" dir="0" index="0" bw="27" slack="1"/>
<pin id="63126" dir="1" index="1" bw="28" slack="0"/>
</pin_list>
<bind>
<opcode="sext(35) " fcode="sext"/>
<opset="sext_ln73_176/4 "/>
</bind>
</comp>

<comp id="63128" class="1004" name="sext_ln73_178_fu_63128">
<pin_list>
<pin id="63129" dir="0" index="0" bw="26" slack="1"/>
<pin id="63130" dir="1" index="1" bw="27" slack="0"/>
</pin_list>
<bind>
<opcode="sext(35) " fcode="sext"/>
<opset="sext_ln73_178/4 "/>
</bind>
</comp>

<comp id="63132" class="1004" name="mul_ln73_289_cast_fu_63132">
<pin_list>
<pin id="63133" dir="0" index="0" bw="27" slack="1"/>
<pin id="63134" dir="1" index="1" bw="28" slack="0"/>
</pin_list>
<bind>
<opcode="sext(35) " fcode="sext"/>
<opset="mul_ln73_289_cast/4 "/>
</bind>
</comp>

<comp id="63136" class="1004" name="sext_ln73_179_fu_63136">
<pin_list>
<pin id="63137" dir="0" index="0" bw="26" slack="1"/>
<pin id="63138" dir="1" index="1" bw="28" slack="0"/>
</pin_list>
<bind>
<opcode="sext(35) " fcode="sext"/>
<opset="sext_ln73_179/4 "/>
</bind>
</comp>

<comp id="63140" class="1004" name="sext_ln73_181_fu_63140">
<pin_list>
<pin id="63141" dir="0" index="0" bw="27" slack="1"/>
<pin id="63142" dir="1" index="1" bw="28" slack="0"/>
</pin_list>
<bind>
<opcode="sext(35) " fcode="sext"/>
<opset="sext_ln73_181/4 "/>
</bind>
</comp>

<comp id="63144" class="1004" name="sext_ln73_182_fu_63144">
<pin_list>
<pin id="63145" dir="0" index="0" bw="26" slack="1"/>
<pin id="63146" dir="1" index="1" bw="28" slack="0"/>
</pin_list>
<bind>
<opcode="sext(35) " fcode="sext"/>
<opset="sext_ln73_182/4 "/>
</bind>
</comp>

<comp id="63148" class="1004" name="sext_ln73_185_fu_63148">
<pin_list>
<pin id="63149" dir="0" index="0" bw="23" slack="1"/>
<pin id="63150" dir="1" index="1" bw="25" slack="0"/>
</pin_list>
<bind>
<opcode="sext(35) " fcode="sext"/>
<opset="sext_ln73_185/4 "/>
</bind>
</comp>

<comp id="63151" class="1004" name="sext_ln73_186_fu_63151">
<pin_list>
<pin id="63152" dir="0" index="0" bw="25" slack="1"/>
<pin id="63153" dir="1" index="1" bw="26" slack="0"/>
</pin_list>
<bind>
<opcode="sext(35) " fcode="sext"/>
<opset="sext_ln73_186/4 "/>
</bind>
</comp>

<comp id="63155" class="1004" name="sext_ln58_fu_63155">
<pin_list>
<pin id="63156" dir="0" index="0" bw="25" slack="1"/>
<pin id="63157" dir="1" index="1" bw="26" slack="0"/>
</pin_list>
<bind>
<opcode="sext(35) " fcode="sext"/>
<opset="sext_ln58/4 "/>
</bind>
</comp>

<comp id="63159" class="1004" name="sext_ln58_65_fu_63159">
<pin_list>
<pin id="63160" dir="0" index="0" bw="25" slack="1"/>
<pin id="63161" dir="1" index="1" bw="26" slack="0"/>
</pin_list>
<bind>
<opcode="sext(35) " fcode="sext"/>
<opset="sext_ln58_65/4 "/>
</bind>
</comp>

<comp id="63162" class="1004" name="sext_ln58_68_fu_63162">
<pin_list>
<pin id="63163" dir="0" index="0" bw="23" slack="1"/>
<pin id="63164" dir="1" index="1" bw="26" slack="0"/>
</pin_list>
<bind>
<opcode="sext(35) " fcode="sext"/>
<opset="sext_ln58_68/4 "/>
</bind>
</comp>

<comp id="63165" class="1004" name="add_ln58_205_fu_63165">
<pin_list>
<pin id="63166" dir="0" index="0" bw="26" slack="1"/>
<pin id="63167" dir="0" index="1" bw="25" slack="0"/>
<pin id="63168" dir="1" index="2" bw="26" slack="0"/>
</pin_list>
<bind>
<opcode="add(8) " fcode="add"/>
<opset="add_ln58_205/4 "/>
</bind>
</comp>

<comp id="63171" class="1004" name="sext_ln58_74_fu_63171">
<pin_list>
<pin id="63172" dir="0" index="0" bw="26" slack="0"/>
<pin id="63173" dir="1" index="1" bw="27" slack="0"/>
</pin_list>
<bind>
<opcode="sext(35) " fcode="sext"/>
<opset="sext_ln58_74/4 "/>
</bind>
</comp>

<comp id="63175" class="1004" name="sext_ln58_77_fu_63175">
<pin_list>
<pin id="63176" dir="0" index="0" bw="25" slack="1"/>
<pin id="63177" dir="1" index="1" bw="26" slack="0"/>
</pin_list>
<bind>
<opcode="sext(35) " fcode="sext"/>
<opset="sext_ln58_77/4 "/>
</bind>
</comp>

<comp id="63178" class="1004" name="add_ln58_211_fu_63178">
<pin_list>
<pin id="63179" dir="0" index="0" bw="26" slack="1"/>
<pin id="63180" dir="0" index="1" bw="26" slack="1"/>
<pin id="63181" dir="1" index="2" bw="26" slack="0"/>
</pin_list>
<bind>
<opcode="add(8) " fcode="add"/>
<opset="add_ln58_211/4 "/>
</bind>
</comp>

<comp id="63184" class="1004" name="sext_ln58_78_fu_63184">
<pin_list>
<pin id="63185" dir="0" index="0" bw="26" slack="0"/>
<pin id="63186" dir="1" index="1" bw="27" slack="0"/>
</pin_list>
<bind>
<opcode="sext(35) " fcode="sext"/>
<opset="sext_ln58_78/4 "/>
</bind>
</comp>

<comp id="63188" class="1004" name="sext_ln58_79_fu_63188">
<pin_list>
<pin id="63189" dir="0" index="0" bw="26" slack="1"/>
<pin id="63190" dir="1" index="1" bw="27" slack="0"/>
</pin_list>
<bind>
<opcode="sext(35) " fcode="sext"/>
<opset="sext_ln58_79/4 "/>
</bind>
</comp>

<comp id="63191" class="1004" name="sext_ln58_80_fu_63191">
<pin_list>
<pin id="63192" dir="0" index="0" bw="25" slack="1"/>
<pin id="63193" dir="1" index="1" bw="26" slack="0"/>
</pin_list>
<bind>
<opcode="sext(35) " fcode="sext"/>
<opset="sext_ln58_80/4 "/>
</bind>
</comp>

<comp id="63194" class="1004" name="sext_ln58_81_fu_63194">
<pin_list>
<pin id="63195" dir="0" index="0" bw="25" slack="1"/>
<pin id="63196" dir="1" index="1" bw="26" slack="0"/>
</pin_list>
<bind>
<opcode="sext(35) " fcode="sext"/>
<opset="sext_ln58_81/4 "/>
</bind>
</comp>

<comp id="63197" class="1004" name="add_ln58_219_fu_63197">
<pin_list>
<pin id="63198" dir="0" index="0" bw="26" slack="1"/>
<pin id="63199" dir="0" index="1" bw="23" slack="0"/>
<pin id="63200" dir="1" index="2" bw="26" slack="0"/>
</pin_list>
<bind>
<opcode="add(8) " fcode="add"/>
<opset="add_ln58_219/4 "/>
</bind>
</comp>

<comp id="63203" class="1004" name="add_ln58_220_fu_63203">
<pin_list>
<pin id="63204" dir="0" index="0" bw="26" slack="0"/>
<pin id="63205" dir="0" index="1" bw="26" slack="1"/>
<pin id="63206" dir="1" index="2" bw="26" slack="0"/>
</pin_list>
<bind>
<opcode="add(8) " fcode="add"/>
<opset="add_ln58_220/4 "/>
</bind>
</comp>

<comp id="63209" class="1004" name="sext_ln58_84_fu_63209">
<pin_list>
<pin id="63210" dir="0" index="0" bw="26" slack="0"/>
<pin id="63211" dir="1" index="1" bw="27" slack="0"/>
</pin_list>
<bind>
<opcode="sext(35) " fcode="sext"/>
<opset="sext_ln58_84/4 "/>
</bind>
</comp>

<comp id="63213" class="1004" name="add_ln58_221_fu_63213">
<pin_list>
<pin id="63214" dir="0" index="0" bw="26" slack="1"/>
<pin id="63215" dir="0" index="1" bw="25" slack="0"/>
<pin id="63216" dir="1" index="2" bw="26" slack="0"/>
</pin_list>
<bind>
<opcode="add(8) " fcode="add"/>
<opset="add_ln58_221/4 "/>
</bind>
</comp>

<comp id="63219" class="1004" name="sext_ln58_85_fu_63219">
<pin_list>
<pin id="63220" dir="0" index="0" bw="26" slack="0"/>
<pin id="63221" dir="1" index="1" bw="27" slack="0"/>
</pin_list>
<bind>
<opcode="sext(35) " fcode="sext"/>
<opset="sext_ln58_85/4 "/>
</bind>
</comp>

<comp id="63223" class="1004" name="sext_ln58_86_fu_63223">
<pin_list>
<pin id="63224" dir="0" index="0" bw="26" slack="1"/>
<pin id="63225" dir="1" index="1" bw="27" slack="0"/>
</pin_list>
<bind>
<opcode="sext(35) " fcode="sext"/>
<opset="sext_ln58_86/4 "/>
</bind>
</comp>

<comp id="63226" class="1004" name="sext_ln58_87_fu_63226">
<pin_list>
<pin id="63227" dir="0" index="0" bw="26" slack="1"/>
<pin id="63228" dir="1" index="1" bw="27" slack="0"/>
</pin_list>
<bind>
<opcode="sext(35) " fcode="sext"/>
<opset="sext_ln58_87/4 "/>
</bind>
</comp>

<comp id="63229" class="1004" name="add_ln58_228_fu_63229">
<pin_list>
<pin id="63230" dir="0" index="0" bw="26" slack="1"/>
<pin id="63231" dir="0" index="1" bw="26" slack="1"/>
<pin id="63232" dir="1" index="2" bw="26" slack="0"/>
</pin_list>
<bind>
<opcode="add(8) " fcode="add"/>
<opset="add_ln58_228/4 "/>
</bind>
</comp>

<comp id="63235" class="1004" name="sext_ln58_131_fu_63235">
<pin_list>
<pin id="63236" dir="0" index="0" bw="25" slack="1"/>
<pin id="63237" dir="1" index="1" bw="26" slack="0"/>
</pin_list>
<bind>
<opcode="sext(35) " fcode="sext"/>
<opset="sext_ln58_131/4 "/>
</bind>
</comp>

<comp id="63238" class="1004" name="add_ln58_230_fu_63238">
<pin_list>
<pin id="63239" dir="0" index="0" bw="25" slack="0"/>
<pin id="63240" dir="0" index="1" bw="26" slack="0"/>
<pin id="63241" dir="1" index="2" bw="26" slack="0"/>
</pin_list>
<bind>
<opcode="add(8) " fcode="add"/>
<opset="add_ln58_230/4 "/>
</bind>
</comp>

<comp id="63244" class="1004" name="sext_ln58_88_fu_63244">
<pin_list>
<pin id="63245" dir="0" index="0" bw="26" slack="0"/>
<pin id="63246" dir="1" index="1" bw="27" slack="0"/>
</pin_list>
<bind>
<opcode="sext(35) " fcode="sext"/>
<opset="sext_ln58_88/4 "/>
</bind>
</comp>

<comp id="63248" class="1004" name="add_ln58_231_fu_63248">
<pin_list>
<pin id="63249" dir="0" index="0" bw="26" slack="1"/>
<pin id="63250" dir="0" index="1" bw="25" slack="0"/>
<pin id="63251" dir="1" index="2" bw="26" slack="0"/>
</pin_list>
<bind>
<opcode="add(8) " fcode="add"/>
<opset="add_ln58_231/4 "/>
</bind>
</comp>

<comp id="63254" class="1004" name="add_ln58_232_fu_63254">
<pin_list>
<pin id="63255" dir="0" index="0" bw="26" slack="0"/>
<pin id="63256" dir="0" index="1" bw="26" slack="1"/>
<pin id="63257" dir="1" index="2" bw="26" slack="0"/>
</pin_list>
<bind>
<opcode="add(8) " fcode="add"/>
<opset="add_ln58_232/4 "/>
</bind>
</comp>

<comp id="63260" class="1004" name="sext_ln58_89_fu_63260">
<pin_list>
<pin id="63261" dir="0" index="0" bw="26" slack="0"/>
<pin id="63262" dir="1" index="1" bw="27" slack="0"/>
</pin_list>
<bind>
<opcode="sext(35) " fcode="sext"/>
<opset="sext_ln58_89/4 "/>
</bind>
</comp>

<comp id="63264" class="1004" name="sext_ln58_132_fu_63264">
<pin_list>
<pin id="63265" dir="0" index="0" bw="24" slack="0"/>
<pin id="63266" dir="1" index="1" bw="26" slack="0"/>
</pin_list>
<bind>
<opcode="sext(35) " fcode="sext"/>
<opset="sext_ln58_132/4 "/>
</bind>
</comp>

<comp id="63268" class="1004" name="sext_ln58_133_fu_63268">
<pin_list>
<pin id="63269" dir="0" index="0" bw="25" slack="1"/>
<pin id="63270" dir="1" index="1" bw="26" slack="0"/>
</pin_list>
<bind>
<opcode="sext(35) " fcode="sext"/>
<opset="sext_ln58_133/4 "/>
</bind>
</comp>

<comp id="63271" class="1004" name="sub_ln58_fu_63271">
<pin_list>
<pin id="63272" dir="0" index="0" bw="25" slack="0"/>
<pin id="63273" dir="0" index="1" bw="24" slack="0"/>
<pin id="63274" dir="1" index="2" bw="26" slack="0"/>
</pin_list>
<bind>
<opcode="sub(10) " fcode="sub"/>
<opset="sub_ln58/4 "/>
</bind>
</comp>

<comp id="63277" class="1004" name="add_ln58_233_fu_63277">
<pin_list>
<pin id="63278" dir="0" index="0" bw="26" slack="0"/>
<pin id="63279" dir="0" index="1" bw="26" slack="1"/>
<pin id="63280" dir="1" index="2" bw="26" slack="0"/>
</pin_list>
<bind>
<opcode="add(8) " fcode="add"/>
<opset="add_ln58_233/4 "/>
</bind>
</comp>

<comp id="63283" class="1004" name="sext_ln58_90_fu_63283">
<pin_list>
<pin id="63284" dir="0" index="0" bw="26" slack="0"/>
<pin id="63285" dir="1" index="1" bw="27" slack="0"/>
</pin_list>
<bind>
<opcode="sext(35) " fcode="sext"/>
<opset="sext_ln58_90/4 "/>
</bind>
</comp>

<comp id="63287" class="1004" name="add_ln58_234_fu_63287">
<pin_list>
<pin id="63288" dir="0" index="0" bw="26" slack="1"/>
<pin id="63289" dir="0" index="1" bw="26" slack="1"/>
<pin id="63290" dir="1" index="2" bw="26" slack="0"/>
</pin_list>
<bind>
<opcode="add(8) " fcode="add"/>
<opset="add_ln58_234/4 "/>
</bind>
</comp>

<comp id="63293" class="1004" name="sext_ln58_134_fu_63293">
<pin_list>
<pin id="63294" dir="0" index="0" bw="25" slack="1"/>
<pin id="63295" dir="1" index="1" bw="26" slack="0"/>
</pin_list>
<bind>
<opcode="sext(35) " fcode="sext"/>
<opset="sext_ln58_134/4 "/>
</bind>
</comp>

<comp id="63296" class="1004" name="add_ln58_236_fu_63296">
<pin_list>
<pin id="63297" dir="0" index="0" bw="25" slack="0"/>
<pin id="63298" dir="0" index="1" bw="26" slack="0"/>
<pin id="63299" dir="1" index="2" bw="26" slack="0"/>
</pin_list>
<bind>
<opcode="add(8) " fcode="add"/>
<opset="add_ln58_236/4 "/>
</bind>
</comp>

<comp id="63302" class="1004" name="sext_ln58_91_fu_63302">
<pin_list>
<pin id="63303" dir="0" index="0" bw="26" slack="0"/>
<pin id="63304" dir="1" index="1" bw="27" slack="0"/>
</pin_list>
<bind>
<opcode="sext(35) " fcode="sext"/>
<opset="sext_ln58_91/4 "/>
</bind>
</comp>

<comp id="63306" class="1004" name="add_ln58_237_fu_63306">
<pin_list>
<pin id="63307" dir="0" index="0" bw="26" slack="1"/>
<pin id="63308" dir="0" index="1" bw="25" slack="0"/>
<pin id="63309" dir="1" index="2" bw="26" slack="0"/>
</pin_list>
<bind>
<opcode="add(8) " fcode="add"/>
<opset="add_ln58_237/4 "/>
</bind>
</comp>

<comp id="63312" class="1004" name="sext_ln58_135_fu_63312">
<pin_list>
<pin id="63313" dir="0" index="0" bw="25" slack="1"/>
<pin id="63314" dir="1" index="1" bw="26" slack="0"/>
</pin_list>
<bind>
<opcode="sext(35) " fcode="sext"/>
<opset="sext_ln58_135/4 "/>
</bind>
</comp>

<comp id="63315" class="1004" name="add_ln58_239_fu_63315">
<pin_list>
<pin id="63316" dir="0" index="0" bw="25" slack="0"/>
<pin id="63317" dir="0" index="1" bw="26" slack="0"/>
<pin id="63318" dir="1" index="2" bw="26" slack="0"/>
</pin_list>
<bind>
<opcode="add(8) " fcode="add"/>
<opset="add_ln58_239/4 "/>
</bind>
</comp>

<comp id="63321" class="1004" name="sext_ln58_92_fu_63321">
<pin_list>
<pin id="63322" dir="0" index="0" bw="26" slack="0"/>
<pin id="63323" dir="1" index="1" bw="27" slack="0"/>
</pin_list>
<bind>
<opcode="sext(35) " fcode="sext"/>
<opset="sext_ln58_92/4 "/>
</bind>
</comp>

<comp id="63325" class="1004" name="sext_ln58_94_fu_63325">
<pin_list>
<pin id="63326" dir="0" index="0" bw="26" slack="1"/>
<pin id="63327" dir="1" index="1" bw="27" slack="0"/>
</pin_list>
<bind>
<opcode="sext(35) " fcode="sext"/>
<opset="sext_ln58_94/4 "/>
</bind>
</comp>

<comp id="63328" class="1004" name="add_ln58_244_fu_63328">
<pin_list>
<pin id="63329" dir="0" index="0" bw="27" slack="1"/>
<pin id="63330" dir="0" index="1" bw="26" slack="0"/>
<pin id="63331" dir="1" index="2" bw="27" slack="0"/>
</pin_list>
<bind>
<opcode="add(8) " fcode="add"/>
<opset="add_ln58_244/4 "/>
</bind>
</comp>

<comp id="63334" class="1004" name="sext_ln58_139_fu_63334">
<pin_list>
<pin id="63335" dir="0" index="0" bw="26" slack="1"/>
<pin id="63336" dir="1" index="1" bw="27" slack="0"/>
</pin_list>
<bind>
<opcode="sext(35) " fcode="sext"/>
<opset="sext_ln58_139/4 "/>
</bind>
</comp>

<comp id="63337" class="1004" name="add_ln58_247_fu_63337">
<pin_list>
<pin id="63338" dir="0" index="0" bw="26" slack="0"/>
<pin id="63339" dir="0" index="1" bw="27" slack="0"/>
<pin id="63340" dir="1" index="2" bw="27" slack="0"/>
</pin_list>
<bind>
<opcode="add(8) " fcode="add"/>
<opset="add_ln58_247/4 "/>
</bind>
</comp>

<comp id="63343" class="1004" name="sext_ln58_95_fu_63343">
<pin_list>
<pin id="63344" dir="0" index="0" bw="27" slack="0"/>
<pin id="63345" dir="1" index="1" bw="28" slack="0"/>
</pin_list>
<bind>
<opcode="sext(35) " fcode="sext"/>
<opset="sext_ln58_95/4 "/>
</bind>
</comp>

<comp id="63347" class="1004" name="sext_ln58_96_fu_63347">
<pin_list>
<pin id="63348" dir="0" index="0" bw="26" slack="1"/>
<pin id="63349" dir="1" index="1" bw="27" slack="0"/>
</pin_list>
<bind>
<opcode="sext(35) " fcode="sext"/>
<opset="sext_ln58_96/4 "/>
</bind>
</comp>

<comp id="63350" class="1004" name="add_ln58_251_fu_63350">
<pin_list>
<pin id="63351" dir="0" index="0" bw="26" slack="0"/>
<pin id="63352" dir="0" index="1" bw="26" slack="0"/>
<pin id="63353" dir="1" index="2" bw="27" slack="0"/>
</pin_list>
<bind>
<opcode="add(8) " fcode="add"/>
<opset="add_ln58_251/4 "/>
</bind>
</comp>

<comp id="63356" class="1004" name="sext_ln58_142_fu_63356">
<pin_list>
<pin id="63357" dir="0" index="0" bw="25" slack="1"/>
<pin id="63358" dir="1" index="1" bw="27" slack="0"/>
</pin_list>
<bind>
<opcode="sext(35) " fcode="sext"/>
<opset="sext_ln58_142/4 "/>
</bind>
</comp>

<comp id="63359" class="1004" name="add_ln58_254_fu_63359">
<pin_list>
<pin id="63360" dir="0" index="0" bw="25" slack="0"/>
<pin id="63361" dir="0" index="1" bw="27" slack="0"/>
<pin id="63362" dir="1" index="2" bw="27" slack="0"/>
</pin_list>
<bind>
<opcode="add(8) " fcode="add"/>
<opset="add_ln58_254/4 "/>
</bind>
</comp>

<comp id="63365" class="1004" name="sext_ln58_97_fu_63365">
<pin_list>
<pin id="63366" dir="0" index="0" bw="27" slack="0"/>
<pin id="63367" dir="1" index="1" bw="28" slack="0"/>
</pin_list>
<bind>
<opcode="sext(35) " fcode="sext"/>
<opset="sext_ln58_97/4 "/>
</bind>
</comp>

<comp id="63369" class="1004" name="sext_ln58_143_fu_63369">
<pin_list>
<pin id="63370" dir="0" index="0" bw="26" slack="1"/>
<pin id="63371" dir="1" index="1" bw="27" slack="0"/>
</pin_list>
<bind>
<opcode="sext(35) " fcode="sext"/>
<opset="sext_ln58_143/4 "/>
</bind>
</comp>

<comp id="63372" class="1004" name="add_ln58_256_fu_63372">
<pin_list>
<pin id="63373" dir="0" index="0" bw="26" slack="0"/>
<pin id="63374" dir="0" index="1" bw="26" slack="0"/>
<pin id="63375" dir="1" index="2" bw="27" slack="0"/>
</pin_list>
<bind>
<opcode="add(8) " fcode="add"/>
<opset="add_ln58_256/4 "/>
</bind>
</comp>

<comp id="63378" class="1004" name="sext_ln58_98_fu_63378">
<pin_list>
<pin id="63379" dir="0" index="0" bw="27" slack="0"/>
<pin id="63380" dir="1" index="1" bw="28" slack="0"/>
</pin_list>
<bind>
<opcode="sext(35) " fcode="sext"/>
<opset="sext_ln58_98/4 "/>
</bind>
</comp>

<comp id="63382" class="1004" name="add_ln58_257_fu_63382">
<pin_list>
<pin id="63383" dir="0" index="0" bw="26" slack="0"/>
<pin id="63384" dir="0" index="1" bw="26" slack="0"/>
<pin id="63385" dir="1" index="2" bw="27" slack="0"/>
</pin_list>
<bind>
<opcode="add(8) " fcode="add"/>
<opset="add_ln58_257/4 "/>
</bind>
</comp>

<comp id="63388" class="1004" name="add_ln58_258_fu_63388">
<pin_list>
<pin id="63389" dir="0" index="0" bw="26" slack="1"/>
<pin id="63390" dir="0" index="1" bw="24" slack="0"/>
<pin id="63391" dir="1" index="2" bw="26" slack="0"/>
</pin_list>
<bind>
<opcode="add(8) " fcode="add"/>
<opset="add_ln58_258/4 "/>
</bind>
</comp>

<comp id="63394" class="1004" name="sext_ln58_144_fu_63394">
<pin_list>
<pin id="63395" dir="0" index="0" bw="26" slack="0"/>
<pin id="63396" dir="1" index="1" bw="27" slack="0"/>
</pin_list>
<bind>
<opcode="sext(35) " fcode="sext"/>
<opset="sext_ln58_144/4 "/>
</bind>
</comp>

<comp id="63398" class="1004" name="add_ln58_259_fu_63398">
<pin_list>
<pin id="63399" dir="0" index="0" bw="26" slack="0"/>
<pin id="63400" dir="0" index="1" bw="27" slack="0"/>
<pin id="63401" dir="1" index="2" bw="27" slack="0"/>
</pin_list>
<bind>
<opcode="add(8) " fcode="add"/>
<opset="add_ln58_259/4 "/>
</bind>
</comp>

<comp id="63404" class="1004" name="sext_ln58_99_fu_63404">
<pin_list>
<pin id="63405" dir="0" index="0" bw="27" slack="0"/>
<pin id="63406" dir="1" index="1" bw="28" slack="0"/>
</pin_list>
<bind>
<opcode="sext(35) " fcode="sext"/>
<opset="sext_ln58_99/4 "/>
</bind>
</comp>

<comp id="63408" class="1004" name="sext_ln58_100_fu_63408">
<pin_list>
<pin id="63409" dir="0" index="0" bw="26" slack="1"/>
<pin id="63410" dir="1" index="1" bw="27" slack="0"/>
</pin_list>
<bind>
<opcode="sext(35) " fcode="sext"/>
<opset="sext_ln58_100/4 "/>
</bind>
</comp>

<comp id="63411" class="1004" name="add_ln58_265_fu_63411">
<pin_list>
<pin id="63412" dir="0" index="0" bw="26" slack="1"/>
<pin id="63413" dir="0" index="1" bw="26" slack="1"/>
<pin id="63414" dir="1" index="2" bw="26" slack="0"/>
</pin_list>
<bind>
<opcode="add(8) " fcode="add"/>
<opset="add_ln58_265/4 "/>
</bind>
</comp>

<comp id="63417" class="1004" name="sext_ln58_148_fu_63417">
<pin_list>
<pin id="63418" dir="0" index="0" bw="26" slack="0"/>
<pin id="63419" dir="1" index="1" bw="27" slack="0"/>
</pin_list>
<bind>
<opcode="sext(35) " fcode="sext"/>
<opset="sext_ln58_148/4 "/>
</bind>
</comp>

<comp id="63421" class="1004" name="add_ln58_266_fu_63421">
<pin_list>
<pin id="63422" dir="0" index="0" bw="26" slack="0"/>
<pin id="63423" dir="0" index="1" bw="26" slack="0"/>
<pin id="63424" dir="1" index="2" bw="27" slack="0"/>
</pin_list>
<bind>
<opcode="add(8) " fcode="add"/>
<opset="add_ln58_266/4 "/>
</bind>
</comp>

<comp id="63427" class="1004" name="sext_ln58_149_fu_63427">
<pin_list>
<pin id="63428" dir="0" index="0" bw="24" slack="1"/>
<pin id="63429" dir="1" index="1" bw="25" slack="0"/>
</pin_list>
<bind>
<opcode="sext(35) " fcode="sext"/>
<opset="sext_ln58_149/4 "/>
</bind>
</comp>

<comp id="63430" class="1004" name="add_ln58_268_fu_63430">
<pin_list>
<pin id="63431" dir="0" index="0" bw="24" slack="0"/>
<pin id="63432" dir="0" index="1" bw="25" slack="2"/>
<pin id="63433" dir="1" index="2" bw="25" slack="0"/>
</pin_list>
<bind>
<opcode="add(8) " fcode="add"/>
<opset="add_ln58_268/4 "/>
</bind>
</comp>

<comp id="63436" class="1004" name="sext_ln58_150_fu_63436">
<pin_list>
<pin id="63437" dir="0" index="0" bw="25" slack="0"/>
<pin id="63438" dir="1" index="1" bw="27" slack="0"/>
</pin_list>
<bind>
<opcode="sext(35) " fcode="sext"/>
<opset="sext_ln58_150/4 "/>
</bind>
</comp>

<comp id="63440" class="1004" name="add_ln58_269_fu_63440">
<pin_list>
<pin id="63441" dir="0" index="0" bw="25" slack="0"/>
<pin id="63442" dir="0" index="1" bw="27" slack="0"/>
<pin id="63443" dir="1" index="2" bw="27" slack="0"/>
</pin_list>
<bind>
<opcode="add(8) " fcode="add"/>
<opset="add_ln58_269/4 "/>
</bind>
</comp>

<comp id="63446" class="1004" name="sext_ln58_101_fu_63446">
<pin_list>
<pin id="63447" dir="0" index="0" bw="27" slack="0"/>
<pin id="63448" dir="1" index="1" bw="28" slack="0"/>
</pin_list>
<bind>
<opcode="sext(35) " fcode="sext"/>
<opset="sext_ln58_101/4 "/>
</bind>
</comp>

<comp id="63450" class="1004" name="add_ln58_270_fu_63450">
<pin_list>
<pin id="63451" dir="0" index="0" bw="26" slack="0"/>
<pin id="63452" dir="0" index="1" bw="26" slack="0"/>
<pin id="63453" dir="1" index="2" bw="27" slack="0"/>
</pin_list>
<bind>
<opcode="add(8) " fcode="add"/>
<opset="add_ln58_270/4 "/>
</bind>
</comp>

<comp id="63456" class="1004" name="sext_ln58_151_fu_63456">
<pin_list>
<pin id="63457" dir="0" index="0" bw="25" slack="1"/>
<pin id="63458" dir="1" index="1" bw="26" slack="0"/>
</pin_list>
<bind>
<opcode="sext(35) " fcode="sext"/>
<opset="sext_ln58_151/4 "/>
</bind>
</comp>

<comp id="63459" class="1004" name="add_ln58_272_fu_63459">
<pin_list>
<pin id="63460" dir="0" index="0" bw="25" slack="0"/>
<pin id="63461" dir="0" index="1" bw="26" slack="1"/>
<pin id="63462" dir="1" index="2" bw="26" slack="0"/>
</pin_list>
<bind>
<opcode="add(8) " fcode="add"/>
<opset="add_ln58_272/4 "/>
</bind>
</comp>

<comp id="63465" class="1004" name="sext_ln58_152_fu_63465">
<pin_list>
<pin id="63466" dir="0" index="0" bw="26" slack="0"/>
<pin id="63467" dir="1" index="1" bw="27" slack="0"/>
</pin_list>
<bind>
<opcode="sext(35) " fcode="sext"/>
<opset="sext_ln58_152/4 "/>
</bind>
</comp>

<comp id="63469" class="1004" name="add_ln58_273_fu_63469">
<pin_list>
<pin id="63470" dir="0" index="0" bw="26" slack="0"/>
<pin id="63471" dir="0" index="1" bw="27" slack="0"/>
<pin id="63472" dir="1" index="2" bw="27" slack="0"/>
</pin_list>
<bind>
<opcode="add(8) " fcode="add"/>
<opset="add_ln58_273/4 "/>
</bind>
</comp>

<comp id="63475" class="1004" name="sext_ln58_102_fu_63475">
<pin_list>
<pin id="63476" dir="0" index="0" bw="27" slack="0"/>
<pin id="63477" dir="1" index="1" bw="28" slack="0"/>
</pin_list>
<bind>
<opcode="sext(35) " fcode="sext"/>
<opset="sext_ln58_102/4 "/>
</bind>
</comp>

<comp id="63479" class="1004" name="sext_ln58_153_fu_63479">
<pin_list>
<pin id="63480" dir="0" index="0" bw="26" slack="1"/>
<pin id="63481" dir="1" index="1" bw="27" slack="0"/>
</pin_list>
<bind>
<opcode="sext(35) " fcode="sext"/>
<opset="sext_ln58_153/4 "/>
</bind>
</comp>

<comp id="63482" class="1004" name="add_ln58_275_fu_63482">
<pin_list>
<pin id="63483" dir="0" index="0" bw="26" slack="0"/>
<pin id="63484" dir="0" index="1" bw="26" slack="0"/>
<pin id="63485" dir="1" index="2" bw="27" slack="0"/>
</pin_list>
<bind>
<opcode="add(8) " fcode="add"/>
<opset="add_ln58_275/4 "/>
</bind>
</comp>

<comp id="63488" class="1004" name="sext_ln58_103_fu_63488">
<pin_list>
<pin id="63489" dir="0" index="0" bw="27" slack="0"/>
<pin id="63490" dir="1" index="1" bw="28" slack="0"/>
</pin_list>
<bind>
<opcode="sext(35) " fcode="sext"/>
<opset="sext_ln58_103/4 "/>
</bind>
</comp>

<comp id="63492" class="1004" name="add_ln58_276_fu_63492">
<pin_list>
<pin id="63493" dir="0" index="0" bw="26" slack="0"/>
<pin id="63494" dir="0" index="1" bw="26" slack="0"/>
<pin id="63495" dir="1" index="2" bw="27" slack="0"/>
</pin_list>
<bind>
<opcode="add(8) " fcode="add"/>
<opset="add_ln58_276/4 "/>
</bind>
</comp>

<comp id="63498" class="1004" name="sext_ln58_155_fu_63498">
<pin_list>
<pin id="63499" dir="0" index="0" bw="26" slack="1"/>
<pin id="63500" dir="1" index="1" bw="27" slack="0"/>
</pin_list>
<bind>
<opcode="sext(35) " fcode="sext"/>
<opset="sext_ln58_155/4 "/>
</bind>
</comp>

<comp id="63501" class="1004" name="add_ln58_279_fu_63501">
<pin_list>
<pin id="63502" dir="0" index="0" bw="26" slack="0"/>
<pin id="63503" dir="0" index="1" bw="27" slack="0"/>
<pin id="63504" dir="1" index="2" bw="27" slack="0"/>
</pin_list>
<bind>
<opcode="add(8) " fcode="add"/>
<opset="add_ln58_279/4 "/>
</bind>
</comp>

<comp id="63507" class="1004" name="sext_ln58_104_fu_63507">
<pin_list>
<pin id="63508" dir="0" index="0" bw="27" slack="0"/>
<pin id="63509" dir="1" index="1" bw="28" slack="0"/>
</pin_list>
<bind>
<opcode="sext(35) " fcode="sext"/>
<opset="sext_ln58_104/4 "/>
</bind>
</comp>

<comp id="63511" class="1004" name="add_ln58_280_fu_63511">
<pin_list>
<pin id="63512" dir="0" index="0" bw="26" slack="0"/>
<pin id="63513" dir="0" index="1" bw="26" slack="0"/>
<pin id="63514" dir="1" index="2" bw="27" slack="0"/>
</pin_list>
<bind>
<opcode="add(8) " fcode="add"/>
<opset="add_ln58_280/4 "/>
</bind>
</comp>

<comp id="63517" class="1004" name="sext_ln58_157_fu_63517">
<pin_list>
<pin id="63518" dir="0" index="0" bw="26" slack="1"/>
<pin id="63519" dir="1" index="1" bw="27" slack="0"/>
</pin_list>
<bind>
<opcode="sext(35) " fcode="sext"/>
<opset="sext_ln58_157/4 "/>
</bind>
</comp>

<comp id="63520" class="1004" name="add_ln58_283_fu_63520">
<pin_list>
<pin id="63521" dir="0" index="0" bw="26" slack="0"/>
<pin id="63522" dir="0" index="1" bw="27" slack="0"/>
<pin id="63523" dir="1" index="2" bw="27" slack="0"/>
</pin_list>
<bind>
<opcode="add(8) " fcode="add"/>
<opset="add_ln58_283/4 "/>
</bind>
</comp>

<comp id="63526" class="1004" name="sext_ln58_105_fu_63526">
<pin_list>
<pin id="63527" dir="0" index="0" bw="27" slack="0"/>
<pin id="63528" dir="1" index="1" bw="28" slack="0"/>
</pin_list>
<bind>
<opcode="sext(35) " fcode="sext"/>
<opset="sext_ln58_105/4 "/>
</bind>
</comp>

<comp id="63530" class="1004" name="add_ln58_284_fu_63530">
<pin_list>
<pin id="63531" dir="0" index="0" bw="26" slack="0"/>
<pin id="63532" dir="0" index="1" bw="26" slack="0"/>
<pin id="63533" dir="1" index="2" bw="27" slack="0"/>
</pin_list>
<bind>
<opcode="add(8) " fcode="add"/>
<opset="add_ln58_284/4 "/>
</bind>
</comp>

<comp id="63536" class="1004" name="sext_ln58_159_fu_63536">
<pin_list>
<pin id="63537" dir="0" index="0" bw="26" slack="1"/>
<pin id="63538" dir="1" index="1" bw="27" slack="0"/>
</pin_list>
<bind>
<opcode="sext(35) " fcode="sext"/>
<opset="sext_ln58_159/4 "/>
</bind>
</comp>

<comp id="63539" class="1004" name="add_ln58_287_fu_63539">
<pin_list>
<pin id="63540" dir="0" index="0" bw="26" slack="0"/>
<pin id="63541" dir="0" index="1" bw="27" slack="0"/>
<pin id="63542" dir="1" index="2" bw="27" slack="0"/>
</pin_list>
<bind>
<opcode="add(8) " fcode="add"/>
<opset="add_ln58_287/4 "/>
</bind>
</comp>

<comp id="63545" class="1004" name="sext_ln58_106_fu_63545">
<pin_list>
<pin id="63546" dir="0" index="0" bw="27" slack="0"/>
<pin id="63547" dir="1" index="1" bw="28" slack="0"/>
</pin_list>
<bind>
<opcode="sext(35) " fcode="sext"/>
<opset="sext_ln58_106/4 "/>
</bind>
</comp>

<comp id="63549" class="1004" name="add_ln58_288_fu_63549">
<pin_list>
<pin id="63550" dir="0" index="0" bw="26" slack="0"/>
<pin id="63551" dir="0" index="1" bw="26" slack="0"/>
<pin id="63552" dir="1" index="2" bw="27" slack="0"/>
</pin_list>
<bind>
<opcode="add(8) " fcode="add"/>
<opset="add_ln58_288/4 "/>
</bind>
</comp>

<comp id="63555" class="1004" name="sext_ln58_160_fu_63555">
<pin_list>
<pin id="63556" dir="0" index="0" bw="25" slack="1"/>
<pin id="63557" dir="1" index="1" bw="27" slack="0"/>
</pin_list>
<bind>
<opcode="sext(35) " fcode="sext"/>
<opset="sext_ln58_160/4 "/>
</bind>
</comp>

<comp id="63558" class="1004" name="add_ln58_291_fu_63558">
<pin_list>
<pin id="63559" dir="0" index="0" bw="25" slack="0"/>
<pin id="63560" dir="0" index="1" bw="27" slack="0"/>
<pin id="63561" dir="1" index="2" bw="27" slack="0"/>
</pin_list>
<bind>
<opcode="add(8) " fcode="add"/>
<opset="add_ln58_291/4 "/>
</bind>
</comp>

<comp id="63564" class="1004" name="sext_ln58_107_fu_63564">
<pin_list>
<pin id="63565" dir="0" index="0" bw="27" slack="0"/>
<pin id="63566" dir="1" index="1" bw="28" slack="0"/>
</pin_list>
<bind>
<opcode="sext(35) " fcode="sext"/>
<opset="sext_ln58_107/4 "/>
</bind>
</comp>

<comp id="63568" class="1004" name="sext_ln58_161_fu_63568">
<pin_list>
<pin id="63569" dir="0" index="0" bw="25" slack="1"/>
<pin id="63570" dir="1" index="1" bw="27" slack="0"/>
</pin_list>
<bind>
<opcode="sext(35) " fcode="sext"/>
<opset="sext_ln58_161/4 "/>
</bind>
</comp>

<comp id="63571" class="1004" name="add_ln58_293_fu_63571">
<pin_list>
<pin id="63572" dir="0" index="0" bw="25" slack="0"/>
<pin id="63573" dir="0" index="1" bw="26" slack="0"/>
<pin id="63574" dir="1" index="2" bw="27" slack="0"/>
</pin_list>
<bind>
<opcode="add(8) " fcode="add"/>
<opset="add_ln58_293/4 "/>
</bind>
</comp>

<comp id="63577" class="1004" name="sext_ln58_164_fu_63577">
<pin_list>
<pin id="63578" dir="0" index="0" bw="26" slack="1"/>
<pin id="63579" dir="1" index="1" bw="27" slack="0"/>
</pin_list>
<bind>
<opcode="sext(35) " fcode="sext"/>
<opset="sext_ln58_164/4 "/>
</bind>
</comp>

<comp id="63580" class="1004" name="add_ln58_297_fu_63580">
<pin_list>
<pin id="63581" dir="0" index="0" bw="26" slack="0"/>
<pin id="63582" dir="0" index="1" bw="27" slack="0"/>
<pin id="63583" dir="1" index="2" bw="27" slack="0"/>
</pin_list>
<bind>
<opcode="add(8) " fcode="add"/>
<opset="add_ln58_297/4 "/>
</bind>
</comp>

<comp id="63586" class="1004" name="sext_ln58_108_fu_63586">
<pin_list>
<pin id="63587" dir="0" index="0" bw="27" slack="0"/>
<pin id="63588" dir="1" index="1" bw="28" slack="0"/>
</pin_list>
<bind>
<opcode="sext(35) " fcode="sext"/>
<opset="sext_ln58_108/4 "/>
</bind>
</comp>

<comp id="63590" class="1004" name="add_ln58_298_fu_63590">
<pin_list>
<pin id="63591" dir="0" index="0" bw="27" slack="0"/>
<pin id="63592" dir="0" index="1" bw="27" slack="0"/>
<pin id="63593" dir="1" index="2" bw="28" slack="0"/>
</pin_list>
<bind>
<opcode="add(8) " fcode="add"/>
<opset="add_ln58_298/4 "/>
</bind>
</comp>

<comp id="63596" class="1004" name="sext_ln58_165_fu_63596">
<pin_list>
<pin id="63597" dir="0" index="0" bw="24" slack="1"/>
<pin id="63598" dir="1" index="1" bw="25" slack="0"/>
</pin_list>
<bind>
<opcode="sext(35) " fcode="sext"/>
<opset="sext_ln58_165/4 "/>
</bind>
</comp>

<comp id="63599" class="1004" name="add_ln58_300_fu_63599">
<pin_list>
<pin id="63600" dir="0" index="0" bw="24" slack="0"/>
<pin id="63601" dir="0" index="1" bw="25" slack="1"/>
<pin id="63602" dir="1" index="2" bw="25" slack="0"/>
</pin_list>
<bind>
<opcode="add(8) " fcode="add"/>
<opset="add_ln58_300/4 "/>
</bind>
</comp>

<comp id="63605" class="1004" name="sext_ln58_166_fu_63605">
<pin_list>
<pin id="63606" dir="0" index="0" bw="25" slack="0"/>
<pin id="63607" dir="1" index="1" bw="28" slack="0"/>
</pin_list>
<bind>
<opcode="sext(35) " fcode="sext"/>
<opset="sext_ln58_166/4 "/>
</bind>
</comp>

<comp id="63609" class="1004" name="add_ln58_301_fu_63609">
<pin_list>
<pin id="63610" dir="0" index="0" bw="25" slack="0"/>
<pin id="63611" dir="0" index="1" bw="28" slack="0"/>
<pin id="63612" dir="1" index="2" bw="28" slack="0"/>
</pin_list>
<bind>
<opcode="add(8) " fcode="add"/>
<opset="add_ln58_301/4 "/>
</bind>
</comp>

<comp id="63615" class="1004" name="sext_ln58_109_fu_63615">
<pin_list>
<pin id="63616" dir="0" index="0" bw="28" slack="0"/>
<pin id="63617" dir="1" index="1" bw="37" slack="0"/>
</pin_list>
<bind>
<opcode="sext(35) " fcode="sext"/>
<opset="sext_ln58_109/4 "/>
</bind>
</comp>

<comp id="63619" class="1004" name="add_ln58_302_fu_63619">
<pin_list>
<pin id="63620" dir="0" index="0" bw="27" slack="0"/>
<pin id="63621" dir="0" index="1" bw="26" slack="0"/>
<pin id="63622" dir="1" index="2" bw="28" slack="0"/>
</pin_list>
<bind>
<opcode="add(8) " fcode="add"/>
<opset="add_ln58_302/4 "/>
</bind>
</comp>

<comp id="63625" class="1004" name="sext_ln58_110_fu_63625">
<pin_list>
<pin id="63626" dir="0" index="0" bw="28" slack="0"/>
<pin id="63627" dir="1" index="1" bw="37" slack="0"/>
</pin_list>
<bind>
<opcode="sext(35) " fcode="sext"/>
<opset="sext_ln58_110/4 "/>
</bind>
</comp>

<comp id="63629" class="1004" name="add_ln58_303_fu_63629">
<pin_list>
<pin id="63630" dir="0" index="0" bw="26" slack="0"/>
<pin id="63631" dir="0" index="1" bw="26" slack="0"/>
<pin id="63632" dir="1" index="2" bw="27" slack="0"/>
</pin_list>
<bind>
<opcode="add(8) " fcode="add"/>
<opset="add_ln58_303/4 "/>
</bind>
</comp>

<comp id="63635" class="1004" name="sext_ln58_167_fu_63635">
<pin_list>
<pin id="63636" dir="0" index="0" bw="24" slack="1"/>
<pin id="63637" dir="1" index="1" bw="25" slack="0"/>
</pin_list>
<bind>
<opcode="sext(35) " fcode="sext"/>
<opset="sext_ln58_167/4 "/>
</bind>
</comp>

<comp id="63638" class="1004" name="add_ln58_305_fu_63638">
<pin_list>
<pin id="63639" dir="0" index="0" bw="24" slack="0"/>
<pin id="63640" dir="0" index="1" bw="25" slack="1"/>
<pin id="63641" dir="1" index="2" bw="25" slack="0"/>
</pin_list>
<bind>
<opcode="add(8) " fcode="add"/>
<opset="add_ln58_305/4 "/>
</bind>
</comp>

<comp id="63644" class="1004" name="sext_ln58_168_fu_63644">
<pin_list>
<pin id="63645" dir="0" index="0" bw="25" slack="0"/>
<pin id="63646" dir="1" index="1" bw="27" slack="0"/>
</pin_list>
<bind>
<opcode="sext(35) " fcode="sext"/>
<opset="sext_ln58_168/4 "/>
</bind>
</comp>

<comp id="63648" class="1004" name="add_ln58_306_fu_63648">
<pin_list>
<pin id="63649" dir="0" index="0" bw="25" slack="0"/>
<pin id="63650" dir="0" index="1" bw="27" slack="0"/>
<pin id="63651" dir="1" index="2" bw="27" slack="0"/>
</pin_list>
<bind>
<opcode="add(8) " fcode="add"/>
<opset="add_ln58_306/4 "/>
</bind>
</comp>

<comp id="63654" class="1004" name="sext_ln58_111_fu_63654">
<pin_list>
<pin id="63655" dir="0" index="0" bw="27" slack="0"/>
<pin id="63656" dir="1" index="1" bw="37" slack="0"/>
</pin_list>
<bind>
<opcode="sext(35) " fcode="sext"/>
<opset="sext_ln58_111/4 "/>
</bind>
</comp>

<comp id="63658" class="1004" name="add_ln58_307_fu_63658">
<pin_list>
<pin id="63659" dir="0" index="0" bw="26" slack="0"/>
<pin id="63660" dir="0" index="1" bw="26" slack="0"/>
<pin id="63661" dir="1" index="2" bw="27" slack="0"/>
</pin_list>
<bind>
<opcode="add(8) " fcode="add"/>
<opset="add_ln58_307/4 "/>
</bind>
</comp>

<comp id="63664" class="1004" name="add_ln58_308_fu_63664">
<pin_list>
<pin id="63665" dir="0" index="0" bw="26" slack="1"/>
<pin id="63666" dir="0" index="1" bw="26" slack="1"/>
<pin id="63667" dir="1" index="2" bw="26" slack="0"/>
</pin_list>
<bind>
<opcode="add(8) " fcode="add"/>
<opset="add_ln58_308/4 "/>
</bind>
</comp>

<comp id="63670" class="1004" name="sext_ln58_169_fu_63670">
<pin_list>
<pin id="63671" dir="0" index="0" bw="26" slack="0"/>
<pin id="63672" dir="1" index="1" bw="27" slack="0"/>
</pin_list>
<bind>
<opcode="sext(35) " fcode="sext"/>
<opset="sext_ln58_169/4 "/>
</bind>
</comp>

<comp id="63674" class="1004" name="add_ln58_309_fu_63674">
<pin_list>
<pin id="63675" dir="0" index="0" bw="26" slack="0"/>
<pin id="63676" dir="0" index="1" bw="27" slack="0"/>
<pin id="63677" dir="1" index="2" bw="27" slack="0"/>
</pin_list>
<bind>
<opcode="add(8) " fcode="add"/>
<opset="add_ln58_309/4 "/>
</bind>
</comp>

<comp id="63680" class="1004" name="sext_ln58_112_fu_63680">
<pin_list>
<pin id="63681" dir="0" index="0" bw="27" slack="0"/>
<pin id="63682" dir="1" index="1" bw="37" slack="0"/>
</pin_list>
<bind>
<opcode="sext(35) " fcode="sext"/>
<opset="sext_ln58_112/4 "/>
</bind>
</comp>

<comp id="63684" class="1004" name="add_ln58_310_fu_63684">
<pin_list>
<pin id="63685" dir="0" index="0" bw="27" slack="0"/>
<pin id="63686" dir="0" index="1" bw="27" slack="0"/>
<pin id="63687" dir="1" index="2" bw="28" slack="0"/>
</pin_list>
<bind>
<opcode="add(8) " fcode="add"/>
<opset="add_ln58_310/4 "/>
</bind>
</comp>

<comp id="63690" class="1004" name="sext_ln58_113_fu_63690">
<pin_list>
<pin id="63691" dir="0" index="0" bw="28" slack="0"/>
<pin id="63692" dir="1" index="1" bw="37" slack="0"/>
</pin_list>
<bind>
<opcode="sext(35) " fcode="sext"/>
<opset="sext_ln58_113/4 "/>
</bind>
</comp>

<comp id="63694" class="1004" name="add_ln58_311_fu_63694">
<pin_list>
<pin id="63695" dir="0" index="0" bw="25" slack="1"/>
<pin id="63696" dir="0" index="1" bw="24" slack="0"/>
<pin id="63697" dir="1" index="2" bw="25" slack="0"/>
</pin_list>
<bind>
<opcode="add(8) " fcode="add"/>
<opset="add_ln58_311/4 "/>
</bind>
</comp>

<comp id="63700" class="1004" name="sext_ln58_170_fu_63700">
<pin_list>
<pin id="63701" dir="0" index="0" bw="25" slack="0"/>
<pin id="63702" dir="1" index="1" bw="27" slack="0"/>
</pin_list>
<bind>
<opcode="sext(35) " fcode="sext"/>
<opset="sext_ln58_170/4 "/>
</bind>
</comp>

<comp id="63704" class="1004" name="add_ln58_312_fu_63704">
<pin_list>
<pin id="63705" dir="0" index="0" bw="25" slack="0"/>
<pin id="63706" dir="0" index="1" bw="26" slack="0"/>
<pin id="63707" dir="1" index="2" bw="27" slack="0"/>
</pin_list>
<bind>
<opcode="add(8) " fcode="add"/>
<opset="add_ln58_312/4 "/>
</bind>
</comp>

<comp id="63710" class="1004" name="sext_ln58_173_fu_63710">
<pin_list>
<pin id="63711" dir="0" index="0" bw="25" slack="1"/>
<pin id="63712" dir="1" index="1" bw="27" slack="0"/>
</pin_list>
<bind>
<opcode="sext(35) " fcode="sext"/>
<opset="sext_ln58_173/4 "/>
</bind>
</comp>

<comp id="63713" class="1004" name="add_ln58_316_fu_63713">
<pin_list>
<pin id="63714" dir="0" index="0" bw="25" slack="0"/>
<pin id="63715" dir="0" index="1" bw="27" slack="0"/>
<pin id="63716" dir="1" index="2" bw="27" slack="0"/>
</pin_list>
<bind>
<opcode="add(8) " fcode="add"/>
<opset="add_ln58_316/4 "/>
</bind>
</comp>

<comp id="63719" class="1004" name="sext_ln58_114_fu_63719">
<pin_list>
<pin id="63720" dir="0" index="0" bw="27" slack="0"/>
<pin id="63721" dir="1" index="1" bw="37" slack="0"/>
</pin_list>
<bind>
<opcode="sext(35) " fcode="sext"/>
<opset="sext_ln58_114/4 "/>
</bind>
</comp>

<comp id="63723" class="1004" name="add_ln58_317_fu_63723">
<pin_list>
<pin id="63724" dir="0" index="0" bw="27" slack="0"/>
<pin id="63725" dir="0" index="1" bw="26" slack="0"/>
<pin id="63726" dir="1" index="2" bw="28" slack="0"/>
</pin_list>
<bind>
<opcode="add(8) " fcode="add"/>
<opset="add_ln58_317/4 "/>
</bind>
</comp>

<comp id="63729" class="1004" name="sext_ln58_115_fu_63729">
<pin_list>
<pin id="63730" dir="0" index="0" bw="28" slack="0"/>
<pin id="63731" dir="1" index="1" bw="37" slack="0"/>
</pin_list>
<bind>
<opcode="sext(35) " fcode="sext"/>
<opset="sext_ln58_115/4 "/>
</bind>
</comp>

<comp id="63733" class="1004" name="add_ln58_318_fu_63733">
<pin_list>
<pin id="63734" dir="0" index="0" bw="27" slack="0"/>
<pin id="63735" dir="0" index="1" bw="26" slack="0"/>
<pin id="63736" dir="1" index="2" bw="28" slack="0"/>
</pin_list>
<bind>
<opcode="add(8) " fcode="add"/>
<opset="add_ln58_318/4 "/>
</bind>
</comp>

<comp id="63739" class="1004" name="add_ln58_319_fu_63739">
<pin_list>
<pin id="63740" dir="0" index="0" bw="26" slack="1"/>
<pin id="63741" dir="0" index="1" bw="26" slack="1"/>
<pin id="63742" dir="1" index="2" bw="26" slack="0"/>
</pin_list>
<bind>
<opcode="add(8) " fcode="add"/>
<opset="add_ln58_319/4 "/>
</bind>
</comp>

<comp id="63745" class="1004" name="sext_ln58_174_fu_63745">
<pin_list>
<pin id="63746" dir="0" index="0" bw="26" slack="0"/>
<pin id="63747" dir="1" index="1" bw="28" slack="0"/>
</pin_list>
<bind>
<opcode="sext(35) " fcode="sext"/>
<opset="sext_ln58_174/4 "/>
</bind>
</comp>

<comp id="63749" class="1004" name="add_ln58_320_fu_63749">
<pin_list>
<pin id="63750" dir="0" index="0" bw="26" slack="0"/>
<pin id="63751" dir="0" index="1" bw="28" slack="0"/>
<pin id="63752" dir="1" index="2" bw="28" slack="0"/>
</pin_list>
<bind>
<opcode="add(8) " fcode="add"/>
<opset="add_ln58_320/4 "/>
</bind>
</comp>

<comp id="63755" class="1004" name="sext_ln58_116_fu_63755">
<pin_list>
<pin id="63756" dir="0" index="0" bw="28" slack="0"/>
<pin id="63757" dir="1" index="1" bw="37" slack="0"/>
</pin_list>
<bind>
<opcode="sext(35) " fcode="sext"/>
<opset="sext_ln58_116/4 "/>
</bind>
</comp>

<comp id="63759" class="1004" name="add_ln58_321_fu_63759">
<pin_list>
<pin id="63760" dir="0" index="0" bw="25" slack="1"/>
<pin id="63761" dir="0" index="1" bw="23" slack="0"/>
<pin id="63762" dir="1" index="2" bw="25" slack="0"/>
</pin_list>
<bind>
<opcode="add(8) " fcode="add"/>
<opset="add_ln58_321/4 "/>
</bind>
</comp>

<comp id="63765" class="1004" name="sext_ln58_175_fu_63765">
<pin_list>
<pin id="63766" dir="0" index="0" bw="25" slack="0"/>
<pin id="63767" dir="1" index="1" bw="28" slack="0"/>
</pin_list>
<bind>
<opcode="sext(35) " fcode="sext"/>
<opset="sext_ln58_175/4 "/>
</bind>
</comp>

<comp id="63769" class="1004" name="add_ln58_322_fu_63769">
<pin_list>
<pin id="63770" dir="0" index="0" bw="25" slack="0"/>
<pin id="63771" dir="0" index="1" bw="27" slack="0"/>
<pin id="63772" dir="1" index="2" bw="28" slack="0"/>
</pin_list>
<bind>
<opcode="add(8) " fcode="add"/>
<opset="add_ln58_322/4 "/>
</bind>
</comp>

<comp id="63775" class="1004" name="sext_ln58_117_fu_63775">
<pin_list>
<pin id="63776" dir="0" index="0" bw="28" slack="0"/>
<pin id="63777" dir="1" index="1" bw="37" slack="0"/>
</pin_list>
<bind>
<opcode="sext(35) " fcode="sext"/>
<opset="sext_ln58_117/4 "/>
</bind>
</comp>

<comp id="63779" class="1004" name="add_ln58_323_fu_63779">
<pin_list>
<pin id="63780" dir="0" index="0" bw="27" slack="0"/>
<pin id="63781" dir="0" index="1" bw="26" slack="0"/>
<pin id="63782" dir="1" index="2" bw="28" slack="0"/>
</pin_list>
<bind>
<opcode="add(8) " fcode="add"/>
<opset="add_ln58_323/4 "/>
</bind>
</comp>

<comp id="63785" class="1004" name="sext_ln58_176_fu_63785">
<pin_list>
<pin id="63786" dir="0" index="0" bw="25" slack="1"/>
<pin id="63787" dir="1" index="1" bw="26" slack="0"/>
</pin_list>
<bind>
<opcode="sext(35) " fcode="sext"/>
<opset="sext_ln58_176/4 "/>
</bind>
</comp>

<comp id="63788" class="1004" name="add_ln58_325_fu_63788">
<pin_list>
<pin id="63789" dir="0" index="0" bw="25" slack="0"/>
<pin id="63790" dir="0" index="1" bw="26" slack="1"/>
<pin id="63791" dir="1" index="2" bw="26" slack="0"/>
</pin_list>
<bind>
<opcode="add(8) " fcode="add"/>
<opset="add_ln58_325/4 "/>
</bind>
</comp>

<comp id="63794" class="1004" name="sext_ln58_177_fu_63794">
<pin_list>
<pin id="63795" dir="0" index="0" bw="26" slack="0"/>
<pin id="63796" dir="1" index="1" bw="28" slack="0"/>
</pin_list>
<bind>
<opcode="sext(35) " fcode="sext"/>
<opset="sext_ln58_177/4 "/>
</bind>
</comp>

<comp id="63798" class="1004" name="add_ln58_326_fu_63798">
<pin_list>
<pin id="63799" dir="0" index="0" bw="26" slack="0"/>
<pin id="63800" dir="0" index="1" bw="28" slack="0"/>
<pin id="63801" dir="1" index="2" bw="28" slack="0"/>
</pin_list>
<bind>
<opcode="add(8) " fcode="add"/>
<opset="add_ln58_326/4 "/>
</bind>
</comp>

<comp id="63804" class="1004" name="sext_ln58_118_fu_63804">
<pin_list>
<pin id="63805" dir="0" index="0" bw="28" slack="0"/>
<pin id="63806" dir="1" index="1" bw="37" slack="0"/>
</pin_list>
<bind>
<opcode="sext(35) " fcode="sext"/>
<opset="sext_ln58_118/4 "/>
</bind>
</comp>

<comp id="63808" class="1004" name="add_ln58_327_fu_63808">
<pin_list>
<pin id="63809" dir="0" index="0" bw="27" slack="0"/>
<pin id="63810" dir="0" index="1" bw="26" slack="0"/>
<pin id="63811" dir="1" index="2" bw="28" slack="0"/>
</pin_list>
<bind>
<opcode="add(8) " fcode="add"/>
<opset="add_ln58_327/4 "/>
</bind>
</comp>

<comp id="63814" class="1004" name="add_ln58_328_fu_63814">
<pin_list>
<pin id="63815" dir="0" index="0" bw="26" slack="1"/>
<pin id="63816" dir="0" index="1" bw="26" slack="1"/>
<pin id="63817" dir="1" index="2" bw="26" slack="0"/>
</pin_list>
<bind>
<opcode="add(8) " fcode="add"/>
<opset="add_ln58_328/4 "/>
</bind>
</comp>

<comp id="63820" class="1004" name="sext_ln58_178_fu_63820">
<pin_list>
<pin id="63821" dir="0" index="0" bw="26" slack="0"/>
<pin id="63822" dir="1" index="1" bw="28" slack="0"/>
</pin_list>
<bind>
<opcode="sext(35) " fcode="sext"/>
<opset="sext_ln58_178/4 "/>
</bind>
</comp>

<comp id="63824" class="1004" name="add_ln58_329_fu_63824">
<pin_list>
<pin id="63825" dir="0" index="0" bw="26" slack="0"/>
<pin id="63826" dir="0" index="1" bw="28" slack="0"/>
<pin id="63827" dir="1" index="2" bw="28" slack="0"/>
</pin_list>
<bind>
<opcode="add(8) " fcode="add"/>
<opset="add_ln58_329/4 "/>
</bind>
</comp>

<comp id="63830" class="1004" name="sext_ln58_119_fu_63830">
<pin_list>
<pin id="63831" dir="0" index="0" bw="28" slack="0"/>
<pin id="63832" dir="1" index="1" bw="37" slack="0"/>
</pin_list>
<bind>
<opcode="sext(35) " fcode="sext"/>
<opset="sext_ln58_119/4 "/>
</bind>
</comp>

<comp id="63834" class="1004" name="add_ln58_330_fu_63834">
<pin_list>
<pin id="63835" dir="0" index="0" bw="27" slack="0"/>
<pin id="63836" dir="0" index="1" bw="26" slack="0"/>
<pin id="63837" dir="1" index="2" bw="28" slack="0"/>
</pin_list>
<bind>
<opcode="add(8) " fcode="add"/>
<opset="add_ln58_330/4 "/>
</bind>
</comp>

<comp id="63840" class="1004" name="sext_ln58_179_fu_63840">
<pin_list>
<pin id="63841" dir="0" index="0" bw="26" slack="1"/>
<pin id="63842" dir="1" index="1" bw="27" slack="0"/>
</pin_list>
<bind>
<opcode="sext(35) " fcode="sext"/>
<opset="sext_ln58_179/4 "/>
</bind>
</comp>

<comp id="63843" class="1004" name="add_ln58_332_fu_63843">
<pin_list>
<pin id="63844" dir="0" index="0" bw="26" slack="0"/>
<pin id="63845" dir="0" index="1" bw="26" slack="0"/>
<pin id="63846" dir="1" index="2" bw="27" slack="0"/>
</pin_list>
<bind>
<opcode="add(8) " fcode="add"/>
<opset="add_ln58_332/4 "/>
</bind>
</comp>

<comp id="63849" class="1004" name="sext_ln58_180_fu_63849">
<pin_list>
<pin id="63850" dir="0" index="0" bw="27" slack="0"/>
<pin id="63851" dir="1" index="1" bw="28" slack="0"/>
</pin_list>
<bind>
<opcode="sext(35) " fcode="sext"/>
<opset="sext_ln58_180/4 "/>
</bind>
</comp>

<comp id="63853" class="1004" name="add_ln58_333_fu_63853">
<pin_list>
<pin id="63854" dir="0" index="0" bw="27" slack="0"/>
<pin id="63855" dir="0" index="1" bw="28" slack="0"/>
<pin id="63856" dir="1" index="2" bw="28" slack="0"/>
</pin_list>
<bind>
<opcode="add(8) " fcode="add"/>
<opset="add_ln58_333/4 "/>
</bind>
</comp>

<comp id="63859" class="1004" name="sext_ln58_120_fu_63859">
<pin_list>
<pin id="63860" dir="0" index="0" bw="28" slack="0"/>
<pin id="63861" dir="1" index="1" bw="37" slack="0"/>
</pin_list>
<bind>
<opcode="sext(35) " fcode="sext"/>
<opset="sext_ln58_120/4 "/>
</bind>
</comp>

<comp id="63863" class="1004" name="add_ln58_334_fu_63863">
<pin_list>
<pin id="63864" dir="0" index="0" bw="26" slack="1"/>
<pin id="63865" dir="0" index="1" bw="25" slack="0"/>
<pin id="63866" dir="1" index="2" bw="26" slack="0"/>
</pin_list>
<bind>
<opcode="add(8) " fcode="add"/>
<opset="add_ln58_334/4 "/>
</bind>
</comp>

<comp id="63869" class="1004" name="sext_ln58_181_fu_63869">
<pin_list>
<pin id="63870" dir="0" index="0" bw="26" slack="0"/>
<pin id="63871" dir="1" index="1" bw="28" slack="0"/>
</pin_list>
<bind>
<opcode="sext(35) " fcode="sext"/>
<opset="sext_ln58_181/4 "/>
</bind>
</comp>

<comp id="63873" class="1004" name="add_ln58_335_fu_63873">
<pin_list>
<pin id="63874" dir="0" index="0" bw="26" slack="0"/>
<pin id="63875" dir="0" index="1" bw="27" slack="0"/>
<pin id="63876" dir="1" index="2" bw="28" slack="0"/>
</pin_list>
<bind>
<opcode="add(8) " fcode="add"/>
<opset="add_ln58_335/4 "/>
</bind>
</comp>

<comp id="63879" class="1004" name="sext_ln58_121_fu_63879">
<pin_list>
<pin id="63880" dir="0" index="0" bw="28" slack="0"/>
<pin id="63881" dir="1" index="1" bw="37" slack="0"/>
</pin_list>
<bind>
<opcode="sext(35) " fcode="sext"/>
<opset="sext_ln58_121/4 "/>
</bind>
</comp>

<comp id="63883" class="1004" name="add_ln58_336_fu_63883">
<pin_list>
<pin id="63884" dir="0" index="0" bw="27" slack="0"/>
<pin id="63885" dir="0" index="1" bw="25" slack="0"/>
<pin id="63886" dir="1" index="2" bw="28" slack="0"/>
</pin_list>
<bind>
<opcode="add(8) " fcode="add"/>
<opset="add_ln58_336/4 "/>
</bind>
</comp>

<comp id="63889" class="1004" name="add_ln58_337_fu_63889">
<pin_list>
<pin id="63890" dir="0" index="0" bw="25" slack="1"/>
<pin id="63891" dir="0" index="1" bw="23" slack="0"/>
<pin id="63892" dir="1" index="2" bw="25" slack="0"/>
</pin_list>
<bind>
<opcode="add(8) " fcode="add"/>
<opset="add_ln58_337/4 "/>
</bind>
</comp>

<comp id="63895" class="1004" name="add_ln58_338_fu_63895">
<pin_list>
<pin id="63896" dir="0" index="0" bw="25" slack="0"/>
<pin id="63897" dir="0" index="1" bw="25" slack="1"/>
<pin id="63898" dir="1" index="2" bw="25" slack="0"/>
</pin_list>
<bind>
<opcode="add(8) " fcode="add"/>
<opset="add_ln58_338/4 "/>
</bind>
</comp>

<comp id="63901" class="1004" name="sext_ln58_182_fu_63901">
<pin_list>
<pin id="63902" dir="0" index="0" bw="25" slack="0"/>
<pin id="63903" dir="1" index="1" bw="28" slack="0"/>
</pin_list>
<bind>
<opcode="sext(35) " fcode="sext"/>
<opset="sext_ln58_182/4 "/>
</bind>
</comp>

<comp id="63905" class="1004" name="add_ln58_339_fu_63905">
<pin_list>
<pin id="63906" dir="0" index="0" bw="25" slack="0"/>
<pin id="63907" dir="0" index="1" bw="28" slack="0"/>
<pin id="63908" dir="1" index="2" bw="28" slack="0"/>
</pin_list>
<bind>
<opcode="add(8) " fcode="add"/>
<opset="add_ln58_339/4 "/>
</bind>
</comp>

<comp id="63911" class="1004" name="sext_ln58_122_fu_63911">
<pin_list>
<pin id="63912" dir="0" index="0" bw="28" slack="0"/>
<pin id="63913" dir="1" index="1" bw="37" slack="0"/>
</pin_list>
<bind>
<opcode="sext(35) " fcode="sext"/>
<opset="sext_ln58_122/4 "/>
</bind>
</comp>

<comp id="63915" class="1004" name="add_ln58_340_fu_63915">
<pin_list>
<pin id="63916" dir="0" index="0" bw="27" slack="0"/>
<pin id="63917" dir="0" index="1" bw="27" slack="0"/>
<pin id="63918" dir="1" index="2" bw="28" slack="0"/>
</pin_list>
<bind>
<opcode="add(8) " fcode="add"/>
<opset="add_ln58_340/4 "/>
</bind>
</comp>

<comp id="63921" class="1004" name="add_ln58_341_fu_63921">
<pin_list>
<pin id="63922" dir="0" index="0" bw="26" slack="1"/>
<pin id="63923" dir="0" index="1" bw="25" slack="0"/>
<pin id="63924" dir="1" index="2" bw="26" slack="0"/>
</pin_list>
<bind>
<opcode="add(8) " fcode="add"/>
<opset="add_ln58_341/4 "/>
</bind>
</comp>

<comp id="63927" class="1004" name="sext_ln58_183_fu_63927">
<pin_list>
<pin id="63928" dir="0" index="0" bw="26" slack="0"/>
<pin id="63929" dir="1" index="1" bw="28" slack="0"/>
</pin_list>
<bind>
<opcode="sext(35) " fcode="sext"/>
<opset="sext_ln58_183/4 "/>
</bind>
</comp>

<comp id="63931" class="1004" name="add_ln58_342_fu_63931">
<pin_list>
<pin id="63932" dir="0" index="0" bw="26" slack="0"/>
<pin id="63933" dir="0" index="1" bw="28" slack="0"/>
<pin id="63934" dir="1" index="2" bw="28" slack="0"/>
</pin_list>
<bind>
<opcode="add(8) " fcode="add"/>
<opset="add_ln58_342/4 "/>
</bind>
</comp>

<comp id="63937" class="1004" name="sext_ln18_fu_63937">
<pin_list>
<pin id="63938" dir="0" index="0" bw="28" slack="0"/>
<pin id="63939" dir="1" index="1" bw="37" slack="0"/>
</pin_list>
<bind>
<opcode="sext(35) " fcode="sext"/>
<opset="sext_ln18/4 "/>
</bind>
</comp>

<comp id="63941" class="1004" name="mrv_fu_63941">
<pin_list>
<pin id="63942" dir="0" index="0" bw="555" slack="0"/>
<pin id="63943" dir="0" index="1" bw="28" slack="0"/>
<pin id="63944" dir="1" index="2" bw="555" slack="0"/>
</pin_list>
<bind>
<opcode="insertvalue(57) " fcode="insertvalue"/>
<opset="mrv/4 "/>
</bind>
</comp>

<comp id="63947" class="1004" name="mrv_1_fu_63947">
<pin_list>
<pin id="63948" dir="0" index="0" bw="555" slack="0"/>
<pin id="63949" dir="0" index="1" bw="28" slack="0"/>
<pin id="63950" dir="1" index="2" bw="555" slack="0"/>
</pin_list>
<bind>
<opcode="insertvalue(57) " fcode="insertvalue"/>
<opset="mrv_1/4 "/>
</bind>
</comp>

<comp id="63953" class="1004" name="mrv_2_fu_63953">
<pin_list>
<pin id="63954" dir="0" index="0" bw="555" slack="0"/>
<pin id="63955" dir="0" index="1" bw="27" slack="0"/>
<pin id="63956" dir="1" index="2" bw="555" slack="0"/>
</pin_list>
<bind>
<opcode="insertvalue(57) " fcode="insertvalue"/>
<opset="mrv_2/4 "/>
</bind>
</comp>

<comp id="63959" class="1004" name="mrv_3_fu_63959">
<pin_list>
<pin id="63960" dir="0" index="0" bw="555" slack="0"/>
<pin id="63961" dir="0" index="1" bw="27" slack="0"/>
<pin id="63962" dir="1" index="2" bw="555" slack="0"/>
</pin_list>
<bind>
<opcode="insertvalue(57) " fcode="insertvalue"/>
<opset="mrv_3/4 "/>
</bind>
</comp>

<comp id="63965" class="1004" name="mrv_4_fu_63965">
<pin_list>
<pin id="63966" dir="0" index="0" bw="555" slack="0"/>
<pin id="63967" dir="0" index="1" bw="28" slack="0"/>
<pin id="63968" dir="1" index="2" bw="555" slack="0"/>
</pin_list>
<bind>
<opcode="insertvalue(57) " fcode="insertvalue"/>
<opset="mrv_4/4 "/>
</bind>
</comp>

<comp id="63971" class="1004" name="mrv_5_fu_63971">
<pin_list>
<pin id="63972" dir="0" index="0" bw="555" slack="0"/>
<pin id="63973" dir="0" index="1" bw="27" slack="0"/>
<pin id="63974" dir="1" index="2" bw="555" slack="0"/>
</pin_list>
<bind>
<opcode="insertvalue(57) " fcode="insertvalue"/>
<opset="mrv_5/4 "/>
</bind>
</comp>

<comp id="63977" class="1004" name="mrv_6_fu_63977">
<pin_list>
<pin id="63978" dir="0" index="0" bw="555" slack="0"/>
<pin id="63979" dir="0" index="1" bw="28" slack="0"/>
<pin id="63980" dir="1" index="2" bw="555" slack="0"/>
</pin_list>
<bind>
<opcode="insertvalue(57) " fcode="insertvalue"/>
<opset="mrv_6/4 "/>
</bind>
</comp>

<comp id="63983" class="1004" name="mrv_7_fu_63983">
<pin_list>
<pin id="63984" dir="0" index="0" bw="555" slack="0"/>
<pin id="63985" dir="0" index="1" bw="28" slack="0"/>
<pin id="63986" dir="1" index="2" bw="555" slack="0"/>
</pin_list>
<bind>
<opcode="insertvalue(57) " fcode="insertvalue"/>
<opset="mrv_7/4 "/>
</bind>
</comp>

<comp id="63989" class="1004" name="mrv_8_fu_63989">
<pin_list>
<pin id="63990" dir="0" index="0" bw="555" slack="0"/>
<pin id="63991" dir="0" index="1" bw="28" slack="0"/>
<pin id="63992" dir="1" index="2" bw="555" slack="0"/>
</pin_list>
<bind>
<opcode="insertvalue(57) " fcode="insertvalue"/>
<opset="mrv_8/4 "/>
</bind>
</comp>

<comp id="63995" class="1004" name="mrv_9_fu_63995">
<pin_list>
<pin id="63996" dir="0" index="0" bw="555" slack="0"/>
<pin id="63997" dir="0" index="1" bw="28" slack="0"/>
<pin id="63998" dir="1" index="2" bw="555" slack="0"/>
</pin_list>
<bind>
<opcode="insertvalue(57) " fcode="insertvalue"/>
<opset="mrv_9/4 "/>
</bind>
</comp>

<comp id="64001" class="1004" name="mrv_s_fu_64001">
<pin_list>
<pin id="64002" dir="0" index="0" bw="555" slack="0"/>
<pin id="64003" dir="0" index="1" bw="28" slack="0"/>
<pin id="64004" dir="1" index="2" bw="555" slack="0"/>
</pin_list>
<bind>
<opcode="insertvalue(57) " fcode="insertvalue"/>
<opset="mrv_s/4 "/>
</bind>
</comp>

<comp id="64007" class="1004" name="mrv_10_fu_64007">
<pin_list>
<pin id="64008" dir="0" index="0" bw="555" slack="0"/>
<pin id="64009" dir="0" index="1" bw="28" slack="0"/>
<pin id="64010" dir="1" index="2" bw="555" slack="0"/>
</pin_list>
<bind>
<opcode="insertvalue(57) " fcode="insertvalue"/>
<opset="mrv_10/4 "/>
</bind>
</comp>

<comp id="64013" class="1004" name="mrv_11_fu_64013">
<pin_list>
<pin id="64014" dir="0" index="0" bw="555" slack="0"/>
<pin id="64015" dir="0" index="1" bw="28" slack="0"/>
<pin id="64016" dir="1" index="2" bw="555" slack="0"/>
</pin_list>
<bind>
<opcode="insertvalue(57) " fcode="insertvalue"/>
<opset="mrv_11/4 "/>
</bind>
</comp>

<comp id="64019" class="1004" name="mrv_12_fu_64019">
<pin_list>
<pin id="64020" dir="0" index="0" bw="555" slack="0"/>
<pin id="64021" dir="0" index="1" bw="28" slack="0"/>
<pin id="64022" dir="1" index="2" bw="555" slack="0"/>
</pin_list>
<bind>
<opcode="insertvalue(57) " fcode="insertvalue"/>
<opset="mrv_12/4 "/>
</bind>
</comp>

<comp id="64025" class="1004" name="mrv_13_fu_64025">
<pin_list>
<pin id="64026" dir="0" index="0" bw="555" slack="0"/>
<pin id="64027" dir="0" index="1" bw="28" slack="0"/>
<pin id="64028" dir="1" index="2" bw="555" slack="2147483647"/>
</pin_list>
<bind>
<opcode="insertvalue(57) " fcode="insertvalue"/>
<opset="mrv_13/4 "/>
</bind>
</comp>

<comp id="64031" class="1005" name="data_9_val10_read_reg_64031">
<pin_list>
<pin id="64032" dir="0" index="0" bw="16" slack="1"/>
<pin id="64033" dir="1" index="1" bw="16" slack="1"/>
</pin_list>
<bind>
<opset="data_9_val10_read "/>
</bind>
</comp>

<comp id="64042" class="1005" name="data_8_val9_read_reg_64042">
<pin_list>
<pin id="64043" dir="0" index="0" bw="16" slack="1"/>
<pin id="64044" dir="1" index="1" bw="16" slack="1"/>
</pin_list>
<bind>
<opset="data_8_val9_read "/>
</bind>
</comp>

<comp id="64051" class="1005" name="data_7_val8_read_reg_64051">
<pin_list>
<pin id="64052" dir="0" index="0" bw="16" slack="1"/>
<pin id="64053" dir="1" index="1" bw="16" slack="1"/>
</pin_list>
<bind>
<opset="data_7_val8_read "/>
</bind>
</comp>

<comp id="64062" class="1005" name="data_6_val7_read_reg_64062">
<pin_list>
<pin id="64063" dir="0" index="0" bw="16" slack="1"/>
<pin id="64064" dir="1" index="1" bw="16" slack="1"/>
</pin_list>
<bind>
<opset="data_6_val7_read "/>
</bind>
</comp>

<comp id="64072" class="1005" name="data_5_val6_read_reg_64072">
<pin_list>
<pin id="64073" dir="0" index="0" bw="16" slack="1"/>
<pin id="64074" dir="1" index="1" bw="16" slack="1"/>
</pin_list>
<bind>
<opset="data_5_val6_read "/>
</bind>
</comp>

<comp id="64081" class="1005" name="data_4_val5_read_reg_64081">
<pin_list>
<pin id="64082" dir="0" index="0" bw="16" slack="1"/>
<pin id="64083" dir="1" index="1" bw="16" slack="1"/>
</pin_list>
<bind>
<opset="data_4_val5_read "/>
</bind>
</comp>

<comp id="64092" class="1005" name="data_3_val4_read_reg_64092">
<pin_list>
<pin id="64093" dir="0" index="0" bw="16" slack="1"/>
<pin id="64094" dir="1" index="1" bw="16" slack="1"/>
</pin_list>
<bind>
<opset="data_3_val4_read "/>
</bind>
</comp>

<comp id="64106" class="1005" name="data_2_val3_read_reg_64106">
<pin_list>
<pin id="64107" dir="0" index="0" bw="16" slack="1"/>
<pin id="64108" dir="1" index="1" bw="16" slack="1"/>
</pin_list>
<bind>
<opset="data_2_val3_read "/>
</bind>
</comp>

<comp id="64116" class="1005" name="data_1_val2_read_reg_64116">
<pin_list>
<pin id="64117" dir="0" index="0" bw="16" slack="1"/>
<pin id="64118" dir="1" index="1" bw="16" slack="1"/>
</pin_list>
<bind>
<opset="data_1_val2_read "/>
</bind>
</comp>

<comp id="64131" class="1005" name="data_0_val1_read_reg_64131">
<pin_list>
<pin id="64132" dir="0" index="0" bw="16" slack="1"/>
<pin id="64133" dir="1" index="1" bw="16" slack="1"/>
</pin_list>
<bind>
<opset="data_0_val1_read "/>
</bind>
</comp>

<comp id="64140" class="1005" name="sext_ln70_89_reg_64140">
<pin_list>
<pin id="64141" dir="0" index="0" bw="23" slack="1"/>
<pin id="64142" dir="1" index="1" bw="23" slack="1"/>
</pin_list>
<bind>
<opset="sext_ln70_89 "/>
</bind>
</comp>

<comp id="64146" class="1005" name="sext_ln73_reg_64146">
<pin_list>
<pin id="64147" dir="0" index="0" bw="26" slack="1"/>
<pin id="64148" dir="1" index="1" bw="26" slack="1"/>
</pin_list>
<bind>
<opset="sext_ln73 "/>
</bind>
</comp>

<comp id="64151" class="1005" name="sub_ln73_reg_64151">
<pin_list>
<pin id="64152" dir="0" index="0" bw="23" slack="1"/>
<pin id="64153" dir="1" index="1" bw="23" slack="1"/>
</pin_list>
<bind>
<opset="sub_ln73 "/>
</bind>
</comp>

<comp id="64156" class="1005" name="sub_ln73_26_reg_64156">
<pin_list>
<pin id="64157" dir="0" index="0" bw="19" slack="1"/>
<pin id="64158" dir="1" index="1" bw="19" slack="1"/>
</pin_list>
<bind>
<opset="sub_ln73_26 "/>
</bind>
</comp>

<comp id="64161" class="1005" name="sext_ln70_90_reg_64161">
<pin_list>
<pin id="64162" dir="0" index="0" bw="24" slack="1"/>
<pin id="64163" dir="1" index="1" bw="24" slack="1"/>
</pin_list>
<bind>
<opset="sext_ln70_90 "/>
</bind>
</comp>

<comp id="64166" class="1005" name="add_ln73_reg_64166">
<pin_list>
<pin id="64167" dir="0" index="0" bw="23" slack="1"/>
<pin id="64168" dir="1" index="1" bw="23" slack="1"/>
</pin_list>
<bind>
<opset="add_ln73 "/>
</bind>
</comp>

<comp id="64171" class="1005" name="sext_ln70_93_reg_64171">
<pin_list>
<pin id="64172" dir="0" index="0" bw="26" slack="1"/>
<pin id="64173" dir="1" index="1" bw="26" slack="1"/>
</pin_list>
<bind>
<opset="sext_ln70_93 "/>
</bind>
</comp>

<comp id="64179" class="1005" name="sext_ln70_97_reg_64179">
<pin_list>
<pin id="64180" dir="0" index="0" bw="26" slack="1"/>
<pin id="64181" dir="1" index="1" bw="26" slack="1"/>
</pin_list>
<bind>
<opset="sext_ln70_97 "/>
</bind>
</comp>

<comp id="64187" class="1005" name="sext_ln70_98_reg_64187">
<pin_list>
<pin id="64188" dir="0" index="0" bw="25" slack="1"/>
<pin id="64189" dir="1" index="1" bw="25" slack="1"/>
</pin_list>
<bind>
<opset="sext_ln70_98 "/>
</bind>
</comp>

<comp id="64193" class="1005" name="sext_ln70_100_reg_64193">
<pin_list>
<pin id="64194" dir="0" index="0" bw="25" slack="1"/>
<pin id="64195" dir="1" index="1" bw="25" slack="1"/>
</pin_list>
<bind>
<opset="sext_ln70_100 "/>
</bind>
</comp>

<comp id="64198" class="1005" name="sext_ln70_102_reg_64198">
<pin_list>
<pin id="64199" dir="0" index="0" bw="26" slack="1"/>
<pin id="64200" dir="1" index="1" bw="26" slack="1"/>
</pin_list>
<bind>
<opset="sext_ln70_102 "/>
</bind>
</comp>

<comp id="64207" class="1005" name="sext_ln70_103_reg_64207">
<pin_list>
<pin id="64208" dir="0" index="0" bw="25" slack="1"/>
<pin id="64209" dir="1" index="1" bw="25" slack="1"/>
</pin_list>
<bind>
<opset="sext_ln70_103 "/>
</bind>
</comp>

<comp id="64214" class="1005" name="sext_ln70_105_reg_64214">
<pin_list>
<pin id="64215" dir="0" index="0" bw="26" slack="1"/>
<pin id="64216" dir="1" index="1" bw="26" slack="1"/>
</pin_list>
<bind>
<opset="sext_ln70_105 "/>
</bind>
</comp>

<comp id="64223" class="1005" name="sext_ln70_111_reg_64223">
<pin_list>
<pin id="64224" dir="0" index="0" bw="26" slack="1"/>
<pin id="64225" dir="1" index="1" bw="26" slack="1"/>
</pin_list>
<bind>
<opset="sext_ln70_111 "/>
</bind>
</comp>

<comp id="64233" class="1005" name="add_ln58_196_reg_64233">
<pin_list>
<pin id="64234" dir="0" index="0" bw="23" slack="1"/>
<pin id="64235" dir="1" index="1" bw="23" slack="1"/>
</pin_list>
<bind>
<opset="add_ln58_196 "/>
</bind>
</comp>

<comp id="64238" class="1005" name="add_ln58_203_reg_64238">
<pin_list>
<pin id="64239" dir="0" index="0" bw="19" slack="1"/>
<pin id="64240" dir="1" index="1" bw="19" slack="1"/>
</pin_list>
<bind>
<opset="add_ln58_203 "/>
</bind>
</comp>

<comp id="64243" class="1005" name="add_ln58_262_reg_64243">
<pin_list>
<pin id="64244" dir="0" index="0" bw="23" slack="1"/>
<pin id="64245" dir="1" index="1" bw="23" slack="1"/>
</pin_list>
<bind>
<opset="add_ln58_262 "/>
</bind>
</comp>

<comp id="64248" class="1005" name="add_ln73_4_reg_64248">
<pin_list>
<pin id="64249" dir="0" index="0" bw="24" slack="1"/>
<pin id="64250" dir="1" index="1" bw="24" slack="1"/>
</pin_list>
<bind>
<opset="add_ln73_4 "/>
</bind>
</comp>

<comp id="64253" class="1005" name="sub_ln73_33_reg_64253">
<pin_list>
<pin id="64254" dir="0" index="0" bw="23" slack="1"/>
<pin id="64255" dir="1" index="1" bw="23" slack="1"/>
</pin_list>
<bind>
<opset="sub_ln73_33 "/>
</bind>
</comp>

<comp id="64258" class="1005" name="add_ln58_reg_64258">
<pin_list>
<pin id="64259" dir="0" index="0" bw="25" slack="1"/>
<pin id="64260" dir="1" index="1" bw="25" slack="1"/>
</pin_list>
<bind>
<opset="add_ln58 "/>
</bind>
</comp>

<comp id="64263" class="1005" name="add_ln58_198_reg_64263">
<pin_list>
<pin id="64264" dir="0" index="0" bw="23" slack="1"/>
<pin id="64265" dir="1" index="1" bw="23" slack="1"/>
</pin_list>
<bind>
<opset="add_ln58_198 "/>
</bind>
</comp>

<comp id="64268" class="1005" name="add_ln58_210_reg_64268">
<pin_list>
<pin id="64269" dir="0" index="0" bw="25" slack="1"/>
<pin id="64270" dir="1" index="1" bw="25" slack="1"/>
</pin_list>
<bind>
<opset="add_ln58_210 "/>
</bind>
</comp>

<comp id="64273" class="1005" name="add_ln58_212_reg_64273">
<pin_list>
<pin id="64274" dir="0" index="0" bw="26" slack="1"/>
<pin id="64275" dir="1" index="1" bw="26" slack="1"/>
</pin_list>
<bind>
<opset="add_ln58_212 "/>
</bind>
</comp>

<comp id="64278" class="1005" name="add_ln58_213_reg_64278">
<pin_list>
<pin id="64279" dir="0" index="0" bw="25" slack="1"/>
<pin id="64280" dir="1" index="1" bw="25" slack="1"/>
</pin_list>
<bind>
<opset="add_ln58_213 "/>
</bind>
</comp>

<comp id="64283" class="1005" name="add_ln58_214_reg_64283">
<pin_list>
<pin id="64284" dir="0" index="0" bw="25" slack="1"/>
<pin id="64285" dir="1" index="1" bw="25" slack="1"/>
</pin_list>
<bind>
<opset="add_ln58_214 "/>
</bind>
</comp>

<comp id="64288" class="1005" name="add_ln58_215_reg_64288">
<pin_list>
<pin id="64289" dir="0" index="0" bw="25" slack="1"/>
<pin id="64290" dir="1" index="1" bw="25" slack="1"/>
</pin_list>
<bind>
<opset="add_ln58_215 "/>
</bind>
</comp>

<comp id="64293" class="1005" name="add_ln58_224_reg_64293">
<pin_list>
<pin id="64294" dir="0" index="0" bw="26" slack="1"/>
<pin id="64295" dir="1" index="1" bw="26" slack="1"/>
</pin_list>
<bind>
<opset="add_ln58_224 "/>
</bind>
</comp>

<comp id="64298" class="1005" name="add_ln58_227_reg_64298">
<pin_list>
<pin id="64299" dir="0" index="0" bw="26" slack="1"/>
<pin id="64300" dir="1" index="1" bw="26" slack="1"/>
</pin_list>
<bind>
<opset="add_ln58_227 "/>
</bind>
</comp>

<comp id="64303" class="1005" name="add_ln58_229_reg_64303">
<pin_list>
<pin id="64304" dir="0" index="0" bw="25" slack="1"/>
<pin id="64305" dir="1" index="1" bw="25" slack="1"/>
</pin_list>
<bind>
<opset="add_ln58_229 "/>
</bind>
</comp>

<comp id="64308" class="1005" name="add_ln58_235_reg_64308">
<pin_list>
<pin id="64309" dir="0" index="0" bw="25" slack="1"/>
<pin id="64310" dir="1" index="1" bw="25" slack="1"/>
</pin_list>
<bind>
<opset="add_ln58_235 "/>
</bind>
</comp>

<comp id="64313" class="1005" name="add_ln58_238_reg_64313">
<pin_list>
<pin id="64314" dir="0" index="0" bw="25" slack="1"/>
<pin id="64315" dir="1" index="1" bw="25" slack="1"/>
</pin_list>
<bind>
<opset="add_ln58_238 "/>
</bind>
</comp>

<comp id="64318" class="1005" name="add_ln58_243_reg_64318">
<pin_list>
<pin id="64319" dir="0" index="0" bw="26" slack="1"/>
<pin id="64320" dir="1" index="1" bw="26" slack="1"/>
</pin_list>
<bind>
<opset="add_ln58_243 "/>
</bind>
</comp>

<comp id="64323" class="1005" name="add_ln58_246_reg_64323">
<pin_list>
<pin id="64324" dir="0" index="0" bw="26" slack="1"/>
<pin id="64325" dir="1" index="1" bw="26" slack="1"/>
</pin_list>
<bind>
<opset="add_ln58_246 "/>
</bind>
</comp>

<comp id="64328" class="1005" name="add_ln58_250_reg_64328">
<pin_list>
<pin id="64329" dir="0" index="0" bw="26" slack="1"/>
<pin id="64330" dir="1" index="1" bw="26" slack="1"/>
</pin_list>
<bind>
<opset="add_ln58_250 "/>
</bind>
</comp>

<comp id="64333" class="1005" name="add_ln58_253_reg_64333">
<pin_list>
<pin id="64334" dir="0" index="0" bw="25" slack="1"/>
<pin id="64335" dir="1" index="1" bw="25" slack="1"/>
</pin_list>
<bind>
<opset="add_ln58_253 "/>
</bind>
</comp>

<comp id="64338" class="1005" name="add_ln58_255_reg_64338">
<pin_list>
<pin id="64339" dir="0" index="0" bw="26" slack="1"/>
<pin id="64340" dir="1" index="1" bw="26" slack="1"/>
</pin_list>
<bind>
<opset="add_ln58_255 "/>
</bind>
</comp>

<comp id="64343" class="1005" name="add_ln58_264_reg_64343">
<pin_list>
<pin id="64344" dir="0" index="0" bw="26" slack="1"/>
<pin id="64345" dir="1" index="1" bw="26" slack="1"/>
</pin_list>
<bind>
<opset="add_ln58_264 "/>
</bind>
</comp>

<comp id="64348" class="1005" name="add_ln58_267_reg_64348">
<pin_list>
<pin id="64349" dir="0" index="0" bw="24" slack="1"/>
<pin id="64350" dir="1" index="1" bw="24" slack="1"/>
</pin_list>
<bind>
<opset="add_ln58_267 "/>
</bind>
</comp>

<comp id="64353" class="1005" name="add_ln58_271_reg_64353">
<pin_list>
<pin id="64354" dir="0" index="0" bw="25" slack="1"/>
<pin id="64355" dir="1" index="1" bw="25" slack="1"/>
</pin_list>
<bind>
<opset="add_ln58_271 "/>
</bind>
</comp>

<comp id="64358" class="1005" name="add_ln58_274_reg_64358">
<pin_list>
<pin id="64359" dir="0" index="0" bw="26" slack="1"/>
<pin id="64360" dir="1" index="1" bw="26" slack="1"/>
</pin_list>
<bind>
<opset="add_ln58_274 "/>
</bind>
</comp>

<comp id="64363" class="1005" name="add_ln58_278_reg_64363">
<pin_list>
<pin id="64364" dir="0" index="0" bw="26" slack="1"/>
<pin id="64365" dir="1" index="1" bw="26" slack="1"/>
</pin_list>
<bind>
<opset="add_ln58_278 "/>
</bind>
</comp>

<comp id="64368" class="1005" name="add_ln58_282_reg_64368">
<pin_list>
<pin id="64369" dir="0" index="0" bw="26" slack="1"/>
<pin id="64370" dir="1" index="1" bw="26" slack="1"/>
</pin_list>
<bind>
<opset="add_ln58_282 "/>
</bind>
</comp>

<comp id="64373" class="1005" name="add_ln58_286_reg_64373">
<pin_list>
<pin id="64374" dir="0" index="0" bw="26" slack="1"/>
<pin id="64375" dir="1" index="1" bw="26" slack="1"/>
</pin_list>
<bind>
<opset="add_ln58_286 "/>
</bind>
</comp>

<comp id="64378" class="1005" name="add_ln58_290_reg_64378">
<pin_list>
<pin id="64379" dir="0" index="0" bw="25" slack="1"/>
<pin id="64380" dir="1" index="1" bw="25" slack="1"/>
</pin_list>
<bind>
<opset="add_ln58_290 "/>
</bind>
</comp>

<comp id="64383" class="1005" name="add_ln58_292_reg_64383">
<pin_list>
<pin id="64384" dir="0" index="0" bw="25" slack="1"/>
<pin id="64385" dir="1" index="1" bw="25" slack="1"/>
</pin_list>
<bind>
<opset="add_ln58_292 "/>
</bind>
</comp>

<comp id="64388" class="1005" name="add_ln58_296_reg_64388">
<pin_list>
<pin id="64389" dir="0" index="0" bw="26" slack="1"/>
<pin id="64390" dir="1" index="1" bw="26" slack="1"/>
</pin_list>
<bind>
<opset="add_ln58_296 "/>
</bind>
</comp>

<comp id="64393" class="1005" name="add_ln58_299_reg_64393">
<pin_list>
<pin id="64394" dir="0" index="0" bw="24" slack="1"/>
<pin id="64395" dir="1" index="1" bw="24" slack="1"/>
</pin_list>
<bind>
<opset="add_ln58_299 "/>
</bind>
</comp>

<comp id="64398" class="1005" name="add_ln58_304_reg_64398">
<pin_list>
<pin id="64399" dir="0" index="0" bw="24" slack="1"/>
<pin id="64400" dir="1" index="1" bw="24" slack="1"/>
</pin_list>
<bind>
<opset="add_ln58_304 "/>
</bind>
</comp>

<comp id="64403" class="1005" name="add_ln58_315_reg_64403">
<pin_list>
<pin id="64404" dir="0" index="0" bw="25" slack="1"/>
<pin id="64405" dir="1" index="1" bw="25" slack="1"/>
</pin_list>
<bind>
<opset="add_ln58_315 "/>
</bind>
</comp>

<comp id="64408" class="1005" name="add_ln58_324_reg_64408">
<pin_list>
<pin id="64409" dir="0" index="0" bw="25" slack="1"/>
<pin id="64410" dir="1" index="1" bw="25" slack="1"/>
</pin_list>
<bind>
<opset="add_ln58_324 "/>
</bind>
</comp>

<comp id="64413" class="1005" name="add_ln58_331_reg_64413">
<pin_list>
<pin id="64414" dir="0" index="0" bw="26" slack="1"/>
<pin id="64415" dir="1" index="1" bw="26" slack="1"/>
</pin_list>
<bind>
<opset="add_ln58_331 "/>
</bind>
</comp>

</comp_list>

<net_list>
<net id="350"><net_src comp="20" pin="0"/><net_sink comp="346" pin=0"/></net>

<net id="351"><net_src comp="18" pin="0"/><net_sink comp="346" pin=1"/></net>

<net id="356"><net_src comp="20" pin="0"/><net_sink comp="352" pin=0"/></net>

<net id="357"><net_src comp="16" pin="0"/><net_sink comp="352" pin=1"/></net>

<net id="362"><net_src comp="20" pin="0"/><net_sink comp="358" pin=0"/></net>

<net id="363"><net_src comp="14" pin="0"/><net_sink comp="358" pin=1"/></net>

<net id="368"><net_src comp="20" pin="0"/><net_sink comp="364" pin=0"/></net>

<net id="369"><net_src comp="12" pin="0"/><net_sink comp="364" pin=1"/></net>

<net id="374"><net_src comp="20" pin="0"/><net_sink comp="370" pin=0"/></net>

<net id="375"><net_src comp="10" pin="0"/><net_sink comp="370" pin=1"/></net>

<net id="380"><net_src comp="20" pin="0"/><net_sink comp="376" pin=0"/></net>

<net id="381"><net_src comp="8" pin="0"/><net_sink comp="376" pin=1"/></net>

<net id="386"><net_src comp="20" pin="0"/><net_sink comp="382" pin=0"/></net>

<net id="387"><net_src comp="6" pin="0"/><net_sink comp="382" pin=1"/></net>

<net id="392"><net_src comp="20" pin="0"/><net_sink comp="388" pin=0"/></net>

<net id="393"><net_src comp="4" pin="0"/><net_sink comp="388" pin=1"/></net>

<net id="398"><net_src comp="20" pin="0"/><net_sink comp="394" pin=0"/></net>

<net id="399"><net_src comp="2" pin="0"/><net_sink comp="394" pin=1"/></net>

<net id="404"><net_src comp="20" pin="0"/><net_sink comp="400" pin=0"/></net>

<net id="405"><net_src comp="0" pin="0"/><net_sink comp="400" pin=1"/></net>

<net id="2359"><net_src comp="22" pin="0"/><net_sink comp="465" pin=1"/></net>

<net id="2363"><net_src comp="24" pin="0"/><net_sink comp="499" pin=1"/></net>

<net id="2367"><net_src comp="26" pin="0"/><net_sink comp="491" pin=1"/></net>

<net id="2371"><net_src comp="465" pin="2"/><net_sink comp="2368" pin=0"/></net>

<net id="2375"><net_src comp="499" pin="2"/><net_sink comp="2372" pin=0"/></net>

<net id="2379"><net_src comp="491" pin="2"/><net_sink comp="2376" pin=0"/></net>

<net id="42955"><net_src comp="28" pin="0"/><net_sink comp="469" pin=1"/></net>

<net id="42959"><net_src comp="30" pin="0"/><net_sink comp="550" pin=1"/></net>

<net id="42963"><net_src comp="32" pin="0"/><net_sink comp="437" pin=1"/></net>

<net id="42967"><net_src comp="34" pin="0"/><net_sink comp="450" pin=1"/></net>

<net id="42971"><net_src comp="36" pin="0"/><net_sink comp="479" pin=1"/></net>

<net id="42975"><net_src comp="38" pin="0"/><net_sink comp="411" pin=1"/></net>

<net id="42979"><net_src comp="40" pin="0"/><net_sink comp="429" pin=1"/></net>

<net id="42983"><net_src comp="42" pin="0"/><net_sink comp="532" pin=1"/></net>

<net id="42987"><net_src comp="44" pin="0"/><net_sink comp="456" pin=1"/></net>

<net id="42991"><net_src comp="50" pin="0"/><net_sink comp="443" pin=1"/></net>

<net id="42995"><net_src comp="52" pin="0"/><net_sink comp="537" pin=1"/></net>

<net id="42999"><net_src comp="54" pin="0"/><net_sink comp="427" pin=1"/></net>

<net id="43003"><net_src comp="56" pin="0"/><net_sink comp="422" pin=1"/></net>

<net id="43007"><net_src comp="64" pin="0"/><net_sink comp="486" pin=1"/></net>

<net id="43011"><net_src comp="66" pin="0"/><net_sink comp="512" pin=1"/></net>

<net id="43015"><net_src comp="68" pin="0"/><net_sink comp="413" pin=1"/></net>

<net id="43019"><net_src comp="36" pin="0"/><net_sink comp="519" pin=1"/></net>

<net id="43023"><net_src comp="70" pin="0"/><net_sink comp="481" pin=1"/></net>

<net id="43027"><net_src comp="72" pin="0"/><net_sink comp="526" pin=1"/></net>

<net id="43031"><net_src comp="82" pin="0"/><net_sink comp="482" pin=1"/></net>

<net id="43035"><net_src comp="84" pin="0"/><net_sink comp="454" pin=1"/></net>

<net id="43039"><net_src comp="86" pin="0"/><net_sink comp="435" pin=1"/></net>

<net id="43043"><net_src comp="88" pin="0"/><net_sink comp="428" pin=1"/></net>

<net id="43047"><net_src comp="90" pin="0"/><net_sink comp="502" pin=1"/></net>

<net id="43051"><net_src comp="92" pin="0"/><net_sink comp="412" pin=1"/></net>

<net id="43055"><net_src comp="94" pin="0"/><net_sink comp="546" pin=1"/></net>

<net id="43059"><net_src comp="96" pin="0"/><net_sink comp="433" pin=1"/></net>

<net id="43063"><net_src comp="98" pin="0"/><net_sink comp="417" pin=1"/></net>

<net id="43067"><net_src comp="102" pin="0"/><net_sink comp="554" pin=1"/></net>

<net id="43071"><net_src comp="104" pin="0"/><net_sink comp="518" pin=1"/></net>

<net id="43075"><net_src comp="106" pin="0"/><net_sink comp="515" pin=1"/></net>

<net id="43079"><net_src comp="66" pin="0"/><net_sink comp="471" pin=1"/></net>

<net id="43083"><net_src comp="108" pin="0"/><net_sink comp="415" pin=1"/></net>

<net id="43087"><net_src comp="110" pin="0"/><net_sink comp="496" pin=1"/></net>

<net id="43091"><net_src comp="112" pin="0"/><net_sink comp="536" pin=1"/></net>

<net id="43095"><net_src comp="114" pin="0"/><net_sink comp="500" pin=1"/></net>

<net id="43099"><net_src comp="116" pin="0"/><net_sink comp="514" pin=1"/></net>

<net id="43103"><net_src comp="118" pin="0"/><net_sink comp="547" pin=1"/></net>

<net id="43107"><net_src comp="120" pin="0"/><net_sink comp="511" pin=1"/></net>

<net id="43111"><net_src comp="122" pin="0"/><net_sink comp="528" pin=1"/></net>

<net id="43115"><net_src comp="124" pin="0"/><net_sink comp="484" pin=1"/></net>

<net id="43119"><net_src comp="126" pin="0"/><net_sink comp="442" pin=1"/></net>

<net id="43123"><net_src comp="128" pin="0"/><net_sink comp="507" pin=1"/></net>

<net id="43127"><net_src comp="130" pin="0"/><net_sink comp="462" pin=1"/></net>

<net id="43131"><net_src comp="132" pin="0"/><net_sink comp="488" pin=1"/></net>

<net id="43135"><net_src comp="134" pin="0"/><net_sink comp="445" pin=1"/></net>

<net id="43139"><net_src comp="136" pin="0"/><net_sink comp="534" pin=1"/></net>

<net id="43143"><net_src comp="138" pin="0"/><net_sink comp="535" pin=1"/></net>

<net id="43147"><net_src comp="140" pin="0"/><net_sink comp="420" pin=1"/></net>

<net id="43151"><net_src comp="142" pin="0"/><net_sink comp="423" pin=1"/></net>

<net id="43155"><net_src comp="144" pin="0"/><net_sink comp="509" pin=1"/></net>

<net id="43159"><net_src comp="146" pin="0"/><net_sink comp="483" pin=1"/></net>

<net id="43163"><net_src comp="148" pin="0"/><net_sink comp="473" pin=1"/></net>

<net id="43167"><net_src comp="150" pin="0"/><net_sink comp="478" pin=1"/></net>

<net id="43171"><net_src comp="152" pin="0"/><net_sink comp="498" pin=1"/></net>

<net id="43175"><net_src comp="154" pin="0"/><net_sink comp="490" pin=1"/></net>

<net id="43179"><net_src comp="156" pin="0"/><net_sink comp="448" pin=1"/></net>

<net id="43183"><net_src comp="158" pin="0"/><net_sink comp="476" pin=1"/></net>

<net id="43187"><net_src comp="42" pin="0"/><net_sink comp="506" pin=1"/></net>

<net id="43191"><net_src comp="160" pin="0"/><net_sink comp="419" pin=1"/></net>

<net id="43195"><net_src comp="162" pin="0"/><net_sink comp="408" pin=1"/></net>

<net id="43199"><net_src comp="164" pin="0"/><net_sink comp="447" pin=1"/></net>

<net id="43203"><net_src comp="26" pin="0"/><net_sink comp="464" pin=1"/></net>

<net id="43207"><net_src comp="166" pin="0"/><net_sink comp="466" pin=1"/></net>

<net id="43211"><net_src comp="168" pin="0"/><net_sink comp="495" pin=1"/></net>

<net id="43215"><net_src comp="170" pin="0"/><net_sink comp="438" pin=1"/></net>

<net id="43219"><net_src comp="172" pin="0"/><net_sink comp="523" pin=1"/></net>

<net id="43223"><net_src comp="174" pin="0"/><net_sink comp="516" pin=1"/></net>

<net id="43227"><net_src comp="176" pin="0"/><net_sink comp="446" pin=1"/></net>

<net id="43231"><net_src comp="469" pin="2"/><net_sink comp="43228" pin=0"/></net>

<net id="43235"><net_src comp="550" pin="2"/><net_sink comp="43232" pin=0"/></net>

<net id="43239"><net_src comp="437" pin="2"/><net_sink comp="43236" pin=0"/></net>

<net id="43243"><net_src comp="450" pin="2"/><net_sink comp="43240" pin=0"/></net>

<net id="43247"><net_src comp="479" pin="2"/><net_sink comp="43244" pin=0"/></net>

<net id="43251"><net_src comp="411" pin="2"/><net_sink comp="43248" pin=0"/></net>

<net id="43255"><net_src comp="429" pin="2"/><net_sink comp="43252" pin=0"/></net>

<net id="43259"><net_src comp="532" pin="2"/><net_sink comp="43256" pin=0"/></net>

<net id="43263"><net_src comp="456" pin="2"/><net_sink comp="43260" pin=0"/></net>

<net id="43267"><net_src comp="443" pin="2"/><net_sink comp="43264" pin=0"/></net>

<net id="43271"><net_src comp="537" pin="2"/><net_sink comp="43268" pin=0"/></net>

<net id="43275"><net_src comp="427" pin="2"/><net_sink comp="43272" pin=0"/></net>

<net id="43279"><net_src comp="422" pin="2"/><net_sink comp="43276" pin=0"/></net>

<net id="43283"><net_src comp="486" pin="2"/><net_sink comp="43280" pin=0"/></net>

<net id="43287"><net_src comp="512" pin="2"/><net_sink comp="43284" pin=0"/></net>

<net id="43291"><net_src comp="413" pin="2"/><net_sink comp="43288" pin=0"/></net>

<net id="43295"><net_src comp="519" pin="2"/><net_sink comp="43292" pin=0"/></net>

<net id="43299"><net_src comp="481" pin="2"/><net_sink comp="43296" pin=0"/></net>

<net id="43303"><net_src comp="526" pin="2"/><net_sink comp="43300" pin=0"/></net>

<net id="43307"><net_src comp="482" pin="2"/><net_sink comp="43304" pin=0"/></net>

<net id="43311"><net_src comp="454" pin="2"/><net_sink comp="43308" pin=0"/></net>

<net id="43315"><net_src comp="435" pin="2"/><net_sink comp="43312" pin=0"/></net>

<net id="43319"><net_src comp="428" pin="2"/><net_sink comp="43316" pin=0"/></net>

<net id="43323"><net_src comp="502" pin="2"/><net_sink comp="43320" pin=0"/></net>

<net id="43327"><net_src comp="412" pin="2"/><net_sink comp="43324" pin=0"/></net>

<net id="43331"><net_src comp="546" pin="2"/><net_sink comp="43328" pin=0"/></net>

<net id="43335"><net_src comp="433" pin="2"/><net_sink comp="43332" pin=0"/></net>

<net id="43339"><net_src comp="417" pin="2"/><net_sink comp="43336" pin=0"/></net>

<net id="43343"><net_src comp="554" pin="2"/><net_sink comp="43340" pin=0"/></net>

<net id="43347"><net_src comp="518" pin="2"/><net_sink comp="43344" pin=0"/></net>

<net id="43351"><net_src comp="515" pin="2"/><net_sink comp="43348" pin=0"/></net>

<net id="43355"><net_src comp="471" pin="2"/><net_sink comp="43352" pin=0"/></net>

<net id="43359"><net_src comp="415" pin="2"/><net_sink comp="43356" pin=0"/></net>

<net id="43363"><net_src comp="496" pin="2"/><net_sink comp="43360" pin=0"/></net>

<net id="43367"><net_src comp="536" pin="2"/><net_sink comp="43364" pin=0"/></net>

<net id="43371"><net_src comp="500" pin="2"/><net_sink comp="43368" pin=0"/></net>

<net id="43375"><net_src comp="514" pin="2"/><net_sink comp="43372" pin=0"/></net>

<net id="43379"><net_src comp="547" pin="2"/><net_sink comp="43376" pin=0"/></net>

<net id="43383"><net_src comp="511" pin="2"/><net_sink comp="43380" pin=0"/></net>

<net id="43387"><net_src comp="528" pin="2"/><net_sink comp="43384" pin=0"/></net>

<net id="43391"><net_src comp="484" pin="2"/><net_sink comp="43388" pin=0"/></net>

<net id="43395"><net_src comp="442" pin="2"/><net_sink comp="43392" pin=0"/></net>

<net id="43399"><net_src comp="507" pin="2"/><net_sink comp="43396" pin=0"/></net>

<net id="43403"><net_src comp="462" pin="2"/><net_sink comp="43400" pin=0"/></net>

<net id="43407"><net_src comp="488" pin="2"/><net_sink comp="43404" pin=0"/></net>

<net id="43411"><net_src comp="445" pin="2"/><net_sink comp="43408" pin=0"/></net>

<net id="43415"><net_src comp="534" pin="2"/><net_sink comp="43412" pin=0"/></net>

<net id="43419"><net_src comp="535" pin="2"/><net_sink comp="43416" pin=0"/></net>

<net id="43423"><net_src comp="420" pin="2"/><net_sink comp="43420" pin=0"/></net>

<net id="43427"><net_src comp="423" pin="2"/><net_sink comp="43424" pin=0"/></net>

<net id="43431"><net_src comp="509" pin="2"/><net_sink comp="43428" pin=0"/></net>

<net id="43435"><net_src comp="483" pin="2"/><net_sink comp="43432" pin=0"/></net>

<net id="43439"><net_src comp="473" pin="2"/><net_sink comp="43436" pin=0"/></net>

<net id="43443"><net_src comp="478" pin="2"/><net_sink comp="43440" pin=0"/></net>

<net id="43447"><net_src comp="498" pin="2"/><net_sink comp="43444" pin=0"/></net>

<net id="43451"><net_src comp="490" pin="2"/><net_sink comp="43448" pin=0"/></net>

<net id="43455"><net_src comp="448" pin="2"/><net_sink comp="43452" pin=0"/></net>

<net id="43459"><net_src comp="476" pin="2"/><net_sink comp="43456" pin=0"/></net>

<net id="43463"><net_src comp="506" pin="2"/><net_sink comp="43460" pin=0"/></net>

<net id="43467"><net_src comp="419" pin="2"/><net_sink comp="43464" pin=0"/></net>

<net id="43471"><net_src comp="408" pin="2"/><net_sink comp="43468" pin=0"/></net>

<net id="43475"><net_src comp="447" pin="2"/><net_sink comp="43472" pin=0"/></net>

<net id="43479"><net_src comp="464" pin="2"/><net_sink comp="43476" pin=0"/></net>

<net id="43483"><net_src comp="466" pin="2"/><net_sink comp="43480" pin=0"/></net>

<net id="43487"><net_src comp="495" pin="2"/><net_sink comp="43484" pin=0"/></net>

<net id="43491"><net_src comp="438" pin="2"/><net_sink comp="43488" pin=0"/></net>

<net id="43495"><net_src comp="523" pin="2"/><net_sink comp="43492" pin=0"/></net>

<net id="43499"><net_src comp="516" pin="2"/><net_sink comp="43496" pin=0"/></net>

<net id="43503"><net_src comp="446" pin="2"/><net_sink comp="43500" pin=0"/></net>

<net id="61291"><net_src comp="182" pin="0"/><net_sink comp="436" pin=1"/></net>

<net id="61295"><net_src comp="184" pin="0"/><net_sink comp="521" pin=1"/></net>

<net id="61299"><net_src comp="194" pin="0"/><net_sink comp="421" pin=1"/></net>

<net id="61303"><net_src comp="196" pin="0"/><net_sink comp="517" pin=1"/></net>

<net id="61307"><net_src comp="198" pin="0"/><net_sink comp="504" pin=1"/></net>

<net id="61311"><net_src comp="212" pin="0"/><net_sink comp="539" pin=1"/></net>

<net id="61315"><net_src comp="214" pin="0"/><net_sink comp="426" pin=1"/></net>

<net id="61319"><net_src comp="216" pin="0"/><net_sink comp="489" pin=1"/></net>

<net id="61323"><net_src comp="218" pin="0"/><net_sink comp="551" pin=1"/></net>

<net id="61327"><net_src comp="220" pin="0"/><net_sink comp="480" pin=1"/></net>

<net id="61331"><net_src comp="222" pin="0"/><net_sink comp="540" pin=1"/></net>

<net id="61335"><net_src comp="224" pin="0"/><net_sink comp="494" pin=1"/></net>

<net id="61339"><net_src comp="226" pin="0"/><net_sink comp="451" pin=1"/></net>

<net id="61343"><net_src comp="228" pin="0"/><net_sink comp="530" pin=1"/></net>

<net id="61347"><net_src comp="230" pin="0"/><net_sink comp="407" pin=1"/></net>

<net id="61351"><net_src comp="234" pin="0"/><net_sink comp="457" pin=1"/></net>

<net id="61355"><net_src comp="236" pin="0"/><net_sink comp="548" pin=1"/></net>

<net id="61359"><net_src comp="238" pin="0"/><net_sink comp="416" pin=1"/></net>

<net id="61363"><net_src comp="240" pin="0"/><net_sink comp="418" pin=1"/></net>

<net id="61367"><net_src comp="242" pin="0"/><net_sink comp="406" pin=1"/></net>

<net id="61371"><net_src comp="244" pin="0"/><net_sink comp="520" pin=1"/></net>

<net id="61375"><net_src comp="246" pin="0"/><net_sink comp="432" pin=1"/></net>

<net id="61379"><net_src comp="218" pin="0"/><net_sink comp="470" pin=1"/></net>

<net id="61383"><net_src comp="248" pin="0"/><net_sink comp="455" pin=1"/></net>

<net id="61387"><net_src comp="116" pin="0"/><net_sink comp="510" pin=1"/></net>

<net id="61391"><net_src comp="250" pin="0"/><net_sink comp="444" pin=1"/></net>

<net id="61395"><net_src comp="252" pin="0"/><net_sink comp="453" pin=1"/></net>

<net id="61399"><net_src comp="254" pin="0"/><net_sink comp="434" pin=1"/></net>

<net id="61403"><net_src comp="256" pin="0"/><net_sink comp="525" pin=1"/></net>

<net id="61407"><net_src comp="258" pin="0"/><net_sink comp="544" pin=1"/></net>

<net id="61411"><net_src comp="260" pin="0"/><net_sink comp="485" pin=1"/></net>

<net id="61415"><net_src comp="262" pin="0"/><net_sink comp="503" pin=1"/></net>

<net id="61419"><net_src comp="264" pin="0"/><net_sink comp="467" pin=1"/></net>

<net id="61423"><net_src comp="266" pin="0"/><net_sink comp="468" pin=1"/></net>

<net id="61427"><net_src comp="268" pin="0"/><net_sink comp="459" pin=1"/></net>

<net id="61431"><net_src comp="270" pin="0"/><net_sink comp="458" pin=1"/></net>

<net id="61435"><net_src comp="272" pin="0"/><net_sink comp="555" pin=1"/></net>

<net id="61439"><net_src comp="274" pin="0"/><net_sink comp="497" pin=1"/></net>

<net id="61443"><net_src comp="276" pin="0"/><net_sink comp="414" pin=1"/></net>

<net id="61447"><net_src comp="278" pin="0"/><net_sink comp="533" pin=1"/></net>

<net id="61451"><net_src comp="280" pin="0"/><net_sink comp="552" pin=1"/></net>

<net id="61455"><net_src comp="282" pin="0"/><net_sink comp="461" pin=1"/></net>

<net id="61459"><net_src comp="284" pin="0"/><net_sink comp="522" pin=1"/></net>

<net id="61463"><net_src comp="286" pin="0"/><net_sink comp="487" pin=1"/></net>

<net id="61467"><net_src comp="288" pin="0"/><net_sink comp="549" pin=1"/></net>

<net id="61471"><net_src comp="290" pin="0"/><net_sink comp="449" pin=1"/></net>

<net id="61475"><net_src comp="292" pin="0"/><net_sink comp="542" pin=1"/></net>

<net id="61479"><net_src comp="258" pin="0"/><net_sink comp="538" pin=1"/></net>

<net id="61483"><net_src comp="294" pin="0"/><net_sink comp="460" pin=1"/></net>

<net id="61487"><net_src comp="296" pin="0"/><net_sink comp="425" pin=1"/></net>

<net id="61491"><net_src comp="118" pin="0"/><net_sink comp="492" pin=1"/></net>

<net id="61495"><net_src comp="298" pin="0"/><net_sink comp="524" pin=1"/></net>

<net id="61499"><net_src comp="300" pin="0"/><net_sink comp="430" pin=1"/></net>

<net id="61503"><net_src comp="302" pin="0"/><net_sink comp="541" pin=1"/></net>

<net id="61507"><net_src comp="304" pin="0"/><net_sink comp="493" pin=1"/></net>

<net id="61511"><net_src comp="306" pin="0"/><net_sink comp="553" pin=1"/></net>

<net id="61515"><net_src comp="308" pin="0"/><net_sink comp="545" pin=1"/></net>

<net id="61519"><net_src comp="436" pin="2"/><net_sink comp="61516" pin=0"/></net>

<net id="61523"><net_src comp="521" pin="2"/><net_sink comp="61520" pin=0"/></net>

<net id="61527"><net_src comp="421" pin="2"/><net_sink comp="61524" pin=0"/></net>

<net id="61531"><net_src comp="517" pin="2"/><net_sink comp="61528" pin=0"/></net>

<net id="61535"><net_src comp="504" pin="2"/><net_sink comp="61532" pin=0"/></net>

<net id="61539"><net_src comp="539" pin="2"/><net_sink comp="61536" pin=0"/></net>

<net id="61543"><net_src comp="426" pin="2"/><net_sink comp="61540" pin=0"/></net>

<net id="61547"><net_src comp="489" pin="2"/><net_sink comp="61544" pin=0"/></net>

<net id="61551"><net_src comp="551" pin="2"/><net_sink comp="61548" pin=0"/></net>

<net id="61555"><net_src comp="480" pin="2"/><net_sink comp="61552" pin=0"/></net>

<net id="61559"><net_src comp="540" pin="2"/><net_sink comp="61556" pin=0"/></net>

<net id="61563"><net_src comp="494" pin="2"/><net_sink comp="61560" pin=0"/></net>

<net id="61567"><net_src comp="451" pin="2"/><net_sink comp="61564" pin=0"/></net>

<net id="61571"><net_src comp="530" pin="2"/><net_sink comp="61568" pin=0"/></net>

<net id="61575"><net_src comp="407" pin="2"/><net_sink comp="61572" pin=0"/></net>

<net id="61579"><net_src comp="457" pin="2"/><net_sink comp="61576" pin=0"/></net>

<net id="61583"><net_src comp="548" pin="2"/><net_sink comp="61580" pin=0"/></net>

<net id="61587"><net_src comp="416" pin="2"/><net_sink comp="61584" pin=0"/></net>

<net id="61591"><net_src comp="418" pin="2"/><net_sink comp="61588" pin=0"/></net>

<net id="61595"><net_src comp="406" pin="2"/><net_sink comp="61592" pin=0"/></net>

<net id="61599"><net_src comp="520" pin="2"/><net_sink comp="61596" pin=0"/></net>

<net id="61603"><net_src comp="432" pin="2"/><net_sink comp="61600" pin=0"/></net>

<net id="61607"><net_src comp="470" pin="2"/><net_sink comp="61604" pin=0"/></net>

<net id="61611"><net_src comp="455" pin="2"/><net_sink comp="61608" pin=0"/></net>

<net id="61615"><net_src comp="510" pin="2"/><net_sink comp="61612" pin=0"/></net>

<net id="61619"><net_src comp="444" pin="2"/><net_sink comp="61616" pin=0"/></net>

<net id="61623"><net_src comp="453" pin="2"/><net_sink comp="61620" pin=0"/></net>

<net id="61627"><net_src comp="434" pin="2"/><net_sink comp="61624" pin=0"/></net>

<net id="61631"><net_src comp="525" pin="2"/><net_sink comp="61628" pin=0"/></net>

<net id="61635"><net_src comp="544" pin="2"/><net_sink comp="61632" pin=0"/></net>

<net id="61639"><net_src comp="485" pin="2"/><net_sink comp="61636" pin=0"/></net>

<net id="61643"><net_src comp="503" pin="2"/><net_sink comp="61640" pin=0"/></net>

<net id="61647"><net_src comp="467" pin="2"/><net_sink comp="61644" pin=0"/></net>

<net id="61651"><net_src comp="468" pin="2"/><net_sink comp="61648" pin=0"/></net>

<net id="61655"><net_src comp="459" pin="2"/><net_sink comp="61652" pin=0"/></net>

<net id="61659"><net_src comp="458" pin="2"/><net_sink comp="61656" pin=0"/></net>

<net id="61663"><net_src comp="555" pin="2"/><net_sink comp="61660" pin=0"/></net>

<net id="61667"><net_src comp="497" pin="2"/><net_sink comp="61664" pin=0"/></net>

<net id="61671"><net_src comp="414" pin="2"/><net_sink comp="61668" pin=0"/></net>

<net id="61675"><net_src comp="533" pin="2"/><net_sink comp="61672" pin=0"/></net>

<net id="61679"><net_src comp="552" pin="2"/><net_sink comp="61676" pin=0"/></net>

<net id="61683"><net_src comp="461" pin="2"/><net_sink comp="61680" pin=0"/></net>

<net id="61687"><net_src comp="522" pin="2"/><net_sink comp="61684" pin=0"/></net>

<net id="61691"><net_src comp="487" pin="2"/><net_sink comp="61688" pin=0"/></net>

<net id="61695"><net_src comp="549" pin="2"/><net_sink comp="61692" pin=0"/></net>

<net id="61699"><net_src comp="449" pin="2"/><net_sink comp="61696" pin=0"/></net>

<net id="61703"><net_src comp="542" pin="2"/><net_sink comp="61700" pin=0"/></net>

<net id="61707"><net_src comp="538" pin="2"/><net_sink comp="61704" pin=0"/></net>

<net id="61711"><net_src comp="460" pin="2"/><net_sink comp="61708" pin=0"/></net>

<net id="61715"><net_src comp="425" pin="2"/><net_sink comp="61712" pin=0"/></net>

<net id="61719"><net_src comp="492" pin="2"/><net_sink comp="61716" pin=0"/></net>

<net id="61723"><net_src comp="524" pin="2"/><net_sink comp="61720" pin=0"/></net>

<net id="61727"><net_src comp="430" pin="2"/><net_sink comp="61724" pin=0"/></net>

<net id="61731"><net_src comp="541" pin="2"/><net_sink comp="61728" pin=0"/></net>

<net id="61735"><net_src comp="493" pin="2"/><net_sink comp="61732" pin=0"/></net>

<net id="61739"><net_src comp="553" pin="2"/><net_sink comp="61736" pin=0"/></net>

<net id="61743"><net_src comp="545" pin="2"/><net_sink comp="61740" pin=0"/></net>

<net id="61748"><net_src comp="400" pin="2"/><net_sink comp="61745" pin=0"/></net>

<net id="61749"><net_src comp="61745" pin="1"/><net_sink comp="465" pin=0"/></net>

<net id="61750"><net_src comp="61745" pin="1"/><net_sink comp="499" pin=0"/></net>

<net id="61754"><net_src comp="376" pin="2"/><net_sink comp="61751" pin=0"/></net>

<net id="61755"><net_src comp="61751" pin="1"/><net_sink comp="491" pin=0"/></net>

<net id="61759"><net_src comp="61756" pin="1"/><net_sink comp="443" pin=0"/></net>

<net id="61766"><net_src comp="61763" pin="1"/><net_sink comp="469" pin=0"/></net>

<net id="61767"><net_src comp="61763" pin="1"/><net_sink comp="550" pin=0"/></net>

<net id="61768"><net_src comp="61763" pin="1"/><net_sink comp="437" pin=0"/></net>

<net id="61769"><net_src comp="61763" pin="1"/><net_sink comp="450" pin=0"/></net>

<net id="61770"><net_src comp="61763" pin="1"/><net_sink comp="479" pin=0"/></net>

<net id="61771"><net_src comp="61763" pin="1"/><net_sink comp="411" pin=0"/></net>

<net id="61772"><net_src comp="61763" pin="1"/><net_sink comp="429" pin=0"/></net>

<net id="61773"><net_src comp="61763" pin="1"/><net_sink comp="532" pin=0"/></net>

<net id="61774"><net_src comp="61763" pin="1"/><net_sink comp="537" pin=0"/></net>

<net id="61778"><net_src comp="61775" pin="1"/><net_sink comp="456" pin=0"/></net>

<net id="61784"><net_src comp="46" pin="0"/><net_sink comp="61779" pin=0"/></net>

<net id="61785"><net_src comp="48" pin="0"/><net_sink comp="61779" pin=2"/></net>

<net id="61789"><net_src comp="61779" pin="3"/><net_sink comp="61786" pin=0"/></net>

<net id="61793"><net_src comp="61790" pin="1"/><net_sink comp="427" pin=0"/></net>

<net id="61794"><net_src comp="61790" pin="1"/><net_sink comp="422" pin=0"/></net>

<net id="61798"><net_src comp="61795" pin="1"/><net_sink comp="512" pin=0"/></net>

<net id="61799"><net_src comp="61795" pin="1"/><net_sink comp="413" pin=0"/></net>

<net id="61800"><net_src comp="61795" pin="1"/><net_sink comp="519" pin=0"/></net>

<net id="61801"><net_src comp="61795" pin="1"/><net_sink comp="481" pin=0"/></net>

<net id="61807"><net_src comp="58" pin="0"/><net_sink comp="61802" pin=0"/></net>

<net id="61808"><net_src comp="60" pin="0"/><net_sink comp="61802" pin=2"/></net>

<net id="61812"><net_src comp="61802" pin="3"/><net_sink comp="61809" pin=0"/></net>

<net id="61817"><net_src comp="62" pin="0"/><net_sink comp="61813" pin=0"/></net>

<net id="61818"><net_src comp="61809" pin="1"/><net_sink comp="61813" pin=1"/></net>

<net id="61822"><net_src comp="61819" pin="1"/><net_sink comp="486" pin=0"/></net>

<net id="61826"><net_src comp="61823" pin="1"/><net_sink comp="526" pin=0"/></net>

<net id="61827"><net_src comp="61823" pin="1"/><net_sink comp="454" pin=0"/></net>

<net id="61828"><net_src comp="61823" pin="1"/><net_sink comp="428" pin=0"/></net>

<net id="61834"><net_src comp="74" pin="0"/><net_sink comp="61829" pin=0"/></net>

<net id="61835"><net_src comp="76" pin="0"/><net_sink comp="61829" pin=2"/></net>

<net id="61839"><net_src comp="61829" pin="3"/><net_sink comp="61836" pin=0"/></net>

<net id="61845"><net_src comp="78" pin="0"/><net_sink comp="61840" pin=0"/></net>

<net id="61846"><net_src comp="80" pin="0"/><net_sink comp="61840" pin=2"/></net>

<net id="61850"><net_src comp="61840" pin="3"/><net_sink comp="61847" pin=0"/></net>

<net id="61855"><net_src comp="61847" pin="1"/><net_sink comp="61851" pin=0"/></net>

<net id="61856"><net_src comp="61836" pin="1"/><net_sink comp="61851" pin=1"/></net>

<net id="61860"><net_src comp="61851" pin="2"/><net_sink comp="61857" pin=0"/></net>

<net id="61864"><net_src comp="61861" pin="1"/><net_sink comp="482" pin=0"/></net>

<net id="61865"><net_src comp="61861" pin="1"/><net_sink comp="435" pin=0"/></net>

<net id="61869"><net_src comp="61866" pin="1"/><net_sink comp="417" pin=0"/></net>

<net id="61873"><net_src comp="61870" pin="1"/><net_sink comp="546" pin=0"/></net>

<net id="61877"><net_src comp="61874" pin="1"/><net_sink comp="502" pin=0"/></net>

<net id="61878"><net_src comp="61874" pin="1"/><net_sink comp="412" pin=0"/></net>

<net id="61879"><net_src comp="61874" pin="1"/><net_sink comp="433" pin=0"/></net>

<net id="61885"><net_src comp="46" pin="0"/><net_sink comp="61880" pin=0"/></net>

<net id="61886"><net_src comp="48" pin="0"/><net_sink comp="61880" pin=2"/></net>

<net id="61890"><net_src comp="61880" pin="3"/><net_sink comp="61887" pin=0"/></net>

<net id="61895"><net_src comp="100" pin="0"/><net_sink comp="61891" pin=0"/></net>

<net id="61896"><net_src comp="61887" pin="1"/><net_sink comp="61891" pin=1"/></net>

<net id="61900"><net_src comp="61897" pin="1"/><net_sink comp="518" pin=0"/></net>

<net id="61901"><net_src comp="61897" pin="1"/><net_sink comp="536" pin=0"/></net>

<net id="61905"><net_src comp="61902" pin="1"/><net_sink comp="554" pin=0"/></net>

<net id="61906"><net_src comp="61902" pin="1"/><net_sink comp="471" pin=0"/></net>

<net id="61907"><net_src comp="61902" pin="1"/><net_sink comp="415" pin=0"/></net>

<net id="61908"><net_src comp="61902" pin="1"/><net_sink comp="496" pin=0"/></net>

<net id="61909"><net_src comp="61902" pin="1"/><net_sink comp="500" pin=0"/></net>

<net id="61915"><net_src comp="58" pin="0"/><net_sink comp="61910" pin=0"/></net>

<net id="61916"><net_src comp="60" pin="0"/><net_sink comp="61910" pin=2"/></net>

<net id="61920"><net_src comp="61910" pin="3"/><net_sink comp="61917" pin=0"/></net>

<net id="61925"><net_src comp="61917" pin="1"/><net_sink comp="61921" pin=0"/></net>

<net id="61929"><net_src comp="61926" pin="1"/><net_sink comp="511" pin=0"/></net>

<net id="61930"><net_src comp="61926" pin="1"/><net_sink comp="484" pin=0"/></net>

<net id="61931"><net_src comp="61926" pin="1"/><net_sink comp="462" pin=0"/></net>

<net id="61935"><net_src comp="61932" pin="1"/><net_sink comp="547" pin=0"/></net>

<net id="61936"><net_src comp="61932" pin="1"/><net_sink comp="445" pin=0"/></net>

<net id="61940"><net_src comp="61937" pin="1"/><net_sink comp="514" pin=0"/></net>

<net id="61941"><net_src comp="61937" pin="1"/><net_sink comp="528" pin=0"/></net>

<net id="61942"><net_src comp="61937" pin="1"/><net_sink comp="442" pin=0"/></net>

<net id="61943"><net_src comp="61937" pin="1"/><net_sink comp="507" pin=0"/></net>

<net id="61944"><net_src comp="61937" pin="1"/><net_sink comp="488" pin=0"/></net>

<net id="61948"><net_src comp="61945" pin="1"/><net_sink comp="535" pin=0"/></net>

<net id="61949"><net_src comp="61945" pin="1"/><net_sink comp="420" pin=0"/></net>

<net id="61950"><net_src comp="61945" pin="1"/><net_sink comp="509" pin=0"/></net>

<net id="61954"><net_src comp="61951" pin="1"/><net_sink comp="534" pin=0"/></net>

<net id="61955"><net_src comp="61951" pin="1"/><net_sink comp="473" pin=0"/></net>

<net id="61959"><net_src comp="61956" pin="1"/><net_sink comp="423" pin=0"/></net>

<net id="61960"><net_src comp="61956" pin="1"/><net_sink comp="483" pin=0"/></net>

<net id="61964"><net_src comp="61961" pin="1"/><net_sink comp="490" pin=0"/></net>

<net id="61968"><net_src comp="61965" pin="1"/><net_sink comp="478" pin=0"/></net>

<net id="61969"><net_src comp="61965" pin="1"/><net_sink comp="498" pin=0"/></net>

<net id="61970"><net_src comp="61965" pin="1"/><net_sink comp="506" pin=0"/></net>

<net id="61971"><net_src comp="61965" pin="1"/><net_sink comp="419" pin=0"/></net>

<net id="61975"><net_src comp="61972" pin="1"/><net_sink comp="448" pin=0"/></net>

<net id="61979"><net_src comp="61976" pin="1"/><net_sink comp="476" pin=0"/></net>

<net id="61983"><net_src comp="61980" pin="1"/><net_sink comp="466" pin=0"/></net>

<net id="61987"><net_src comp="61984" pin="1"/><net_sink comp="447" pin=0"/></net>

<net id="61988"><net_src comp="61984" pin="1"/><net_sink comp="464" pin=0"/></net>

<net id="61992"><net_src comp="61989" pin="1"/><net_sink comp="495" pin=0"/></net>

<net id="61996"><net_src comp="61993" pin="1"/><net_sink comp="408" pin=0"/></net>

<net id="62000"><net_src comp="61997" pin="1"/><net_sink comp="438" pin=0"/></net>

<net id="62001"><net_src comp="61997" pin="1"/><net_sink comp="516" pin=0"/></net>

<net id="62005"><net_src comp="62002" pin="1"/><net_sink comp="523" pin=0"/></net>

<net id="62009"><net_src comp="62006" pin="1"/><net_sink comp="446" pin=0"/></net>

<net id="62014"><net_src comp="2368" pin="1"/><net_sink comp="62010" pin=0"/></net>

<net id="62015"><net_src comp="178" pin="0"/><net_sink comp="62010" pin=1"/></net>

<net id="62020"><net_src comp="61760" pin="1"/><net_sink comp="62016" pin=0"/></net>

<net id="62021"><net_src comp="180" pin="0"/><net_sink comp="62016" pin=1"/></net>

<net id="62025"><net_src comp="62016" pin="2"/><net_sink comp="62022" pin=0"/></net>

<net id="62030"><net_src comp="62022" pin="1"/><net_sink comp="62026" pin=0"/></net>

<net id="62031"><net_src comp="61786" pin="1"/><net_sink comp="62026" pin=1"/></net>

<net id="62036"><net_src comp="2376" pin="1"/><net_sink comp="62032" pin=0"/></net>

<net id="62037"><net_src comp="61857" pin="1"/><net_sink comp="62032" pin=1"/></net>

<net id="62041"><net_src comp="62038" pin="1"/><net_sink comp="521" pin=0"/></net>

<net id="62042"><net_src comp="62038" pin="1"/><net_sink comp="421" pin=0"/></net>

<net id="62043"><net_src comp="62038" pin="1"/><net_sink comp="517" pin=0"/></net>

<net id="62044"><net_src comp="62038" pin="1"/><net_sink comp="504" pin=0"/></net>

<net id="62048"><net_src comp="43276" pin="1"/><net_sink comp="62045" pin=0"/></net>

<net id="62054"><net_src comp="186" pin="0"/><net_sink comp="62049" pin=0"/></net>

<net id="62055"><net_src comp="188" pin="0"/><net_sink comp="62049" pin=2"/></net>

<net id="62059"><net_src comp="62049" pin="3"/><net_sink comp="62056" pin=0"/></net>

<net id="62063"><net_src comp="62049" pin="3"/><net_sink comp="62060" pin=0"/></net>

<net id="62068"><net_src comp="62060" pin="1"/><net_sink comp="62064" pin=1"/></net>

<net id="62074"><net_src comp="190" pin="0"/><net_sink comp="62069" pin=0"/></net>

<net id="62075"><net_src comp="192" pin="0"/><net_sink comp="62069" pin=2"/></net>

<net id="62079"><net_src comp="62069" pin="3"/><net_sink comp="62076" pin=0"/></net>

<net id="62084"><net_src comp="62056" pin="1"/><net_sink comp="62080" pin=0"/></net>

<net id="62085"><net_src comp="62076" pin="1"/><net_sink comp="62080" pin=1"/></net>

<net id="62089"><net_src comp="43284" pin="1"/><net_sink comp="62086" pin=0"/></net>

<net id="62095"><net_src comp="200" pin="0"/><net_sink comp="62090" pin=0"/></net>

<net id="62096"><net_src comp="202" pin="0"/><net_sink comp="62090" pin=2"/></net>

<net id="62100"><net_src comp="62090" pin="3"/><net_sink comp="62097" pin=0"/></net>

<net id="62106"><net_src comp="204" pin="0"/><net_sink comp="62101" pin=0"/></net>

<net id="62107"><net_src comp="206" pin="0"/><net_sink comp="62101" pin=2"/></net>

<net id="62111"><net_src comp="62101" pin="3"/><net_sink comp="62108" pin=0"/></net>

<net id="62116"><net_src comp="62108" pin="1"/><net_sink comp="62112" pin=0"/></net>

<net id="62117"><net_src comp="62097" pin="1"/><net_sink comp="62112" pin=1"/></net>

<net id="62121"><net_src comp="43296" pin="1"/><net_sink comp="62118" pin=0"/></net>

<net id="62127"><net_src comp="208" pin="0"/><net_sink comp="62122" pin=0"/></net>

<net id="62128"><net_src comp="210" pin="0"/><net_sink comp="62122" pin=2"/></net>

<net id="62132"><net_src comp="62122" pin="3"/><net_sink comp="62129" pin=0"/></net>

<net id="62138"><net_src comp="46" pin="0"/><net_sink comp="62133" pin=0"/></net>

<net id="62139"><net_src comp="48" pin="0"/><net_sink comp="62133" pin=2"/></net>

<net id="62143"><net_src comp="62133" pin="3"/><net_sink comp="62140" pin=0"/></net>

<net id="62148"><net_src comp="62140" pin="1"/><net_sink comp="62144" pin=0"/></net>

<net id="62149"><net_src comp="62129" pin="1"/><net_sink comp="62144" pin=1"/></net>

<net id="62153"><net_src comp="62150" pin="1"/><net_sink comp="426" pin=0"/></net>

<net id="62154"><net_src comp="62150" pin="1"/><net_sink comp="489" pin=0"/></net>

<net id="62155"><net_src comp="62150" pin="1"/><net_sink comp="551" pin=0"/></net>

<net id="62156"><net_src comp="62150" pin="1"/><net_sink comp="480" pin=0"/></net>

<net id="62157"><net_src comp="62150" pin="1"/><net_sink comp="540" pin=0"/></net>

<net id="62158"><net_src comp="62150" pin="1"/><net_sink comp="494" pin=0"/></net>

<net id="62159"><net_src comp="62150" pin="1"/><net_sink comp="451" pin=0"/></net>

<net id="62160"><net_src comp="62150" pin="1"/><net_sink comp="530" pin=0"/></net>

<net id="62164"><net_src comp="62161" pin="1"/><net_sink comp="539" pin=0"/></net>

<net id="62168"><net_src comp="43308" pin="1"/><net_sink comp="62165" pin=0"/></net>

<net id="62172"><net_src comp="62169" pin="1"/><net_sink comp="407" pin=0"/></net>

<net id="62173"><net_src comp="62169" pin="1"/><net_sink comp="457" pin=0"/></net>

<net id="62174"><net_src comp="62169" pin="1"/><net_sink comp="548" pin=0"/></net>

<net id="62175"><net_src comp="62169" pin="1"/><net_sink comp="416" pin=0"/></net>

<net id="62176"><net_src comp="62169" pin="1"/><net_sink comp="418" pin=0"/></net>

<net id="62180"><net_src comp="43320" pin="1"/><net_sink comp="62177" pin=0"/></net>

<net id="62186"><net_src comp="208" pin="0"/><net_sink comp="62181" pin=0"/></net>

<net id="62187"><net_src comp="210" pin="0"/><net_sink comp="62181" pin=2"/></net>

<net id="62191"><net_src comp="62181" pin="3"/><net_sink comp="62188" pin=0"/></net>

<net id="62197"><net_src comp="78" pin="0"/><net_sink comp="62192" pin=0"/></net>

<net id="62198"><net_src comp="80" pin="0"/><net_sink comp="62192" pin=2"/></net>

<net id="62202"><net_src comp="62192" pin="3"/><net_sink comp="62199" pin=0"/></net>

<net id="62206"><net_src comp="62192" pin="3"/><net_sink comp="62203" pin=0"/></net>

<net id="62210"><net_src comp="62192" pin="3"/><net_sink comp="62207" pin=0"/></net>

<net id="62215"><net_src comp="62207" pin="1"/><net_sink comp="62211" pin=0"/></net>

<net id="62216"><net_src comp="62188" pin="1"/><net_sink comp="62211" pin=1"/></net>

<net id="62222"><net_src comp="74" pin="0"/><net_sink comp="62217" pin=0"/></net>

<net id="62223"><net_src comp="76" pin="0"/><net_sink comp="62217" pin=2"/></net>

<net id="62227"><net_src comp="62217" pin="3"/><net_sink comp="62224" pin=0"/></net>

<net id="62232"><net_src comp="232" pin="0"/><net_sink comp="62228" pin=0"/></net>

<net id="62233"><net_src comp="62224" pin="1"/><net_sink comp="62228" pin=1"/></net>

<net id="62238"><net_src comp="62228" pin="2"/><net_sink comp="62234" pin=0"/></net>

<net id="62239"><net_src comp="62203" pin="1"/><net_sink comp="62234" pin=1"/></net>

<net id="62243"><net_src comp="62234" pin="2"/><net_sink comp="62240" pin=0"/></net>

<net id="62247"><net_src comp="43328" pin="1"/><net_sink comp="62244" pin=0"/></net>

<net id="62253"><net_src comp="186" pin="0"/><net_sink comp="62248" pin=0"/></net>

<net id="62254"><net_src comp="188" pin="0"/><net_sink comp="62248" pin=2"/></net>

<net id="62258"><net_src comp="62248" pin="3"/><net_sink comp="62255" pin=0"/></net>

<net id="62263"><net_src comp="62199" pin="1"/><net_sink comp="62259" pin=0"/></net>

<net id="62264"><net_src comp="62255" pin="1"/><net_sink comp="62259" pin=1"/></net>

<net id="62268"><net_src comp="62259" pin="2"/><net_sink comp="62265" pin=0"/></net>

<net id="62275"><net_src comp="62272" pin="1"/><net_sink comp="406" pin=0"/></net>

<net id="62279"><net_src comp="43344" pin="1"/><net_sink comp="62276" pin=0"/></net>

<net id="62283"><net_src comp="43348" pin="1"/><net_sink comp="62280" pin=0"/></net>

<net id="62290"><net_src comp="43364" pin="1"/><net_sink comp="62287" pin=0"/></net>

<net id="62296"><net_src comp="200" pin="0"/><net_sink comp="62291" pin=0"/></net>

<net id="62297"><net_src comp="202" pin="0"/><net_sink comp="62291" pin=2"/></net>

<net id="62301"><net_src comp="62291" pin="3"/><net_sink comp="62298" pin=0"/></net>

<net id="62307"><net_src comp="78" pin="0"/><net_sink comp="62302" pin=0"/></net>

<net id="62308"><net_src comp="80" pin="0"/><net_sink comp="62302" pin=2"/></net>

<net id="62312"><net_src comp="62302" pin="3"/><net_sink comp="62309" pin=0"/></net>

<net id="62316"><net_src comp="62302" pin="3"/><net_sink comp="62313" pin=0"/></net>

<net id="62321"><net_src comp="62298" pin="1"/><net_sink comp="62317" pin=0"/></net>

<net id="62322"><net_src comp="62313" pin="1"/><net_sink comp="62317" pin=1"/></net>

<net id="62328"><net_src comp="208" pin="0"/><net_sink comp="62323" pin=0"/></net>

<net id="62329"><net_src comp="210" pin="0"/><net_sink comp="62323" pin=2"/></net>

<net id="62333"><net_src comp="62323" pin="3"/><net_sink comp="62330" pin=0"/></net>

<net id="62338"><net_src comp="62330" pin="1"/><net_sink comp="62334" pin=0"/></net>

<net id="62339"><net_src comp="62309" pin="1"/><net_sink comp="62334" pin=1"/></net>

<net id="62343"><net_src comp="62334" pin="2"/><net_sink comp="62340" pin=0"/></net>

<net id="62348"><net_src comp="62330" pin="1"/><net_sink comp="62344" pin=0"/></net>

<net id="62352"><net_src comp="43368" pin="1"/><net_sink comp="62349" pin=0"/></net>

<net id="62356"><net_src comp="43380" pin="1"/><net_sink comp="62353" pin=0"/></net>

<net id="62362"><net_src comp="190" pin="0"/><net_sink comp="62357" pin=0"/></net>

<net id="62363"><net_src comp="192" pin="0"/><net_sink comp="62357" pin=2"/></net>

<net id="62367"><net_src comp="62357" pin="3"/><net_sink comp="62364" pin=0"/></net>

<net id="62373"><net_src comp="208" pin="0"/><net_sink comp="62368" pin=0"/></net>

<net id="62374"><net_src comp="210" pin="0"/><net_sink comp="62368" pin=2"/></net>

<net id="62378"><net_src comp="62368" pin="3"/><net_sink comp="62375" pin=0"/></net>

<net id="62383"><net_src comp="62364" pin="1"/><net_sink comp="62379" pin=0"/></net>

<net id="62384"><net_src comp="62375" pin="1"/><net_sink comp="62379" pin=1"/></net>

<net id="62388"><net_src comp="43404" pin="1"/><net_sink comp="62385" pin=0"/></net>

<net id="62392"><net_src comp="62389" pin="1"/><net_sink comp="485" pin=0"/></net>

<net id="62396"><net_src comp="43420" pin="1"/><net_sink comp="62393" pin=0"/></net>

<net id="62402"><net_src comp="208" pin="0"/><net_sink comp="62397" pin=0"/></net>

<net id="62403"><net_src comp="210" pin="0"/><net_sink comp="62397" pin=2"/></net>

<net id="62407"><net_src comp="62397" pin="3"/><net_sink comp="62404" pin=0"/></net>

<net id="62413"><net_src comp="46" pin="0"/><net_sink comp="62408" pin=0"/></net>

<net id="62414"><net_src comp="48" pin="0"/><net_sink comp="62408" pin=2"/></net>

<net id="62418"><net_src comp="62408" pin="3"/><net_sink comp="62415" pin=0"/></net>

<net id="62423"><net_src comp="62415" pin="1"/><net_sink comp="62419" pin=0"/></net>

<net id="62424"><net_src comp="62404" pin="1"/><net_sink comp="62419" pin=1"/></net>

<net id="62428"><net_src comp="62419" pin="2"/><net_sink comp="62425" pin=0"/></net>

<net id="62434"><net_src comp="204" pin="0"/><net_sink comp="62429" pin=0"/></net>

<net id="62435"><net_src comp="206" pin="0"/><net_sink comp="62429" pin=2"/></net>

<net id="62439"><net_src comp="62429" pin="3"/><net_sink comp="62436" pin=0"/></net>

<net id="62443"><net_src comp="62429" pin="3"/><net_sink comp="62440" pin=0"/></net>

<net id="62449"><net_src comp="78" pin="0"/><net_sink comp="62444" pin=0"/></net>

<net id="62450"><net_src comp="80" pin="0"/><net_sink comp="62444" pin=2"/></net>

<net id="62454"><net_src comp="62444" pin="3"/><net_sink comp="62451" pin=0"/></net>

<net id="62459"><net_src comp="62440" pin="1"/><net_sink comp="62455" pin=0"/></net>

<net id="62460"><net_src comp="62451" pin="1"/><net_sink comp="62455" pin=1"/></net>

<net id="62464"><net_src comp="62455" pin="2"/><net_sink comp="62461" pin=0"/></net>

<net id="62470"><net_src comp="58" pin="0"/><net_sink comp="62465" pin=0"/></net>

<net id="62471"><net_src comp="60" pin="0"/><net_sink comp="62465" pin=2"/></net>

<net id="62475"><net_src comp="62465" pin="3"/><net_sink comp="62472" pin=0"/></net>

<net id="62480"><net_src comp="62472" pin="1"/><net_sink comp="62476" pin=0"/></net>

<net id="62481"><net_src comp="62436" pin="1"/><net_sink comp="62476" pin=1"/></net>

<net id="62485"><net_src comp="62476" pin="2"/><net_sink comp="62482" pin=0"/></net>

<net id="62489"><net_src comp="43452" pin="1"/><net_sink comp="62486" pin=0"/></net>

<net id="62493"><net_src comp="62490" pin="1"/><net_sink comp="497" pin=0"/></net>

<net id="62494"><net_src comp="62490" pin="1"/><net_sink comp="542" pin=0"/></net>

<net id="62498"><net_src comp="43468" pin="1"/><net_sink comp="62495" pin=0"/></net>

<net id="62502"><net_src comp="62499" pin="1"/><net_sink comp="425" pin=0"/></net>

<net id="62506"><net_src comp="62503" pin="1"/><net_sink comp="493" pin=0"/></net>

<net id="62507"><net_src comp="62503" pin="1"/><net_sink comp="553" pin=0"/></net>

<net id="62508"><net_src comp="62503" pin="1"/><net_sink comp="545" pin=0"/></net>

<net id="62512"><net_src comp="43492" pin="1"/><net_sink comp="62509" pin=0"/></net>

<net id="62518"><net_src comp="58" pin="0"/><net_sink comp="62513" pin=0"/></net>

<net id="62519"><net_src comp="60" pin="0"/><net_sink comp="62513" pin=2"/></net>

<net id="62523"><net_src comp="62513" pin="3"/><net_sink comp="62520" pin=0"/></net>

<net id="62529"><net_src comp="186" pin="0"/><net_sink comp="62524" pin=0"/></net>

<net id="62530"><net_src comp="188" pin="0"/><net_sink comp="62524" pin=2"/></net>

<net id="62534"><net_src comp="62524" pin="3"/><net_sink comp="62531" pin=0"/></net>

<net id="62539"><net_src comp="62531" pin="1"/><net_sink comp="62535" pin=0"/></net>

<net id="62540"><net_src comp="62520" pin="1"/><net_sink comp="62535" pin=1"/></net>

<net id="62545"><net_src comp="43228" pin="1"/><net_sink comp="62541" pin=0"/></net>

<net id="62546"><net_src comp="310" pin="0"/><net_sink comp="62541" pin=1"/></net>

<net id="62554"><net_src comp="43244" pin="1"/><net_sink comp="62550" pin=0"/></net>

<net id="62555"><net_src comp="312" pin="0"/><net_sink comp="62550" pin=1"/></net>

<net id="62559"><net_src comp="62550" pin="2"/><net_sink comp="62556" pin=0"/></net>

<net id="62564"><net_src comp="2372" pin="1"/><net_sink comp="62560" pin=0"/></net>

<net id="62565"><net_src comp="314" pin="0"/><net_sink comp="62560" pin=1"/></net>

<net id="62570"><net_src comp="43248" pin="1"/><net_sink comp="62566" pin=0"/></net>

<net id="62571"><net_src comp="316" pin="0"/><net_sink comp="62566" pin=1"/></net>

<net id="62576"><net_src comp="43252" pin="1"/><net_sink comp="62572" pin=0"/></net>

<net id="62577"><net_src comp="310" pin="0"/><net_sink comp="62572" pin=1"/></net>

<net id="62581"><net_src comp="62572" pin="2"/><net_sink comp="62578" pin=0"/></net>

<net id="62586"><net_src comp="43260" pin="1"/><net_sink comp="62582" pin=0"/></net>

<net id="62587"><net_src comp="318" pin="0"/><net_sink comp="62582" pin=1"/></net>

<net id="62591"><net_src comp="62582" pin="2"/><net_sink comp="62588" pin=0"/></net>

<net id="62599"><net_src comp="43268" pin="1"/><net_sink comp="62595" pin=0"/></net>

<net id="62600"><net_src comp="320" pin="0"/><net_sink comp="62595" pin=1"/></net>

<net id="62604"><net_src comp="62595" pin="2"/><net_sink comp="62601" pin=0"/></net>

<net id="62609"><net_src comp="43272" pin="1"/><net_sink comp="62605" pin=0"/></net>

<net id="62610"><net_src comp="62547" pin="1"/><net_sink comp="62605" pin=1"/></net>

<net id="62614"><net_src comp="62605" pin="2"/><net_sink comp="62611" pin=0"/></net>

<net id="62619"><net_src comp="62064" pin="2"/><net_sink comp="62615" pin=0"/></net>

<net id="62620"><net_src comp="322" pin="0"/><net_sink comp="62615" pin=1"/></net>

<net id="62624"><net_src comp="62615" pin="2"/><net_sink comp="62621" pin=0"/></net>

<net id="62629"><net_src comp="62621" pin="1"/><net_sink comp="62625" pin=0"/></net>

<net id="62630"><net_src comp="43236" pin="1"/><net_sink comp="62625" pin=1"/></net>

<net id="62634"><net_src comp="62625" pin="2"/><net_sink comp="62631" pin=0"/></net>

<net id="62639"><net_src comp="43280" pin="1"/><net_sink comp="62635" pin=0"/></net>

<net id="62640"><net_src comp="324" pin="0"/><net_sink comp="62635" pin=1"/></net>

<net id="62644"><net_src comp="62635" pin="2"/><net_sink comp="62641" pin=0"/></net>

<net id="62649"><net_src comp="62641" pin="1"/><net_sink comp="62645" pin=0"/></net>

<net id="62650"><net_src comp="43240" pin="1"/><net_sink comp="62645" pin=1"/></net>

<net id="62655"><net_src comp="62578" pin="1"/><net_sink comp="62651" pin=0"/></net>

<net id="62656"><net_src comp="62086" pin="1"/><net_sink comp="62651" pin=1"/></net>

<net id="62661"><net_src comp="62112" pin="2"/><net_sink comp="62657" pin=0"/></net>

<net id="62662"><net_src comp="43256" pin="1"/><net_sink comp="62657" pin=1"/></net>

<net id="62667"><net_src comp="43288" pin="1"/><net_sink comp="62663" pin=0"/></net>

<net id="62668"><net_src comp="62588" pin="1"/><net_sink comp="62663" pin=1"/></net>

<net id="62673"><net_src comp="43292" pin="1"/><net_sink comp="62669" pin=0"/></net>

<net id="62674"><net_src comp="62592" pin="1"/><net_sink comp="62669" pin=1"/></net>

<net id="62679"><net_src comp="43232" pin="1"/><net_sink comp="62675" pin=0"/></net>

<net id="62680"><net_src comp="62045" pin="1"/><net_sink comp="62675" pin=1"/></net>

<net id="62685"><net_src comp="43300" pin="1"/><net_sink comp="62681" pin=0"/></net>

<net id="62686"><net_src comp="326" pin="0"/><net_sink comp="62681" pin=1"/></net>

<net id="62690"><net_src comp="62681" pin="2"/><net_sink comp="62687" pin=0"/></net>

<net id="62695"><net_src comp="62687" pin="1"/><net_sink comp="62691" pin=0"/></net>

<net id="62696"><net_src comp="62675" pin="2"/><net_sink comp="62691" pin=1"/></net>

<net id="62700"><net_src comp="62691" pin="2"/><net_sink comp="62697" pin=0"/></net>

<net id="62705"><net_src comp="43264" pin="1"/><net_sink comp="62701" pin=0"/></net>

<net id="62706"><net_src comp="62118" pin="1"/><net_sink comp="62701" pin=1"/></net>

<net id="62711"><net_src comp="43312" pin="1"/><net_sink comp="62707" pin=0"/></net>

<net id="62712"><net_src comp="328" pin="0"/><net_sink comp="62707" pin=1"/></net>

<net id="62716"><net_src comp="62707" pin="2"/><net_sink comp="62713" pin=0"/></net>

<net id="62721"><net_src comp="62713" pin="1"/><net_sink comp="62717" pin=0"/></net>

<net id="62722"><net_src comp="62701" pin="2"/><net_sink comp="62717" pin=1"/></net>

<net id="62727"><net_src comp="62080" pin="2"/><net_sink comp="62723" pin=0"/></net>

<net id="62728"><net_src comp="62556" pin="1"/><net_sink comp="62723" pin=1"/></net>

<net id="62733"><net_src comp="43304" pin="1"/><net_sink comp="62729" pin=0"/></net>

<net id="62734"><net_src comp="62244" pin="1"/><net_sink comp="62729" pin=1"/></net>

<net id="62738"><net_src comp="62729" pin="2"/><net_sink comp="62735" pin=0"/></net>

<net id="62743"><net_src comp="62735" pin="1"/><net_sink comp="62739" pin=0"/></net>

<net id="62744"><net_src comp="62723" pin="2"/><net_sink comp="62739" pin=1"/></net>

<net id="62749"><net_src comp="62566" pin="2"/><net_sink comp="62745" pin=0"/></net>

<net id="62750"><net_src comp="62165" pin="1"/><net_sink comp="62745" pin=1"/></net>

<net id="62755"><net_src comp="62611" pin="1"/><net_sink comp="62751" pin=0"/></net>

<net id="62756"><net_src comp="62276" pin="1"/><net_sink comp="62751" pin=1"/></net>

<net id="62761"><net_src comp="43352" pin="1"/><net_sink comp="62757" pin=0"/></net>

<net id="62762"><net_src comp="62240" pin="1"/><net_sink comp="62757" pin=1"/></net>

<net id="62767"><net_src comp="62601" pin="1"/><net_sink comp="62763" pin=0"/></net>

<net id="62768"><net_src comp="62349" pin="1"/><net_sink comp="62763" pin=1"/></net>

<net id="62773"><net_src comp="43316" pin="1"/><net_sink comp="62769" pin=0"/></net>

<net id="62774"><net_src comp="62269" pin="1"/><net_sink comp="62769" pin=1"/></net>

<net id="62778"><net_src comp="62769" pin="2"/><net_sink comp="62775" pin=0"/></net>

<net id="62783"><net_src comp="62775" pin="1"/><net_sink comp="62779" pin=0"/></net>

<net id="62784"><net_src comp="62144" pin="2"/><net_sink comp="62779" pin=1"/></net>

<net id="62788"><net_src comp="62779" pin="2"/><net_sink comp="62785" pin=0"/></net>

<net id="62793"><net_src comp="62785" pin="1"/><net_sink comp="62789" pin=0"/></net>

<net id="62794"><net_src comp="62763" pin="2"/><net_sink comp="62789" pin=1"/></net>

<net id="62799"><net_src comp="43340" pin="1"/><net_sink comp="62795" pin=0"/></net>

<net id="62800"><net_src comp="43372" pin="1"/><net_sink comp="62795" pin=1"/></net>

<net id="62804"><net_src comp="62795" pin="2"/><net_sink comp="62801" pin=0"/></net>

<net id="62809"><net_src comp="62801" pin="1"/><net_sink comp="62805" pin=0"/></net>

<net id="62810"><net_src comp="62177" pin="1"/><net_sink comp="62805" pin=1"/></net>

<net id="62815"><net_src comp="43376" pin="1"/><net_sink comp="62811" pin=0"/></net>

<net id="62816"><net_src comp="62697" pin="1"/><net_sink comp="62811" pin=1"/></net>

<net id="62821"><net_src comp="62211" pin="2"/><net_sink comp="62817" pin=0"/></net>

<net id="62822"><net_src comp="62280" pin="1"/><net_sink comp="62817" pin=1"/></net>

<net id="62826"><net_src comp="62817" pin="2"/><net_sink comp="62823" pin=0"/></net>

<net id="62831"><net_src comp="62823" pin="1"/><net_sink comp="62827" pin=0"/></net>

<net id="62832"><net_src comp="62811" pin="2"/><net_sink comp="62827" pin=1"/></net>

<net id="62837"><net_src comp="43336" pin="1"/><net_sink comp="62833" pin=0"/></net>

<net id="62838"><net_src comp="43400" pin="1"/><net_sink comp="62833" pin=1"/></net>

<net id="62842"><net_src comp="62833" pin="2"/><net_sink comp="62839" pin=0"/></net>

<net id="62847"><net_src comp="62839" pin="1"/><net_sink comp="62843" pin=0"/></net>

<net id="62848"><net_src comp="62317" pin="2"/><net_sink comp="62843" pin=1"/></net>

<net id="62853"><net_src comp="62379" pin="2"/><net_sink comp="62849" pin=0"/></net>

<net id="62854"><net_src comp="62340" pin="1"/><net_sink comp="62849" pin=1"/></net>

<net id="62859"><net_src comp="43324" pin="1"/><net_sink comp="62855" pin=0"/></net>

<net id="62860"><net_src comp="62353" pin="1"/><net_sink comp="62855" pin=1"/></net>

<net id="62864"><net_src comp="62855" pin="2"/><net_sink comp="62861" pin=0"/></net>

<net id="62869"><net_src comp="62861" pin="1"/><net_sink comp="62865" pin=0"/></net>

<net id="62870"><net_src comp="62631" pin="1"/><net_sink comp="62865" pin=1"/></net>

<net id="62878"><net_src comp="62871" pin="1"/><net_sink comp="62874" pin=0"/></net>

<net id="62879"><net_src comp="43416" pin="1"/><net_sink comp="62874" pin=1"/></net>

<net id="62883"><net_src comp="62874" pin="2"/><net_sink comp="62880" pin=0"/></net>

<net id="62888"><net_src comp="62880" pin="1"/><net_sink comp="62884" pin=0"/></net>

<net id="62889"><net_src comp="62865" pin="2"/><net_sink comp="62884" pin=1"/></net>

<net id="62894"><net_src comp="43428" pin="1"/><net_sink comp="62890" pin=0"/></net>

<net id="62895"><net_src comp="62265" pin="1"/><net_sink comp="62890" pin=1"/></net>

<net id="62900"><net_src comp="43360" pin="1"/><net_sink comp="62896" pin=0"/></net>

<net id="62901"><net_src comp="62425" pin="1"/><net_sink comp="62896" pin=1"/></net>

<net id="62906"><net_src comp="43408" pin="1"/><net_sink comp="62902" pin=0"/></net>

<net id="62907"><net_src comp="43436" pin="1"/><net_sink comp="62902" pin=1"/></net>

<net id="62912"><net_src comp="43396" pin="1"/><net_sink comp="62908" pin=0"/></net>

<net id="62913"><net_src comp="62287" pin="1"/><net_sink comp="62908" pin=1"/></net>

<net id="62917"><net_src comp="62908" pin="2"/><net_sink comp="62914" pin=0"/></net>

<net id="62922"><net_src comp="62914" pin="1"/><net_sink comp="62918" pin=0"/></net>

<net id="62923"><net_src comp="43456" pin="1"/><net_sink comp="62918" pin=1"/></net>

<net id="62928"><net_src comp="43432" pin="1"/><net_sink comp="62924" pin=0"/></net>

<net id="62929"><net_src comp="43464" pin="1"/><net_sink comp="62924" pin=1"/></net>

<net id="62933"><net_src comp="62924" pin="2"/><net_sink comp="62930" pin=0"/></net>

<net id="62938"><net_src comp="62930" pin="1"/><net_sink comp="62934" pin=0"/></net>

<net id="62939"><net_src comp="62385" pin="1"/><net_sink comp="62934" pin=1"/></net>

<net id="62944"><net_src comp="43440" pin="1"/><net_sink comp="62940" pin=0"/></net>

<net id="62945"><net_src comp="62495" pin="1"/><net_sink comp="62940" pin=1"/></net>

<net id="62949"><net_src comp="62940" pin="2"/><net_sink comp="62946" pin=0"/></net>

<net id="62954"><net_src comp="62946" pin="1"/><net_sink comp="62950" pin=0"/></net>

<net id="62955"><net_src comp="43412" pin="1"/><net_sink comp="62950" pin=1"/></net>

<net id="62960"><net_src comp="43444" pin="1"/><net_sink comp="62956" pin=0"/></net>

<net id="62961"><net_src comp="62393" pin="1"/><net_sink comp="62956" pin=1"/></net>

<net id="62966"><net_src comp="62956" pin="2"/><net_sink comp="62962" pin=0"/></net>

<net id="62967"><net_src comp="43384" pin="1"/><net_sink comp="62962" pin=1"/></net>

<net id="62972"><net_src comp="43332" pin="1"/><net_sink comp="62968" pin=0"/></net>

<net id="62973"><net_src comp="43356" pin="1"/><net_sink comp="62968" pin=1"/></net>

<net id="62978"><net_src comp="43392" pin="1"/><net_sink comp="62974" pin=0"/></net>

<net id="62979"><net_src comp="43424" pin="1"/><net_sink comp="62974" pin=1"/></net>

<net id="62983"><net_src comp="62974" pin="2"/><net_sink comp="62980" pin=0"/></net>

<net id="62988"><net_src comp="43476" pin="1"/><net_sink comp="62984" pin=0"/></net>

<net id="62989"><net_src comp="62486" pin="1"/><net_sink comp="62984" pin=1"/></net>

<net id="62993"><net_src comp="62984" pin="2"/><net_sink comp="62990" pin=0"/></net>

<net id="62998"><net_src comp="62990" pin="1"/><net_sink comp="62994" pin=0"/></net>

<net id="62999"><net_src comp="62980" pin="1"/><net_sink comp="62994" pin=1"/></net>

<net id="63004"><net_src comp="43488" pin="1"/><net_sink comp="63000" pin=0"/></net>

<net id="63005"><net_src comp="62461" pin="1"/><net_sink comp="63000" pin=1"/></net>

<net id="63010"><net_src comp="62482" pin="1"/><net_sink comp="63006" pin=0"/></net>

<net id="63011"><net_src comp="62509" pin="1"/><net_sink comp="63006" pin=1"/></net>

<net id="63016"><net_src comp="43496" pin="1"/><net_sink comp="63012" pin=0"/></net>

<net id="63017"><net_src comp="62284" pin="1"/><net_sink comp="63012" pin=1"/></net>

<net id="63021"><net_src comp="63012" pin="2"/><net_sink comp="63018" pin=0"/></net>

<net id="63026"><net_src comp="43448" pin="1"/><net_sink comp="63022" pin=0"/></net>

<net id="63027"><net_src comp="43472" pin="1"/><net_sink comp="63022" pin=1"/></net>

<net id="63031"><net_src comp="63022" pin="2"/><net_sink comp="63028" pin=0"/></net>

<net id="63036"><net_src comp="63028" pin="1"/><net_sink comp="63032" pin=0"/></net>

<net id="63037"><net_src comp="63018" pin="1"/><net_sink comp="63032" pin=1"/></net>

<net id="63042"><net_src comp="43460" pin="1"/><net_sink comp="63038" pin=0"/></net>

<net id="63043"><net_src comp="43480" pin="1"/><net_sink comp="63038" pin=1"/></net>

<net id="63048"><net_src comp="43484" pin="1"/><net_sink comp="63044" pin=0"/></net>

<net id="63049"><net_src comp="43500" pin="1"/><net_sink comp="63044" pin=1"/></net>

<net id="63053"><net_src comp="61556" pin="1"/><net_sink comp="63050" pin=0"/></net>

<net id="63057"><net_src comp="61580" pin="1"/><net_sink comp="63054" pin=0"/></net>

<net id="63063"><net_src comp="200" pin="0"/><net_sink comp="63058" pin=0"/></net>

<net id="63064"><net_src comp="202" pin="0"/><net_sink comp="63058" pin=2"/></net>

<net id="63068"><net_src comp="61588" pin="1"/><net_sink comp="63065" pin=0"/></net>

<net id="63072"><net_src comp="61592" pin="1"/><net_sink comp="63069" pin=0"/></net>

<net id="63079"><net_src comp="61596" pin="1"/><net_sink comp="63076" pin=0"/></net>

<net id="63083"><net_src comp="43388" pin="1"/><net_sink comp="63080" pin=0"/></net>

<net id="63087"><net_src comp="61616" pin="1"/><net_sink comp="63084" pin=0"/></net>

<net id="63091"><net_src comp="61624" pin="1"/><net_sink comp="63088" pin=0"/></net>

<net id="63095"><net_src comp="61628" pin="1"/><net_sink comp="63092" pin=0"/></net>

<net id="63099"><net_src comp="61632" pin="1"/><net_sink comp="63096" pin=0"/></net>

<net id="63103"><net_src comp="61636" pin="1"/><net_sink comp="63100" pin=0"/></net>

<net id="63107"><net_src comp="61640" pin="1"/><net_sink comp="63104" pin=0"/></net>

<net id="63111"><net_src comp="61644" pin="1"/><net_sink comp="63108" pin=0"/></net>

<net id="63115"><net_src comp="61648" pin="1"/><net_sink comp="63112" pin=0"/></net>

<net id="63119"><net_src comp="61652" pin="1"/><net_sink comp="63116" pin=0"/></net>

<net id="63123"><net_src comp="61656" pin="1"/><net_sink comp="63120" pin=0"/></net>

<net id="63127"><net_src comp="61664" pin="1"/><net_sink comp="63124" pin=0"/></net>

<net id="63131"><net_src comp="61676" pin="1"/><net_sink comp="63128" pin=0"/></net>

<net id="63135"><net_src comp="61700" pin="1"/><net_sink comp="63132" pin=0"/></net>

<net id="63139"><net_src comp="61704" pin="1"/><net_sink comp="63136" pin=0"/></net>

<net id="63143"><net_src comp="61712" pin="1"/><net_sink comp="63140" pin=0"/></net>

<net id="63147"><net_src comp="61716" pin="1"/><net_sink comp="63144" pin=0"/></net>

<net id="63154"><net_src comp="61732" pin="1"/><net_sink comp="63151" pin=0"/></net>

<net id="63158"><net_src comp="61740" pin="1"/><net_sink comp="63155" pin=0"/></net>

<net id="63169"><net_src comp="61520" pin="1"/><net_sink comp="63165" pin=0"/></net>

<net id="63170"><net_src comp="63159" pin="1"/><net_sink comp="63165" pin=1"/></net>

<net id="63174"><net_src comp="63165" pin="2"/><net_sink comp="63171" pin=0"/></net>

<net id="63182"><net_src comp="61528" pin="1"/><net_sink comp="63178" pin=0"/></net>

<net id="63183"><net_src comp="61516" pin="1"/><net_sink comp="63178" pin=1"/></net>

<net id="63187"><net_src comp="63178" pin="2"/><net_sink comp="63184" pin=0"/></net>

<net id="63201"><net_src comp="61524" pin="1"/><net_sink comp="63197" pin=0"/></net>

<net id="63202"><net_src comp="63162" pin="1"/><net_sink comp="63197" pin=1"/></net>

<net id="63207"><net_src comp="63197" pin="2"/><net_sink comp="63203" pin=0"/></net>

<net id="63208"><net_src comp="61548" pin="1"/><net_sink comp="63203" pin=1"/></net>

<net id="63212"><net_src comp="63203" pin="2"/><net_sink comp="63209" pin=0"/></net>

<net id="63217"><net_src comp="61560" pin="1"/><net_sink comp="63213" pin=0"/></net>

<net id="63218"><net_src comp="63191" pin="1"/><net_sink comp="63213" pin=1"/></net>

<net id="63222"><net_src comp="63213" pin="2"/><net_sink comp="63219" pin=0"/></net>

<net id="63233"><net_src comp="61576" pin="1"/><net_sink comp="63229" pin=0"/></net>

<net id="63234"><net_src comp="61532" pin="1"/><net_sink comp="63229" pin=1"/></net>

<net id="63242"><net_src comp="63235" pin="1"/><net_sink comp="63238" pin=0"/></net>

<net id="63243"><net_src comp="63229" pin="2"/><net_sink comp="63238" pin=1"/></net>

<net id="63247"><net_src comp="63238" pin="2"/><net_sink comp="63244" pin=0"/></net>

<net id="63252"><net_src comp="61564" pin="1"/><net_sink comp="63248" pin=0"/></net>

<net id="63253"><net_src comp="63194" pin="1"/><net_sink comp="63248" pin=1"/></net>

<net id="63258"><net_src comp="63248" pin="2"/><net_sink comp="63254" pin=0"/></net>

<net id="63259"><net_src comp="61584" pin="1"/><net_sink comp="63254" pin=1"/></net>

<net id="63263"><net_src comp="63254" pin="2"/><net_sink comp="63260" pin=0"/></net>

<net id="63267"><net_src comp="63058" pin="3"/><net_sink comp="63264" pin=0"/></net>

<net id="63275"><net_src comp="63268" pin="1"/><net_sink comp="63271" pin=0"/></net>

<net id="63276"><net_src comp="63264" pin="1"/><net_sink comp="63271" pin=1"/></net>

<net id="63281"><net_src comp="63271" pin="2"/><net_sink comp="63277" pin=0"/></net>

<net id="63282"><net_src comp="61568" pin="1"/><net_sink comp="63277" pin=1"/></net>

<net id="63286"><net_src comp="63277" pin="2"/><net_sink comp="63283" pin=0"/></net>

<net id="63291"><net_src comp="61572" pin="1"/><net_sink comp="63287" pin=0"/></net>

<net id="63292"><net_src comp="61540" pin="1"/><net_sink comp="63287" pin=1"/></net>

<net id="63300"><net_src comp="63293" pin="1"/><net_sink comp="63296" pin=0"/></net>

<net id="63301"><net_src comp="63287" pin="2"/><net_sink comp="63296" pin=1"/></net>

<net id="63305"><net_src comp="63296" pin="2"/><net_sink comp="63302" pin=0"/></net>

<net id="63310"><net_src comp="61544" pin="1"/><net_sink comp="63306" pin=0"/></net>

<net id="63311"><net_src comp="63175" pin="1"/><net_sink comp="63306" pin=1"/></net>

<net id="63319"><net_src comp="63312" pin="1"/><net_sink comp="63315" pin=0"/></net>

<net id="63320"><net_src comp="63306" pin="2"/><net_sink comp="63315" pin=1"/></net>

<net id="63324"><net_src comp="63315" pin="2"/><net_sink comp="63321" pin=0"/></net>

<net id="63332"><net_src comp="61536" pin="1"/><net_sink comp="63328" pin=0"/></net>

<net id="63333"><net_src comp="63171" pin="1"/><net_sink comp="63328" pin=1"/></net>

<net id="63341"><net_src comp="63334" pin="1"/><net_sink comp="63337" pin=0"/></net>

<net id="63342"><net_src comp="63328" pin="2"/><net_sink comp="63337" pin=1"/></net>

<net id="63346"><net_src comp="63337" pin="2"/><net_sink comp="63343" pin=0"/></net>

<net id="63354"><net_src comp="63188" pin="1"/><net_sink comp="63350" pin=0"/></net>

<net id="63355"><net_src comp="63050" pin="1"/><net_sink comp="63350" pin=1"/></net>

<net id="63363"><net_src comp="63356" pin="1"/><net_sink comp="63359" pin=0"/></net>

<net id="63364"><net_src comp="63350" pin="2"/><net_sink comp="63359" pin=1"/></net>

<net id="63368"><net_src comp="63359" pin="2"/><net_sink comp="63365" pin=0"/></net>

<net id="63376"><net_src comp="63369" pin="1"/><net_sink comp="63372" pin=0"/></net>

<net id="63377"><net_src comp="63260" pin="1"/><net_sink comp="63372" pin=1"/></net>

<net id="63381"><net_src comp="63372" pin="2"/><net_sink comp="63378" pin=0"/></net>

<net id="63386"><net_src comp="63223" pin="1"/><net_sink comp="63382" pin=0"/></net>

<net id="63387"><net_src comp="63065" pin="1"/><net_sink comp="63382" pin=1"/></net>

<net id="63392"><net_src comp="61608" pin="1"/><net_sink comp="63388" pin=0"/></net>

<net id="63393"><net_src comp="63073" pin="1"/><net_sink comp="63388" pin=1"/></net>

<net id="63397"><net_src comp="63388" pin="2"/><net_sink comp="63394" pin=0"/></net>

<net id="63402"><net_src comp="63394" pin="1"/><net_sink comp="63398" pin=0"/></net>

<net id="63403"><net_src comp="63382" pin="2"/><net_sink comp="63398" pin=1"/></net>

<net id="63407"><net_src comp="63398" pin="2"/><net_sink comp="63404" pin=0"/></net>

<net id="63415"><net_src comp="61552" pin="1"/><net_sink comp="63411" pin=0"/></net>

<net id="63416"><net_src comp="61600" pin="1"/><net_sink comp="63411" pin=1"/></net>

<net id="63420"><net_src comp="63411" pin="2"/><net_sink comp="63417" pin=0"/></net>

<net id="63425"><net_src comp="63417" pin="1"/><net_sink comp="63421" pin=0"/></net>

<net id="63426"><net_src comp="63184" pin="1"/><net_sink comp="63421" pin=1"/></net>

<net id="63434"><net_src comp="63427" pin="1"/><net_sink comp="63430" pin=0"/></net>

<net id="63435"><net_src comp="43360" pin="1"/><net_sink comp="63430" pin=1"/></net>

<net id="63439"><net_src comp="63430" pin="2"/><net_sink comp="63436" pin=0"/></net>

<net id="63444"><net_src comp="63436" pin="1"/><net_sink comp="63440" pin=0"/></net>

<net id="63445"><net_src comp="63421" pin="2"/><net_sink comp="63440" pin=1"/></net>

<net id="63449"><net_src comp="63440" pin="2"/><net_sink comp="63446" pin=0"/></net>

<net id="63454"><net_src comp="63219" pin="1"/><net_sink comp="63450" pin=0"/></net>

<net id="63455"><net_src comp="63054" pin="1"/><net_sink comp="63450" pin=1"/></net>

<net id="63463"><net_src comp="63456" pin="1"/><net_sink comp="63459" pin=0"/></net>

<net id="63464"><net_src comp="61604" pin="1"/><net_sink comp="63459" pin=1"/></net>

<net id="63468"><net_src comp="63459" pin="2"/><net_sink comp="63465" pin=0"/></net>

<net id="63473"><net_src comp="63465" pin="1"/><net_sink comp="63469" pin=0"/></net>

<net id="63474"><net_src comp="63450" pin="2"/><net_sink comp="63469" pin=1"/></net>

<net id="63478"><net_src comp="63469" pin="2"/><net_sink comp="63475" pin=0"/></net>

<net id="63486"><net_src comp="63479" pin="1"/><net_sink comp="63482" pin=0"/></net>

<net id="63487"><net_src comp="63325" pin="1"/><net_sink comp="63482" pin=1"/></net>

<net id="63491"><net_src comp="63482" pin="2"/><net_sink comp="63488" pin=0"/></net>

<net id="63496"><net_src comp="63244" pin="1"/><net_sink comp="63492" pin=0"/></net>

<net id="63497"><net_src comp="63088" pin="1"/><net_sink comp="63492" pin=1"/></net>

<net id="63505"><net_src comp="63498" pin="1"/><net_sink comp="63501" pin=0"/></net>

<net id="63506"><net_src comp="63492" pin="2"/><net_sink comp="63501" pin=1"/></net>

<net id="63510"><net_src comp="63501" pin="2"/><net_sink comp="63507" pin=0"/></net>

<net id="63515"><net_src comp="63283" pin="1"/><net_sink comp="63511" pin=0"/></net>

<net id="63516"><net_src comp="63069" pin="1"/><net_sink comp="63511" pin=1"/></net>

<net id="63524"><net_src comp="63517" pin="1"/><net_sink comp="63520" pin=0"/></net>

<net id="63525"><net_src comp="63511" pin="2"/><net_sink comp="63520" pin=1"/></net>

<net id="63529"><net_src comp="63520" pin="2"/><net_sink comp="63526" pin=0"/></net>

<net id="63534"><net_src comp="63302" pin="1"/><net_sink comp="63530" pin=0"/></net>

<net id="63535"><net_src comp="63076" pin="1"/><net_sink comp="63530" pin=1"/></net>

<net id="63543"><net_src comp="63536" pin="1"/><net_sink comp="63539" pin=0"/></net>

<net id="63544"><net_src comp="63530" pin="2"/><net_sink comp="63539" pin=1"/></net>

<net id="63548"><net_src comp="63539" pin="2"/><net_sink comp="63545" pin=0"/></net>

<net id="63553"><net_src comp="63321" pin="1"/><net_sink comp="63549" pin=0"/></net>

<net id="63554"><net_src comp="63128" pin="1"/><net_sink comp="63549" pin=1"/></net>

<net id="63562"><net_src comp="63555" pin="1"/><net_sink comp="63558" pin=0"/></net>

<net id="63563"><net_src comp="63549" pin="2"/><net_sink comp="63558" pin=1"/></net>

<net id="63567"><net_src comp="63558" pin="2"/><net_sink comp="63564" pin=0"/></net>

<net id="63575"><net_src comp="63568" pin="1"/><net_sink comp="63571" pin=0"/></net>

<net id="63576"><net_src comp="63209" pin="1"/><net_sink comp="63571" pin=1"/></net>

<net id="63584"><net_src comp="63577" pin="1"/><net_sink comp="63580" pin=0"/></net>

<net id="63585"><net_src comp="63571" pin="2"/><net_sink comp="63580" pin=1"/></net>

<net id="63589"><net_src comp="63580" pin="2"/><net_sink comp="63586" pin=0"/></net>

<net id="63594"><net_src comp="63343" pin="1"/><net_sink comp="63590" pin=0"/></net>

<net id="63595"><net_src comp="63124" pin="1"/><net_sink comp="63590" pin=1"/></net>

<net id="63603"><net_src comp="63596" pin="1"/><net_sink comp="63599" pin=0"/></net>

<net id="63604"><net_src comp="61612" pin="1"/><net_sink comp="63599" pin=1"/></net>

<net id="63608"><net_src comp="63599" pin="2"/><net_sink comp="63605" pin=0"/></net>

<net id="63613"><net_src comp="63605" pin="1"/><net_sink comp="63609" pin=0"/></net>

<net id="63614"><net_src comp="63590" pin="2"/><net_sink comp="63609" pin=1"/></net>

<net id="63618"><net_src comp="63609" pin="2"/><net_sink comp="63615" pin=0"/></net>

<net id="63623"><net_src comp="63545" pin="1"/><net_sink comp="63619" pin=0"/></net>

<net id="63624"><net_src comp="63136" pin="1"/><net_sink comp="63619" pin=1"/></net>

<net id="63628"><net_src comp="63619" pin="2"/><net_sink comp="63625" pin=0"/></net>

<net id="63633"><net_src comp="63347" pin="1"/><net_sink comp="63629" pin=0"/></net>

<net id="63634"><net_src comp="63084" pin="1"/><net_sink comp="63629" pin=1"/></net>

<net id="63642"><net_src comp="63635" pin="1"/><net_sink comp="63638" pin=0"/></net>

<net id="63643"><net_src comp="61668" pin="1"/><net_sink comp="63638" pin=1"/></net>

<net id="63647"><net_src comp="63638" pin="2"/><net_sink comp="63644" pin=0"/></net>

<net id="63652"><net_src comp="63644" pin="1"/><net_sink comp="63648" pin=0"/></net>

<net id="63653"><net_src comp="63629" pin="2"/><net_sink comp="63648" pin=1"/></net>

<net id="63657"><net_src comp="63648" pin="2"/><net_sink comp="63654" pin=0"/></net>

<net id="63662"><net_src comp="63408" pin="1"/><net_sink comp="63658" pin=0"/></net>

<net id="63663"><net_src comp="63104" pin="1"/><net_sink comp="63658" pin=1"/></net>

<net id="63668"><net_src comp="61672" pin="1"/><net_sink comp="63664" pin=0"/></net>

<net id="63669"><net_src comp="61708" pin="1"/><net_sink comp="63664" pin=1"/></net>

<net id="63673"><net_src comp="63664" pin="2"/><net_sink comp="63670" pin=0"/></net>

<net id="63678"><net_src comp="63670" pin="1"/><net_sink comp="63674" pin=0"/></net>

<net id="63679"><net_src comp="63658" pin="2"/><net_sink comp="63674" pin=1"/></net>

<net id="63683"><net_src comp="63674" pin="2"/><net_sink comp="63680" pin=0"/></net>

<net id="63688"><net_src comp="63564" pin="1"/><net_sink comp="63684" pin=0"/></net>

<net id="63689"><net_src comp="63140" pin="1"/><net_sink comp="63684" pin=1"/></net>

<net id="63693"><net_src comp="63684" pin="2"/><net_sink comp="63690" pin=0"/></net>

<net id="63698"><net_src comp="61620" pin="1"/><net_sink comp="63694" pin=0"/></net>

<net id="63699"><net_src comp="63080" pin="1"/><net_sink comp="63694" pin=1"/></net>

<net id="63703"><net_src comp="63694" pin="2"/><net_sink comp="63700" pin=0"/></net>

<net id="63708"><net_src comp="63700" pin="1"/><net_sink comp="63704" pin=0"/></net>

<net id="63709"><net_src comp="63226" pin="1"/><net_sink comp="63704" pin=1"/></net>

<net id="63717"><net_src comp="63710" pin="1"/><net_sink comp="63713" pin=0"/></net>

<net id="63718"><net_src comp="63704" pin="2"/><net_sink comp="63713" pin=1"/></net>

<net id="63722"><net_src comp="63713" pin="2"/><net_sink comp="63719" pin=0"/></net>

<net id="63727"><net_src comp="63586" pin="1"/><net_sink comp="63723" pin=0"/></net>

<net id="63728"><net_src comp="63144" pin="1"/><net_sink comp="63723" pin=1"/></net>

<net id="63732"><net_src comp="63723" pin="2"/><net_sink comp="63729" pin=0"/></net>

<net id="63737"><net_src comp="63446" pin="1"/><net_sink comp="63733" pin=0"/></net>

<net id="63738"><net_src comp="63108" pin="1"/><net_sink comp="63733" pin=1"/></net>

<net id="63743"><net_src comp="61680" pin="1"/><net_sink comp="63739" pin=0"/></net>

<net id="63744"><net_src comp="61720" pin="1"/><net_sink comp="63739" pin=1"/></net>

<net id="63748"><net_src comp="63739" pin="2"/><net_sink comp="63745" pin=0"/></net>

<net id="63753"><net_src comp="63745" pin="1"/><net_sink comp="63749" pin=0"/></net>

<net id="63754"><net_src comp="63733" pin="2"/><net_sink comp="63749" pin=1"/></net>

<net id="63758"><net_src comp="63749" pin="2"/><net_sink comp="63755" pin=0"/></net>

<net id="63763"><net_src comp="61684" pin="1"/><net_sink comp="63759" pin=0"/></net>

<net id="63764"><net_src comp="63148" pin="1"/><net_sink comp="63759" pin=1"/></net>

<net id="63768"><net_src comp="63759" pin="2"/><net_sink comp="63765" pin=0"/></net>

<net id="63773"><net_src comp="63765" pin="1"/><net_sink comp="63769" pin=0"/></net>

<net id="63774"><net_src comp="63507" pin="1"/><net_sink comp="63769" pin=1"/></net>

<net id="63778"><net_src comp="63769" pin="2"/><net_sink comp="63775" pin=0"/></net>

<net id="63783"><net_src comp="63365" pin="1"/><net_sink comp="63779" pin=0"/></net>

<net id="63784"><net_src comp="63092" pin="1"/><net_sink comp="63779" pin=1"/></net>

<net id="63792"><net_src comp="63785" pin="1"/><net_sink comp="63788" pin=0"/></net>

<net id="63793"><net_src comp="61724" pin="1"/><net_sink comp="63788" pin=1"/></net>

<net id="63797"><net_src comp="63788" pin="2"/><net_sink comp="63794" pin=0"/></net>

<net id="63802"><net_src comp="63794" pin="1"/><net_sink comp="63798" pin=0"/></net>

<net id="63803"><net_src comp="63779" pin="2"/><net_sink comp="63798" pin=1"/></net>

<net id="63807"><net_src comp="63798" pin="2"/><net_sink comp="63804" pin=0"/></net>

<net id="63812"><net_src comp="63475" pin="1"/><net_sink comp="63808" pin=0"/></net>

<net id="63813"><net_src comp="63112" pin="1"/><net_sink comp="63808" pin=1"/></net>

<net id="63818"><net_src comp="61688" pin="1"/><net_sink comp="63814" pin=0"/></net>

<net id="63819"><net_src comp="61728" pin="1"/><net_sink comp="63814" pin=1"/></net>

<net id="63823"><net_src comp="63814" pin="2"/><net_sink comp="63820" pin=0"/></net>

<net id="63828"><net_src comp="63820" pin="1"/><net_sink comp="63824" pin=0"/></net>

<net id="63829"><net_src comp="63808" pin="2"/><net_sink comp="63824" pin=1"/></net>

<net id="63833"><net_src comp="63824" pin="2"/><net_sink comp="63830" pin=0"/></net>

<net id="63838"><net_src comp="63378" pin="1"/><net_sink comp="63834" pin=0"/></net>

<net id="63839"><net_src comp="63096" pin="1"/><net_sink comp="63834" pin=1"/></net>

<net id="63847"><net_src comp="63840" pin="1"/><net_sink comp="63843" pin=0"/></net>

<net id="63848"><net_src comp="63116" pin="1"/><net_sink comp="63843" pin=1"/></net>

<net id="63852"><net_src comp="63843" pin="2"/><net_sink comp="63849" pin=0"/></net>

<net id="63857"><net_src comp="63849" pin="1"/><net_sink comp="63853" pin=0"/></net>

<net id="63858"><net_src comp="63834" pin="2"/><net_sink comp="63853" pin=1"/></net>

<net id="63862"><net_src comp="63853" pin="2"/><net_sink comp="63859" pin=0"/></net>

<net id="63867"><net_src comp="61692" pin="1"/><net_sink comp="63863" pin=0"/></net>

<net id="63868"><net_src comp="63151" pin="1"/><net_sink comp="63863" pin=1"/></net>

<net id="63872"><net_src comp="63863" pin="2"/><net_sink comp="63869" pin=0"/></net>

<net id="63877"><net_src comp="63869" pin="1"/><net_sink comp="63873" pin=0"/></net>

<net id="63878"><net_src comp="63526" pin="1"/><net_sink comp="63873" pin=1"/></net>

<net id="63882"><net_src comp="63873" pin="2"/><net_sink comp="63879" pin=0"/></net>

<net id="63887"><net_src comp="63404" pin="1"/><net_sink comp="63883" pin=0"/></net>

<net id="63888"><net_src comp="63120" pin="1"/><net_sink comp="63883" pin=1"/></net>

<net id="63893"><net_src comp="61736" pin="1"/><net_sink comp="63889" pin=0"/></net>

<net id="63894"><net_src comp="63100" pin="1"/><net_sink comp="63889" pin=1"/></net>

<net id="63899"><net_src comp="63889" pin="2"/><net_sink comp="63895" pin=0"/></net>

<net id="63900"><net_src comp="61696" pin="1"/><net_sink comp="63895" pin=1"/></net>

<net id="63904"><net_src comp="63895" pin="2"/><net_sink comp="63901" pin=0"/></net>

<net id="63909"><net_src comp="63901" pin="1"/><net_sink comp="63905" pin=0"/></net>

<net id="63910"><net_src comp="63883" pin="2"/><net_sink comp="63905" pin=1"/></net>

<net id="63914"><net_src comp="63905" pin="2"/><net_sink comp="63911" pin=0"/></net>

<net id="63919"><net_src comp="63488" pin="1"/><net_sink comp="63915" pin=0"/></net>

<net id="63920"><net_src comp="63132" pin="1"/><net_sink comp="63915" pin=1"/></net>

<net id="63925"><net_src comp="61660" pin="1"/><net_sink comp="63921" pin=0"/></net>

<net id="63926"><net_src comp="63155" pin="1"/><net_sink comp="63921" pin=1"/></net>

<net id="63930"><net_src comp="63921" pin="2"/><net_sink comp="63927" pin=0"/></net>

<net id="63935"><net_src comp="63927" pin="1"/><net_sink comp="63931" pin=0"/></net>

<net id="63936"><net_src comp="63915" pin="2"/><net_sink comp="63931" pin=1"/></net>

<net id="63940"><net_src comp="63931" pin="2"/><net_sink comp="63937" pin=0"/></net>

<net id="63945"><net_src comp="344" pin="0"/><net_sink comp="63941" pin=0"/></net>

<net id="63946"><net_src comp="63615" pin="1"/><net_sink comp="63941" pin=1"/></net>

<net id="63951"><net_src comp="63941" pin="2"/><net_sink comp="63947" pin=0"/></net>

<net id="63952"><net_src comp="63625" pin="1"/><net_sink comp="63947" pin=1"/></net>

<net id="63957"><net_src comp="63947" pin="2"/><net_sink comp="63953" pin=0"/></net>

<net id="63958"><net_src comp="63654" pin="1"/><net_sink comp="63953" pin=1"/></net>

<net id="63963"><net_src comp="63953" pin="2"/><net_sink comp="63959" pin=0"/></net>

<net id="63964"><net_src comp="63680" pin="1"/><net_sink comp="63959" pin=1"/></net>

<net id="63969"><net_src comp="63959" pin="2"/><net_sink comp="63965" pin=0"/></net>

<net id="63970"><net_src comp="63690" pin="1"/><net_sink comp="63965" pin=1"/></net>

<net id="63975"><net_src comp="63965" pin="2"/><net_sink comp="63971" pin=0"/></net>

<net id="63976"><net_src comp="63719" pin="1"/><net_sink comp="63971" pin=1"/></net>

<net id="63981"><net_src comp="63971" pin="2"/><net_sink comp="63977" pin=0"/></net>

<net id="63982"><net_src comp="63729" pin="1"/><net_sink comp="63977" pin=1"/></net>

<net id="63987"><net_src comp="63977" pin="2"/><net_sink comp="63983" pin=0"/></net>

<net id="63988"><net_src comp="63755" pin="1"/><net_sink comp="63983" pin=1"/></net>

<net id="63993"><net_src comp="63983" pin="2"/><net_sink comp="63989" pin=0"/></net>

<net id="63994"><net_src comp="63775" pin="1"/><net_sink comp="63989" pin=1"/></net>

<net id="63999"><net_src comp="63989" pin="2"/><net_sink comp="63995" pin=0"/></net>

<net id="64000"><net_src comp="63804" pin="1"/><net_sink comp="63995" pin=1"/></net>

<net id="64005"><net_src comp="63995" pin="2"/><net_sink comp="64001" pin=0"/></net>

<net id="64006"><net_src comp="63830" pin="1"/><net_sink comp="64001" pin=1"/></net>

<net id="64011"><net_src comp="64001" pin="2"/><net_sink comp="64007" pin=0"/></net>

<net id="64012"><net_src comp="63859" pin="1"/><net_sink comp="64007" pin=1"/></net>

<net id="64017"><net_src comp="64007" pin="2"/><net_sink comp="64013" pin=0"/></net>

<net id="64018"><net_src comp="63879" pin="1"/><net_sink comp="64013" pin=1"/></net>

<net id="64023"><net_src comp="64013" pin="2"/><net_sink comp="64019" pin=0"/></net>

<net id="64024"><net_src comp="63911" pin="1"/><net_sink comp="64019" pin=1"/></net>

<net id="64029"><net_src comp="64019" pin="2"/><net_sink comp="64025" pin=0"/></net>

<net id="64030"><net_src comp="63937" pin="1"/><net_sink comp="64025" pin=1"/></net>

<net id="64034"><net_src comp="346" pin="2"/><net_sink comp="64031" pin=0"/></net>

<net id="64035"><net_src comp="64031" pin="1"/><net_sink comp="61997" pin=0"/></net>

<net id="64036"><net_src comp="64031" pin="1"/><net_sink comp="62002" pin=0"/></net>

<net id="64037"><net_src comp="64031" pin="1"/><net_sink comp="62006" pin=0"/></net>

<net id="64038"><net_src comp="64031" pin="1"/><net_sink comp="62499" pin=0"/></net>

<net id="64039"><net_src comp="64031" pin="1"/><net_sink comp="62503" pin=0"/></net>

<net id="64040"><net_src comp="64031" pin="1"/><net_sink comp="62513" pin=1"/></net>

<net id="64041"><net_src comp="64031" pin="1"/><net_sink comp="62524" pin=1"/></net>

<net id="64045"><net_src comp="352" pin="2"/><net_sink comp="64042" pin=0"/></net>

<net id="64046"><net_src comp="64042" pin="1"/><net_sink comp="61980" pin=0"/></net>

<net id="64047"><net_src comp="64042" pin="1"/><net_sink comp="61984" pin=0"/></net>

<net id="64048"><net_src comp="64042" pin="1"/><net_sink comp="61989" pin=0"/></net>

<net id="64049"><net_src comp="64042" pin="1"/><net_sink comp="61993" pin=0"/></net>

<net id="64050"><net_src comp="64042" pin="1"/><net_sink comp="62490" pin=0"/></net>

<net id="64054"><net_src comp="358" pin="2"/><net_sink comp="64051" pin=0"/></net>

<net id="64055"><net_src comp="64051" pin="1"/><net_sink comp="61961" pin=0"/></net>

<net id="64056"><net_src comp="64051" pin="1"/><net_sink comp="61965" pin=0"/></net>

<net id="64057"><net_src comp="64051" pin="1"/><net_sink comp="61972" pin=0"/></net>

<net id="64058"><net_src comp="64051" pin="1"/><net_sink comp="61976" pin=0"/></net>

<net id="64059"><net_src comp="64051" pin="1"/><net_sink comp="62429" pin=1"/></net>

<net id="64060"><net_src comp="64051" pin="1"/><net_sink comp="62444" pin=1"/></net>

<net id="64061"><net_src comp="64051" pin="1"/><net_sink comp="62465" pin=1"/></net>

<net id="64065"><net_src comp="364" pin="2"/><net_sink comp="64062" pin=0"/></net>

<net id="64066"><net_src comp="64062" pin="1"/><net_sink comp="61945" pin=0"/></net>

<net id="64067"><net_src comp="64062" pin="1"/><net_sink comp="61951" pin=0"/></net>

<net id="64068"><net_src comp="64062" pin="1"/><net_sink comp="61956" pin=0"/></net>

<net id="64069"><net_src comp="64062" pin="1"/><net_sink comp="62389" pin=0"/></net>

<net id="64070"><net_src comp="64062" pin="1"/><net_sink comp="62397" pin=1"/></net>

<net id="64071"><net_src comp="64062" pin="1"/><net_sink comp="62408" pin=1"/></net>

<net id="64075"><net_src comp="370" pin="2"/><net_sink comp="64072" pin=0"/></net>

<net id="64076"><net_src comp="64072" pin="1"/><net_sink comp="61926" pin=0"/></net>

<net id="64077"><net_src comp="64072" pin="1"/><net_sink comp="61932" pin=0"/></net>

<net id="64078"><net_src comp="64072" pin="1"/><net_sink comp="61937" pin=0"/></net>

<net id="64079"><net_src comp="64072" pin="1"/><net_sink comp="62357" pin=1"/></net>

<net id="64080"><net_src comp="64072" pin="1"/><net_sink comp="62368" pin=1"/></net>

<net id="64084"><net_src comp="376" pin="2"/><net_sink comp="64081" pin=0"/></net>

<net id="64085"><net_src comp="64081" pin="1"/><net_sink comp="61897" pin=0"/></net>

<net id="64086"><net_src comp="64081" pin="1"/><net_sink comp="61902" pin=0"/></net>

<net id="64087"><net_src comp="64081" pin="1"/><net_sink comp="61910" pin=1"/></net>

<net id="64088"><net_src comp="64081" pin="1"/><net_sink comp="62272" pin=0"/></net>

<net id="64089"><net_src comp="64081" pin="1"/><net_sink comp="62291" pin=1"/></net>

<net id="64090"><net_src comp="64081" pin="1"/><net_sink comp="62302" pin=1"/></net>

<net id="64091"><net_src comp="64081" pin="1"/><net_sink comp="62323" pin=1"/></net>

<net id="64095"><net_src comp="382" pin="2"/><net_sink comp="64092" pin=0"/></net>

<net id="64096"><net_src comp="64092" pin="1"/><net_sink comp="61866" pin=0"/></net>

<net id="64097"><net_src comp="64092" pin="1"/><net_sink comp="61870" pin=0"/></net>

<net id="64098"><net_src comp="64092" pin="1"/><net_sink comp="61874" pin=0"/></net>

<net id="64099"><net_src comp="64092" pin="1"/><net_sink comp="61880" pin=1"/></net>

<net id="64100"><net_src comp="64092" pin="1"/><net_sink comp="62169" pin=0"/></net>

<net id="64101"><net_src comp="64092" pin="1"/><net_sink comp="62181" pin=1"/></net>

<net id="64102"><net_src comp="64092" pin="1"/><net_sink comp="62192" pin=1"/></net>

<net id="64103"><net_src comp="64092" pin="1"/><net_sink comp="62217" pin=1"/></net>

<net id="64104"><net_src comp="64092" pin="1"/><net_sink comp="62248" pin=1"/></net>

<net id="64105"><net_src comp="64092" pin="1"/><net_sink comp="63058" pin=1"/></net>

<net id="64109"><net_src comp="388" pin="2"/><net_sink comp="64106" pin=0"/></net>

<net id="64110"><net_src comp="64106" pin="1"/><net_sink comp="61823" pin=0"/></net>

<net id="64111"><net_src comp="64106" pin="1"/><net_sink comp="61829" pin=1"/></net>

<net id="64112"><net_src comp="64106" pin="1"/><net_sink comp="61840" pin=1"/></net>

<net id="64113"><net_src comp="64106" pin="1"/><net_sink comp="61861" pin=0"/></net>

<net id="64114"><net_src comp="64106" pin="1"/><net_sink comp="62150" pin=0"/></net>

<net id="64115"><net_src comp="64106" pin="1"/><net_sink comp="62161" pin=0"/></net>

<net id="64119"><net_src comp="394" pin="2"/><net_sink comp="64116" pin=0"/></net>

<net id="64120"><net_src comp="64116" pin="1"/><net_sink comp="61790" pin=0"/></net>

<net id="64121"><net_src comp="64116" pin="1"/><net_sink comp="61795" pin=0"/></net>

<net id="64122"><net_src comp="64116" pin="1"/><net_sink comp="61802" pin=1"/></net>

<net id="64123"><net_src comp="64116" pin="1"/><net_sink comp="61819" pin=0"/></net>

<net id="64124"><net_src comp="64116" pin="1"/><net_sink comp="62038" pin=0"/></net>

<net id="64125"><net_src comp="64116" pin="1"/><net_sink comp="62049" pin=1"/></net>

<net id="64126"><net_src comp="64116" pin="1"/><net_sink comp="62069" pin=1"/></net>

<net id="64127"><net_src comp="64116" pin="1"/><net_sink comp="62090" pin=1"/></net>

<net id="64128"><net_src comp="64116" pin="1"/><net_sink comp="62101" pin=1"/></net>

<net id="64129"><net_src comp="64116" pin="1"/><net_sink comp="62122" pin=1"/></net>

<net id="64130"><net_src comp="64116" pin="1"/><net_sink comp="62133" pin=1"/></net>

<net id="64134"><net_src comp="400" pin="2"/><net_sink comp="64131" pin=0"/></net>

<net id="64135"><net_src comp="64131" pin="1"/><net_sink comp="61756" pin=0"/></net>

<net id="64136"><net_src comp="64131" pin="1"/><net_sink comp="61760" pin=0"/></net>

<net id="64137"><net_src comp="64131" pin="1"/><net_sink comp="61763" pin=0"/></net>

<net id="64138"><net_src comp="64131" pin="1"/><net_sink comp="61775" pin=0"/></net>

<net id="64139"><net_src comp="64131" pin="1"/><net_sink comp="61779" pin=1"/></net>

<net id="64143"><net_src comp="61751" pin="1"/><net_sink comp="64140" pin=0"/></net>

<net id="64144"><net_src comp="64140" pin="1"/><net_sink comp="515" pin=0"/></net>

<net id="64145"><net_src comp="64140" pin="1"/><net_sink comp="61921" pin=1"/></net>

<net id="64149"><net_src comp="61756" pin="1"/><net_sink comp="64146" pin=0"/></net>

<net id="64150"><net_src comp="64146" pin="1"/><net_sink comp="436" pin=0"/></net>

<net id="64154"><net_src comp="61813" pin="2"/><net_sink comp="64151" pin=0"/></net>

<net id="64155"><net_src comp="64151" pin="1"/><net_sink comp="62064" pin=0"/></net>

<net id="64159"><net_src comp="61891" pin="2"/><net_sink comp="64156" pin=0"/></net>

<net id="64160"><net_src comp="64156" pin="1"/><net_sink comp="62269" pin=0"/></net>

<net id="64164"><net_src comp="61897" pin="1"/><net_sink comp="64161" pin=0"/></net>

<net id="64165"><net_src comp="64161" pin="1"/><net_sink comp="62344" pin=1"/></net>

<net id="64169"><net_src comp="61921" pin="2"/><net_sink comp="64166" pin=0"/></net>

<net id="64170"><net_src comp="64166" pin="1"/><net_sink comp="62284" pin=0"/></net>

<net id="64174"><net_src comp="61932" pin="1"/><net_sink comp="64171" pin=0"/></net>

<net id="64175"><net_src comp="64171" pin="1"/><net_sink comp="520" pin=0"/></net>

<net id="64176"><net_src comp="64171" pin="1"/><net_sink comp="432" pin=0"/></net>

<net id="64177"><net_src comp="64171" pin="1"/><net_sink comp="470" pin=0"/></net>

<net id="64178"><net_src comp="64171" pin="1"/><net_sink comp="455" pin=0"/></net>

<net id="64182"><net_src comp="61951" pin="1"/><net_sink comp="64179" pin=0"/></net>

<net id="64183"><net_src comp="64179" pin="1"/><net_sink comp="444" pin=0"/></net>

<net id="64184"><net_src comp="64179" pin="1"/><net_sink comp="434" pin=0"/></net>

<net id="64185"><net_src comp="64179" pin="1"/><net_sink comp="525" pin=0"/></net>

<net id="64186"><net_src comp="64179" pin="1"/><net_sink comp="544" pin=0"/></net>

<net id="64190"><net_src comp="61956" pin="1"/><net_sink comp="64187" pin=0"/></net>

<net id="64191"><net_src comp="64187" pin="1"/><net_sink comp="510" pin=0"/></net>

<net id="64192"><net_src comp="64187" pin="1"/><net_sink comp="453" pin=0"/></net>

<net id="64196"><net_src comp="61965" pin="1"/><net_sink comp="64193" pin=0"/></net>

<net id="64197"><net_src comp="64193" pin="1"/><net_sink comp="458" pin=0"/></net>

<net id="64201"><net_src comp="61976" pin="1"/><net_sink comp="64198" pin=0"/></net>

<net id="64202"><net_src comp="64198" pin="1"/><net_sink comp="503" pin=0"/></net>

<net id="64203"><net_src comp="64198" pin="1"/><net_sink comp="467" pin=0"/></net>

<net id="64204"><net_src comp="64198" pin="1"/><net_sink comp="468" pin=0"/></net>

<net id="64205"><net_src comp="64198" pin="1"/><net_sink comp="459" pin=0"/></net>

<net id="64206"><net_src comp="64198" pin="1"/><net_sink comp="555" pin=0"/></net>

<net id="64210"><net_src comp="61980" pin="1"/><net_sink comp="64207" pin=0"/></net>

<net id="64211"><net_src comp="64207" pin="1"/><net_sink comp="414" pin=0"/></net>

<net id="64212"><net_src comp="64207" pin="1"/><net_sink comp="522" pin=0"/></net>

<net id="64213"><net_src comp="64207" pin="1"/><net_sink comp="449" pin=0"/></net>

<net id="64217"><net_src comp="61989" pin="1"/><net_sink comp="64214" pin=0"/></net>

<net id="64218"><net_src comp="64214" pin="1"/><net_sink comp="533" pin=0"/></net>

<net id="64219"><net_src comp="64214" pin="1"/><net_sink comp="552" pin=0"/></net>

<net id="64220"><net_src comp="64214" pin="1"/><net_sink comp="461" pin=0"/></net>

<net id="64221"><net_src comp="64214" pin="1"/><net_sink comp="487" pin=0"/></net>

<net id="64222"><net_src comp="64214" pin="1"/><net_sink comp="549" pin=0"/></net>

<net id="64226"><net_src comp="62006" pin="1"/><net_sink comp="64223" pin=0"/></net>

<net id="64227"><net_src comp="64223" pin="1"/><net_sink comp="538" pin=0"/></net>

<net id="64228"><net_src comp="64223" pin="1"/><net_sink comp="460" pin=0"/></net>

<net id="64229"><net_src comp="64223" pin="1"/><net_sink comp="492" pin=0"/></net>

<net id="64230"><net_src comp="64223" pin="1"/><net_sink comp="524" pin=0"/></net>

<net id="64231"><net_src comp="64223" pin="1"/><net_sink comp="430" pin=0"/></net>

<net id="64232"><net_src comp="64223" pin="1"/><net_sink comp="541" pin=0"/></net>

<net id="64236"><net_src comp="62010" pin="2"/><net_sink comp="64233" pin=0"/></net>

<net id="64237"><net_src comp="64233" pin="1"/><net_sink comp="62547" pin=0"/></net>

<net id="64241"><net_src comp="62026" pin="2"/><net_sink comp="64238" pin=0"/></net>

<net id="64242"><net_src comp="64238" pin="1"/><net_sink comp="62592" pin=0"/></net>

<net id="64246"><net_src comp="62032" pin="2"/><net_sink comp="64243" pin=0"/></net>

<net id="64247"><net_src comp="64243" pin="1"/><net_sink comp="62871" pin=0"/></net>

<net id="64251"><net_src comp="62344" pin="2"/><net_sink comp="64248" pin=0"/></net>

<net id="64252"><net_src comp="64248" pin="1"/><net_sink comp="63073" pin=0"/></net>

<net id="64256"><net_src comp="62535" pin="2"/><net_sink comp="64253" pin=0"/></net>

<net id="64257"><net_src comp="64253" pin="1"/><net_sink comp="63148" pin=0"/></net>

<net id="64261"><net_src comp="62541" pin="2"/><net_sink comp="64258" pin=0"/></net>

<net id="64262"><net_src comp="64258" pin="1"/><net_sink comp="63159" pin=0"/></net>

<net id="64266"><net_src comp="62560" pin="2"/><net_sink comp="64263" pin=0"/></net>

<net id="64267"><net_src comp="64263" pin="1"/><net_sink comp="63162" pin=0"/></net>

<net id="64271"><net_src comp="62645" pin="2"/><net_sink comp="64268" pin=0"/></net>

<net id="64272"><net_src comp="64268" pin="1"/><net_sink comp="63175" pin=0"/></net>

<net id="64276"><net_src comp="62651" pin="2"/><net_sink comp="64273" pin=0"/></net>

<net id="64277"><net_src comp="64273" pin="1"/><net_sink comp="63188" pin=0"/></net>

<net id="64281"><net_src comp="62657" pin="2"/><net_sink comp="64278" pin=0"/></net>

<net id="64282"><net_src comp="64278" pin="1"/><net_sink comp="63191" pin=0"/></net>

<net id="64286"><net_src comp="62663" pin="2"/><net_sink comp="64283" pin=0"/></net>

<net id="64287"><net_src comp="64283" pin="1"/><net_sink comp="63194" pin=0"/></net>

<net id="64291"><net_src comp="62669" pin="2"/><net_sink comp="64288" pin=0"/></net>

<net id="64292"><net_src comp="64288" pin="1"/><net_sink comp="63268" pin=0"/></net>

<net id="64296"><net_src comp="62717" pin="2"/><net_sink comp="64293" pin=0"/></net>

<net id="64297"><net_src comp="64293" pin="1"/><net_sink comp="63223" pin=0"/></net>

<net id="64301"><net_src comp="62739" pin="2"/><net_sink comp="64298" pin=0"/></net>

<net id="64302"><net_src comp="64298" pin="1"/><net_sink comp="63226" pin=0"/></net>

<net id="64306"><net_src comp="62745" pin="2"/><net_sink comp="64303" pin=0"/></net>

<net id="64307"><net_src comp="64303" pin="1"/><net_sink comp="63235" pin=0"/></net>

<net id="64311"><net_src comp="62751" pin="2"/><net_sink comp="64308" pin=0"/></net>

<net id="64312"><net_src comp="64308" pin="1"/><net_sink comp="63293" pin=0"/></net>

<net id="64316"><net_src comp="62757" pin="2"/><net_sink comp="64313" pin=0"/></net>

<net id="64317"><net_src comp="64313" pin="1"/><net_sink comp="63312" pin=0"/></net>

<net id="64321"><net_src comp="62789" pin="2"/><net_sink comp="64318" pin=0"/></net>

<net id="64322"><net_src comp="64318" pin="1"/><net_sink comp="63325" pin=0"/></net>

<net id="64326"><net_src comp="62805" pin="2"/><net_sink comp="64323" pin=0"/></net>

<net id="64327"><net_src comp="64323" pin="1"/><net_sink comp="63334" pin=0"/></net>

<net id="64331"><net_src comp="62827" pin="2"/><net_sink comp="64328" pin=0"/></net>

<net id="64332"><net_src comp="64328" pin="1"/><net_sink comp="63347" pin=0"/></net>

<net id="64336"><net_src comp="62843" pin="2"/><net_sink comp="64333" pin=0"/></net>

<net id="64337"><net_src comp="64333" pin="1"/><net_sink comp="63356" pin=0"/></net>

<net id="64341"><net_src comp="62849" pin="2"/><net_sink comp="64338" pin=0"/></net>

<net id="64342"><net_src comp="64338" pin="1"/><net_sink comp="63369" pin=0"/></net>

<net id="64346"><net_src comp="62884" pin="2"/><net_sink comp="64343" pin=0"/></net>

<net id="64347"><net_src comp="64343" pin="1"/><net_sink comp="63408" pin=0"/></net>

<net id="64351"><net_src comp="62890" pin="2"/><net_sink comp="64348" pin=0"/></net>

<net id="64352"><net_src comp="64348" pin="1"/><net_sink comp="63427" pin=0"/></net>

<net id="64356"><net_src comp="62896" pin="2"/><net_sink comp="64353" pin=0"/></net>

<net id="64357"><net_src comp="64353" pin="1"/><net_sink comp="63456" pin=0"/></net>

<net id="64361"><net_src comp="62902" pin="2"/><net_sink comp="64358" pin=0"/></net>

<net id="64362"><net_src comp="64358" pin="1"/><net_sink comp="63479" pin=0"/></net>

<net id="64366"><net_src comp="62918" pin="2"/><net_sink comp="64363" pin=0"/></net>

<net id="64367"><net_src comp="64363" pin="1"/><net_sink comp="63498" pin=0"/></net>

<net id="64371"><net_src comp="62934" pin="2"/><net_sink comp="64368" pin=0"/></net>

<net id="64372"><net_src comp="64368" pin="1"/><net_sink comp="63517" pin=0"/></net>

<net id="64376"><net_src comp="62950" pin="2"/><net_sink comp="64373" pin=0"/></net>

<net id="64377"><net_src comp="64373" pin="1"/><net_sink comp="63536" pin=0"/></net>

<net id="64381"><net_src comp="62962" pin="2"/><net_sink comp="64378" pin=0"/></net>

<net id="64382"><net_src comp="64378" pin="1"/><net_sink comp="63555" pin=0"/></net>

<net id="64386"><net_src comp="62968" pin="2"/><net_sink comp="64383" pin=0"/></net>

<net id="64387"><net_src comp="64383" pin="1"/><net_sink comp="63568" pin=0"/></net>

<net id="64391"><net_src comp="62994" pin="2"/><net_sink comp="64388" pin=0"/></net>

<net id="64392"><net_src comp="64388" pin="1"/><net_sink comp="63577" pin=0"/></net>

<net id="64396"><net_src comp="63000" pin="2"/><net_sink comp="64393" pin=0"/></net>

<net id="64397"><net_src comp="64393" pin="1"/><net_sink comp="63596" pin=0"/></net>

<net id="64401"><net_src comp="63006" pin="2"/><net_sink comp="64398" pin=0"/></net>

<net id="64402"><net_src comp="64398" pin="1"/><net_sink comp="63635" pin=0"/></net>

<net id="64406"><net_src comp="63032" pin="2"/><net_sink comp="64403" pin=0"/></net>

<net id="64407"><net_src comp="64403" pin="1"/><net_sink comp="63710" pin=0"/></net>

<net id="64411"><net_src comp="63038" pin="2"/><net_sink comp="64408" pin=0"/></net>

<net id="64412"><net_src comp="64408" pin="1"/><net_sink comp="63785" pin=0"/></net>

<net id="64416"><net_src comp="63044" pin="2"/><net_sink comp="64413" pin=0"/></net>

<net id="64417"><net_src comp="64413" pin="1"/><net_sink comp="63840" pin=0"/></net>

</net_list>

</model> 
---------------- Datapath Model END ------------------

* FSMD analyzer results:
  - Output states:
	Port: data_0_val1 | {}
	Port: data_1_val2 | {}
	Port: data_2_val3 | {}
	Port: data_3_val4 | {}
	Port: data_4_val5 | {}
	Port: data_5_val6 | {}
	Port: data_6_val7 | {}
	Port: data_7_val8 | {}
	Port: data_8_val9 | {}
	Port: data_9_val10 | {}
 - Input state : 
	Port: dense_latency_wrapper<ap_fixed,ap_fixed<37,17,5,3,0>,config15> : data_0_val1 | {1 }
	Port: dense_latency_wrapper<ap_fixed,ap_fixed<37,17,5,3,0>,config15> : data_1_val2 | {1 }
	Port: dense_latency_wrapper<ap_fixed,ap_fixed<37,17,5,3,0>,config15> : data_2_val3 | {1 }
	Port: dense_latency_wrapper<ap_fixed,ap_fixed<37,17,5,3,0>,config15> : data_3_val4 | {1 }
	Port: dense_latency_wrapper<ap_fixed,ap_fixed<37,17,5,3,0>,config15> : data_4_val5 | {1 }
	Port: dense_latency_wrapper<ap_fixed,ap_fixed<37,17,5,3,0>,config15> : data_5_val6 | {1 }
	Port: dense_latency_wrapper<ap_fixed,ap_fixed<37,17,5,3,0>,config15> : data_6_val7 | {1 }
	Port: dense_latency_wrapper<ap_fixed,ap_fixed<37,17,5,3,0>,config15> : data_7_val8 | {1 }
	Port: dense_latency_wrapper<ap_fixed,ap_fixed<37,17,5,3,0>,config15> : data_8_val9 | {1 }
	Port: dense_latency_wrapper<ap_fixed,ap_fixed<37,17,5,3,0>,config15> : data_9_val10 | {1 }
  - Chain level:
	State 1
		mul_ln73_173 : 1
		mul_ln73_178 : 1
		mul_ln73_223 : 1
	State 2
		mul_ln73 : 1
		mul_ln73_174 : 1
		mul_ln73_175 : 1
		mul_ln73_176 : 1
		mul_ln73_177 : 1
		mul_ln73_180 : 1
		mul_ln73_181 : 1
		mul_ln73_182 : 1
		mul_ln73_183 : 1
		sext_ln73_104 : 1
		mul_ln73_184 : 1
		mul_ln73_185 : 1
		mul_ln73_187 : 1
		mul_ln73_188 : 1
		sext_ln73_107 : 1
		sub_ln73 : 2
		mul_ln73_189 : 1
		mul_ln73_193 : 1
		mul_ln73_194 : 1
		mul_ln73_195 : 1
		mul_ln73_196 : 1
		mul_ln73_199 : 1
		sext_ln73_118 : 1
		sext_ln73_119 : 1
		sub_ln73_21 : 2
		sext_ln73_120 : 3
		mul_ln73_201 : 1
		mul_ln73_204 : 1
		mul_ln73_209 : 1
		mul_ln70 : 1
		mul_ln73_210 : 1
		mul_ln73_212 : 1
		mul_ln73_213 : 1
		mul_ln73_214 : 1
		mul_ln73_216 : 1
		sext_ln73_136 : 1
		sub_ln73_26 : 2
		mul_ln73_220 : 1
		mul_ln73_221 : 1
		mul_ln73_224 : 1
		sext_ln73_139 : 1
		add_ln73 : 2
		mul_ln73_225 : 1
		mul_ln73_226 : 1
		mul_ln73_227 : 1
		mul_ln73_229 : 1
		mul_ln73_230 : 1
		mul_ln73_232 : 1
		mul_ln73_233 : 1
		mul_ln73_234 : 1
		mul_ln73_235 : 1
		mul_ln73_236 : 1
		mul_ln73_238 : 1
		mul_ln73_239 : 1
		mul_ln73_241 : 1
		mul_ln73_243 : 1
		mul_ln73_245 : 1
		mul_ln73_247 : 1
		mul_ln73_248 : 1
		mul_ln73_250 : 1
		mul_ln73_251 : 1
		mul_ln73_255 : 1
		mul_ln73_257 : 1
		mul_ln73_258 : 1
		mul_ln73_260 : 1
		mul_ln73_261 : 1
		mul_ln73_262 : 1
		mul_ln73_264 : 1
		mul_ln73_265 : 1
		mul_ln73_268 : 1
		mul_ln73_272 : 1
		mul_ln73_276 : 1
		mul_ln73_277 : 1
		mul_ln73_280 : 1
		mul_ln73_282 : 1
		mul_ln73_286 : 1
		mul_ln73_288 : 1
		mul_ln73_291 : 1
		mul_ln73_296 : 1
		add_ln58_202 : 1
		zext_ln58 : 2
		add_ln58_203 : 3
		add_ln58_262 : 4
	State 3
		mul_ln73_186 : 1
		sext_ln73_108 : 1
		sext_ln73_109 : 1
		sub_ln73_17 : 2
		sext_ln73_111 : 1
		sub_ln73_18 : 2
		mul_ln73_190 : 1
		mul_ln73_191 : 1
		mul_ln73_192 : 1
		sext_ln73_113 : 1
		sext_ln73_114 : 1
		sub_ln73_19 : 2
		sext_ln73_116 : 1
		sext_ln73_117 : 1
		sub_ln73_20 : 2
		mul_ln73_197 : 1
		mul_ln73_198 : 1
		mul_ln73_200 : 1
		mul_ln73_202 : 1
		mul_ln73_203 : 1
		mul_ln73_205 : 1
		mul_ln73_206 : 1
		mul_ln73_207 : 1
		mul_ln73_208 : 1
		mul_ln73_211 : 1
		sext_ln73_125 : 1
		sext_ln73_126 : 1
		sext_ln73_127 : 1
		sext_ln73_128 : 1
		sub_ln73_22 : 2
		sext_ln73_129 : 1
		sub_ln73_23 : 2
		sub_ln73_24 : 3
		sext_ln73_130 : 4
		sext_ln73_132 : 1
		sub_ln73_25 : 2
		sext_ln73_133 : 3
		mul_ln73_215 : 1
		mul_ln73_217 : 1
		mul_ln73_218 : 1
		mul_ln73_219 : 1
		sext_ln73_142 : 1
		sext_ln73_143 : 1
		sext_ln73_144 : 1
		sub_ln73_27 : 2
		sext_ln73_145 : 1
		sub_ln73_28 : 2
		sext_ln73_146 : 3
		mul_ln73_228 : 1
		add_ln73_4 : 2
		sext_ln73_152 : 1
		sext_ln73_153 : 1
		sub_ln73_29 : 2
		sext_ln73_159 : 1
		sext_ln73_160 : 1
		sub_ln73_30 : 2
		sext_ln73_161 : 3
		mul_ln73_256 : 1
		sext_ln73_164 : 1
		sext_ln73_165 : 1
		sext_ln73_166 : 1
		sub_ln73_31 : 2
		sext_ln73_167 : 3
		sext_ln73_168 : 1
		sub_ln73_32 : 2
		sext_ln73_169 : 3
		mul_ln73_271 : 1
		mul_ln73_285 : 1
		mul_ln73_290 : 1
		sext_ln73_183 : 1
		sext_ln73_184 : 1
		sub_ln73_33 : 2
		mul_ln73_297 : 1
		mul_ln73_298 : 1
		mul_ln73_299 : 1
		sext_ln58_67 : 1
		sext_ln58_70 : 1
		sext_ln58_71 : 1
		sext_ln58_73 : 1
		add_ln58_206 : 1
		sext_ln58_125 : 2
		add_ln58_207 : 3
		sext_ln58_126 : 4
		add_ln58_208 : 5
		sext_ln58_76 : 6
		sext_ln58_127 : 1
		add_ln58_210 : 2
		add_ln58_212 : 2
		add_ln58_213 : 3
		add_ln58_214 : 2
		add_ln58_215 : 1
		add_ln58_216 : 1
		sext_ln58_128 : 1
		add_ln58_218 : 2
		sext_ln58_83 : 3
		add_ln58_222 : 1
		sext_ln58_129 : 1
		add_ln58_224 : 2
		add_ln58_225 : 3
		add_ln58_226 : 1
		sext_ln58_130 : 2
		add_ln58_227 : 4
		add_ln58_229 : 1
		add_ln58_235 : 3
		add_ln58_238 : 5
		add_ln58_240 : 2
		add_ln58_241 : 1
		sext_ln58_136 : 2
		add_ln58_242 : 3
		sext_ln58_137 : 4
		add_ln58_243 : 5
		sext_ln58_138 : 1
		add_ln58_246 : 2
		add_ln58_248 : 4
		add_ln58_249 : 3
		sext_ln58_140 : 4
		add_ln58_250 : 5
		sext_ln58_141 : 1
		add_ln58_253 : 3
		add_ln58_255 : 4
		add_ln58_260 : 1
		sext_ln58_145 : 2
		add_ln58_261 : 7
		add_ln58_263 : 1
		sext_ln58_147 : 2
		add_ln58_264 : 8
		add_ln58_267 : 4
		add_ln58_271 : 4
		add_ln58_277 : 1
		sext_ln58_154 : 2
		add_ln58_278 : 3
		sext_ln58_156 : 1
		add_ln58_282 : 2
		add_ln58_285 : 1
		sext_ln58_158 : 2
		add_ln58_286 : 3
		add_ln58_289 : 1
		add_ln58_290 : 2
		sext_ln58_162 : 1
		add_ln58_295 : 1
		sext_ln58_163 : 2
		add_ln58_296 : 3
		add_ln58_299 : 4
		add_ln58_304 : 4
		add_ln58_313 : 1
		sext_ln58_171 : 2
		sext_ln58_172 : 1
		add_ln58_315 : 3
	State 4
		add_ln58_205 : 1
		sext_ln58_74 : 2
		sext_ln58_78 : 1
		add_ln58_219 : 1
		add_ln58_220 : 2
		sext_ln58_84 : 3
		add_ln58_221 : 1
		sext_ln58_85 : 2
		add_ln58_230 : 1
		sext_ln58_88 : 2
		add_ln58_231 : 1
		add_ln58_232 : 2
		sext_ln58_89 : 3
		sext_ln58_132 : 1
		sub_ln58 : 2
		add_ln58_233 : 3
		sext_ln58_90 : 4
		add_ln58_236 : 1
		sext_ln58_91 : 2
		add_ln58_237 : 1
		add_ln58_239 : 2
		sext_ln58_92 : 3
		add_ln58_244 : 3
		add_ln58_247 : 4
		sext_ln58_95 : 5
		add_ln58_251 : 1
		add_ln58_254 : 2
		sext_ln58_97 : 3
		add_ln58_256 : 4
		sext_ln58_98 : 5
		add_ln58_257 : 1
		add_ln58_258 : 1
		sext_ln58_144 : 2
		add_ln58_259 : 3
		sext_ln58_99 : 4
		sext_ln58_148 : 1
		add_ln58_266 : 2
		add_ln58_268 : 1
		sext_ln58_150 : 2
		add_ln58_269 : 3
		sext_ln58_101 : 4
		add_ln58_270 : 3
		add_ln58_272 : 1
		sext_ln58_152 : 2
		add_ln58_273 : 4
		sext_ln58_102 : 5
		add_ln58_275 : 1
		sext_ln58_103 : 2
		add_ln58_276 : 3
		add_ln58_279 : 4
		sext_ln58_104 : 5
		add_ln58_280 : 5
		add_ln58_283 : 6
		sext_ln58_105 : 7
		add_ln58_284 : 3
		add_ln58_287 : 4
		sext_ln58_106 : 5
		add_ln58_288 : 4
		add_ln58_291 : 5
		sext_ln58_107 : 6
		add_ln58_293 : 4
		add_ln58_297 : 5
		sext_ln58_108 : 6
		add_ln58_298 : 6
		add_ln58_300 : 1
		sext_ln58_166 : 2
		add_ln58_301 : 7
		sext_ln58_109 : 8
		add_ln58_302 : 6
		sext_ln58_110 : 7
		add_ln58_303 : 1
		add_ln58_305 : 1
		sext_ln58_168 : 2
		add_ln58_306 : 3
		sext_ln58_111 : 4
		add_ln58_307 : 1
		sext_ln58_169 : 1
		add_ln58_309 : 2
		sext_ln58_112 : 3
		add_ln58_310 : 7
		sext_ln58_113 : 8
		add_ln58_311 : 1
		sext_ln58_170 : 2
		add_ln58_312 : 3
		add_ln58_316 : 4
		sext_ln58_114 : 5
		add_ln58_317 : 7
		sext_ln58_115 : 8
		add_ln58_318 : 5
		sext_ln58_174 : 1
		add_ln58_320 : 6
		sext_ln58_116 : 7
		add_ln58_321 : 1
		sext_ln58_175 : 2
		add_ln58_322 : 6
		sext_ln58_117 : 7
		add_ln58_323 : 4
		add_ln58_325 : 1
		sext_ln58_177 : 2
		add_ln58_326 : 5
		sext_ln58_118 : 6
		add_ln58_327 : 6
		sext_ln58_178 : 1
		add_ln58_329 : 7
		sext_ln58_119 : 8
		add_ln58_330 : 6
		add_ln58_332 : 1
		sext_ln58_180 : 2
		add_ln58_333 : 7
		sext_ln58_120 : 8
		add_ln58_334 : 1
		sext_ln58_181 : 2
		add_ln58_335 : 8
		sext_ln58_121 : 9
		add_ln58_336 : 5
		add_ln58_337 : 1
		add_ln58_338 : 2
		sext_ln58_182 : 3
		add_ln58_339 : 6
		sext_ln58_122 : 7
		add_ln58_340 : 3
		add_ln58_341 : 1
		sext_ln58_183 : 2
		add_ln58_342 : 4
		sext_ln18 : 5
		mrv : 9
		mrv_1 : 10
		mrv_2 : 11
		mrv_3 : 12
		mrv_4 : 13
		mrv_5 : 14
		mrv_6 : 15
		mrv_7 : 16
		mrv_8 : 17
		mrv_9 : 18
		mrv_s : 19
		mrv_10 : 20
		mrv_11 : 21
		mrv_12 : 22
		mrv_13 : 23
		ret_ln18 : 24


============================================================
+ Verbose Summary: Datapath Resource usage 
============================================================

* Functional unit list:
|----------|-------------------------------|---------|---------|---------|
| Operation|        Functional Unit        |   DSP   |    FF   |   LUT   |
|----------|-------------------------------|---------|---------|---------|
|          |       add_ln73_fu_61921       |    0    |    0    |    29   |
|          |     add_ln58_196_fu_62010     |    0    |    0    |    30   |
|          |     add_ln58_202_fu_62016     |    0    |    0    |    24   |
|          |     add_ln58_203_fu_62026     |    0    |    0    |    25   |
|          |     add_ln58_262_fu_62032     |    0    |    0    |    30   |
|          |      add_ln73_4_fu_62344      |    0    |    0    |    30   |
|          |       add_ln58_fu_62541       |    0    |    0    |    32   |
|          |     add_ln58_197_fu_62550     |    0    |    0    |    32   |
|          |     add_ln58_198_fu_62560     |    0    |    0    |    30   |
|          |     add_ln58_199_fu_62566     |    0    |    0    |    25   |
|          |     add_ln58_200_fu_62572     |    0    |    0    |    32   |
|          |     add_ln58_201_fu_62582     |    0    |    0    |    31   |
|          |     add_ln58_204_fu_62595     |    0    |    0    |    32   |
|          |     add_ln58_206_fu_62605     |    0    |    0    |    31   |
|          |     add_ln58_207_fu_62615     |    0    |    0    |    23   |
|          |     add_ln58_208_fu_62625     |    0    |    0    |    32   |
|          |     add_ln58_209_fu_62635     |    0    |    0    |    28   |
|          |     add_ln58_210_fu_62645     |    0    |    0    |    32   |
|          |     add_ln58_212_fu_62651     |    0    |    0    |    32   |
|          |     add_ln58_213_fu_62657     |    0    |    0    |    25   |
|          |     add_ln58_214_fu_62663     |    0    |    0    |    32   |
|          |     add_ln58_215_fu_62669     |    0    |    0    |    32   |
|          |     add_ln58_216_fu_62675     |    0    |    0    |    25   |
|          |     add_ln58_217_fu_62681     |    0    |    0    |    29   |
|          |     add_ln58_218_fu_62691     |    0    |    0    |    25   |
|          |     add_ln58_222_fu_62701     |    0    |    0    |    26   |
|          |     add_ln58_223_fu_62707     |    0    |    0    |    31   |
|          |     add_ln58_224_fu_62717     |    0    |    0    |    26   |
|          |     add_ln58_225_fu_62723     |    0    |    0    |    26   |
|          |     add_ln58_226_fu_62729     |    0    |    0    |    31   |
|          |     add_ln58_227_fu_62739     |    0    |    0    |    26   |
|          |     add_ln58_229_fu_62745     |    0    |    0    |    25   |
|          |     add_ln58_235_fu_62751     |    0    |    0    |    31   |
|          |     add_ln58_238_fu_62757     |    0    |    0    |    32   |
|          |     add_ln58_240_fu_62763     |    0    |    0    |    25   |
|          |     add_ln58_241_fu_62769     |    0    |    0    |    29   |
|          |     add_ln58_242_fu_62779     |    0    |    0    |    24   |
|          |     add_ln58_243_fu_62789     |    0    |    0    |    26   |
|          |     add_ln58_245_fu_62795     |    0    |    0    |    32   |
|          |     add_ln58_246_fu_62805     |    0    |    0    |    32   |
|          |     add_ln58_248_fu_62811     |    0    |    0    |    26   |
|          |     add_ln58_249_fu_62817     |    0    |    0    |    24   |
|          |     add_ln58_250_fu_62827     |    0    |    0    |    26   |
|          |     add_ln58_252_fu_62833     |    0    |    0    |    31   |
|          |     add_ln58_253_fu_62843     |    0    |    0    |    25   |
|          |     add_ln58_255_fu_62849     |    0    |    0    |    26   |
|          |     add_ln58_260_fu_62855     |    0    |    0    |    32   |
|          |     add_ln58_261_fu_62865     |    0    |    0    |    25   |
|          |     add_ln58_263_fu_62874     |    0    |    0    |    31   |
|          |     add_ln58_264_fu_62884     |    0    |    0    |    26   |
|          |     add_ln58_267_fu_62890     |    0    |    0    |    31   |
|          |     add_ln58_271_fu_62896     |    0    |    0    |    32   |
|          |     add_ln58_274_fu_62902     |    0    |    0    |    33   |
|          |     add_ln58_277_fu_62908     |    0    |    0    |    32   |
|          |     add_ln58_278_fu_62918     |    0    |    0    |    33   |
|          |     add_ln58_281_fu_62924     |    0    |    0    |    32   |
|          |     add_ln58_282_fu_62934     |    0    |    0    |    32   |
|          |     add_ln58_285_fu_62940     |    0    |    0    |    32   |
|          |     add_ln58_286_fu_62950     |    0    |    0    |    33   |
|          |     add_ln58_289_fu_62956     |    0    |    0    |    25   |
|          |     add_ln58_290_fu_62962     |    0    |    0    |    25   |
|          |     add_ln58_292_fu_62968     |    0    |    0    |    32   |
|          |     add_ln58_294_fu_62974     |    0    |    0    |    32   |
|          |     add_ln58_295_fu_62984     |    0    |    0    |    30   |
|          |     add_ln58_296_fu_62994     |    0    |    0    |    32   |
|          |     add_ln58_299_fu_63000     |    0    |    0    |    31   |
|          |     add_ln58_304_fu_63006     |    0    |    0    |    30   |
|          |     add_ln58_313_fu_63012     |    0    |    0    |    31   |
|          |     add_ln58_314_fu_63022     |    0    |    0    |    30   |
|          |     add_ln58_315_fu_63032     |    0    |    0    |    31   |
|          |     add_ln58_324_fu_63038     |    0    |    0    |    32   |
|          |     add_ln58_331_fu_63044     |    0    |    0    |    33   |
|          |     add_ln58_205_fu_63165     |    0    |    0    |    33   |
|          |     add_ln58_211_fu_63178     |    0    |    0    |    33   |
|    add   |     add_ln58_219_fu_63197     |    0    |    0    |    26   |
|          |     add_ln58_220_fu_63203     |    0    |    0    |    26   |
|          |     add_ln58_221_fu_63213     |    0    |    0    |    33   |
|          |     add_ln58_228_fu_63229     |    0    |    0    |    26   |
|          |     add_ln58_230_fu_63238     |    0    |    0    |    26   |
|          |     add_ln58_231_fu_63248     |    0    |    0    |    26   |
|          |     add_ln58_232_fu_63254     |    0    |    0    |    26   |
|          |     add_ln58_233_fu_63277     |    0    |    0    |    26   |
|          |     add_ln58_234_fu_63287     |    0    |    0    |    26   |
|          |     add_ln58_236_fu_63296     |    0    |    0    |    26   |
|          |     add_ln58_237_fu_63306     |    0    |    0    |    26   |
|          |     add_ln58_239_fu_63315     |    0    |    0    |    26   |
|          |     add_ln58_244_fu_63328     |    0    |    0    |    27   |
|          |     add_ln58_247_fu_63337     |    0    |    0    |    27   |
|          |     add_ln58_251_fu_63350     |    0    |    0    |    26   |
|          |     add_ln58_254_fu_63359     |    0    |    0    |    27   |
|          |     add_ln58_256_fu_63372     |    0    |    0    |    33   |
|          |     add_ln58_257_fu_63382     |    0    |    0    |    26   |
|          |     add_ln58_258_fu_63388     |    0    |    0    |    33   |
|          |     add_ln58_259_fu_63398     |    0    |    0    |    27   |
|          |     add_ln58_265_fu_63411     |    0    |    0    |    33   |
|          |     add_ln58_266_fu_63421     |    0    |    0    |    26   |
|          |     add_ln58_268_fu_63430     |    0    |    0    |    32   |
|          |     add_ln58_269_fu_63440     |    0    |    0    |    27   |
|          |     add_ln58_270_fu_63450     |    0    |    0    |    26   |
|          |     add_ln58_272_fu_63459     |    0    |    0    |    33   |
|          |     add_ln58_273_fu_63469     |    0    |    0    |    27   |
|          |     add_ln58_275_fu_63482     |    0    |    0    |    33   |
|          |     add_ln58_276_fu_63492     |    0    |    0    |    26   |
|          |     add_ln58_279_fu_63501     |    0    |    0    |    27   |
|          |     add_ln58_280_fu_63511     |    0    |    0    |    26   |
|          |     add_ln58_283_fu_63520     |    0    |    0    |    27   |
|          |     add_ln58_284_fu_63530     |    0    |    0    |    26   |
|          |     add_ln58_287_fu_63539     |    0    |    0    |    27   |
|          |     add_ln58_288_fu_63549     |    0    |    0    |    26   |
|          |     add_ln58_291_fu_63558     |    0    |    0    |    27   |
|          |     add_ln58_293_fu_63571     |    0    |    0    |    26   |
|          |     add_ln58_297_fu_63580     |    0    |    0    |    27   |
|          |     add_ln58_298_fu_63590     |    0    |    0    |    27   |
|          |     add_ln58_300_fu_63599     |    0    |    0    |    32   |
|          |     add_ln58_301_fu_63609     |    0    |    0    |    28   |
|          |     add_ln58_302_fu_63619     |    0    |    0    |    34   |
|          |     add_ln58_303_fu_63629     |    0    |    0    |    26   |
|          |     add_ln58_305_fu_63638     |    0    |    0    |    32   |
|          |     add_ln58_306_fu_63648     |    0    |    0    |    27   |
|          |     add_ln58_307_fu_63658     |    0    |    0    |    26   |
|          |     add_ln58_308_fu_63664     |    0    |    0    |    33   |
|          |     add_ln58_309_fu_63674     |    0    |    0    |    27   |
|          |     add_ln58_310_fu_63684     |    0    |    0    |    34   |
|          |     add_ln58_311_fu_63694     |    0    |    0    |    32   |
|          |     add_ln58_312_fu_63704     |    0    |    0    |    26   |
|          |     add_ln58_316_fu_63713     |    0    |    0    |    27   |
|          |     add_ln58_317_fu_63723     |    0    |    0    |    34   |
|          |     add_ln58_318_fu_63733     |    0    |    0    |    27   |
|          |     add_ln58_319_fu_63739     |    0    |    0    |    33   |
|          |     add_ln58_320_fu_63749     |    0    |    0    |    28   |
|          |     add_ln58_321_fu_63759     |    0    |    0    |    32   |
|          |     add_ln58_322_fu_63769     |    0    |    0    |    34   |
|          |     add_ln58_323_fu_63779     |    0    |    0    |    27   |
|          |     add_ln58_325_fu_63788     |    0    |    0    |    33   |
|          |     add_ln58_326_fu_63798     |    0    |    0    |    28   |
|          |     add_ln58_327_fu_63808     |    0    |    0    |    27   |
|          |     add_ln58_328_fu_63814     |    0    |    0    |    33   |
|          |     add_ln58_329_fu_63824     |    0    |    0    |    28   |
|          |     add_ln58_330_fu_63834     |    0    |    0    |    27   |
|          |     add_ln58_332_fu_63843     |    0    |    0    |    33   |
|          |     add_ln58_333_fu_63853     |    0    |    0    |    28   |
|          |     add_ln58_334_fu_63863     |    0    |    0    |    33   |
|          |     add_ln58_335_fu_63873     |    0    |    0    |    34   |
|          |     add_ln58_336_fu_63883     |    0    |    0    |    27   |
|          |     add_ln58_337_fu_63889     |    0    |    0    |    25   |
|          |     add_ln58_338_fu_63895     |    0    |    0    |    25   |
|          |     add_ln58_339_fu_63905     |    0    |    0    |    28   |
|          |     add_ln58_340_fu_63915     |    0    |    0    |    27   |
|          |     add_ln58_341_fu_63921     |    0    |    0    |    33   |
|          |     add_ln58_342_fu_63931     |    0    |    0    |    28   |
|----------|-------------------------------|---------|---------|---------|
|          |      mul_ln73_228_fu_406      |    1    |    0    |    4    |
|          |      mul_ln73_211_fu_407      |    1    |    0    |    4    |
|          |      mul_ln73_272_fu_408      |    1    |    0    |    4    |
|          |      mul_ln73_180_fu_411      |    1    |    0    |    4    |
|          |      mul_ln73_212_fu_412      |    1    |    0    |    4    |
|          |      mul_ln73_194_fu_413      |    1    |    0    |    4    |
|          |      mul_ln73_273_fu_414      |    1    |    0    |    4    |
|          |      mul_ln73_225_fu_415      |    1    |    0    |    4    |
|          |      mul_ln73_218_fu_416      |    1    |    0    |    4    |
|          |      mul_ln73_216_fu_417      |    1    |    0    |    4    |
|          |      mul_ln73_219_fu_418      |    1    |    0    |    4    |
|          |      mul_ln73_268_fu_419      |    1    |    0    |    4    |
|          |      mul_ln73_248_fu_420      |    1    |    0    |    4    |
|          |      mul_ln73_190_fu_421      |    1    |    0    |    4    |
|          |      mul_ln73_188_fu_422      |    1    |    0    |    4    |
|          |      mul_ln73_250_fu_423      |    1    |    0    |    4    |
|          |      mul_ln73_290_fu_425      |    1    |    0    |    4    |
|          |      mul_ln73_198_fu_426      |    1    |    0    |    4    |
|          |      mul_ln73_187_fu_427      |    1    |    0    |    4    |
|          |        mul_ln70_fu_428        |    1    |    0    |    4    |
|          |      mul_ln73_181_fu_429      |    1    |    0    |    4    |
|          |      mul_ln73_294_fu_430      |    1    |    0    |    4    |
|          |      mul_ln73_237_fu_432      |    1    |    0    |    4    |
|          |      mul_ln73_214_fu_433      |    1    |    0    |    4    |
|          |      mul_ln73_252_fu_434      |    1    |    0    |    4    |
|          |      mul_ln73_209_fu_435      |    1    |    0    |    4    |
|          |      mul_ln73_179_fu_436      |    1    |    0    |    4    |
|          |      mul_ln73_175_fu_437      |    1    |    0    |    4    |
|          |      mul_ln73_286_fu_438      |    1    |    0    |    4    |
|          |      mul_ln73_236_fu_442      |    1    |    0    |    4    |
|          |      mul_ln73_184_fu_443      |    1    |    0    |    4    |
|          |      mul_ln73_246_fu_444      |    1    |    0    |    4    |
|          |      mul_ln73_243_fu_445      |    1    |    0    |    4    |
|          |      mul_ln73_296_fu_446      |    1    |    0    |    4    |
|          |      mul_ln73_276_fu_447      |    1    |    0    |    4    |
|          |      mul_ln73_262_fu_448      |    1    |    0    |    4    |
|          |      mul_ln73_284_fu_449      |    1    |    0    |    4    |
|          |      mul_ln73_176_fu_450      |    1    |    0    |    4    |
|          |      mul_ln73_207_fu_451      |    1    |    0    |    4    |
|          |      mul_ln73_249_fu_453      |    1    |    0    |    4    |
|          |      mul_ln73_204_fu_454      |    1    |    0    |    4    |
|          |      mul_ln73_242_fu_455      |    1    |    0    |    4    |
|          |      mul_ln73_183_fu_456      |    1    |    0    |    4    |
|          |      mul_ln73_215_fu_457      |    1    |    0    |    4    |
|          |      mul_ln73_269_fu_458      |    1    |    0    |    4    |
|          |      mul_ln73_267_fu_459      |    1    |    0    |    4    |
|          |      mul_ln73_289_fu_460      |    1    |    0    |    4    |
|          |      mul_ln73_278_fu_461      |    1    |    0    |    4    |
|          |      mul_ln73_239_fu_462      |    1    |    0    |    4    |
|          |      mul_ln73_277_fu_464      |    1    |    0    |    4    |
|          |      mul_ln73_173_fu_465      |    1    |    0    |    4    |
|          |      mul_ln73_280_fu_466      |    1    |    0    |    4    |
|          |      mul_ln73_263_fu_467      |    1    |    0    |    4    |
|          |      mul_ln73_266_fu_468      |    1    |    0    |    4    |
|          |        mul_ln73_fu_469        |    1    |    0    |    4    |
|          |      mul_ln73_240_fu_470      |    1    |    0    |    4    |
|          |      mul_ln73_224_fu_471      |    1    |    0    |    4    |
|          |      mul_ln73_257_fu_473      |    1    |    0    |    4    |
|          |      mul_ln73_264_fu_476      |    1    |    0    |    4    |
|          |      mul_ln73_258_fu_478      |    1    |    0    |    4    |
|          |      mul_ln73_177_fu_479      |    1    |    0    |    4    |
|          |      mul_ln73_203_fu_480      |    1    |    0    |    4    |
|          |      mul_ln73_196_fu_481      |    1    |    0    |    4    |
|          |      mul_ln73_201_fu_482      |    1    |    0    |    4    |
|    mul   |      mul_ln73_255_fu_483      |    1    |    0    |    4    |
|          |      mul_ln73_235_fu_484      |    1    |    0    |    4    |
|          |      mul_ln73_256_fu_485      |    1    |    0    |    4    |
|          |      mul_ln73_189_fu_486      |    1    |    0    |    4    |
|          |      mul_ln73_281_fu_487      |    1    |    0    |    4    |
|          |      mul_ln73_241_fu_488      |    1    |    0    |    4    |
|          |      mul_ln73_200_fu_489      |    1    |    0    |    4    |
|          |      mul_ln73_261_fu_490      |    1    |    0    |    4    |
|          |      mul_ln73_223_fu_491      |    1    |    0    |    4    |
|          |      mul_ln73_292_fu_492      |    1    |    0    |    4    |
|          |      mul_ln73_297_fu_493      |    1    |    0    |    4    |
|          |      mul_ln73_206_fu_494      |    1    |    0    |    4    |
|          |      mul_ln73_282_fu_495      |    1    |    0    |    4    |
|          |      mul_ln73_226_fu_496      |    1    |    0    |    4    |
|          |      mul_ln73_271_fu_497      |    1    |    0    |    4    |
|          |      mul_ln73_260_fu_498      |    1    |    0    |    4    |
|          |      mul_ln73_178_fu_499      |    1    |    0    |    4    |
|          |      mul_ln73_229_fu_500      |    1    |    0    |    4    |
|          |      mul_ln73_210_fu_502      |    1    |    0    |    4    |
|          |      mul_ln73_259_fu_503      |    1    |    0    |    4    |
|          |      mul_ln73_192_fu_504      |    1    |    0    |    4    |
|          |      mul_ln73_265_fu_506      |    1    |    0    |    4    |
|          |      mul_ln73_238_fu_507      |    1    |    0    |    4    |
|          |      mul_ln73_251_fu_509      |    1    |    0    |    4    |
|          |      mul_ln73_244_fu_510      |    1    |    0    |    4    |
|          |      mul_ln73_233_fu_511      |    1    |    0    |    4    |
|          |      mul_ln73_193_fu_512      |    1    |    0    |    4    |
|          |      mul_ln73_230_fu_514      |    1    |    0    |    4    |
|          |      mul_ln73_222_fu_515      |    1    |    0    |    4    |
|          |      mul_ln73_291_fu_516      |    1    |    0    |    4    |
|          |      mul_ln73_191_fu_517      |    1    |    0    |    4    |
|          |      mul_ln73_221_fu_518      |    1    |    0    |    4    |
|          |      mul_ln73_195_fu_519      |    1    |    0    |    4    |
|          |      mul_ln73_231_fu_520      |    1    |    0    |    4    |
|          |      mul_ln73_186_fu_521      |    1    |    0    |    4    |
|          |      mul_ln73_279_fu_522      |    1    |    0    |    4    |
|          |      mul_ln73_288_fu_523      |    1    |    0    |    4    |
|          |      mul_ln73_293_fu_524      |    1    |    0    |    4    |
|          |      mul_ln73_253_fu_525      |    1    |    0    |    4    |
|          |      mul_ln73_199_fu_526      |    1    |    0    |    4    |
|          |      mul_ln73_234_fu_528      |    1    |    0    |    4    |
|          |      mul_ln73_208_fu_530      |    1    |    0    |    4    |
|          |      mul_ln73_182_fu_532      |    1    |    0    |    4    |
|          |      mul_ln73_274_fu_533      |    1    |    0    |    4    |
|          |      mul_ln73_245_fu_534      |    1    |    0    |    4    |
|          |      mul_ln73_247_fu_535      |    1    |    0    |    4    |
|          |      mul_ln73_227_fu_536      |    1    |    0    |    4    |
|          |      mul_ln73_185_fu_537      |    1    |    0    |    4    |
|          |      mul_ln73_287_fu_538      |    1    |    0    |    4    |
|          |      mul_ln73_197_fu_539      |    1    |    0    |    4    |
|          |      mul_ln73_205_fu_540      |    1    |    0    |    4    |
|          |      mul_ln73_295_fu_541      |    1    |    0    |    4    |
|          |      mul_ln73_285_fu_542      |    1    |    0    |    4    |
|          |      mul_ln73_254_fu_544      |    1    |    0    |    4    |
|          |      mul_ln73_299_fu_545      |    1    |    0    |    4    |
|          |      mul_ln73_213_fu_546      |    1    |    0    |    4    |
|          |      mul_ln73_232_fu_547      |    1    |    0    |    4    |
|          |      mul_ln73_217_fu_548      |    1    |    0    |    4    |
|          |      mul_ln73_283_fu_549      |    1    |    0    |    4    |
|          |      mul_ln73_174_fu_550      |    1    |    0    |    4    |
|          |      mul_ln73_202_fu_551      |    1    |    0    |    4    |
|          |      mul_ln73_275_fu_552      |    1    |    0    |    4    |
|          |      mul_ln73_298_fu_553      |    1    |    0    |    4    |
|          |      mul_ln73_220_fu_554      |    1    |    0    |    4    |
|          |      mul_ln73_270_fu_555      |    1    |    0    |    4    |
|----------|-------------------------------|---------|---------|---------|
|          |       sub_ln73_fu_61813       |    0    |    0    |    29   |
|          |      sub_ln73_21_fu_61851     |    0    |    0    |    28   |
|          |      sub_ln73_26_fu_61891     |    0    |    0    |    25   |
|          |      sub_ln73_17_fu_62064     |    0    |    0    |    23   |
|          |      sub_ln73_18_fu_62080     |    0    |    0    |    32   |
|          |      sub_ln73_19_fu_62112     |    0    |    0    |    24   |
|          |      sub_ln73_20_fu_62144     |    0    |    0    |    23   |
|          |      sub_ln73_22_fu_62211     |    0    |    0    |    23   |
|          |      sub_ln73_23_fu_62228     |    0    |    0    |    21   |
|    sub   |      sub_ln73_24_fu_62234     |    0    |    0    |    22   |
|          |      sub_ln73_25_fu_62259     |    0    |    0    |    27   |
|          |      sub_ln73_27_fu_62317     |    0    |    0    |    24   |
|          |      sub_ln73_28_fu_62334     |    0    |    0    |    30   |
|          |      sub_ln73_29_fu_62379     |    0    |    0    |    25   |
|          |      sub_ln73_30_fu_62419     |    0    |    0    |    30   |
|          |      sub_ln73_31_fu_62455     |    0    |    0    |    26   |
|          |      sub_ln73_32_fu_62476     |    0    |    0    |    29   |
|          |      sub_ln73_33_fu_62535     |    0    |    0    |    29   |
|          |       sub_ln58_fu_63271       |    0    |    0    |    25   |
|----------|-------------------------------|---------|---------|---------|
|          | data_9_val10_read_read_fu_346 |    0    |    0    |    0    |
|          |  data_8_val9_read_read_fu_352 |    0    |    0    |    0    |
|          |  data_7_val8_read_read_fu_358 |    0    |    0    |    0    |
|          |  data_6_val7_read_read_fu_364 |    0    |    0    |    0    |
|   read   |  data_5_val6_read_read_fu_370 |    0    |    0    |    0    |
|          |  data_4_val5_read_read_fu_376 |    0    |    0    |    0    |
|          |  data_3_val4_read_read_fu_382 |    0    |    0    |    0    |
|          |  data_2_val3_read_read_fu_388 |    0    |    0    |    0    |
|          |  data_1_val2_read_read_fu_394 |    0    |    0    |    0    |
|          |  data_0_val1_read_read_fu_400 |    0    |    0    |    0    |
|----------|-------------------------------|---------|---------|---------|
|          |     sext_ln73_102_fu_61745    |    0    |    0    |    0    |
|          |     sext_ln70_89_fu_61751     |    0    |    0    |    0    |
|          |       sext_ln73_fu_61756      |    0    |    0    |    0    |
|          |       sext_ln70_fu_61760      |    0    |    0    |    0    |
|          |     sext_ln70_77_fu_61763     |    0    |    0    |    0    |
|          |     sext_ln73_103_fu_61775    |    0    |    0    |    0    |
|          |     sext_ln73_104_fu_61786    |    0    |    0    |    0    |
|          |     sext_ln70_78_fu_61790     |    0    |    0    |    0    |
|          |     sext_ln70_79_fu_61795     |    0    |    0    |    0    |
|          |     sext_ln73_107_fu_61809    |    0    |    0    |    0    |
|          |     sext_ln73_110_fu_61819    |    0    |    0    |    0    |
|          |     sext_ln70_80_fu_61823     |    0    |    0    |    0    |
|          |     sext_ln73_118_fu_61836    |    0    |    0    |    0    |
|          |     sext_ln73_119_fu_61847    |    0    |    0    |    0    |
|          |     sext_ln73_120_fu_61857    |    0    |    0    |    0    |
|          |     sext_ln73_121_fu_61861    |    0    |    0    |    0    |
|          |     sext_ln70_83_fu_61866     |    0    |    0    |    0    |
|          |     sext_ln70_84_fu_61870     |    0    |    0    |    0    |
|          |     sext_ln70_86_fu_61874     |    0    |    0    |    0    |
|          |     sext_ln73_136_fu_61887    |    0    |    0    |    0    |
|          |     sext_ln70_90_fu_61897     |    0    |    0    |    0    |
|          |     sext_ln70_91_fu_61902     |    0    |    0    |    0    |
|          |     sext_ln73_139_fu_61917    |    0    |    0    |    0    |
|          |     sext_ln70_92_fu_61926     |    0    |    0    |    0    |
|          |     sext_ln70_93_fu_61932     |    0    |    0    |    0    |
|          |     sext_ln70_94_fu_61937     |    0    |    0    |    0    |
|          |     sext_ln70_96_fu_61945     |    0    |    0    |    0    |
|          |     sext_ln70_97_fu_61951     |    0    |    0    |    0    |
|          |     sext_ln70_98_fu_61956     |    0    |    0    |    0    |
|          |     sext_ln70_99_fu_61961     |    0    |    0    |    0    |
|          |     sext_ln70_100_fu_61965    |    0    |    0    |    0    |
|          |     sext_ln70_101_fu_61972    |    0    |    0    |    0    |
|          |     sext_ln70_102_fu_61976    |    0    |    0    |    0    |
|          |     sext_ln70_103_fu_61980    |    0    |    0    |    0    |
|          |     sext_ln70_104_fu_61984    |    0    |    0    |    0    |
|          |     sext_ln70_105_fu_61989    |    0    |    0    |    0    |
|          |     sext_ln70_106_fu_61993    |    0    |    0    |    0    |
|          |     sext_ln70_108_fu_61997    |    0    |    0    |    0    |
|          |     sext_ln70_110_fu_62002    |    0    |    0    |    0    |
|          |     sext_ln70_111_fu_62006    |    0    |    0    |    0    |
|          |     sext_ln73_105_fu_62038    |    0    |    0    |    0    |
|          |     sext_ln73_106_fu_62045    |    0    |    0    |    0    |
|          |     sext_ln73_108_fu_62056    |    0    |    0    |    0    |
|          |     sext_ln73_109_fu_62060    |    0    |    0    |    0    |
|          |     sext_ln73_111_fu_62076    |    0    |    0    |    0    |
|          |     sext_ln73_112_fu_62086    |    0    |    0    |    0    |
|          |     sext_ln73_113_fu_62097    |    0    |    0    |    0    |
|          |     sext_ln73_114_fu_62108    |    0    |    0    |    0    |
|          |     sext_ln73_115_fu_62118    |    0    |    0    |    0    |
|          |     sext_ln73_116_fu_62129    |    0    |    0    |    0    |
|          |     sext_ln73_117_fu_62140    |    0    |    0    |    0    |
|          |     sext_ln70_81_fu_62150     |    0    |    0    |    0    |
|          |     sext_ln70_82_fu_62161     |    0    |    0    |    0    |
|          |     sext_ln73_122_fu_62165    |    0    |    0    |    0    |
|          |     sext_ln70_85_fu_62169     |    0    |    0    |    0    |
|          |     sext_ln73_124_fu_62177    |    0    |    0    |    0    |
|          |     sext_ln73_125_fu_62188    |    0    |    0    |    0    |
|          |     sext_ln73_126_fu_62199    |    0    |    0    |    0    |
|          |     sext_ln73_127_fu_62203    |    0    |    0    |    0    |
|          |     sext_ln73_128_fu_62207    |    0    |    0    |    0    |
|          |     sext_ln73_129_fu_62224    |    0    |    0    |    0    |
|          |     sext_ln73_130_fu_62240    |    0    |    0    |    0    |
|          |     sext_ln73_131_fu_62244    |    0    |    0    |    0    |
|          |     sext_ln73_132_fu_62255    |    0    |    0    |    0    |
|          |     sext_ln73_133_fu_62265    |    0    |    0    |    0    |
|          |     sext_ln70_87_fu_62269     |    0    |    0    |    0    |
|          |     sext_ln70_88_fu_62272     |    0    |    0    |    0    |
|          |     sext_ln73_137_fu_62276    |    0    |    0    |    0    |
|          |     sext_ln73_138_fu_62280    |    0    |    0    |    0    |
|          |     sext_ln73_140_fu_62284    |    0    |    0    |    0    |
|          |     sext_ln73_141_fu_62287    |    0    |    0    |    0    |
|          |     sext_ln73_142_fu_62298    |    0    |    0    |    0    |
|          |     sext_ln73_143_fu_62309    |    0    |    0    |    0    |
|          |     sext_ln73_144_fu_62313    |    0    |    0    |    0    |
|          |     sext_ln73_145_fu_62330    |    0    |    0    |    0    |
|          |     sext_ln73_146_fu_62340    |    0    |    0    |    0    |
|          |   mul_ln73_233_cast_fu_62349  |    0    |    0    |    0    |
|          |     sext_ln73_150_fu_62353    |    0    |    0    |    0    |
|          |     sext_ln73_152_fu_62364    |    0    |    0    |    0    |
|          |     sext_ln73_153_fu_62375    |    0    |    0    |    0    |
|          |     sext_ln73_154_fu_62385    |    0    |    0    |    0    |
|          |     sext_ln70_95_fu_62389     |    0    |    0    |    0    |
|          |     sext_ln73_156_fu_62393    |    0    |    0    |    0    |
|          |     sext_ln73_159_fu_62404    |    0    |    0    |    0    |
|          |     sext_ln73_160_fu_62415    |    0    |    0    |    0    |
|          |     sext_ln73_161_fu_62425    |    0    |    0    |    0    |
|          |     sext_ln73_164_fu_62436    |    0    |    0    |    0    |
|          |     sext_ln73_165_fu_62440    |    0    |    0    |    0    |
|          |     sext_ln73_166_fu_62451    |    0    |    0    |    0    |
|          |     sext_ln73_167_fu_62461    |    0    |    0    |    0    |
|          |     sext_ln73_168_fu_62472    |    0    |    0    |    0    |
|          |     sext_ln73_169_fu_62482    |    0    |    0    |    0    |
|          |     sext_ln73_171_fu_62486    |    0    |    0    |    0    |
|          |     sext_ln70_107_fu_62490    |    0    |    0    |    0    |
|          |     sext_ln73_177_fu_62495    |    0    |    0    |    0    |
|          |     sext_ln70_109_fu_62499    |    0    |    0    |    0    |
|          |     sext_ln70_112_fu_62503    |    0    |    0    |    0    |
|          |     sext_ln73_180_fu_62509    |    0    |    0    |    0    |
|          |     sext_ln73_183_fu_62520    |    0    |    0    |    0    |
|          |     sext_ln73_184_fu_62531    |    0    |    0    |    0    |
|          |     sext_ln58_66_fu_62547     |    0    |    0    |    0    |
|          |     sext_ln58_67_fu_62556     |    0    |    0    |    0    |
|          |     sext_ln58_70_fu_62578     |    0    |    0    |    0    |
|          |     sext_ln58_71_fu_62588     |    0    |    0    |    0    |
|          |     sext_ln58_72_fu_62592     |    0    |    0    |    0    |
|          |     sext_ln58_73_fu_62601     |    0    |    0    |    0    |
|          |     sext_ln58_125_fu_62611    |    0    |    0    |    0    |
|          |     sext_ln58_126_fu_62621    |    0    |    0    |    0    |
|          |     sext_ln58_76_fu_62631     |    0    |    0    |    0    |
|          |     sext_ln58_127_fu_62641    |    0    |    0    |    0    |
|          |     sext_ln58_128_fu_62687    |    0    |    0    |    0    |
|          |     sext_ln58_83_fu_62697     |    0    |    0    |    0    |
|          |     sext_ln58_129_fu_62713    |    0    |    0    |    0    |
|          |     sext_ln58_130_fu_62735    |    0    |    0    |    0    |
|          |     sext_ln58_136_fu_62775    |    0    |    0    |    0    |
|          |     sext_ln58_137_fu_62785    |    0    |    0    |    0    |
|          |     sext_ln58_138_fu_62801    |    0    |    0    |    0    |
|          |     sext_ln58_140_fu_62823    |    0    |    0    |    0    |
|          |     sext_ln58_141_fu_62839    |    0    |    0    |    0    |
|   sext   |     sext_ln58_145_fu_62861    |    0    |    0    |    0    |
|          |     sext_ln58_146_fu_62871    |    0    |    0    |    0    |
|          |     sext_ln58_147_fu_62880    |    0    |    0    |    0    |
|          |     sext_ln58_154_fu_62914    |    0    |    0    |    0    |
|          |     sext_ln58_156_fu_62930    |    0    |    0    |    0    |
|          |     sext_ln58_158_fu_62946    |    0    |    0    |    0    |
|          |     sext_ln58_162_fu_62980    |    0    |    0    |    0    |
|          |     sext_ln58_163_fu_62990    |    0    |    0    |    0    |
|          |     sext_ln58_171_fu_63018    |    0    |    0    |    0    |
|          |     sext_ln58_172_fu_63028    |    0    |    0    |    0    |
|          |     sext_ln73_123_fu_63050    |    0    |    0    |    0    |
|          |     sext_ln73_134_fu_63054    |    0    |    0    |    0    |
|          |     sext_ln73_135_fu_63065    |    0    |    0    |    0    |
|          |     sext_ln73_147_fu_63069    |    0    |    0    |    0    |
|          |     sext_ln73_148_fu_63073    |    0    |    0    |    0    |
|          |     sext_ln73_149_fu_63076    |    0    |    0    |    0    |
|          |     sext_ln73_151_fu_63080    |    0    |    0    |    0    |
|          |     sext_ln73_155_fu_63084    |    0    |    0    |    0    |
|          |     sext_ln73_157_fu_63088    |    0    |    0    |    0    |
|          |     sext_ln73_158_fu_63092    |    0    |    0    |    0    |
|          |     sext_ln73_162_fu_63096    |    0    |    0    |    0    |
|          |     sext_ln73_163_fu_63100    |    0    |    0    |    0    |
|          |     sext_ln73_170_fu_63104    |    0    |    0    |    0    |
|          |     sext_ln73_172_fu_63108    |    0    |    0    |    0    |
|          |     sext_ln73_173_fu_63112    |    0    |    0    |    0    |
|          |     sext_ln73_174_fu_63116    |    0    |    0    |    0    |
|          |     sext_ln73_175_fu_63120    |    0    |    0    |    0    |
|          |     sext_ln73_176_fu_63124    |    0    |    0    |    0    |
|          |     sext_ln73_178_fu_63128    |    0    |    0    |    0    |
|          |   mul_ln73_289_cast_fu_63132  |    0    |    0    |    0    |
|          |     sext_ln73_179_fu_63136    |    0    |    0    |    0    |
|          |     sext_ln73_181_fu_63140    |    0    |    0    |    0    |
|          |     sext_ln73_182_fu_63144    |    0    |    0    |    0    |
|          |     sext_ln73_185_fu_63148    |    0    |    0    |    0    |
|          |     sext_ln73_186_fu_63151    |    0    |    0    |    0    |
|          |       sext_ln58_fu_63155      |    0    |    0    |    0    |
|          |     sext_ln58_65_fu_63159     |    0    |    0    |    0    |
|          |     sext_ln58_68_fu_63162     |    0    |    0    |    0    |
|          |     sext_ln58_74_fu_63171     |    0    |    0    |    0    |
|          |     sext_ln58_77_fu_63175     |    0    |    0    |    0    |
|          |     sext_ln58_78_fu_63184     |    0    |    0    |    0    |
|          |     sext_ln58_79_fu_63188     |    0    |    0    |    0    |
|          |     sext_ln58_80_fu_63191     |    0    |    0    |    0    |
|          |     sext_ln58_81_fu_63194     |    0    |    0    |    0    |
|          |     sext_ln58_84_fu_63209     |    0    |    0    |    0    |
|          |     sext_ln58_85_fu_63219     |    0    |    0    |    0    |
|          |     sext_ln58_86_fu_63223     |    0    |    0    |    0    |
|          |     sext_ln58_87_fu_63226     |    0    |    0    |    0    |
|          |     sext_ln58_131_fu_63235    |    0    |    0    |    0    |
|          |     sext_ln58_88_fu_63244     |    0    |    0    |    0    |
|          |     sext_ln58_89_fu_63260     |    0    |    0    |    0    |
|          |     sext_ln58_132_fu_63264    |    0    |    0    |    0    |
|          |     sext_ln58_133_fu_63268    |    0    |    0    |    0    |
|          |     sext_ln58_90_fu_63283     |    0    |    0    |    0    |
|          |     sext_ln58_134_fu_63293    |    0    |    0    |    0    |
|          |     sext_ln58_91_fu_63302     |    0    |    0    |    0    |
|          |     sext_ln58_135_fu_63312    |    0    |    0    |    0    |
|          |     sext_ln58_92_fu_63321     |    0    |    0    |    0    |
|          |     sext_ln58_94_fu_63325     |    0    |    0    |    0    |
|          |     sext_ln58_139_fu_63334    |    0    |    0    |    0    |
|          |     sext_ln58_95_fu_63343     |    0    |    0    |    0    |
|          |     sext_ln58_96_fu_63347     |    0    |    0    |    0    |
|          |     sext_ln58_142_fu_63356    |    0    |    0    |    0    |
|          |     sext_ln58_97_fu_63365     |    0    |    0    |    0    |
|          |     sext_ln58_143_fu_63369    |    0    |    0    |    0    |
|          |     sext_ln58_98_fu_63378     |    0    |    0    |    0    |
|          |     sext_ln58_144_fu_63394    |    0    |    0    |    0    |
|          |     sext_ln58_99_fu_63404     |    0    |    0    |    0    |
|          |     sext_ln58_100_fu_63408    |    0    |    0    |    0    |
|          |     sext_ln58_148_fu_63417    |    0    |    0    |    0    |
|          |     sext_ln58_149_fu_63427    |    0    |    0    |    0    |
|          |     sext_ln58_150_fu_63436    |    0    |    0    |    0    |
|          |     sext_ln58_101_fu_63446    |    0    |    0    |    0    |
|          |     sext_ln58_151_fu_63456    |    0    |    0    |    0    |
|          |     sext_ln58_152_fu_63465    |    0    |    0    |    0    |
|          |     sext_ln58_102_fu_63475    |    0    |    0    |    0    |
|          |     sext_ln58_153_fu_63479    |    0    |    0    |    0    |
|          |     sext_ln58_103_fu_63488    |    0    |    0    |    0    |
|          |     sext_ln58_155_fu_63498    |    0    |    0    |    0    |
|          |     sext_ln58_104_fu_63507    |    0    |    0    |    0    |
|          |     sext_ln58_157_fu_63517    |    0    |    0    |    0    |
|          |     sext_ln58_105_fu_63526    |    0    |    0    |    0    |
|          |     sext_ln58_159_fu_63536    |    0    |    0    |    0    |
|          |     sext_ln58_106_fu_63545    |    0    |    0    |    0    |
|          |     sext_ln58_160_fu_63555    |    0    |    0    |    0    |
|          |     sext_ln58_107_fu_63564    |    0    |    0    |    0    |
|          |     sext_ln58_161_fu_63568    |    0    |    0    |    0    |
|          |     sext_ln58_164_fu_63577    |    0    |    0    |    0    |
|          |     sext_ln58_108_fu_63586    |    0    |    0    |    0    |
|          |     sext_ln58_165_fu_63596    |    0    |    0    |    0    |
|          |     sext_ln58_166_fu_63605    |    0    |    0    |    0    |
|          |     sext_ln58_109_fu_63615    |    0    |    0    |    0    |
|          |     sext_ln58_110_fu_63625    |    0    |    0    |    0    |
|          |     sext_ln58_167_fu_63635    |    0    |    0    |    0    |
|          |     sext_ln58_168_fu_63644    |    0    |    0    |    0    |
|          |     sext_ln58_111_fu_63654    |    0    |    0    |    0    |
|          |     sext_ln58_169_fu_63670    |    0    |    0    |    0    |
|          |     sext_ln58_112_fu_63680    |    0    |    0    |    0    |
|          |     sext_ln58_113_fu_63690    |    0    |    0    |    0    |
|          |     sext_ln58_170_fu_63700    |    0    |    0    |    0    |
|          |     sext_ln58_173_fu_63710    |    0    |    0    |    0    |
|          |     sext_ln58_114_fu_63719    |    0    |    0    |    0    |
|          |     sext_ln58_115_fu_63729    |    0    |    0    |    0    |
|          |     sext_ln58_174_fu_63745    |    0    |    0    |    0    |
|          |     sext_ln58_116_fu_63755    |    0    |    0    |    0    |
|          |     sext_ln58_175_fu_63765    |    0    |    0    |    0    |
|          |     sext_ln58_117_fu_63775    |    0    |    0    |    0    |
|          |     sext_ln58_176_fu_63785    |    0    |    0    |    0    |
|          |     sext_ln58_177_fu_63794    |    0    |    0    |    0    |
|          |     sext_ln58_118_fu_63804    |    0    |    0    |    0    |
|          |     sext_ln58_178_fu_63820    |    0    |    0    |    0    |
|          |     sext_ln58_119_fu_63830    |    0    |    0    |    0    |
|          |     sext_ln58_179_fu_63840    |    0    |    0    |    0    |
|          |     sext_ln58_180_fu_63849    |    0    |    0    |    0    |
|          |     sext_ln58_120_fu_63859    |    0    |    0    |    0    |
|          |     sext_ln58_181_fu_63869    |    0    |    0    |    0    |
|          |     sext_ln58_121_fu_63879    |    0    |    0    |    0    |
|          |     sext_ln58_182_fu_63901    |    0    |    0    |    0    |
|          |     sext_ln58_122_fu_63911    |    0    |    0    |    0    |
|          |     sext_ln58_183_fu_63927    |    0    |    0    |    0    |
|          |       sext_ln18_fu_63937      |    0    |    0    |    0    |
|----------|-------------------------------|---------|---------|---------|
|          |        shl_ln_fu_61779        |    0    |    0    |    0    |
|          |      shl_ln73_s_fu_61802      |    0    |    0    |    0    |
|          |      shl_ln73_38_fu_61829     |    0    |    0    |    0    |
|          |      shl_ln73_39_fu_61840     |    0    |    0    |    0    |
|          |      shl_ln73_45_fu_61880     |    0    |    0    |    0    |
|          |      shl_ln73_46_fu_61910     |    0    |    0    |    0    |
|          |      shl_ln73_32_fu_62049     |    0    |    0    |    0    |
|          |      shl_ln73_33_fu_62069     |    0    |    0    |    0    |
|          |      shl_ln73_34_fu_62090     |    0    |    0    |    0    |
|          |      shl_ln73_35_fu_62101     |    0    |    0    |    0    |
|          |      shl_ln73_36_fu_62122     |    0    |    0    |    0    |
|          |      shl_ln73_37_fu_62133     |    0    |    0    |    0    |
|          |      shl_ln73_40_fu_62181     |    0    |    0    |    0    |
|          |      shl_ln73_41_fu_62192     |    0    |    0    |    0    |
|bitconcatenate|      shl_ln73_42_fu_62217     |    0    |    0    |    0    |
|          |      shl_ln73_43_fu_62248     |    0    |    0    |    0    |
|          |      shl_ln73_47_fu_62291     |    0    |    0    |    0    |
|          |      shl_ln73_48_fu_62302     |    0    |    0    |    0    |
|          |      shl_ln73_49_fu_62323     |    0    |    0    |    0    |
|          |      shl_ln73_50_fu_62357     |    0    |    0    |    0    |
|          |      shl_ln73_51_fu_62368     |    0    |    0    |    0    |
|          |      shl_ln73_52_fu_62397     |    0    |    0    |    0    |
|          |      shl_ln73_53_fu_62408     |    0    |    0    |    0    |
|          |      shl_ln73_54_fu_62429     |    0    |    0    |    0    |
|          |      shl_ln73_55_fu_62444     |    0    |    0    |    0    |
|          |      shl_ln73_56_fu_62465     |    0    |    0    |    0    |
|          |      shl_ln73_57_fu_62513     |    0    |    0    |    0    |
|          |      shl_ln73_58_fu_62524     |    0    |    0    |    0    |
|          |      shl_ln73_44_fu_63058     |    0    |    0    |    0    |
|----------|-------------------------------|---------|---------|---------|
|   zext   |       zext_ln58_fu_62022      |    0    |    0    |    0    |
|----------|-------------------------------|---------|---------|---------|
|          |          mrv_fu_63941         |    0    |    0    |    0    |
|          |         mrv_1_fu_63947        |    0    |    0    |    0    |
|          |         mrv_2_fu_63953        |    0    |    0    |    0    |
|          |         mrv_3_fu_63959        |    0    |    0    |    0    |
|          |         mrv_4_fu_63965        |    0    |    0    |    0    |
|          |         mrv_5_fu_63971        |    0    |    0    |    0    |
|          |         mrv_6_fu_63977        |    0    |    0    |    0    |
|insertvalue|         mrv_7_fu_63983        |    0    |    0    |    0    |
|          |         mrv_8_fu_63989        |    0    |    0    |    0    |
|          |         mrv_9_fu_63995        |    0    |    0    |    0    |
|          |         mrv_s_fu_64001        |    0    |    0    |    0    |
|          |        mrv_10_fu_64007        |    0    |    0    |    0    |
|          |        mrv_11_fu_64013        |    0    |    0    |    0    |
|          |        mrv_12_fu_64019        |    0    |    0    |    0    |
|          |        mrv_13_fu_64025        |    0    |    0    |    0    |
|----------|-------------------------------|---------|---------|---------|
|   Total  |                               |   129   |    0    |   5353  |
|----------|-------------------------------|---------|---------|---------|

Memories:
N/A

* Register list:
+---------------------------+--------+
|                           |   FF   |
+---------------------------+--------+
|   add_ln58_196_reg_64233  |   23   |
|   add_ln58_198_reg_64263  |   23   |
|   add_ln58_203_reg_64238  |   19   |
|   add_ln58_210_reg_64268  |   25   |
|   add_ln58_212_reg_64273  |   26   |
|   add_ln58_213_reg_64278  |   25   |
|   add_ln58_214_reg_64283  |   25   |
|   add_ln58_215_reg_64288  |   25   |
|   add_ln58_224_reg_64293  |   26   |
|   add_ln58_227_reg_64298  |   26   |
|   add_ln58_229_reg_64303  |   25   |
|   add_ln58_235_reg_64308  |   25   |
|   add_ln58_238_reg_64313  |   25   |
|   add_ln58_243_reg_64318  |   26   |
|   add_ln58_246_reg_64323  |   26   |
|   add_ln58_250_reg_64328  |   26   |
|   add_ln58_253_reg_64333  |   25   |
|   add_ln58_255_reg_64338  |   26   |
|   add_ln58_262_reg_64243  |   23   |
|   add_ln58_264_reg_64343  |   26   |
|   add_ln58_267_reg_64348  |   24   |
|   add_ln58_271_reg_64353  |   25   |
|   add_ln58_274_reg_64358  |   26   |
|   add_ln58_278_reg_64363  |   26   |
|   add_ln58_282_reg_64368  |   26   |
|   add_ln58_286_reg_64373  |   26   |
|   add_ln58_290_reg_64378  |   25   |
|   add_ln58_292_reg_64383  |   25   |
|   add_ln58_296_reg_64388  |   26   |
|   add_ln58_299_reg_64393  |   24   |
|   add_ln58_304_reg_64398  |   24   |
|   add_ln58_315_reg_64403  |   25   |
|   add_ln58_324_reg_64408  |   25   |
|   add_ln58_331_reg_64413  |   26   |
|     add_ln58_reg_64258    |   25   |
|    add_ln73_4_reg_64248   |   24   |
|     add_ln73_reg_64166    |   23   |
| data_0_val1_read_reg_64131|   16   |
| data_1_val2_read_reg_64116|   16   |
| data_2_val3_read_reg_64106|   16   |
| data_3_val4_read_reg_64092|   16   |
| data_4_val5_read_reg_64081|   16   |
| data_5_val6_read_reg_64072|   16   |
| data_6_val7_read_reg_64062|   16   |
| data_7_val8_read_reg_64051|   16   |
| data_8_val9_read_reg_64042|   16   |
|data_9_val10_read_reg_64031|   16   |
|     mul_ln70_reg_43316    |   22   |
|   mul_ln73_173_reg_2368   |   23   |
|   mul_ln73_174_reg_43232  |   25   |
|   mul_ln73_175_reg_43236  |   25   |
|   mul_ln73_176_reg_43240  |   25   |
|   mul_ln73_177_reg_43244  |   25   |
|   mul_ln73_178_reg_2372   |   23   |
|   mul_ln73_179_reg_61516  |   26   |
|   mul_ln73_180_reg_43248  |   25   |
|   mul_ln73_181_reg_43252  |   25   |
|   mul_ln73_182_reg_43256  |   25   |
|   mul_ln73_183_reg_43260  |   24   |
|   mul_ln73_184_reg_43264  |   26   |
|   mul_ln73_185_reg_43268  |   25   |
|   mul_ln73_186_reg_61520  |   26   |
|   mul_ln73_187_reg_43272  |   24   |
|   mul_ln73_188_reg_43276  |   24   |
|   mul_ln73_189_reg_43280  |   21   |
|   mul_ln73_190_reg_61524  |   26   |
|   mul_ln73_191_reg_61528  |   26   |
|   mul_ln73_192_reg_61532  |   26   |
|   mul_ln73_193_reg_43284  |   25   |
|   mul_ln73_194_reg_43288  |   25   |
|   mul_ln73_195_reg_43292  |   25   |
|   mul_ln73_196_reg_43296  |   25   |
|   mul_ln73_197_reg_61536  |   27   |
|   mul_ln73_198_reg_61540  |   26   |
|   mul_ln73_199_reg_43300  |   22   |
|   mul_ln73_200_reg_61544  |   26   |
|   mul_ln73_201_reg_43304  |   24   |
|   mul_ln73_202_reg_61548  |   26   |
|   mul_ln73_203_reg_61552  |   26   |
|   mul_ln73_204_reg_43308  |   22   |
|   mul_ln73_205_reg_61556  |   26   |
|   mul_ln73_206_reg_61560  |   26   |
|   mul_ln73_207_reg_61564  |   26   |
|   mul_ln73_208_reg_61568  |   26   |
|   mul_ln73_209_reg_43312  |   24   |
|   mul_ln73_210_reg_43320  |   25   |
|   mul_ln73_211_reg_61572  |   26   |
|   mul_ln73_212_reg_43324  |   25   |
|   mul_ln73_213_reg_43328  |   22   |
|   mul_ln73_214_reg_43332  |   25   |
|   mul_ln73_215_reg_61576  |   26   |
|   mul_ln73_216_reg_43336  |   24   |
|   mul_ln73_217_reg_61580  |   26   |
|   mul_ln73_218_reg_61584  |   26   |
|   mul_ln73_219_reg_61588  |   26   |
|   mul_ln73_220_reg_43340  |   25   |
|   mul_ln73_221_reg_43344  |   24   |
|   mul_ln73_222_reg_43348  |   23   |
|   mul_ln73_223_reg_2376   |   23   |
|   mul_ln73_224_reg_43352  |   25   |
|   mul_ln73_225_reg_43356  |   25   |
|   mul_ln73_226_reg_43360  |   25   |
|   mul_ln73_227_reg_43364  |   24   |
|   mul_ln73_228_reg_61592  |   26   |
|   mul_ln73_229_reg_43368  |   25   |
|   mul_ln73_230_reg_43372  |   25   |
|   mul_ln73_231_reg_61596  |   26   |
|   mul_ln73_232_reg_43376  |   26   |
|   mul_ln73_233_reg_43380  |   24   |
|   mul_ln73_234_reg_43384  |   25   |
|   mul_ln73_235_reg_43388  |   24   |
|   mul_ln73_236_reg_43392  |   25   |
|   mul_ln73_237_reg_61600  |   26   |
|   mul_ln73_238_reg_43396  |   25   |
|   mul_ln73_239_reg_43400  |   24   |
|   mul_ln73_240_reg_61604  |   26   |
|   mul_ln73_241_reg_43404  |   25   |
|   mul_ln73_242_reg_61608  |   26   |
|   mul_ln73_243_reg_43408  |   26   |
|   mul_ln73_244_reg_61612  |   25   |
|   mul_ln73_245_reg_43412  |   26   |
|   mul_ln73_246_reg_61616  |   26   |
|   mul_ln73_247_reg_43416  |   24   |
|   mul_ln73_248_reg_43420  |   24   |
|   mul_ln73_249_reg_61620  |   25   |
|   mul_ln73_250_reg_43424  |   25   |
|   mul_ln73_251_reg_43428  |   24   |
|   mul_ln73_252_reg_61624  |   26   |
|   mul_ln73_253_reg_61628  |   26   |
|   mul_ln73_254_reg_61632  |   26   |
|   mul_ln73_255_reg_43432  |   25   |
|   mul_ln73_256_reg_61636  |   23   |
|   mul_ln73_257_reg_43436  |   26   |
|   mul_ln73_258_reg_43440  |   25   |
|   mul_ln73_259_reg_61640  |   26   |
|   mul_ln73_260_reg_43444  |   25   |
|   mul_ln73_261_reg_43448  |   23   |
|   mul_ln73_262_reg_43452  |   22   |
|   mul_ln73_263_reg_61644  |   26   |
|   mul_ln73_264_reg_43456  |   26   |
|   mul_ln73_265_reg_43460  |   25   |
|   mul_ln73_266_reg_61648  |   26   |
|   mul_ln73_267_reg_61652  |   26   |
|   mul_ln73_268_reg_43464  |   25   |
|   mul_ln73_269_reg_61656  |   25   |
|   mul_ln73_270_reg_61660  |   26   |
|   mul_ln73_271_reg_61664  |   27   |
|   mul_ln73_272_reg_43468  |   24   |
|   mul_ln73_273_reg_61668  |   25   |
|   mul_ln73_274_reg_61672  |   26   |
|   mul_ln73_275_reg_61676  |   26   |
|   mul_ln73_276_reg_43472  |   23   |
|   mul_ln73_277_reg_43476  |   23   |
|   mul_ln73_278_reg_61680  |   26   |
|   mul_ln73_279_reg_61684  |   25   |
|   mul_ln73_280_reg_43480  |   25   |
|   mul_ln73_281_reg_61688  |   26   |
|   mul_ln73_282_reg_43484  |   26   |
|   mul_ln73_283_reg_61692  |   26   |
|   mul_ln73_284_reg_61696  |   25   |
|   mul_ln73_285_reg_61700  |   27   |
|   mul_ln73_286_reg_43488  |   24   |
|   mul_ln73_287_reg_61704  |   26   |
|   mul_ln73_288_reg_43492  |   23   |
|   mul_ln73_289_reg_61708  |   26   |
|   mul_ln73_290_reg_61712  |   27   |
|   mul_ln73_291_reg_43496  |   24   |
|   mul_ln73_292_reg_61716  |   26   |
|   mul_ln73_293_reg_61720  |   26   |
|   mul_ln73_294_reg_61724  |   26   |
|   mul_ln73_295_reg_61728  |   26   |
|   mul_ln73_296_reg_43500  |   26   |
|   mul_ln73_297_reg_61732  |   25   |
|   mul_ln73_298_reg_61736  |   25   |
|   mul_ln73_299_reg_61740  |   25   |
|     mul_ln73_reg_43228    |   25   |
|  sext_ln70_100_reg_64193  |   25   |
|  sext_ln70_102_reg_64198  |   26   |
|  sext_ln70_103_reg_64207  |   25   |
|  sext_ln70_105_reg_64214  |   26   |
|  sext_ln70_111_reg_64223  |   26   |
|   sext_ln70_89_reg_64140  |   23   |
|   sext_ln70_90_reg_64161  |   24   |
|   sext_ln70_93_reg_64171  |   26   |
|   sext_ln70_97_reg_64179  |   26   |
|   sext_ln70_98_reg_64187  |   25   |
|    sext_ln73_reg_64146    |   26   |
|   sub_ln73_26_reg_64156   |   19   |
|   sub_ln73_33_reg_64253   |   23   |
|     sub_ln73_reg_64151    |   23   |
+---------------------------+--------+
|           Total           |  4654  |
+---------------------------+--------+

* Multiplexer (MUX) list: 
|--------|------|------|------|--------|
|  Comp  |  Pin | Size |  BW  | S x BW |
|--------|------|------|------|--------|
|  Total |      |      |      |    0   |
|--------|------|------|------|--------|



* Summary:
+-----------+--------+--------+--------+
|           |   DSP  |   FF   |   LUT  |
+-----------+--------+--------+--------+
|  Function |   129  |    0   |  5353  |
|   Memory  |    -   |    -   |    -   |
|Multiplexer|    -   |    -   |    -   |
|  Register |    -   |  4654  |    -   |
+-----------+--------+--------+--------+
|   Total   |   129  |  4654  |  5353  |
+-----------+--------+--------+--------+
