

================================================================
== Vitis HLS Report for 'dense_latency_wrapper_ap_fixed_ap_fixed_37_17_5_3_0_config17_s'
================================================================
* Date:           Sun Apr  5 17:32:31 2026

* Version:        2023.2 (Build 4023990 on Oct 11 2023)
* Project:        gaussian_prj
* Solution:       solution1 (Vivado IP Flow Target)
* Product family: kintexu
* Target device:  xcku035-fbva676-2-e


================================================================
== Performance Estimates
================================================================
+ Timing: 
    * Summary: 
    +--------+---------+----------+------------+
    |  Clock |  Target | Estimated| Uncertainty|
    +--------+---------+----------+------------+
    |ap_clk  |  5.00 ns|  3.580 ns|     1.35 ns|
    +--------+---------+----------+------------+

+ Latency: 
    * Summary: 
    +---------+---------+-----------+-----------+-----+-----+---------+
    |  Latency (cycles) |   Latency (absolute)  |  Interval | Pipeline|
    |   min   |   max   |    min    |    max    | min | max |   Type  |
    +---------+---------+-----------+-----------+-----+-----+---------+
    |        3|        3|  15.000 ns|  15.000 ns|    1|    1|      yes|
    +---------+---------+-----------+-----------+-----+-----+---------+

    + Detail: 
        * Instance: 
        N/A

        * Loop: 
        N/A



================================================================
== Utilization Estimates
================================================================
* Summary: 
+-----------------+---------+------+--------+--------+-----+
|       Name      | BRAM_18K|  DSP |   FF   |   LUT  | URAM|
+-----------------+---------+------+--------+--------+-----+
|DSP              |        -|     -|       -|       -|    -|
|Expression       |        -|     -|       0|    4742|    -|
|FIFO             |        -|     -|       -|       -|    -|
|Instance         |        -|   134|       0|     536|    -|
|Memory           |        -|     -|       -|       -|    -|
|Multiplexer      |        -|     -|       -|       -|    -|
|Register         |        -|     -|    5344|       -|    -|
+-----------------+---------+------+--------+--------+-----+
|Total            |        0|   134|    5344|    5278|    0|
+-----------------+---------+------+--------+--------+-----+
|Available        |     1080|  1700|  406256|  203128|    0|
+-----------------+---------+------+--------+--------+-----+
|Utilization (%)  |        0|     7|       1|       2|    0|
+-----------------+---------+------+--------+--------+-----+

+ Detail: 
    * Instance: 
    +---------------------------+---------------------+---------+----+---+----+-----+
    |          Instance         |        Module       | BRAM_18K| DSP| FF| LUT| URAM|
    +---------------------------+---------------------+---------+----+---+----+-----+
    |mul_16s_10ns_25_1_0_U1611  |mul_16s_10ns_25_1_0  |        0|   1|  0|   4|    0|
    |mul_16s_10ns_25_1_0_U1689  |mul_16s_10ns_25_1_0  |        0|   1|  0|   4|    0|
    |mul_16s_10ns_25_1_0_U1732  |mul_16s_10ns_25_1_0  |        0|   1|  0|   4|    0|
    |mul_16s_10ns_26_1_0_U1613  |mul_16s_10ns_26_1_0  |        0|   1|  0|   4|    0|
    |mul_16s_10ns_26_1_0_U1614  |mul_16s_10ns_26_1_0  |        0|   1|  0|   4|    0|
    |mul_16s_10ns_26_1_0_U1619  |mul_16s_10ns_26_1_0  |        0|   1|  0|   4|    0|
    |mul_16s_10ns_26_1_0_U1624  |mul_16s_10ns_26_1_0  |        0|   1|  0|   4|    0|
    |mul_16s_10ns_26_1_0_U1626  |mul_16s_10ns_26_1_0  |        0|   1|  0|   4|    0|
    |mul_16s_10ns_26_1_0_U1630  |mul_16s_10ns_26_1_0  |        0|   1|  0|   4|    0|
    |mul_16s_10ns_26_1_0_U1633  |mul_16s_10ns_26_1_0  |        0|   1|  0|   4|    0|
    |mul_16s_10ns_26_1_0_U1634  |mul_16s_10ns_26_1_0  |        0|   1|  0|   4|    0|
    |mul_16s_10ns_26_1_0_U1639  |mul_16s_10ns_26_1_0  |        0|   1|  0|   4|    0|
    |mul_16s_10ns_26_1_0_U1649  |mul_16s_10ns_26_1_0  |        0|   1|  0|   4|    0|
    |mul_16s_10ns_26_1_0_U1656  |mul_16s_10ns_26_1_0  |        0|   1|  0|   4|    0|
    |mul_16s_10ns_26_1_0_U1657  |mul_16s_10ns_26_1_0  |        0|   1|  0|   4|    0|
    |mul_16s_10ns_26_1_0_U1662  |mul_16s_10ns_26_1_0  |        0|   1|  0|   4|    0|
    |mul_16s_10ns_26_1_0_U1670  |mul_16s_10ns_26_1_0  |        0|   1|  0|   4|    0|
    |mul_16s_10ns_26_1_0_U1675  |mul_16s_10ns_26_1_0  |        0|   1|  0|   4|    0|
    |mul_16s_10ns_26_1_0_U1680  |mul_16s_10ns_26_1_0  |        0|   1|  0|   4|    0|
    |mul_16s_10ns_26_1_0_U1682  |mul_16s_10ns_26_1_0  |        0|   1|  0|   4|    0|
    |mul_16s_10ns_26_1_0_U1684  |mul_16s_10ns_26_1_0  |        0|   1|  0|   4|    0|
    |mul_16s_10ns_26_1_0_U1685  |mul_16s_10ns_26_1_0  |        0|   1|  0|   4|    0|
    |mul_16s_10ns_26_1_0_U1691  |mul_16s_10ns_26_1_0  |        0|   1|  0|   4|    0|
    |mul_16s_10ns_26_1_0_U1694  |mul_16s_10ns_26_1_0  |        0|   1|  0|   4|    0|
    |mul_16s_10ns_26_1_0_U1695  |mul_16s_10ns_26_1_0  |        0|   1|  0|   4|    0|
    |mul_16s_10ns_26_1_0_U1703  |mul_16s_10ns_26_1_0  |        0|   1|  0|   4|    0|
    |mul_16s_10ns_26_1_0_U1710  |mul_16s_10ns_26_1_0  |        0|   1|  0|   4|    0|
    |mul_16s_10ns_26_1_0_U1725  |mul_16s_10ns_26_1_0  |        0|   1|  0|   4|    0|
    |mul_16s_10ns_26_1_0_U1734  |mul_16s_10ns_26_1_0  |        0|   1|  0|   4|    0|
    |mul_16s_10s_25_1_0_U1658   |mul_16s_10s_25_1_0   |        0|   1|  0|   4|    0|
    |mul_16s_10s_25_1_0_U1719   |mul_16s_10s_25_1_0   |        0|   1|  0|   4|    0|
    |mul_16s_10s_26_1_0_U1606   |mul_16s_10s_26_1_0   |        0|   1|  0|   4|    0|
    |mul_16s_10s_26_1_0_U1609   |mul_16s_10s_26_1_0   |        0|   1|  0|   4|    0|
    |mul_16s_10s_26_1_0_U1622   |mul_16s_10s_26_1_0   |        0|   1|  0|   4|    0|
    |mul_16s_10s_26_1_0_U1631   |mul_16s_10s_26_1_0   |        0|   1|  0|   4|    0|
    |mul_16s_10s_26_1_0_U1638   |mul_16s_10s_26_1_0   |        0|   1|  0|   4|    0|
    |mul_16s_10s_26_1_0_U1641   |mul_16s_10s_26_1_0   |        0|   1|  0|   4|    0|
    |mul_16s_10s_26_1_0_U1644   |mul_16s_10s_26_1_0   |        0|   1|  0|   4|    0|
    |mul_16s_10s_26_1_0_U1654   |mul_16s_10s_26_1_0   |        0|   1|  0|   4|    0|
    |mul_16s_10s_26_1_0_U1659   |mul_16s_10s_26_1_0   |        0|   1|  0|   4|    0|
    |mul_16s_10s_26_1_0_U1660   |mul_16s_10s_26_1_0   |        0|   1|  0|   4|    0|
    |mul_16s_10s_26_1_0_U1661   |mul_16s_10s_26_1_0   |        0|   1|  0|   4|    0|
    |mul_16s_10s_26_1_0_U1667   |mul_16s_10s_26_1_0   |        0|   1|  0|   4|    0|
    |mul_16s_10s_26_1_0_U1673   |mul_16s_10s_26_1_0   |        0|   1|  0|   4|    0|
    |mul_16s_10s_26_1_0_U1679   |mul_16s_10s_26_1_0   |        0|   1|  0|   4|    0|
    |mul_16s_10s_26_1_0_U1690   |mul_16s_10s_26_1_0   |        0|   1|  0|   4|    0|
    |mul_16s_10s_26_1_0_U1693   |mul_16s_10s_26_1_0   |        0|   1|  0|   4|    0|
    |mul_16s_10s_26_1_0_U1697   |mul_16s_10s_26_1_0   |        0|   1|  0|   4|    0|
    |mul_16s_10s_26_1_0_U1698   |mul_16s_10s_26_1_0   |        0|   1|  0|   4|    0|
    |mul_16s_10s_26_1_0_U1699   |mul_16s_10s_26_1_0   |        0|   1|  0|   4|    0|
    |mul_16s_10s_26_1_0_U1704   |mul_16s_10s_26_1_0   |        0|   1|  0|   4|    0|
    |mul_16s_10s_26_1_0_U1708   |mul_16s_10s_26_1_0   |        0|   1|  0|   4|    0|
    |mul_16s_10s_26_1_0_U1709   |mul_16s_10s_26_1_0   |        0|   1|  0|   4|    0|
    |mul_16s_10s_26_1_0_U1711   |mul_16s_10s_26_1_0   |        0|   1|  0|   4|    0|
    |mul_16s_10s_26_1_0_U1717   |mul_16s_10s_26_1_0   |        0|   1|  0|   4|    0|
    |mul_16s_10s_26_1_0_U1720   |mul_16s_10s_26_1_0   |        0|   1|  0|   4|    0|
    |mul_16s_10s_26_1_0_U1727   |mul_16s_10s_26_1_0   |        0|   1|  0|   4|    0|
    |mul_16s_10s_26_1_0_U1733   |mul_16s_10s_26_1_0   |        0|   1|  0|   4|    0|
    |mul_16s_10s_26_1_0_U1738   |mul_16s_10s_26_1_0   |        0|   1|  0|   4|    0|
    |mul_16s_11ns_27_1_0_U1610  |mul_16s_11ns_27_1_0  |        0|   1|  0|   4|    0|
    |mul_16s_11s_26_1_0_U1608   |mul_16s_11s_26_1_0   |        0|   1|  0|   4|    0|
    |mul_16s_11s_26_1_0_U1686   |mul_16s_11s_26_1_0   |        0|   1|  0|   4|    0|
    |mul_16s_11s_27_1_0_U1629   |mul_16s_11s_27_1_0   |        0|   1|  0|   4|    0|
    |mul_16s_11s_27_1_0_U1715   |mul_16s_11s_27_1_0   |        0|   1|  0|   4|    0|
    |mul_16s_6ns_22_1_0_U1683   |mul_16s_6ns_22_1_0   |        0|   1|  0|   4|    0|
    |mul_16s_6s_21_1_1_U1623    |mul_16s_6s_21_1_1    |        0|   1|  0|   4|    0|
    |mul_16s_6s_22_1_0_U1671    |mul_16s_6s_22_1_0    |        0|   1|  0|   4|    0|
    |mul_16s_6s_22_1_0_U1726    |mul_16s_6s_22_1_0    |        0|   1|  0|   4|    0|
    |mul_16s_7ns_23_1_0_U1617   |mul_16s_7ns_23_1_0   |        0|   1|  0|   4|    0|
    |mul_16s_7ns_23_1_0_U1651   |mul_16s_7ns_23_1_0   |        0|   1|  0|   4|    0|
    |mul_16s_7ns_23_1_0_U1663   |mul_16s_7ns_23_1_0   |        0|   1|  0|   4|    0|
    |mul_16s_7ns_23_1_0_U1668   |mul_16s_7ns_23_1_0   |        0|   1|  0|   4|    0|
    |mul_16s_7ns_23_1_0_U1728   |mul_16s_7ns_23_1_0   |        0|   1|  0|   4|    0|
    |mul_16s_7s_23_1_0_U1632    |mul_16s_7s_23_1_0    |        0|   1|  0|   4|    0|
    |mul_16s_7s_23_1_0_U1642    |mul_16s_7s_23_1_0    |        0|   1|  0|   4|    0|
    |mul_16s_8ns_23_1_0_U1700   |mul_16s_8ns_23_1_0   |        0|   1|  0|   4|    0|
    |mul_16s_8ns_23_1_0_U1729   |mul_16s_8ns_23_1_0   |        0|   1|  0|   4|    0|
    |mul_16s_8ns_24_1_0_U1607   |mul_16s_8ns_24_1_0   |        0|   1|  0|   4|    0|
    |mul_16s_8ns_24_1_0_U1618   |mul_16s_8ns_24_1_0   |        0|   1|  0|   4|    0|
    |mul_16s_8ns_24_1_0_U1625   |mul_16s_8ns_24_1_0   |        0|   1|  0|   4|    0|
    |mul_16s_8ns_24_1_0_U1636   |mul_16s_8ns_24_1_0   |        0|   1|  0|   4|    0|
    |mul_16s_8ns_24_1_0_U1655   |mul_16s_8ns_24_1_0   |        0|   1|  0|   4|    0|
    |mul_16s_8ns_24_1_0_U1678   |mul_16s_8ns_24_1_0   |        0|   1|  0|   4|    0|
    |mul_16s_8ns_24_1_0_U1721   |mul_16s_8ns_24_1_0   |        0|   1|  0|   4|    0|
    |mul_16s_8ns_24_1_0_U1724   |mul_16s_8ns_24_1_0   |        0|   1|  0|   4|    0|
    |mul_16s_8ns_24_1_0_U1737   |mul_16s_8ns_24_1_0   |        0|   1|  0|   4|    0|
    |mul_16s_8s_23_1_0_U1605    |mul_16s_8s_23_1_0    |        0|   1|  0|   4|    0|
    |mul_16s_8s_23_1_0_U1731    |mul_16s_8s_23_1_0    |        0|   1|  0|   4|    0|
    |mul_16s_8s_24_1_0_U1616    |mul_16s_8s_24_1_0    |        0|   1|  0|   4|    0|
    |mul_16s_8s_24_1_0_U1645    |mul_16s_8s_24_1_0    |        0|   1|  0|   4|    0|
    |mul_16s_8s_24_1_0_U1647    |mul_16s_8s_24_1_0    |        0|   1|  0|   4|    0|
    |mul_16s_8s_24_1_0_U1650    |mul_16s_8s_24_1_0    |        0|   1|  0|   4|    0|
    |mul_16s_8s_24_1_0_U1666    |mul_16s_8s_24_1_0    |        0|   1|  0|   4|    0|
    |mul_16s_8s_24_1_0_U1716    |mul_16s_8s_24_1_0    |        0|   1|  0|   4|    0|
    |mul_16s_8s_24_1_0_U1735    |mul_16s_8s_24_1_0    |        0|   1|  0|   4|    0|
    |mul_16s_9ns_24_1_0_U1637   |mul_16s_9ns_24_1_0   |        0|   1|  0|   4|    0|
    |mul_16s_9ns_24_1_0_U1701   |mul_16s_9ns_24_1_0   |        0|   1|  0|   4|    0|
    |mul_16s_9ns_25_1_0_U1615   |mul_16s_9ns_25_1_0   |        0|   1|  0|   4|    0|
    |mul_16s_9ns_25_1_0_U1628   |mul_16s_9ns_25_1_0   |        0|   1|  0|   4|    0|
    |mul_16s_9ns_25_1_0_U1635   |mul_16s_9ns_25_1_0   |        0|   1|  0|   4|    0|
    |mul_16s_9ns_25_1_0_U1643   |mul_16s_9ns_25_1_0   |        0|   1|  0|   4|    0|
    |mul_16s_9ns_25_1_0_U1646   |mul_16s_9ns_25_1_0   |        0|   1|  0|   4|    0|
    |mul_16s_9ns_25_1_0_U1648   |mul_16s_9ns_25_1_0   |        0|   1|  0|   4|    0|
    |mul_16s_9ns_25_1_0_U1653   |mul_16s_9ns_25_1_0   |        0|   1|  0|   4|    0|
    |mul_16s_9ns_25_1_0_U1669   |mul_16s_9ns_25_1_0   |        0|   1|  0|   4|    0|
    |mul_16s_9ns_25_1_0_U1672   |mul_16s_9ns_25_1_0   |        0|   1|  0|   4|    0|
    |mul_16s_9ns_25_1_0_U1674   |mul_16s_9ns_25_1_0   |        0|   1|  0|   4|    0|
    |mul_16s_9ns_25_1_0_U1687   |mul_16s_9ns_25_1_0   |        0|   1|  0|   4|    0|
    |mul_16s_9ns_25_1_0_U1692   |mul_16s_9ns_25_1_0   |        0|   1|  0|   4|    0|
    |mul_16s_9ns_25_1_0_U1705   |mul_16s_9ns_25_1_0   |        0|   1|  0|   4|    0|
    |mul_16s_9ns_25_1_0_U1712   |mul_16s_9ns_25_1_0   |        0|   1|  0|   4|    0|
    |mul_16s_9ns_25_1_0_U1713   |mul_16s_9ns_25_1_0   |        0|   1|  0|   4|    0|
    |mul_16s_9ns_25_1_0_U1722   |mul_16s_9ns_25_1_0   |        0|   1|  0|   4|    0|
    |mul_16s_9ns_25_1_0_U1723   |mul_16s_9ns_25_1_0   |        0|   1|  0|   4|    0|
    |mul_16s_9ns_25_1_0_U1736   |mul_16s_9ns_25_1_0   |        0|   1|  0|   4|    0|
    |mul_16s_9s_25_1_0_U1612    |mul_16s_9s_25_1_0    |        0|   1|  0|   4|    0|
    |mul_16s_9s_25_1_0_U1620    |mul_16s_9s_25_1_0    |        0|   1|  0|   4|    0|
    |mul_16s_9s_25_1_0_U1621    |mul_16s_9s_25_1_0    |        0|   1|  0|   4|    0|
    |mul_16s_9s_25_1_0_U1627    |mul_16s_9s_25_1_0    |        0|   1|  0|   4|    0|
    |mul_16s_9s_25_1_0_U1640    |mul_16s_9s_25_1_0    |        0|   1|  0|   4|    0|
    |mul_16s_9s_25_1_0_U1652    |mul_16s_9s_25_1_0    |        0|   1|  0|   4|    0|
    |mul_16s_9s_25_1_0_U1664    |mul_16s_9s_25_1_0    |        0|   1|  0|   4|    0|
    |mul_16s_9s_25_1_0_U1665    |mul_16s_9s_25_1_0    |        0|   1|  0|   4|    0|
    |mul_16s_9s_25_1_0_U1676    |mul_16s_9s_25_1_0    |        0|   1|  0|   4|    0|
    |mul_16s_9s_25_1_0_U1677    |mul_16s_9s_25_1_0    |        0|   1|  0|   4|    0|
    |mul_16s_9s_25_1_0_U1681    |mul_16s_9s_25_1_0    |        0|   1|  0|   4|    0|
    |mul_16s_9s_25_1_0_U1688    |mul_16s_9s_25_1_0    |        0|   1|  0|   4|    0|
    |mul_16s_9s_25_1_0_U1696    |mul_16s_9s_25_1_0    |        0|   1|  0|   4|    0|
    |mul_16s_9s_25_1_0_U1702    |mul_16s_9s_25_1_0    |        0|   1|  0|   4|    0|
    |mul_16s_9s_25_1_0_U1706    |mul_16s_9s_25_1_0    |        0|   1|  0|   4|    0|
    |mul_16s_9s_25_1_0_U1707    |mul_16s_9s_25_1_0    |        0|   1|  0|   4|    0|
    |mul_16s_9s_25_1_0_U1714    |mul_16s_9s_25_1_0    |        0|   1|  0|   4|    0|
    |mul_16s_9s_25_1_0_U1718    |mul_16s_9s_25_1_0    |        0|   1|  0|   4|    0|
    |mul_16s_9s_25_1_0_U1730    |mul_16s_9s_25_1_0    |        0|   1|  0|   4|    0|
    +---------------------------+---------------------+---------+----+---+----+-----+
    |Total                      |                     |        0| 134|  0| 536|    0|
    +---------------------------+---------------------+---------+----+---+----+-----+

    * DSP: 
    N/A

    * Memory: 
    N/A

    * FIFO: 
    N/A

    * Expression: 
    +--------------------------+----------+----+---+----+------------+------------+
    |       Variable Name      | Operation| DSP| FF| LUT| Bitwidth P0| Bitwidth P1|
    +--------------------------+----------+----+---+----+------------+------------+
    |add_ln58_100_fu_62451_p2  |         +|   0|  0|  33|          26|          26|
    |add_ln58_101_fu_63051_p2  |         +|   0|  0|  27|          27|          27|
    |add_ln58_102_fu_62457_p2  |         +|   0|  0|  27|          27|          27|
    |add_ln58_103_fu_62463_p2  |         +|   0|  0|  33|          26|          26|
    |add_ln58_104_fu_62473_p2  |         +|   0|  0|  27|          27|          27|
    |add_ln58_105_fu_62479_p2  |         +|   0|  0|  33|          26|          26|
    |add_ln58_106_fu_63063_p2  |         +|   0|  0|  27|          27|          27|
    |add_ln58_107_fu_62485_p2  |         +|   0|  0|  30|          23|          23|
    |add_ln58_108_fu_62495_p2  |         +|   0|  0|  31|          24|          24|
    |add_ln58_109_fu_63072_p2  |         +|   0|  0|  27|          27|          27|
    |add_ln58_110_fu_62501_p2  |         +|   0|  0|  25|          25|          25|
    |add_ln58_111_fu_63085_p2  |         +|   0|  0|  27|          27|          27|
    |add_ln58_112_fu_62507_p2  |         +|   0|  0|  31|          24|          24|
    |add_ln58_113_fu_62517_p2  |         +|   0|  0|  30|          23|          23|
    |add_ln58_114_fu_62527_p2  |         +|   0|  0|  32|          25|          25|
    |add_ln58_115_fu_63094_p2  |         +|   0|  0|  27|          27|          27|
    |add_ln58_116_fu_63100_p2  |         +|   0|  0|  34|          27|          27|
    |add_ln58_117_fu_63106_p2  |         +|   0|  0|  32|          25|          25|
    |add_ln58_118_fu_63116_p2  |         +|   0|  0|  27|          27|          27|
    |add_ln58_119_fu_62533_p2  |         +|   0|  0|  31|          24|          24|
    |add_ln58_120_fu_62543_p2  |         +|   0|  0|  31|          24|          24|
    |add_ln58_121_fu_62553_p2  |         +|   0|  0|  32|          25|          25|
    |add_ln58_122_fu_63125_p2  |         +|   0|  0|  27|          27|          27|
    |add_ln58_123_fu_63131_p2  |         +|   0|  0|  26|          26|          26|
    |add_ln58_124_fu_63555_p2  |         +|   0|  0|  28|          28|          28|
    |add_ln58_125_fu_63137_p2  |         +|   0|  0|  33|          26|          26|
    |add_ln58_126_fu_63147_p2  |         +|   0|  0|  32|          25|          25|
    |add_ln58_127_fu_63157_p2  |         +|   0|  0|  34|          27|          27|
    |add_ln58_128_fu_63564_p2  |         +|   0|  0|  28|          28|          28|
    |add_ln58_129_fu_63163_p2  |         +|   0|  0|  35|          28|          28|
    |add_ln58_130_fu_63169_p2  |         +|   0|  0|  33|          26|          26|
    |add_ln58_131_fu_63179_p2  |         +|   0|  0|  28|          28|          28|
    |add_ln58_132_fu_62559_p2  |         +|   0|  0|  32|          25|          25|
    |add_ln58_133_fu_62569_p2  |         +|   0|  0|  31|          24|          24|
    |add_ln58_134_fu_62579_p2  |         +|   0|  0|  33|          26|          26|
    |add_ln58_135_fu_63188_p2  |         +|   0|  0|  28|          28|          28|
    |add_ln58_136_fu_63194_p2  |         +|   0|  0|  35|          28|          28|
    |add_ln58_137_fu_63200_p2  |         +|   0|  0|  33|          26|          26|
    |add_ln58_138_fu_63210_p2  |         +|   0|  0|  28|          28|          28|
    |add_ln58_139_fu_63216_p2  |         +|   0|  0|  26|          26|          26|
    |add_ln58_140_fu_62585_p2  |         +|   0|  0|  30|          23|          23|
    |add_ln58_141_fu_63225_p2  |         +|   0|  0|  32|          25|          25|
    |add_ln58_142_fu_63235_p2  |         +|   0|  0|  26|          26|          26|
    |add_ln58_143_fu_63245_p2  |         +|   0|  0|  28|          28|          28|
    |add_ln58_144_fu_63251_p2  |         +|   0|  0|  35|          28|          28|
    |add_ln58_145_fu_63257_p2  |         +|   0|  0|  26|          26|          26|
    |add_ln58_146_fu_63583_p2  |         +|   0|  0|  28|          28|          28|
    |add_ln58_147_fu_63263_p2  |         +|   0|  0|  32|          25|          25|
    |add_ln58_148_fu_62591_p2  |         +|   0|  0|  31|          24|          24|
    |add_ln58_149_fu_63276_p2  |         +|   0|  0|  32|          25|          25|
    |add_ln58_150_fu_63286_p2  |         +|   0|  0|  33|          26|          26|
    |add_ln58_151_fu_63591_p2  |         +|   0|  0|  28|          28|          28|
    |add_ln58_152_fu_63601_p2  |         +|   0|  0|  35|          28|          28|
    |add_ln58_153_fu_63607_p2  |         +|   0|  0|  33|          26|          26|
    |add_ln58_154_fu_63617_p2  |         +|   0|  0|  28|          28|          28|
    |add_ln58_155_fu_63292_p2  |         +|   0|  0|  32|          25|          25|
    |add_ln58_156_fu_63302_p2  |         +|   0|  0|  32|          25|          25|
    |add_ln58_157_fu_63312_p2  |         +|   0|  0|  33|          26|          26|
    |add_ln58_158_fu_63626_p2  |         +|   0|  0|  28|          28|          28|
    |add_ln58_159_fu_63636_p2  |         +|   0|  0|  28|          28|          28|
    |add_ln58_160_fu_63318_p2  |         +|   0|  0|  33|          26|          26|
    |add_ln58_161_fu_63328_p2  |         +|   0|  0|  34|          27|          27|
    |add_ln58_162_fu_63645_p2  |         +|   0|  0|  28|          28|          28|
    |add_ln58_163_fu_63655_p2  |         +|   0|  0|  36|          29|          29|
    |add_ln58_164_fu_63665_p2  |         +|   0|  0|  35|          28|          28|
    |add_ln58_165_fu_63334_p2  |         +|   0|  0|  33|          26|          26|
    |add_ln58_166_fu_63344_p2  |         +|   0|  0|  34|          27|          27|
    |add_ln58_167_fu_63674_p2  |         +|   0|  0|  28|          28|          28|
    |add_ln58_168_fu_63350_p2  |         +|   0|  0|  25|          25|          25|
    |add_ln58_169_fu_62597_p2  |         +|   0|  0|  29|          22|          22|
    |add_ln58_170_fu_63359_p2  |         +|   0|  0|  31|          24|          24|
    |add_ln58_171_fu_63369_p2  |         +|   0|  0|  25|          25|          25|
    |add_ln58_172_fu_63683_p2  |         +|   0|  0|  28|          28|          28|
    |add_ln58_173_fu_63375_p2  |         +|   0|  0|  33|          26|          26|
    |add_ln58_174_fu_63696_p2  |         +|   0|  0|  36|          29|          29|
    |add_ln58_175_fu_63706_p2  |         +|   0|  0|  28|          28|          28|
    |add_ln58_176_fu_63381_p2  |         +|   0|  0|  24|          24|          24|
    |add_ln58_177_fu_63391_p2  |         +|   0|  0|  32|          25|          25|
    |add_ln58_178_fu_63715_p2  |         +|   0|  0|  28|          28|          28|
    |add_ln58_179_fu_63725_p2  |         +|   0|  0|  36|          29|          29|
    |add_ln58_180_fu_63397_p2  |         +|   0|  0|  35|          28|          28|
    |add_ln58_181_fu_63403_p2  |         +|   0|  0|  32|          25|          25|
    |add_ln58_182_fu_63413_p2  |         +|   0|  0|  28|          28|          28|
    |add_ln58_183_fu_63419_p2  |         +|   0|  0|  25|          25|          25|
    |add_ln58_184_fu_63425_p2  |         +|   0|  0|  30|          23|          23|
    |add_ln58_185_fu_63435_p2  |         +|   0|  0|  25|          25|          25|
    |add_ln58_186_fu_63445_p2  |         +|   0|  0|  28|          28|          28|
    |add_ln58_187_fu_63451_p2  |         +|   0|  0|  35|          28|          28|
    |add_ln58_188_fu_63457_p2  |         +|   0|  0|  33|          26|          26|
    |add_ln58_189_fu_63467_p2  |         +|   0|  0|  28|          28|          28|
    |add_ln58_190_fu_63473_p2  |         +|   0|  0|  25|          25|          25|
    |add_ln58_191_fu_63479_p2  |         +|   0|  0|  31|          24|          24|
    |add_ln58_192_fu_63489_p2  |         +|   0|  0|  25|          25|          25|
    |add_ln58_193_fu_63499_p2  |         +|   0|  0|  28|          28|          28|
    |add_ln58_194_fu_63741_p2  |         +|   0|  0|  29|          29|          29|
    |add_ln58_195_fu_63757_p2  |         +|   0|  0|  29|          29|          29|
    |add_ln58_196_fu_63747_p2  |         +|   0|  0|  33|          26|          26|
    |add_ln58_50_fu_62258_p2   |         +|   0|  0|  25|          25|          18|
    |add_ln58_51_fu_62264_p2   |         +|   0|  0|  30|          23|          17|
    |add_ln58_52_fu_62842_p2   |         +|   0|  0|  32|          25|          17|
    |add_ln58_53_fu_62274_p2   |         +|   0|  0|  23|          23|          17|
    |add_ln58_54_fu_62855_p2   |         +|   0|  0|  32|          25|          25|
    |add_ln58_55_fu_62280_p2   |         +|   0|  0|  28|          21|          17|
    |add_ln58_56_fu_62290_p2   |         +|   0|  0|  30|          23|          23|
    |add_ln58_57_fu_62296_p2   |         +|   0|  0|  33|          26|          26|
    |add_ln58_58_fu_62302_p2   |         +|   0|  0|  32|          25|          25|
    |add_ln58_59_fu_62308_p2   |         +|   0|  0|  33|          26|          26|
    |add_ln58_60_fu_61903_p2   |         +|   0|  0|  23|          23|          23|
    |add_ln58_61_fu_61909_p2   |         +|   0|  0|  25|          18|          17|
    |add_ln58_62_fu_61919_p2   |         +|   0|  0|  23|          23|          23|
    |add_ln58_63_fu_62877_p2   |         +|   0|  0|  32|          25|          25|
    |add_ln58_64_fu_62317_p2   |         +|   0|  0|  26|          26|          26|
    |add_ln58_65_fu_62323_p2   |         +|   0|  0|  26|          26|          26|
    |add_ln58_66_fu_62329_p2   |         +|   0|  0|  25|          25|          25|
    |add_ln58_67_fu_62339_p2   |         +|   0|  0|  33|          26|          26|
    |add_ln58_68_fu_62349_p2   |         +|   0|  0|  26|          26|          26|
    |add_ln58_69_fu_62355_p2   |         +|   0|  0|  26|          26|          26|
    |add_ln58_70_fu_62893_p2   |         +|   0|  0|  26|          26|          26|
    |add_ln58_71_fu_62899_p2   |         +|   0|  0|  26|          26|          26|
    |add_ln58_72_fu_62909_p2   |         +|   0|  0|  26|          26|          26|
    |add_ln58_73_fu_62915_p2   |         +|   0|  0|  26|          26|          26|
    |add_ln58_74_fu_62925_p2   |         +|   0|  0|  26|          26|          26|
    |add_ln58_75_fu_62931_p2   |         +|   0|  0|  26|          26|          26|
    |add_ln58_76_fu_62361_p2   |         +|   0|  0|  25|          25|          25|
    |add_ln58_77_fu_62367_p2   |         +|   0|  0|  25|          25|          25|
    |add_ln58_78_fu_62941_p2   |         +|   0|  0|  26|          26|          26|
    |add_ln58_79_fu_62947_p2   |         +|   0|  0|  26|          26|          26|
    |add_ln58_80_fu_62377_p2   |         +|   0|  0|  33|          26|          26|
    |add_ln58_81_fu_62957_p2   |         +|   0|  0|  27|          27|          27|
    |add_ln58_82_fu_62387_p2   |         +|   0|  0|  32|          25|          25|
    |add_ln58_83_fu_62397_p2   |         +|   0|  0|  33|          26|          26|
    |add_ln58_84_fu_62966_p2   |         +|   0|  0|  27|          27|          27|
    |add_ln58_85_fu_62976_p2   |         +|   0|  0|  27|          27|          27|
    |add_ln58_86_fu_62982_p2   |         +|   0|  0|  32|          25|          25|
    |add_ln58_87_fu_62992_p2   |         +|   0|  0|  27|          27|          27|
    |add_ln58_88_fu_62403_p2   |         +|   0|  0|  27|          27|          27|
    |add_ln58_89_fu_62409_p2   |         +|   0|  0|  33|          26|          26|
    |add_ln58_90_fu_62419_p2   |         +|   0|  0|  27|          27|          27|
    |add_ln58_91_fu_63001_p2   |         +|   0|  0|  27|          27|          27|
    |add_ln58_92_fu_62425_p2   |         +|   0|  0|  31|          24|          24|
    |add_ln58_93_fu_62435_p2   |         +|   0|  0|  33|          26|          26|
    |add_ln58_94_fu_63010_p2   |         +|   0|  0|  27|          27|          27|
    |add_ln58_95_fu_63020_p2   |         +|   0|  0|  27|          27|          27|
    |add_ln58_96_fu_63026_p2   |         +|   0|  0|  33|          26|          26|
    |add_ln58_97_fu_63036_p2   |         +|   0|  0|  27|          27|          27|
    |add_ln58_98_fu_63042_p2   |         +|   0|  0|  27|          27|          27|
    |add_ln58_99_fu_62441_p2   |         +|   0|  0|  32|          25|          25|
    |add_ln58_fu_62248_p2      |         +|   0|  0|  32|          25|          17|
    |add_ln73_1_fu_62023_p2    |         +|   0|  0|  30|          23|          23|
    |add_ln73_2_fu_62058_p2    |         +|   0|  0|  25|          25|          25|
    |add_ln73_3_fu_62832_p2    |         +|   0|  0|  24|          24|          24|
    |add_ln73_fu_61951_p2      |         +|   0|  0|  23|          23|          23|
    |sub_ln73_10_fu_62686_p2   |         -|   0|  0|  33|           1|          26|
    |sub_ln73_11_fu_62703_p2   |         -|   0|  0|  26|          26|          26|
    |sub_ln73_12_fu_62086_p2   |         -|   0|  0|  29|          22|          22|
    |sub_ln73_13_fu_62120_p2   |         -|   0|  0|  20|           1|          20|
    |sub_ln73_14_fu_62137_p2   |         -|   0|  0|  20|          20|          20|
    |sub_ln73_15_fu_62179_p2   |         -|   0|  0|  28|          21|          21|
    |sub_ln73_16_fu_62776_p2   |         -|   0|  0|  26|          26|          26|
    |sub_ln73_8_fu_61763_p2    |         -|   0|  0|  31|          24|          24|
    |sub_ln73_9_fu_62676_p2    |         -|   0|  0|  32|          25|          25|
    |sub_ln73_fu_62224_p2      |         -|   0|  0|  24|           1|          17|
    +--------------------------+----------+----+---+----+------------+------------+
    |Total                     |          |   0|  0|4742|        4108|        4128|
    +--------------------------+----------+----+---+----+------------+------------+

    * Multiplexer: 
    N/A

    * Register: 
    +--------------------------------------------+----+----+-----+-----------+
    |                    Name                    | FF | LUT| Bits| Const Bits|
    +--------------------------------------------+----+----+-----+-----------+
    |add_ln58_100_reg_64060                      |  26|   0|   26|          0|
    |add_ln58_101_reg_64125                      |  27|   0|   27|          0|
    |add_ln58_104_reg_64065                      |  27|   0|   27|          0|
    |add_ln58_105_reg_64070                      |  26|   0|   26|          0|
    |add_ln58_108_reg_64075                      |  24|   0|   24|          0|
    |add_ln58_110_reg_64080                      |  25|   0|   25|          0|
    |add_ln58_114_reg_64085                      |  25|   0|   25|          0|
    |add_ln58_115_reg_64130                      |  27|   0|   27|          0|
    |add_ln58_121_reg_64090                      |  25|   0|   25|          0|
    |add_ln58_122_reg_64135                      |  27|   0|   27|          0|
    |add_ln58_123_reg_64140                      |  26|   0|   26|          0|
    |add_ln58_127_reg_64145                      |  27|   0|   27|          0|
    |add_ln58_134_reg_64095                      |  26|   0|   26|          0|
    |add_ln58_135_reg_64150                      |  28|   0|   28|          0|
    |add_ln58_140_reg_64100                      |  23|   0|   23|          0|
    |add_ln58_143_reg_64155                      |  28|   0|   28|          0|
    |add_ln58_144_reg_64160                      |  28|   0|   28|          0|
    |add_ln58_145_reg_64165                      |  22|   0|   26|          4|
    |add_ln58_148_reg_64105                      |  24|   0|   24|          0|
    |add_ln58_150_reg_64170                      |  26|   0|   26|          0|
    |add_ln58_157_reg_64175                      |  26|   0|   26|          0|
    |add_ln58_161_reg_64180                      |  27|   0|   27|          0|
    |add_ln58_166_reg_64185                      |  27|   0|   27|          0|
    |add_ln58_169_reg_64110                      |  22|   0|   22|          0|
    |add_ln58_171_reg_64190                      |  25|   0|   25|          0|
    |add_ln58_173_reg_64195                      |  26|   0|   26|          0|
    |add_ln58_177_reg_64200                      |  25|   0|   25|          0|
    |add_ln58_186_reg_64205                      |  28|   0|   28|          0|
    |add_ln58_193_reg_64210                      |  28|   0|   28|          0|
    |add_ln58_53_reg_64010                       |  20|   0|   23|          3|
    |add_ln58_56_reg_64015                       |  23|   0|   23|          0|
    |add_ln58_57_reg_64020                       |  26|   0|   26|          0|
    |add_ln58_58_reg_64025                       |  25|   0|   25|          0|
    |add_ln58_59_reg_64030                       |  26|   0|   26|          0|
    |add_ln58_62_reg_63989                       |  22|   0|   23|          1|
    |add_ln58_65_reg_64035                       |  26|   0|   26|          0|
    |add_ln58_69_reg_64040                       |  26|   0|   26|          0|
    |add_ln58_83_reg_64045                       |  26|   0|   26|          0|
    |add_ln58_87_reg_64115                       |  27|   0|   27|          0|
    |add_ln58_90_reg_64050                       |  27|   0|   27|          0|
    |add_ln58_93_reg_64055                       |  26|   0|   26|          0|
    |add_ln58_97_reg_64120                       |  27|   0|   27|          0|
    |data_0_val1_int_reg                         |  16|   0|   16|          0|
    |data_10_val11_int_reg                       |  16|   0|   16|          0|
    |data_10_val11_read_reg_63866                |  16|   0|   16|          0|
    |data_11_val12_int_reg                       |  16|   0|   16|          0|
    |data_11_val12_read_reg_63856                |  16|   0|   16|          0|
    |data_11_val12_read_reg_63856_pp0_iter1_reg  |  16|   0|   16|          0|
    |data_12_val13_int_reg                       |  16|   0|   16|          0|
    |data_12_val13_read_reg_63848                |  16|   0|   16|          0|
    |data_12_val13_read_reg_63848_pp0_iter1_reg  |  16|   0|   16|          0|
    |data_13_val14_int_reg                       |  16|   0|   16|          0|
    |data_13_val14_read_reg_63838                |  16|   0|   16|          0|
    |data_13_val14_read_reg_63838_pp0_iter1_reg  |  16|   0|   16|          0|
    |data_14_val15_int_reg                       |  16|   0|   16|          0|
    |data_14_val15_read_reg_63827                |  16|   0|   16|          0|
    |data_14_val15_read_reg_63827_pp0_iter1_reg  |  16|   0|   16|          0|
    |data_1_val2_int_reg                         |  16|   0|   16|          0|
    |data_1_val2_read_reg_63908                  |  16|   0|   16|          0|
    |data_2_val3_int_reg                         |  16|   0|   16|          0|
    |data_3_val4_int_reg                         |  16|   0|   16|          0|
    |data_4_val5_int_reg                         |  16|   0|   16|          0|
    |data_4_val5_read_reg_63902                  |  16|   0|   16|          0|
    |data_5_val6_int_reg                         |  16|   0|   16|          0|
    |data_6_val7_int_reg                         |  16|   0|   16|          0|
    |data_6_val7_read_reg_63894                  |  16|   0|   16|          0|
    |data_6_val7_read_reg_63894_pp0_iter1_reg    |  16|   0|   16|          0|
    |data_7_val8_int_reg                         |  16|   0|   16|          0|
    |data_7_val8_read_reg_63888                  |  16|   0|   16|          0|
    |data_8_val9_int_reg                         |  16|   0|   16|          0|
    |data_8_val9_read_reg_63879                  |  16|   0|   16|          0|
    |data_9_val10_int_reg                        |  16|   0|   16|          0|
    |data_9_val10_read_reg_63871                 |  16|   0|   16|          0|
    |mul_ln58_reg_61648                          |  26|   0|   26|          0|
    |mul_ln73_100_reg_34572                      |  24|   0|   24|          0|
    |mul_ln73_101_reg_34576                      |  26|   0|   26|          0|
    |mul_ln73_102_reg_34580                      |  26|   0|   26|          0|
    |mul_ln73_103_reg_34584                      |  25|   0|   25|          0|
    |mul_ln73_104_reg_34588                      |  23|   0|   23|          0|
    |mul_ln73_105_reg_60196                      |  26|   0|   26|          0|
    |mul_ln73_106_reg_34592                      |  22|   0|   22|          0|
    |mul_ln73_107_reg_34596                      |  24|   0|   24|          0|
    |mul_ln73_108_reg_34600                      |  24|   0|   24|          0|
    |mul_ln73_109_reg_34604                      |  26|   0|   26|          0|
    |mul_ln73_110_reg_34608                      |  23|   0|   23|          0|
    |mul_ln73_111_reg_60200                      |  26|   0|   26|          0|
    |mul_ln73_112_reg_60204                      |  25|   0|   25|          0|
    |mul_ln73_113_reg_60208                      |  26|   0|   26|          0|
    |mul_ln73_114_reg_60212                      |  26|   0|   26|          0|
    |mul_ln73_115_reg_60216                      |  25|   0|   25|          0|
    |mul_ln73_116_reg_60220                      |  26|   0|   26|          0|
    |mul_ln73_117_reg_60224                      |  25|   0|   25|          0|
    |mul_ln73_118_reg_60228                      |  26|   0|   26|          0|
    |mul_ln73_119_reg_60232                      |  26|   0|   26|          0|
    |mul_ln73_120_reg_60236                      |  25|   0|   25|          0|
    |mul_ln73_121_reg_34612                      |  23|   0|   23|          0|
    |mul_ln73_122_reg_60240                      |  26|   0|   26|          0|
    |mul_ln73_123_reg_60244                      |  26|   0|   26|          0|
    |mul_ln73_124_reg_60248                      |  26|   0|   26|          0|
    |mul_ln73_125_reg_34616                      |  24|   0|   24|          0|
    |mul_ln73_126_reg_60252                      |  25|   0|   25|          0|
    |mul_ln73_127_reg_60256                      |  25|   0|   25|          0|
    |mul_ln73_128_reg_60260                      |  26|   0|   26|          0|
    |mul_ln73_129_reg_60264                      |  24|   0|   24|          0|
    |mul_ln73_130_reg_34620                      |  24|   0|   24|          0|
    |mul_ln73_131_reg_34624                      |  23|   0|   23|          0|
    |mul_ln73_132_reg_60268                      |  25|   0|   25|          0|
    |mul_ln73_133_reg_34628                      |  25|   0|   25|          0|
    |mul_ln73_134_reg_34632                      |  23|   0|   23|          0|
    |mul_ln73_135_reg_34636                      |  24|   0|   24|          0|
    |mul_ln73_136_reg_60272                      |  24|   0|   24|          0|
    |mul_ln73_137_reg_60276                      |  26|   0|   26|          0|
    |mul_ln73_138_reg_60280                      |  25|   0|   25|          0|
    |mul_ln73_139_reg_61612                      |  26|   0|   26|          0|
    |mul_ln73_140_reg_61616                      |  26|   0|   26|          0|
    |mul_ln73_141_reg_60284                      |  25|   0|   25|          0|
    |mul_ln73_142_reg_34640                      |  24|   0|   24|          0|
    |mul_ln73_143_reg_61620                      |  26|   0|   26|          0|
    |mul_ln73_144_reg_60288                      |  25|   0|   25|          0|
    |mul_ln73_145_reg_34644                      |  24|   0|   24|          0|
    |mul_ln73_145_reg_34644_pp0_iter1_reg        |  24|   0|   24|          0|
    |mul_ln73_146_reg_60292                      |  25|   0|   25|          0|
    |mul_ln73_147_reg_61624                      |  27|   0|   27|          0|
    |mul_ln73_148_reg_60296                      |  26|   0|   26|          0|
    |mul_ln73_149_reg_60300                      |  25|   0|   25|          0|
    |mul_ln73_150_reg_60304                      |  24|   0|   24|          0|
    |mul_ln73_151_reg_60308                      |  26|   0|   26|          0|
    |mul_ln73_152_reg_60312                      |  25|   0|   25|          0|
    |mul_ln73_153_reg_60316                      |  26|   0|   26|          0|
    |mul_ln73_154_reg_60320                      |  25|   0|   25|          0|
    |mul_ln73_155_reg_61628                      |  27|   0|   27|          0|
    |mul_ln73_156_reg_60324                      |  25|   0|   25|          0|
    |mul_ln73_157_reg_60328                      |  26|   0|   26|          0|
    |mul_ln73_158_reg_60332                      |  26|   0|   26|          0|
    |mul_ln73_159_reg_60336                      |  24|   0|   24|          0|
    |mul_ln73_160_reg_60340                      |  26|   0|   26|          0|
    |mul_ln73_161_reg_60344                      |  25|   0|   25|          0|
    |mul_ln73_162_reg_60348                      |  23|   0|   23|          0|
    |mul_ln73_163_reg_60352                      |  26|   0|   26|          0|
    |mul_ln73_164_reg_61632                      |  22|   0|   22|          0|
    |mul_ln73_165_reg_61636                      |  26|   0|   26|          0|
    |mul_ln73_166_reg_60356                      |  26|   0|   26|          0|
    |mul_ln73_167_reg_61640                      |  27|   0|   27|          0|
    |mul_ln73_168_reg_60360                      |  25|   0|   25|          0|
    |mul_ln73_169_reg_60364                      |  25|   0|   25|          0|
    |mul_ln73_170_reg_61644                      |  22|   0|   22|          0|
    |mul_ln73_171_reg_60368                      |  25|   0|   25|          0|
    |mul_ln73_172_reg_60372                      |  23|   0|   23|          0|
    |mul_ln73_41_reg_34424                       |  23|   0|   23|          0|
    |mul_ln73_42_reg_34428                       |  25|   0|   25|          0|
    |mul_ln73_43_reg_34432                       |  26|   0|   26|          0|
    |mul_ln73_44_reg_34436                       |  25|   0|   25|          0|
    |mul_ln73_45_reg_34440                       |  23|   0|   23|          0|
    |mul_ln73_46_reg_34444                       |  26|   0|   26|          0|
    |mul_ln73_47_reg_34448                       |  26|   0|   26|          0|
    |mul_ln73_48_reg_60112                       |  25|   0|   25|          0|
    |mul_ln73_49_reg_34452                       |  21|   0|   21|          0|
    |mul_ln73_50_reg_34456                       |  26|   0|   26|          0|
    |mul_ln73_51_reg_34460                       |  25|   0|   25|          0|
    |mul_ln73_52_reg_34464                       |  26|   0|   26|          0|
    |mul_ln73_53_reg_34468                       |  25|   0|   25|          0|
    |mul_ln73_54_reg_34472                       |  26|   0|   26|          0|
    |mul_ln73_55_reg_34476                       |  26|   0|   26|          0|
    |mul_ln73_56_reg_60116                       |  24|   0|   24|          0|
    |mul_ln73_57_reg_60120                       |  25|   0|   25|          0|
    |mul_ln73_58_reg_60124                       |  25|   0|   25|          0|
    |mul_ln73_59_reg_34480                       |  25|   0|   25|          0|
    |mul_ln73_60_reg_34484                       |  26|   0|   26|          0|
    |mul_ln73_61_reg_60128                       |  26|   0|   26|          0|
    |mul_ln73_62_reg_34488                       |  24|   0|   24|          0|
    |mul_ln73_63_reg_34492                       |  25|   0|   25|          0|
    |mul_ln73_64_reg_34496                       |  25|   0|   25|          0|
    |mul_ln73_65_reg_60132                       |  26|   0|   26|          0|
    |mul_ln73_66_reg_60136                       |  26|   0|   26|          0|
    |mul_ln73_67_reg_60140                       |  26|   0|   26|          0|
    |mul_ln73_68_reg_60144                       |  26|   0|   26|          0|
    |mul_ln73_69_reg_60148                       |  25|   0|   25|          0|
    |mul_ln73_70_reg_34500                       |  26|   0|   26|          0|
    |mul_ln73_71_reg_60152                       |  25|   0|   25|          0|
    |mul_ln73_72_reg_34504                       |  23|   0|   23|          0|
    |mul_ln73_73_reg_34508                       |  25|   0|   25|          0|
    |mul_ln73_74_reg_34512                       |  24|   0|   24|          0|
    |mul_ln73_75_reg_60156                       |  26|   0|   26|          0|
    |mul_ln73_76_reg_60160                       |  26|   0|   26|          0|
    |mul_ln73_77_reg_60164                       |  24|   0|   24|          0|
    |mul_ln73_78_reg_34516                       |  26|   0|   26|          0|
    |mul_ln73_79_reg_60168                       |  25|   0|   25|          0|
    |mul_ln73_80_reg_34520                       |  26|   0|   26|          0|
    |mul_ln73_81_reg_60172                       |  25|   0|   25|          0|
    |mul_ln73_82_reg_60176                       |  26|   0|   26|          0|
    |mul_ln73_83_reg_34524                       |  26|   0|   26|          0|
    |mul_ln73_84_reg_34528                       |  26|   0|   26|          0|
    |mul_ln73_85_reg_60180                       |  26|   0|   26|          0|
    |mul_ln73_86_reg_34532                       |  25|   0|   25|          0|
    |mul_ln73_87_reg_34536                       |  25|   0|   25|          0|
    |mul_ln73_88_reg_34540                       |  24|   0|   24|          0|
    |mul_ln73_89_reg_60184                       |  26|   0|   26|          0|
    |mul_ln73_90_reg_34544                       |  26|   0|   26|          0|
    |mul_ln73_91_reg_60188                       |  26|   0|   26|          0|
    |mul_ln73_92_reg_34548                       |  26|   0|   26|          0|
    |mul_ln73_93_reg_34552                       |  25|   0|   25|          0|
    |mul_ln73_94_reg_34556                       |  23|   0|   23|          0|
    |mul_ln73_95_reg_60192                       |  26|   0|   26|          0|
    |mul_ln73_96_reg_34560                       |  25|   0|   25|          0|
    |mul_ln73_97_reg_34564                       |  24|   0|   24|          0|
    |mul_ln73_98_reg_61608                       |  26|   0|   26|          0|
    |mul_ln73_99_reg_34568                       |  25|   0|   25|          0|
    |mul_ln73_reg_60108                          |  25|   0|   25|          0|
    |sext_ln70_29_reg_63921                      |  26|   0|   26|          0|
    |sext_ln70_30_reg_63927                      |  25|   0|   25|          0|
    |sext_ln70_33_reg_63938                      |  25|   0|   25|          0|
    |sext_ln70_34_reg_63944                      |  26|   0|   26|          0|
    |sext_ln70_37_reg_63952                      |  26|   0|   26|          0|
    |sext_ln70_38_reg_63959                      |  26|   0|   26|          0|
    |sext_ln70_41_reg_63966                      |  26|   0|   26|          0|
    |sext_ln70_41_reg_63966_pp0_iter1_reg        |  26|   0|   26|          0|
    |sext_ln70_46_reg_63971                      |  26|   0|   26|          0|
    |sext_ln70_56_reg_63977                      |  25|   0|   25|          0|
    |sext_ln70_58_reg_63983                      |  24|   0|   24|          0|
    |sext_ln70_76_reg_64004                      |  26|   0|   26|          0|
    |sext_ln73_reg_63915                         |  25|   0|   25|          0|
    |sub_ln73_14_reg_63994                       |  19|   0|   20|          1|
    |sub_ln73_8_reg_63933                        |  19|   0|   24|          5|
    |sub_ln73_reg_63999                          |  17|   0|   17|          0|
    +--------------------------------------------+----+----+-----+-----------+
    |Total                                       |5344|   0| 5358|         14|
    +--------------------------------------------+----+----+-----+-----------+



================================================================
== Interface
================================================================
* Summary: 
+---------------+-----+-----+------------+----------------------------------------------------------------+--------------+
|   RTL Ports   | Dir | Bits|  Protocol  |                          Source Object                         |    C Type    |
+---------------+-----+-----+------------+----------------------------------------------------------------+--------------+
|ap_clk         |   in|    1|  ap_ctrl_hs|  dense_latency_wrapper<ap_fixed,ap_fixed<37,17,5,3,0>,config17>|  return value|
|ap_rst         |   in|    1|  ap_ctrl_hs|  dense_latency_wrapper<ap_fixed,ap_fixed<37,17,5,3,0>,config17>|  return value|
|ap_return_0    |  out|   37|  ap_ctrl_hs|  dense_latency_wrapper<ap_fixed,ap_fixed<37,17,5,3,0>,config17>|  return value|
|ap_return_1    |  out|   37|  ap_ctrl_hs|  dense_latency_wrapper<ap_fixed,ap_fixed<37,17,5,3,0>,config17>|  return value|
|ap_return_2    |  out|   37|  ap_ctrl_hs|  dense_latency_wrapper<ap_fixed,ap_fixed<37,17,5,3,0>,config17>|  return value|
|ap_return_3    |  out|   37|  ap_ctrl_hs|  dense_latency_wrapper<ap_fixed,ap_fixed<37,17,5,3,0>,config17>|  return value|
|ap_return_4    |  out|   37|  ap_ctrl_hs|  dense_latency_wrapper<ap_fixed,ap_fixed<37,17,5,3,0>,config17>|  return value|
|ap_return_5    |  out|   37|  ap_ctrl_hs|  dense_latency_wrapper<ap_fixed,ap_fixed<37,17,5,3,0>,config17>|  return value|
|ap_return_6    |  out|   37|  ap_ctrl_hs|  dense_latency_wrapper<ap_fixed,ap_fixed<37,17,5,3,0>,config17>|  return value|
|ap_return_7    |  out|   37|  ap_ctrl_hs|  dense_latency_wrapper<ap_fixed,ap_fixed<37,17,5,3,0>,config17>|  return value|
|ap_return_8    |  out|   37|  ap_ctrl_hs|  dense_latency_wrapper<ap_fixed,ap_fixed<37,17,5,3,0>,config17>|  return value|
|ap_return_9    |  out|   37|  ap_ctrl_hs|  dense_latency_wrapper<ap_fixed,ap_fixed<37,17,5,3,0>,config17>|  return value|
|data_0_val1    |   in|   16|     ap_none|                                                     data_0_val1|        scalar|
|data_1_val2    |   in|   16|     ap_none|                                                     data_1_val2|        scalar|
|data_2_val3    |   in|   16|     ap_none|                                                     data_2_val3|        scalar|
|data_3_val4    |   in|   16|     ap_none|                                                     data_3_val4|        scalar|
|data_4_val5    |   in|   16|     ap_none|                                                     data_4_val5|        scalar|
|data_5_val6    |   in|   16|     ap_none|                                                     data_5_val6|        scalar|
|data_6_val7    |   in|   16|     ap_none|                                                     data_6_val7|        scalar|
|data_7_val8    |   in|   16|     ap_none|                                                     data_7_val8|        scalar|
|data_8_val9    |   in|   16|     ap_none|                                                     data_8_val9|        scalar|
|data_9_val10   |   in|   16|     ap_none|                                                    data_9_val10|        scalar|
|data_10_val11  |   in|   16|     ap_none|                                                   data_10_val11|        scalar|
|data_11_val12  |   in|   16|     ap_none|                                                   data_11_val12|        scalar|
|data_12_val13  |   in|   16|     ap_none|                                                   data_12_val13|        scalar|
|data_13_val14  |   in|   16|     ap_none|                                                   data_13_val14|        scalar|
|data_14_val15  |   in|   16|     ap_none|                                                   data_14_val15|        scalar|
+---------------+-----+-----+------------+----------------------------------------------------------------+--------------+

============================================================
+ Verbose Summary: Synthesis Manager
============================================================
InlineROM: 1
ExposeGlobal: 0
============================================================
+ Verbose Summary: CDFG Model
============================================================
IsTopModel: 0
ResetActiveHigh: 1
IsCombinational: 2
IsDatapathOnly: 1
HasWiredReturn: 1
HasMFsm: 2
HasVarLatency: 0
IsPipeline: 1
IsRtlPipelined: 1
IsInstanceOverlapped: 0
IsDontTouch: 0
HasImplIP: 0
IsGatedGlobalClock: 0

+ Individual pipeline summary: 
  * Pipeline-0: initiation interval (II) = 1, depth = 4


============================================================
+ Verbose Summary: Schedule
============================================================
* Number of FSM states : 4
* Pipeline : 1
  Pipeline-0 : II = 1, D = 4, States = { 1 2 3 4 }
* Dataflow Pipeline: 0

* FSM state transitions: 
1 --> 2 
2 --> 3 
3 --> 4 
4 --> 

* FSM state operations: 

State 1 <SV = 0> <Delay = 3.57>
ST_1 : Operation 5 [1/1] (0.00ns)   --->   "%data_14_val15_read = read i16 @_ssdm_op_Read.ap_auto.i16, i16 %data_14_val15" [firmware/nnet_utils/nnet_mult.h:70->firmware/nnet_utils/nnet_dense_latency.h:42->firmware/nnet_utils/nnet_dense_stream.h:17]   --->   Operation 5 'read' 'data_14_val15_read' <Predicate = true> <Delay = 0.00>
ST_1 : Operation 6 [1/1] (0.00ns)   --->   "%data_13_val14_read = read i16 @_ssdm_op_Read.ap_auto.i16, i16 %data_13_val14" [firmware/nnet_utils/nnet_mult.h:70->firmware/nnet_utils/nnet_dense_latency.h:42->firmware/nnet_utils/nnet_dense_stream.h:17]   --->   Operation 6 'read' 'data_13_val14_read' <Predicate = true> <Delay = 0.00>
ST_1 : Operation 7 [1/1] (0.00ns)   --->   "%data_12_val13_read = read i16 @_ssdm_op_Read.ap_auto.i16, i16 %data_12_val13" [firmware/nnet_utils/nnet_mult.h:70->firmware/nnet_utils/nnet_dense_latency.h:42->firmware/nnet_utils/nnet_dense_stream.h:17]   --->   Operation 7 'read' 'data_12_val13_read' <Predicate = true> <Delay = 0.00>
ST_1 : Operation 8 [1/1] (0.00ns)   --->   "%data_11_val12_read = read i16 @_ssdm_op_Read.ap_auto.i16, i16 %data_11_val12" [firmware/nnet_utils/nnet_mult.h:70->firmware/nnet_utils/nnet_dense_latency.h:42->firmware/nnet_utils/nnet_dense_stream.h:17]   --->   Operation 8 'read' 'data_11_val12_read' <Predicate = true> <Delay = 0.00>
ST_1 : Operation 9 [1/1] (0.00ns)   --->   "%data_10_val11_read = read i16 @_ssdm_op_Read.ap_auto.i16, i16 %data_10_val11" [firmware/nnet_utils/nnet_mult.h:70->firmware/nnet_utils/nnet_dense_latency.h:42->firmware/nnet_utils/nnet_dense_stream.h:17]   --->   Operation 9 'read' 'data_10_val11_read' <Predicate = true> <Delay = 0.00>
ST_1 : Operation 10 [1/1] (0.00ns)   --->   "%data_9_val10_read = read i16 @_ssdm_op_Read.ap_auto.i16, i16 %data_9_val10" [firmware/nnet_utils/nnet_mult.h:70->firmware/nnet_utils/nnet_dense_latency.h:42->firmware/nnet_utils/nnet_dense_stream.h:17]   --->   Operation 10 'read' 'data_9_val10_read' <Predicate = true> <Delay = 0.00>
ST_1 : Operation 11 [1/1] (0.00ns)   --->   "%data_8_val9_read = read i16 @_ssdm_op_Read.ap_auto.i16, i16 %data_8_val9" [firmware/nnet_utils/nnet_mult.h:70->firmware/nnet_utils/nnet_dense_latency.h:42->firmware/nnet_utils/nnet_dense_stream.h:17]   --->   Operation 11 'read' 'data_8_val9_read' <Predicate = true> <Delay = 0.00>
ST_1 : Operation 12 [1/1] (0.00ns)   --->   "%data_7_val8_read = read i16 @_ssdm_op_Read.ap_auto.i16, i16 %data_7_val8" [firmware/nnet_utils/nnet_mult.h:70->firmware/nnet_utils/nnet_dense_latency.h:42->firmware/nnet_utils/nnet_dense_stream.h:17]   --->   Operation 12 'read' 'data_7_val8_read' <Predicate = true> <Delay = 0.00>
ST_1 : Operation 13 [1/1] (0.00ns)   --->   "%data_6_val7_read = read i16 @_ssdm_op_Read.ap_auto.i16, i16 %data_6_val7" [firmware/nnet_utils/nnet_mult.h:70->firmware/nnet_utils/nnet_dense_latency.h:42->firmware/nnet_utils/nnet_dense_stream.h:17]   --->   Operation 13 'read' 'data_6_val7_read' <Predicate = true> <Delay = 0.00>
ST_1 : Operation 14 [1/1] (0.00ns)   --->   "%data_5_val6_read = read i16 @_ssdm_op_Read.ap_auto.i16, i16 %data_5_val6" [firmware/nnet_utils/nnet_mult.h:70->firmware/nnet_utils/nnet_dense_latency.h:42->firmware/nnet_utils/nnet_dense_stream.h:17]   --->   Operation 14 'read' 'data_5_val6_read' <Predicate = true> <Delay = 0.00>
ST_1 : Operation 15 [1/1] (0.00ns)   --->   "%data_4_val5_read = read i16 @_ssdm_op_Read.ap_auto.i16, i16 %data_4_val5" [firmware/nnet_utils/nnet_mult.h:70->firmware/nnet_utils/nnet_dense_latency.h:42->firmware/nnet_utils/nnet_dense_stream.h:17]   --->   Operation 15 'read' 'data_4_val5_read' <Predicate = true> <Delay = 0.00>
ST_1 : Operation 16 [1/1] (0.00ns)   --->   "%data_3_val4_read = read i16 @_ssdm_op_Read.ap_auto.i16, i16 %data_3_val4" [firmware/nnet_utils/nnet_mult.h:70->firmware/nnet_utils/nnet_dense_latency.h:42->firmware/nnet_utils/nnet_dense_stream.h:17]   --->   Operation 16 'read' 'data_3_val4_read' <Predicate = true> <Delay = 0.00>
ST_1 : Operation 17 [1/1] (0.00ns)   --->   "%data_2_val3_read = read i16 @_ssdm_op_Read.ap_auto.i16, i16 %data_2_val3" [firmware/nnet_utils/nnet_mult.h:70->firmware/nnet_utils/nnet_dense_latency.h:42->firmware/nnet_utils/nnet_dense_stream.h:17]   --->   Operation 17 'read' 'data_2_val3_read' <Predicate = true> <Delay = 0.00>
ST_1 : Operation 18 [1/1] (0.00ns)   --->   "%data_1_val2_read = read i16 @_ssdm_op_Read.ap_auto.i16, i16 %data_1_val2" [firmware/nnet_utils/nnet_mult.h:70->firmware/nnet_utils/nnet_dense_latency.h:42->firmware/nnet_utils/nnet_dense_stream.h:17]   --->   Operation 18 'read' 'data_1_val2_read' <Predicate = true> <Delay = 0.00>
ST_1 : Operation 19 [1/1] (0.00ns)   --->   "%data_0_val1_read = read i16 @_ssdm_op_Read.ap_auto.i16, i16 %data_0_val1" [firmware/nnet_utils/nnet_mult.h:70->firmware/nnet_utils/nnet_dense_latency.h:42->firmware/nnet_utils/nnet_dense_stream.h:17]   --->   Operation 19 'read' 'data_0_val1_read' <Predicate = true> <Delay = 0.00>
ST_1 : Operation 20 [1/1] (0.00ns)   --->   "%sext_ln70 = sext i16 %data_0_val1_read" [firmware/nnet_utils/nnet_mult.h:70->firmware/nnet_utils/nnet_dense_latency.h:42->firmware/nnet_utils/nnet_dense_stream.h:17]   --->   Operation 20 'sext' 'sext_ln70' <Predicate = true> <Delay = 0.00>
ST_1 : Operation 21 [1/1] (0.00ns)   --->   "%sext_ln73 = sext i16 %data_0_val1_read" [firmware/nnet_utils/nnet_mult.h:73->firmware/nnet_utils/nnet_dense_latency.h:42->firmware/nnet_utils/nnet_dense_stream.h:17]   --->   Operation 21 'sext' 'sext_ln73' <Predicate = true> <Delay = 0.00>
ST_1 : Operation 22 [1/1] (0.00ns)   --->   "%sext_ln73_30 = sext i16 %data_0_val1_read" [firmware/nnet_utils/nnet_mult.h:73->firmware/nnet_utils/nnet_dense_latency.h:42->firmware/nnet_utils/nnet_dense_stream.h:17]   --->   Operation 22 'sext' 'sext_ln73_30' <Predicate = true> <Delay = 0.00>
ST_1 : Operation 23 [1/1] (3.57ns)   --->   "%mul_ln73_41 = mul i23 %sext_ln73_30, i23 8388520" [firmware/nnet_utils/nnet_mult.h:73->firmware/nnet_utils/nnet_dense_latency.h:42->firmware/nnet_utils/nnet_dense_stream.h:17]   --->   Operation 23 'mul' 'mul_ln73_41' <Predicate = true> <Delay = 3.57> <CoreInst = "Multiplier">   --->   Core 3 'Multiplier' <Latency = 0> <II = 1> <Delay = 3.57> <FuncUnit> <Opcode : 'mul'> <InPorts = 2> <OutPorts = 1>
ST_1 : Operation 24 [1/1] (3.57ns)   --->   "%mul_ln73_42 = mul i25 %sext_ln73, i25 487" [firmware/nnet_utils/nnet_mult.h:73->firmware/nnet_utils/nnet_dense_latency.h:42->firmware/nnet_utils/nnet_dense_stream.h:17]   --->   Operation 24 'mul' 'mul_ln73_42' <Predicate = true> <Delay = 3.57> <CoreInst = "Multiplier">   --->   Core 3 'Multiplier' <Latency = 0> <II = 1> <Delay = 3.57> <FuncUnit> <Opcode : 'mul'> <InPorts = 2> <OutPorts = 1>
ST_1 : Operation 25 [1/1] (3.57ns)   --->   "%mul_ln73_43 = mul i26 %sext_ln70, i26 67108415" [firmware/nnet_utils/nnet_mult.h:73->firmware/nnet_utils/nnet_dense_latency.h:42->firmware/nnet_utils/nnet_dense_stream.h:17]   --->   Operation 25 'mul' 'mul_ln73_43' <Predicate = true> <Delay = 3.57> <CoreInst = "Multiplier">   --->   Core 3 'Multiplier' <Latency = 0> <II = 1> <Delay = 3.57> <FuncUnit> <Opcode : 'mul'> <InPorts = 2> <OutPorts = 1>
ST_1 : Operation 26 [1/1] (3.57ns)   --->   "%mul_ln73_44 = mul i25 %sext_ln73, i25 33554167" [firmware/nnet_utils/nnet_mult.h:73->firmware/nnet_utils/nnet_dense_latency.h:42->firmware/nnet_utils/nnet_dense_stream.h:17]   --->   Operation 26 'mul' 'mul_ln73_44' <Predicate = true> <Delay = 3.57> <CoreInst = "Multiplier">   --->   Core 3 'Multiplier' <Latency = 0> <II = 1> <Delay = 3.57> <FuncUnit> <Opcode : 'mul'> <InPorts = 2> <OutPorts = 1>
ST_1 : Operation 27 [1/1] (3.57ns)   --->   "%mul_ln73_45 = mul i23 %sext_ln73_30, i23 98" [firmware/nnet_utils/nnet_mult.h:73->firmware/nnet_utils/nnet_dense_latency.h:42->firmware/nnet_utils/nnet_dense_stream.h:17]   --->   Operation 27 'mul' 'mul_ln73_45' <Predicate = true> <Delay = 3.57> <CoreInst = "Multiplier">   --->   Core 3 'Multiplier' <Latency = 0> <II = 1> <Delay = 3.57> <FuncUnit> <Opcode : 'mul'> <InPorts = 2> <OutPorts = 1>
ST_1 : Operation 28 [1/1] (3.57ns)   --->   "%mul_ln73_46 = mul i26 %sext_ln70, i26 394" [firmware/nnet_utils/nnet_mult.h:73->firmware/nnet_utils/nnet_dense_latency.h:42->firmware/nnet_utils/nnet_dense_stream.h:17]   --->   Operation 28 'mul' 'mul_ln73_46' <Predicate = true> <Delay = 3.57> <CoreInst = "Multiplier">   --->   Core 3 'Multiplier' <Latency = 0> <II = 1> <Delay = 3.57> <FuncUnit> <Opcode : 'mul'> <InPorts = 2> <OutPorts = 1>
ST_1 : Operation 29 [1/1] (0.00ns)   --->   "%shl_ln73_s = bitconcatenate i22 @_ssdm_op_BitConcatenate.i22.i16.i6, i16 %data_0_val1_read, i6 0" [firmware/nnet_utils/nnet_mult.h:73->firmware/nnet_utils/nnet_dense_latency.h:42->firmware/nnet_utils/nnet_dense_stream.h:17]   --->   Operation 29 'bitconcatenate' 'shl_ln73_s' <Predicate = true> <Delay = 0.00>
ST_1 : Operation 30 [1/1] (0.00ns)   --->   "%sext_ln73_31 = sext i22 %shl_ln73_s" [firmware/nnet_utils/nnet_mult.h:73->firmware/nnet_utils/nnet_dense_latency.h:42->firmware/nnet_utils/nnet_dense_stream.h:17]   --->   Operation 30 'sext' 'sext_ln73_31' <Predicate = true> <Delay = 0.00>
ST_1 : Operation 31 [1/1] (0.00ns)   --->   "%shl_ln73_12 = bitconcatenate i17 @_ssdm_op_BitConcatenate.i17.i16.i1, i16 %data_0_val1_read, i1 0" [firmware/nnet_utils/nnet_mult.h:73->firmware/nnet_utils/nnet_dense_latency.h:42->firmware/nnet_utils/nnet_dense_stream.h:17]   --->   Operation 31 'bitconcatenate' 'shl_ln73_12' <Predicate = true> <Delay = 0.00>
ST_1 : Operation 32 [1/1] (0.00ns)   --->   "%sext_ln73_32 = sext i17 %shl_ln73_12" [firmware/nnet_utils/nnet_mult.h:73->firmware/nnet_utils/nnet_dense_latency.h:42->firmware/nnet_utils/nnet_dense_stream.h:17]   --->   Operation 32 'sext' 'sext_ln73_32' <Predicate = true> <Delay = 0.00>
ST_1 : Operation 33 [1/1] (3.57ns)   --->   "%mul_ln73_47 = mul i26 %sext_ln70, i26 67108586" [firmware/nnet_utils/nnet_mult.h:73->firmware/nnet_utils/nnet_dense_latency.h:42->firmware/nnet_utils/nnet_dense_stream.h:17]   --->   Operation 33 'mul' 'mul_ln73_47' <Predicate = true> <Delay = 3.57> <CoreInst = "Multiplier">   --->   Core 3 'Multiplier' <Latency = 0> <II = 1> <Delay = 3.57> <FuncUnit> <Opcode : 'mul'> <InPorts = 2> <OutPorts = 1>
ST_1 : Operation 34 [1/1] (0.00ns)   --->   "%sext_ln70_27 = sext i16 %data_1_val2_read" [firmware/nnet_utils/nnet_mult.h:70->firmware/nnet_utils/nnet_dense_latency.h:42->firmware/nnet_utils/nnet_dense_stream.h:17]   --->   Operation 34 'sext' 'sext_ln70_27' <Predicate = true> <Delay = 0.00>
ST_1 : Operation 35 [1/1] (0.00ns)   --->   "%sext_ln70_28 = sext i16 %data_1_val2_read" [firmware/nnet_utils/nnet_mult.h:70->firmware/nnet_utils/nnet_dense_latency.h:42->firmware/nnet_utils/nnet_dense_stream.h:17]   --->   Operation 35 'sext' 'sext_ln70_28' <Predicate = true> <Delay = 0.00>
ST_1 : Operation 36 [1/1] (0.00ns)   --->   "%sext_ln73_35 = sext i16 %data_1_val2_read" [firmware/nnet_utils/nnet_mult.h:73->firmware/nnet_utils/nnet_dense_latency.h:42->firmware/nnet_utils/nnet_dense_stream.h:17]   --->   Operation 36 'sext' 'sext_ln73_35' <Predicate = true> <Delay = 0.00>
ST_1 : Operation 37 [1/1] (3.57ns)   --->   "%mul_ln73_49 = mul i21 %sext_ln73_35, i21 2097133" [firmware/nnet_utils/nnet_mult.h:73->firmware/nnet_utils/nnet_dense_latency.h:42->firmware/nnet_utils/nnet_dense_stream.h:17]   --->   Operation 37 'mul' 'mul_ln73_49' <Predicate = true> <Delay = 3.57> <CoreInst = "Multiplier">   --->   Core 3 'Multiplier' <Latency = 0> <II = 1> <Delay = 3.57> <FuncUnit> <Opcode : 'mul'> <InPorts = 2> <OutPorts = 1>
ST_1 : Operation 38 [1/1] (3.57ns)   --->   "%mul_ln73_50 = mul i26 %sext_ln70_28, i26 67108565" [firmware/nnet_utils/nnet_mult.h:73->firmware/nnet_utils/nnet_dense_latency.h:42->firmware/nnet_utils/nnet_dense_stream.h:17]   --->   Operation 38 'mul' 'mul_ln73_50' <Predicate = true> <Delay = 3.57> <CoreInst = "Multiplier">   --->   Core 3 'Multiplier' <Latency = 0> <II = 1> <Delay = 3.57> <FuncUnit> <Opcode : 'mul'> <InPorts = 2> <OutPorts = 1>
ST_1 : Operation 39 [1/1] (3.57ns)   --->   "%mul_ln73_51 = mul i25 %sext_ln70_27, i25 33554257" [firmware/nnet_utils/nnet_mult.h:73->firmware/nnet_utils/nnet_dense_latency.h:42->firmware/nnet_utils/nnet_dense_stream.h:17]   --->   Operation 39 'mul' 'mul_ln73_51' <Predicate = true> <Delay = 3.57> <CoreInst = "Multiplier">   --->   Core 3 'Multiplier' <Latency = 0> <II = 1> <Delay = 3.57> <FuncUnit> <Opcode : 'mul'> <InPorts = 2> <OutPorts = 1>
ST_1 : Operation 40 [1/1] (3.57ns)   --->   "%mul_ln73_52 = mul i26 %sext_ln70_28, i26 67108374" [firmware/nnet_utils/nnet_mult.h:73->firmware/nnet_utils/nnet_dense_latency.h:42->firmware/nnet_utils/nnet_dense_stream.h:17]   --->   Operation 40 'mul' 'mul_ln73_52' <Predicate = true> <Delay = 3.57> <CoreInst = "Multiplier">   --->   Core 3 'Multiplier' <Latency = 0> <II = 1> <Delay = 3.57> <FuncUnit> <Opcode : 'mul'> <InPorts = 2> <OutPorts = 1>
ST_1 : Operation 41 [1/1] (3.57ns)   --->   "%mul_ln73_53 = mul i25 %sext_ln70_27, i25 33554186" [firmware/nnet_utils/nnet_mult.h:73->firmware/nnet_utils/nnet_dense_latency.h:42->firmware/nnet_utils/nnet_dense_stream.h:17]   --->   Operation 41 'mul' 'mul_ln73_53' <Predicate = true> <Delay = 3.57> <CoreInst = "Multiplier">   --->   Core 3 'Multiplier' <Latency = 0> <II = 1> <Delay = 3.57> <FuncUnit> <Opcode : 'mul'> <InPorts = 2> <OutPorts = 1>
ST_1 : Operation 42 [1/1] (3.57ns)   --->   "%mul_ln73_54 = mul i26 %sext_ln70_28, i26 67108366" [firmware/nnet_utils/nnet_mult.h:73->firmware/nnet_utils/nnet_dense_latency.h:42->firmware/nnet_utils/nnet_dense_stream.h:17]   --->   Operation 42 'mul' 'mul_ln73_54' <Predicate = true> <Delay = 3.57> <CoreInst = "Multiplier">   --->   Core 3 'Multiplier' <Latency = 0> <II = 1> <Delay = 3.57> <FuncUnit> <Opcode : 'mul'> <InPorts = 2> <OutPorts = 1>
ST_1 : Operation 43 [1/1] (0.00ns)   --->   "%shl_ln = bitconcatenate i20 @_ssdm_op_BitConcatenate.i20.i16.i4, i16 %data_1_val2_read, i4 0" [firmware/nnet_utils/nnet_mult.h:73->firmware/nnet_utils/nnet_dense_latency.h:42->firmware/nnet_utils/nnet_dense_stream.h:17]   --->   Operation 43 'bitconcatenate' 'shl_ln' <Predicate = true> <Delay = 0.00>
ST_1 : Operation 44 [1/1] (0.00ns)   --->   "%sext_ln73_37 = sext i20 %shl_ln" [firmware/nnet_utils/nnet_mult.h:73->firmware/nnet_utils/nnet_dense_latency.h:42->firmware/nnet_utils/nnet_dense_stream.h:17]   --->   Operation 44 'sext' 'sext_ln73_37' <Predicate = true> <Delay = 0.00>
ST_1 : Operation 45 [1/1] (3.57ns)   --->   "%mul_ln73_55 = mul i26 %sext_ln70_28, i26 431" [firmware/nnet_utils/nnet_mult.h:73->firmware/nnet_utils/nnet_dense_latency.h:42->firmware/nnet_utils/nnet_dense_stream.h:17]   --->   Operation 45 'mul' 'mul_ln73_55' <Predicate = true> <Delay = 3.57> <CoreInst = "Multiplier">   --->   Core 3 'Multiplier' <Latency = 0> <II = 1> <Delay = 3.57> <FuncUnit> <Opcode : 'mul'> <InPorts = 2> <OutPorts = 1>
ST_1 : Operation 46 [1/1] (0.00ns)   --->   "%sext_ln70_29 = sext i16 %data_2_val3_read" [firmware/nnet_utils/nnet_mult.h:70->firmware/nnet_utils/nnet_dense_latency.h:42->firmware/nnet_utils/nnet_dense_stream.h:17]   --->   Operation 46 'sext' 'sext_ln70_29' <Predicate = true> <Delay = 0.00>
ST_1 : Operation 47 [1/1] (0.00ns)   --->   "%sext_ln70_30 = sext i16 %data_2_val3_read" [firmware/nnet_utils/nnet_mult.h:70->firmware/nnet_utils/nnet_dense_latency.h:42->firmware/nnet_utils/nnet_dense_stream.h:17]   --->   Operation 47 'sext' 'sext_ln70_30' <Predicate = true> <Delay = 0.00>
ST_1 : Operation 48 [1/1] (3.57ns)   --->   "%mul_ln73_59 = mul i25 %sext_ln70_30, i25 33554182" [firmware/nnet_utils/nnet_mult.h:73->firmware/nnet_utils/nnet_dense_latency.h:42->firmware/nnet_utils/nnet_dense_stream.h:17]   --->   Operation 48 'mul' 'mul_ln73_59' <Predicate = true> <Delay = 3.57> <CoreInst = "Multiplier">   --->   Core 3 'Multiplier' <Latency = 0> <II = 1> <Delay = 3.57> <FuncUnit> <Opcode : 'mul'> <InPorts = 2> <OutPorts = 1>
ST_1 : Operation 49 [1/1] (3.57ns)   --->   "%mul_ln73_60 = mul i26 %sext_ln70_29, i26 399" [firmware/nnet_utils/nnet_mult.h:73->firmware/nnet_utils/nnet_dense_latency.h:42->firmware/nnet_utils/nnet_dense_stream.h:17]   --->   Operation 49 'mul' 'mul_ln73_60' <Predicate = true> <Delay = 3.57> <CoreInst = "Multiplier">   --->   Core 3 'Multiplier' <Latency = 0> <II = 1> <Delay = 3.57> <FuncUnit> <Opcode : 'mul'> <InPorts = 2> <OutPorts = 1>
ST_1 : Operation 50 [1/1] (0.00ns)   --->   "%shl_ln73_15 = bitconcatenate i23 @_ssdm_op_BitConcatenate.i23.i16.i7, i16 %data_2_val3_read, i7 0" [firmware/nnet_utils/nnet_mult.h:73->firmware/nnet_utils/nnet_dense_latency.h:42->firmware/nnet_utils/nnet_dense_stream.h:17]   --->   Operation 50 'bitconcatenate' 'shl_ln73_15' <Predicate = true> <Delay = 0.00>
ST_1 : Operation 51 [1/1] (0.00ns)   --->   "%sext_ln73_39 = sext i23 %shl_ln73_15" [firmware/nnet_utils/nnet_mult.h:73->firmware/nnet_utils/nnet_dense_latency.h:42->firmware/nnet_utils/nnet_dense_stream.h:17]   --->   Operation 51 'sext' 'sext_ln73_39' <Predicate = true> <Delay = 0.00>
ST_1 : Operation 52 [1/1] (0.00ns)   --->   "%shl_ln73_16 = bitconcatenate i21 @_ssdm_op_BitConcatenate.i21.i16.i5, i16 %data_2_val3_read, i5 0" [firmware/nnet_utils/nnet_mult.h:73->firmware/nnet_utils/nnet_dense_latency.h:42->firmware/nnet_utils/nnet_dense_stream.h:17]   --->   Operation 52 'bitconcatenate' 'shl_ln73_16' <Predicate = true> <Delay = 0.00>
ST_1 : Operation 53 [1/1] (0.00ns)   --->   "%sext_ln73_40 = sext i21 %shl_ln73_16" [firmware/nnet_utils/nnet_mult.h:73->firmware/nnet_utils/nnet_dense_latency.h:42->firmware/nnet_utils/nnet_dense_stream.h:17]   --->   Operation 53 'sext' 'sext_ln73_40' <Predicate = true> <Delay = 0.00>
ST_1 : Operation 54 [1/1] (1.44ns)   --->   "%sub_ln73_8 = sub i24 %sext_ln73_40, i24 %sext_ln73_39" [firmware/nnet_utils/nnet_mult.h:73->firmware/nnet_utils/nnet_dense_latency.h:42->firmware/nnet_utils/nnet_dense_stream.h:17]   --->   Operation 54 'sub' 'sub_ln73_8' <Predicate = true> <Delay = 1.44> <CoreInst = "Adder">   --->   Core 1 'Adder' <Latency = 0> <II = 1> <Delay = 1.45> <FuncUnit> <Opcode : 'add' 'sub'> <InPorts = 2> <OutPorts = 1>
ST_1 : Operation 55 [1/1] (0.00ns)   --->   "%sext_ln73_42 = sext i16 %data_2_val3_read" [firmware/nnet_utils/nnet_mult.h:73->firmware/nnet_utils/nnet_dense_latency.h:42->firmware/nnet_utils/nnet_dense_stream.h:17]   --->   Operation 55 'sext' 'sext_ln73_42' <Predicate = true> <Delay = 0.00>
ST_1 : Operation 56 [1/1] (3.57ns)   --->   "%mul_ln73_62 = mul i24 %sext_ln73_42, i24 212" [firmware/nnet_utils/nnet_mult.h:73->firmware/nnet_utils/nnet_dense_latency.h:42->firmware/nnet_utils/nnet_dense_stream.h:17]   --->   Operation 56 'mul' 'mul_ln73_62' <Predicate = true> <Delay = 3.57> <CoreInst = "Multiplier">   --->   Core 3 'Multiplier' <Latency = 0> <II = 1> <Delay = 3.57> <FuncUnit> <Opcode : 'mul'> <InPorts = 2> <OutPorts = 1>
ST_1 : Operation 57 [1/1] (3.57ns)   --->   "%mul_ln73_63 = mul i25 %sext_ln70_30, i25 33554198" [firmware/nnet_utils/nnet_mult.h:73->firmware/nnet_utils/nnet_dense_latency.h:42->firmware/nnet_utils/nnet_dense_stream.h:17]   --->   Operation 57 'mul' 'mul_ln73_63' <Predicate = true> <Delay = 3.57> <CoreInst = "Multiplier">   --->   Core 3 'Multiplier' <Latency = 0> <II = 1> <Delay = 3.57> <FuncUnit> <Opcode : 'mul'> <InPorts = 2> <OutPorts = 1>
ST_1 : Operation 58 [1/1] (3.57ns)   --->   "%mul_ln73_64 = mul i25 %sext_ln70_30, i25 33554181" [firmware/nnet_utils/nnet_mult.h:73->firmware/nnet_utils/nnet_dense_latency.h:42->firmware/nnet_utils/nnet_dense_stream.h:17]   --->   Operation 58 'mul' 'mul_ln73_64' <Predicate = true> <Delay = 3.57> <CoreInst = "Multiplier">   --->   Core 3 'Multiplier' <Latency = 0> <II = 1> <Delay = 3.57> <FuncUnit> <Opcode : 'mul'> <InPorts = 2> <OutPorts = 1>
ST_1 : Operation 59 [1/1] (0.00ns)   --->   "%sext_ln70_31 = sext i16 %data_3_val4_read" [firmware/nnet_utils/nnet_mult.h:70->firmware/nnet_utils/nnet_dense_latency.h:42->firmware/nnet_utils/nnet_dense_stream.h:17]   --->   Operation 59 'sext' 'sext_ln70_31' <Predicate = true> <Delay = 0.00>
ST_1 : Operation 60 [1/1] (0.00ns)   --->   "%sext_ln70_32 = sext i16 %data_3_val4_read" [firmware/nnet_utils/nnet_mult.h:70->firmware/nnet_utils/nnet_dense_latency.h:42->firmware/nnet_utils/nnet_dense_stream.h:17]   --->   Operation 60 'sext' 'sext_ln70_32' <Predicate = true> <Delay = 0.00>
ST_1 : Operation 61 [1/1] (0.00ns)   --->   "%sext_ln70_33 = sext i16 %data_3_val4_read" [firmware/nnet_utils/nnet_mult.h:70->firmware/nnet_utils/nnet_dense_latency.h:42->firmware/nnet_utils/nnet_dense_stream.h:17]   --->   Operation 61 'sext' 'sext_ln70_33' <Predicate = true> <Delay = 0.00>
ST_1 : Operation 62 [1/1] (0.00ns)   --->   "%sext_ln70_34 = sext i16 %data_3_val4_read" [firmware/nnet_utils/nnet_mult.h:70->firmware/nnet_utils/nnet_dense_latency.h:42->firmware/nnet_utils/nnet_dense_stream.h:17]   --->   Operation 62 'sext' 'sext_ln70_34' <Predicate = true> <Delay = 0.00>
ST_1 : Operation 63 [1/1] (3.57ns)   --->   "%mul_ln73_70 = mul i26 %sext_ln70_34, i26 423" [firmware/nnet_utils/nnet_mult.h:73->firmware/nnet_utils/nnet_dense_latency.h:42->firmware/nnet_utils/nnet_dense_stream.h:17]   --->   Operation 63 'mul' 'mul_ln73_70' <Predicate = true> <Delay = 3.57> <CoreInst = "Multiplier">   --->   Core 3 'Multiplier' <Latency = 0> <II = 1> <Delay = 3.57> <FuncUnit> <Opcode : 'mul'> <InPorts = 2> <OutPorts = 1>
ST_1 : Operation 64 [1/1] (3.57ns)   --->   "%mul_ln73_72 = mul i23 %sext_ln70_32, i23 38" [firmware/nnet_utils/nnet_mult.h:73->firmware/nnet_utils/nnet_dense_latency.h:42->firmware/nnet_utils/nnet_dense_stream.h:17]   --->   Operation 64 'mul' 'mul_ln73_72' <Predicate = true> <Delay = 3.57> <CoreInst = "Multiplier">   --->   Core 3 'Multiplier' <Latency = 0> <II = 1> <Delay = 3.57> <FuncUnit> <Opcode : 'mul'> <InPorts = 2> <OutPorts = 1>
ST_1 : Operation 65 [1/1] (3.57ns)   --->   "%mul_ln73_73 = mul i25 %sext_ln70_33, i25 33554241" [firmware/nnet_utils/nnet_mult.h:73->firmware/nnet_utils/nnet_dense_latency.h:42->firmware/nnet_utils/nnet_dense_stream.h:17]   --->   Operation 65 'mul' 'mul_ln73_73' <Predicate = true> <Delay = 3.57> <CoreInst = "Multiplier">   --->   Core 3 'Multiplier' <Latency = 0> <II = 1> <Delay = 3.57> <FuncUnit> <Opcode : 'mul'> <InPorts = 2> <OutPorts = 1>
ST_1 : Operation 66 [1/1] (3.57ns)   --->   "%mul_ln73_74 = mul i24 %sext_ln70_31, i24 16777103" [firmware/nnet_utils/nnet_mult.h:73->firmware/nnet_utils/nnet_dense_latency.h:42->firmware/nnet_utils/nnet_dense_stream.h:17]   --->   Operation 66 'mul' 'mul_ln73_74' <Predicate = true> <Delay = 3.57> <CoreInst = "Multiplier">   --->   Core 3 'Multiplier' <Latency = 0> <II = 1> <Delay = 3.57> <FuncUnit> <Opcode : 'mul'> <InPorts = 2> <OutPorts = 1>
ST_1 : Operation 67 [1/1] (0.00ns)   --->   "%sext_ln70_37 = sext i16 %data_4_val5_read" [firmware/nnet_utils/nnet_mult.h:70->firmware/nnet_utils/nnet_dense_latency.h:42->firmware/nnet_utils/nnet_dense_stream.h:17]   --->   Operation 67 'sext' 'sext_ln70_37' <Predicate = true> <Delay = 0.00>
ST_1 : Operation 68 [1/1] (3.57ns)   --->   "%mul_ln73_78 = mul i26 %sext_ln70_37, i26 315" [firmware/nnet_utils/nnet_mult.h:73->firmware/nnet_utils/nnet_dense_latency.h:42->firmware/nnet_utils/nnet_dense_stream.h:17]   --->   Operation 68 'mul' 'mul_ln73_78' <Predicate = true> <Delay = 3.57> <CoreInst = "Multiplier">   --->   Core 3 'Multiplier' <Latency = 0> <II = 1> <Delay = 3.57> <FuncUnit> <Opcode : 'mul'> <InPorts = 2> <OutPorts = 1>
ST_1 : Operation 69 [1/1] (3.57ns)   --->   "%mul_ln73_80 = mul i26 %sext_ln70_37, i26 341" [firmware/nnet_utils/nnet_mult.h:73->firmware/nnet_utils/nnet_dense_latency.h:42->firmware/nnet_utils/nnet_dense_stream.h:17]   --->   Operation 69 'mul' 'mul_ln73_80' <Predicate = true> <Delay = 3.57> <CoreInst = "Multiplier">   --->   Core 3 'Multiplier' <Latency = 0> <II = 1> <Delay = 3.57> <FuncUnit> <Opcode : 'mul'> <InPorts = 2> <OutPorts = 1>
ST_1 : Operation 70 [1/1] (3.57ns)   --->   "%mul_ln73_83 = mul i26 %sext_ln70_37, i26 67108437" [firmware/nnet_utils/nnet_mult.h:73->firmware/nnet_utils/nnet_dense_latency.h:42->firmware/nnet_utils/nnet_dense_stream.h:17]   --->   Operation 70 'mul' 'mul_ln73_83' <Predicate = true> <Delay = 3.57> <CoreInst = "Multiplier">   --->   Core 3 'Multiplier' <Latency = 0> <II = 1> <Delay = 3.57> <FuncUnit> <Opcode : 'mul'> <InPorts = 2> <OutPorts = 1>
ST_1 : Operation 71 [1/1] (3.57ns)   --->   "%mul_ln73_84 = mul i26 %sext_ln70_37, i26 67108539" [firmware/nnet_utils/nnet_mult.h:73->firmware/nnet_utils/nnet_dense_latency.h:42->firmware/nnet_utils/nnet_dense_stream.h:17]   --->   Operation 71 'mul' 'mul_ln73_84' <Predicate = true> <Delay = 3.57> <CoreInst = "Multiplier">   --->   Core 3 'Multiplier' <Latency = 0> <II = 1> <Delay = 3.57> <FuncUnit> <Opcode : 'mul'> <InPorts = 2> <OutPorts = 1>
ST_1 : Operation 72 [1/1] (0.00ns)   --->   "%sext_ln70_38 = sext i16 %data_5_val6_read" [firmware/nnet_utils/nnet_mult.h:70->firmware/nnet_utils/nnet_dense_latency.h:42->firmware/nnet_utils/nnet_dense_stream.h:17]   --->   Operation 72 'sext' 'sext_ln70_38' <Predicate = true> <Delay = 0.00>
ST_1 : Operation 73 [1/1] (0.00ns)   --->   "%sext_ln70_39 = sext i16 %data_5_val6_read" [firmware/nnet_utils/nnet_mult.h:70->firmware/nnet_utils/nnet_dense_latency.h:42->firmware/nnet_utils/nnet_dense_stream.h:17]   --->   Operation 73 'sext' 'sext_ln70_39' <Predicate = true> <Delay = 0.00>
ST_1 : Operation 74 [1/1] (0.00ns)   --->   "%sext_ln70_40 = sext i16 %data_5_val6_read" [firmware/nnet_utils/nnet_mult.h:70->firmware/nnet_utils/nnet_dense_latency.h:42->firmware/nnet_utils/nnet_dense_stream.h:17]   --->   Operation 74 'sext' 'sext_ln70_40' <Predicate = true> <Delay = 0.00>
ST_1 : Operation 75 [1/1] (3.57ns)   --->   "%mul_ln73_86 = mul i25 %sext_ln70_40, i25 33554200" [firmware/nnet_utils/nnet_mult.h:73->firmware/nnet_utils/nnet_dense_latency.h:42->firmware/nnet_utils/nnet_dense_stream.h:17]   --->   Operation 75 'mul' 'mul_ln73_86' <Predicate = true> <Delay = 3.57> <CoreInst = "Multiplier">   --->   Core 3 'Multiplier' <Latency = 0> <II = 1> <Delay = 3.57> <FuncUnit> <Opcode : 'mul'> <InPorts = 2> <OutPorts = 1>
ST_1 : Operation 76 [1/1] (3.57ns)   --->   "%mul_ln73_87 = mul i25 %sext_ln70_40, i25 33554219" [firmware/nnet_utils/nnet_mult.h:73->firmware/nnet_utils/nnet_dense_latency.h:42->firmware/nnet_utils/nnet_dense_stream.h:17]   --->   Operation 76 'mul' 'mul_ln73_87' <Predicate = true> <Delay = 3.57> <CoreInst = "Multiplier">   --->   Core 3 'Multiplier' <Latency = 0> <II = 1> <Delay = 3.57> <FuncUnit> <Opcode : 'mul'> <InPorts = 2> <OutPorts = 1>
ST_1 : Operation 77 [1/1] (3.57ns)   --->   "%mul_ln73_88 = mul i24 %sext_ln70_39, i24 16777121" [firmware/nnet_utils/nnet_mult.h:73->firmware/nnet_utils/nnet_dense_latency.h:42->firmware/nnet_utils/nnet_dense_stream.h:17]   --->   Operation 77 'mul' 'mul_ln73_88' <Predicate = true> <Delay = 3.57> <CoreInst = "Multiplier">   --->   Core 3 'Multiplier' <Latency = 0> <II = 1> <Delay = 3.57> <FuncUnit> <Opcode : 'mul'> <InPorts = 2> <OutPorts = 1>
ST_1 : Operation 78 [1/1] (3.57ns)   --->   "%mul_ln73_90 = mul i26 %sext_ln70_38, i26 298" [firmware/nnet_utils/nnet_mult.h:73->firmware/nnet_utils/nnet_dense_latency.h:42->firmware/nnet_utils/nnet_dense_stream.h:17]   --->   Operation 78 'mul' 'mul_ln73_90' <Predicate = true> <Delay = 3.57> <CoreInst = "Multiplier">   --->   Core 3 'Multiplier' <Latency = 0> <II = 1> <Delay = 3.57> <FuncUnit> <Opcode : 'mul'> <InPorts = 2> <OutPorts = 1>
ST_1 : Operation 79 [1/1] (3.57ns)   --->   "%mul_ln73_92 = mul i26 %sext_ln70_38, i26 67108377" [firmware/nnet_utils/nnet_mult.h:73->firmware/nnet_utils/nnet_dense_latency.h:42->firmware/nnet_utils/nnet_dense_stream.h:17]   --->   Operation 79 'mul' 'mul_ln73_92' <Predicate = true> <Delay = 3.57> <CoreInst = "Multiplier">   --->   Core 3 'Multiplier' <Latency = 0> <II = 1> <Delay = 3.57> <FuncUnit> <Opcode : 'mul'> <InPorts = 2> <OutPorts = 1>
ST_1 : Operation 80 [1/1] (3.57ns)   --->   "%mul_ln73_93 = mul i25 %sext_ln70_40, i25 212" [firmware/nnet_utils/nnet_mult.h:73->firmware/nnet_utils/nnet_dense_latency.h:42->firmware/nnet_utils/nnet_dense_stream.h:17]   --->   Operation 80 'mul' 'mul_ln73_93' <Predicate = true> <Delay = 3.57> <CoreInst = "Multiplier">   --->   Core 3 'Multiplier' <Latency = 0> <II = 1> <Delay = 3.57> <FuncUnit> <Opcode : 'mul'> <InPorts = 2> <OutPorts = 1>
ST_1 : Operation 81 [1/1] (0.00ns)   --->   "%sext_ln73_56 = sext i16 %data_5_val6_read" [firmware/nnet_utils/nnet_mult.h:73->firmware/nnet_utils/nnet_dense_latency.h:42->firmware/nnet_utils/nnet_dense_stream.h:17]   --->   Operation 81 'sext' 'sext_ln73_56' <Predicate = true> <Delay = 0.00>
ST_1 : Operation 82 [1/1] (3.57ns)   --->   "%mul_ln73_94 = mul i23 %sext_ln73_56, i23 8388524" [firmware/nnet_utils/nnet_mult.h:73->firmware/nnet_utils/nnet_dense_latency.h:42->firmware/nnet_utils/nnet_dense_stream.h:17]   --->   Operation 82 'mul' 'mul_ln73_94' <Predicate = true> <Delay = 3.57> <CoreInst = "Multiplier">   --->   Core 3 'Multiplier' <Latency = 0> <II = 1> <Delay = 3.57> <FuncUnit> <Opcode : 'mul'> <InPorts = 2> <OutPorts = 1>
ST_1 : Operation 83 [1/1] (0.00ns)   --->   "%sext_ln70_41 = sext i16 %data_6_val7_read" [firmware/nnet_utils/nnet_mult.h:70->firmware/nnet_utils/nnet_dense_latency.h:42->firmware/nnet_utils/nnet_dense_stream.h:17]   --->   Operation 83 'sext' 'sext_ln70_41' <Predicate = true> <Delay = 0.00>
ST_1 : Operation 84 [1/1] (0.00ns)   --->   "%sext_ln70_42 = sext i16 %data_6_val7_read" [firmware/nnet_utils/nnet_mult.h:70->firmware/nnet_utils/nnet_dense_latency.h:42->firmware/nnet_utils/nnet_dense_stream.h:17]   --->   Operation 84 'sext' 'sext_ln70_42' <Predicate = true> <Delay = 0.00>
ST_1 : Operation 85 [1/1] (0.00ns)   --->   "%sext_ln70_43 = sext i16 %data_6_val7_read" [firmware/nnet_utils/nnet_mult.h:70->firmware/nnet_utils/nnet_dense_latency.h:42->firmware/nnet_utils/nnet_dense_stream.h:17]   --->   Operation 85 'sext' 'sext_ln70_43' <Predicate = true> <Delay = 0.00>
ST_1 : Operation 86 [1/1] (3.57ns)   --->   "%mul_ln73_96 = mul i25 %sext_ln70_43, i25 33554267" [firmware/nnet_utils/nnet_mult.h:73->firmware/nnet_utils/nnet_dense_latency.h:42->firmware/nnet_utils/nnet_dense_stream.h:17]   --->   Operation 86 'mul' 'mul_ln73_96' <Predicate = true> <Delay = 3.57> <CoreInst = "Multiplier">   --->   Core 3 'Multiplier' <Latency = 0> <II = 1> <Delay = 3.57> <FuncUnit> <Opcode : 'mul'> <InPorts = 2> <OutPorts = 1>
ST_1 : Operation 87 [1/1] (3.57ns)   --->   "%mul_ln73_97 = mul i24 %sext_ln70_42, i24 16777116" [firmware/nnet_utils/nnet_mult.h:73->firmware/nnet_utils/nnet_dense_latency.h:42->firmware/nnet_utils/nnet_dense_stream.h:17]   --->   Operation 87 'mul' 'mul_ln73_97' <Predicate = true> <Delay = 3.57> <CoreInst = "Multiplier">   --->   Core 3 'Multiplier' <Latency = 0> <II = 1> <Delay = 3.57> <FuncUnit> <Opcode : 'mul'> <InPorts = 2> <OutPorts = 1>
ST_1 : Operation 88 [1/1] (3.57ns)   --->   "%mul_ln73_99 = mul i25 %sext_ln70_43, i25 33554281" [firmware/nnet_utils/nnet_mult.h:73->firmware/nnet_utils/nnet_dense_latency.h:42->firmware/nnet_utils/nnet_dense_stream.h:17]   --->   Operation 88 'mul' 'mul_ln73_99' <Predicate = true> <Delay = 3.57> <CoreInst = "Multiplier">   --->   Core 3 'Multiplier' <Latency = 0> <II = 1> <Delay = 3.57> <FuncUnit> <Opcode : 'mul'> <InPorts = 2> <OutPorts = 1>
ST_1 : Operation 89 [1/1] (3.57ns)   --->   "%mul_ln73_100 = mul i24 %sext_ln70_42, i24 122" [firmware/nnet_utils/nnet_mult.h:73->firmware/nnet_utils/nnet_dense_latency.h:42->firmware/nnet_utils/nnet_dense_stream.h:17]   --->   Operation 89 'mul' 'mul_ln73_100' <Predicate = true> <Delay = 3.57> <CoreInst = "Multiplier">   --->   Core 3 'Multiplier' <Latency = 0> <II = 1> <Delay = 3.57> <FuncUnit> <Opcode : 'mul'> <InPorts = 2> <OutPorts = 1>
ST_1 : Operation 90 [1/1] (3.57ns)   --->   "%mul_ln73_101 = mul i26 %sext_ln70_41, i26 67108487" [firmware/nnet_utils/nnet_mult.h:73->firmware/nnet_utils/nnet_dense_latency.h:42->firmware/nnet_utils/nnet_dense_stream.h:17]   --->   Operation 90 'mul' 'mul_ln73_101' <Predicate = true> <Delay = 3.57> <CoreInst = "Multiplier">   --->   Core 3 'Multiplier' <Latency = 0> <II = 1> <Delay = 3.57> <FuncUnit> <Opcode : 'mul'> <InPorts = 2> <OutPorts = 1>
ST_1 : Operation 91 [1/1] (3.57ns)   --->   "%mul_ln73_102 = mul i26 %sext_ln70_41, i26 67108473" [firmware/nnet_utils/nnet_mult.h:73->firmware/nnet_utils/nnet_dense_latency.h:42->firmware/nnet_utils/nnet_dense_stream.h:17]   --->   Operation 91 'mul' 'mul_ln73_102' <Predicate = true> <Delay = 3.57> <CoreInst = "Multiplier">   --->   Core 3 'Multiplier' <Latency = 0> <II = 1> <Delay = 3.57> <FuncUnit> <Opcode : 'mul'> <InPorts = 2> <OutPorts = 1>
ST_1 : Operation 92 [1/1] (0.00ns)   --->   "%sext_ln70_44 = sext i16 %data_7_val8_read" [firmware/nnet_utils/nnet_mult.h:70->firmware/nnet_utils/nnet_dense_latency.h:42->firmware/nnet_utils/nnet_dense_stream.h:17]   --->   Operation 92 'sext' 'sext_ln70_44' <Predicate = true> <Delay = 0.00>
ST_1 : Operation 93 [1/1] (0.00ns)   --->   "%sext_ln70_45 = sext i16 %data_7_val8_read" [firmware/nnet_utils/nnet_mult.h:70->firmware/nnet_utils/nnet_dense_latency.h:42->firmware/nnet_utils/nnet_dense_stream.h:17]   --->   Operation 93 'sext' 'sext_ln70_45' <Predicate = true> <Delay = 0.00>
ST_1 : Operation 94 [1/1] (0.00ns)   --->   "%sext_ln70_46 = sext i16 %data_7_val8_read" [firmware/nnet_utils/nnet_mult.h:70->firmware/nnet_utils/nnet_dense_latency.h:42->firmware/nnet_utils/nnet_dense_stream.h:17]   --->   Operation 94 'sext' 'sext_ln70_46' <Predicate = true> <Delay = 0.00>
ST_1 : Operation 95 [1/1] (0.00ns)   --->   "%sext_ln70_47 = sext i16 %data_7_val8_read" [firmware/nnet_utils/nnet_mult.h:70->firmware/nnet_utils/nnet_dense_latency.h:42->firmware/nnet_utils/nnet_dense_stream.h:17]   --->   Operation 95 'sext' 'sext_ln70_47' <Predicate = true> <Delay = 0.00>
ST_1 : Operation 96 [1/1] (0.00ns)   --->   "%sext_ln70_48 = sext i16 %data_7_val8_read" [firmware/nnet_utils/nnet_mult.h:70->firmware/nnet_utils/nnet_dense_latency.h:42->firmware/nnet_utils/nnet_dense_stream.h:17]   --->   Operation 96 'sext' 'sext_ln70_48' <Predicate = true> <Delay = 0.00>
ST_1 : Operation 97 [1/1] (3.57ns)   --->   "%mul_ln73_103 = mul i25 %sext_ln70_48, i25 223" [firmware/nnet_utils/nnet_mult.h:73->firmware/nnet_utils/nnet_dense_latency.h:42->firmware/nnet_utils/nnet_dense_stream.h:17]   --->   Operation 97 'mul' 'mul_ln73_103' <Predicate = true> <Delay = 3.57> <CoreInst = "Multiplier">   --->   Core 3 'Multiplier' <Latency = 0> <II = 1> <Delay = 3.57> <FuncUnit> <Opcode : 'mul'> <InPorts = 2> <OutPorts = 1>
ST_1 : Operation 98 [1/1] (3.57ns)   --->   "%mul_ln73_104 = mul i23 %sext_ln70_47, i23 44" [firmware/nnet_utils/nnet_mult.h:73->firmware/nnet_utils/nnet_dense_latency.h:42->firmware/nnet_utils/nnet_dense_stream.h:17]   --->   Operation 98 'mul' 'mul_ln73_104' <Predicate = true> <Delay = 3.57> <CoreInst = "Multiplier">   --->   Core 3 'Multiplier' <Latency = 0> <II = 1> <Delay = 3.57> <FuncUnit> <Opcode : 'mul'> <InPorts = 2> <OutPorts = 1>
ST_1 : Operation 99 [1/1] (3.57ns)   --->   "%mul_ln73_106 = mul i22 %sext_ln70_45, i22 4194282" [firmware/nnet_utils/nnet_mult.h:73->firmware/nnet_utils/nnet_dense_latency.h:42->firmware/nnet_utils/nnet_dense_stream.h:17]   --->   Operation 99 'mul' 'mul_ln73_106' <Predicate = true> <Delay = 3.57> <CoreInst = "Multiplier">   --->   Core 3 'Multiplier' <Latency = 0> <II = 1> <Delay = 3.57> <FuncUnit> <Opcode : 'mul'> <InPorts = 2> <OutPorts = 1>
ST_1 : Operation 100 [1/1] (3.57ns)   --->   "%mul_ln73_107 = mul i24 %sext_ln70_44, i24 16777111" [firmware/nnet_utils/nnet_mult.h:73->firmware/nnet_utils/nnet_dense_latency.h:42->firmware/nnet_utils/nnet_dense_stream.h:17]   --->   Operation 100 'mul' 'mul_ln73_107' <Predicate = true> <Delay = 3.57> <CoreInst = "Multiplier">   --->   Core 3 'Multiplier' <Latency = 0> <II = 1> <Delay = 3.57> <FuncUnit> <Opcode : 'mul'> <InPorts = 2> <OutPorts = 1>
ST_1 : Operation 101 [1/1] (3.57ns)   --->   "%mul_ln73_108 = mul i24 %sext_ln70_44, i24 95" [firmware/nnet_utils/nnet_mult.h:73->firmware/nnet_utils/nnet_dense_latency.h:42->firmware/nnet_utils/nnet_dense_stream.h:17]   --->   Operation 101 'mul' 'mul_ln73_108' <Predicate = true> <Delay = 3.57> <CoreInst = "Multiplier">   --->   Core 3 'Multiplier' <Latency = 0> <II = 1> <Delay = 3.57> <FuncUnit> <Opcode : 'mul'> <InPorts = 2> <OutPorts = 1>
ST_1 : Operation 102 [1/1] (3.57ns)   --->   "%mul_ln73_109 = mul i26 %sext_ln70_46, i26 431" [firmware/nnet_utils/nnet_mult.h:73->firmware/nnet_utils/nnet_dense_latency.h:42->firmware/nnet_utils/nnet_dense_stream.h:17]   --->   Operation 102 'mul' 'mul_ln73_109' <Predicate = true> <Delay = 3.57> <CoreInst = "Multiplier">   --->   Core 3 'Multiplier' <Latency = 0> <II = 1> <Delay = 3.57> <FuncUnit> <Opcode : 'mul'> <InPorts = 2> <OutPorts = 1>
ST_1 : Operation 103 [1/1] (3.57ns)   --->   "%mul_ln73_110 = mul i23 %sext_ln70_47, i23 43" [firmware/nnet_utils/nnet_mult.h:73->firmware/nnet_utils/nnet_dense_latency.h:42->firmware/nnet_utils/nnet_dense_stream.h:17]   --->   Operation 103 'mul' 'mul_ln73_110' <Predicate = true> <Delay = 3.57> <CoreInst = "Multiplier">   --->   Core 3 'Multiplier' <Latency = 0> <II = 1> <Delay = 3.57> <FuncUnit> <Opcode : 'mul'> <InPorts = 2> <OutPorts = 1>
ST_1 : Operation 104 [1/1] (0.00ns)   --->   "%sext_ln70_51 = sext i16 %data_9_val10_read" [firmware/nnet_utils/nnet_mult.h:70->firmware/nnet_utils/nnet_dense_latency.h:42->firmware/nnet_utils/nnet_dense_stream.h:17]   --->   Operation 104 'sext' 'sext_ln70_51' <Predicate = true> <Delay = 0.00>
ST_1 : Operation 105 [1/1] (0.00ns)   --->   "%sext_ln70_53 = sext i16 %data_9_val10_read" [firmware/nnet_utils/nnet_mult.h:70->firmware/nnet_utils/nnet_dense_latency.h:42->firmware/nnet_utils/nnet_dense_stream.h:17]   --->   Operation 105 'sext' 'sext_ln70_53' <Predicate = true> <Delay = 0.00>
ST_1 : Operation 106 [1/1] (3.57ns)   --->   "%mul_ln73_121 = mul i23 %sext_ln70_53, i23 8388566" [firmware/nnet_utils/nnet_mult.h:73->firmware/nnet_utils/nnet_dense_latency.h:42->firmware/nnet_utils/nnet_dense_stream.h:17]   --->   Operation 106 'mul' 'mul_ln73_121' <Predicate = true> <Delay = 3.57> <CoreInst = "Multiplier">   --->   Core 3 'Multiplier' <Latency = 0> <II = 1> <Delay = 3.57> <FuncUnit> <Opcode : 'mul'> <InPorts = 2> <OutPorts = 1>
ST_1 : Operation 107 [1/1] (3.57ns)   --->   "%mul_ln73_125 = mul i24 %sext_ln70_51, i24 93" [firmware/nnet_utils/nnet_mult.h:73->firmware/nnet_utils/nnet_dense_latency.h:42->firmware/nnet_utils/nnet_dense_stream.h:17]   --->   Operation 107 'mul' 'mul_ln73_125' <Predicate = true> <Delay = 3.57> <CoreInst = "Multiplier">   --->   Core 3 'Multiplier' <Latency = 0> <II = 1> <Delay = 3.57> <FuncUnit> <Opcode : 'mul'> <InPorts = 2> <OutPorts = 1>
ST_1 : Operation 108 [1/1] (0.00ns)   --->   "%sext_ln70_56 = sext i16 %data_10_val11_read" [firmware/nnet_utils/nnet_mult.h:70->firmware/nnet_utils/nnet_dense_latency.h:42->firmware/nnet_utils/nnet_dense_stream.h:17]   --->   Operation 108 'sext' 'sext_ln70_56' <Predicate = true> <Delay = 0.00>
ST_1 : Operation 109 [1/1] (0.00ns)   --->   "%sext_ln70_57 = sext i16 %data_10_val11_read" [firmware/nnet_utils/nnet_mult.h:70->firmware/nnet_utils/nnet_dense_latency.h:42->firmware/nnet_utils/nnet_dense_stream.h:17]   --->   Operation 109 'sext' 'sext_ln70_57' <Predicate = true> <Delay = 0.00>
ST_1 : Operation 110 [1/1] (0.00ns)   --->   "%sext_ln70_58 = sext i16 %data_10_val11_read" [firmware/nnet_utils/nnet_mult.h:70->firmware/nnet_utils/nnet_dense_latency.h:42->firmware/nnet_utils/nnet_dense_stream.h:17]   --->   Operation 110 'sext' 'sext_ln70_58' <Predicate = true> <Delay = 0.00>
ST_1 : Operation 111 [1/1] (3.57ns)   --->   "%mul_ln73_130 = mul i24 %sext_ln70_58, i24 16777137" [firmware/nnet_utils/nnet_mult.h:73->firmware/nnet_utils/nnet_dense_latency.h:42->firmware/nnet_utils/nnet_dense_stream.h:17]   --->   Operation 111 'mul' 'mul_ln73_130' <Predicate = true> <Delay = 3.57> <CoreInst = "Multiplier">   --->   Core 3 'Multiplier' <Latency = 0> <II = 1> <Delay = 3.57> <FuncUnit> <Opcode : 'mul'> <InPorts = 2> <OutPorts = 1>
ST_1 : Operation 112 [1/1] (3.57ns)   --->   "%mul_ln73_131 = mul i23 %sext_ln70_57, i23 8388571" [firmware/nnet_utils/nnet_mult.h:73->firmware/nnet_utils/nnet_dense_latency.h:42->firmware/nnet_utils/nnet_dense_stream.h:17]   --->   Operation 112 'mul' 'mul_ln73_131' <Predicate = true> <Delay = 3.57> <CoreInst = "Multiplier">   --->   Core 3 'Multiplier' <Latency = 0> <II = 1> <Delay = 3.57> <FuncUnit> <Opcode : 'mul'> <InPorts = 2> <OutPorts = 1>
ST_1 : Operation 113 [1/1] (3.57ns)   --->   "%mul_ln73_133 = mul i25 %sext_ln70_56, i25 33554229" [firmware/nnet_utils/nnet_mult.h:73->firmware/nnet_utils/nnet_dense_latency.h:42->firmware/nnet_utils/nnet_dense_stream.h:17]   --->   Operation 113 'mul' 'mul_ln73_133' <Predicate = true> <Delay = 3.57> <CoreInst = "Multiplier">   --->   Core 3 'Multiplier' <Latency = 0> <II = 1> <Delay = 3.57> <FuncUnit> <Opcode : 'mul'> <InPorts = 2> <OutPorts = 1>
ST_1 : Operation 114 [1/1] (3.57ns)   --->   "%mul_ln73_134 = mul i23 %sext_ln70_57, i23 38" [firmware/nnet_utils/nnet_mult.h:73->firmware/nnet_utils/nnet_dense_latency.h:42->firmware/nnet_utils/nnet_dense_stream.h:17]   --->   Operation 114 'mul' 'mul_ln73_134' <Predicate = true> <Delay = 3.57> <CoreInst = "Multiplier">   --->   Core 3 'Multiplier' <Latency = 0> <II = 1> <Delay = 3.57> <FuncUnit> <Opcode : 'mul'> <InPorts = 2> <OutPorts = 1>
ST_1 : Operation 115 [1/1] (3.57ns)   --->   "%mul_ln73_135 = mul i24 %sext_ln70_58, i24 16777117" [firmware/nnet_utils/nnet_mult.h:73->firmware/nnet_utils/nnet_dense_latency.h:42->firmware/nnet_utils/nnet_dense_stream.h:17]   --->   Operation 115 'mul' 'mul_ln73_135' <Predicate = true> <Delay = 3.57> <CoreInst = "Multiplier">   --->   Core 3 'Multiplier' <Latency = 0> <II = 1> <Delay = 3.57> <FuncUnit> <Opcode : 'mul'> <InPorts = 2> <OutPorts = 1>
ST_1 : Operation 116 [1/1] (0.00ns)   --->   "%sext_ln70_59 = sext i16 %data_11_val12_read" [firmware/nnet_utils/nnet_mult.h:70->firmware/nnet_utils/nnet_dense_latency.h:42->firmware/nnet_utils/nnet_dense_stream.h:17]   --->   Operation 116 'sext' 'sext_ln70_59' <Predicate = true> <Delay = 0.00>
ST_1 : Operation 117 [1/1] (3.57ns)   --->   "%mul_ln73_142 = mul i24 %sext_ln70_59, i24 133" [firmware/nnet_utils/nnet_mult.h:73->firmware/nnet_utils/nnet_dense_latency.h:42->firmware/nnet_utils/nnet_dense_stream.h:17]   --->   Operation 117 'mul' 'mul_ln73_142' <Predicate = true> <Delay = 3.57> <CoreInst = "Multiplier">   --->   Core 3 'Multiplier' <Latency = 0> <II = 1> <Delay = 3.57> <FuncUnit> <Opcode : 'mul'> <InPorts = 2> <OutPorts = 1>
ST_1 : Operation 118 [1/1] (3.57ns)   --->   "%mul_ln73_145 = mul i24 %sext_ln70_59, i24 99" [firmware/nnet_utils/nnet_mult.h:73->firmware/nnet_utils/nnet_dense_latency.h:42->firmware/nnet_utils/nnet_dense_stream.h:17]   --->   Operation 118 'mul' 'mul_ln73_145' <Predicate = true> <Delay = 3.57> <CoreInst = "Multiplier">   --->   Core 3 'Multiplier' <Latency = 0> <II = 1> <Delay = 3.57> <FuncUnit> <Opcode : 'mul'> <InPorts = 2> <OutPorts = 1>
ST_1 : Operation 119 [1/1] (0.00ns) (grouped into TernaryAdder)   --->   "%add_ln58_60 = add i23 %sext_ln73_31, i23 %sext_ln73_37" [firmware/nnet_utils/nnet_dense_latency.h:58->firmware/nnet_utils/nnet_dense_stream.h:17]   --->   Operation 119 'add' 'add_ln58_60' <Predicate = true> <Delay = 0.00> <CoreInst = "TAddSub">   --->   Core 10 'TAddSub' <Latency = 0> <II = 1> <Delay = 0.52> <IPBlock> <Opcode : '' 'add' 'sub'> <InPorts = 3> <OutPorts = 1> <Sync> <CReg>
ST_1 : Operation 120 [1/1] (1.42ns)   --->   "%add_ln58_61 = add i18 %sext_ln73_32, i18 67584" [firmware/nnet_utils/nnet_dense_latency.h:58->firmware/nnet_utils/nnet_dense_stream.h:17]   --->   Operation 120 'add' 'add_ln58_61' <Predicate = true> <Delay = 1.42> <CoreInst = "Adder">   --->   Core 1 'Adder' <Latency = 0> <II = 1> <Delay = 1.42> <FuncUnit> <Opcode : 'add' 'sub'> <InPorts = 2> <OutPorts = 1>
ST_1 : Operation 121 [1/1] (0.00ns)   --->   "%zext_ln58 = zext i18 %add_ln58_61" [firmware/nnet_utils/nnet_dense_latency.h:58->firmware/nnet_utils/nnet_dense_stream.h:17]   --->   Operation 121 'zext' 'zext_ln58' <Predicate = true> <Delay = 0.00>
ST_1 : Operation 122 [1/1] (1.03ns) (root node of TernaryAdder)   --->   "%add_ln58_62 = add i23 %zext_ln58, i23 %add_ln58_60" [firmware/nnet_utils/nnet_dense_latency.h:58->firmware/nnet_utils/nnet_dense_stream.h:17]   --->   Operation 122 'add' 'add_ln58_62' <Predicate = true> <Delay = 1.03> <CoreInst = "TAddSub">   --->   Core 10 'TAddSub' <Latency = 0> <II = 1> <Delay = 0.52> <IPBlock> <Opcode : '' 'add' 'sub'> <InPorts = 3> <OutPorts = 1> <Sync> <CReg>

State 2 <SV = 1> <Delay = 3.57>
ST_2 : Operation 123 [1/1] (3.57ns)   --->   "%mul_ln73 = mul i25 %sext_ln73, i25 296" [firmware/nnet_utils/nnet_mult.h:73->firmware/nnet_utils/nnet_dense_latency.h:42->firmware/nnet_utils/nnet_dense_stream.h:17]   --->   Operation 123 'mul' 'mul_ln73' <Predicate = true> <Delay = 3.57> <CoreInst = "Multiplier">   --->   Core 3 'Multiplier' <Latency = 0> <II = 1> <Delay = 3.57> <FuncUnit> <Opcode : 'mul'> <InPorts = 2> <OutPorts = 1>
ST_2 : Operation 124 [1/1] (3.57ns)   --->   "%mul_ln73_48 = mul i25 %sext_ln73, i25 417" [firmware/nnet_utils/nnet_mult.h:73->firmware/nnet_utils/nnet_dense_latency.h:42->firmware/nnet_utils/nnet_dense_stream.h:17]   --->   Operation 124 'mul' 'mul_ln73_48' <Predicate = true> <Delay = 3.57> <CoreInst = "Multiplier">   --->   Core 3 'Multiplier' <Latency = 0> <II = 1> <Delay = 3.57> <FuncUnit> <Opcode : 'mul'> <InPorts = 2> <OutPorts = 1>
ST_2 : Operation 125 [1/1] (0.00ns)   --->   "%sext_ln70_26 = sext i16 %data_1_val2_read" [firmware/nnet_utils/nnet_mult.h:70->firmware/nnet_utils/nnet_dense_latency.h:42->firmware/nnet_utils/nnet_dense_stream.h:17]   --->   Operation 125 'sext' 'sext_ln70_26' <Predicate = true> <Delay = 0.00>
ST_2 : Operation 126 [1/1] (0.00ns)   --->   "%shl_ln73_13 = bitconcatenate i22 @_ssdm_op_BitConcatenate.i22.i16.i6, i16 %data_1_val2_read, i6 0" [firmware/nnet_utils/nnet_mult.h:73->firmware/nnet_utils/nnet_dense_latency.h:42->firmware/nnet_utils/nnet_dense_stream.h:17]   --->   Operation 126 'bitconcatenate' 'shl_ln73_13' <Predicate = true> <Delay = 0.00>
ST_2 : Operation 127 [1/1] (0.00ns)   --->   "%sext_ln73_33 = sext i22 %shl_ln73_13" [firmware/nnet_utils/nnet_mult.h:73->firmware/nnet_utils/nnet_dense_latency.h:42->firmware/nnet_utils/nnet_dense_stream.h:17]   --->   Operation 127 'sext' 'sext_ln73_33' <Predicate = true> <Delay = 0.00>
ST_2 : Operation 128 [1/1] (0.00ns)   --->   "%shl_ln73_14 = bitconcatenate i19 @_ssdm_op_BitConcatenate.i19.i16.i3, i16 %data_1_val2_read, i3 0" [firmware/nnet_utils/nnet_mult.h:73->firmware/nnet_utils/nnet_dense_latency.h:42->firmware/nnet_utils/nnet_dense_stream.h:17]   --->   Operation 128 'bitconcatenate' 'shl_ln73_14' <Predicate = true> <Delay = 0.00>
ST_2 : Operation 129 [1/1] (0.00ns)   --->   "%sext_ln73_34 = sext i19 %shl_ln73_14" [firmware/nnet_utils/nnet_mult.h:73->firmware/nnet_utils/nnet_dense_latency.h:42->firmware/nnet_utils/nnet_dense_stream.h:17]   --->   Operation 129 'sext' 'sext_ln73_34' <Predicate = true> <Delay = 0.00>
ST_2 : Operation 130 [1/1] (0.00ns) (grouped into TernaryAdder)   --->   "%add_ln73 = add i23 %sext_ln73_33, i23 %sext_ln73_34" [firmware/nnet_utils/nnet_mult.h:73->firmware/nnet_utils/nnet_dense_latency.h:42->firmware/nnet_utils/nnet_dense_stream.h:17]   --->   Operation 130 'add' 'add_ln73' <Predicate = true> <Delay = 0.00> <CoreInst = "TAddSub">   --->   Core 10 'TAddSub' <Latency = 0> <II = 1> <Delay = 0.52> <IPBlock> <Opcode : '' 'add' 'sub'> <InPorts = 3> <OutPorts = 1> <Sync> <CReg>
ST_2 : Operation 131 [1/1] (0.00ns)   --->   "%sext_ln73_36 = sext i25 %mul_ln73_51" [firmware/nnet_utils/nnet_mult.h:73->firmware/nnet_utils/nnet_dense_latency.h:42->firmware/nnet_utils/nnet_dense_stream.h:17]   --->   Operation 131 'sext' 'sext_ln73_36' <Predicate = true> <Delay = 0.00>
ST_2 : Operation 132 [1/1] (3.57ns)   --->   "%mul_ln73_56 = mul i24 %sext_ln70_26, i24 100" [firmware/nnet_utils/nnet_mult.h:73->firmware/nnet_utils/nnet_dense_latency.h:42->firmware/nnet_utils/nnet_dense_stream.h:17]   --->   Operation 132 'mul' 'mul_ln73_56' <Predicate = true> <Delay = 3.57> <CoreInst = "Multiplier">   --->   Core 3 'Multiplier' <Latency = 0> <II = 1> <Delay = 3.57> <FuncUnit> <Opcode : 'mul'> <InPorts = 2> <OutPorts = 1>
ST_2 : Operation 133 [1/1] (3.57ns)   --->   "%mul_ln73_57 = mul i25 %sext_ln70_30, i25 232" [firmware/nnet_utils/nnet_mult.h:73->firmware/nnet_utils/nnet_dense_latency.h:42->firmware/nnet_utils/nnet_dense_stream.h:17]   --->   Operation 133 'mul' 'mul_ln73_57' <Predicate = true> <Delay = 3.57> <CoreInst = "Multiplier">   --->   Core 3 'Multiplier' <Latency = 0> <II = 1> <Delay = 3.57> <FuncUnit> <Opcode : 'mul'> <InPorts = 2> <OutPorts = 1>
ST_2 : Operation 134 [1/1] (3.57ns)   --->   "%mul_ln73_58 = mul i25 %sext_ln70_30, i25 33554068" [firmware/nnet_utils/nnet_mult.h:73->firmware/nnet_utils/nnet_dense_latency.h:42->firmware/nnet_utils/nnet_dense_stream.h:17]   --->   Operation 134 'mul' 'mul_ln73_58' <Predicate = true> <Delay = 3.57> <CoreInst = "Multiplier">   --->   Core 3 'Multiplier' <Latency = 0> <II = 1> <Delay = 3.57> <FuncUnit> <Opcode : 'mul'> <InPorts = 2> <OutPorts = 1>
ST_2 : Operation 135 [1/1] (0.00ns)   --->   "%sext_ln73_41 = sext i24 %sub_ln73_8" [firmware/nnet_utils/nnet_mult.h:73->firmware/nnet_utils/nnet_dense_latency.h:42->firmware/nnet_utils/nnet_dense_stream.h:17]   --->   Operation 135 'sext' 'sext_ln73_41' <Predicate = true> <Delay = 0.00>
ST_2 : Operation 136 [1/1] (3.57ns)   --->   "%mul_ln73_61 = mul i26 %sext_ln70_29, i26 362" [firmware/nnet_utils/nnet_mult.h:73->firmware/nnet_utils/nnet_dense_latency.h:42->firmware/nnet_utils/nnet_dense_stream.h:17]   --->   Operation 136 'mul' 'mul_ln73_61' <Predicate = true> <Delay = 3.57> <CoreInst = "Multiplier">   --->   Core 3 'Multiplier' <Latency = 0> <II = 1> <Delay = 3.57> <FuncUnit> <Opcode : 'mul'> <InPorts = 2> <OutPorts = 1>
ST_2 : Operation 137 [1/1] (0.00ns)   --->   "%sext_ln73_43 = sext i25 %mul_ln73_64" [firmware/nnet_utils/nnet_mult.h:73->firmware/nnet_utils/nnet_dense_latency.h:42->firmware/nnet_utils/nnet_dense_stream.h:17]   --->   Operation 137 'sext' 'sext_ln73_43' <Predicate = true> <Delay = 0.00>
ST_2 : Operation 138 [1/1] (3.57ns)   --->   "%mul_ln73_65 = mul i26 %sext_ln70_29, i26 303" [firmware/nnet_utils/nnet_mult.h:73->firmware/nnet_utils/nnet_dense_latency.h:42->firmware/nnet_utils/nnet_dense_stream.h:17]   --->   Operation 138 'mul' 'mul_ln73_65' <Predicate = true> <Delay = 3.57> <CoreInst = "Multiplier">   --->   Core 3 'Multiplier' <Latency = 0> <II = 1> <Delay = 3.57> <FuncUnit> <Opcode : 'mul'> <InPorts = 2> <OutPorts = 1>
ST_2 : Operation 139 [1/1] (3.57ns)   --->   "%mul_ln73_66 = mul i26 %sext_ln70_34, i26 402" [firmware/nnet_utils/nnet_mult.h:73->firmware/nnet_utils/nnet_dense_latency.h:42->firmware/nnet_utils/nnet_dense_stream.h:17]   --->   Operation 139 'mul' 'mul_ln73_66' <Predicate = true> <Delay = 3.57> <CoreInst = "Multiplier">   --->   Core 3 'Multiplier' <Latency = 0> <II = 1> <Delay = 3.57> <FuncUnit> <Opcode : 'mul'> <InPorts = 2> <OutPorts = 1>
ST_2 : Operation 140 [1/1] (3.57ns)   --->   "%mul_ln73_67 = mul i26 %sext_ln70_34, i26 67108541" [firmware/nnet_utils/nnet_mult.h:73->firmware/nnet_utils/nnet_dense_latency.h:42->firmware/nnet_utils/nnet_dense_stream.h:17]   --->   Operation 140 'mul' 'mul_ln73_67' <Predicate = true> <Delay = 3.57> <CoreInst = "Multiplier">   --->   Core 3 'Multiplier' <Latency = 0> <II = 1> <Delay = 3.57> <FuncUnit> <Opcode : 'mul'> <InPorts = 2> <OutPorts = 1>
ST_2 : Operation 141 [1/1] (3.57ns)   --->   "%mul_ln73_68 = mul i26 %sext_ln70_34, i26 425" [firmware/nnet_utils/nnet_mult.h:73->firmware/nnet_utils/nnet_dense_latency.h:42->firmware/nnet_utils/nnet_dense_stream.h:17]   --->   Operation 141 'mul' 'mul_ln73_68' <Predicate = true> <Delay = 3.57> <CoreInst = "Multiplier">   --->   Core 3 'Multiplier' <Latency = 0> <II = 1> <Delay = 3.57> <FuncUnit> <Opcode : 'mul'> <InPorts = 2> <OutPorts = 1>
ST_2 : Operation 142 [1/1] (3.57ns)   --->   "%mul_ln73_69 = mul i25 %sext_ln70_33, i25 193" [firmware/nnet_utils/nnet_mult.h:73->firmware/nnet_utils/nnet_dense_latency.h:42->firmware/nnet_utils/nnet_dense_stream.h:17]   --->   Operation 142 'mul' 'mul_ln73_69' <Predicate = true> <Delay = 3.57> <CoreInst = "Multiplier">   --->   Core 3 'Multiplier' <Latency = 0> <II = 1> <Delay = 3.57> <FuncUnit> <Opcode : 'mul'> <InPorts = 2> <OutPorts = 1>
ST_2 : Operation 143 [1/1] (0.00ns)   --->   "%sext_ln73_45 = sext i26 %mul_ln73_70" [firmware/nnet_utils/nnet_mult.h:73->firmware/nnet_utils/nnet_dense_latency.h:42->firmware/nnet_utils/nnet_dense_stream.h:17]   --->   Operation 143 'sext' 'sext_ln73_45' <Predicate = true> <Delay = 0.00>
ST_2 : Operation 144 [1/1] (3.57ns)   --->   "%mul_ln73_71 = mul i25 %sext_ln70_33, i25 222" [firmware/nnet_utils/nnet_mult.h:73->firmware/nnet_utils/nnet_dense_latency.h:42->firmware/nnet_utils/nnet_dense_stream.h:17]   --->   Operation 144 'mul' 'mul_ln73_71' <Predicate = true> <Delay = 3.57> <CoreInst = "Multiplier">   --->   Core 3 'Multiplier' <Latency = 0> <II = 1> <Delay = 3.57> <FuncUnit> <Opcode : 'mul'> <InPorts = 2> <OutPorts = 1>
ST_2 : Operation 145 [1/1] (0.00ns)   --->   "%sext_ln73_47 = sext i23 %mul_ln73_72" [firmware/nnet_utils/nnet_mult.h:73->firmware/nnet_utils/nnet_dense_latency.h:42->firmware/nnet_utils/nnet_dense_stream.h:17]   --->   Operation 145 'sext' 'sext_ln73_47' <Predicate = true> <Delay = 0.00>
ST_2 : Operation 146 [1/1] (3.57ns)   --->   "%mul_ln73_75 = mul i26 %sext_ln70_34, i26 421" [firmware/nnet_utils/nnet_mult.h:73->firmware/nnet_utils/nnet_dense_latency.h:42->firmware/nnet_utils/nnet_dense_stream.h:17]   --->   Operation 146 'mul' 'mul_ln73_75' <Predicate = true> <Delay = 3.57> <CoreInst = "Multiplier">   --->   Core 3 'Multiplier' <Latency = 0> <II = 1> <Delay = 3.57> <FuncUnit> <Opcode : 'mul'> <InPorts = 2> <OutPorts = 1>
ST_2 : Operation 147 [1/1] (0.00ns)   --->   "%sext_ln70_35 = sext i16 %data_4_val5_read" [firmware/nnet_utils/nnet_mult.h:70->firmware/nnet_utils/nnet_dense_latency.h:42->firmware/nnet_utils/nnet_dense_stream.h:17]   --->   Operation 147 'sext' 'sext_ln70_35' <Predicate = true> <Delay = 0.00>
ST_2 : Operation 148 [1/1] (0.00ns)   --->   "%sext_ln70_36 = sext i16 %data_4_val5_read" [firmware/nnet_utils/nnet_mult.h:70->firmware/nnet_utils/nnet_dense_latency.h:42->firmware/nnet_utils/nnet_dense_stream.h:17]   --->   Operation 148 'sext' 'sext_ln70_36' <Predicate = true> <Delay = 0.00>
ST_2 : Operation 149 [1/1] (3.57ns)   --->   "%mul_ln73_76 = mul i26 %sext_ln70_37, i26 301" [firmware/nnet_utils/nnet_mult.h:73->firmware/nnet_utils/nnet_dense_latency.h:42->firmware/nnet_utils/nnet_dense_stream.h:17]   --->   Operation 149 'mul' 'mul_ln73_76' <Predicate = true> <Delay = 3.57> <CoreInst = "Multiplier">   --->   Core 3 'Multiplier' <Latency = 0> <II = 1> <Delay = 3.57> <FuncUnit> <Opcode : 'mul'> <InPorts = 2> <OutPorts = 1>
ST_2 : Operation 150 [1/1] (3.57ns)   --->   "%mul_ln73_77 = mul i24 %sext_ln70_36, i24 88" [firmware/nnet_utils/nnet_mult.h:73->firmware/nnet_utils/nnet_dense_latency.h:42->firmware/nnet_utils/nnet_dense_stream.h:17]   --->   Operation 150 'mul' 'mul_ln73_77' <Predicate = true> <Delay = 3.57> <CoreInst = "Multiplier">   --->   Core 3 'Multiplier' <Latency = 0> <II = 1> <Delay = 3.57> <FuncUnit> <Opcode : 'mul'> <InPorts = 2> <OutPorts = 1>
ST_2 : Operation 151 [1/1] (3.57ns)   --->   "%mul_ln73_79 = mul i25 %sext_ln70_35, i25 33554200" [firmware/nnet_utils/nnet_mult.h:73->firmware/nnet_utils/nnet_dense_latency.h:42->firmware/nnet_utils/nnet_dense_stream.h:17]   --->   Operation 151 'mul' 'mul_ln73_79' <Predicate = true> <Delay = 3.57> <CoreInst = "Multiplier">   --->   Core 3 'Multiplier' <Latency = 0> <II = 1> <Delay = 3.57> <FuncUnit> <Opcode : 'mul'> <InPorts = 2> <OutPorts = 1>
ST_2 : Operation 152 [1/1] (3.57ns)   --->   "%mul_ln73_81 = mul i25 %sext_ln70_35, i25 33554290" [firmware/nnet_utils/nnet_mult.h:73->firmware/nnet_utils/nnet_dense_latency.h:42->firmware/nnet_utils/nnet_dense_stream.h:17]   --->   Operation 152 'mul' 'mul_ln73_81' <Predicate = true> <Delay = 3.57> <CoreInst = "Multiplier">   --->   Core 3 'Multiplier' <Latency = 0> <II = 1> <Delay = 3.57> <FuncUnit> <Opcode : 'mul'> <InPorts = 2> <OutPorts = 1>
ST_2 : Operation 153 [1/1] (3.57ns)   --->   "%mul_ln73_82 = mul i26 %sext_ln70_37, i26 67108469" [firmware/nnet_utils/nnet_mult.h:73->firmware/nnet_utils/nnet_dense_latency.h:42->firmware/nnet_utils/nnet_dense_stream.h:17]   --->   Operation 153 'mul' 'mul_ln73_82' <Predicate = true> <Delay = 3.57> <CoreInst = "Multiplier">   --->   Core 3 'Multiplier' <Latency = 0> <II = 1> <Delay = 3.57> <FuncUnit> <Opcode : 'mul'> <InPorts = 2> <OutPorts = 1>
ST_2 : Operation 154 [1/1] (3.57ns)   --->   "%mul_ln73_85 = mul i26 %sext_ln70_37, i26 316" [firmware/nnet_utils/nnet_mult.h:73->firmware/nnet_utils/nnet_dense_latency.h:42->firmware/nnet_utils/nnet_dense_stream.h:17]   --->   Operation 154 'mul' 'mul_ln73_85' <Predicate = true> <Delay = 3.57> <CoreInst = "Multiplier">   --->   Core 3 'Multiplier' <Latency = 0> <II = 1> <Delay = 3.57> <FuncUnit> <Opcode : 'mul'> <InPorts = 2> <OutPorts = 1>
ST_2 : Operation 155 [1/1] (0.00ns)   --->   "%sext_ln73_51 = sext i25 %mul_ln73_86" [firmware/nnet_utils/nnet_mult.h:73->firmware/nnet_utils/nnet_dense_latency.h:42->firmware/nnet_utils/nnet_dense_stream.h:17]   --->   Operation 155 'sext' 'sext_ln73_51' <Predicate = true> <Delay = 0.00>
ST_2 : Operation 156 [1/1] (0.00ns)   --->   "%sext_ln73_52 = sext i24 %mul_ln73_88" [firmware/nnet_utils/nnet_mult.h:73->firmware/nnet_utils/nnet_dense_latency.h:42->firmware/nnet_utils/nnet_dense_stream.h:17]   --->   Operation 156 'sext' 'sext_ln73_52' <Predicate = true> <Delay = 0.00>
ST_2 : Operation 157 [1/1] (3.57ns)   --->   "%mul_ln73_89 = mul i26 %sext_ln70_38, i26 67108407" [firmware/nnet_utils/nnet_mult.h:73->firmware/nnet_utils/nnet_dense_latency.h:42->firmware/nnet_utils/nnet_dense_stream.h:17]   --->   Operation 157 'mul' 'mul_ln73_89' <Predicate = true> <Delay = 3.57> <CoreInst = "Multiplier">   --->   Core 3 'Multiplier' <Latency = 0> <II = 1> <Delay = 3.57> <FuncUnit> <Opcode : 'mul'> <InPorts = 2> <OutPorts = 1>
ST_2 : Operation 158 [1/1] (3.57ns)   --->   "%mul_ln73_91 = mul i26 %sext_ln70_38, i26 350" [firmware/nnet_utils/nnet_mult.h:73->firmware/nnet_utils/nnet_dense_latency.h:42->firmware/nnet_utils/nnet_dense_stream.h:17]   --->   Operation 158 'mul' 'mul_ln73_91' <Predicate = true> <Delay = 3.57> <CoreInst = "Multiplier">   --->   Core 3 'Multiplier' <Latency = 0> <II = 1> <Delay = 3.57> <FuncUnit> <Opcode : 'mul'> <InPorts = 2> <OutPorts = 1>
ST_2 : Operation 159 [1/1] (0.00ns)   --->   "%sext_ln73_55 = sext i25 %mul_ln73_93" [firmware/nnet_utils/nnet_mult.h:73->firmware/nnet_utils/nnet_dense_latency.h:42->firmware/nnet_utils/nnet_dense_stream.h:17]   --->   Operation 159 'sext' 'sext_ln73_55' <Predicate = true> <Delay = 0.00>
ST_2 : Operation 160 [1/1] (3.57ns)   --->   "%mul_ln73_95 = mul i26 %sext_ln70_38, i26 67108602" [firmware/nnet_utils/nnet_mult.h:73->firmware/nnet_utils/nnet_dense_latency.h:42->firmware/nnet_utils/nnet_dense_stream.h:17]   --->   Operation 160 'mul' 'mul_ln73_95' <Predicate = true> <Delay = 3.57> <CoreInst = "Multiplier">   --->   Core 3 'Multiplier' <Latency = 0> <II = 1> <Delay = 3.57> <FuncUnit> <Opcode : 'mul'> <InPorts = 2> <OutPorts = 1>
ST_2 : Operation 161 [1/1] (0.00ns)   --->   "%sext_ln73_61 = sext i26 %mul_ln73_101" [firmware/nnet_utils/nnet_mult.h:73->firmware/nnet_utils/nnet_dense_latency.h:42->firmware/nnet_utils/nnet_dense_stream.h:17]   --->   Operation 161 'sext' 'sext_ln73_61' <Predicate = true> <Delay = 0.00>
ST_2 : Operation 162 [1/1] (3.57ns)   --->   "%mul_ln73_105 = mul i26 %sext_ln70_46, i26 404" [firmware/nnet_utils/nnet_mult.h:73->firmware/nnet_utils/nnet_dense_latency.h:42->firmware/nnet_utils/nnet_dense_stream.h:17]   --->   Operation 162 'mul' 'mul_ln73_105' <Predicate = true> <Delay = 3.57> <CoreInst = "Multiplier">   --->   Core 3 'Multiplier' <Latency = 0> <II = 1> <Delay = 3.57> <FuncUnit> <Opcode : 'mul'> <InPorts = 2> <OutPorts = 1>
ST_2 : Operation 163 [1/1] (0.00ns)   --->   "%shl_ln73_20 = bitconcatenate i22 @_ssdm_op_BitConcatenate.i22.i16.i6, i16 %data_7_val8_read, i6 0" [firmware/nnet_utils/nnet_mult.h:73->firmware/nnet_utils/nnet_dense_latency.h:42->firmware/nnet_utils/nnet_dense_stream.h:17]   --->   Operation 163 'bitconcatenate' 'shl_ln73_20' <Predicate = true> <Delay = 0.00>
ST_2 : Operation 164 [1/1] (0.00ns)   --->   "%sext_ln73_64 = sext i22 %shl_ln73_20" [firmware/nnet_utils/nnet_mult.h:73->firmware/nnet_utils/nnet_dense_latency.h:42->firmware/nnet_utils/nnet_dense_stream.h:17]   --->   Operation 164 'sext' 'sext_ln73_64' <Predicate = true> <Delay = 0.00>
ST_2 : Operation 165 [1/1] (0.00ns)   --->   "%shl_ln73_21 = bitconcatenate i20 @_ssdm_op_BitConcatenate.i20.i16.i4, i16 %data_7_val8_read, i4 0" [firmware/nnet_utils/nnet_mult.h:73->firmware/nnet_utils/nnet_dense_latency.h:42->firmware/nnet_utils/nnet_dense_stream.h:17]   --->   Operation 165 'bitconcatenate' 'shl_ln73_21' <Predicate = true> <Delay = 0.00>
ST_2 : Operation 166 [1/1] (0.00ns)   --->   "%sext_ln73_65 = sext i20 %shl_ln73_21" [firmware/nnet_utils/nnet_mult.h:73->firmware/nnet_utils/nnet_dense_latency.h:42->firmware/nnet_utils/nnet_dense_stream.h:17]   --->   Operation 166 'sext' 'sext_ln73_65' <Predicate = true> <Delay = 0.00>
ST_2 : Operation 167 [1/1] (1.44ns)   --->   "%add_ln73_1 = add i23 %sext_ln73_64, i23 %sext_ln73_65" [firmware/nnet_utils/nnet_mult.h:73->firmware/nnet_utils/nnet_dense_latency.h:42->firmware/nnet_utils/nnet_dense_stream.h:17]   --->   Operation 167 'add' 'add_ln73_1' <Predicate = true> <Delay = 1.44> <CoreInst = "Adder">   --->   Core 1 'Adder' <Latency = 0> <II = 1> <Delay = 1.44> <FuncUnit> <Opcode : 'add' 'sub'> <InPorts = 2> <OutPorts = 1>
ST_2 : Operation 168 [1/1] (0.00ns)   --->   "%sext_ln73_66 = sext i23 %add_ln73_1" [firmware/nnet_utils/nnet_mult.h:73->firmware/nnet_utils/nnet_dense_latency.h:42->firmware/nnet_utils/nnet_dense_stream.h:17]   --->   Operation 168 'sext' 'sext_ln73_66' <Predicate = true> <Delay = 0.00>
ST_2 : Operation 169 [1/1] (3.57ns)   --->   "%mul_ln73_111 = mul i26 %sext_ln70_46, i26 67108395" [firmware/nnet_utils/nnet_mult.h:73->firmware/nnet_utils/nnet_dense_latency.h:42->firmware/nnet_utils/nnet_dense_stream.h:17]   --->   Operation 169 'mul' 'mul_ln73_111' <Predicate = true> <Delay = 3.57> <CoreInst = "Multiplier">   --->   Core 3 'Multiplier' <Latency = 0> <II = 1> <Delay = 3.57> <FuncUnit> <Opcode : 'mul'> <InPorts = 2> <OutPorts = 1>
ST_2 : Operation 170 [1/1] (0.00ns)   --->   "%sext_ln70_49 = sext i16 %data_8_val9_read" [firmware/nnet_utils/nnet_mult.h:70->firmware/nnet_utils/nnet_dense_latency.h:42->firmware/nnet_utils/nnet_dense_stream.h:17]   --->   Operation 170 'sext' 'sext_ln70_49' <Predicate = true> <Delay = 0.00>
ST_2 : Operation 171 [1/1] (0.00ns)   --->   "%sext_ln70_50 = sext i16 %data_8_val9_read" [firmware/nnet_utils/nnet_mult.h:70->firmware/nnet_utils/nnet_dense_latency.h:42->firmware/nnet_utils/nnet_dense_stream.h:17]   --->   Operation 171 'sext' 'sext_ln70_50' <Predicate = true> <Delay = 0.00>
ST_2 : Operation 172 [1/1] (3.57ns)   --->   "%mul_ln73_112 = mul i25 %sext_ln70_50, i25 33554242" [firmware/nnet_utils/nnet_mult.h:73->firmware/nnet_utils/nnet_dense_latency.h:42->firmware/nnet_utils/nnet_dense_stream.h:17]   --->   Operation 172 'mul' 'mul_ln73_112' <Predicate = true> <Delay = 3.57> <CoreInst = "Multiplier">   --->   Core 3 'Multiplier' <Latency = 0> <II = 1> <Delay = 3.57> <FuncUnit> <Opcode : 'mul'> <InPorts = 2> <OutPorts = 1>
ST_2 : Operation 173 [1/1] (0.00ns)   --->   "%shl_ln73_22 = bitconcatenate i24 @_ssdm_op_BitConcatenate.i24.i16.i8, i16 %data_8_val9_read, i8 0" [firmware/nnet_utils/nnet_mult.h:73->firmware/nnet_utils/nnet_dense_latency.h:42->firmware/nnet_utils/nnet_dense_stream.h:17]   --->   Operation 173 'bitconcatenate' 'shl_ln73_22' <Predicate = true> <Delay = 0.00>
ST_2 : Operation 174 [1/1] (0.00ns)   --->   "%sext_ln73_67 = sext i24 %shl_ln73_22" [firmware/nnet_utils/nnet_mult.h:73->firmware/nnet_utils/nnet_dense_latency.h:42->firmware/nnet_utils/nnet_dense_stream.h:17]   --->   Operation 174 'sext' 'sext_ln73_67' <Predicate = true> <Delay = 0.00>
ST_2 : Operation 175 [1/1] (0.00ns) (grouped into TernaryAdder)   --->   "%add_ln73_2 = add i25 %sext_ln73_67, i25 %sext_ln70_50" [firmware/nnet_utils/nnet_mult.h:73->firmware/nnet_utils/nnet_dense_latency.h:42->firmware/nnet_utils/nnet_dense_stream.h:17]   --->   Operation 175 'add' 'add_ln73_2' <Predicate = true> <Delay = 0.00> <CoreInst = "TAddSub">   --->   Core 10 'TAddSub' <Latency = 0> <II = 1> <Delay = 0.52> <IPBlock> <Opcode : '' 'add' 'sub'> <InPorts = 3> <OutPorts = 1> <Sync> <CReg>
ST_2 : Operation 176 [1/1] (0.00ns)   --->   "%shl_ln73_23 = bitconcatenate i21 @_ssdm_op_BitConcatenate.i21.i16.i5, i16 %data_8_val9_read, i5 0" [firmware/nnet_utils/nnet_mult.h:73->firmware/nnet_utils/nnet_dense_latency.h:42->firmware/nnet_utils/nnet_dense_stream.h:17]   --->   Operation 176 'bitconcatenate' 'shl_ln73_23' <Predicate = true> <Delay = 0.00>
ST_2 : Operation 177 [1/1] (0.00ns)   --->   "%sext_ln73_68 = sext i21 %shl_ln73_23" [firmware/nnet_utils/nnet_mult.h:73->firmware/nnet_utils/nnet_dense_latency.h:42->firmware/nnet_utils/nnet_dense_stream.h:17]   --->   Operation 177 'sext' 'sext_ln73_68' <Predicate = true> <Delay = 0.00>
ST_2 : Operation 178 [1/1] (0.00ns)   --->   "%shl_ln73_24 = bitconcatenate i19 @_ssdm_op_BitConcatenate.i19.i16.i3, i16 %data_8_val9_read, i3 0" [firmware/nnet_utils/nnet_mult.h:73->firmware/nnet_utils/nnet_dense_latency.h:42->firmware/nnet_utils/nnet_dense_stream.h:17]   --->   Operation 178 'bitconcatenate' 'shl_ln73_24' <Predicate = true> <Delay = 0.00>
ST_2 : Operation 179 [1/1] (0.00ns)   --->   "%sext_ln73_69 = sext i19 %shl_ln73_24" [firmware/nnet_utils/nnet_mult.h:73->firmware/nnet_utils/nnet_dense_latency.h:42->firmware/nnet_utils/nnet_dense_stream.h:17]   --->   Operation 179 'sext' 'sext_ln73_69' <Predicate = true> <Delay = 0.00>
ST_2 : Operation 180 [1/1] (1.43ns)   --->   "%sub_ln73_12 = sub i22 %sext_ln73_69, i22 %sext_ln73_68" [firmware/nnet_utils/nnet_mult.h:73->firmware/nnet_utils/nnet_dense_latency.h:42->firmware/nnet_utils/nnet_dense_stream.h:17]   --->   Operation 180 'sub' 'sub_ln73_12' <Predicate = true> <Delay = 1.43> <CoreInst = "Adder">   --->   Core 1 'Adder' <Latency = 0> <II = 1> <Delay = 1.44> <FuncUnit> <Opcode : 'add' 'sub'> <InPorts = 2> <OutPorts = 1>
ST_2 : Operation 181 [1/1] (0.00ns)   --->   "%sext_ln73_70 = sext i22 %sub_ln73_12" [firmware/nnet_utils/nnet_mult.h:73->firmware/nnet_utils/nnet_dense_latency.h:42->firmware/nnet_utils/nnet_dense_stream.h:17]   --->   Operation 181 'sext' 'sext_ln73_70' <Predicate = true> <Delay = 0.00>
ST_2 : Operation 182 [1/1] (3.57ns)   --->   "%mul_ln73_113 = mul i26 %sext_ln70_49, i26 67108398" [firmware/nnet_utils/nnet_mult.h:73->firmware/nnet_utils/nnet_dense_latency.h:42->firmware/nnet_utils/nnet_dense_stream.h:17]   --->   Operation 182 'mul' 'mul_ln73_113' <Predicate = true> <Delay = 3.57> <CoreInst = "Multiplier">   --->   Core 3 'Multiplier' <Latency = 0> <II = 1> <Delay = 3.57> <FuncUnit> <Opcode : 'mul'> <InPorts = 2> <OutPorts = 1>
ST_2 : Operation 183 [1/1] (3.57ns)   --->   "%mul_ln73_114 = mul i26 %sext_ln70_49, i26 67108603" [firmware/nnet_utils/nnet_mult.h:73->firmware/nnet_utils/nnet_dense_latency.h:42->firmware/nnet_utils/nnet_dense_stream.h:17]   --->   Operation 183 'mul' 'mul_ln73_114' <Predicate = true> <Delay = 3.57> <CoreInst = "Multiplier">   --->   Core 3 'Multiplier' <Latency = 0> <II = 1> <Delay = 3.57> <FuncUnit> <Opcode : 'mul'> <InPorts = 2> <OutPorts = 1>
ST_2 : Operation 184 [1/1] (3.57ns)   --->   "%mul_ln73_115 = mul i25 %sext_ln70_50, i25 253" [firmware/nnet_utils/nnet_mult.h:73->firmware/nnet_utils/nnet_dense_latency.h:42->firmware/nnet_utils/nnet_dense_stream.h:17]   --->   Operation 184 'mul' 'mul_ln73_115' <Predicate = true> <Delay = 3.57> <CoreInst = "Multiplier">   --->   Core 3 'Multiplier' <Latency = 0> <II = 1> <Delay = 3.57> <FuncUnit> <Opcode : 'mul'> <InPorts = 2> <OutPorts = 1>
ST_2 : Operation 185 [1/1] (3.57ns)   --->   "%mul_ln73_116 = mul i26 %sext_ln70_49, i26 456" [firmware/nnet_utils/nnet_mult.h:73->firmware/nnet_utils/nnet_dense_latency.h:42->firmware/nnet_utils/nnet_dense_stream.h:17]   --->   Operation 185 'mul' 'mul_ln73_116' <Predicate = true> <Delay = 3.57> <CoreInst = "Multiplier">   --->   Core 3 'Multiplier' <Latency = 0> <II = 1> <Delay = 3.57> <FuncUnit> <Opcode : 'mul'> <InPorts = 2> <OutPorts = 1>
ST_2 : Operation 186 [1/1] (3.57ns)   --->   "%mul_ln73_117 = mul i25 %sext_ln70_50, i25 220" [firmware/nnet_utils/nnet_mult.h:73->firmware/nnet_utils/nnet_dense_latency.h:42->firmware/nnet_utils/nnet_dense_stream.h:17]   --->   Operation 186 'mul' 'mul_ln73_117' <Predicate = true> <Delay = 3.57> <CoreInst = "Multiplier">   --->   Core 3 'Multiplier' <Latency = 0> <II = 1> <Delay = 3.57> <FuncUnit> <Opcode : 'mul'> <InPorts = 2> <OutPorts = 1>
ST_2 : Operation 187 [1/1] (3.57ns)   --->   "%mul_ln73_118 = mul i26 %sext_ln70_49, i26 284" [firmware/nnet_utils/nnet_mult.h:73->firmware/nnet_utils/nnet_dense_latency.h:42->firmware/nnet_utils/nnet_dense_stream.h:17]   --->   Operation 187 'mul' 'mul_ln73_118' <Predicate = true> <Delay = 3.57> <CoreInst = "Multiplier">   --->   Core 3 'Multiplier' <Latency = 0> <II = 1> <Delay = 3.57> <FuncUnit> <Opcode : 'mul'> <InPorts = 2> <OutPorts = 1>
ST_2 : Operation 188 [1/1] (3.57ns)   --->   "%mul_ln73_119 = mul i26 %sext_ln70_49, i26 67108442" [firmware/nnet_utils/nnet_mult.h:73->firmware/nnet_utils/nnet_dense_latency.h:42->firmware/nnet_utils/nnet_dense_stream.h:17]   --->   Operation 188 'mul' 'mul_ln73_119' <Predicate = true> <Delay = 3.57> <CoreInst = "Multiplier">   --->   Core 3 'Multiplier' <Latency = 0> <II = 1> <Delay = 3.57> <FuncUnit> <Opcode : 'mul'> <InPorts = 2> <OutPorts = 1>
ST_2 : Operation 189 [1/1] (0.00ns)   --->   "%sext_ln70_52 = sext i16 %data_9_val10_read" [firmware/nnet_utils/nnet_mult.h:70->firmware/nnet_utils/nnet_dense_latency.h:42->firmware/nnet_utils/nnet_dense_stream.h:17]   --->   Operation 189 'sext' 'sext_ln70_52' <Predicate = true> <Delay = 0.00>
ST_2 : Operation 190 [1/1] (0.00ns)   --->   "%sext_ln70_54 = sext i16 %data_9_val10_read" [firmware/nnet_utils/nnet_mult.h:70->firmware/nnet_utils/nnet_dense_latency.h:42->firmware/nnet_utils/nnet_dense_stream.h:17]   --->   Operation 190 'sext' 'sext_ln70_54' <Predicate = true> <Delay = 0.00>
ST_2 : Operation 191 [1/1] (3.57ns)   --->   "%mul_ln73_120 = mul i25 %sext_ln70_54, i25 195" [firmware/nnet_utils/nnet_mult.h:73->firmware/nnet_utils/nnet_dense_latency.h:42->firmware/nnet_utils/nnet_dense_stream.h:17]   --->   Operation 191 'mul' 'mul_ln73_120' <Predicate = true> <Delay = 3.57> <CoreInst = "Multiplier">   --->   Core 3 'Multiplier' <Latency = 0> <II = 1> <Delay = 3.57> <FuncUnit> <Opcode : 'mul'> <InPorts = 2> <OutPorts = 1>
ST_2 : Operation 192 [1/1] (3.57ns)   --->   "%mul_ln73_122 = mul i26 %sext_ln70_52, i26 67108521" [firmware/nnet_utils/nnet_mult.h:73->firmware/nnet_utils/nnet_dense_latency.h:42->firmware/nnet_utils/nnet_dense_stream.h:17]   --->   Operation 192 'mul' 'mul_ln73_122' <Predicate = true> <Delay = 3.57> <CoreInst = "Multiplier">   --->   Core 3 'Multiplier' <Latency = 0> <II = 1> <Delay = 3.57> <FuncUnit> <Opcode : 'mul'> <InPorts = 2> <OutPorts = 1>
ST_2 : Operation 193 [1/1] (3.57ns)   --->   "%mul_ln73_123 = mul i26 %sext_ln70_52, i26 67108403" [firmware/nnet_utils/nnet_mult.h:73->firmware/nnet_utils/nnet_dense_latency.h:42->firmware/nnet_utils/nnet_dense_stream.h:17]   --->   Operation 193 'mul' 'mul_ln73_123' <Predicate = true> <Delay = 3.57> <CoreInst = "Multiplier">   --->   Core 3 'Multiplier' <Latency = 0> <II = 1> <Delay = 3.57> <FuncUnit> <Opcode : 'mul'> <InPorts = 2> <OutPorts = 1>
ST_2 : Operation 194 [1/1] (3.57ns)   --->   "%mul_ln73_124 = mul i26 %sext_ln70_52, i26 67108469" [firmware/nnet_utils/nnet_mult.h:73->firmware/nnet_utils/nnet_dense_latency.h:42->firmware/nnet_utils/nnet_dense_stream.h:17]   --->   Operation 194 'mul' 'mul_ln73_124' <Predicate = true> <Delay = 3.57> <CoreInst = "Multiplier">   --->   Core 3 'Multiplier' <Latency = 0> <II = 1> <Delay = 3.57> <FuncUnit> <Opcode : 'mul'> <InPorts = 2> <OutPorts = 1>
ST_2 : Operation 195 [1/1] (3.57ns)   --->   "%mul_ln73_126 = mul i25 %sext_ln70_54, i25 138" [firmware/nnet_utils/nnet_mult.h:73->firmware/nnet_utils/nnet_dense_latency.h:42->firmware/nnet_utils/nnet_dense_stream.h:17]   --->   Operation 195 'mul' 'mul_ln73_126' <Predicate = true> <Delay = 3.57> <CoreInst = "Multiplier">   --->   Core 3 'Multiplier' <Latency = 0> <II = 1> <Delay = 3.57> <FuncUnit> <Opcode : 'mul'> <InPorts = 2> <OutPorts = 1>
ST_2 : Operation 196 [1/1] (0.00ns)   --->   "%shl_ln73_25 = bitconcatenate i19 @_ssdm_op_BitConcatenate.i19.i16.i3, i16 %data_9_val10_read, i3 0" [firmware/nnet_utils/nnet_mult.h:73->firmware/nnet_utils/nnet_dense_latency.h:42->firmware/nnet_utils/nnet_dense_stream.h:17]   --->   Operation 196 'bitconcatenate' 'shl_ln73_25' <Predicate = true> <Delay = 0.00>
ST_2 : Operation 197 [1/1] (0.00ns)   --->   "%sext_ln73_75 = sext i19 %shl_ln73_25" [firmware/nnet_utils/nnet_mult.h:73->firmware/nnet_utils/nnet_dense_latency.h:42->firmware/nnet_utils/nnet_dense_stream.h:17]   --->   Operation 197 'sext' 'sext_ln73_75' <Predicate = true> <Delay = 0.00>
ST_2 : Operation 198 [1/1] (0.00ns) (grouped into TernaryAdder)   --->   "%sub_ln73_13 = sub i20 0, i20 %sext_ln73_75" [firmware/nnet_utils/nnet_mult.h:73->firmware/nnet_utils/nnet_dense_latency.h:42->firmware/nnet_utils/nnet_dense_stream.h:17]   --->   Operation 198 'sub' 'sub_ln73_13' <Predicate = true> <Delay = 0.00> <CoreInst = "TAddSub">   --->   Core 10 'TAddSub' <Latency = 0> <II = 1> <Delay = 0.52> <IPBlock> <Opcode : '' 'add' 'sub'> <InPorts = 3> <OutPorts = 1> <Sync> <CReg>
ST_2 : Operation 199 [1/1] (0.00ns)   --->   "%shl_ln73_26 = bitconcatenate i17 @_ssdm_op_BitConcatenate.i17.i16.i1, i16 %data_9_val10_read, i1 0" [firmware/nnet_utils/nnet_mult.h:73->firmware/nnet_utils/nnet_dense_latency.h:42->firmware/nnet_utils/nnet_dense_stream.h:17]   --->   Operation 199 'bitconcatenate' 'shl_ln73_26' <Predicate = true> <Delay = 0.00>
ST_2 : Operation 200 [1/1] (0.00ns)   --->   "%sext_ln73_76 = sext i17 %shl_ln73_26" [firmware/nnet_utils/nnet_mult.h:73->firmware/nnet_utils/nnet_dense_latency.h:42->firmware/nnet_utils/nnet_dense_stream.h:17]   --->   Operation 200 'sext' 'sext_ln73_76' <Predicate = true> <Delay = 0.00>
ST_2 : Operation 201 [1/1] (1.01ns) (root node of TernaryAdder)   --->   "%sub_ln73_14 = sub i20 %sub_ln73_13, i20 %sext_ln73_76" [firmware/nnet_utils/nnet_mult.h:73->firmware/nnet_utils/nnet_dense_latency.h:42->firmware/nnet_utils/nnet_dense_stream.h:17]   --->   Operation 201 'sub' 'sub_ln73_14' <Predicate = true> <Delay = 1.01> <CoreInst = "TAddSub">   --->   Core 10 'TAddSub' <Latency = 0> <II = 1> <Delay = 0.52> <IPBlock> <Opcode : '' 'add' 'sub'> <InPorts = 3> <OutPorts = 1> <Sync> <CReg>
ST_2 : Operation 202 [1/1] (3.57ns)   --->   "%mul_ln73_127 = mul i25 %sext_ln70_54, i25 33554238" [firmware/nnet_utils/nnet_mult.h:73->firmware/nnet_utils/nnet_dense_latency.h:42->firmware/nnet_utils/nnet_dense_stream.h:17]   --->   Operation 202 'mul' 'mul_ln73_127' <Predicate = true> <Delay = 3.57> <CoreInst = "Multiplier">   --->   Core 3 'Multiplier' <Latency = 0> <II = 1> <Delay = 3.57> <FuncUnit> <Opcode : 'mul'> <InPorts = 2> <OutPorts = 1>
ST_2 : Operation 203 [1/1] (3.57ns)   --->   "%mul_ln73_128 = mul i26 %sext_ln70_52, i26 67108506" [firmware/nnet_utils/nnet_mult.h:73->firmware/nnet_utils/nnet_dense_latency.h:42->firmware/nnet_utils/nnet_dense_stream.h:17]   --->   Operation 203 'mul' 'mul_ln73_128' <Predicate = true> <Delay = 3.57> <CoreInst = "Multiplier">   --->   Core 3 'Multiplier' <Latency = 0> <II = 1> <Delay = 3.57> <FuncUnit> <Opcode : 'mul'> <InPorts = 2> <OutPorts = 1>
ST_2 : Operation 204 [1/1] (0.00ns)   --->   "%sext_ln70_55 = sext i16 %data_10_val11_read" [firmware/nnet_utils/nnet_mult.h:70->firmware/nnet_utils/nnet_dense_latency.h:42->firmware/nnet_utils/nnet_dense_stream.h:17]   --->   Operation 204 'sext' 'sext_ln70_55' <Predicate = true> <Delay = 0.00>
ST_2 : Operation 205 [1/1] (3.57ns)   --->   "%mul_ln73_129 = mul i24 %sext_ln70_58, i24 74" [firmware/nnet_utils/nnet_mult.h:73->firmware/nnet_utils/nnet_dense_latency.h:42->firmware/nnet_utils/nnet_dense_stream.h:17]   --->   Operation 205 'mul' 'mul_ln73_129' <Predicate = true> <Delay = 3.57> <CoreInst = "Multiplier">   --->   Core 3 'Multiplier' <Latency = 0> <II = 1> <Delay = 3.57> <FuncUnit> <Opcode : 'mul'> <InPorts = 2> <OutPorts = 1>
ST_2 : Operation 206 [1/1] (3.57ns)   --->   "%mul_ln73_132 = mul i25 %sext_ln70_56, i25 153" [firmware/nnet_utils/nnet_mult.h:73->firmware/nnet_utils/nnet_dense_latency.h:42->firmware/nnet_utils/nnet_dense_stream.h:17]   --->   Operation 206 'mul' 'mul_ln73_132' <Predicate = true> <Delay = 3.57> <CoreInst = "Multiplier">   --->   Core 3 'Multiplier' <Latency = 0> <II = 1> <Delay = 3.57> <FuncUnit> <Opcode : 'mul'> <InPorts = 2> <OutPorts = 1>
ST_2 : Operation 207 [1/1] (0.00ns)   --->   "%sext_ln73_80 = sext i23 %mul_ln73_134" [firmware/nnet_utils/nnet_mult.h:73->firmware/nnet_utils/nnet_dense_latency.h:42->firmware/nnet_utils/nnet_dense_stream.h:17]   --->   Operation 207 'sext' 'sext_ln73_80' <Predicate = true> <Delay = 0.00>
ST_2 : Operation 208 [1/1] (3.57ns)   --->   "%mul_ln73_136 = mul i24 %sext_ln70_58, i24 16777125" [firmware/nnet_utils/nnet_mult.h:73->firmware/nnet_utils/nnet_dense_latency.h:42->firmware/nnet_utils/nnet_dense_stream.h:17]   --->   Operation 208 'mul' 'mul_ln73_136' <Predicate = true> <Delay = 3.57> <CoreInst = "Multiplier">   --->   Core 3 'Multiplier' <Latency = 0> <II = 1> <Delay = 3.57> <FuncUnit> <Opcode : 'mul'> <InPorts = 2> <OutPorts = 1>
ST_2 : Operation 209 [1/1] (3.57ns)   --->   "%mul_ln73_137 = mul i26 %sext_ln70_55, i26 472" [firmware/nnet_utils/nnet_mult.h:73->firmware/nnet_utils/nnet_dense_latency.h:42->firmware/nnet_utils/nnet_dense_stream.h:17]   --->   Operation 209 'mul' 'mul_ln73_137' <Predicate = true> <Delay = 3.57> <CoreInst = "Multiplier">   --->   Core 3 'Multiplier' <Latency = 0> <II = 1> <Delay = 3.57> <FuncUnit> <Opcode : 'mul'> <InPorts = 2> <OutPorts = 1>
ST_2 : Operation 210 [1/1] (3.57ns)   --->   "%mul_ln73_138 = mul i25 %sext_ln70_56, i25 33554185" [firmware/nnet_utils/nnet_mult.h:73->firmware/nnet_utils/nnet_dense_latency.h:42->firmware/nnet_utils/nnet_dense_stream.h:17]   --->   Operation 210 'mul' 'mul_ln73_138' <Predicate = true> <Delay = 3.57> <CoreInst = "Multiplier">   --->   Core 3 'Multiplier' <Latency = 0> <II = 1> <Delay = 3.57> <FuncUnit> <Opcode : 'mul'> <InPorts = 2> <OutPorts = 1>
ST_2 : Operation 211 [1/1] (0.00ns)   --->   "%sext_ln70_60 = sext i16 %data_11_val12_read" [firmware/nnet_utils/nnet_mult.h:70->firmware/nnet_utils/nnet_dense_latency.h:42->firmware/nnet_utils/nnet_dense_stream.h:17]   --->   Operation 211 'sext' 'sext_ln70_60' <Predicate = true> <Delay = 0.00>
ST_2 : Operation 212 [1/1] (3.57ns)   --->   "%mul_ln73_141 = mul i25 %sext_ln70_60, i25 131" [firmware/nnet_utils/nnet_mult.h:73->firmware/nnet_utils/nnet_dense_latency.h:42->firmware/nnet_utils/nnet_dense_stream.h:17]   --->   Operation 212 'mul' 'mul_ln73_141' <Predicate = true> <Delay = 3.57> <CoreInst = "Multiplier">   --->   Core 3 'Multiplier' <Latency = 0> <II = 1> <Delay = 3.57> <FuncUnit> <Opcode : 'mul'> <InPorts = 2> <OutPorts = 1>
ST_2 : Operation 213 [1/1] (0.00ns)   --->   "%shl_ln73_27 = bitconcatenate i20 @_ssdm_op_BitConcatenate.i20.i16.i4, i16 %data_11_val12_read, i4 0" [firmware/nnet_utils/nnet_mult.h:73->firmware/nnet_utils/nnet_dense_latency.h:42->firmware/nnet_utils/nnet_dense_stream.h:17]   --->   Operation 213 'bitconcatenate' 'shl_ln73_27' <Predicate = true> <Delay = 0.00>
ST_2 : Operation 214 [1/1] (0.00ns)   --->   "%sext_ln73_84 = sext i20 %shl_ln73_27" [firmware/nnet_utils/nnet_mult.h:73->firmware/nnet_utils/nnet_dense_latency.h:42->firmware/nnet_utils/nnet_dense_stream.h:17]   --->   Operation 214 'sext' 'sext_ln73_84' <Predicate = true> <Delay = 0.00>
ST_2 : Operation 215 [1/1] (0.00ns)   --->   "%shl_ln73_28 = bitconcatenate i17 @_ssdm_op_BitConcatenate.i17.i16.i1, i16 %data_11_val12_read, i1 0" [firmware/nnet_utils/nnet_mult.h:73->firmware/nnet_utils/nnet_dense_latency.h:42->firmware/nnet_utils/nnet_dense_stream.h:17]   --->   Operation 215 'bitconcatenate' 'shl_ln73_28' <Predicate = true> <Delay = 0.00>
ST_2 : Operation 216 [1/1] (0.00ns)   --->   "%sext_ln73_85 = sext i17 %shl_ln73_28" [firmware/nnet_utils/nnet_mult.h:73->firmware/nnet_utils/nnet_dense_latency.h:42->firmware/nnet_utils/nnet_dense_stream.h:17]   --->   Operation 216 'sext' 'sext_ln73_85' <Predicate = true> <Delay = 0.00>
ST_2 : Operation 217 [1/1] (1.43ns)   --->   "%sub_ln73_15 = sub i21 %sext_ln73_85, i21 %sext_ln73_84" [firmware/nnet_utils/nnet_mult.h:73->firmware/nnet_utils/nnet_dense_latency.h:42->firmware/nnet_utils/nnet_dense_stream.h:17]   --->   Operation 217 'sub' 'sub_ln73_15' <Predicate = true> <Delay = 1.43> <CoreInst = "Adder">   --->   Core 1 'Adder' <Latency = 0> <II = 1> <Delay = 1.43> <FuncUnit> <Opcode : 'add' 'sub'> <InPorts = 2> <OutPorts = 1>
ST_2 : Operation 218 [1/1] (0.00ns)   --->   "%sext_ln73_86 = sext i21 %sub_ln73_15" [firmware/nnet_utils/nnet_mult.h:73->firmware/nnet_utils/nnet_dense_latency.h:42->firmware/nnet_utils/nnet_dense_stream.h:17]   --->   Operation 218 'sext' 'sext_ln73_86' <Predicate = true> <Delay = 0.00>
ST_2 : Operation 219 [1/1] (3.57ns)   --->   "%mul_ln73_144 = mul i25 %sext_ln70_60, i25 154" [firmware/nnet_utils/nnet_mult.h:73->firmware/nnet_utils/nnet_dense_latency.h:42->firmware/nnet_utils/nnet_dense_stream.h:17]   --->   Operation 219 'mul' 'mul_ln73_144' <Predicate = true> <Delay = 3.57> <CoreInst = "Multiplier">   --->   Core 3 'Multiplier' <Latency = 0> <II = 1> <Delay = 3.57> <FuncUnit> <Opcode : 'mul'> <InPorts = 2> <OutPorts = 1>
ST_2 : Operation 220 [1/1] (3.57ns)   --->   "%mul_ln73_146 = mul i25 %sext_ln70_60, i25 185" [firmware/nnet_utils/nnet_mult.h:73->firmware/nnet_utils/nnet_dense_latency.h:42->firmware/nnet_utils/nnet_dense_stream.h:17]   --->   Operation 220 'mul' 'mul_ln73_146' <Predicate = true> <Delay = 3.57> <CoreInst = "Multiplier">   --->   Core 3 'Multiplier' <Latency = 0> <II = 1> <Delay = 3.57> <FuncUnit> <Opcode : 'mul'> <InPorts = 2> <OutPorts = 1>
ST_2 : Operation 221 [1/1] (0.00ns)   --->   "%sext_ln70_62 = sext i16 %data_12_val13_read" [firmware/nnet_utils/nnet_mult.h:70->firmware/nnet_utils/nnet_dense_latency.h:42->firmware/nnet_utils/nnet_dense_stream.h:17]   --->   Operation 221 'sext' 'sext_ln70_62' <Predicate = true> <Delay = 0.00>
ST_2 : Operation 222 [1/1] (0.00ns)   --->   "%sext_ln70_63 = sext i16 %data_12_val13_read" [firmware/nnet_utils/nnet_mult.h:70->firmware/nnet_utils/nnet_dense_latency.h:42->firmware/nnet_utils/nnet_dense_stream.h:17]   --->   Operation 222 'sext' 'sext_ln70_63' <Predicate = true> <Delay = 0.00>
ST_2 : Operation 223 [1/1] (0.00ns)   --->   "%sext_ln70_64 = sext i16 %data_12_val13_read" [firmware/nnet_utils/nnet_mult.h:70->firmware/nnet_utils/nnet_dense_latency.h:42->firmware/nnet_utils/nnet_dense_stream.h:17]   --->   Operation 223 'sext' 'sext_ln70_64' <Predicate = true> <Delay = 0.00>
ST_2 : Operation 224 [1/1] (3.57ns)   --->   "%mul_ln73_148 = mul i26 %sext_ln70_64, i26 67108537" [firmware/nnet_utils/nnet_mult.h:73->firmware/nnet_utils/nnet_dense_latency.h:42->firmware/nnet_utils/nnet_dense_stream.h:17]   --->   Operation 224 'mul' 'mul_ln73_148' <Predicate = true> <Delay = 3.57> <CoreInst = "Multiplier">   --->   Core 3 'Multiplier' <Latency = 0> <II = 1> <Delay = 3.57> <FuncUnit> <Opcode : 'mul'> <InPorts = 2> <OutPorts = 1>
ST_2 : Operation 225 [1/1] (3.57ns)   --->   "%mul_ln73_149 = mul i25 %sext_ln70_63, i25 196" [firmware/nnet_utils/nnet_mult.h:73->firmware/nnet_utils/nnet_dense_latency.h:42->firmware/nnet_utils/nnet_dense_stream.h:17]   --->   Operation 225 'mul' 'mul_ln73_149' <Predicate = true> <Delay = 3.57> <CoreInst = "Multiplier">   --->   Core 3 'Multiplier' <Latency = 0> <II = 1> <Delay = 3.57> <FuncUnit> <Opcode : 'mul'> <InPorts = 2> <OutPorts = 1>
ST_2 : Operation 226 [1/1] (3.57ns)   --->   "%mul_ln73_150 = mul i24 %sext_ln70_62, i24 108" [firmware/nnet_utils/nnet_mult.h:73->firmware/nnet_utils/nnet_dense_latency.h:42->firmware/nnet_utils/nnet_dense_stream.h:17]   --->   Operation 226 'mul' 'mul_ln73_150' <Predicate = true> <Delay = 3.57> <CoreInst = "Multiplier">   --->   Core 3 'Multiplier' <Latency = 0> <II = 1> <Delay = 3.57> <FuncUnit> <Opcode : 'mul'> <InPorts = 2> <OutPorts = 1>
ST_2 : Operation 227 [1/1] (3.57ns)   --->   "%mul_ln73_151 = mul i26 %sext_ln70_64, i26 67108390" [firmware/nnet_utils/nnet_mult.h:73->firmware/nnet_utils/nnet_dense_latency.h:42->firmware/nnet_utils/nnet_dense_stream.h:17]   --->   Operation 227 'mul' 'mul_ln73_151' <Predicate = true> <Delay = 3.57> <CoreInst = "Multiplier">   --->   Core 3 'Multiplier' <Latency = 0> <II = 1> <Delay = 3.57> <FuncUnit> <Opcode : 'mul'> <InPorts = 2> <OutPorts = 1>
ST_2 : Operation 228 [1/1] (3.57ns)   --->   "%mul_ln73_152 = mul i25 %sext_ln70_63, i25 33554223" [firmware/nnet_utils/nnet_mult.h:73->firmware/nnet_utils/nnet_dense_latency.h:42->firmware/nnet_utils/nnet_dense_stream.h:17]   --->   Operation 228 'mul' 'mul_ln73_152' <Predicate = true> <Delay = 3.57> <CoreInst = "Multiplier">   --->   Core 3 'Multiplier' <Latency = 0> <II = 1> <Delay = 3.57> <FuncUnit> <Opcode : 'mul'> <InPorts = 2> <OutPorts = 1>
ST_2 : Operation 229 [1/1] (3.57ns)   --->   "%mul_ln73_153 = mul i26 %sext_ln70_64, i26 331" [firmware/nnet_utils/nnet_mult.h:73->firmware/nnet_utils/nnet_dense_latency.h:42->firmware/nnet_utils/nnet_dense_stream.h:17]   --->   Operation 229 'mul' 'mul_ln73_153' <Predicate = true> <Delay = 3.57> <CoreInst = "Multiplier">   --->   Core 3 'Multiplier' <Latency = 0> <II = 1> <Delay = 3.57> <FuncUnit> <Opcode : 'mul'> <InPorts = 2> <OutPorts = 1>
ST_2 : Operation 230 [1/1] (3.57ns)   --->   "%mul_ln73_154 = mul i25 %sext_ln70_63, i25 151" [firmware/nnet_utils/nnet_mult.h:73->firmware/nnet_utils/nnet_dense_latency.h:42->firmware/nnet_utils/nnet_dense_stream.h:17]   --->   Operation 230 'mul' 'mul_ln73_154' <Predicate = true> <Delay = 3.57> <CoreInst = "Multiplier">   --->   Core 3 'Multiplier' <Latency = 0> <II = 1> <Delay = 3.57> <FuncUnit> <Opcode : 'mul'> <InPorts = 2> <OutPorts = 1>
ST_2 : Operation 231 [1/1] (0.00ns)   --->   "%sext_ln70_67 = sext i16 %data_13_val14_read" [firmware/nnet_utils/nnet_mult.h:70->firmware/nnet_utils/nnet_dense_latency.h:42->firmware/nnet_utils/nnet_dense_stream.h:17]   --->   Operation 231 'sext' 'sext_ln70_67' <Predicate = true> <Delay = 0.00>
ST_2 : Operation 232 [1/1] (0.00ns)   --->   "%sext_ln73_94 = sext i16 %data_13_val14_read" [firmware/nnet_utils/nnet_mult.h:73->firmware/nnet_utils/nnet_dense_latency.h:42->firmware/nnet_utils/nnet_dense_stream.h:17]   --->   Operation 232 'sext' 'sext_ln73_94' <Predicate = true> <Delay = 0.00>
ST_2 : Operation 233 [1/1] (0.00ns)   --->   "%sext_ln70_68 = sext i16 %data_13_val14_read" [firmware/nnet_utils/nnet_mult.h:70->firmware/nnet_utils/nnet_dense_latency.h:42->firmware/nnet_utils/nnet_dense_stream.h:17]   --->   Operation 233 'sext' 'sext_ln70_68' <Predicate = true> <Delay = 0.00>
ST_2 : Operation 234 [1/1] (0.00ns)   --->   "%sext_ln70_69 = sext i16 %data_13_val14_read" [firmware/nnet_utils/nnet_mult.h:70->firmware/nnet_utils/nnet_dense_latency.h:42->firmware/nnet_utils/nnet_dense_stream.h:17]   --->   Operation 234 'sext' 'sext_ln70_69' <Predicate = true> <Delay = 0.00>
ST_2 : Operation 235 [1/1] (3.57ns)   --->   "%mul_ln73_156 = mul i25 %sext_ln70_69, i25 33554203" [firmware/nnet_utils/nnet_mult.h:73->firmware/nnet_utils/nnet_dense_latency.h:42->firmware/nnet_utils/nnet_dense_stream.h:17]   --->   Operation 235 'mul' 'mul_ln73_156' <Predicate = true> <Delay = 3.57> <CoreInst = "Multiplier">   --->   Core 3 'Multiplier' <Latency = 0> <II = 1> <Delay = 3.57> <FuncUnit> <Opcode : 'mul'> <InPorts = 2> <OutPorts = 1>
ST_2 : Operation 236 [1/1] (3.57ns)   --->   "%mul_ln73_157 = mul i26 %sext_ln73_94, i26 449" [firmware/nnet_utils/nnet_mult.h:73->firmware/nnet_utils/nnet_dense_latency.h:42->firmware/nnet_utils/nnet_dense_stream.h:17]   --->   Operation 236 'mul' 'mul_ln73_157' <Predicate = true> <Delay = 3.57> <CoreInst = "Multiplier">   --->   Core 3 'Multiplier' <Latency = 0> <II = 1> <Delay = 3.57> <FuncUnit> <Opcode : 'mul'> <InPorts = 2> <OutPorts = 1>
ST_2 : Operation 237 [1/1] (3.57ns)   --->   "%mul_ln73_158 = mul i26 %sext_ln73_94, i26 67108560" [firmware/nnet_utils/nnet_mult.h:73->firmware/nnet_utils/nnet_dense_latency.h:42->firmware/nnet_utils/nnet_dense_stream.h:17]   --->   Operation 237 'mul' 'mul_ln73_158' <Predicate = true> <Delay = 3.57> <CoreInst = "Multiplier">   --->   Core 3 'Multiplier' <Latency = 0> <II = 1> <Delay = 3.57> <FuncUnit> <Opcode : 'mul'> <InPorts = 2> <OutPorts = 1>
ST_2 : Operation 238 [1/1] (3.57ns)   --->   "%mul_ln73_159 = mul i24 %sext_ln70_68, i24 95" [firmware/nnet_utils/nnet_mult.h:73->firmware/nnet_utils/nnet_dense_latency.h:42->firmware/nnet_utils/nnet_dense_stream.h:17]   --->   Operation 238 'mul' 'mul_ln73_159' <Predicate = true> <Delay = 3.57> <CoreInst = "Multiplier">   --->   Core 3 'Multiplier' <Latency = 0> <II = 1> <Delay = 3.57> <FuncUnit> <Opcode : 'mul'> <InPorts = 2> <OutPorts = 1>
ST_2 : Operation 239 [1/1] (3.57ns)   --->   "%mul_ln73_160 = mul i26 %sext_ln73_94, i26 67108312" [firmware/nnet_utils/nnet_mult.h:73->firmware/nnet_utils/nnet_dense_latency.h:42->firmware/nnet_utils/nnet_dense_stream.h:17]   --->   Operation 239 'mul' 'mul_ln73_160' <Predicate = true> <Delay = 3.57> <CoreInst = "Multiplier">   --->   Core 3 'Multiplier' <Latency = 0> <II = 1> <Delay = 3.57> <FuncUnit> <Opcode : 'mul'> <InPorts = 2> <OutPorts = 1>
ST_2 : Operation 240 [1/1] (1.41ns)   --->   "%sub_ln73 = sub i17 0, i17 %sext_ln70_67" [firmware/nnet_utils/nnet_mult.h:73->firmware/nnet_utils/nnet_dense_latency.h:42->firmware/nnet_utils/nnet_dense_stream.h:17]   --->   Operation 240 'sub' 'sub_ln73' <Predicate = true> <Delay = 1.41> <CoreInst = "Adder">   --->   Core 1 'Adder' <Latency = 0> <II = 1> <Delay = 1.42> <FuncUnit> <Opcode : 'add' 'sub'> <InPorts = 2> <OutPorts = 1>
ST_2 : Operation 241 [1/1] (3.57ns)   --->   "%mul_ln73_161 = mul i25 %sext_ln70_69, i25 251" [firmware/nnet_utils/nnet_mult.h:73->firmware/nnet_utils/nnet_dense_latency.h:42->firmware/nnet_utils/nnet_dense_stream.h:17]   --->   Operation 241 'mul' 'mul_ln73_161' <Predicate = true> <Delay = 3.57> <CoreInst = "Multiplier">   --->   Core 3 'Multiplier' <Latency = 0> <II = 1> <Delay = 3.57> <FuncUnit> <Opcode : 'mul'> <InPorts = 2> <OutPorts = 1>
ST_2 : Operation 242 [1/1] (0.00ns)   --->   "%sext_ln73_96 = sext i16 %data_13_val14_read" [firmware/nnet_utils/nnet_mult.h:73->firmware/nnet_utils/nnet_dense_latency.h:42->firmware/nnet_utils/nnet_dense_stream.h:17]   --->   Operation 242 'sext' 'sext_ln73_96' <Predicate = true> <Delay = 0.00>
ST_2 : Operation 243 [1/1] (3.57ns)   --->   "%mul_ln73_162 = mul i23 %sext_ln73_96, i23 86" [firmware/nnet_utils/nnet_mult.h:73->firmware/nnet_utils/nnet_dense_latency.h:42->firmware/nnet_utils/nnet_dense_stream.h:17]   --->   Operation 243 'mul' 'mul_ln73_162' <Predicate = true> <Delay = 3.57> <CoreInst = "Multiplier">   --->   Core 3 'Multiplier' <Latency = 0> <II = 1> <Delay = 3.57> <FuncUnit> <Opcode : 'mul'> <InPorts = 2> <OutPorts = 1>
ST_2 : Operation 244 [1/1] (3.57ns)   --->   "%mul_ln73_163 = mul i26 %sext_ln73_94, i26 67108415" [firmware/nnet_utils/nnet_mult.h:73->firmware/nnet_utils/nnet_dense_latency.h:42->firmware/nnet_utils/nnet_dense_stream.h:17]   --->   Operation 244 'mul' 'mul_ln73_163' <Predicate = true> <Delay = 3.57> <CoreInst = "Multiplier">   --->   Core 3 'Multiplier' <Latency = 0> <II = 1> <Delay = 3.57> <FuncUnit> <Opcode : 'mul'> <InPorts = 2> <OutPorts = 1>
ST_2 : Operation 245 [1/1] (0.00ns)   --->   "%sext_ln70_73 = sext i16 %data_14_val15_read" [firmware/nnet_utils/nnet_mult.h:70->firmware/nnet_utils/nnet_dense_latency.h:42->firmware/nnet_utils/nnet_dense_stream.h:17]   --->   Operation 245 'sext' 'sext_ln70_73' <Predicate = true> <Delay = 0.00>
ST_2 : Operation 246 [1/1] (0.00ns)   --->   "%sext_ln70_74 = sext i16 %data_14_val15_read" [firmware/nnet_utils/nnet_mult.h:70->firmware/nnet_utils/nnet_dense_latency.h:42->firmware/nnet_utils/nnet_dense_stream.h:17]   --->   Operation 246 'sext' 'sext_ln70_74' <Predicate = true> <Delay = 0.00>
ST_2 : Operation 247 [1/1] (0.00ns)   --->   "%sext_ln70_76 = sext i16 %data_14_val15_read" [firmware/nnet_utils/nnet_mult.h:70->firmware/nnet_utils/nnet_dense_latency.h:42->firmware/nnet_utils/nnet_dense_stream.h:17]   --->   Operation 247 'sext' 'sext_ln70_76' <Predicate = true> <Delay = 0.00>
ST_2 : Operation 248 [1/1] (3.57ns)   --->   "%mul_ln73_166 = mul i26 %sext_ln70_76, i26 334" [firmware/nnet_utils/nnet_mult.h:73->firmware/nnet_utils/nnet_dense_latency.h:42->firmware/nnet_utils/nnet_dense_stream.h:17]   --->   Operation 248 'mul' 'mul_ln73_166' <Predicate = true> <Delay = 3.57> <CoreInst = "Multiplier">   --->   Core 3 'Multiplier' <Latency = 0> <II = 1> <Delay = 3.57> <FuncUnit> <Opcode : 'mul'> <InPorts = 2> <OutPorts = 1>
ST_2 : Operation 249 [1/1] (3.57ns)   --->   "%mul_ln73_168 = mul i25 %sext_ln70_74, i25 186" [firmware/nnet_utils/nnet_mult.h:73->firmware/nnet_utils/nnet_dense_latency.h:42->firmware/nnet_utils/nnet_dense_stream.h:17]   --->   Operation 249 'mul' 'mul_ln73_168' <Predicate = true> <Delay = 3.57> <CoreInst = "Multiplier">   --->   Core 3 'Multiplier' <Latency = 0> <II = 1> <Delay = 3.57> <FuncUnit> <Opcode : 'mul'> <InPorts = 2> <OutPorts = 1>
ST_2 : Operation 250 [1/1] (3.57ns)   --->   "%mul_ln73_169 = mul i25 %sext_ln70_74, i25 209" [firmware/nnet_utils/nnet_mult.h:73->firmware/nnet_utils/nnet_dense_latency.h:42->firmware/nnet_utils/nnet_dense_stream.h:17]   --->   Operation 250 'mul' 'mul_ln73_169' <Predicate = true> <Delay = 3.57> <CoreInst = "Multiplier">   --->   Core 3 'Multiplier' <Latency = 0> <II = 1> <Delay = 3.57> <FuncUnit> <Opcode : 'mul'> <InPorts = 2> <OutPorts = 1>
ST_2 : Operation 251 [1/1] (3.57ns)   --->   "%mul_ln73_171 = mul i25 %sext_ln70_74, i25 33554262" [firmware/nnet_utils/nnet_mult.h:73->firmware/nnet_utils/nnet_dense_latency.h:42->firmware/nnet_utils/nnet_dense_stream.h:17]   --->   Operation 251 'mul' 'mul_ln73_171' <Predicate = true> <Delay = 3.57> <CoreInst = "Multiplier">   --->   Core 3 'Multiplier' <Latency = 0> <II = 1> <Delay = 3.57> <FuncUnit> <Opcode : 'mul'> <InPorts = 2> <OutPorts = 1>
ST_2 : Operation 252 [1/1] (3.57ns)   --->   "%mul_ln73_172 = mul i23 %sext_ln70_73, i23 39" [firmware/nnet_utils/nnet_mult.h:73->firmware/nnet_utils/nnet_dense_latency.h:42->firmware/nnet_utils/nnet_dense_stream.h:17]   --->   Operation 252 'mul' 'mul_ln73_172' <Predicate = true> <Delay = 3.57> <CoreInst = "Multiplier">   --->   Core 3 'Multiplier' <Latency = 0> <II = 1> <Delay = 3.57> <FuncUnit> <Opcode : 'mul'> <InPorts = 2> <OutPorts = 1>
ST_2 : Operation 253 [1/1] (1.45ns)   --->   "%add_ln58 = add i25 %mul_ln73_42, i25 76800" [firmware/nnet_utils/nnet_dense_latency.h:58->firmware/nnet_utils/nnet_dense_stream.h:17]   --->   Operation 253 'add' 'add_ln58' <Predicate = true> <Delay = 1.45> <CoreInst = "Adder">   --->   Core 1 'Adder' <Latency = 0> <II = 1> <Delay = 1.45> <FuncUnit> <Opcode : 'add' 'sub'> <InPorts = 2> <OutPorts = 1>
ST_2 : Operation 254 [1/1] (0.00ns)   --->   "%sext_ln58_21 = sext i25 %add_ln58" [firmware/nnet_utils/nnet_dense_latency.h:58->firmware/nnet_utils/nnet_dense_stream.h:17]   --->   Operation 254 'sext' 'sext_ln58_21' <Predicate = true> <Delay = 0.00>
ST_2 : Operation 255 [1/1] (0.00ns) (grouped into TernaryAdder)   --->   "%add_ln58_50 = add i25 %mul_ln73_44, i25 33467392" [firmware/nnet_utils/nnet_dense_latency.h:58->firmware/nnet_utils/nnet_dense_stream.h:17]   --->   Operation 255 'add' 'add_ln58_50' <Predicate = true> <Delay = 0.00> <CoreInst = "TAddSub">   --->   Core 10 'TAddSub' <Latency = 0> <II = 1> <Delay = 0.52> <IPBlock> <Opcode : '' 'add' 'sub'> <InPorts = 3> <OutPorts = 1> <Sync> <CReg>
ST_2 : Operation 256 [1/1] (1.44ns)   --->   "%add_ln58_51 = add i23 %mul_ln73_45, i23 8326144" [firmware/nnet_utils/nnet_dense_latency.h:58->firmware/nnet_utils/nnet_dense_stream.h:17]   --->   Operation 256 'add' 'add_ln58_51' <Predicate = true> <Delay = 1.44> <CoreInst = "Adder">   --->   Core 1 'Adder' <Latency = 0> <II = 1> <Delay = 1.44> <FuncUnit> <Opcode : 'add' 'sub'> <InPorts = 2> <OutPorts = 1>
ST_2 : Operation 257 [1/1] (0.00ns)   --->   "%sext_ln58_23 = sext i23 %add_ln58_51" [firmware/nnet_utils/nnet_dense_latency.h:58->firmware/nnet_utils/nnet_dense_stream.h:17]   --->   Operation 257 'sext' 'sext_ln58_23' <Predicate = true> <Delay = 0.00>
ST_2 : Operation 258 [1/1] (1.03ns) (root node of TernaryAdder)   --->   "%add_ln58_53 = add i23 %add_ln73, i23 130048" [firmware/nnet_utils/nnet_dense_latency.h:58->firmware/nnet_utils/nnet_dense_stream.h:17]   --->   Operation 258 'add' 'add_ln58_53' <Predicate = true> <Delay = 1.03> <CoreInst = "TAddSub">   --->   Core 10 'TAddSub' <Latency = 0> <II = 1> <Delay = 0.52> <IPBlock> <Opcode : '' 'add' 'sub'> <InPorts = 3> <OutPorts = 1> <Sync> <CReg>
ST_2 : Operation 259 [1/1] (1.43ns)   --->   "%add_ln58_55 = add i21 %mul_ln73_49, i21 112640" [firmware/nnet_utils/nnet_dense_latency.h:58->firmware/nnet_utils/nnet_dense_stream.h:17]   --->   Operation 259 'add' 'add_ln58_55' <Predicate = true> <Delay = 1.43> <CoreInst = "Adder">   --->   Core 1 'Adder' <Latency = 0> <II = 1> <Delay = 1.43> <FuncUnit> <Opcode : 'add' 'sub'> <InPorts = 2> <OutPorts = 1>
ST_2 : Operation 260 [1/1] (0.00ns)   --->   "%sext_ln58_52 = sext i21 %add_ln58_55" [firmware/nnet_utils/nnet_dense_latency.h:58->firmware/nnet_utils/nnet_dense_stream.h:17]   --->   Operation 260 'sext' 'sext_ln58_52' <Predicate = true> <Delay = 0.00>
ST_2 : Operation 261 [1/1] (1.44ns)   --->   "%add_ln58_56 = add i23 %sext_ln58_52, i23 %mul_ln73_41" [firmware/nnet_utils/nnet_dense_latency.h:58->firmware/nnet_utils/nnet_dense_stream.h:17]   --->   Operation 261 'add' 'add_ln58_56' <Predicate = true> <Delay = 1.44> <CoreInst = "Adder">   --->   Core 1 'Adder' <Latency = 0> <II = 1> <Delay = 1.44> <FuncUnit> <Opcode : 'add' 'sub'> <InPorts = 2> <OutPorts = 1>
ST_2 : Operation 262 [1/1] (1.46ns)   --->   "%add_ln58_57 = add i26 %mul_ln73_50, i26 %sext_ln58_21" [firmware/nnet_utils/nnet_dense_latency.h:58->firmware/nnet_utils/nnet_dense_stream.h:17]   --->   Operation 262 'add' 'add_ln58_57' <Predicate = true> <Delay = 1.46> <CoreInst = "Adder">   --->   Core 1 'Adder' <Latency = 0> <II = 1> <Delay = 1.46> <FuncUnit> <Opcode : 'add' 'sub'> <InPorts = 2> <OutPorts = 1>
ST_2 : Operation 263 [1/1] (1.45ns)   --->   "%add_ln58_58 = add i25 %mul_ln73_53, i25 %sext_ln58_23" [firmware/nnet_utils/nnet_dense_latency.h:58->firmware/nnet_utils/nnet_dense_stream.h:17]   --->   Operation 263 'add' 'add_ln58_58' <Predicate = true> <Delay = 1.45> <CoreInst = "Adder">   --->   Core 1 'Adder' <Latency = 0> <II = 1> <Delay = 1.45> <FuncUnit> <Opcode : 'add' 'sub'> <InPorts = 2> <OutPorts = 1>
ST_2 : Operation 264 [1/1] (1.46ns)   --->   "%add_ln58_59 = add i26 %mul_ln73_54, i26 %mul_ln73_46" [firmware/nnet_utils/nnet_dense_latency.h:58->firmware/nnet_utils/nnet_dense_stream.h:17]   --->   Operation 264 'add' 'add_ln58_59' <Predicate = true> <Delay = 1.46> <CoreInst = "Adder">   --->   Core 1 'Adder' <Latency = 0> <II = 1> <Delay = 1.46> <FuncUnit> <Opcode : 'add' 'sub'> <InPorts = 2> <OutPorts = 1>
ST_2 : Operation 265 [1/1] (0.00ns)   --->   "%sext_ln58_30 = sext i23 %add_ln58_62" [firmware/nnet_utils/nnet_dense_latency.h:58->firmware/nnet_utils/nnet_dense_stream.h:17]   --->   Operation 265 'sext' 'sext_ln58_30' <Predicate = true> <Delay = 0.00>
ST_2 : Operation 266 [1/1] (0.00ns) (grouped into TernaryAdder)   --->   "%add_ln58_64 = add i26 %mul_ln73_43, i26 %sext_ln73_36" [firmware/nnet_utils/nnet_dense_latency.h:58->firmware/nnet_utils/nnet_dense_stream.h:17]   --->   Operation 266 'add' 'add_ln58_64' <Predicate = true> <Delay = 0.00> <CoreInst = "TAddSub">   --->   Core 10 'TAddSub' <Latency = 0> <II = 1> <Delay = 0.52> <IPBlock> <Opcode : '' 'add' 'sub'> <InPorts = 3> <OutPorts = 1> <Sync> <CReg>
ST_2 : Operation 267 [1/1] (1.04ns) (root node of TernaryAdder)   --->   "%add_ln58_65 = add i26 %add_ln58_64, i26 %mul_ln73_60" [firmware/nnet_utils/nnet_dense_latency.h:58->firmware/nnet_utils/nnet_dense_stream.h:17]   --->   Operation 267 'add' 'add_ln58_65' <Predicate = true> <Delay = 1.04> <CoreInst = "TAddSub">   --->   Core 10 'TAddSub' <Latency = 0> <II = 1> <Delay = 0.52> <IPBlock> <Opcode : '' 'add' 'sub'> <InPorts = 3> <OutPorts = 1> <Sync> <CReg>
ST_2 : Operation 268 [1/1] (1.04ns) (root node of TernaryAdder)   --->   "%add_ln58_66 = add i25 %add_ln58_50, i25 %sext_ln73_41" [firmware/nnet_utils/nnet_dense_latency.h:58->firmware/nnet_utils/nnet_dense_stream.h:17]   --->   Operation 268 'add' 'add_ln58_66' <Predicate = true> <Delay = 1.04> <CoreInst = "TAddSub">   --->   Core 10 'TAddSub' <Latency = 0> <II = 1> <Delay = 0.52> <IPBlock> <Opcode : '' 'add' 'sub'> <InPorts = 3> <OutPorts = 1> <Sync> <CReg>
ST_2 : Operation 269 [1/1] (0.00ns)   --->   "%sext_ln58_65 = sext i25 %add_ln58_66" [firmware/nnet_utils/nnet_dense_latency.h:58->firmware/nnet_utils/nnet_dense_stream.h:17]   --->   Operation 269 'sext' 'sext_ln58_65' <Predicate = true> <Delay = 0.00>
ST_2 : Operation 270 [1/1] (1.46ns)   --->   "%add_ln58_67 = add i26 %sext_ln58_65, i26 %mul_ln73_52" [firmware/nnet_utils/nnet_dense_latency.h:58->firmware/nnet_utils/nnet_dense_stream.h:17]   --->   Operation 270 'add' 'add_ln58_67' <Predicate = true> <Delay = 1.46> <CoreInst = "Adder">   --->   Core 1 'Adder' <Latency = 0> <II = 1> <Delay = 1.46> <FuncUnit> <Opcode : 'add' 'sub'> <InPorts = 2> <OutPorts = 1>
ST_2 : Operation 271 [1/1] (0.00ns)   --->   "%sext_ln58_33 = sext i26 %add_ln58_67" [firmware/nnet_utils/nnet_dense_latency.h:58->firmware/nnet_utils/nnet_dense_stream.h:17]   --->   Operation 271 'sext' 'sext_ln58_33' <Predicate = true> <Delay = 0.00>
ST_2 : Operation 272 [1/1] (0.00ns) (grouped into TernaryAdder)   --->   "%add_ln58_68 = add i26 %mul_ln73_47, i26 %sext_ln73_43" [firmware/nnet_utils/nnet_dense_latency.h:58->firmware/nnet_utils/nnet_dense_stream.h:17]   --->   Operation 272 'add' 'add_ln58_68' <Predicate = true> <Delay = 0.00> <CoreInst = "TAddSub">   --->   Core 10 'TAddSub' <Latency = 0> <II = 1> <Delay = 0.52> <IPBlock> <Opcode : '' 'add' 'sub'> <InPorts = 3> <OutPorts = 1> <Sync> <CReg>
ST_2 : Operation 273 [1/1] (1.04ns) (root node of TernaryAdder)   --->   "%add_ln58_69 = add i26 %add_ln58_68, i26 %mul_ln73_55" [firmware/nnet_utils/nnet_dense_latency.h:58->firmware/nnet_utils/nnet_dense_stream.h:17]   --->   Operation 273 'add' 'add_ln58_69' <Predicate = true> <Delay = 1.04> <CoreInst = "TAddSub">   --->   Core 10 'TAddSub' <Latency = 0> <II = 1> <Delay = 0.52> <IPBlock> <Opcode : '' 'add' 'sub'> <InPorts = 3> <OutPorts = 1> <Sync> <CReg>
ST_2 : Operation 274 [1/1] (0.00ns) (grouped into TernaryAdder)   --->   "%add_ln58_76 = add i25 %mul_ln73_63, i25 %sext_ln58_30" [firmware/nnet_utils/nnet_dense_latency.h:58->firmware/nnet_utils/nnet_dense_stream.h:17]   --->   Operation 274 'add' 'add_ln58_76' <Predicate = true> <Delay = 0.00> <CoreInst = "TAddSub">   --->   Core 10 'TAddSub' <Latency = 0> <II = 1> <Delay = 0.52> <IPBlock> <Opcode : '' 'add' 'sub'> <InPorts = 3> <OutPorts = 1> <Sync> <CReg>
ST_2 : Operation 275 [1/1] (1.04ns) (root node of TernaryAdder)   --->   "%add_ln58_77 = add i25 %add_ln58_76, i25 %mul_ln73_73" [firmware/nnet_utils/nnet_dense_latency.h:58->firmware/nnet_utils/nnet_dense_stream.h:17]   --->   Operation 275 'add' 'add_ln58_77' <Predicate = true> <Delay = 1.04> <CoreInst = "TAddSub">   --->   Core 10 'TAddSub' <Latency = 0> <II = 1> <Delay = 0.52> <IPBlock> <Opcode : '' 'add' 'sub'> <InPorts = 3> <OutPorts = 1> <Sync> <CReg>
ST_2 : Operation 276 [1/1] (0.00ns)   --->   "%sext_ln58_38 = sext i25 %add_ln58_77" [firmware/nnet_utils/nnet_dense_latency.h:58->firmware/nnet_utils/nnet_dense_stream.h:17]   --->   Operation 276 'sext' 'sext_ln58_38' <Predicate = true> <Delay = 0.00>
ST_2 : Operation 277 [1/1] (1.46ns)   --->   "%add_ln58_80 = add i26 %mul_ln73_83, i26 %sext_ln58_38" [firmware/nnet_utils/nnet_dense_latency.h:58->firmware/nnet_utils/nnet_dense_stream.h:17]   --->   Operation 277 'add' 'add_ln58_80' <Predicate = true> <Delay = 1.46> <CoreInst = "Adder">   --->   Core 1 'Adder' <Latency = 0> <II = 1> <Delay = 1.46> <FuncUnit> <Opcode : 'add' 'sub'> <InPorts = 2> <OutPorts = 1>
ST_2 : Operation 278 [1/1] (0.00ns)   --->   "%sext_ln58_40 = sext i26 %add_ln58_80" [firmware/nnet_utils/nnet_dense_latency.h:58->firmware/nnet_utils/nnet_dense_stream.h:17]   --->   Operation 278 'sext' 'sext_ln58_40' <Predicate = true> <Delay = 0.00>
ST_2 : Operation 279 [1/1] (1.45ns)   --->   "%add_ln58_82 = add i25 %mul_ln73_59, i25 %sext_ln73_52" [firmware/nnet_utils/nnet_dense_latency.h:58->firmware/nnet_utils/nnet_dense_stream.h:17]   --->   Operation 279 'add' 'add_ln58_82' <Predicate = true> <Delay = 1.45> <CoreInst = "Adder">   --->   Core 1 'Adder' <Latency = 0> <II = 1> <Delay = 1.45> <FuncUnit> <Opcode : 'add' 'sub'> <InPorts = 2> <OutPorts = 1>
ST_2 : Operation 280 [1/1] (0.00ns)   --->   "%sext_ln58_66 = sext i25 %add_ln58_82" [firmware/nnet_utils/nnet_dense_latency.h:58->firmware/nnet_utils/nnet_dense_stream.h:17]   --->   Operation 280 'sext' 'sext_ln58_66' <Predicate = true> <Delay = 0.00>
ST_2 : Operation 281 [1/1] (1.46ns)   --->   "%add_ln58_83 = add i26 %sext_ln58_66, i26 %mul_ln73_78" [firmware/nnet_utils/nnet_dense_latency.h:58->firmware/nnet_utils/nnet_dense_stream.h:17]   --->   Operation 281 'add' 'add_ln58_83' <Predicate = true> <Delay = 1.46> <CoreInst = "Adder">   --->   Core 1 'Adder' <Latency = 0> <II = 1> <Delay = 1.46> <FuncUnit> <Opcode : 'add' 'sub'> <InPorts = 2> <OutPorts = 1>
ST_2 : Operation 282 [1/1] (0.00ns) (grouped into TernaryAdder)   --->   "%add_ln58_88 = add i27 %sext_ln58_33, i27 %sext_ln73_45" [firmware/nnet_utils/nnet_dense_latency.h:58->firmware/nnet_utils/nnet_dense_stream.h:17]   --->   Operation 282 'add' 'add_ln58_88' <Predicate = true> <Delay = 0.00> <CoreInst = "TAddSub">   --->   Core 10 'TAddSub' <Latency = 0> <II = 1> <Delay = 0.52> <IPBlock> <Opcode : '' 'add' 'sub'> <InPorts = 3> <OutPorts = 1> <Sync> <CReg>
ST_2 : Operation 283 [1/1] (1.46ns)   --->   "%add_ln58_89 = add i26 %mul_ln73_80, i26 %mul_ln73_90" [firmware/nnet_utils/nnet_dense_latency.h:58->firmware/nnet_utils/nnet_dense_stream.h:17]   --->   Operation 283 'add' 'add_ln58_89' <Predicate = true> <Delay = 1.46> <CoreInst = "Adder">   --->   Core 1 'Adder' <Latency = 0> <II = 1> <Delay = 1.46> <FuncUnit> <Opcode : 'add' 'sub'> <InPorts = 2> <OutPorts = 1>
ST_2 : Operation 284 [1/1] (0.00ns)   --->   "%sext_ln58_69 = sext i26 %add_ln58_89" [firmware/nnet_utils/nnet_dense_latency.h:58->firmware/nnet_utils/nnet_dense_stream.h:17]   --->   Operation 284 'sext' 'sext_ln58_69' <Predicate = true> <Delay = 0.00>
ST_2 : Operation 285 [1/1] (1.05ns) (root node of TernaryAdder)   --->   "%add_ln58_90 = add i27 %sext_ln58_69, i27 %add_ln58_88" [firmware/nnet_utils/nnet_dense_latency.h:58->firmware/nnet_utils/nnet_dense_stream.h:17]   --->   Operation 285 'add' 'add_ln58_90' <Predicate = true> <Delay = 1.05> <CoreInst = "TAddSub">   --->   Core 10 'TAddSub' <Latency = 0> <II = 1> <Delay = 0.52> <IPBlock> <Opcode : '' 'add' 'sub'> <InPorts = 3> <OutPorts = 1> <Sync> <CReg>
ST_2 : Operation 286 [1/1] (1.45ns)   --->   "%add_ln58_92 = add i24 %mul_ln73_62, i24 %sext_ln73_47" [firmware/nnet_utils/nnet_dense_latency.h:58->firmware/nnet_utils/nnet_dense_stream.h:17]   --->   Operation 286 'add' 'add_ln58_92' <Predicate = true> <Delay = 1.45> <CoreInst = "Adder">   --->   Core 1 'Adder' <Latency = 0> <II = 1> <Delay = 1.45> <FuncUnit> <Opcode : 'add' 'sub'> <InPorts = 2> <OutPorts = 1>
ST_2 : Operation 287 [1/1] (0.00ns)   --->   "%sext_ln58_70 = sext i24 %add_ln58_92" [firmware/nnet_utils/nnet_dense_latency.h:58->firmware/nnet_utils/nnet_dense_stream.h:17]   --->   Operation 287 'sext' 'sext_ln58_70' <Predicate = true> <Delay = 0.00>
ST_2 : Operation 288 [1/1] (1.46ns)   --->   "%add_ln58_93 = add i26 %sext_ln58_70, i26 %mul_ln73_92" [firmware/nnet_utils/nnet_dense_latency.h:58->firmware/nnet_utils/nnet_dense_stream.h:17]   --->   Operation 288 'add' 'add_ln58_93' <Predicate = true> <Delay = 1.46> <CoreInst = "Adder">   --->   Core 1 'Adder' <Latency = 0> <II = 1> <Delay = 1.46> <FuncUnit> <Opcode : 'add' 'sub'> <InPorts = 2> <OutPorts = 1>
ST_2 : Operation 289 [1/1] (1.45ns)   --->   "%add_ln58_99 = add i25 %mul_ln73_96, i25 %mul_ln73_103" [firmware/nnet_utils/nnet_dense_latency.h:58->firmware/nnet_utils/nnet_dense_stream.h:17]   --->   Operation 289 'add' 'add_ln58_99' <Predicate = true> <Delay = 1.45> <CoreInst = "Adder">   --->   Core 1 'Adder' <Latency = 0> <II = 1> <Delay = 1.45> <FuncUnit> <Opcode : 'add' 'sub'> <InPorts = 2> <OutPorts = 1>
ST_2 : Operation 290 [1/1] (0.00ns)   --->   "%sext_ln58_73 = sext i25 %add_ln58_99" [firmware/nnet_utils/nnet_dense_latency.h:58->firmware/nnet_utils/nnet_dense_stream.h:17]   --->   Operation 290 'sext' 'sext_ln58_73' <Predicate = true> <Delay = 0.00>
ST_2 : Operation 291 [1/1] (1.45ns)   --->   "%add_ln58_100 = add i26 %sext_ln58_73, i26 %sext_ln73_51" [firmware/nnet_utils/nnet_dense_latency.h:58->firmware/nnet_utils/nnet_dense_stream.h:17]   --->   Operation 291 'add' 'add_ln58_100' <Predicate = true> <Delay = 1.45> <CoreInst = "Adder">   --->   Core 1 'Adder' <Latency = 0> <II = 1> <Delay = 1.46> <FuncUnit> <Opcode : 'add' 'sub'> <InPorts = 2> <OutPorts = 1>
ST_2 : Operation 292 [1/1] (0.00ns) (grouped into TernaryAdder)   --->   "%add_ln58_102 = add i27 %sext_ln58_40, i27 %sext_ln73_61" [firmware/nnet_utils/nnet_dense_latency.h:58->firmware/nnet_utils/nnet_dense_stream.h:17]   --->   Operation 292 'add' 'add_ln58_102' <Predicate = true> <Delay = 0.00> <CoreInst = "TAddSub">   --->   Core 10 'TAddSub' <Latency = 0> <II = 1> <Delay = 0.52> <IPBlock> <Opcode : '' 'add' 'sub'> <InPorts = 3> <OutPorts = 1> <Sync> <CReg>
ST_2 : Operation 293 [1/1] (1.46ns)   --->   "%add_ln58_103 = add i26 %mul_ln73_109, i26 %sext_ln73_55" [firmware/nnet_utils/nnet_dense_latency.h:58->firmware/nnet_utils/nnet_dense_stream.h:17]   --->   Operation 293 'add' 'add_ln58_103' <Predicate = true> <Delay = 1.46> <CoreInst = "Adder">   --->   Core 1 'Adder' <Latency = 0> <II = 1> <Delay = 1.46> <FuncUnit> <Opcode : 'add' 'sub'> <InPorts = 2> <OutPorts = 1>
ST_2 : Operation 294 [1/1] (0.00ns)   --->   "%sext_ln58_75 = sext i26 %add_ln58_103" [firmware/nnet_utils/nnet_dense_latency.h:58->firmware/nnet_utils/nnet_dense_stream.h:17]   --->   Operation 294 'sext' 'sext_ln58_75' <Predicate = true> <Delay = 0.00>
ST_2 : Operation 295 [1/1] (1.05ns) (root node of TernaryAdder)   --->   "%add_ln58_104 = add i27 %sext_ln58_75, i27 %add_ln58_102" [firmware/nnet_utils/nnet_dense_latency.h:58->firmware/nnet_utils/nnet_dense_stream.h:17]   --->   Operation 295 'add' 'add_ln58_104' <Predicate = true> <Delay = 1.05> <CoreInst = "TAddSub">   --->   Core 10 'TAddSub' <Latency = 0> <II = 1> <Delay = 0.52> <IPBlock> <Opcode : '' 'add' 'sub'> <InPorts = 3> <OutPorts = 1> <Sync> <CReg>
ST_2 : Operation 296 [1/1] (1.46ns)   --->   "%add_ln58_105 = add i26 %mul_ln73_84, i26 %mul_ln73_102" [firmware/nnet_utils/nnet_dense_latency.h:58->firmware/nnet_utils/nnet_dense_stream.h:17]   --->   Operation 296 'add' 'add_ln58_105' <Predicate = true> <Delay = 1.46> <CoreInst = "Adder">   --->   Core 1 'Adder' <Latency = 0> <II = 1> <Delay = 1.46> <FuncUnit> <Opcode : 'add' 'sub'> <InPorts = 2> <OutPorts = 1>
ST_2 : Operation 297 [1/1] (1.44ns)   --->   "%add_ln58_107 = add i23 %mul_ln73_94, i23 %mul_ln73_110" [firmware/nnet_utils/nnet_dense_latency.h:58->firmware/nnet_utils/nnet_dense_stream.h:17]   --->   Operation 297 'add' 'add_ln58_107' <Predicate = true> <Delay = 1.44> <CoreInst = "Adder">   --->   Core 1 'Adder' <Latency = 0> <II = 1> <Delay = 1.44> <FuncUnit> <Opcode : 'add' 'sub'> <InPorts = 2> <OutPorts = 1>
ST_2 : Operation 298 [1/1] (0.00ns)   --->   "%sext_ln58_77 = sext i23 %add_ln58_107" [firmware/nnet_utils/nnet_dense_latency.h:58->firmware/nnet_utils/nnet_dense_stream.h:17]   --->   Operation 298 'sext' 'sext_ln58_77' <Predicate = true> <Delay = 0.00>
ST_2 : Operation 299 [1/1] (1.45ns)   --->   "%add_ln58_108 = add i24 %sext_ln58_77, i24 %mul_ln73_74" [firmware/nnet_utils/nnet_dense_latency.h:58->firmware/nnet_utils/nnet_dense_stream.h:17]   --->   Operation 299 'add' 'add_ln58_108' <Predicate = true> <Delay = 1.45> <CoreInst = "Adder">   --->   Core 1 'Adder' <Latency = 0> <II = 1> <Delay = 1.45> <FuncUnit> <Opcode : 'add' 'sub'> <InPorts = 2> <OutPorts = 1>
ST_2 : Operation 300 [1/1] (1.04ns) (root node of TernaryAdder)   --->   "%add_ln58_110 = add i25 %mul_ln73_87, i25 %add_ln73_2" [firmware/nnet_utils/nnet_dense_latency.h:58->firmware/nnet_utils/nnet_dense_stream.h:17]   --->   Operation 300 'add' 'add_ln58_110' <Predicate = true> <Delay = 1.04> <CoreInst = "TAddSub">   --->   Core 10 'TAddSub' <Latency = 0> <II = 1> <Delay = 0.52> <IPBlock> <Opcode : '' 'add' 'sub'> <InPorts = 3> <OutPorts = 1> <Sync> <CReg>
ST_2 : Operation 301 [1/1] (1.45ns)   --->   "%add_ln58_112 = add i24 %mul_ln73_97, i24 %mul_ln73_130" [firmware/nnet_utils/nnet_dense_latency.h:58->firmware/nnet_utils/nnet_dense_stream.h:17]   --->   Operation 301 'add' 'add_ln58_112' <Predicate = true> <Delay = 1.45> <CoreInst = "Adder">   --->   Core 1 'Adder' <Latency = 0> <II = 1> <Delay = 1.45> <FuncUnit> <Opcode : 'add' 'sub'> <InPorts = 2> <OutPorts = 1>
ST_2 : Operation 302 [1/1] (0.00ns)   --->   "%sext_ln58_80 = sext i24 %add_ln58_112" [firmware/nnet_utils/nnet_dense_latency.h:58->firmware/nnet_utils/nnet_dense_stream.h:17]   --->   Operation 302 'sext' 'sext_ln58_80' <Predicate = true> <Delay = 0.00>
ST_2 : Operation 303 [1/1] (1.44ns)   --->   "%add_ln58_113 = add i23 %mul_ln73_104, i23 %mul_ln73_121" [firmware/nnet_utils/nnet_dense_latency.h:58->firmware/nnet_utils/nnet_dense_stream.h:17]   --->   Operation 303 'add' 'add_ln58_113' <Predicate = true> <Delay = 1.44> <CoreInst = "Adder">   --->   Core 1 'Adder' <Latency = 0> <II = 1> <Delay = 1.44> <FuncUnit> <Opcode : 'add' 'sub'> <InPorts = 2> <OutPorts = 1>
ST_2 : Operation 304 [1/1] (0.00ns)   --->   "%sext_ln58_81 = sext i23 %add_ln58_113" [firmware/nnet_utils/nnet_dense_latency.h:58->firmware/nnet_utils/nnet_dense_stream.h:17]   --->   Operation 304 'sext' 'sext_ln58_81' <Predicate = true> <Delay = 0.00>
ST_2 : Operation 305 [1/1] (1.45ns)   --->   "%add_ln58_114 = add i25 %sext_ln58_81, i25 %sext_ln58_80" [firmware/nnet_utils/nnet_dense_latency.h:58->firmware/nnet_utils/nnet_dense_stream.h:17]   --->   Operation 305 'add' 'add_ln58_114' <Predicate = true> <Delay = 1.45> <CoreInst = "Adder">   --->   Core 1 'Adder' <Latency = 0> <II = 1> <Delay = 1.45> <FuncUnit> <Opcode : 'add' 'sub'> <InPorts = 2> <OutPorts = 1>
ST_2 : Operation 306 [1/1] (1.45ns)   --->   "%add_ln58_119 = add i24 %mul_ln73_100, i24 %mul_ln73_108" [firmware/nnet_utils/nnet_dense_latency.h:58->firmware/nnet_utils/nnet_dense_stream.h:17]   --->   Operation 306 'add' 'add_ln58_119' <Predicate = true> <Delay = 1.45> <CoreInst = "Adder">   --->   Core 1 'Adder' <Latency = 0> <II = 1> <Delay = 1.45> <FuncUnit> <Opcode : 'add' 'sub'> <InPorts = 2> <OutPorts = 1>
ST_2 : Operation 307 [1/1] (0.00ns)   --->   "%sext_ln58_84 = sext i24 %add_ln58_119" [firmware/nnet_utils/nnet_dense_latency.h:58->firmware/nnet_utils/nnet_dense_stream.h:17]   --->   Operation 307 'sext' 'sext_ln58_84' <Predicate = true> <Delay = 0.00>
ST_2 : Operation 308 [1/1] (1.45ns)   --->   "%add_ln58_120 = add i24 %mul_ln73_125, i24 %sext_ln73_80" [firmware/nnet_utils/nnet_dense_latency.h:58->firmware/nnet_utils/nnet_dense_stream.h:17]   --->   Operation 308 'add' 'add_ln58_120' <Predicate = true> <Delay = 1.45> <CoreInst = "Adder">   --->   Core 1 'Adder' <Latency = 0> <II = 1> <Delay = 1.45> <FuncUnit> <Opcode : 'add' 'sub'> <InPorts = 2> <OutPorts = 1>
ST_2 : Operation 309 [1/1] (0.00ns)   --->   "%sext_ln58_85 = sext i24 %add_ln58_120" [firmware/nnet_utils/nnet_dense_latency.h:58->firmware/nnet_utils/nnet_dense_stream.h:17]   --->   Operation 309 'sext' 'sext_ln58_85' <Predicate = true> <Delay = 0.00>
ST_2 : Operation 310 [1/1] (1.45ns)   --->   "%add_ln58_121 = add i25 %sext_ln58_85, i25 %sext_ln58_84" [firmware/nnet_utils/nnet_dense_latency.h:58->firmware/nnet_utils/nnet_dense_stream.h:17]   --->   Operation 310 'add' 'add_ln58_121' <Predicate = true> <Delay = 1.45> <CoreInst = "Adder">   --->   Core 1 'Adder' <Latency = 0> <II = 1> <Delay = 1.45> <FuncUnit> <Opcode : 'add' 'sub'> <InPorts = 2> <OutPorts = 1>
ST_2 : Operation 311 [1/1] (1.45ns)   --->   "%add_ln58_132 = add i25 %mul_ln73_99, i25 %mul_ln73_133" [firmware/nnet_utils/nnet_dense_latency.h:58->firmware/nnet_utils/nnet_dense_stream.h:17]   --->   Operation 311 'add' 'add_ln58_132' <Predicate = true> <Delay = 1.45> <CoreInst = "Adder">   --->   Core 1 'Adder' <Latency = 0> <II = 1> <Delay = 1.45> <FuncUnit> <Opcode : 'add' 'sub'> <InPorts = 2> <OutPorts = 1>
ST_2 : Operation 312 [1/1] (0.00ns)   --->   "%sext_ln58_92 = sext i25 %add_ln58_132" [firmware/nnet_utils/nnet_dense_latency.h:58->firmware/nnet_utils/nnet_dense_stream.h:17]   --->   Operation 312 'sext' 'sext_ln58_92' <Predicate = true> <Delay = 0.00>
ST_2 : Operation 313 [1/1] (1.45ns)   --->   "%add_ln58_133 = add i24 %mul_ln73_142, i24 %mul_ln73_107" [firmware/nnet_utils/nnet_dense_latency.h:58->firmware/nnet_utils/nnet_dense_stream.h:17]   --->   Operation 313 'add' 'add_ln58_133' <Predicate = true> <Delay = 1.45> <CoreInst = "Adder">   --->   Core 1 'Adder' <Latency = 0> <II = 1> <Delay = 1.45> <FuncUnit> <Opcode : 'add' 'sub'> <InPorts = 2> <OutPorts = 1>
ST_2 : Operation 314 [1/1] (0.00ns)   --->   "%sext_ln58_93 = sext i24 %add_ln58_133" [firmware/nnet_utils/nnet_dense_latency.h:58->firmware/nnet_utils/nnet_dense_stream.h:17]   --->   Operation 314 'sext' 'sext_ln58_93' <Predicate = true> <Delay = 0.00>
ST_2 : Operation 315 [1/1] (1.45ns)   --->   "%add_ln58_134 = add i26 %sext_ln58_93, i26 %sext_ln58_92" [firmware/nnet_utils/nnet_dense_latency.h:58->firmware/nnet_utils/nnet_dense_stream.h:17]   --->   Operation 315 'add' 'add_ln58_134' <Predicate = true> <Delay = 1.45> <CoreInst = "Adder">   --->   Core 1 'Adder' <Latency = 0> <II = 1> <Delay = 1.46> <FuncUnit> <Opcode : 'add' 'sub'> <InPorts = 2> <OutPorts = 1>
ST_2 : Operation 316 [1/1] (1.44ns)   --->   "%add_ln58_140 = add i23 %mul_ln73_131, i23 %sext_ln73_70" [firmware/nnet_utils/nnet_dense_latency.h:58->firmware/nnet_utils/nnet_dense_stream.h:17]   --->   Operation 316 'add' 'add_ln58_140' <Predicate = true> <Delay = 1.44> <CoreInst = "Adder">   --->   Core 1 'Adder' <Latency = 0> <II = 1> <Delay = 1.44> <FuncUnit> <Opcode : 'add' 'sub'> <InPorts = 2> <OutPorts = 1>
ST_2 : Operation 317 [1/1] (1.45ns)   --->   "%add_ln58_148 = add i24 %mul_ln73_135, i24 %sext_ln73_66" [firmware/nnet_utils/nnet_dense_latency.h:58->firmware/nnet_utils/nnet_dense_stream.h:17]   --->   Operation 317 'add' 'add_ln58_148' <Predicate = true> <Delay = 1.45> <CoreInst = "Adder">   --->   Core 1 'Adder' <Latency = 0> <II = 1> <Delay = 1.45> <FuncUnit> <Opcode : 'add' 'sub'> <InPorts = 2> <OutPorts = 1>
ST_2 : Operation 318 [1/1] (1.44ns)   --->   "%add_ln58_169 = add i22 %mul_ln73_106, i22 %sext_ln73_86" [firmware/nnet_utils/nnet_dense_latency.h:58->firmware/nnet_utils/nnet_dense_stream.h:17]   --->   Operation 318 'add' 'add_ln58_169' <Predicate = true> <Delay = 1.44> <CoreInst = "Adder">   --->   Core 1 'Adder' <Latency = 0> <II = 1> <Delay = 1.44> <FuncUnit> <Opcode : 'add' 'sub'> <InPorts = 2> <OutPorts = 1>

State 3 <SV = 2> <Delay = 3.57>
ST_3 : Operation 319 [1/1] (0.00ns)   --->   "%mul_ln73_58_cast = sext i24 %mul_ln73_56" [firmware/nnet_utils/nnet_mult.h:73->firmware/nnet_utils/nnet_dense_latency.h:42->firmware/nnet_utils/nnet_dense_stream.h:17]   --->   Operation 319 'sext' 'mul_ln73_58_cast' <Predicate = true> <Delay = 0.00>
ST_3 : Operation 320 [1/1] (0.00ns)   --->   "%sext_ln73_38 = sext i25 %mul_ln73_57" [firmware/nnet_utils/nnet_mult.h:73->firmware/nnet_utils/nnet_dense_latency.h:42->firmware/nnet_utils/nnet_dense_stream.h:17]   --->   Operation 320 'sext' 'sext_ln73_38' <Predicate = true> <Delay = 0.00>
ST_3 : Operation 321 [1/1] (0.00ns)   --->   "%sext_ln73_44 = sext i26 %mul_ln73_68" [firmware/nnet_utils/nnet_mult.h:73->firmware/nnet_utils/nnet_dense_latency.h:42->firmware/nnet_utils/nnet_dense_stream.h:17]   --->   Operation 321 'sext' 'sext_ln73_44' <Predicate = true> <Delay = 0.00>
ST_3 : Operation 322 [1/1] (0.00ns)   --->   "%sext_ln73_46 = sext i25 %mul_ln73_71" [firmware/nnet_utils/nnet_mult.h:73->firmware/nnet_utils/nnet_dense_latency.h:42->firmware/nnet_utils/nnet_dense_stream.h:17]   --->   Operation 322 'sext' 'sext_ln73_46' <Predicate = true> <Delay = 0.00>
ST_3 : Operation 323 [1/1] (0.00ns)   --->   "%mul_ln73_77_cast = sext i26 %mul_ln73_75" [firmware/nnet_utils/nnet_mult.h:73->firmware/nnet_utils/nnet_dense_latency.h:42->firmware/nnet_utils/nnet_dense_stream.h:17]   --->   Operation 323 'sext' 'mul_ln73_77_cast' <Predicate = true> <Delay = 0.00>
ST_3 : Operation 324 [1/1] (0.00ns)   --->   "%sext_ln73_48 = sext i26 %mul_ln73_76" [firmware/nnet_utils/nnet_mult.h:73->firmware/nnet_utils/nnet_dense_latency.h:42->firmware/nnet_utils/nnet_dense_stream.h:17]   --->   Operation 324 'sext' 'sext_ln73_48' <Predicate = true> <Delay = 0.00>
ST_3 : Operation 325 [1/1] (0.00ns)   --->   "%sext_ln73_49 = sext i24 %mul_ln73_77" [firmware/nnet_utils/nnet_mult.h:73->firmware/nnet_utils/nnet_dense_latency.h:42->firmware/nnet_utils/nnet_dense_stream.h:17]   --->   Operation 325 'sext' 'sext_ln73_49' <Predicate = true> <Delay = 0.00>
ST_3 : Operation 326 [1/1] (0.00ns)   --->   "%sext_ln73_50 = sext i26 %mul_ln73_82" [firmware/nnet_utils/nnet_mult.h:73->firmware/nnet_utils/nnet_dense_latency.h:42->firmware/nnet_utils/nnet_dense_stream.h:17]   --->   Operation 326 'sext' 'sext_ln73_50' <Predicate = true> <Delay = 0.00>
ST_3 : Operation 327 [1/1] (0.00ns)   --->   "%sext_ln73_53 = sext i26 %mul_ln73_89" [firmware/nnet_utils/nnet_mult.h:73->firmware/nnet_utils/nnet_dense_latency.h:42->firmware/nnet_utils/nnet_dense_stream.h:17]   --->   Operation 327 'sext' 'sext_ln73_53' <Predicate = true> <Delay = 0.00>
ST_3 : Operation 328 [1/1] (0.00ns)   --->   "%sext_ln73_54 = sext i26 %mul_ln73_91" [firmware/nnet_utils/nnet_mult.h:73->firmware/nnet_utils/nnet_dense_latency.h:42->firmware/nnet_utils/nnet_dense_stream.h:17]   --->   Operation 328 'sext' 'sext_ln73_54' <Predicate = true> <Delay = 0.00>
ST_3 : Operation 329 [1/1] (0.00ns)   --->   "%shl_ln73_1 = bitconcatenate i25 @_ssdm_op_BitConcatenate.i25.i16.i9, i16 %data_6_val7_read, i9 0" [firmware/nnet_utils/nnet_mult.h:73->firmware/nnet_utils/nnet_dense_latency.h:42->firmware/nnet_utils/nnet_dense_stream.h:17]   --->   Operation 329 'bitconcatenate' 'shl_ln73_1' <Predicate = true> <Delay = 0.00>
ST_3 : Operation 330 [1/1] (0.00ns)   --->   "%sext_ln42 = sext i25 %shl_ln73_1" [firmware/nnet_utils/nnet_dense_latency.h:42->firmware/nnet_utils/nnet_dense_stream.h:17]   --->   Operation 330 'sext' 'sext_ln42' <Predicate = true> <Delay = 0.00>
ST_3 : Operation 331 [1/1] (3.57ns)   --->   "%mul_ln73_98 = mul i26 %sext_ln70_41, i26 67108408" [firmware/nnet_utils/nnet_mult.h:73->firmware/nnet_utils/nnet_dense_latency.h:42->firmware/nnet_utils/nnet_dense_stream.h:17]   --->   Operation 331 'mul' 'mul_ln73_98' <Predicate = true> <Delay = 3.57> <CoreInst = "Multiplier">   --->   Core 3 'Multiplier' <Latency = 0> <II = 1> <Delay = 3.57> <FuncUnit> <Opcode : 'mul'> <InPorts = 2> <OutPorts = 1>
ST_3 : Operation 332 [1/1] (0.00ns)   --->   "%shl_ln73_17 = bitconcatenate i24 @_ssdm_op_BitConcatenate.i24.i16.i8, i16 %data_6_val7_read, i8 0" [firmware/nnet_utils/nnet_mult.h:73->firmware/nnet_utils/nnet_dense_latency.h:42->firmware/nnet_utils/nnet_dense_stream.h:17]   --->   Operation 332 'bitconcatenate' 'shl_ln73_17' <Predicate = true> <Delay = 0.00>
ST_3 : Operation 333 [1/1] (0.00ns)   --->   "%sext_ln73_58 = sext i24 %shl_ln73_17" [firmware/nnet_utils/nnet_mult.h:73->firmware/nnet_utils/nnet_dense_latency.h:42->firmware/nnet_utils/nnet_dense_stream.h:17]   --->   Operation 333 'sext' 'sext_ln73_58' <Predicate = true> <Delay = 0.00>
ST_3 : Operation 334 [1/1] (0.00ns)   --->   "%shl_ln73_18 = bitconcatenate i20 @_ssdm_op_BitConcatenate.i20.i16.i4, i16 %data_6_val7_read, i4 0" [firmware/nnet_utils/nnet_mult.h:73->firmware/nnet_utils/nnet_dense_latency.h:42->firmware/nnet_utils/nnet_dense_stream.h:17]   --->   Operation 334 'bitconcatenate' 'shl_ln73_18' <Predicate = true> <Delay = 0.00>
ST_3 : Operation 335 [1/1] (0.00ns)   --->   "%sext_ln73_59 = sext i20 %shl_ln73_18" [firmware/nnet_utils/nnet_mult.h:73->firmware/nnet_utils/nnet_dense_latency.h:42->firmware/nnet_utils/nnet_dense_stream.h:17]   --->   Operation 335 'sext' 'sext_ln73_59' <Predicate = true> <Delay = 0.00>
ST_3 : Operation 336 [1/1] (1.45ns)   --->   "%sub_ln73_9 = sub i25 %sext_ln73_58, i25 %sext_ln73_59" [firmware/nnet_utils/nnet_mult.h:73->firmware/nnet_utils/nnet_dense_latency.h:42->firmware/nnet_utils/nnet_dense_stream.h:17]   --->   Operation 336 'sub' 'sub_ln73_9' <Predicate = true> <Delay = 1.45> <CoreInst = "Adder">   --->   Core 1 'Adder' <Latency = 0> <II = 1> <Delay = 1.45> <FuncUnit> <Opcode : 'add' 'sub'> <InPorts = 2> <OutPorts = 1>
ST_3 : Operation 337 [1/1] (0.00ns)   --->   "%sext_ln73_60 = sext i25 %sub_ln73_9" [firmware/nnet_utils/nnet_mult.h:73->firmware/nnet_utils/nnet_dense_latency.h:42->firmware/nnet_utils/nnet_dense_stream.h:17]   --->   Operation 337 'sext' 'sext_ln73_60' <Predicate = true> <Delay = 0.00>
ST_3 : Operation 338 [1/1] (1.45ns)   --->   "%sub_ln73_10 = sub i26 0, i26 %sext_ln42" [firmware/nnet_utils/nnet_mult.h:73->firmware/nnet_utils/nnet_dense_latency.h:42->firmware/nnet_utils/nnet_dense_stream.h:17]   --->   Operation 338 'sub' 'sub_ln73_10' <Predicate = true> <Delay = 1.45> <CoreInst = "Adder">   --->   Core 1 'Adder' <Latency = 0> <II = 1> <Delay = 1.46> <FuncUnit> <Opcode : 'add' 'sub'> <InPorts = 2> <OutPorts = 1>
ST_3 : Operation 339 [1/1] (0.00ns)   --->   "%shl_ln73_19 = bitconcatenate i18 @_ssdm_op_BitConcatenate.i18.i16.i2, i16 %data_6_val7_read, i2 0" [firmware/nnet_utils/nnet_mult.h:73->firmware/nnet_utils/nnet_dense_latency.h:42->firmware/nnet_utils/nnet_dense_stream.h:17]   --->   Operation 339 'bitconcatenate' 'shl_ln73_19' <Predicate = true> <Delay = 0.00>
ST_3 : Operation 340 [1/1] (0.00ns)   --->   "%sext_ln73_62 = sext i18 %shl_ln73_19" [firmware/nnet_utils/nnet_mult.h:73->firmware/nnet_utils/nnet_dense_latency.h:42->firmware/nnet_utils/nnet_dense_stream.h:17]   --->   Operation 340 'sext' 'sext_ln73_62' <Predicate = true> <Delay = 0.00>
ST_3 : Operation 341 [1/1] (0.00ns) (grouped into TernaryAdder)   --->   "%sub_ln73_11 = sub i26 %sub_ln73_10, i26 %sext_ln73_62" [firmware/nnet_utils/nnet_mult.h:73->firmware/nnet_utils/nnet_dense_latency.h:42->firmware/nnet_utils/nnet_dense_stream.h:17]   --->   Operation 341 'sub' 'sub_ln73_11' <Predicate = true> <Delay = 0.00> <CoreInst = "TAddSub">   --->   Core 10 'TAddSub' <Latency = 0> <II = 1> <Delay = 0.52> <IPBlock> <Opcode : '' 'add' 'sub'> <InPorts = 3> <OutPorts = 1> <Sync> <CReg>
ST_3 : Operation 342 [1/1] (0.00ns)   --->   "%sext_ln73_63 = sext i26 %mul_ln73_105" [firmware/nnet_utils/nnet_mult.h:73->firmware/nnet_utils/nnet_dense_latency.h:42->firmware/nnet_utils/nnet_dense_stream.h:17]   --->   Operation 342 'sext' 'sext_ln73_63' <Predicate = true> <Delay = 0.00>
ST_3 : Operation 343 [1/1] (0.00ns)   --->   "%sext_ln73_71 = sext i26 %mul_ln73_113" [firmware/nnet_utils/nnet_mult.h:73->firmware/nnet_utils/nnet_dense_latency.h:42->firmware/nnet_utils/nnet_dense_stream.h:17]   --->   Operation 343 'sext' 'sext_ln73_71' <Predicate = true> <Delay = 0.00>
ST_3 : Operation 344 [1/1] (0.00ns)   --->   "%sext_ln73_72 = sext i26 %mul_ln73_114" [firmware/nnet_utils/nnet_mult.h:73->firmware/nnet_utils/nnet_dense_latency.h:42->firmware/nnet_utils/nnet_dense_stream.h:17]   --->   Operation 344 'sext' 'sext_ln73_72' <Predicate = true> <Delay = 0.00>
ST_3 : Operation 345 [1/1] (0.00ns)   --->   "%sext_ln73_73 = sext i26 %mul_ln73_116" [firmware/nnet_utils/nnet_mult.h:73->firmware/nnet_utils/nnet_dense_latency.h:42->firmware/nnet_utils/nnet_dense_stream.h:17]   --->   Operation 345 'sext' 'sext_ln73_73' <Predicate = true> <Delay = 0.00>
ST_3 : Operation 346 [1/1] (0.00ns)   --->   "%sext_ln73_74 = sext i26 %mul_ln73_118" [firmware/nnet_utils/nnet_mult.h:73->firmware/nnet_utils/nnet_dense_latency.h:42->firmware/nnet_utils/nnet_dense_stream.h:17]   --->   Operation 346 'sext' 'sext_ln73_74' <Predicate = true> <Delay = 0.00>
ST_3 : Operation 347 [1/1] (0.00ns)   --->   "%sext_ln73_77 = sext i20 %sub_ln73_14" [firmware/nnet_utils/nnet_mult.h:73->firmware/nnet_utils/nnet_dense_latency.h:42->firmware/nnet_utils/nnet_dense_stream.h:17]   --->   Operation 347 'sext' 'sext_ln73_77' <Predicate = true> <Delay = 0.00>
ST_3 : Operation 348 [1/1] (0.00ns)   --->   "%sext_ln73_78 = sext i24 %mul_ln73_129" [firmware/nnet_utils/nnet_mult.h:73->firmware/nnet_utils/nnet_dense_latency.h:42->firmware/nnet_utils/nnet_dense_stream.h:17]   --->   Operation 348 'sext' 'sext_ln73_78' <Predicate = true> <Delay = 0.00>
ST_3 : Operation 349 [1/1] (0.00ns)   --->   "%sext_ln73_79 = sext i25 %mul_ln73_132" [firmware/nnet_utils/nnet_mult.h:73->firmware/nnet_utils/nnet_dense_latency.h:42->firmware/nnet_utils/nnet_dense_stream.h:17]   --->   Operation 349 'sext' 'sext_ln73_79' <Predicate = true> <Delay = 0.00>
ST_3 : Operation 350 [1/1] (0.00ns)   --->   "%sext_ln73_81 = sext i24 %mul_ln73_136" [firmware/nnet_utils/nnet_mult.h:73->firmware/nnet_utils/nnet_dense_latency.h:42->firmware/nnet_utils/nnet_dense_stream.h:17]   --->   Operation 350 'sext' 'sext_ln73_81' <Predicate = true> <Delay = 0.00>
ST_3 : Operation 351 [1/1] (0.00ns)   --->   "%sext_ln70_61 = sext i16 %data_11_val12_read" [firmware/nnet_utils/nnet_mult.h:70->firmware/nnet_utils/nnet_dense_latency.h:42->firmware/nnet_utils/nnet_dense_stream.h:17]   --->   Operation 351 'sext' 'sext_ln70_61' <Predicate = true> <Delay = 0.00>
ST_3 : Operation 352 [1/1] (3.57ns)   --->   "%mul_ln73_139 = mul i26 %sext_ln70_61, i26 477" [firmware/nnet_utils/nnet_mult.h:73->firmware/nnet_utils/nnet_dense_latency.h:42->firmware/nnet_utils/nnet_dense_stream.h:17]   --->   Operation 352 'mul' 'mul_ln73_139' <Predicate = true> <Delay = 3.57> <CoreInst = "Multiplier">   --->   Core 3 'Multiplier' <Latency = 0> <II = 1> <Delay = 3.57> <FuncUnit> <Opcode : 'mul'> <InPorts = 2> <OutPorts = 1>
ST_3 : Operation 353 [1/1] (3.57ns)   --->   "%mul_ln73_140 = mul i26 %sext_ln70_61, i26 499" [firmware/nnet_utils/nnet_mult.h:73->firmware/nnet_utils/nnet_dense_latency.h:42->firmware/nnet_utils/nnet_dense_stream.h:17]   --->   Operation 353 'mul' 'mul_ln73_140' <Predicate = true> <Delay = 3.57> <CoreInst = "Multiplier">   --->   Core 3 'Multiplier' <Latency = 0> <II = 1> <Delay = 3.57> <FuncUnit> <Opcode : 'mul'> <InPorts = 2> <OutPorts = 1>
ST_3 : Operation 354 [1/1] (0.00ns)   --->   "%sext_ln73_83 = sext i25 %mul_ln73_141" [firmware/nnet_utils/nnet_mult.h:73->firmware/nnet_utils/nnet_dense_latency.h:42->firmware/nnet_utils/nnet_dense_stream.h:17]   --->   Operation 354 'sext' 'sext_ln73_83' <Predicate = true> <Delay = 0.00>
ST_3 : Operation 355 [1/1] (3.57ns)   --->   "%mul_ln73_143 = mul i26 %sext_ln70_61, i26 67108535" [firmware/nnet_utils/nnet_mult.h:73->firmware/nnet_utils/nnet_dense_latency.h:42->firmware/nnet_utils/nnet_dense_stream.h:17]   --->   Operation 355 'mul' 'mul_ln73_143' <Predicate = true> <Delay = 3.57> <CoreInst = "Multiplier">   --->   Core 3 'Multiplier' <Latency = 0> <II = 1> <Delay = 3.57> <FuncUnit> <Opcode : 'mul'> <InPorts = 2> <OutPorts = 1>
ST_3 : Operation 356 [1/1] (0.00ns)   --->   "%shl_ln73_29 = bitconcatenate i25 @_ssdm_op_BitConcatenate.i25.i16.i9, i16 %data_11_val12_read, i9 0" [firmware/nnet_utils/nnet_mult.h:73->firmware/nnet_utils/nnet_dense_latency.h:42->firmware/nnet_utils/nnet_dense_stream.h:17]   --->   Operation 356 'bitconcatenate' 'shl_ln73_29' <Predicate = true> <Delay = 0.00>
ST_3 : Operation 357 [1/1] (0.00ns)   --->   "%sext_ln73_88 = sext i25 %shl_ln73_29" [firmware/nnet_utils/nnet_mult.h:73->firmware/nnet_utils/nnet_dense_latency.h:42->firmware/nnet_utils/nnet_dense_stream.h:17]   --->   Operation 357 'sext' 'sext_ln73_88' <Predicate = true> <Delay = 0.00>
ST_3 : Operation 358 [1/1] (0.00ns)   --->   "%shl_ln73_30 = bitconcatenate i22 @_ssdm_op_BitConcatenate.i22.i16.i6, i16 %data_11_val12_read, i6 0" [firmware/nnet_utils/nnet_mult.h:73->firmware/nnet_utils/nnet_dense_latency.h:42->firmware/nnet_utils/nnet_dense_stream.h:17]   --->   Operation 358 'bitconcatenate' 'shl_ln73_30' <Predicate = true> <Delay = 0.00>
ST_3 : Operation 359 [1/1] (0.00ns)   --->   "%sext_ln73_89 = sext i22 %shl_ln73_30" [firmware/nnet_utils/nnet_mult.h:73->firmware/nnet_utils/nnet_dense_latency.h:42->firmware/nnet_utils/nnet_dense_stream.h:17]   --->   Operation 359 'sext' 'sext_ln73_89' <Predicate = true> <Delay = 0.00>
ST_3 : Operation 360 [1/1] (0.00ns) (grouped into TernaryAdder)   --->   "%sub_ln73_16 = sub i26 %sext_ln73_89, i26 %sext_ln73_88" [firmware/nnet_utils/nnet_mult.h:73->firmware/nnet_utils/nnet_dense_latency.h:42->firmware/nnet_utils/nnet_dense_stream.h:17]   --->   Operation 360 'sub' 'sub_ln73_16' <Predicate = true> <Delay = 0.00> <CoreInst = "TAddSub">   --->   Core 10 'TAddSub' <Latency = 0> <II = 1> <Delay = 0.52> <IPBlock> <Opcode : '' 'add' 'sub'> <InPorts = 3> <OutPorts = 1> <Sync> <CReg>
ST_3 : Operation 361 [1/1] (0.00ns)   --->   "%sext_ln70_65 = sext i16 %data_12_val13_read" [firmware/nnet_utils/nnet_mult.h:70->firmware/nnet_utils/nnet_dense_latency.h:42->firmware/nnet_utils/nnet_dense_stream.h:17]   --->   Operation 361 'sext' 'sext_ln70_65' <Predicate = true> <Delay = 0.00>
ST_3 : Operation 362 [1/1] (3.57ns)   --->   "%mul_ln73_147 = mul i27 %sext_ln70_65, i27 574" [firmware/nnet_utils/nnet_mult.h:73->firmware/nnet_utils/nnet_dense_latency.h:42->firmware/nnet_utils/nnet_dense_stream.h:17]   --->   Operation 362 'mul' 'mul_ln73_147' <Predicate = true> <Delay = 3.57> <CoreInst = "Multiplier">   --->   Core 3 'Multiplier' <Latency = 0> <II = 1> <Delay = 3.57> <FuncUnit> <Opcode : 'mul'> <InPorts = 2> <OutPorts = 1>
ST_3 : Operation 363 [1/1] (0.00ns)   --->   "%sext_ln73_91 = sext i26 %mul_ln73_148" [firmware/nnet_utils/nnet_mult.h:73->firmware/nnet_utils/nnet_dense_latency.h:42->firmware/nnet_utils/nnet_dense_stream.h:17]   --->   Operation 363 'sext' 'sext_ln73_91' <Predicate = true> <Delay = 0.00>
ST_3 : Operation 364 [1/1] (0.00ns)   --->   "%sext_ln73_92 = sext i24 %mul_ln73_150" [firmware/nnet_utils/nnet_mult.h:73->firmware/nnet_utils/nnet_dense_latency.h:42->firmware/nnet_utils/nnet_dense_stream.h:17]   --->   Operation 364 'sext' 'sext_ln73_92' <Predicate = true> <Delay = 0.00>
ST_3 : Operation 365 [1/1] (0.00ns)   --->   "%sext_ln73_93 = sext i26 %mul_ln73_153" [firmware/nnet_utils/nnet_mult.h:73->firmware/nnet_utils/nnet_dense_latency.h:42->firmware/nnet_utils/nnet_dense_stream.h:17]   --->   Operation 365 'sext' 'sext_ln73_93' <Predicate = true> <Delay = 0.00>
ST_3 : Operation 366 [1/1] (3.57ns)   --->   "%mul_ln73_155 = mul i27 %sext_ln70_65, i27 134217206" [firmware/nnet_utils/nnet_mult.h:73->firmware/nnet_utils/nnet_dense_latency.h:42->firmware/nnet_utils/nnet_dense_stream.h:17]   --->   Operation 366 'mul' 'mul_ln73_155' <Predicate = true> <Delay = 3.57> <CoreInst = "Multiplier">   --->   Core 3 'Multiplier' <Latency = 0> <II = 1> <Delay = 3.57> <FuncUnit> <Opcode : 'mul'> <InPorts = 2> <OutPorts = 1>
ST_3 : Operation 367 [1/1] (0.00ns)   --->   "%sext_ln70_66 = sext i16 %data_13_val14_read" [firmware/nnet_utils/nnet_mult.h:70->firmware/nnet_utils/nnet_dense_latency.h:42->firmware/nnet_utils/nnet_dense_stream.h:17]   --->   Operation 367 'sext' 'sext_ln70_66' <Predicate = true> <Delay = 0.00>
ST_3 : Operation 368 [1/1] (0.00ns)   --->   "%sext_ln73_95 = sext i17 %sub_ln73" [firmware/nnet_utils/nnet_mult.h:73->firmware/nnet_utils/nnet_dense_latency.h:42->firmware/nnet_utils/nnet_dense_stream.h:17]   --->   Operation 368 'sext' 'sext_ln73_95' <Predicate = true> <Delay = 0.00>
ST_3 : Operation 369 [1/1] (3.57ns)   --->   "%mul_ln73_164 = mul i22 %sext_ln70_66, i22 4194279" [firmware/nnet_utils/nnet_mult.h:73->firmware/nnet_utils/nnet_dense_latency.h:42->firmware/nnet_utils/nnet_dense_stream.h:17]   --->   Operation 369 'mul' 'mul_ln73_164' <Predicate = true> <Delay = 3.57> <CoreInst = "Multiplier">   --->   Core 3 'Multiplier' <Latency = 0> <II = 1> <Delay = 3.57> <FuncUnit> <Opcode : 'mul'> <InPorts = 2> <OutPorts = 1>
ST_3 : Operation 370 [1/1] (0.00ns)   --->   "%sext_ln70_71 = sext i16 %data_14_val15_read" [firmware/nnet_utils/nnet_mult.h:70->firmware/nnet_utils/nnet_dense_latency.h:42->firmware/nnet_utils/nnet_dense_stream.h:17]   --->   Operation 370 'sext' 'sext_ln70_71' <Predicate = true> <Delay = 0.00>
ST_3 : Operation 371 [1/1] (0.00ns)   --->   "%sext_ln70_72 = sext i16 %data_14_val15_read" [firmware/nnet_utils/nnet_mult.h:70->firmware/nnet_utils/nnet_dense_latency.h:42->firmware/nnet_utils/nnet_dense_stream.h:17]   --->   Operation 371 'sext' 'sext_ln70_72' <Predicate = true> <Delay = 0.00>
ST_3 : Operation 372 [1/1] (0.00ns)   --->   "%sext_ln70_75 = sext i16 %data_14_val15_read" [firmware/nnet_utils/nnet_mult.h:70->firmware/nnet_utils/nnet_dense_latency.h:42->firmware/nnet_utils/nnet_dense_stream.h:17]   --->   Operation 372 'sext' 'sext_ln70_75' <Predicate = true> <Delay = 0.00>
ST_3 : Operation 373 [1/1] (3.57ns)   --->   "%mul_ln73_165 = mul i26 %sext_ln70_76, i26 361" [firmware/nnet_utils/nnet_mult.h:73->firmware/nnet_utils/nnet_dense_latency.h:42->firmware/nnet_utils/nnet_dense_stream.h:17]   --->   Operation 373 'mul' 'mul_ln73_165' <Predicate = true> <Delay = 3.57> <CoreInst = "Multiplier">   --->   Core 3 'Multiplier' <Latency = 0> <II = 1> <Delay = 3.57> <FuncUnit> <Opcode : 'mul'> <InPorts = 2> <OutPorts = 1>
ST_3 : Operation 374 [1/1] (3.57ns)   --->   "%mul_ln73_167 = mul i27 %sext_ln70_75, i27 134217203" [firmware/nnet_utils/nnet_mult.h:73->firmware/nnet_utils/nnet_dense_latency.h:42->firmware/nnet_utils/nnet_dense_stream.h:17]   --->   Operation 374 'mul' 'mul_ln73_167' <Predicate = true> <Delay = 3.57> <CoreInst = "Multiplier">   --->   Core 3 'Multiplier' <Latency = 0> <II = 1> <Delay = 3.57> <FuncUnit> <Opcode : 'mul'> <InPorts = 2> <OutPorts = 1>
ST_3 : Operation 375 [1/1] (0.00ns)   --->   "%sext_ln73_98 = sext i25 %mul_ln73_169" [firmware/nnet_utils/nnet_mult.h:73->firmware/nnet_utils/nnet_dense_latency.h:42->firmware/nnet_utils/nnet_dense_stream.h:17]   --->   Operation 375 'sext' 'sext_ln73_98' <Predicate = true> <Delay = 0.00>
ST_3 : Operation 376 [1/1] (0.00ns)   --->   "%shl_ln73_31 = bitconcatenate i23 @_ssdm_op_BitConcatenate.i23.i16.i7, i16 %data_14_val15_read, i7 0" [firmware/nnet_utils/nnet_mult.h:73->firmware/nnet_utils/nnet_dense_latency.h:42->firmware/nnet_utils/nnet_dense_stream.h:17]   --->   Operation 376 'bitconcatenate' 'shl_ln73_31' <Predicate = true> <Delay = 0.00>
ST_3 : Operation 377 [1/1] (0.00ns)   --->   "%sext_ln73_99 = sext i23 %shl_ln73_31" [firmware/nnet_utils/nnet_mult.h:73->firmware/nnet_utils/nnet_dense_latency.h:42->firmware/nnet_utils/nnet_dense_stream.h:17]   --->   Operation 377 'sext' 'sext_ln73_99' <Predicate = true> <Delay = 0.00>
ST_3 : Operation 378 [1/1] (0.00ns) (grouped into TernaryAdder)   --->   "%add_ln73_3 = add i24 %sext_ln73_99, i24 %sext_ln70_72" [firmware/nnet_utils/nnet_mult.h:73->firmware/nnet_utils/nnet_dense_latency.h:42->firmware/nnet_utils/nnet_dense_stream.h:17]   --->   Operation 378 'add' 'add_ln73_3' <Predicate = true> <Delay = 0.00> <CoreInst = "TAddSub">   --->   Core 10 'TAddSub' <Latency = 0> <II = 1> <Delay = 0.52> <IPBlock> <Opcode : '' 'add' 'sub'> <InPorts = 3> <OutPorts = 1> <Sync> <CReg>
ST_3 : Operation 379 [1/1] (3.57ns)   --->   "%mul_ln73_170 = mul i22 %sext_ln70_71, i22 27" [firmware/nnet_utils/nnet_mult.h:73->firmware/nnet_utils/nnet_dense_latency.h:42->firmware/nnet_utils/nnet_dense_stream.h:17]   --->   Operation 379 'mul' 'mul_ln73_170' <Predicate = true> <Delay = 3.57> <CoreInst = "Multiplier">   --->   Core 3 'Multiplier' <Latency = 0> <II = 1> <Delay = 3.57> <FuncUnit> <Opcode : 'mul'> <InPorts = 2> <OutPorts = 1>
ST_3 : Operation 380 [1/1] (0.00ns)   --->   "%sext_ln73_101 = sext i23 %mul_ln73_172" [firmware/nnet_utils/nnet_mult.h:73->firmware/nnet_utils/nnet_dense_latency.h:42->firmware/nnet_utils/nnet_dense_stream.h:17]   --->   Operation 380 'sext' 'sext_ln73_101' <Predicate = true> <Delay = 0.00>
ST_3 : Operation 381 [1/1] (3.57ns)   --->   "%mul_ln58 = mul i26 %sext_ln70_76, i26 67108324" [firmware/nnet_utils/nnet_dense_latency.h:58->firmware/nnet_utils/nnet_dense_stream.h:17]   --->   Operation 381 'mul' 'mul_ln58' <Predicate = true> <Delay = 3.57> <CoreInst = "Multiplier">   --->   Core 3 'Multiplier' <Latency = 0> <II = 1> <Delay = 3.57> <FuncUnit> <Opcode : 'mul'> <InPorts = 2> <OutPorts = 1>
ST_3 : Operation 382 [1/1] (1.45ns)   --->   "%add_ln58_52 = add i25 %mul_ln73_48, i25 33490944" [firmware/nnet_utils/nnet_dense_latency.h:58->firmware/nnet_utils/nnet_dense_stream.h:17]   --->   Operation 382 'add' 'add_ln58_52' <Predicate = true> <Delay = 1.45> <CoreInst = "Adder">   --->   Core 1 'Adder' <Latency = 0> <II = 1> <Delay = 1.45> <FuncUnit> <Opcode : 'add' 'sub'> <InPorts = 2> <OutPorts = 1>
ST_3 : Operation 383 [1/1] (0.00ns)   --->   "%sext_ln58_24 = sext i25 %add_ln58_52" [firmware/nnet_utils/nnet_dense_latency.h:58->firmware/nnet_utils/nnet_dense_stream.h:17]   --->   Operation 383 'sext' 'sext_ln58_24' <Predicate = true> <Delay = 0.00>
ST_3 : Operation 384 [1/1] (0.00ns)   --->   "%sext_ln58 = sext i23 %add_ln58_53" [firmware/nnet_utils/nnet_dense_latency.h:58->firmware/nnet_utils/nnet_dense_stream.h:17]   --->   Operation 384 'sext' 'sext_ln58' <Predicate = true> <Delay = 0.00>
ST_3 : Operation 385 [1/1] (1.45ns)   --->   "%add_ln58_54 = add i25 %sext_ln58, i25 %mul_ln73" [firmware/nnet_utils/nnet_dense_latency.h:58->firmware/nnet_utils/nnet_dense_stream.h:17]   --->   Operation 385 'add' 'add_ln58_54' <Predicate = true> <Delay = 1.45> <CoreInst = "Adder">   --->   Core 1 'Adder' <Latency = 0> <II = 1> <Delay = 1.45> <FuncUnit> <Opcode : 'add' 'sub'> <InPorts = 2> <OutPorts = 1>
ST_3 : Operation 386 [1/1] (0.00ns)   --->   "%sext_ln58_25 = sext i25 %add_ln58_54" [firmware/nnet_utils/nnet_dense_latency.h:58->firmware/nnet_utils/nnet_dense_stream.h:17]   --->   Operation 386 'sext' 'sext_ln58_25' <Predicate = true> <Delay = 0.00>
ST_3 : Operation 387 [1/1] (0.00ns)   --->   "%sext_ln58_26 = sext i23 %add_ln58_56" [firmware/nnet_utils/nnet_dense_latency.h:58->firmware/nnet_utils/nnet_dense_stream.h:17]   --->   Operation 387 'sext' 'sext_ln58_26' <Predicate = true> <Delay = 0.00>
ST_3 : Operation 388 [1/1] (0.00ns)   --->   "%sext_ln58_27 = sext i26 %add_ln58_57" [firmware/nnet_utils/nnet_dense_latency.h:58->firmware/nnet_utils/nnet_dense_stream.h:17]   --->   Operation 388 'sext' 'sext_ln58_27' <Predicate = true> <Delay = 0.00>
ST_3 : Operation 389 [1/1] (0.00ns)   --->   "%sext_ln58_28 = sext i25 %add_ln58_58" [firmware/nnet_utils/nnet_dense_latency.h:58->firmware/nnet_utils/nnet_dense_stream.h:17]   --->   Operation 389 'sext' 'sext_ln58_28' <Predicate = true> <Delay = 0.00>
ST_3 : Operation 390 [1/1] (0.00ns)   --->   "%sext_ln58_29 = sext i26 %add_ln58_59" [firmware/nnet_utils/nnet_dense_latency.h:58->firmware/nnet_utils/nnet_dense_stream.h:17]   --->   Operation 390 'sext' 'sext_ln58_29' <Predicate = true> <Delay = 0.00>
ST_3 : Operation 391 [1/1] (1.45ns)   --->   "%add_ln58_63 = add i25 %mul_ln73_58, i25 %sext_ln58_26" [firmware/nnet_utils/nnet_dense_latency.h:58->firmware/nnet_utils/nnet_dense_stream.h:17]   --->   Operation 391 'add' 'add_ln58_63' <Predicate = true> <Delay = 1.45> <CoreInst = "Adder">   --->   Core 1 'Adder' <Latency = 0> <II = 1> <Delay = 1.45> <FuncUnit> <Opcode : 'add' 'sub'> <InPorts = 2> <OutPorts = 1>
ST_3 : Operation 392 [1/1] (0.00ns)   --->   "%sext_ln58_31 = sext i25 %add_ln58_63" [firmware/nnet_utils/nnet_dense_latency.h:58->firmware/nnet_utils/nnet_dense_stream.h:17]   --->   Operation 392 'sext' 'sext_ln58_31' <Predicate = true> <Delay = 0.00>
ST_3 : Operation 393 [1/1] (0.00ns)   --->   "%sext_ln58_32 = sext i26 %add_ln58_65" [firmware/nnet_utils/nnet_dense_latency.h:58->firmware/nnet_utils/nnet_dense_stream.h:17]   --->   Operation 393 'sext' 'sext_ln58_32' <Predicate = true> <Delay = 0.00>
ST_3 : Operation 394 [1/1] (0.00ns)   --->   "%sext_ln58_34 = sext i26 %add_ln58_69" [firmware/nnet_utils/nnet_dense_latency.h:58->firmware/nnet_utils/nnet_dense_stream.h:17]   --->   Operation 394 'sext' 'sext_ln58_34' <Predicate = true> <Delay = 0.00>
ST_3 : Operation 395 [1/1] (0.00ns) (grouped into TernaryAdder)   --->   "%add_ln58_70 = add i26 %sext_ln58_24, i26 %mul_ln73_58_cast" [firmware/nnet_utils/nnet_dense_latency.h:58->firmware/nnet_utils/nnet_dense_stream.h:17]   --->   Operation 395 'add' 'add_ln58_70' <Predicate = true> <Delay = 0.00> <CoreInst = "TAddSub">   --->   Core 10 'TAddSub' <Latency = 0> <II = 1> <Delay = 0.52> <IPBlock> <Opcode : '' 'add' 'sub'> <InPorts = 3> <OutPorts = 1> <Sync> <CReg>
ST_3 : Operation 396 [1/1] (1.04ns) (root node of TernaryAdder)   --->   "%add_ln58_71 = add i26 %add_ln58_70, i26 %mul_ln73_65" [firmware/nnet_utils/nnet_dense_latency.h:58->firmware/nnet_utils/nnet_dense_stream.h:17]   --->   Operation 396 'add' 'add_ln58_71' <Predicate = true> <Delay = 1.04> <CoreInst = "TAddSub">   --->   Core 10 'TAddSub' <Latency = 0> <II = 1> <Delay = 0.52> <IPBlock> <Opcode : '' 'add' 'sub'> <InPorts = 3> <OutPorts = 1> <Sync> <CReg>
ST_3 : Operation 397 [1/1] (0.00ns)   --->   "%sext_ln58_35 = sext i26 %add_ln58_71" [firmware/nnet_utils/nnet_dense_latency.h:58->firmware/nnet_utils/nnet_dense_stream.h:17]   --->   Operation 397 'sext' 'sext_ln58_35' <Predicate = true> <Delay = 0.00>
ST_3 : Operation 398 [1/1] (0.00ns) (grouped into TernaryAdder)   --->   "%add_ln58_72 = add i26 %sext_ln58_25, i26 %sext_ln73_38" [firmware/nnet_utils/nnet_dense_latency.h:58->firmware/nnet_utils/nnet_dense_stream.h:17]   --->   Operation 398 'add' 'add_ln58_72' <Predicate = true> <Delay = 0.00> <CoreInst = "TAddSub">   --->   Core 10 'TAddSub' <Latency = 0> <II = 1> <Delay = 0.52> <IPBlock> <Opcode : '' 'add' 'sub'> <InPorts = 3> <OutPorts = 1> <Sync> <CReg>
ST_3 : Operation 399 [1/1] (1.04ns) (root node of TernaryAdder)   --->   "%add_ln58_73 = add i26 %add_ln58_72, i26 %mul_ln73_66" [firmware/nnet_utils/nnet_dense_latency.h:58->firmware/nnet_utils/nnet_dense_stream.h:17]   --->   Operation 399 'add' 'add_ln58_73' <Predicate = true> <Delay = 1.04> <CoreInst = "TAddSub">   --->   Core 10 'TAddSub' <Latency = 0> <II = 1> <Delay = 0.52> <IPBlock> <Opcode : '' 'add' 'sub'> <InPorts = 3> <OutPorts = 1> <Sync> <CReg>
ST_3 : Operation 400 [1/1] (0.00ns)   --->   "%sext_ln58_36 = sext i26 %add_ln58_73" [firmware/nnet_utils/nnet_dense_latency.h:58->firmware/nnet_utils/nnet_dense_stream.h:17]   --->   Operation 400 'sext' 'sext_ln58_36' <Predicate = true> <Delay = 0.00>
ST_3 : Operation 401 [1/1] (0.00ns) (grouped into TernaryAdder)   --->   "%add_ln58_74 = add i26 %sext_ln58_28, i26 %sext_ln73_46" [firmware/nnet_utils/nnet_dense_latency.h:58->firmware/nnet_utils/nnet_dense_stream.h:17]   --->   Operation 401 'add' 'add_ln58_74' <Predicate = true> <Delay = 0.00> <CoreInst = "TAddSub">   --->   Core 10 'TAddSub' <Latency = 0> <II = 1> <Delay = 0.52> <IPBlock> <Opcode : '' 'add' 'sub'> <InPorts = 3> <OutPorts = 1> <Sync> <CReg>
ST_3 : Operation 402 [1/1] (1.04ns) (root node of TernaryAdder)   --->   "%add_ln58_75 = add i26 %add_ln58_74, i26 %mul_ln73_61" [firmware/nnet_utils/nnet_dense_latency.h:58->firmware/nnet_utils/nnet_dense_stream.h:17]   --->   Operation 402 'add' 'add_ln58_75' <Predicate = true> <Delay = 1.04> <CoreInst = "TAddSub">   --->   Core 10 'TAddSub' <Latency = 0> <II = 1> <Delay = 0.52> <IPBlock> <Opcode : '' 'add' 'sub'> <InPorts = 3> <OutPorts = 1> <Sync> <CReg>
ST_3 : Operation 403 [1/1] (0.00ns)   --->   "%sext_ln58_37 = sext i26 %add_ln58_75" [firmware/nnet_utils/nnet_dense_latency.h:58->firmware/nnet_utils/nnet_dense_stream.h:17]   --->   Operation 403 'sext' 'sext_ln58_37' <Predicate = true> <Delay = 0.00>
ST_3 : Operation 404 [1/1] (0.00ns) (grouped into TernaryAdder)   --->   "%add_ln58_78 = add i26 %sext_ln58_31, i26 %sext_ln73_49" [firmware/nnet_utils/nnet_dense_latency.h:58->firmware/nnet_utils/nnet_dense_stream.h:17]   --->   Operation 404 'add' 'add_ln58_78' <Predicate = true> <Delay = 0.00> <CoreInst = "TAddSub">   --->   Core 10 'TAddSub' <Latency = 0> <II = 1> <Delay = 0.52> <IPBlock> <Opcode : '' 'add' 'sub'> <InPorts = 3> <OutPorts = 1> <Sync> <CReg>
ST_3 : Operation 405 [1/1] (1.04ns) (root node of TernaryAdder)   --->   "%add_ln58_79 = add i26 %add_ln58_78, i26 %mul_ln73_67" [firmware/nnet_utils/nnet_dense_latency.h:58->firmware/nnet_utils/nnet_dense_stream.h:17]   --->   Operation 405 'add' 'add_ln58_79' <Predicate = true> <Delay = 1.04> <CoreInst = "TAddSub">   --->   Core 10 'TAddSub' <Latency = 0> <II = 1> <Delay = 0.52> <IPBlock> <Opcode : '' 'add' 'sub'> <InPorts = 3> <OutPorts = 1> <Sync> <CReg>
ST_3 : Operation 406 [1/1] (0.00ns)   --->   "%sext_ln58_39 = sext i26 %add_ln58_79" [firmware/nnet_utils/nnet_dense_latency.h:58->firmware/nnet_utils/nnet_dense_stream.h:17]   --->   Operation 406 'sext' 'sext_ln58_39' <Predicate = true> <Delay = 0.00>
ST_3 : Operation 407 [1/1] (0.00ns) (grouped into TernaryAdder)   --->   "%add_ln58_81 = add i27 %sext_ln58_27, i27 %sext_ln73_44" [firmware/nnet_utils/nnet_dense_latency.h:58->firmware/nnet_utils/nnet_dense_stream.h:17]   --->   Operation 407 'add' 'add_ln58_81' <Predicate = true> <Delay = 0.00> <CoreInst = "TAddSub">   --->   Core 10 'TAddSub' <Latency = 0> <II = 1> <Delay = 0.52> <IPBlock> <Opcode : '' 'add' 'sub'> <InPorts = 3> <OutPorts = 1> <Sync> <CReg>
ST_3 : Operation 408 [1/1] (0.00ns)   --->   "%sext_ln58_67 = sext i26 %add_ln58_83" [firmware/nnet_utils/nnet_dense_latency.h:58->firmware/nnet_utils/nnet_dense_stream.h:17]   --->   Operation 408 'sext' 'sext_ln58_67' <Predicate = true> <Delay = 0.00>
ST_3 : Operation 409 [1/1] (1.05ns) (root node of TernaryAdder)   --->   "%add_ln58_84 = add i27 %sext_ln58_67, i27 %add_ln58_81" [firmware/nnet_utils/nnet_dense_latency.h:58->firmware/nnet_utils/nnet_dense_stream.h:17]   --->   Operation 409 'add' 'add_ln58_84' <Predicate = true> <Delay = 1.05> <CoreInst = "TAddSub">   --->   Core 10 'TAddSub' <Latency = 0> <II = 1> <Delay = 0.52> <IPBlock> <Opcode : '' 'add' 'sub'> <InPorts = 3> <OutPorts = 1> <Sync> <CReg>
ST_3 : Operation 410 [1/1] (0.00ns)   --->   "%sext_ln58_41 = sext i27 %add_ln58_84" [firmware/nnet_utils/nnet_dense_latency.h:58->firmware/nnet_utils/nnet_dense_stream.h:17]   --->   Operation 410 'sext' 'sext_ln58_41' <Predicate = true> <Delay = 0.00>
ST_3 : Operation 411 [1/1] (0.00ns) (grouped into TernaryAdder)   --->   "%add_ln58_85 = add i27 %sext_ln58_32, i27 %sext_ln73_53" [firmware/nnet_utils/nnet_dense_latency.h:58->firmware/nnet_utils/nnet_dense_stream.h:17]   --->   Operation 411 'add' 'add_ln58_85' <Predicate = true> <Delay = 0.00> <CoreInst = "TAddSub">   --->   Core 10 'TAddSub' <Latency = 0> <II = 1> <Delay = 0.52> <IPBlock> <Opcode : '' 'add' 'sub'> <InPorts = 3> <OutPorts = 1> <Sync> <CReg>
ST_3 : Operation 412 [1/1] (1.45ns)   --->   "%add_ln58_86 = add i25 %mul_ln73_69, i25 %mul_ln73_79" [firmware/nnet_utils/nnet_dense_latency.h:58->firmware/nnet_utils/nnet_dense_stream.h:17]   --->   Operation 412 'add' 'add_ln58_86' <Predicate = true> <Delay = 1.45> <CoreInst = "Adder">   --->   Core 1 'Adder' <Latency = 0> <II = 1> <Delay = 1.45> <FuncUnit> <Opcode : 'add' 'sub'> <InPorts = 2> <OutPorts = 1>
ST_3 : Operation 413 [1/1] (0.00ns)   --->   "%sext_ln58_68 = sext i25 %add_ln58_86" [firmware/nnet_utils/nnet_dense_latency.h:58->firmware/nnet_utils/nnet_dense_stream.h:17]   --->   Operation 413 'sext' 'sext_ln58_68' <Predicate = true> <Delay = 0.00>
ST_3 : Operation 414 [1/1] (1.05ns) (root node of TernaryAdder)   --->   "%add_ln58_87 = add i27 %sext_ln58_68, i27 %add_ln58_85" [firmware/nnet_utils/nnet_dense_latency.h:58->firmware/nnet_utils/nnet_dense_stream.h:17]   --->   Operation 414 'add' 'add_ln58_87' <Predicate = true> <Delay = 1.05> <CoreInst = "TAddSub">   --->   Core 10 'TAddSub' <Latency = 0> <II = 1> <Delay = 0.52> <IPBlock> <Opcode : '' 'add' 'sub'> <InPorts = 3> <OutPorts = 1> <Sync> <CReg>
ST_3 : Operation 415 [1/1] (0.00ns)   --->   "%sext_ln58_43 = sext i27 %add_ln58_90" [firmware/nnet_utils/nnet_dense_latency.h:58->firmware/nnet_utils/nnet_dense_stream.h:17]   --->   Operation 415 'sext' 'sext_ln58_43' <Predicate = true> <Delay = 0.00>
ST_3 : Operation 416 [1/1] (0.00ns) (grouped into TernaryAdder)   --->   "%add_ln58_91 = add i27 %sext_ln58_29, i27 %sext_ln73_50" [firmware/nnet_utils/nnet_dense_latency.h:58->firmware/nnet_utils/nnet_dense_stream.h:17]   --->   Operation 416 'add' 'add_ln58_91' <Predicate = true> <Delay = 0.00> <CoreInst = "TAddSub">   --->   Core 10 'TAddSub' <Latency = 0> <II = 1> <Delay = 0.52> <IPBlock> <Opcode : '' 'add' 'sub'> <InPorts = 3> <OutPorts = 1> <Sync> <CReg>
ST_3 : Operation 417 [1/1] (0.00ns)   --->   "%sext_ln58_71 = sext i26 %add_ln58_93" [firmware/nnet_utils/nnet_dense_latency.h:58->firmware/nnet_utils/nnet_dense_stream.h:17]   --->   Operation 417 'sext' 'sext_ln58_71' <Predicate = true> <Delay = 0.00>
ST_3 : Operation 418 [1/1] (1.05ns) (root node of TernaryAdder)   --->   "%add_ln58_94 = add i27 %sext_ln58_71, i27 %add_ln58_91" [firmware/nnet_utils/nnet_dense_latency.h:58->firmware/nnet_utils/nnet_dense_stream.h:17]   --->   Operation 418 'add' 'add_ln58_94' <Predicate = true> <Delay = 1.05> <CoreInst = "TAddSub">   --->   Core 10 'TAddSub' <Latency = 0> <II = 1> <Delay = 0.52> <IPBlock> <Opcode : '' 'add' 'sub'> <InPorts = 3> <OutPorts = 1> <Sync> <CReg>
ST_3 : Operation 419 [1/1] (0.00ns)   --->   "%sext_ln58_44 = sext i27 %add_ln58_94" [firmware/nnet_utils/nnet_dense_latency.h:58->firmware/nnet_utils/nnet_dense_stream.h:17]   --->   Operation 419 'sext' 'sext_ln58_44' <Predicate = true> <Delay = 0.00>
ST_3 : Operation 420 [1/1] (0.00ns) (grouped into TernaryAdder)   --->   "%add_ln58_95 = add i27 %sext_ln58_35, i27 %mul_ln73_77_cast" [firmware/nnet_utils/nnet_dense_latency.h:58->firmware/nnet_utils/nnet_dense_stream.h:17]   --->   Operation 420 'add' 'add_ln58_95' <Predicate = true> <Delay = 0.00> <CoreInst = "TAddSub">   --->   Core 10 'TAddSub' <Latency = 0> <II = 1> <Delay = 0.52> <IPBlock> <Opcode : '' 'add' 'sub'> <InPorts = 3> <OutPorts = 1> <Sync> <CReg>
ST_3 : Operation 421 [1/1] (1.46ns)   --->   "%add_ln58_96 = add i26 %mul_ln73_85, i26 %mul_ln73_95" [firmware/nnet_utils/nnet_dense_latency.h:58->firmware/nnet_utils/nnet_dense_stream.h:17]   --->   Operation 421 'add' 'add_ln58_96' <Predicate = true> <Delay = 1.46> <CoreInst = "Adder">   --->   Core 1 'Adder' <Latency = 0> <II = 1> <Delay = 1.46> <FuncUnit> <Opcode : 'add' 'sub'> <InPorts = 2> <OutPorts = 1>
ST_3 : Operation 422 [1/1] (0.00ns)   --->   "%sext_ln58_72 = sext i26 %add_ln58_96" [firmware/nnet_utils/nnet_dense_latency.h:58->firmware/nnet_utils/nnet_dense_stream.h:17]   --->   Operation 422 'sext' 'sext_ln58_72' <Predicate = true> <Delay = 0.00>
ST_3 : Operation 423 [1/1] (1.05ns) (root node of TernaryAdder)   --->   "%add_ln58_97 = add i27 %sext_ln58_72, i27 %add_ln58_95" [firmware/nnet_utils/nnet_dense_latency.h:58->firmware/nnet_utils/nnet_dense_stream.h:17]   --->   Operation 423 'add' 'add_ln58_97' <Predicate = true> <Delay = 1.05> <CoreInst = "TAddSub">   --->   Core 10 'TAddSub' <Latency = 0> <II = 1> <Delay = 0.52> <IPBlock> <Opcode : '' 'add' 'sub'> <InPorts = 3> <OutPorts = 1> <Sync> <CReg>
ST_3 : Operation 424 [1/1] (0.00ns) (grouped into TernaryAdder)   --->   "%add_ln58_98 = add i27 %sext_ln58_36, i27 %sext_ln73_48" [firmware/nnet_utils/nnet_dense_latency.h:58->firmware/nnet_utils/nnet_dense_stream.h:17]   --->   Operation 424 'add' 'add_ln58_98' <Predicate = true> <Delay = 0.00> <CoreInst = "TAddSub">   --->   Core 10 'TAddSub' <Latency = 0> <II = 1> <Delay = 0.52> <IPBlock> <Opcode : '' 'add' 'sub'> <InPorts = 3> <OutPorts = 1> <Sync> <CReg>
ST_3 : Operation 425 [1/1] (0.00ns)   --->   "%sext_ln58_74 = sext i26 %add_ln58_100" [firmware/nnet_utils/nnet_dense_latency.h:58->firmware/nnet_utils/nnet_dense_stream.h:17]   --->   Operation 425 'sext' 'sext_ln58_74' <Predicate = true> <Delay = 0.00>
ST_3 : Operation 426 [1/1] (1.05ns) (root node of TernaryAdder)   --->   "%add_ln58_101 = add i27 %sext_ln58_74, i27 %add_ln58_98" [firmware/nnet_utils/nnet_dense_latency.h:58->firmware/nnet_utils/nnet_dense_stream.h:17]   --->   Operation 426 'add' 'add_ln58_101' <Predicate = true> <Delay = 1.05> <CoreInst = "TAddSub">   --->   Core 10 'TAddSub' <Latency = 0> <II = 1> <Delay = 0.52> <IPBlock> <Opcode : '' 'add' 'sub'> <InPorts = 3> <OutPorts = 1> <Sync> <CReg>
ST_3 : Operation 427 [1/1] (0.00ns)   --->   "%sext_ln58_47 = sext i27 %add_ln58_104" [firmware/nnet_utils/nnet_dense_latency.h:58->firmware/nnet_utils/nnet_dense_stream.h:17]   --->   Operation 427 'sext' 'sext_ln58_47' <Predicate = true> <Delay = 0.00>
ST_3 : Operation 428 [1/1] (0.00ns)   --->   "%sext_ln58_76 = sext i26 %add_ln58_105" [firmware/nnet_utils/nnet_dense_latency.h:58->firmware/nnet_utils/nnet_dense_stream.h:17]   --->   Operation 428 'sext' 'sext_ln58_76' <Predicate = true> <Delay = 0.00>
ST_3 : Operation 429 [1/1] (0.00ns) (grouped into TernaryAdder)   --->   "%add_ln58_106 = add i27 %sext_ln58_76, i27 %sext_ln58_34" [firmware/nnet_utils/nnet_dense_latency.h:58->firmware/nnet_utils/nnet_dense_stream.h:17]   --->   Operation 429 'add' 'add_ln58_106' <Predicate = true> <Delay = 0.00> <CoreInst = "TAddSub">   --->   Core 10 'TAddSub' <Latency = 0> <II = 1> <Delay = 0.52> <IPBlock> <Opcode : '' 'add' 'sub'> <InPorts = 3> <OutPorts = 1> <Sync> <CReg>
ST_3 : Operation 430 [1/1] (0.00ns)   --->   "%sext_ln58_78 = sext i24 %add_ln58_108" [firmware/nnet_utils/nnet_dense_latency.h:58->firmware/nnet_utils/nnet_dense_stream.h:17]   --->   Operation 430 'sext' 'sext_ln58_78' <Predicate = true> <Delay = 0.00>
ST_3 : Operation 431 [1/1] (1.05ns) (root node of TernaryAdder)   --->   "%add_ln58_109 = add i27 %sext_ln58_78, i27 %add_ln58_106" [firmware/nnet_utils/nnet_dense_latency.h:58->firmware/nnet_utils/nnet_dense_stream.h:17]   --->   Operation 431 'add' 'add_ln58_109' <Predicate = true> <Delay = 1.05> <CoreInst = "TAddSub">   --->   Core 10 'TAddSub' <Latency = 0> <II = 1> <Delay = 0.52> <IPBlock> <Opcode : '' 'add' 'sub'> <InPorts = 3> <OutPorts = 1> <Sync> <CReg>
ST_3 : Operation 432 [1/1] (0.00ns)   --->   "%sext_ln58_48 = sext i27 %add_ln58_109" [firmware/nnet_utils/nnet_dense_latency.h:58->firmware/nnet_utils/nnet_dense_stream.h:17]   --->   Operation 432 'sext' 'sext_ln58_48' <Predicate = true> <Delay = 0.00>
ST_3 : Operation 433 [1/1] (0.00ns)   --->   "%sext_ln58_79 = sext i25 %add_ln58_110" [firmware/nnet_utils/nnet_dense_latency.h:58->firmware/nnet_utils/nnet_dense_stream.h:17]   --->   Operation 433 'sext' 'sext_ln58_79' <Predicate = true> <Delay = 0.00>
ST_3 : Operation 434 [1/1] (0.00ns) (grouped into TernaryAdder)   --->   "%add_ln58_111 = add i27 %sext_ln58_79, i27 %sext_ln58_39" [firmware/nnet_utils/nnet_dense_latency.h:58->firmware/nnet_utils/nnet_dense_stream.h:17]   --->   Operation 434 'add' 'add_ln58_111' <Predicate = true> <Delay = 0.00> <CoreInst = "TAddSub">   --->   Core 10 'TAddSub' <Latency = 0> <II = 1> <Delay = 0.52> <IPBlock> <Opcode : '' 'add' 'sub'> <InPorts = 3> <OutPorts = 1> <Sync> <CReg>
ST_3 : Operation 435 [1/1] (0.00ns)   --->   "%sext_ln58_82 = sext i25 %add_ln58_114" [firmware/nnet_utils/nnet_dense_latency.h:58->firmware/nnet_utils/nnet_dense_stream.h:17]   --->   Operation 435 'sext' 'sext_ln58_82' <Predicate = true> <Delay = 0.00>
ST_3 : Operation 436 [1/1] (1.05ns) (root node of TernaryAdder)   --->   "%add_ln58_115 = add i27 %sext_ln58_82, i27 %add_ln58_111" [firmware/nnet_utils/nnet_dense_latency.h:58->firmware/nnet_utils/nnet_dense_stream.h:17]   --->   Operation 436 'add' 'add_ln58_115' <Predicate = true> <Delay = 1.05> <CoreInst = "TAddSub">   --->   Core 10 'TAddSub' <Latency = 0> <II = 1> <Delay = 0.52> <IPBlock> <Opcode : '' 'add' 'sub'> <InPorts = 3> <OutPorts = 1> <Sync> <CReg>
ST_3 : Operation 437 [1/1] (1.46ns)   --->   "%add_ln58_116 = add i27 %sext_ln58_37, i27 %sext_ln73_54" [firmware/nnet_utils/nnet_dense_latency.h:58->firmware/nnet_utils/nnet_dense_stream.h:17]   --->   Operation 437 'add' 'add_ln58_116' <Predicate = true> <Delay = 1.46> <CoreInst = "Adder">   --->   Core 1 'Adder' <Latency = 0> <II = 1> <Delay = 1.46> <FuncUnit> <Opcode : 'add' 'sub'> <InPorts = 2> <OutPorts = 1>
ST_3 : Operation 438 [1/1] (1.45ns)   --->   "%add_ln58_117 = add i25 %mul_ln73_81, i25 %mul_ln73_115" [firmware/nnet_utils/nnet_dense_latency.h:58->firmware/nnet_utils/nnet_dense_stream.h:17]   --->   Operation 438 'add' 'add_ln58_117' <Predicate = true> <Delay = 1.45> <CoreInst = "Adder">   --->   Core 1 'Adder' <Latency = 0> <II = 1> <Delay = 1.45> <FuncUnit> <Opcode : 'add' 'sub'> <InPorts = 2> <OutPorts = 1>
ST_3 : Operation 439 [1/1] (0.00ns)   --->   "%sext_ln58_83 = sext i25 %add_ln58_117" [firmware/nnet_utils/nnet_dense_latency.h:58->firmware/nnet_utils/nnet_dense_stream.h:17]   --->   Operation 439 'sext' 'sext_ln58_83' <Predicate = true> <Delay = 0.00>
ST_3 : Operation 440 [1/1] (0.00ns) (grouped into TernaryAdder)   --->   "%add_ln58_118 = add i27 %sext_ln58_83, i27 %add_ln58_116" [firmware/nnet_utils/nnet_dense_latency.h:58->firmware/nnet_utils/nnet_dense_stream.h:17]   --->   Operation 440 'add' 'add_ln58_118' <Predicate = true> <Delay = 0.00> <CoreInst = "TAddSub">   --->   Core 10 'TAddSub' <Latency = 0> <II = 1> <Delay = 0.52> <IPBlock> <Opcode : '' 'add' 'sub'> <InPorts = 3> <OutPorts = 1> <Sync> <CReg>
ST_3 : Operation 441 [1/1] (0.00ns)   --->   "%sext_ln58_86 = sext i25 %add_ln58_121" [firmware/nnet_utils/nnet_dense_latency.h:58->firmware/nnet_utils/nnet_dense_stream.h:17]   --->   Operation 441 'sext' 'sext_ln58_86' <Predicate = true> <Delay = 0.00>
ST_3 : Operation 442 [1/1] (1.05ns) (root node of TernaryAdder)   --->   "%add_ln58_122 = add i27 %sext_ln58_86, i27 %add_ln58_118" [firmware/nnet_utils/nnet_dense_latency.h:58->firmware/nnet_utils/nnet_dense_stream.h:17]   --->   Operation 442 'add' 'add_ln58_122' <Predicate = true> <Delay = 1.05> <CoreInst = "TAddSub">   --->   Core 10 'TAddSub' <Latency = 0> <II = 1> <Delay = 0.52> <IPBlock> <Opcode : '' 'add' 'sub'> <InPorts = 3> <OutPorts = 1> <Sync> <CReg>
ST_3 : Operation 443 [1/1] (1.04ns) (root node of TernaryAdder)   --->   "%add_ln58_123 = add i26 %sub_ln73_11, i26 %mul_ln73_111" [firmware/nnet_utils/nnet_dense_latency.h:58->firmware/nnet_utils/nnet_dense_stream.h:17]   --->   Operation 443 'add' 'add_ln58_123' <Predicate = true> <Delay = 1.04> <CoreInst = "TAddSub">   --->   Core 10 'TAddSub' <Latency = 0> <II = 1> <Delay = 0.52> <IPBlock> <Opcode : '' 'add' 'sub'> <InPorts = 3> <OutPorts = 1> <Sync> <CReg>
ST_3 : Operation 444 [1/1] (1.46ns)   --->   "%add_ln58_125 = add i26 %mul_ln73_119, i26 %mul_ln73_128" [firmware/nnet_utils/nnet_dense_latency.h:58->firmware/nnet_utils/nnet_dense_stream.h:17]   --->   Operation 444 'add' 'add_ln58_125' <Predicate = true> <Delay = 1.46> <CoreInst = "Adder">   --->   Core 1 'Adder' <Latency = 0> <II = 1> <Delay = 1.46> <FuncUnit> <Opcode : 'add' 'sub'> <InPorts = 2> <OutPorts = 1>
ST_3 : Operation 445 [1/1] (0.00ns)   --->   "%sext_ln58_88 = sext i26 %add_ln58_125" [firmware/nnet_utils/nnet_dense_latency.h:58->firmware/nnet_utils/nnet_dense_stream.h:17]   --->   Operation 445 'sext' 'sext_ln58_88' <Predicate = true> <Delay = 0.00>
ST_3 : Operation 446 [1/1] (1.45ns)   --->   "%add_ln58_126 = add i25 %mul_ln73_138, i25 %mul_ln73_146" [firmware/nnet_utils/nnet_dense_latency.h:58->firmware/nnet_utils/nnet_dense_stream.h:17]   --->   Operation 446 'add' 'add_ln58_126' <Predicate = true> <Delay = 1.45> <CoreInst = "Adder">   --->   Core 1 'Adder' <Latency = 0> <II = 1> <Delay = 1.45> <FuncUnit> <Opcode : 'add' 'sub'> <InPorts = 2> <OutPorts = 1>
ST_3 : Operation 447 [1/1] (0.00ns)   --->   "%sext_ln58_89 = sext i25 %add_ln58_126" [firmware/nnet_utils/nnet_dense_latency.h:58->firmware/nnet_utils/nnet_dense_stream.h:17]   --->   Operation 447 'sext' 'sext_ln58_89' <Predicate = true> <Delay = 0.00>
ST_3 : Operation 448 [1/1] (1.46ns)   --->   "%add_ln58_127 = add i27 %sext_ln58_89, i27 %sext_ln58_88" [firmware/nnet_utils/nnet_dense_latency.h:58->firmware/nnet_utils/nnet_dense_stream.h:17]   --->   Operation 448 'add' 'add_ln58_127' <Predicate = true> <Delay = 1.46> <CoreInst = "Adder">   --->   Core 1 'Adder' <Latency = 0> <II = 1> <Delay = 1.46> <FuncUnit> <Opcode : 'add' 'sub'> <InPorts = 2> <OutPorts = 1>
ST_3 : Operation 449 [1/1] (1.46ns)   --->   "%add_ln58_129 = add i28 %sext_ln58_43, i28 %sext_ln73_72" [firmware/nnet_utils/nnet_dense_latency.h:58->firmware/nnet_utils/nnet_dense_stream.h:17]   --->   Operation 449 'add' 'add_ln58_129' <Predicate = true> <Delay = 1.46> <CoreInst = "Adder">   --->   Core 1 'Adder' <Latency = 0> <II = 1> <Delay = 1.46> <FuncUnit> <Opcode : 'add' 'sub'> <InPorts = 2> <OutPorts = 1>
ST_3 : Operation 450 [1/1] (1.46ns)   --->   "%add_ln58_130 = add i26 %mul_ln73_124, i26 %mul_ln73_151" [firmware/nnet_utils/nnet_dense_latency.h:58->firmware/nnet_utils/nnet_dense_stream.h:17]   --->   Operation 450 'add' 'add_ln58_130' <Predicate = true> <Delay = 1.46> <CoreInst = "Adder">   --->   Core 1 'Adder' <Latency = 0> <II = 1> <Delay = 1.46> <FuncUnit> <Opcode : 'add' 'sub'> <InPorts = 2> <OutPorts = 1>
ST_3 : Operation 451 [1/1] (0.00ns)   --->   "%sext_ln58_91 = sext i26 %add_ln58_130" [firmware/nnet_utils/nnet_dense_latency.h:58->firmware/nnet_utils/nnet_dense_stream.h:17]   --->   Operation 451 'sext' 'sext_ln58_91' <Predicate = true> <Delay = 0.00>
ST_3 : Operation 452 [1/1] (0.00ns) (grouped into TernaryAdder)   --->   "%add_ln58_131 = add i28 %sext_ln58_91, i28 %add_ln58_129" [firmware/nnet_utils/nnet_dense_latency.h:58->firmware/nnet_utils/nnet_dense_stream.h:17]   --->   Operation 452 'add' 'add_ln58_131' <Predicate = true> <Delay = 0.00> <CoreInst = "TAddSub">   --->   Core 10 'TAddSub' <Latency = 0> <II = 1> <Delay = 0.52> <IPBlock> <Opcode : '' 'add' 'sub'> <InPorts = 3> <OutPorts = 1> <Sync> <CReg>
ST_3 : Operation 453 [1/1] (0.00ns)   --->   "%sext_ln58_94 = sext i26 %add_ln58_134" [firmware/nnet_utils/nnet_dense_latency.h:58->firmware/nnet_utils/nnet_dense_stream.h:17]   --->   Operation 453 'sext' 'sext_ln58_94' <Predicate = true> <Delay = 0.00>
ST_3 : Operation 454 [1/1] (1.05ns) (root node of TernaryAdder)   --->   "%add_ln58_135 = add i28 %sext_ln58_94, i28 %add_ln58_131" [firmware/nnet_utils/nnet_dense_latency.h:58->firmware/nnet_utils/nnet_dense_stream.h:17]   --->   Operation 454 'add' 'add_ln58_135' <Predicate = true> <Delay = 1.05> <CoreInst = "TAddSub">   --->   Core 10 'TAddSub' <Latency = 0> <II = 1> <Delay = 0.52> <IPBlock> <Opcode : '' 'add' 'sub'> <InPorts = 3> <OutPorts = 1> <Sync> <CReg>
ST_3 : Operation 455 [1/1] (1.46ns)   --->   "%add_ln58_136 = add i28 %sext_ln58_41, i28 %sext_ln73_63" [firmware/nnet_utils/nnet_dense_latency.h:58->firmware/nnet_utils/nnet_dense_stream.h:17]   --->   Operation 455 'add' 'add_ln58_136' <Predicate = true> <Delay = 1.46> <CoreInst = "Adder">   --->   Core 1 'Adder' <Latency = 0> <II = 1> <Delay = 1.46> <FuncUnit> <Opcode : 'add' 'sub'> <InPorts = 2> <OutPorts = 1>
ST_3 : Operation 456 [1/1] (1.46ns)   --->   "%add_ln58_137 = add i26 %mul_ln73_122, i26 %mul_ln73_158" [firmware/nnet_utils/nnet_dense_latency.h:58->firmware/nnet_utils/nnet_dense_stream.h:17]   --->   Operation 456 'add' 'add_ln58_137' <Predicate = true> <Delay = 1.46> <CoreInst = "Adder">   --->   Core 1 'Adder' <Latency = 0> <II = 1> <Delay = 1.46> <FuncUnit> <Opcode : 'add' 'sub'> <InPorts = 2> <OutPorts = 1>
ST_3 : Operation 457 [1/1] (0.00ns)   --->   "%sext_ln58_95 = sext i26 %add_ln58_137" [firmware/nnet_utils/nnet_dense_latency.h:58->firmware/nnet_utils/nnet_dense_stream.h:17]   --->   Operation 457 'sext' 'sext_ln58_95' <Predicate = true> <Delay = 0.00>
ST_3 : Operation 458 [1/1] (0.00ns) (grouped into TernaryAdder)   --->   "%add_ln58_138 = add i28 %sext_ln58_95, i28 %add_ln58_136" [firmware/nnet_utils/nnet_dense_latency.h:58->firmware/nnet_utils/nnet_dense_stream.h:17]   --->   Operation 458 'add' 'add_ln58_138' <Predicate = true> <Delay = 0.00> <CoreInst = "TAddSub">   --->   Core 10 'TAddSub' <Latency = 0> <II = 1> <Delay = 0.52> <IPBlock> <Opcode : '' 'add' 'sub'> <InPorts = 3> <OutPorts = 1> <Sync> <CReg>
ST_3 : Operation 459 [1/1] (0.00ns) (grouped into TernaryAdder)   --->   "%add_ln58_139 = add i26 %sext_ln42, i26 %sext_ln73_83" [firmware/nnet_utils/nnet_dense_latency.h:58->firmware/nnet_utils/nnet_dense_stream.h:17]   --->   Operation 459 'add' 'add_ln58_139' <Predicate = true> <Delay = 0.00> <CoreInst = "TAddSub">   --->   Core 10 'TAddSub' <Latency = 0> <II = 1> <Delay = 0.52> <IPBlock> <Opcode : '' 'add' 'sub'> <InPorts = 3> <OutPorts = 1> <Sync> <CReg>
ST_3 : Operation 460 [1/1] (0.00ns)   --->   "%sext_ln58_96 = sext i23 %add_ln58_140" [firmware/nnet_utils/nnet_dense_latency.h:58->firmware/nnet_utils/nnet_dense_stream.h:17]   --->   Operation 460 'sext' 'sext_ln58_96' <Predicate = true> <Delay = 0.00>
ST_3 : Operation 461 [1/1] (1.45ns)   --->   "%add_ln58_141 = add i25 %sext_ln58_96, i25 %mul_ln73_149" [firmware/nnet_utils/nnet_dense_latency.h:58->firmware/nnet_utils/nnet_dense_stream.h:17]   --->   Operation 461 'add' 'add_ln58_141' <Predicate = true> <Delay = 1.45> <CoreInst = "Adder">   --->   Core 1 'Adder' <Latency = 0> <II = 1> <Delay = 1.45> <FuncUnit> <Opcode : 'add' 'sub'> <InPorts = 2> <OutPorts = 1>
ST_3 : Operation 462 [1/1] (0.00ns)   --->   "%sext_ln58_97 = sext i25 %add_ln58_141" [firmware/nnet_utils/nnet_dense_latency.h:58->firmware/nnet_utils/nnet_dense_stream.h:17]   --->   Operation 462 'sext' 'sext_ln58_97' <Predicate = true> <Delay = 0.00>
ST_3 : Operation 463 [1/1] (1.04ns) (root node of TernaryAdder)   --->   "%add_ln58_142 = add i26 %sext_ln58_97, i26 %add_ln58_139" [firmware/nnet_utils/nnet_dense_latency.h:58->firmware/nnet_utils/nnet_dense_stream.h:17]   --->   Operation 463 'add' 'add_ln58_142' <Predicate = true> <Delay = 1.04> <CoreInst = "TAddSub">   --->   Core 10 'TAddSub' <Latency = 0> <II = 1> <Delay = 0.52> <IPBlock> <Opcode : '' 'add' 'sub'> <InPorts = 3> <OutPorts = 1> <Sync> <CReg>
ST_3 : Operation 464 [1/1] (0.00ns)   --->   "%sext_ln58_98 = sext i26 %add_ln58_142" [firmware/nnet_utils/nnet_dense_latency.h:58->firmware/nnet_utils/nnet_dense_stream.h:17]   --->   Operation 464 'sext' 'sext_ln58_98' <Predicate = true> <Delay = 0.00>
ST_3 : Operation 465 [1/1] (1.05ns) (root node of TernaryAdder)   --->   "%add_ln58_143 = add i28 %sext_ln58_98, i28 %add_ln58_138" [firmware/nnet_utils/nnet_dense_latency.h:58->firmware/nnet_utils/nnet_dense_stream.h:17]   --->   Operation 465 'add' 'add_ln58_143' <Predicate = true> <Delay = 1.05> <CoreInst = "TAddSub">   --->   Core 10 'TAddSub' <Latency = 0> <II = 1> <Delay = 0.52> <IPBlock> <Opcode : '' 'add' 'sub'> <InPorts = 3> <OutPorts = 1> <Sync> <CReg>
ST_3 : Operation 466 [1/1] (1.46ns)   --->   "%add_ln58_144 = add i28 %sext_ln58_44, i28 %sext_ln73_73" [firmware/nnet_utils/nnet_dense_latency.h:58->firmware/nnet_utils/nnet_dense_stream.h:17]   --->   Operation 466 'add' 'add_ln58_144' <Predicate = true> <Delay = 1.46> <CoreInst = "Adder">   --->   Core 1 'Adder' <Latency = 0> <II = 1> <Delay = 1.46> <FuncUnit> <Opcode : 'add' 'sub'> <InPorts = 2> <OutPorts = 1>
ST_3 : Operation 467 [1/1] (1.04ns) (root node of TernaryAdder)   --->   "%add_ln58_145 = add i26 %sub_ln73_16, i26 %sext_ln73_60" [firmware/nnet_utils/nnet_dense_latency.h:58->firmware/nnet_utils/nnet_dense_stream.h:17]   --->   Operation 467 'add' 'add_ln58_145' <Predicate = true> <Delay = 1.04> <CoreInst = "TAddSub">   --->   Core 10 'TAddSub' <Latency = 0> <II = 1> <Delay = 0.52> <IPBlock> <Opcode : '' 'add' 'sub'> <InPorts = 3> <OutPorts = 1> <Sync> <CReg>
ST_3 : Operation 468 [1/1] (1.45ns)   --->   "%add_ln58_147 = add i25 %mul_ln73_126, i25 %mul_ln73_149" [firmware/nnet_utils/nnet_dense_latency.h:58->firmware/nnet_utils/nnet_dense_stream.h:17]   --->   Operation 468 'add' 'add_ln58_147' <Predicate = true> <Delay = 1.45> <CoreInst = "Adder">   --->   Core 1 'Adder' <Latency = 0> <II = 1> <Delay = 1.45> <FuncUnit> <Opcode : 'add' 'sub'> <InPorts = 2> <OutPorts = 1>
ST_3 : Operation 469 [1/1] (0.00ns)   --->   "%sext_ln58_100 = sext i25 %add_ln58_147" [firmware/nnet_utils/nnet_dense_latency.h:58->firmware/nnet_utils/nnet_dense_stream.h:17]   --->   Operation 469 'sext' 'sext_ln58_100' <Predicate = true> <Delay = 0.00>
ST_3 : Operation 470 [1/1] (0.00ns)   --->   "%sext_ln58_101 = sext i24 %add_ln58_148" [firmware/nnet_utils/nnet_dense_latency.h:58->firmware/nnet_utils/nnet_dense_stream.h:17]   --->   Operation 470 'sext' 'sext_ln58_101' <Predicate = true> <Delay = 0.00>
ST_3 : Operation 471 [1/1] (1.45ns)   --->   "%add_ln58_149 = add i25 %sext_ln58_101, i25 %mul_ln73_161" [firmware/nnet_utils/nnet_dense_latency.h:58->firmware/nnet_utils/nnet_dense_stream.h:17]   --->   Operation 471 'add' 'add_ln58_149' <Predicate = true> <Delay = 1.45> <CoreInst = "Adder">   --->   Core 1 'Adder' <Latency = 0> <II = 1> <Delay = 1.45> <FuncUnit> <Opcode : 'add' 'sub'> <InPorts = 2> <OutPorts = 1>
ST_3 : Operation 472 [1/1] (0.00ns)   --->   "%sext_ln58_102 = sext i25 %add_ln58_149" [firmware/nnet_utils/nnet_dense_latency.h:58->firmware/nnet_utils/nnet_dense_stream.h:17]   --->   Operation 472 'sext' 'sext_ln58_102' <Predicate = true> <Delay = 0.00>
ST_3 : Operation 473 [1/1] (1.45ns)   --->   "%add_ln58_150 = add i26 %sext_ln58_102, i26 %sext_ln58_100" [firmware/nnet_utils/nnet_dense_latency.h:58->firmware/nnet_utils/nnet_dense_stream.h:17]   --->   Operation 473 'add' 'add_ln58_150' <Predicate = true> <Delay = 1.45> <CoreInst = "Adder">   --->   Core 1 'Adder' <Latency = 0> <II = 1> <Delay = 1.46> <FuncUnit> <Opcode : 'add' 'sub'> <InPorts = 2> <OutPorts = 1>
ST_3 : Operation 474 [1/1] (1.45ns)   --->   "%add_ln58_155 = add i25 %mul_ln73_112, i25 %mul_ln73_120" [firmware/nnet_utils/nnet_dense_latency.h:58->firmware/nnet_utils/nnet_dense_stream.h:17]   --->   Operation 474 'add' 'add_ln58_155' <Predicate = true> <Delay = 1.45> <CoreInst = "Adder">   --->   Core 1 'Adder' <Latency = 0> <II = 1> <Delay = 1.45> <FuncUnit> <Opcode : 'add' 'sub'> <InPorts = 2> <OutPorts = 1>
ST_3 : Operation 475 [1/1] (0.00ns)   --->   "%sext_ln58_105 = sext i25 %add_ln58_155" [firmware/nnet_utils/nnet_dense_latency.h:58->firmware/nnet_utils/nnet_dense_stream.h:17]   --->   Operation 475 'sext' 'sext_ln58_105' <Predicate = true> <Delay = 0.00>
ST_3 : Operation 476 [1/1] (1.45ns)   --->   "%add_ln58_156 = add i25 %mul_ln73_156, i25 %sext_ln73_78" [firmware/nnet_utils/nnet_dense_latency.h:58->firmware/nnet_utils/nnet_dense_stream.h:17]   --->   Operation 476 'add' 'add_ln58_156' <Predicate = true> <Delay = 1.45> <CoreInst = "Adder">   --->   Core 1 'Adder' <Latency = 0> <II = 1> <Delay = 1.45> <FuncUnit> <Opcode : 'add' 'sub'> <InPorts = 2> <OutPorts = 1>
ST_3 : Operation 477 [1/1] (0.00ns)   --->   "%sext_ln58_106 = sext i25 %add_ln58_156" [firmware/nnet_utils/nnet_dense_latency.h:58->firmware/nnet_utils/nnet_dense_stream.h:17]   --->   Operation 477 'sext' 'sext_ln58_106' <Predicate = true> <Delay = 0.00>
ST_3 : Operation 478 [1/1] (1.45ns)   --->   "%add_ln58_157 = add i26 %sext_ln58_106, i26 %sext_ln58_105" [firmware/nnet_utils/nnet_dense_latency.h:58->firmware/nnet_utils/nnet_dense_stream.h:17]   --->   Operation 478 'add' 'add_ln58_157' <Predicate = true> <Delay = 1.45> <CoreInst = "Adder">   --->   Core 1 'Adder' <Latency = 0> <II = 1> <Delay = 1.46> <FuncUnit> <Opcode : 'add' 'sub'> <InPorts = 2> <OutPorts = 1>
ST_3 : Operation 479 [1/1] (1.46ns)   --->   "%add_ln58_160 = add i26 %mul_ln73_157, i26 %mul_ln73_166" [firmware/nnet_utils/nnet_dense_latency.h:58->firmware/nnet_utils/nnet_dense_stream.h:17]   --->   Operation 479 'add' 'add_ln58_160' <Predicate = true> <Delay = 1.46> <CoreInst = "Adder">   --->   Core 1 'Adder' <Latency = 0> <II = 1> <Delay = 1.46> <FuncUnit> <Opcode : 'add' 'sub'> <InPorts = 2> <OutPorts = 1>
ST_3 : Operation 480 [1/1] (0.00ns)   --->   "%sext_ln58_108 = sext i26 %add_ln58_160" [firmware/nnet_utils/nnet_dense_latency.h:58->firmware/nnet_utils/nnet_dense_stream.h:17]   --->   Operation 480 'sext' 'sext_ln58_108' <Predicate = true> <Delay = 0.00>
ST_3 : Operation 481 [1/1] (1.46ns)   --->   "%add_ln58_161 = add i27 %sext_ln58_108, i27 %sext_ln73_91" [firmware/nnet_utils/nnet_dense_latency.h:58->firmware/nnet_utils/nnet_dense_stream.h:17]   --->   Operation 481 'add' 'add_ln58_161' <Predicate = true> <Delay = 1.46> <CoreInst = "Adder">   --->   Core 1 'Adder' <Latency = 0> <II = 1> <Delay = 1.46> <FuncUnit> <Opcode : 'add' 'sub'> <InPorts = 2> <OutPorts = 1>
ST_3 : Operation 482 [1/1] (1.46ns)   --->   "%add_ln58_165 = add i26 %mul_ln73_123, i26 %sext_ln73_79" [firmware/nnet_utils/nnet_dense_latency.h:58->firmware/nnet_utils/nnet_dense_stream.h:17]   --->   Operation 482 'add' 'add_ln58_165' <Predicate = true> <Delay = 1.46> <CoreInst = "Adder">   --->   Core 1 'Adder' <Latency = 0> <II = 1> <Delay = 1.46> <FuncUnit> <Opcode : 'add' 'sub'> <InPorts = 2> <OutPorts = 1>
ST_3 : Operation 483 [1/1] (0.00ns)   --->   "%sext_ln58_110 = sext i26 %add_ln58_165" [firmware/nnet_utils/nnet_dense_latency.h:58->firmware/nnet_utils/nnet_dense_stream.h:17]   --->   Operation 483 'sext' 'sext_ln58_110' <Predicate = true> <Delay = 0.00>
ST_3 : Operation 484 [1/1] (1.46ns)   --->   "%add_ln58_166 = add i27 %sext_ln58_110, i27 %sext_ln73_71" [firmware/nnet_utils/nnet_dense_latency.h:58->firmware/nnet_utils/nnet_dense_stream.h:17]   --->   Operation 484 'add' 'add_ln58_166' <Predicate = true> <Delay = 1.46> <CoreInst = "Adder">   --->   Core 1 'Adder' <Latency = 0> <II = 1> <Delay = 1.46> <FuncUnit> <Opcode : 'add' 'sub'> <InPorts = 2> <OutPorts = 1>
ST_3 : Operation 485 [1/1] (0.00ns) (grouped into TernaryAdder)   --->   "%add_ln58_168 = add i25 %mul_ln73_168, i25 %sext_ln73_92" [firmware/nnet_utils/nnet_dense_latency.h:58->firmware/nnet_utils/nnet_dense_stream.h:17]   --->   Operation 485 'add' 'add_ln58_168' <Predicate = true> <Delay = 0.00> <CoreInst = "TAddSub">   --->   Core 10 'TAddSub' <Latency = 0> <II = 1> <Delay = 0.52> <IPBlock> <Opcode : '' 'add' 'sub'> <InPorts = 3> <OutPorts = 1> <Sync> <CReg>
ST_3 : Operation 486 [1/1] (0.00ns)   --->   "%sext_ln58_112 = sext i22 %add_ln58_169" [firmware/nnet_utils/nnet_dense_latency.h:58->firmware/nnet_utils/nnet_dense_stream.h:17]   --->   Operation 486 'sext' 'sext_ln58_112' <Predicate = true> <Delay = 0.00>
ST_3 : Operation 487 [1/1] (1.45ns)   --->   "%add_ln58_170 = add i24 %sext_ln58_112, i24 %mul_ln73_159" [firmware/nnet_utils/nnet_dense_latency.h:58->firmware/nnet_utils/nnet_dense_stream.h:17]   --->   Operation 487 'add' 'add_ln58_170' <Predicate = true> <Delay = 1.45> <CoreInst = "Adder">   --->   Core 1 'Adder' <Latency = 0> <II = 1> <Delay = 1.45> <FuncUnit> <Opcode : 'add' 'sub'> <InPorts = 2> <OutPorts = 1>
ST_3 : Operation 488 [1/1] (0.00ns)   --->   "%sext_ln58_113 = sext i24 %add_ln58_170" [firmware/nnet_utils/nnet_dense_latency.h:58->firmware/nnet_utils/nnet_dense_stream.h:17]   --->   Operation 488 'sext' 'sext_ln58_113' <Predicate = true> <Delay = 0.00>
ST_3 : Operation 489 [1/1] (1.04ns) (root node of TernaryAdder)   --->   "%add_ln58_171 = add i25 %sext_ln58_113, i25 %add_ln58_168" [firmware/nnet_utils/nnet_dense_latency.h:58->firmware/nnet_utils/nnet_dense_stream.h:17]   --->   Operation 489 'add' 'add_ln58_171' <Predicate = true> <Delay = 1.04> <CoreInst = "TAddSub">   --->   Core 10 'TAddSub' <Latency = 0> <II = 1> <Delay = 0.52> <IPBlock> <Opcode : '' 'add' 'sub'> <InPorts = 3> <OutPorts = 1> <Sync> <CReg>
ST_3 : Operation 490 [1/1] (1.46ns)   --->   "%add_ln58_173 = add i26 %mul_ln73_160, i26 %sext_ln73_98" [firmware/nnet_utils/nnet_dense_latency.h:58->firmware/nnet_utils/nnet_dense_stream.h:17]   --->   Operation 490 'add' 'add_ln58_173' <Predicate = true> <Delay = 1.46> <CoreInst = "Adder">   --->   Core 1 'Adder' <Latency = 0> <II = 1> <Delay = 1.46> <FuncUnit> <Opcode : 'add' 'sub'> <InPorts = 2> <OutPorts = 1>
ST_3 : Operation 491 [1/1] (1.03ns) (root node of TernaryAdder)   --->   "%add_ln58_176 = add i24 %add_ln73_3, i24 %sext_ln73_95" [firmware/nnet_utils/nnet_dense_latency.h:58->firmware/nnet_utils/nnet_dense_stream.h:17]   --->   Operation 491 'add' 'add_ln58_176' <Predicate = true> <Delay = 1.03> <CoreInst = "TAddSub">   --->   Core 10 'TAddSub' <Latency = 0> <II = 1> <Delay = 0.52> <IPBlock> <Opcode : '' 'add' 'sub'> <InPorts = 3> <OutPorts = 1> <Sync> <CReg>
ST_3 : Operation 492 [1/1] (0.00ns)   --->   "%sext_ln58_116 = sext i24 %add_ln58_176" [firmware/nnet_utils/nnet_dense_latency.h:58->firmware/nnet_utils/nnet_dense_stream.h:17]   --->   Operation 492 'sext' 'sext_ln58_116' <Predicate = true> <Delay = 0.00>
ST_3 : Operation 493 [1/1] (1.45ns)   --->   "%add_ln58_177 = add i25 %sext_ln58_116, i25 %mul_ln73_152" [firmware/nnet_utils/nnet_dense_latency.h:58->firmware/nnet_utils/nnet_dense_stream.h:17]   --->   Operation 493 'add' 'add_ln58_177' <Predicate = true> <Delay = 1.45> <CoreInst = "Adder">   --->   Core 1 'Adder' <Latency = 0> <II = 1> <Delay = 1.45> <FuncUnit> <Opcode : 'add' 'sub'> <InPorts = 2> <OutPorts = 1>
ST_3 : Operation 494 [1/1] (1.46ns)   --->   "%add_ln58_180 = add i28 %sext_ln58_47, i28 %sext_ln73_93" [firmware/nnet_utils/nnet_dense_latency.h:58->firmware/nnet_utils/nnet_dense_stream.h:17]   --->   Operation 494 'add' 'add_ln58_180' <Predicate = true> <Delay = 1.46> <CoreInst = "Adder">   --->   Core 1 'Adder' <Latency = 0> <II = 1> <Delay = 1.46> <FuncUnit> <Opcode : 'add' 'sub'> <InPorts = 2> <OutPorts = 1>
ST_3 : Operation 495 [1/1] (1.45ns)   --->   "%add_ln58_181 = add i25 %mul_ln73_117, i25 %mul_ln73_144" [firmware/nnet_utils/nnet_dense_latency.h:58->firmware/nnet_utils/nnet_dense_stream.h:17]   --->   Operation 495 'add' 'add_ln58_181' <Predicate = true> <Delay = 1.45> <CoreInst = "Adder">   --->   Core 1 'Adder' <Latency = 0> <II = 1> <Delay = 1.45> <FuncUnit> <Opcode : 'add' 'sub'> <InPorts = 2> <OutPorts = 1>
ST_3 : Operation 496 [1/1] (0.00ns)   --->   "%sext_ln58_118 = sext i25 %add_ln58_181" [firmware/nnet_utils/nnet_dense_latency.h:58->firmware/nnet_utils/nnet_dense_stream.h:17]   --->   Operation 496 'sext' 'sext_ln58_118' <Predicate = true> <Delay = 0.00>
ST_3 : Operation 497 [1/1] (0.00ns) (grouped into TernaryAdder)   --->   "%add_ln58_182 = add i28 %sext_ln58_118, i28 %add_ln58_180" [firmware/nnet_utils/nnet_dense_latency.h:58->firmware/nnet_utils/nnet_dense_stream.h:17]   --->   Operation 497 'add' 'add_ln58_182' <Predicate = true> <Delay = 0.00> <CoreInst = "TAddSub">   --->   Core 10 'TAddSub' <Latency = 0> <II = 1> <Delay = 0.52> <IPBlock> <Opcode : '' 'add' 'sub'> <InPorts = 3> <OutPorts = 1> <Sync> <CReg>
ST_3 : Operation 498 [1/1] (0.00ns) (grouped into TernaryAdder)   --->   "%add_ln58_183 = add i25 %mul_ln73_171, i25 %sext_ln73_81" [firmware/nnet_utils/nnet_dense_latency.h:58->firmware/nnet_utils/nnet_dense_stream.h:17]   --->   Operation 498 'add' 'add_ln58_183' <Predicate = true> <Delay = 0.00> <CoreInst = "TAddSub">   --->   Core 10 'TAddSub' <Latency = 0> <II = 1> <Delay = 0.52> <IPBlock> <Opcode : '' 'add' 'sub'> <InPorts = 3> <OutPorts = 1> <Sync> <CReg>
ST_3 : Operation 499 [1/1] (1.44ns)   --->   "%add_ln58_184 = add i23 %mul_ln73_162, i23 %sext_ln73_77" [firmware/nnet_utils/nnet_dense_latency.h:58->firmware/nnet_utils/nnet_dense_stream.h:17]   --->   Operation 499 'add' 'add_ln58_184' <Predicate = true> <Delay = 1.44> <CoreInst = "Adder">   --->   Core 1 'Adder' <Latency = 0> <II = 1> <Delay = 1.44> <FuncUnit> <Opcode : 'add' 'sub'> <InPorts = 2> <OutPorts = 1>
ST_3 : Operation 500 [1/1] (0.00ns)   --->   "%sext_ln58_119 = sext i23 %add_ln58_184" [firmware/nnet_utils/nnet_dense_latency.h:58->firmware/nnet_utils/nnet_dense_stream.h:17]   --->   Operation 500 'sext' 'sext_ln58_119' <Predicate = true> <Delay = 0.00>
ST_3 : Operation 501 [1/1] (1.04ns) (root node of TernaryAdder)   --->   "%add_ln58_185 = add i25 %sext_ln58_119, i25 %add_ln58_183" [firmware/nnet_utils/nnet_dense_latency.h:58->firmware/nnet_utils/nnet_dense_stream.h:17]   --->   Operation 501 'add' 'add_ln58_185' <Predicate = true> <Delay = 1.04> <CoreInst = "TAddSub">   --->   Core 10 'TAddSub' <Latency = 0> <II = 1> <Delay = 0.52> <IPBlock> <Opcode : '' 'add' 'sub'> <InPorts = 3> <OutPorts = 1> <Sync> <CReg>
ST_3 : Operation 502 [1/1] (0.00ns)   --->   "%sext_ln58_120 = sext i25 %add_ln58_185" [firmware/nnet_utils/nnet_dense_latency.h:58->firmware/nnet_utils/nnet_dense_stream.h:17]   --->   Operation 502 'sext' 'sext_ln58_120' <Predicate = true> <Delay = 0.00>
ST_3 : Operation 503 [1/1] (1.05ns) (root node of TernaryAdder)   --->   "%add_ln58_186 = add i28 %sext_ln58_120, i28 %add_ln58_182" [firmware/nnet_utils/nnet_dense_latency.h:58->firmware/nnet_utils/nnet_dense_stream.h:17]   --->   Operation 503 'add' 'add_ln58_186' <Predicate = true> <Delay = 1.05> <CoreInst = "TAddSub">   --->   Core 10 'TAddSub' <Latency = 0> <II = 1> <Delay = 0.52> <IPBlock> <Opcode : '' 'add' 'sub'> <InPorts = 3> <OutPorts = 1> <Sync> <CReg>
ST_3 : Operation 504 [1/1] (1.46ns)   --->   "%add_ln58_187 = add i28 %sext_ln58_48, i28 %sext_ln73_74" [firmware/nnet_utils/nnet_dense_latency.h:58->firmware/nnet_utils/nnet_dense_stream.h:17]   --->   Operation 504 'add' 'add_ln58_187' <Predicate = true> <Delay = 1.46> <CoreInst = "Adder">   --->   Core 1 'Adder' <Latency = 0> <II = 1> <Delay = 1.46> <FuncUnit> <Opcode : 'add' 'sub'> <InPorts = 2> <OutPorts = 1>
ST_3 : Operation 505 [1/1] (1.46ns)   --->   "%add_ln58_188 = add i26 %mul_ln73_137, i26 %mul_ln73_163" [firmware/nnet_utils/nnet_dense_latency.h:58->firmware/nnet_utils/nnet_dense_stream.h:17]   --->   Operation 505 'add' 'add_ln58_188' <Predicate = true> <Delay = 1.46> <CoreInst = "Adder">   --->   Core 1 'Adder' <Latency = 0> <II = 1> <Delay = 1.46> <FuncUnit> <Opcode : 'add' 'sub'> <InPorts = 2> <OutPorts = 1>
ST_3 : Operation 506 [1/1] (0.00ns)   --->   "%sext_ln58_121 = sext i26 %add_ln58_188" [firmware/nnet_utils/nnet_dense_latency.h:58->firmware/nnet_utils/nnet_dense_stream.h:17]   --->   Operation 506 'sext' 'sext_ln58_121' <Predicate = true> <Delay = 0.00>
ST_3 : Operation 507 [1/1] (0.00ns) (grouped into TernaryAdder)   --->   "%add_ln58_189 = add i28 %sext_ln58_121, i28 %add_ln58_187" [firmware/nnet_utils/nnet_dense_latency.h:58->firmware/nnet_utils/nnet_dense_stream.h:17]   --->   Operation 507 'add' 'add_ln58_189' <Predicate = true> <Delay = 0.00> <CoreInst = "TAddSub">   --->   Core 10 'TAddSub' <Latency = 0> <II = 1> <Delay = 0.52> <IPBlock> <Opcode : '' 'add' 'sub'> <InPorts = 3> <OutPorts = 1> <Sync> <CReg>
ST_3 : Operation 508 [1/1] (0.00ns) (grouped into TernaryAdder)   --->   "%add_ln58_190 = add i25 %mul_ln73_127, i25 %mul_ln73_154" [firmware/nnet_utils/nnet_dense_latency.h:58->firmware/nnet_utils/nnet_dense_stream.h:17]   --->   Operation 508 'add' 'add_ln58_190' <Predicate = true> <Delay = 0.00> <CoreInst = "TAddSub">   --->   Core 10 'TAddSub' <Latency = 0> <II = 1> <Delay = 0.52> <IPBlock> <Opcode : '' 'add' 'sub'> <InPorts = 3> <OutPorts = 1> <Sync> <CReg>
ST_3 : Operation 509 [1/1] (1.45ns)   --->   "%add_ln58_191 = add i24 %mul_ln73_145, i24 %sext_ln73_101" [firmware/nnet_utils/nnet_dense_latency.h:58->firmware/nnet_utils/nnet_dense_stream.h:17]   --->   Operation 509 'add' 'add_ln58_191' <Predicate = true> <Delay = 1.45> <CoreInst = "Adder">   --->   Core 1 'Adder' <Latency = 0> <II = 1> <Delay = 1.45> <FuncUnit> <Opcode : 'add' 'sub'> <InPorts = 2> <OutPorts = 1>
ST_3 : Operation 510 [1/1] (0.00ns)   --->   "%sext_ln58_122 = sext i24 %add_ln58_191" [firmware/nnet_utils/nnet_dense_latency.h:58->firmware/nnet_utils/nnet_dense_stream.h:17]   --->   Operation 510 'sext' 'sext_ln58_122' <Predicate = true> <Delay = 0.00>
ST_3 : Operation 511 [1/1] (1.04ns) (root node of TernaryAdder)   --->   "%add_ln58_192 = add i25 %sext_ln58_122, i25 %add_ln58_190" [firmware/nnet_utils/nnet_dense_latency.h:58->firmware/nnet_utils/nnet_dense_stream.h:17]   --->   Operation 511 'add' 'add_ln58_192' <Predicate = true> <Delay = 1.04> <CoreInst = "TAddSub">   --->   Core 10 'TAddSub' <Latency = 0> <II = 1> <Delay = 0.52> <IPBlock> <Opcode : '' 'add' 'sub'> <InPorts = 3> <OutPorts = 1> <Sync> <CReg>
ST_3 : Operation 512 [1/1] (0.00ns)   --->   "%sext_ln58_123 = sext i25 %add_ln58_192" [firmware/nnet_utils/nnet_dense_latency.h:58->firmware/nnet_utils/nnet_dense_stream.h:17]   --->   Operation 512 'sext' 'sext_ln58_123' <Predicate = true> <Delay = 0.00>
ST_3 : Operation 513 [1/1] (1.05ns) (root node of TernaryAdder)   --->   "%add_ln58_193 = add i28 %sext_ln58_123, i28 %add_ln58_189" [firmware/nnet_utils/nnet_dense_latency.h:58->firmware/nnet_utils/nnet_dense_stream.h:17]   --->   Operation 513 'add' 'add_ln58_193' <Predicate = true> <Delay = 1.05> <CoreInst = "TAddSub">   --->   Core 10 'TAddSub' <Latency = 0> <II = 1> <Delay = 0.52> <IPBlock> <Opcode : '' 'add' 'sub'> <InPorts = 3> <OutPorts = 1> <Sync> <CReg>

State 4 <SV = 3> <Delay = 2.52>
ST_4 : Operation 514 [1/1] (0.00ns)   --->   "%specpipeline_ln33 = specpipeline void @_ssdm_op_SpecPipeline, i32 1, i32 0, i32 0, i32 0, void @empty_1" [firmware/nnet_utils/nnet_dense_latency.h:33->firmware/nnet_utils/nnet_dense_stream.h:17]   --->   Operation 514 'specpipeline' 'specpipeline_ln33' <Predicate = true> <Delay = 0.00>
ST_4 : Operation 515 [1/1] (0.00ns)   --->   "%specresourcelimit_ln33 = specresourcelimit void @_ssdm_op_SpecResourceLimit, i64 150, void @empty_3, void @empty_1, void @empty_1, void @empty_1" [firmware/nnet_utils/nnet_dense_latency.h:33->firmware/nnet_utils/nnet_dense_stream.h:17]   --->   Operation 515 'specresourcelimit' 'specresourcelimit_ln33' <Predicate = true> <Delay = 0.00>
ST_4 : Operation 516 [1/1] (0.00ns)   --->   "%sext_ln73_57 = sext i26 %mul_ln73_98" [firmware/nnet_utils/nnet_mult.h:73->firmware/nnet_utils/nnet_dense_latency.h:42->firmware/nnet_utils/nnet_dense_stream.h:17]   --->   Operation 516 'sext' 'sext_ln73_57' <Predicate = true> <Delay = 0.00>
ST_4 : Operation 517 [1/1] (0.00ns)   --->   "%sext_ln73_82 = sext i26 %mul_ln73_140" [firmware/nnet_utils/nnet_mult.h:73->firmware/nnet_utils/nnet_dense_latency.h:42->firmware/nnet_utils/nnet_dense_stream.h:17]   --->   Operation 517 'sext' 'sext_ln73_82' <Predicate = true> <Delay = 0.00>
ST_4 : Operation 518 [1/1] (0.00ns)   --->   "%sext_ln73_87 = sext i26 %mul_ln73_143" [firmware/nnet_utils/nnet_mult.h:73->firmware/nnet_utils/nnet_dense_latency.h:42->firmware/nnet_utils/nnet_dense_stream.h:17]   --->   Operation 518 'sext' 'sext_ln73_87' <Predicate = true> <Delay = 0.00>
ST_4 : Operation 519 [1/1] (0.00ns)   --->   "%sext_ln73_90 = sext i27 %mul_ln73_147" [firmware/nnet_utils/nnet_mult.h:73->firmware/nnet_utils/nnet_dense_latency.h:42->firmware/nnet_utils/nnet_dense_stream.h:17]   --->   Operation 519 'sext' 'sext_ln73_90' <Predicate = true> <Delay = 0.00>
ST_4 : Operation 520 [1/1] (0.00ns)   --->   "%mul_ln73_157_cast = sext i27 %mul_ln73_155" [firmware/nnet_utils/nnet_mult.h:73->firmware/nnet_utils/nnet_dense_latency.h:42->firmware/nnet_utils/nnet_dense_stream.h:17]   --->   Operation 520 'sext' 'mul_ln73_157_cast' <Predicate = true> <Delay = 0.00>
ST_4 : Operation 521 [1/1] (0.00ns)   --->   "%sext_ln70_70 = sext i22 %mul_ln73_164" [firmware/nnet_utils/nnet_mult.h:70->firmware/nnet_utils/nnet_dense_latency.h:42->firmware/nnet_utils/nnet_dense_stream.h:17]   --->   Operation 521 'sext' 'sext_ln70_70' <Predicate = true> <Delay = 0.00>
ST_4 : Operation 522 [1/1] (0.00ns)   --->   "%sext_ln73_97 = sext i27 %mul_ln73_167" [firmware/nnet_utils/nnet_mult.h:73->firmware/nnet_utils/nnet_dense_latency.h:42->firmware/nnet_utils/nnet_dense_stream.h:17]   --->   Operation 522 'sext' 'sext_ln73_97' <Predicate = true> <Delay = 0.00>
ST_4 : Operation 523 [1/1] (0.00ns)   --->   "%sext_ln73_100 = sext i22 %mul_ln73_170" [firmware/nnet_utils/nnet_mult.h:73->firmware/nnet_utils/nnet_dense_latency.h:42->firmware/nnet_utils/nnet_dense_stream.h:17]   --->   Operation 523 'sext' 'sext_ln73_100' <Predicate = true> <Delay = 0.00>
ST_4 : Operation 524 [1/1] (0.00ns)   --->   "%sext_ln58_42 = sext i27 %add_ln58_87" [firmware/nnet_utils/nnet_dense_latency.h:58->firmware/nnet_utils/nnet_dense_stream.h:17]   --->   Operation 524 'sext' 'sext_ln58_42' <Predicate = true> <Delay = 0.00>
ST_4 : Operation 525 [1/1] (0.00ns)   --->   "%sext_ln58_45 = sext i27 %add_ln58_97" [firmware/nnet_utils/nnet_dense_latency.h:58->firmware/nnet_utils/nnet_dense_stream.h:17]   --->   Operation 525 'sext' 'sext_ln58_45' <Predicate = true> <Delay = 0.00>
ST_4 : Operation 526 [1/1] (0.00ns)   --->   "%sext_ln58_46 = sext i27 %add_ln58_101" [firmware/nnet_utils/nnet_dense_latency.h:58->firmware/nnet_utils/nnet_dense_stream.h:17]   --->   Operation 526 'sext' 'sext_ln58_46' <Predicate = true> <Delay = 0.00>
ST_4 : Operation 527 [1/1] (0.00ns)   --->   "%sext_ln58_49 = sext i27 %add_ln58_115" [firmware/nnet_utils/nnet_dense_latency.h:58->firmware/nnet_utils/nnet_dense_stream.h:17]   --->   Operation 527 'sext' 'sext_ln58_49' <Predicate = true> <Delay = 0.00>
ST_4 : Operation 528 [1/1] (0.00ns)   --->   "%sext_ln58_50 = sext i27 %add_ln58_122" [firmware/nnet_utils/nnet_dense_latency.h:58->firmware/nnet_utils/nnet_dense_stream.h:17]   --->   Operation 528 'sext' 'sext_ln58_50' <Predicate = true> <Delay = 0.00>
ST_4 : Operation 529 [1/1] (0.00ns)   --->   "%sext_ln58_87 = sext i26 %add_ln58_123" [firmware/nnet_utils/nnet_dense_latency.h:58->firmware/nnet_utils/nnet_dense_stream.h:17]   --->   Operation 529 'sext' 'sext_ln58_87' <Predicate = true> <Delay = 0.00>
ST_4 : Operation 530 [1/1] (0.00ns) (grouped into TernaryAdder)   --->   "%add_ln58_124 = add i28 %sext_ln58_87, i28 %sext_ln58_45" [firmware/nnet_utils/nnet_dense_latency.h:58->firmware/nnet_utils/nnet_dense_stream.h:17]   --->   Operation 530 'add' 'add_ln58_124' <Predicate = true> <Delay = 0.00> <CoreInst = "TAddSub">   --->   Core 10 'TAddSub' <Latency = 0> <II = 1> <Delay = 0.52> <IPBlock> <Opcode : '' 'add' 'sub'> <InPorts = 3> <OutPorts = 1> <Sync> <CReg>
ST_4 : Operation 531 [1/1] (0.00ns)   --->   "%sext_ln58_90 = sext i27 %add_ln58_127" [firmware/nnet_utils/nnet_dense_latency.h:58->firmware/nnet_utils/nnet_dense_stream.h:17]   --->   Operation 531 'sext' 'sext_ln58_90' <Predicate = true> <Delay = 0.00>
ST_4 : Operation 532 [1/1] (1.05ns) (root node of TernaryAdder)   --->   "%add_ln58_128 = add i28 %sext_ln58_90, i28 %add_ln58_124" [firmware/nnet_utils/nnet_dense_latency.h:58->firmware/nnet_utils/nnet_dense_stream.h:17]   --->   Operation 532 'add' 'add_ln58_128' <Predicate = true> <Delay = 1.05> <CoreInst = "TAddSub">   --->   Core 10 'TAddSub' <Latency = 0> <II = 1> <Delay = 0.52> <IPBlock> <Opcode : '' 'add' 'sub'> <InPorts = 3> <OutPorts = 1> <Sync> <CReg>
ST_4 : Operation 533 [1/1] (0.00ns)   --->   "%sext_ln58_51 = sext i28 %add_ln58_128" [firmware/nnet_utils/nnet_dense_latency.h:58->firmware/nnet_utils/nnet_dense_stream.h:17]   --->   Operation 533 'sext' 'sext_ln58_51' <Predicate = true> <Delay = 0.00>
ST_4 : Operation 534 [1/1] (0.00ns)   --->   "%sext_ln58_53 = sext i28 %add_ln58_135" [firmware/nnet_utils/nnet_dense_latency.h:58->firmware/nnet_utils/nnet_dense_stream.h:17]   --->   Operation 534 'sext' 'sext_ln58_53' <Predicate = true> <Delay = 0.00>
ST_4 : Operation 535 [1/1] (0.00ns)   --->   "%sext_ln58_54 = sext i28 %add_ln58_143" [firmware/nnet_utils/nnet_dense_latency.h:58->firmware/nnet_utils/nnet_dense_stream.h:17]   --->   Operation 535 'sext' 'sext_ln58_54' <Predicate = true> <Delay = 0.00>
ST_4 : Operation 536 [1/1] (0.00ns)   --->   "%sext_ln58_99 = sext i26 %add_ln58_145" [firmware/nnet_utils/nnet_dense_latency.h:58->firmware/nnet_utils/nnet_dense_stream.h:17]   --->   Operation 536 'sext' 'sext_ln58_99' <Predicate = true> <Delay = 0.00>
ST_4 : Operation 537 [1/1] (0.00ns) (grouped into TernaryAdder)   --->   "%add_ln58_146 = add i28 %sext_ln58_99, i28 %add_ln58_144" [firmware/nnet_utils/nnet_dense_latency.h:58->firmware/nnet_utils/nnet_dense_stream.h:17]   --->   Operation 537 'add' 'add_ln58_146' <Predicate = true> <Delay = 0.00> <CoreInst = "TAddSub">   --->   Core 10 'TAddSub' <Latency = 0> <II = 1> <Delay = 0.52> <IPBlock> <Opcode : '' 'add' 'sub'> <InPorts = 3> <OutPorts = 1> <Sync> <CReg>
ST_4 : Operation 538 [1/1] (0.00ns)   --->   "%sext_ln58_103 = sext i26 %add_ln58_150" [firmware/nnet_utils/nnet_dense_latency.h:58->firmware/nnet_utils/nnet_dense_stream.h:17]   --->   Operation 538 'sext' 'sext_ln58_103' <Predicate = true> <Delay = 0.00>
ST_4 : Operation 539 [1/1] (1.05ns) (root node of TernaryAdder)   --->   "%add_ln58_151 = add i28 %sext_ln58_103, i28 %add_ln58_146" [firmware/nnet_utils/nnet_dense_latency.h:58->firmware/nnet_utils/nnet_dense_stream.h:17]   --->   Operation 539 'add' 'add_ln58_151' <Predicate = true> <Delay = 1.05> <CoreInst = "TAddSub">   --->   Core 10 'TAddSub' <Latency = 0> <II = 1> <Delay = 0.52> <IPBlock> <Opcode : '' 'add' 'sub'> <InPorts = 3> <OutPorts = 1> <Sync> <CReg>
ST_4 : Operation 540 [1/1] (0.00ns)   --->   "%sext_ln58_55 = sext i28 %add_ln58_151" [firmware/nnet_utils/nnet_dense_latency.h:58->firmware/nnet_utils/nnet_dense_stream.h:17]   --->   Operation 540 'sext' 'sext_ln58_55' <Predicate = true> <Delay = 0.00>
ST_4 : Operation 541 [1/1] (1.46ns)   --->   "%add_ln58_152 = add i28 %sext_ln58_46, i28 %sext_ln73_90" [firmware/nnet_utils/nnet_dense_latency.h:58->firmware/nnet_utils/nnet_dense_stream.h:17]   --->   Operation 541 'add' 'add_ln58_152' <Predicate = true> <Delay = 1.46> <CoreInst = "Adder">   --->   Core 1 'Adder' <Latency = 0> <II = 1> <Delay = 1.46> <FuncUnit> <Opcode : 'add' 'sub'> <InPorts = 2> <OutPorts = 1>
ST_4 : Operation 542 [1/1] (1.46ns)   --->   "%add_ln58_153 = add i26 %mul_ln73_139, i26 %mul_ln73_165" [firmware/nnet_utils/nnet_dense_latency.h:58->firmware/nnet_utils/nnet_dense_stream.h:17]   --->   Operation 542 'add' 'add_ln58_153' <Predicate = true> <Delay = 1.46> <CoreInst = "Adder">   --->   Core 1 'Adder' <Latency = 0> <II = 1> <Delay = 1.46> <FuncUnit> <Opcode : 'add' 'sub'> <InPorts = 2> <OutPorts = 1>
ST_4 : Operation 543 [1/1] (0.00ns)   --->   "%sext_ln58_104 = sext i26 %add_ln58_153" [firmware/nnet_utils/nnet_dense_latency.h:58->firmware/nnet_utils/nnet_dense_stream.h:17]   --->   Operation 543 'sext' 'sext_ln58_104' <Predicate = true> <Delay = 0.00>
ST_4 : Operation 544 [1/1] (0.00ns) (grouped into TernaryAdder)   --->   "%add_ln58_154 = add i28 %sext_ln58_104, i28 %add_ln58_152" [firmware/nnet_utils/nnet_dense_latency.h:58->firmware/nnet_utils/nnet_dense_stream.h:17]   --->   Operation 544 'add' 'add_ln58_154' <Predicate = true> <Delay = 0.00> <CoreInst = "TAddSub">   --->   Core 10 'TAddSub' <Latency = 0> <II = 1> <Delay = 0.52> <IPBlock> <Opcode : '' 'add' 'sub'> <InPorts = 3> <OutPorts = 1> <Sync> <CReg>
ST_4 : Operation 545 [1/1] (0.00ns)   --->   "%sext_ln58_107 = sext i26 %add_ln58_157" [firmware/nnet_utils/nnet_dense_latency.h:58->firmware/nnet_utils/nnet_dense_stream.h:17]   --->   Operation 545 'sext' 'sext_ln58_107' <Predicate = true> <Delay = 0.00>
ST_4 : Operation 546 [1/1] (1.05ns) (root node of TernaryAdder)   --->   "%add_ln58_158 = add i28 %sext_ln58_107, i28 %add_ln58_154" [firmware/nnet_utils/nnet_dense_latency.h:58->firmware/nnet_utils/nnet_dense_stream.h:17]   --->   Operation 546 'add' 'add_ln58_158' <Predicate = true> <Delay = 1.05> <CoreInst = "TAddSub">   --->   Core 10 'TAddSub' <Latency = 0> <II = 1> <Delay = 0.52> <IPBlock> <Opcode : '' 'add' 'sub'> <InPorts = 3> <OutPorts = 1> <Sync> <CReg>
ST_4 : Operation 547 [1/1] (0.00ns)   --->   "%sext_ln58_56 = sext i28 %add_ln58_158" [firmware/nnet_utils/nnet_dense_latency.h:58->firmware/nnet_utils/nnet_dense_stream.h:17]   --->   Operation 547 'sext' 'sext_ln58_56' <Predicate = true> <Delay = 0.00>
ST_4 : Operation 548 [1/1] (0.00ns) (grouped into TernaryAdder)   --->   "%add_ln58_159 = add i28 %sext_ln58_49, i28 %sext_ln73_82" [firmware/nnet_utils/nnet_dense_latency.h:58->firmware/nnet_utils/nnet_dense_stream.h:17]   --->   Operation 548 'add' 'add_ln58_159' <Predicate = true> <Delay = 0.00> <CoreInst = "TAddSub">   --->   Core 10 'TAddSub' <Latency = 0> <II = 1> <Delay = 0.52> <IPBlock> <Opcode : '' 'add' 'sub'> <InPorts = 3> <OutPorts = 1> <Sync> <CReg>
ST_4 : Operation 549 [1/1] (0.00ns)   --->   "%sext_ln58_109 = sext i27 %add_ln58_161" [firmware/nnet_utils/nnet_dense_latency.h:58->firmware/nnet_utils/nnet_dense_stream.h:17]   --->   Operation 549 'sext' 'sext_ln58_109' <Predicate = true> <Delay = 0.00>
ST_4 : Operation 550 [1/1] (1.05ns) (root node of TernaryAdder)   --->   "%add_ln58_162 = add i28 %sext_ln58_109, i28 %add_ln58_159" [firmware/nnet_utils/nnet_dense_latency.h:58->firmware/nnet_utils/nnet_dense_stream.h:17]   --->   Operation 550 'add' 'add_ln58_162' <Predicate = true> <Delay = 1.05> <CoreInst = "TAddSub">   --->   Core 10 'TAddSub' <Latency = 0> <II = 1> <Delay = 0.52> <IPBlock> <Opcode : '' 'add' 'sub'> <InPorts = 3> <OutPorts = 1> <Sync> <CReg>
ST_4 : Operation 551 [1/1] (0.00ns)   --->   "%sext_ln58_57 = sext i28 %add_ln58_162" [firmware/nnet_utils/nnet_dense_latency.h:58->firmware/nnet_utils/nnet_dense_stream.h:17]   --->   Operation 551 'sext' 'sext_ln58_57' <Predicate = true> <Delay = 0.00>
ST_4 : Operation 552 [1/1] (1.46ns)   --->   "%add_ln58_163 = add i29 %sext_ln58_54, i29 %sext_ln73_97" [firmware/nnet_utils/nnet_dense_latency.h:58->firmware/nnet_utils/nnet_dense_stream.h:17]   --->   Operation 552 'add' 'add_ln58_163' <Predicate = true> <Delay = 1.46> <CoreInst = "Adder">   --->   Core 1 'Adder' <Latency = 0> <II = 1> <Delay = 1.47> <FuncUnit> <Opcode : 'add' 'sub'> <InPorts = 2> <OutPorts = 1>
ST_4 : Operation 553 [1/1] (0.00ns)   --->   "%sext_ln58_58 = sext i29 %add_ln58_163" [firmware/nnet_utils/nnet_dense_latency.h:58->firmware/nnet_utils/nnet_dense_stream.h:17]   --->   Operation 553 'sext' 'sext_ln58_58' <Predicate = true> <Delay = 0.00>
ST_4 : Operation 554 [1/1] (1.46ns)   --->   "%add_ln58_164 = add i28 %sext_ln58_42, i28 %sext_ln73_57" [firmware/nnet_utils/nnet_dense_latency.h:58->firmware/nnet_utils/nnet_dense_stream.h:17]   --->   Operation 554 'add' 'add_ln58_164' <Predicate = true> <Delay = 1.46> <CoreInst = "Adder">   --->   Core 1 'Adder' <Latency = 0> <II = 1> <Delay = 1.46> <FuncUnit> <Opcode : 'add' 'sub'> <InPorts = 2> <OutPorts = 1>
ST_4 : Operation 555 [1/1] (0.00ns)   --->   "%sext_ln58_111 = sext i27 %add_ln58_166" [firmware/nnet_utils/nnet_dense_latency.h:58->firmware/nnet_utils/nnet_dense_stream.h:17]   --->   Operation 555 'sext' 'sext_ln58_111' <Predicate = true> <Delay = 0.00>
ST_4 : Operation 556 [1/1] (0.00ns) (grouped into TernaryAdder)   --->   "%add_ln58_167 = add i28 %sext_ln58_111, i28 %add_ln58_164" [firmware/nnet_utils/nnet_dense_latency.h:58->firmware/nnet_utils/nnet_dense_stream.h:17]   --->   Operation 556 'add' 'add_ln58_167' <Predicate = true> <Delay = 0.00> <CoreInst = "TAddSub">   --->   Core 10 'TAddSub' <Latency = 0> <II = 1> <Delay = 0.52> <IPBlock> <Opcode : '' 'add' 'sub'> <InPorts = 3> <OutPorts = 1> <Sync> <CReg>
ST_4 : Operation 557 [1/1] (0.00ns)   --->   "%sext_ln58_114 = sext i25 %add_ln58_171" [firmware/nnet_utils/nnet_dense_latency.h:58->firmware/nnet_utils/nnet_dense_stream.h:17]   --->   Operation 557 'sext' 'sext_ln58_114' <Predicate = true> <Delay = 0.00>
ST_4 : Operation 558 [1/1] (1.05ns) (root node of TernaryAdder)   --->   "%add_ln58_172 = add i28 %sext_ln58_114, i28 %add_ln58_167" [firmware/nnet_utils/nnet_dense_latency.h:58->firmware/nnet_utils/nnet_dense_stream.h:17]   --->   Operation 558 'add' 'add_ln58_172' <Predicate = true> <Delay = 1.05> <CoreInst = "TAddSub">   --->   Core 10 'TAddSub' <Latency = 0> <II = 1> <Delay = 0.52> <IPBlock> <Opcode : '' 'add' 'sub'> <InPorts = 3> <OutPorts = 1> <Sync> <CReg>
ST_4 : Operation 559 [1/1] (0.00ns)   --->   "%sext_ln58_59 = sext i28 %add_ln58_172" [firmware/nnet_utils/nnet_dense_latency.h:58->firmware/nnet_utils/nnet_dense_stream.h:17]   --->   Operation 559 'sext' 'sext_ln58_59' <Predicate = true> <Delay = 0.00>
ST_4 : Operation 560 [1/1] (0.00ns)   --->   "%sext_ln58_115 = sext i26 %add_ln58_173" [firmware/nnet_utils/nnet_dense_latency.h:58->firmware/nnet_utils/nnet_dense_stream.h:17]   --->   Operation 560 'sext' 'sext_ln58_115' <Predicate = true> <Delay = 0.00>
ST_4 : Operation 561 [1/1] (1.46ns)   --->   "%add_ln58_174 = add i29 %sext_ln58_115, i29 %sext_ln58_53" [firmware/nnet_utils/nnet_dense_latency.h:58->firmware/nnet_utils/nnet_dense_stream.h:17]   --->   Operation 561 'add' 'add_ln58_174' <Predicate = true> <Delay = 1.46> <CoreInst = "Adder">   --->   Core 1 'Adder' <Latency = 0> <II = 1> <Delay = 1.47> <FuncUnit> <Opcode : 'add' 'sub'> <InPorts = 2> <OutPorts = 1>
ST_4 : Operation 562 [1/1] (0.00ns)   --->   "%sext_ln58_60 = sext i29 %add_ln58_174" [firmware/nnet_utils/nnet_dense_latency.h:58->firmware/nnet_utils/nnet_dense_stream.h:17]   --->   Operation 562 'sext' 'sext_ln58_60' <Predicate = true> <Delay = 0.00>
ST_4 : Operation 563 [1/1] (0.00ns) (grouped into TernaryAdder)   --->   "%add_ln58_175 = add i28 %sext_ln58_50, i28 %sext_ln73_87" [firmware/nnet_utils/nnet_dense_latency.h:58->firmware/nnet_utils/nnet_dense_stream.h:17]   --->   Operation 563 'add' 'add_ln58_175' <Predicate = true> <Delay = 0.00> <CoreInst = "TAddSub">   --->   Core 10 'TAddSub' <Latency = 0> <II = 1> <Delay = 0.52> <IPBlock> <Opcode : '' 'add' 'sub'> <InPorts = 3> <OutPorts = 1> <Sync> <CReg>
ST_4 : Operation 564 [1/1] (0.00ns)   --->   "%sext_ln58_117 = sext i25 %add_ln58_177" [firmware/nnet_utils/nnet_dense_latency.h:58->firmware/nnet_utils/nnet_dense_stream.h:17]   --->   Operation 564 'sext' 'sext_ln58_117' <Predicate = true> <Delay = 0.00>
ST_4 : Operation 565 [1/1] (1.05ns) (root node of TernaryAdder)   --->   "%add_ln58_178 = add i28 %sext_ln58_117, i28 %add_ln58_175" [firmware/nnet_utils/nnet_dense_latency.h:58->firmware/nnet_utils/nnet_dense_stream.h:17]   --->   Operation 565 'add' 'add_ln58_178' <Predicate = true> <Delay = 1.05> <CoreInst = "TAddSub">   --->   Core 10 'TAddSub' <Latency = 0> <II = 1> <Delay = 0.52> <IPBlock> <Opcode : '' 'add' 'sub'> <InPorts = 3> <OutPorts = 1> <Sync> <CReg>
ST_4 : Operation 566 [1/1] (0.00ns)   --->   "%sext_ln58_61 = sext i28 %add_ln58_178" [firmware/nnet_utils/nnet_dense_latency.h:58->firmware/nnet_utils/nnet_dense_stream.h:17]   --->   Operation 566 'sext' 'sext_ln58_61' <Predicate = true> <Delay = 0.00>
ST_4 : Operation 567 [1/1] (1.46ns)   --->   "%add_ln58_179 = add i29 %sext_ln58_55, i29 %sext_ln73_100" [firmware/nnet_utils/nnet_dense_latency.h:58->firmware/nnet_utils/nnet_dense_stream.h:17]   --->   Operation 567 'add' 'add_ln58_179' <Predicate = true> <Delay = 1.46> <CoreInst = "Adder">   --->   Core 1 'Adder' <Latency = 0> <II = 1> <Delay = 1.47> <FuncUnit> <Opcode : 'add' 'sub'> <InPorts = 2> <OutPorts = 1>
ST_4 : Operation 568 [1/1] (0.00ns)   --->   "%sext_ln58_62 = sext i29 %add_ln58_179" [firmware/nnet_utils/nnet_dense_latency.h:58->firmware/nnet_utils/nnet_dense_stream.h:17]   --->   Operation 568 'sext' 'sext_ln58_62' <Predicate = true> <Delay = 0.00>
ST_4 : Operation 569 [1/1] (0.00ns)   --->   "%sext_ln58_63 = sext i28 %add_ln58_186" [firmware/nnet_utils/nnet_dense_latency.h:58->firmware/nnet_utils/nnet_dense_stream.h:17]   --->   Operation 569 'sext' 'sext_ln58_63' <Predicate = true> <Delay = 0.00>
ST_4 : Operation 570 [1/1] (0.00ns)   --->   "%sext_ln58_64 = sext i28 %add_ln58_193" [firmware/nnet_utils/nnet_dense_latency.h:58->firmware/nnet_utils/nnet_dense_stream.h:17]   --->   Operation 570 'sext' 'sext_ln58_64' <Predicate = true> <Delay = 0.00>
ST_4 : Operation 571 [1/1] (0.00ns) (grouped into TernaryAdder)   --->   "%add_ln58_194 = add i29 %sext_ln58_51, i29 %mul_ln73_157_cast" [firmware/nnet_utils/nnet_dense_latency.h:58->firmware/nnet_utils/nnet_dense_stream.h:17]   --->   Operation 571 'add' 'add_ln58_194' <Predicate = true> <Delay = 0.00> <CoreInst = "TAddSub">   --->   Core 10 'TAddSub' <Latency = 0> <II = 1> <Delay = 0.52> <IPBlock> <Opcode : '' 'add' 'sub'> <InPorts = 3> <OutPorts = 1> <Sync> <CReg>
ST_4 : Operation 572 [1/1] (1.46ns)   --->   "%add_ln58_196 = add i26 %mul_ln58, i26 %sext_ln70_70" [firmware/nnet_utils/nnet_dense_latency.h:58->firmware/nnet_utils/nnet_dense_stream.h:17]   --->   Operation 572 'add' 'add_ln58_196' <Predicate = true> <Delay = 1.46> <CoreInst = "Adder">   --->   Core 1 'Adder' <Latency = 0> <II = 1> <Delay = 1.46> <FuncUnit> <Opcode : 'add' 'sub'> <InPorts = 2> <OutPorts = 1>
ST_4 : Operation 573 [1/1] (0.00ns)   --->   "%sext_ln58_124 = sext i26 %add_ln58_196" [firmware/nnet_utils/nnet_dense_latency.h:58->firmware/nnet_utils/nnet_dense_stream.h:17]   --->   Operation 573 'sext' 'sext_ln58_124' <Predicate = true> <Delay = 0.00>
ST_4 : Operation 574 [1/1] (1.06ns) (root node of TernaryAdder)   --->   "%add_ln58_195 = add i29 %sext_ln58_124, i29 %add_ln58_194" [firmware/nnet_utils/nnet_dense_latency.h:58->firmware/nnet_utils/nnet_dense_stream.h:17]   --->   Operation 574 'add' 'add_ln58_195' <Predicate = true> <Delay = 1.06> <CoreInst = "TAddSub">   --->   Core 10 'TAddSub' <Latency = 0> <II = 1> <Delay = 0.52> <IPBlock> <Opcode : '' 'add' 'sub'> <InPorts = 3> <OutPorts = 1> <Sync> <CReg>
ST_4 : Operation 575 [1/1] (0.00ns)   --->   "%sext_ln18 = sext i29 %add_ln58_195" [firmware/nnet_utils/nnet_dense_stream.h:18]   --->   Operation 575 'sext' 'sext_ln18' <Predicate = true> <Delay = 0.00>
ST_4 : Operation 576 [1/1] (0.00ns)   --->   "%mrv = insertvalue i370 <undef>, i37 %sext_ln58_56" [firmware/nnet_utils/nnet_dense_stream.h:18]   --->   Operation 576 'insertvalue' 'mrv' <Predicate = true> <Delay = 0.00>
ST_4 : Operation 577 [1/1] (0.00ns)   --->   "%mrv_1 = insertvalue i370 %mrv, i37 %sext_ln58_57" [firmware/nnet_utils/nnet_dense_stream.h:18]   --->   Operation 577 'insertvalue' 'mrv_1' <Predicate = true> <Delay = 0.00>
ST_4 : Operation 578 [1/1] (0.00ns)   --->   "%mrv_2 = insertvalue i370 %mrv_1, i37 %sext_ln58_58" [firmware/nnet_utils/nnet_dense_stream.h:18]   --->   Operation 578 'insertvalue' 'mrv_2' <Predicate = true> <Delay = 0.00>
ST_4 : Operation 579 [1/1] (0.00ns)   --->   "%mrv_3 = insertvalue i370 %mrv_2, i37 %sext_ln58_59" [firmware/nnet_utils/nnet_dense_stream.h:18]   --->   Operation 579 'insertvalue' 'mrv_3' <Predicate = true> <Delay = 0.00>
ST_4 : Operation 580 [1/1] (0.00ns)   --->   "%mrv_4 = insertvalue i370 %mrv_3, i37 %sext_ln58_60" [firmware/nnet_utils/nnet_dense_stream.h:18]   --->   Operation 580 'insertvalue' 'mrv_4' <Predicate = true> <Delay = 0.00>
ST_4 : Operation 581 [1/1] (0.00ns)   --->   "%mrv_5 = insertvalue i370 %mrv_4, i37 %sext_ln58_61" [firmware/nnet_utils/nnet_dense_stream.h:18]   --->   Operation 581 'insertvalue' 'mrv_5' <Predicate = true> <Delay = 0.00>
ST_4 : Operation 582 [1/1] (0.00ns)   --->   "%mrv_6 = insertvalue i370 %mrv_5, i37 %sext_ln58_62" [firmware/nnet_utils/nnet_dense_stream.h:18]   --->   Operation 582 'insertvalue' 'mrv_6' <Predicate = true> <Delay = 0.00>
ST_4 : Operation 583 [1/1] (0.00ns)   --->   "%mrv_7 = insertvalue i370 %mrv_6, i37 %sext_ln58_63" [firmware/nnet_utils/nnet_dense_stream.h:18]   --->   Operation 583 'insertvalue' 'mrv_7' <Predicate = true> <Delay = 0.00>
ST_4 : Operation 584 [1/1] (0.00ns)   --->   "%mrv_8 = insertvalue i370 %mrv_7, i37 %sext_ln58_64" [firmware/nnet_utils/nnet_dense_stream.h:18]   --->   Operation 584 'insertvalue' 'mrv_8' <Predicate = true> <Delay = 0.00>
ST_4 : Operation 585 [1/1] (0.00ns)   --->   "%mrv_9 = insertvalue i370 %mrv_8, i37 %sext_ln18" [firmware/nnet_utils/nnet_dense_stream.h:18]   --->   Operation 585 'insertvalue' 'mrv_9' <Predicate = true> <Delay = 0.00>
ST_4 : Operation 586 [1/1] (0.00ns)   --->   "%ret_ln18 = ret i370 %mrv_9" [firmware/nnet_utils/nnet_dense_stream.h:18]   --->   Operation 586 'ret' 'ret_ln18' <Predicate = true> <Delay = 0.00>


============================================================
+ Verbose Summary: Binding
============================================================
STG Binding: 
---------------- STG Properties BEGIN ----------------
- Is combinational: 0
- Is one-state seq: 0
- Is datapath-only: 1
- Is pipelined: 1
- Is top level: 0
Port [ Return ] is wired: 1; IO mode=ap_ctrl_hs:ce=0
Port [ data_0_val1]:  wired=1; compound=0; hidden=0; nouse=0; global=0; static=0; extern=0; dir=0; type=0; pingpong=0; private_global=0; IO mode=ap_none:ce=0
Port [ data_1_val2]:  wired=1; compound=0; hidden=0; nouse=0; global=0; static=0; extern=0; dir=0; type=0; pingpong=0; private_global=0; IO mode=ap_none:ce=0
Port [ data_2_val3]:  wired=1; compound=0; hidden=0; nouse=0; global=0; static=0; extern=0; dir=0; type=0; pingpong=0; private_global=0; IO mode=ap_none:ce=0
Port [ data_3_val4]:  wired=1; compound=0; hidden=0; nouse=0; global=0; static=0; extern=0; dir=0; type=0; pingpong=0; private_global=0; IO mode=ap_none:ce=0
Port [ data_4_val5]:  wired=1; compound=0; hidden=0; nouse=0; global=0; static=0; extern=0; dir=0; type=0; pingpong=0; private_global=0; IO mode=ap_none:ce=0
Port [ data_5_val6]:  wired=1; compound=0; hidden=0; nouse=0; global=0; static=0; extern=0; dir=0; type=0; pingpong=0; private_global=0; IO mode=ap_none:ce=0
Port [ data_6_val7]:  wired=1; compound=0; hidden=0; nouse=0; global=0; static=0; extern=0; dir=0; type=0; pingpong=0; private_global=0; IO mode=ap_none:ce=0
Port [ data_7_val8]:  wired=1; compound=0; hidden=0; nouse=0; global=0; static=0; extern=0; dir=0; type=0; pingpong=0; private_global=0; IO mode=ap_none:ce=0
Port [ data_8_val9]:  wired=1; compound=0; hidden=0; nouse=0; global=0; static=0; extern=0; dir=0; type=0; pingpong=0; private_global=0; IO mode=ap_none:ce=0
Port [ data_9_val10]:  wired=1; compound=0; hidden=0; nouse=0; global=0; static=0; extern=0; dir=0; type=0; pingpong=0; private_global=0; IO mode=ap_none:ce=0
Port [ data_10_val11]:  wired=1; compound=0; hidden=0; nouse=0; global=0; static=0; extern=0; dir=0; type=0; pingpong=0; private_global=0; IO mode=ap_none:ce=0
Port [ data_11_val12]:  wired=1; compound=0; hidden=0; nouse=0; global=0; static=0; extern=0; dir=0; type=0; pingpong=0; private_global=0; IO mode=ap_none:ce=0
Port [ data_12_val13]:  wired=1; compound=0; hidden=0; nouse=0; global=0; static=0; extern=0; dir=0; type=0; pingpong=0; private_global=0; IO mode=ap_none:ce=0
Port [ data_13_val14]:  wired=1; compound=0; hidden=0; nouse=0; global=0; static=0; extern=0; dir=0; type=0; pingpong=0; private_global=0; IO mode=ap_none:ce=0
Port [ data_14_val15]:  wired=1; compound=0; hidden=0; nouse=0; global=0; static=0; extern=0; dir=0; type=0; pingpong=0; private_global=0; IO mode=ap_none:ce=0
---------------- STG Properties END ------------------

---------------- Datapath Model BEGIN ----------------

<LifeTime>
<method=bitvector/>
data_14_val15_read     (read             ) [ 01110]
data_13_val14_read     (read             ) [ 01110]
data_12_val13_read     (read             ) [ 01110]
data_11_val12_read     (read             ) [ 01110]
data_10_val11_read     (read             ) [ 01100]
data_9_val10_read      (read             ) [ 01100]
data_8_val9_read       (read             ) [ 01100]
data_7_val8_read       (read             ) [ 01100]
data_6_val7_read       (read             ) [ 01110]
data_5_val6_read       (read             ) [ 00000]
data_4_val5_read       (read             ) [ 01100]
data_3_val4_read       (read             ) [ 00000]
data_2_val3_read       (read             ) [ 00000]
data_1_val2_read       (read             ) [ 01100]
data_0_val1_read       (read             ) [ 00000]
sext_ln70              (sext             ) [ 00000]
sext_ln73              (sext             ) [ 01100]
sext_ln73_30           (sext             ) [ 00000]
mul_ln73_41            (mul              ) [ 01100]
mul_ln73_42            (mul              ) [ 01100]
mul_ln73_43            (mul              ) [ 01100]
mul_ln73_44            (mul              ) [ 01100]
mul_ln73_45            (mul              ) [ 01100]
mul_ln73_46            (mul              ) [ 01100]
shl_ln73_s             (bitconcatenate   ) [ 00000]
sext_ln73_31           (sext             ) [ 00000]
shl_ln73_12            (bitconcatenate   ) [ 00000]
sext_ln73_32           (sext             ) [ 00000]
mul_ln73_47            (mul              ) [ 01100]
sext_ln70_27           (sext             ) [ 00000]
sext_ln70_28           (sext             ) [ 00000]
sext_ln73_35           (sext             ) [ 00000]
mul_ln73_49            (mul              ) [ 01100]
mul_ln73_50            (mul              ) [ 01100]
mul_ln73_51            (mul              ) [ 01100]
mul_ln73_52            (mul              ) [ 01100]
mul_ln73_53            (mul              ) [ 01100]
mul_ln73_54            (mul              ) [ 01100]
shl_ln                 (bitconcatenate   ) [ 00000]
sext_ln73_37           (sext             ) [ 00000]
mul_ln73_55            (mul              ) [ 01100]
sext_ln70_29           (sext             ) [ 01100]
sext_ln70_30           (sext             ) [ 01100]
mul_ln73_59            (mul              ) [ 01100]
mul_ln73_60            (mul              ) [ 01100]
shl_ln73_15            (bitconcatenate   ) [ 00000]
sext_ln73_39           (sext             ) [ 00000]
shl_ln73_16            (bitconcatenate   ) [ 00000]
sext_ln73_40           (sext             ) [ 00000]
sub_ln73_8             (sub              ) [ 01100]
sext_ln73_42           (sext             ) [ 00000]
mul_ln73_62            (mul              ) [ 01100]
mul_ln73_63            (mul              ) [ 01100]
mul_ln73_64            (mul              ) [ 01100]
sext_ln70_31           (sext             ) [ 00000]
sext_ln70_32           (sext             ) [ 00000]
sext_ln70_33           (sext             ) [ 01100]
sext_ln70_34           (sext             ) [ 01100]
mul_ln73_70            (mul              ) [ 01100]
mul_ln73_72            (mul              ) [ 01100]
mul_ln73_73            (mul              ) [ 01100]
mul_ln73_74            (mul              ) [ 01100]
sext_ln70_37           (sext             ) [ 01100]
mul_ln73_78            (mul              ) [ 01100]
mul_ln73_80            (mul              ) [ 01100]
mul_ln73_83            (mul              ) [ 01100]
mul_ln73_84            (mul              ) [ 01100]
sext_ln70_38           (sext             ) [ 01100]
sext_ln70_39           (sext             ) [ 00000]
sext_ln70_40           (sext             ) [ 00000]
mul_ln73_86            (mul              ) [ 01100]
mul_ln73_87            (mul              ) [ 01100]
mul_ln73_88            (mul              ) [ 01100]
mul_ln73_90            (mul              ) [ 01100]
mul_ln73_92            (mul              ) [ 01100]
mul_ln73_93            (mul              ) [ 01100]
sext_ln73_56           (sext             ) [ 00000]
mul_ln73_94            (mul              ) [ 01100]
sext_ln70_41           (sext             ) [ 01110]
sext_ln70_42           (sext             ) [ 00000]
sext_ln70_43           (sext             ) [ 00000]
mul_ln73_96            (mul              ) [ 01100]
mul_ln73_97            (mul              ) [ 01100]
mul_ln73_99            (mul              ) [ 01100]
mul_ln73_100           (mul              ) [ 01100]
mul_ln73_101           (mul              ) [ 01100]
mul_ln73_102           (mul              ) [ 01100]
sext_ln70_44           (sext             ) [ 00000]
sext_ln70_45           (sext             ) [ 00000]
sext_ln70_46           (sext             ) [ 01100]
sext_ln70_47           (sext             ) [ 00000]
sext_ln70_48           (sext             ) [ 00000]
mul_ln73_103           (mul              ) [ 01100]
mul_ln73_104           (mul              ) [ 01100]
mul_ln73_106           (mul              ) [ 01100]
mul_ln73_107           (mul              ) [ 01100]
mul_ln73_108           (mul              ) [ 01100]
mul_ln73_109           (mul              ) [ 01100]
mul_ln73_110           (mul              ) [ 01100]
sext_ln70_51           (sext             ) [ 00000]
sext_ln70_53           (sext             ) [ 00000]
mul_ln73_121           (mul              ) [ 01100]
mul_ln73_125           (mul              ) [ 01100]
sext_ln70_56           (sext             ) [ 01100]
sext_ln70_57           (sext             ) [ 00000]
sext_ln70_58           (sext             ) [ 01100]
mul_ln73_130           (mul              ) [ 01100]
mul_ln73_131           (mul              ) [ 01100]
mul_ln73_133           (mul              ) [ 01100]
mul_ln73_134           (mul              ) [ 01100]
mul_ln73_135           (mul              ) [ 01100]
sext_ln70_59           (sext             ) [ 00000]
mul_ln73_142           (mul              ) [ 01100]
mul_ln73_145           (mul              ) [ 01110]
add_ln58_60            (add              ) [ 00000]
add_ln58_61            (add              ) [ 00000]
zext_ln58              (zext             ) [ 00000]
add_ln58_62            (add              ) [ 01100]
mul_ln73               (mul              ) [ 01010]
mul_ln73_48            (mul              ) [ 01010]
sext_ln70_26           (sext             ) [ 00000]
shl_ln73_13            (bitconcatenate   ) [ 00000]
sext_ln73_33           (sext             ) [ 00000]
shl_ln73_14            (bitconcatenate   ) [ 00000]
sext_ln73_34           (sext             ) [ 00000]
add_ln73               (add              ) [ 00000]
sext_ln73_36           (sext             ) [ 00000]
mul_ln73_56            (mul              ) [ 01010]
mul_ln73_57            (mul              ) [ 01010]
mul_ln73_58            (mul              ) [ 01010]
sext_ln73_41           (sext             ) [ 00000]
mul_ln73_61            (mul              ) [ 01010]
sext_ln73_43           (sext             ) [ 00000]
mul_ln73_65            (mul              ) [ 01010]
mul_ln73_66            (mul              ) [ 01010]
mul_ln73_67            (mul              ) [ 01010]
mul_ln73_68            (mul              ) [ 01010]
mul_ln73_69            (mul              ) [ 01010]
sext_ln73_45           (sext             ) [ 00000]
mul_ln73_71            (mul              ) [ 01010]
sext_ln73_47           (sext             ) [ 00000]
mul_ln73_75            (mul              ) [ 01010]
sext_ln70_35           (sext             ) [ 00000]
sext_ln70_36           (sext             ) [ 00000]
mul_ln73_76            (mul              ) [ 01010]
mul_ln73_77            (mul              ) [ 01010]
mul_ln73_79            (mul              ) [ 01010]
mul_ln73_81            (mul              ) [ 01010]
mul_ln73_82            (mul              ) [ 01010]
mul_ln73_85            (mul              ) [ 01010]
sext_ln73_51           (sext             ) [ 00000]
sext_ln73_52           (sext             ) [ 00000]
mul_ln73_89            (mul              ) [ 01010]
mul_ln73_91            (mul              ) [ 01010]
sext_ln73_55           (sext             ) [ 00000]
mul_ln73_95            (mul              ) [ 01010]
sext_ln73_61           (sext             ) [ 00000]
mul_ln73_105           (mul              ) [ 01010]
shl_ln73_20            (bitconcatenate   ) [ 00000]
sext_ln73_64           (sext             ) [ 00000]
shl_ln73_21            (bitconcatenate   ) [ 00000]
sext_ln73_65           (sext             ) [ 00000]
add_ln73_1             (add              ) [ 00000]
sext_ln73_66           (sext             ) [ 00000]
mul_ln73_111           (mul              ) [ 01010]
sext_ln70_49           (sext             ) [ 00000]
sext_ln70_50           (sext             ) [ 00000]
mul_ln73_112           (mul              ) [ 01010]
shl_ln73_22            (bitconcatenate   ) [ 00000]
sext_ln73_67           (sext             ) [ 00000]
add_ln73_2             (add              ) [ 00000]
shl_ln73_23            (bitconcatenate   ) [ 00000]
sext_ln73_68           (sext             ) [ 00000]
shl_ln73_24            (bitconcatenate   ) [ 00000]
sext_ln73_69           (sext             ) [ 00000]
sub_ln73_12            (sub              ) [ 00000]
sext_ln73_70           (sext             ) [ 00000]
mul_ln73_113           (mul              ) [ 01010]
mul_ln73_114           (mul              ) [ 01010]
mul_ln73_115           (mul              ) [ 01010]
mul_ln73_116           (mul              ) [ 01010]
mul_ln73_117           (mul              ) [ 01010]
mul_ln73_118           (mul              ) [ 01010]
mul_ln73_119           (mul              ) [ 01010]
sext_ln70_52           (sext             ) [ 00000]
sext_ln70_54           (sext             ) [ 00000]
mul_ln73_120           (mul              ) [ 01010]
mul_ln73_122           (mul              ) [ 01010]
mul_ln73_123           (mul              ) [ 01010]
mul_ln73_124           (mul              ) [ 01010]
mul_ln73_126           (mul              ) [ 01010]
shl_ln73_25            (bitconcatenate   ) [ 00000]
sext_ln73_75           (sext             ) [ 00000]
sub_ln73_13            (sub              ) [ 00000]
shl_ln73_26            (bitconcatenate   ) [ 00000]
sext_ln73_76           (sext             ) [ 00000]
sub_ln73_14            (sub              ) [ 01010]
mul_ln73_127           (mul              ) [ 01010]
mul_ln73_128           (mul              ) [ 01010]
sext_ln70_55           (sext             ) [ 00000]
mul_ln73_129           (mul              ) [ 01010]
mul_ln73_132           (mul              ) [ 01010]
sext_ln73_80           (sext             ) [ 00000]
mul_ln73_136           (mul              ) [ 01010]
mul_ln73_137           (mul              ) [ 01010]
mul_ln73_138           (mul              ) [ 01010]
sext_ln70_60           (sext             ) [ 00000]
mul_ln73_141           (mul              ) [ 01010]
shl_ln73_27            (bitconcatenate   ) [ 00000]
sext_ln73_84           (sext             ) [ 00000]
shl_ln73_28            (bitconcatenate   ) [ 00000]
sext_ln73_85           (sext             ) [ 00000]
sub_ln73_15            (sub              ) [ 00000]
sext_ln73_86           (sext             ) [ 00000]
mul_ln73_144           (mul              ) [ 01010]
mul_ln73_146           (mul              ) [ 01010]
sext_ln70_62           (sext             ) [ 00000]
sext_ln70_63           (sext             ) [ 00000]
sext_ln70_64           (sext             ) [ 00000]
mul_ln73_148           (mul              ) [ 01010]
mul_ln73_149           (mul              ) [ 01010]
mul_ln73_150           (mul              ) [ 01010]
mul_ln73_151           (mul              ) [ 01010]
mul_ln73_152           (mul              ) [ 01010]
mul_ln73_153           (mul              ) [ 01010]
mul_ln73_154           (mul              ) [ 01010]
sext_ln70_67           (sext             ) [ 00000]
sext_ln73_94           (sext             ) [ 00000]
sext_ln70_68           (sext             ) [ 00000]
sext_ln70_69           (sext             ) [ 00000]
mul_ln73_156           (mul              ) [ 01010]
mul_ln73_157           (mul              ) [ 01010]
mul_ln73_158           (mul              ) [ 01010]
mul_ln73_159           (mul              ) [ 01010]
mul_ln73_160           (mul              ) [ 01010]
sub_ln73               (sub              ) [ 01010]
mul_ln73_161           (mul              ) [ 01010]
sext_ln73_96           (sext             ) [ 00000]
mul_ln73_162           (mul              ) [ 01010]
mul_ln73_163           (mul              ) [ 01010]
sext_ln70_73           (sext             ) [ 00000]
sext_ln70_74           (sext             ) [ 00000]
sext_ln70_76           (sext             ) [ 01010]
mul_ln73_166           (mul              ) [ 01010]
mul_ln73_168           (mul              ) [ 01010]
mul_ln73_169           (mul              ) [ 01010]
mul_ln73_171           (mul              ) [ 01010]
mul_ln73_172           (mul              ) [ 01010]
add_ln58               (add              ) [ 00000]
sext_ln58_21           (sext             ) [ 00000]
add_ln58_50            (add              ) [ 00000]
add_ln58_51            (add              ) [ 00000]
sext_ln58_23           (sext             ) [ 00000]
add_ln58_53            (add              ) [ 01010]
add_ln58_55            (add              ) [ 00000]
sext_ln58_52           (sext             ) [ 00000]
add_ln58_56            (add              ) [ 01010]
add_ln58_57            (add              ) [ 01010]
add_ln58_58            (add              ) [ 01010]
add_ln58_59            (add              ) [ 01010]
sext_ln58_30           (sext             ) [ 00000]
add_ln58_64            (add              ) [ 00000]
add_ln58_65            (add              ) [ 01010]
add_ln58_66            (add              ) [ 00000]
sext_ln58_65           (sext             ) [ 00000]
add_ln58_67            (add              ) [ 00000]
sext_ln58_33           (sext             ) [ 00000]
add_ln58_68            (add              ) [ 00000]
add_ln58_69            (add              ) [ 01010]
add_ln58_76            (add              ) [ 00000]
add_ln58_77            (add              ) [ 00000]
sext_ln58_38           (sext             ) [ 00000]
add_ln58_80            (add              ) [ 00000]
sext_ln58_40           (sext             ) [ 00000]
add_ln58_82            (add              ) [ 00000]
sext_ln58_66           (sext             ) [ 00000]
add_ln58_83            (add              ) [ 01010]
add_ln58_88            (add              ) [ 00000]
add_ln58_89            (add              ) [ 00000]
sext_ln58_69           (sext             ) [ 00000]
add_ln58_90            (add              ) [ 01010]
add_ln58_92            (add              ) [ 00000]
sext_ln58_70           (sext             ) [ 00000]
add_ln58_93            (add              ) [ 01010]
add_ln58_99            (add              ) [ 00000]
sext_ln58_73           (sext             ) [ 00000]
add_ln58_100           (add              ) [ 01010]
add_ln58_102           (add              ) [ 00000]
add_ln58_103           (add              ) [ 00000]
sext_ln58_75           (sext             ) [ 00000]
add_ln58_104           (add              ) [ 01010]
add_ln58_105           (add              ) [ 01010]
add_ln58_107           (add              ) [ 00000]
sext_ln58_77           (sext             ) [ 00000]
add_ln58_108           (add              ) [ 01010]
add_ln58_110           (add              ) [ 01010]
add_ln58_112           (add              ) [ 00000]
sext_ln58_80           (sext             ) [ 00000]
add_ln58_113           (add              ) [ 00000]
sext_ln58_81           (sext             ) [ 00000]
add_ln58_114           (add              ) [ 01010]
add_ln58_119           (add              ) [ 00000]
sext_ln58_84           (sext             ) [ 00000]
add_ln58_120           (add              ) [ 00000]
sext_ln58_85           (sext             ) [ 00000]
add_ln58_121           (add              ) [ 01010]
add_ln58_132           (add              ) [ 00000]
sext_ln58_92           (sext             ) [ 00000]
add_ln58_133           (add              ) [ 00000]
sext_ln58_93           (sext             ) [ 00000]
add_ln58_134           (add              ) [ 01010]
add_ln58_140           (add              ) [ 01010]
add_ln58_148           (add              ) [ 01010]
add_ln58_169           (add              ) [ 01010]
mul_ln73_58_cast       (sext             ) [ 00000]
sext_ln73_38           (sext             ) [ 00000]
sext_ln73_44           (sext             ) [ 00000]
sext_ln73_46           (sext             ) [ 00000]
mul_ln73_77_cast       (sext             ) [ 00000]
sext_ln73_48           (sext             ) [ 00000]
sext_ln73_49           (sext             ) [ 00000]
sext_ln73_50           (sext             ) [ 00000]
sext_ln73_53           (sext             ) [ 00000]
sext_ln73_54           (sext             ) [ 00000]
shl_ln73_1             (bitconcatenate   ) [ 00000]
sext_ln42              (sext             ) [ 00000]
mul_ln73_98            (mul              ) [ 01001]
shl_ln73_17            (bitconcatenate   ) [ 00000]
sext_ln73_58           (sext             ) [ 00000]
shl_ln73_18            (bitconcatenate   ) [ 00000]
sext_ln73_59           (sext             ) [ 00000]
sub_ln73_9             (sub              ) [ 00000]
sext_ln73_60           (sext             ) [ 00000]
sub_ln73_10            (sub              ) [ 00000]
shl_ln73_19            (bitconcatenate   ) [ 00000]
sext_ln73_62           (sext             ) [ 00000]
sub_ln73_11            (sub              ) [ 00000]
sext_ln73_63           (sext             ) [ 00000]
sext_ln73_71           (sext             ) [ 00000]
sext_ln73_72           (sext             ) [ 00000]
sext_ln73_73           (sext             ) [ 00000]
sext_ln73_74           (sext             ) [ 00000]
sext_ln73_77           (sext             ) [ 00000]
sext_ln73_78           (sext             ) [ 00000]
sext_ln73_79           (sext             ) [ 00000]
sext_ln73_81           (sext             ) [ 00000]
sext_ln70_61           (sext             ) [ 00000]
mul_ln73_139           (mul              ) [ 01001]
mul_ln73_140           (mul              ) [ 01001]
sext_ln73_83           (sext             ) [ 00000]
mul_ln73_143           (mul              ) [ 01001]
shl_ln73_29            (bitconcatenate   ) [ 00000]
sext_ln73_88           (sext             ) [ 00000]
shl_ln73_30            (bitconcatenate   ) [ 00000]
sext_ln73_89           (sext             ) [ 00000]
sub_ln73_16            (sub              ) [ 00000]
sext_ln70_65           (sext             ) [ 00000]
mul_ln73_147           (mul              ) [ 01001]
sext_ln73_91           (sext             ) [ 00000]
sext_ln73_92           (sext             ) [ 00000]
sext_ln73_93           (sext             ) [ 00000]
mul_ln73_155           (mul              ) [ 01001]
sext_ln70_66           (sext             ) [ 00000]
sext_ln73_95           (sext             ) [ 00000]
mul_ln73_164           (mul              ) [ 01001]
sext_ln70_71           (sext             ) [ 00000]
sext_ln70_72           (sext             ) [ 00000]
sext_ln70_75           (sext             ) [ 00000]
mul_ln73_165           (mul              ) [ 01001]
mul_ln73_167           (mul              ) [ 01001]
sext_ln73_98           (sext             ) [ 00000]
shl_ln73_31            (bitconcatenate   ) [ 00000]
sext_ln73_99           (sext             ) [ 00000]
add_ln73_3             (add              ) [ 00000]
mul_ln73_170           (mul              ) [ 01001]
sext_ln73_101          (sext             ) [ 00000]
mul_ln58               (mul              ) [ 01001]
add_ln58_52            (add              ) [ 00000]
sext_ln58_24           (sext             ) [ 00000]
sext_ln58              (sext             ) [ 00000]
add_ln58_54            (add              ) [ 00000]
sext_ln58_25           (sext             ) [ 00000]
sext_ln58_26           (sext             ) [ 00000]
sext_ln58_27           (sext             ) [ 00000]
sext_ln58_28           (sext             ) [ 00000]
sext_ln58_29           (sext             ) [ 00000]
add_ln58_63            (add              ) [ 00000]
sext_ln58_31           (sext             ) [ 00000]
sext_ln58_32           (sext             ) [ 00000]
sext_ln58_34           (sext             ) [ 00000]
add_ln58_70            (add              ) [ 00000]
add_ln58_71            (add              ) [ 00000]
sext_ln58_35           (sext             ) [ 00000]
add_ln58_72            (add              ) [ 00000]
add_ln58_73            (add              ) [ 00000]
sext_ln58_36           (sext             ) [ 00000]
add_ln58_74            (add              ) [ 00000]
add_ln58_75            (add              ) [ 00000]
sext_ln58_37           (sext             ) [ 00000]
add_ln58_78            (add              ) [ 00000]
add_ln58_79            (add              ) [ 00000]
sext_ln58_39           (sext             ) [ 00000]
add_ln58_81            (add              ) [ 00000]
sext_ln58_67           (sext             ) [ 00000]
add_ln58_84            (add              ) [ 00000]
sext_ln58_41           (sext             ) [ 00000]
add_ln58_85            (add              ) [ 00000]
add_ln58_86            (add              ) [ 00000]
sext_ln58_68           (sext             ) [ 00000]
add_ln58_87            (add              ) [ 01001]
sext_ln58_43           (sext             ) [ 00000]
add_ln58_91            (add              ) [ 00000]
sext_ln58_71           (sext             ) [ 00000]
add_ln58_94            (add              ) [ 00000]
sext_ln58_44           (sext             ) [ 00000]
add_ln58_95            (add              ) [ 00000]
add_ln58_96            (add              ) [ 00000]
sext_ln58_72           (sext             ) [ 00000]
add_ln58_97            (add              ) [ 01001]
add_ln58_98            (add              ) [ 00000]
sext_ln58_74           (sext             ) [ 00000]
add_ln58_101           (add              ) [ 01001]
sext_ln58_47           (sext             ) [ 00000]
sext_ln58_76           (sext             ) [ 00000]
add_ln58_106           (add              ) [ 00000]
sext_ln58_78           (sext             ) [ 00000]
add_ln58_109           (add              ) [ 00000]
sext_ln58_48           (sext             ) [ 00000]
sext_ln58_79           (sext             ) [ 00000]
add_ln58_111           (add              ) [ 00000]
sext_ln58_82           (sext             ) [ 00000]
add_ln58_115           (add              ) [ 01001]
add_ln58_116           (add              ) [ 00000]
add_ln58_117           (add              ) [ 00000]
sext_ln58_83           (sext             ) [ 00000]
add_ln58_118           (add              ) [ 00000]
sext_ln58_86           (sext             ) [ 00000]
add_ln58_122           (add              ) [ 01001]
add_ln58_123           (add              ) [ 01001]
add_ln58_125           (add              ) [ 00000]
sext_ln58_88           (sext             ) [ 00000]
add_ln58_126           (add              ) [ 00000]
sext_ln58_89           (sext             ) [ 00000]
add_ln58_127           (add              ) [ 01001]
add_ln58_129           (add              ) [ 00000]
add_ln58_130           (add              ) [ 00000]
sext_ln58_91           (sext             ) [ 00000]
add_ln58_131           (add              ) [ 00000]
sext_ln58_94           (sext             ) [ 00000]
add_ln58_135           (add              ) [ 01001]
add_ln58_136           (add              ) [ 00000]
add_ln58_137           (add              ) [ 00000]
sext_ln58_95           (sext             ) [ 00000]
add_ln58_138           (add              ) [ 00000]
add_ln58_139           (add              ) [ 00000]
sext_ln58_96           (sext             ) [ 00000]
add_ln58_141           (add              ) [ 00000]
sext_ln58_97           (sext             ) [ 00000]
add_ln58_142           (add              ) [ 00000]
sext_ln58_98           (sext             ) [ 00000]
add_ln58_143           (add              ) [ 01001]
add_ln58_144           (add              ) [ 01001]
add_ln58_145           (add              ) [ 01001]
add_ln58_147           (add              ) [ 00000]
sext_ln58_100          (sext             ) [ 00000]
sext_ln58_101          (sext             ) [ 00000]
add_ln58_149           (add              ) [ 00000]
sext_ln58_102          (sext             ) [ 00000]
add_ln58_150           (add              ) [ 01001]
add_ln58_155           (add              ) [ 00000]
sext_ln58_105          (sext             ) [ 00000]
add_ln58_156           (add              ) [ 00000]
sext_ln58_106          (sext             ) [ 00000]
add_ln58_157           (add              ) [ 01001]
add_ln58_160           (add              ) [ 00000]
sext_ln58_108          (sext             ) [ 00000]
add_ln58_161           (add              ) [ 01001]
add_ln58_165           (add              ) [ 00000]
sext_ln58_110          (sext             ) [ 00000]
add_ln58_166           (add              ) [ 01001]
add_ln58_168           (add              ) [ 00000]
sext_ln58_112          (sext             ) [ 00000]
add_ln58_170           (add              ) [ 00000]
sext_ln58_113          (sext             ) [ 00000]
add_ln58_171           (add              ) [ 01001]
add_ln58_173           (add              ) [ 01001]
add_ln58_176           (add              ) [ 00000]
sext_ln58_116          (sext             ) [ 00000]
add_ln58_177           (add              ) [ 01001]
add_ln58_180           (add              ) [ 00000]
add_ln58_181           (add              ) [ 00000]
sext_ln58_118          (sext             ) [ 00000]
add_ln58_182           (add              ) [ 00000]
add_ln58_183           (add              ) [ 00000]
add_ln58_184           (add              ) [ 00000]
sext_ln58_119          (sext             ) [ 00000]
add_ln58_185           (add              ) [ 00000]
sext_ln58_120          (sext             ) [ 00000]
add_ln58_186           (add              ) [ 01001]
add_ln58_187           (add              ) [ 00000]
add_ln58_188           (add              ) [ 00000]
sext_ln58_121          (sext             ) [ 00000]
add_ln58_189           (add              ) [ 00000]
add_ln58_190           (add              ) [ 00000]
add_ln58_191           (add              ) [ 00000]
sext_ln58_122          (sext             ) [ 00000]
add_ln58_192           (add              ) [ 00000]
sext_ln58_123          (sext             ) [ 00000]
add_ln58_193           (add              ) [ 01001]
specpipeline_ln33      (specpipeline     ) [ 00000]
specresourcelimit_ln33 (specresourcelimit) [ 00000]
sext_ln73_57           (sext             ) [ 00000]
sext_ln73_82           (sext             ) [ 00000]
sext_ln73_87           (sext             ) [ 00000]
sext_ln73_90           (sext             ) [ 00000]
mul_ln73_157_cast      (sext             ) [ 00000]
sext_ln70_70           (sext             ) [ 00000]
sext_ln73_97           (sext             ) [ 00000]
sext_ln73_100          (sext             ) [ 00000]
sext_ln58_42           (sext             ) [ 00000]
sext_ln58_45           (sext             ) [ 00000]
sext_ln58_46           (sext             ) [ 00000]
sext_ln58_49           (sext             ) [ 00000]
sext_ln58_50           (sext             ) [ 00000]
sext_ln58_87           (sext             ) [ 00000]
add_ln58_124           (add              ) [ 00000]
sext_ln58_90           (sext             ) [ 00000]
add_ln58_128           (add              ) [ 00000]
sext_ln58_51           (sext             ) [ 00000]
sext_ln58_53           (sext             ) [ 00000]
sext_ln58_54           (sext             ) [ 00000]
sext_ln58_99           (sext             ) [ 00000]
add_ln58_146           (add              ) [ 00000]
sext_ln58_103          (sext             ) [ 00000]
add_ln58_151           (add              ) [ 00000]
sext_ln58_55           (sext             ) [ 00000]
add_ln58_152           (add              ) [ 00000]
add_ln58_153           (add              ) [ 00000]
sext_ln58_104          (sext             ) [ 00000]
add_ln58_154           (add              ) [ 00000]
sext_ln58_107          (sext             ) [ 00000]
add_ln58_158           (add              ) [ 00000]
sext_ln58_56           (sext             ) [ 00000]
add_ln58_159           (add              ) [ 00000]
sext_ln58_109          (sext             ) [ 00000]
add_ln58_162           (add              ) [ 00000]
sext_ln58_57           (sext             ) [ 00000]
add_ln58_163           (add              ) [ 00000]
sext_ln58_58           (sext             ) [ 00000]
add_ln58_164           (add              ) [ 00000]
sext_ln58_111          (sext             ) [ 00000]
add_ln58_167           (add              ) [ 00000]
sext_ln58_114          (sext             ) [ 00000]
add_ln58_172           (add              ) [ 00000]
sext_ln58_59           (sext             ) [ 00000]
sext_ln58_115          (sext             ) [ 00000]
add_ln58_174           (add              ) [ 00000]
sext_ln58_60           (sext             ) [ 00000]
add_ln58_175           (add              ) [ 00000]
sext_ln58_117          (sext             ) [ 00000]
add_ln58_178           (add              ) [ 00000]
sext_ln58_61           (sext             ) [ 00000]
add_ln58_179           (add              ) [ 00000]
sext_ln58_62           (sext             ) [ 00000]
sext_ln58_63           (sext             ) [ 00000]
sext_ln58_64           (sext             ) [ 00000]
add_ln58_194           (add              ) [ 00000]
add_ln58_196           (add              ) [ 00000]
sext_ln58_124          (sext             ) [ 00000]
add_ln58_195           (add              ) [ 00000]
sext_ln18              (sext             ) [ 00000]
mrv                    (insertvalue      ) [ 00000]
mrv_1                  (insertvalue      ) [ 00000]
mrv_2                  (insertvalue      ) [ 00000]
mrv_3                  (insertvalue      ) [ 00000]
mrv_4                  (insertvalue      ) [ 00000]
mrv_5                  (insertvalue      ) [ 00000]
mrv_6                  (insertvalue      ) [ 00000]
mrv_7                  (insertvalue      ) [ 00000]
mrv_8                  (insertvalue      ) [ 00000]
mrv_9                  (insertvalue      ) [ 00000]
ret_ln18               (ret              ) [ 00000]
</LifeTime>

<model>

<comp_list>
<comp id="0" class="1000" name="data_0_val1">
<pin_list>
<pin id="1" dir="1" index="0" bw="1" slack="0"/>
</pin_list>
<bind>
<StgValue><ssdm name="data_0_val1"/></StgValue>
</bind>
</comp>

<comp id="2" class="1000" name="data_1_val2">
<pin_list>
<pin id="3" dir="1" index="0" bw="1" slack="0"/>
</pin_list>
<bind>
<StgValue><ssdm name="data_1_val2"/></StgValue>
</bind>
</comp>

<comp id="4" class="1000" name="data_2_val3">
<pin_list>
<pin id="5" dir="1" index="0" bw="1" slack="0"/>
</pin_list>
<bind>
<StgValue><ssdm name="data_2_val3"/></StgValue>
</bind>
</comp>

<comp id="6" class="1000" name="data_3_val4">
<pin_list>
<pin id="7" dir="1" index="0" bw="1" slack="0"/>
</pin_list>
<bind>
<StgValue><ssdm name="data_3_val4"/></StgValue>
</bind>
</comp>

<comp id="8" class="1000" name="data_4_val5">
<pin_list>
<pin id="9" dir="1" index="0" bw="1" slack="0"/>
</pin_list>
<bind>
<StgValue><ssdm name="data_4_val5"/></StgValue>
</bind>
</comp>

<comp id="10" class="1000" name="data_5_val6">
<pin_list>
<pin id="11" dir="1" index="0" bw="1" slack="0"/>
</pin_list>
<bind>
<StgValue><ssdm name="data_5_val6"/></StgValue>
</bind>
</comp>

<comp id="12" class="1000" name="data_6_val7">
<pin_list>
<pin id="13" dir="1" index="0" bw="1" slack="0"/>
</pin_list>
<bind>
<StgValue><ssdm name="data_6_val7"/></StgValue>
</bind>
</comp>

<comp id="14" class="1000" name="data_7_val8">
<pin_list>
<pin id="15" dir="1" index="0" bw="1" slack="0"/>
</pin_list>
<bind>
<StgValue><ssdm name="data_7_val8"/></StgValue>
</bind>
</comp>

<comp id="16" class="1000" name="data_8_val9">
<pin_list>
<pin id="17" dir="1" index="0" bw="1" slack="0"/>
</pin_list>
<bind>
<StgValue><ssdm name="data_8_val9"/></StgValue>
</bind>
</comp>

<comp id="18" class="1000" name="data_9_val10">
<pin_list>
<pin id="19" dir="1" index="0" bw="1" slack="0"/>
</pin_list>
<bind>
<StgValue><ssdm name="data_9_val10"/></StgValue>
</bind>
</comp>

<comp id="20" class="1000" name="data_10_val11">
<pin_list>
<pin id="21" dir="1" index="0" bw="1" slack="0"/>
</pin_list>
<bind>
<StgValue><ssdm name="data_10_val11"/></StgValue>
</bind>
</comp>

<comp id="22" class="1000" name="data_11_val12">
<pin_list>
<pin id="23" dir="1" index="0" bw="1" slack="0"/>
</pin_list>
<bind>
<StgValue><ssdm name="data_11_val12"/></StgValue>
</bind>
</comp>

<comp id="24" class="1000" name="data_12_val13">
<pin_list>
<pin id="25" dir="1" index="0" bw="1" slack="0"/>
</pin_list>
<bind>
<StgValue><ssdm name="data_12_val13"/></StgValue>
</bind>
</comp>

<comp id="26" class="1000" name="data_13_val14">
<pin_list>
<pin id="27" dir="1" index="0" bw="1" slack="0"/>
</pin_list>
<bind>
<StgValue><ssdm name="data_13_val14"/></StgValue>
</bind>
</comp>

<comp id="28" class="1000" name="data_14_val15">
<pin_list>
<pin id="29" dir="1" index="0" bw="1" slack="0"/>
</pin_list>
<bind>
<StgValue><ssdm name="data_14_val15"/></StgValue>
</bind>
</comp>

<comp id="30" class="1001" name="const_30">
<pin_list>
<pin id="31" dir="1" index="0" bw="1" slack="0"/>
</pin_list>
<bind>
<StgValue><ssdm name="_ssdm_op_Read.ap_auto.i16"/></StgValue>
</bind>
</comp>

<comp id="32" class="1001" name="const_32">
<pin_list>
<pin id="33" dir="1" index="0" bw="1" slack="0"/>
</pin_list>
<bind>
<StgValue><ssdm name=""/></StgValue>
</bind>
</comp>

<comp id="34" class="1001" name="const_34">
<pin_list>
<pin id="35" dir="1" index="0" bw="1" slack="0"/>
</pin_list>
<bind>
<StgValue><ssdm name=""/></StgValue>
</bind>
</comp>

<comp id="36" class="1001" name="const_36">
<pin_list>
<pin id="37" dir="1" index="0" bw="1" slack="0"/>
</pin_list>
<bind>
<StgValue><ssdm name=""/></StgValue>
</bind>
</comp>

<comp id="38" class="1001" name="const_38">
<pin_list>
<pin id="39" dir="1" index="0" bw="1" slack="0"/>
</pin_list>
<bind>
<StgValue><ssdm name=""/></StgValue>
</bind>
</comp>

<comp id="40" class="1001" name="const_40">
<pin_list>
<pin id="41" dir="1" index="0" bw="1" slack="0"/>
</pin_list>
<bind>
<StgValue><ssdm name=""/></StgValue>
</bind>
</comp>

<comp id="42" class="1001" name="const_42">
<pin_list>
<pin id="43" dir="1" index="0" bw="1" slack="0"/>
</pin_list>
<bind>
<StgValue><ssdm name=""/></StgValue>
</bind>
</comp>

<comp id="44" class="1001" name="const_44">
<pin_list>
<pin id="45" dir="1" index="0" bw="1" slack="0"/>
</pin_list>
<bind>
<StgValue><ssdm name="_ssdm_op_BitConcatenate.i22.i16.i6"/></StgValue>
</bind>
</comp>

<comp id="46" class="1001" name="const_46">
<pin_list>
<pin id="47" dir="1" index="0" bw="1" slack="0"/>
</pin_list>
<bind>
<StgValue><ssdm name=""/></StgValue>
</bind>
</comp>

<comp id="48" class="1001" name="const_48">
<pin_list>
<pin id="49" dir="1" index="0" bw="1" slack="0"/>
</pin_list>
<bind>
<StgValue><ssdm name="_ssdm_op_BitConcatenate.i17.i16.i1"/></StgValue>
</bind>
</comp>

<comp id="50" class="1001" name="const_50">
<pin_list>
<pin id="51" dir="1" index="0" bw="1" slack="0"/>
</pin_list>
<bind>
<StgValue><ssdm name=""/></StgValue>
</bind>
</comp>

<comp id="52" class="1001" name="const_52">
<pin_list>
<pin id="53" dir="1" index="0" bw="1" slack="0"/>
</pin_list>
<bind>
<StgValue><ssdm name=""/></StgValue>
</bind>
</comp>

<comp id="54" class="1001" name="const_54">
<pin_list>
<pin id="55" dir="1" index="0" bw="1" slack="0"/>
</pin_list>
<bind>
<StgValue><ssdm name=""/></StgValue>
</bind>
</comp>

<comp id="56" class="1001" name="const_56">
<pin_list>
<pin id="57" dir="1" index="0" bw="1" slack="0"/>
</pin_list>
<bind>
<StgValue><ssdm name=""/></StgValue>
</bind>
</comp>

<comp id="58" class="1001" name="const_58">
<pin_list>
<pin id="59" dir="1" index="0" bw="1" slack="0"/>
</pin_list>
<bind>
<StgValue><ssdm name=""/></StgValue>
</bind>
</comp>

<comp id="60" class="1001" name="const_60">
<pin_list>
<pin id="61" dir="1" index="0" bw="1" slack="0"/>
</pin_list>
<bind>
<StgValue><ssdm name=""/></StgValue>
</bind>
</comp>

<comp id="62" class="1001" name="const_62">
<pin_list>
<pin id="63" dir="1" index="0" bw="1" slack="0"/>
</pin_list>
<bind>
<StgValue><ssdm name=""/></StgValue>
</bind>
</comp>

<comp id="64" class="1001" name="const_64">
<pin_list>
<pin id="65" dir="1" index="0" bw="1" slack="0"/>
</pin_list>
<bind>
<StgValue><ssdm name=""/></StgValue>
</bind>
</comp>

<comp id="66" class="1001" name="const_66">
<pin_list>
<pin id="67" dir="1" index="0" bw="1" slack="0"/>
</pin_list>
<bind>
<StgValue><ssdm name="_ssdm_op_BitConcatenate.i20.i16.i4"/></StgValue>
</bind>
</comp>

<comp id="68" class="1001" name="const_68">
<pin_list>
<pin id="69" dir="1" index="0" bw="1" slack="0"/>
</pin_list>
<bind>
<StgValue><ssdm name=""/></StgValue>
</bind>
</comp>

<comp id="70" class="1001" name="const_70">
<pin_list>
<pin id="71" dir="1" index="0" bw="1" slack="0"/>
</pin_list>
<bind>
<StgValue><ssdm name=""/></StgValue>
</bind>
</comp>

<comp id="72" class="1001" name="const_72">
<pin_list>
<pin id="73" dir="1" index="0" bw="1" slack="0"/>
</pin_list>
<bind>
<StgValue><ssdm name=""/></StgValue>
</bind>
</comp>

<comp id="74" class="1001" name="const_74">
<pin_list>
<pin id="75" dir="1" index="0" bw="1" slack="0"/>
</pin_list>
<bind>
<StgValue><ssdm name=""/></StgValue>
</bind>
</comp>

<comp id="76" class="1001" name="const_76">
<pin_list>
<pin id="77" dir="1" index="0" bw="1" slack="0"/>
</pin_list>
<bind>
<StgValue><ssdm name="_ssdm_op_BitConcatenate.i23.i16.i7"/></StgValue>
</bind>
</comp>

<comp id="78" class="1001" name="const_78">
<pin_list>
<pin id="79" dir="1" index="0" bw="1" slack="0"/>
</pin_list>
<bind>
<StgValue><ssdm name=""/></StgValue>
</bind>
</comp>

<comp id="80" class="1001" name="const_80">
<pin_list>
<pin id="81" dir="1" index="0" bw="1" slack="0"/>
</pin_list>
<bind>
<StgValue><ssdm name="_ssdm_op_BitConcatenate.i21.i16.i5"/></StgValue>
</bind>
</comp>

<comp id="82" class="1001" name="const_82">
<pin_list>
<pin id="83" dir="1" index="0" bw="1" slack="0"/>
</pin_list>
<bind>
<StgValue><ssdm name=""/></StgValue>
</bind>
</comp>

<comp id="84" class="1001" name="const_84">
<pin_list>
<pin id="85" dir="1" index="0" bw="1" slack="0"/>
</pin_list>
<bind>
<StgValue><ssdm name=""/></StgValue>
</bind>
</comp>

<comp id="86" class="1001" name="const_86">
<pin_list>
<pin id="87" dir="1" index="0" bw="1" slack="0"/>
</pin_list>
<bind>
<StgValue><ssdm name=""/></StgValue>
</bind>
</comp>

<comp id="88" class="1001" name="const_88">
<pin_list>
<pin id="89" dir="1" index="0" bw="1" slack="0"/>
</pin_list>
<bind>
<StgValue><ssdm name=""/></StgValue>
</bind>
</comp>

<comp id="90" class="1001" name="const_90">
<pin_list>
<pin id="91" dir="1" index="0" bw="1" slack="0"/>
</pin_list>
<bind>
<StgValue><ssdm name=""/></StgValue>
</bind>
</comp>

<comp id="92" class="1001" name="const_92">
<pin_list>
<pin id="93" dir="1" index="0" bw="1" slack="0"/>
</pin_list>
<bind>
<StgValue><ssdm name=""/></StgValue>
</bind>
</comp>

<comp id="94" class="1001" name="const_94">
<pin_list>
<pin id="95" dir="1" index="0" bw="1" slack="0"/>
</pin_list>
<bind>
<StgValue><ssdm name=""/></StgValue>
</bind>
</comp>

<comp id="96" class="1001" name="const_96">
<pin_list>
<pin id="97" dir="1" index="0" bw="1" slack="0"/>
</pin_list>
<bind>
<StgValue><ssdm name=""/></StgValue>
</bind>
</comp>

<comp id="98" class="1001" name="const_98">
<pin_list>
<pin id="99" dir="1" index="0" bw="1" slack="0"/>
</pin_list>
<bind>
<StgValue><ssdm name=""/></StgValue>
</bind>
</comp>

<comp id="100" class="1001" name="const_100">
<pin_list>
<pin id="101" dir="1" index="0" bw="1" slack="0"/>
</pin_list>
<bind>
<StgValue><ssdm name=""/></StgValue>
</bind>
</comp>

<comp id="102" class="1001" name="const_102">
<pin_list>
<pin id="103" dir="1" index="0" bw="1" slack="0"/>
</pin_list>
<bind>
<StgValue><ssdm name=""/></StgValue>
</bind>
</comp>

<comp id="104" class="1001" name="const_104">
<pin_list>
<pin id="105" dir="1" index="0" bw="1" slack="0"/>
</pin_list>
<bind>
<StgValue><ssdm name=""/></StgValue>
</bind>
</comp>

<comp id="106" class="1001" name="const_106">
<pin_list>
<pin id="107" dir="1" index="0" bw="1" slack="0"/>
</pin_list>
<bind>
<StgValue><ssdm name=""/></StgValue>
</bind>
</comp>

<comp id="108" class="1001" name="const_108">
<pin_list>
<pin id="109" dir="1" index="0" bw="1" slack="0"/>
</pin_list>
<bind>
<StgValue><ssdm name=""/></StgValue>
</bind>
</comp>

<comp id="110" class="1001" name="const_110">
<pin_list>
<pin id="111" dir="1" index="0" bw="1" slack="0"/>
</pin_list>
<bind>
<StgValue><ssdm name=""/></StgValue>
</bind>
</comp>

<comp id="112" class="1001" name="const_112">
<pin_list>
<pin id="113" dir="1" index="0" bw="1" slack="0"/>
</pin_list>
<bind>
<StgValue><ssdm name=""/></StgValue>
</bind>
</comp>

<comp id="114" class="1001" name="const_114">
<pin_list>
<pin id="115" dir="1" index="0" bw="1" slack="0"/>
</pin_list>
<bind>
<StgValue><ssdm name=""/></StgValue>
</bind>
</comp>

<comp id="116" class="1001" name="const_116">
<pin_list>
<pin id="117" dir="1" index="0" bw="1" slack="0"/>
</pin_list>
<bind>
<StgValue><ssdm name=""/></StgValue>
</bind>
</comp>

<comp id="118" class="1001" name="const_118">
<pin_list>
<pin id="119" dir="1" index="0" bw="1" slack="0"/>
</pin_list>
<bind>
<StgValue><ssdm name=""/></StgValue>
</bind>
</comp>

<comp id="120" class="1001" name="const_120">
<pin_list>
<pin id="121" dir="1" index="0" bw="1" slack="0"/>
</pin_list>
<bind>
<StgValue><ssdm name=""/></StgValue>
</bind>
</comp>

<comp id="122" class="1001" name="const_122">
<pin_list>
<pin id="123" dir="1" index="0" bw="1" slack="0"/>
</pin_list>
<bind>
<StgValue><ssdm name=""/></StgValue>
</bind>
</comp>

<comp id="124" class="1001" name="const_124">
<pin_list>
<pin id="125" dir="1" index="0" bw="1" slack="0"/>
</pin_list>
<bind>
<StgValue><ssdm name=""/></StgValue>
</bind>
</comp>

<comp id="126" class="1001" name="const_126">
<pin_list>
<pin id="127" dir="1" index="0" bw="1" slack="0"/>
</pin_list>
<bind>
<StgValue><ssdm name=""/></StgValue>
</bind>
</comp>

<comp id="128" class="1001" name="const_128">
<pin_list>
<pin id="129" dir="1" index="0" bw="1" slack="0"/>
</pin_list>
<bind>
<StgValue><ssdm name=""/></StgValue>
</bind>
</comp>

<comp id="130" class="1001" name="const_130">
<pin_list>
<pin id="131" dir="1" index="0" bw="1" slack="0"/>
</pin_list>
<bind>
<StgValue><ssdm name=""/></StgValue>
</bind>
</comp>

<comp id="132" class="1001" name="const_132">
<pin_list>
<pin id="133" dir="1" index="0" bw="1" slack="0"/>
</pin_list>
<bind>
<StgValue><ssdm name=""/></StgValue>
</bind>
</comp>

<comp id="134" class="1001" name="const_134">
<pin_list>
<pin id="135" dir="1" index="0" bw="1" slack="0"/>
</pin_list>
<bind>
<StgValue><ssdm name=""/></StgValue>
</bind>
</comp>

<comp id="136" class="1001" name="const_136">
<pin_list>
<pin id="137" dir="1" index="0" bw="1" slack="0"/>
</pin_list>
<bind>
<StgValue><ssdm name=""/></StgValue>
</bind>
</comp>

<comp id="138" class="1001" name="const_138">
<pin_list>
<pin id="139" dir="1" index="0" bw="1" slack="0"/>
</pin_list>
<bind>
<StgValue><ssdm name=""/></StgValue>
</bind>
</comp>

<comp id="140" class="1001" name="const_140">
<pin_list>
<pin id="141" dir="1" index="0" bw="1" slack="0"/>
</pin_list>
<bind>
<StgValue><ssdm name=""/></StgValue>
</bind>
</comp>

<comp id="142" class="1001" name="const_142">
<pin_list>
<pin id="143" dir="1" index="0" bw="1" slack="0"/>
</pin_list>
<bind>
<StgValue><ssdm name=""/></StgValue>
</bind>
</comp>

<comp id="144" class="1001" name="const_144">
<pin_list>
<pin id="145" dir="1" index="0" bw="1" slack="0"/>
</pin_list>
<bind>
<StgValue><ssdm name=""/></StgValue>
</bind>
</comp>

<comp id="146" class="1001" name="const_146">
<pin_list>
<pin id="147" dir="1" index="0" bw="1" slack="0"/>
</pin_list>
<bind>
<StgValue><ssdm name=""/></StgValue>
</bind>
</comp>

<comp id="148" class="1001" name="const_148">
<pin_list>
<pin id="149" dir="1" index="0" bw="1" slack="0"/>
</pin_list>
<bind>
<StgValue><ssdm name=""/></StgValue>
</bind>
</comp>

<comp id="150" class="1001" name="const_150">
<pin_list>
<pin id="151" dir="1" index="0" bw="1" slack="0"/>
</pin_list>
<bind>
<StgValue><ssdm name=""/></StgValue>
</bind>
</comp>

<comp id="152" class="1001" name="const_152">
<pin_list>
<pin id="153" dir="1" index="0" bw="1" slack="0"/>
</pin_list>
<bind>
<StgValue><ssdm name=""/></StgValue>
</bind>
</comp>

<comp id="154" class="1001" name="const_154">
<pin_list>
<pin id="155" dir="1" index="0" bw="1" slack="0"/>
</pin_list>
<bind>
<StgValue><ssdm name=""/></StgValue>
</bind>
</comp>

<comp id="156" class="1001" name="const_156">
<pin_list>
<pin id="157" dir="1" index="0" bw="1" slack="0"/>
</pin_list>
<bind>
<StgValue><ssdm name=""/></StgValue>
</bind>
</comp>

<comp id="158" class="1001" name="const_158">
<pin_list>
<pin id="159" dir="1" index="0" bw="1" slack="0"/>
</pin_list>
<bind>
<StgValue><ssdm name=""/></StgValue>
</bind>
</comp>

<comp id="160" class="1001" name="const_160">
<pin_list>
<pin id="161" dir="1" index="0" bw="1" slack="0"/>
</pin_list>
<bind>
<StgValue><ssdm name=""/></StgValue>
</bind>
</comp>

<comp id="162" class="1001" name="const_162">
<pin_list>
<pin id="163" dir="1" index="0" bw="1" slack="0"/>
</pin_list>
<bind>
<StgValue><ssdm name=""/></StgValue>
</bind>
</comp>

<comp id="164" class="1001" name="const_164">
<pin_list>
<pin id="165" dir="1" index="0" bw="1" slack="0"/>
</pin_list>
<bind>
<StgValue><ssdm name=""/></StgValue>
</bind>
</comp>

<comp id="166" class="1001" name="const_166">
<pin_list>
<pin id="167" dir="1" index="0" bw="1" slack="0"/>
</pin_list>
<bind>
<StgValue><ssdm name="_ssdm_op_BitConcatenate.i19.i16.i3"/></StgValue>
</bind>
</comp>

<comp id="168" class="1001" name="const_168">
<pin_list>
<pin id="169" dir="1" index="0" bw="1" slack="0"/>
</pin_list>
<bind>
<StgValue><ssdm name=""/></StgValue>
</bind>
</comp>

<comp id="170" class="1001" name="const_170">
<pin_list>
<pin id="171" dir="1" index="0" bw="1" slack="0"/>
</pin_list>
<bind>
<StgValue><ssdm name=""/></StgValue>
</bind>
</comp>

<comp id="172" class="1001" name="const_172">
<pin_list>
<pin id="173" dir="1" index="0" bw="1" slack="0"/>
</pin_list>
<bind>
<StgValue><ssdm name=""/></StgValue>
</bind>
</comp>

<comp id="174" class="1001" name="const_174">
<pin_list>
<pin id="175" dir="1" index="0" bw="1" slack="0"/>
</pin_list>
<bind>
<StgValue><ssdm name=""/></StgValue>
</bind>
</comp>

<comp id="176" class="1001" name="const_176">
<pin_list>
<pin id="177" dir="1" index="0" bw="1" slack="0"/>
</pin_list>
<bind>
<StgValue><ssdm name=""/></StgValue>
</bind>
</comp>

<comp id="178" class="1001" name="const_178">
<pin_list>
<pin id="179" dir="1" index="0" bw="1" slack="0"/>
</pin_list>
<bind>
<StgValue><ssdm name=""/></StgValue>
</bind>
</comp>

<comp id="180" class="1001" name="const_180">
<pin_list>
<pin id="181" dir="1" index="0" bw="1" slack="0"/>
</pin_list>
<bind>
<StgValue><ssdm name=""/></StgValue>
</bind>
</comp>

<comp id="182" class="1001" name="const_182">
<pin_list>
<pin id="183" dir="1" index="0" bw="1" slack="0"/>
</pin_list>
<bind>
<StgValue><ssdm name=""/></StgValue>
</bind>
</comp>

<comp id="184" class="1001" name="const_184">
<pin_list>
<pin id="185" dir="1" index="0" bw="1" slack="0"/>
</pin_list>
<bind>
<StgValue><ssdm name=""/></StgValue>
</bind>
</comp>

<comp id="186" class="1001" name="const_186">
<pin_list>
<pin id="187" dir="1" index="0" bw="1" slack="0"/>
</pin_list>
<bind>
<StgValue><ssdm name=""/></StgValue>
</bind>
</comp>

<comp id="188" class="1001" name="const_188">
<pin_list>
<pin id="189" dir="1" index="0" bw="1" slack="0"/>
</pin_list>
<bind>
<StgValue><ssdm name=""/></StgValue>
</bind>
</comp>

<comp id="190" class="1001" name="const_190">
<pin_list>
<pin id="191" dir="1" index="0" bw="1" slack="0"/>
</pin_list>
<bind>
<StgValue><ssdm name=""/></StgValue>
</bind>
</comp>

<comp id="192" class="1001" name="const_192">
<pin_list>
<pin id="193" dir="1" index="0" bw="1" slack="0"/>
</pin_list>
<bind>
<StgValue><ssdm name=""/></StgValue>
</bind>
</comp>

<comp id="194" class="1001" name="const_194">
<pin_list>
<pin id="195" dir="1" index="0" bw="1" slack="0"/>
</pin_list>
<bind>
<StgValue><ssdm name=""/></StgValue>
</bind>
</comp>

<comp id="196" class="1001" name="const_196">
<pin_list>
<pin id="197" dir="1" index="0" bw="1" slack="0"/>
</pin_list>
<bind>
<StgValue><ssdm name=""/></StgValue>
</bind>
</comp>

<comp id="198" class="1001" name="const_198">
<pin_list>
<pin id="199" dir="1" index="0" bw="1" slack="0"/>
</pin_list>
<bind>
<StgValue><ssdm name=""/></StgValue>
</bind>
</comp>

<comp id="200" class="1001" name="const_200">
<pin_list>
<pin id="201" dir="1" index="0" bw="1" slack="0"/>
</pin_list>
<bind>
<StgValue><ssdm name=""/></StgValue>
</bind>
</comp>

<comp id="202" class="1001" name="const_202">
<pin_list>
<pin id="203" dir="1" index="0" bw="1" slack="0"/>
</pin_list>
<bind>
<StgValue><ssdm name=""/></StgValue>
</bind>
</comp>

<comp id="204" class="1001" name="const_204">
<pin_list>
<pin id="205" dir="1" index="0" bw="1" slack="0"/>
</pin_list>
<bind>
<StgValue><ssdm name=""/></StgValue>
</bind>
</comp>

<comp id="206" class="1001" name="const_206">
<pin_list>
<pin id="207" dir="1" index="0" bw="1" slack="0"/>
</pin_list>
<bind>
<StgValue><ssdm name=""/></StgValue>
</bind>
</comp>

<comp id="208" class="1001" name="const_208">
<pin_list>
<pin id="209" dir="1" index="0" bw="1" slack="0"/>
</pin_list>
<bind>
<StgValue><ssdm name=""/></StgValue>
</bind>
</comp>

<comp id="210" class="1001" name="const_210">
<pin_list>
<pin id="211" dir="1" index="0" bw="1" slack="0"/>
</pin_list>
<bind>
<StgValue><ssdm name=""/></StgValue>
</bind>
</comp>

<comp id="212" class="1001" name="const_212">
<pin_list>
<pin id="213" dir="1" index="0" bw="1" slack="0"/>
</pin_list>
<bind>
<StgValue><ssdm name=""/></StgValue>
</bind>
</comp>

<comp id="214" class="1001" name="const_214">
<pin_list>
<pin id="215" dir="1" index="0" bw="1" slack="0"/>
</pin_list>
<bind>
<StgValue><ssdm name="_ssdm_op_BitConcatenate.i24.i16.i8"/></StgValue>
</bind>
</comp>

<comp id="216" class="1001" name="const_216">
<pin_list>
<pin id="217" dir="1" index="0" bw="1" slack="0"/>
</pin_list>
<bind>
<StgValue><ssdm name=""/></StgValue>
</bind>
</comp>

<comp id="218" class="1001" name="const_218">
<pin_list>
<pin id="219" dir="1" index="0" bw="1" slack="0"/>
</pin_list>
<bind>
<StgValue><ssdm name=""/></StgValue>
</bind>
</comp>

<comp id="220" class="1001" name="const_220">
<pin_list>
<pin id="221" dir="1" index="0" bw="1" slack="0"/>
</pin_list>
<bind>
<StgValue><ssdm name=""/></StgValue>
</bind>
</comp>

<comp id="222" class="1001" name="const_222">
<pin_list>
<pin id="223" dir="1" index="0" bw="1" slack="0"/>
</pin_list>
<bind>
<StgValue><ssdm name=""/></StgValue>
</bind>
</comp>

<comp id="224" class="1001" name="const_224">
<pin_list>
<pin id="225" dir="1" index="0" bw="1" slack="0"/>
</pin_list>
<bind>
<StgValue><ssdm name=""/></StgValue>
</bind>
</comp>

<comp id="226" class="1001" name="const_226">
<pin_list>
<pin id="227" dir="1" index="0" bw="1" slack="0"/>
</pin_list>
<bind>
<StgValue><ssdm name=""/></StgValue>
</bind>
</comp>

<comp id="228" class="1001" name="const_228">
<pin_list>
<pin id="229" dir="1" index="0" bw="1" slack="0"/>
</pin_list>
<bind>
<StgValue><ssdm name=""/></StgValue>
</bind>
</comp>

<comp id="230" class="1001" name="const_230">
<pin_list>
<pin id="231" dir="1" index="0" bw="1" slack="0"/>
</pin_list>
<bind>
<StgValue><ssdm name=""/></StgValue>
</bind>
</comp>

<comp id="232" class="1001" name="const_232">
<pin_list>
<pin id="233" dir="1" index="0" bw="1" slack="0"/>
</pin_list>
<bind>
<StgValue><ssdm name=""/></StgValue>
</bind>
</comp>

<comp id="234" class="1001" name="const_234">
<pin_list>
<pin id="235" dir="1" index="0" bw="1" slack="0"/>
</pin_list>
<bind>
<StgValue><ssdm name=""/></StgValue>
</bind>
</comp>

<comp id="236" class="1001" name="const_236">
<pin_list>
<pin id="237" dir="1" index="0" bw="1" slack="0"/>
</pin_list>
<bind>
<StgValue><ssdm name=""/></StgValue>
</bind>
</comp>

<comp id="238" class="1001" name="const_238">
<pin_list>
<pin id="239" dir="1" index="0" bw="1" slack="0"/>
</pin_list>
<bind>
<StgValue><ssdm name=""/></StgValue>
</bind>
</comp>

<comp id="240" class="1001" name="const_240">
<pin_list>
<pin id="241" dir="1" index="0" bw="1" slack="0"/>
</pin_list>
<bind>
<StgValue><ssdm name=""/></StgValue>
</bind>
</comp>

<comp id="242" class="1001" name="const_242">
<pin_list>
<pin id="243" dir="1" index="0" bw="1" slack="0"/>
</pin_list>
<bind>
<StgValue><ssdm name=""/></StgValue>
</bind>
</comp>

<comp id="244" class="1001" name="const_244">
<pin_list>
<pin id="245" dir="1" index="0" bw="1" slack="0"/>
</pin_list>
<bind>
<StgValue><ssdm name=""/></StgValue>
</bind>
</comp>

<comp id="246" class="1001" name="const_246">
<pin_list>
<pin id="247" dir="1" index="0" bw="1" slack="0"/>
</pin_list>
<bind>
<StgValue><ssdm name=""/></StgValue>
</bind>
</comp>

<comp id="248" class="1001" name="const_248">
<pin_list>
<pin id="249" dir="1" index="0" bw="1" slack="0"/>
</pin_list>
<bind>
<StgValue><ssdm name=""/></StgValue>
</bind>
</comp>

<comp id="250" class="1001" name="const_250">
<pin_list>
<pin id="251" dir="1" index="0" bw="1" slack="0"/>
</pin_list>
<bind>
<StgValue><ssdm name=""/></StgValue>
</bind>
</comp>

<comp id="252" class="1001" name="const_252">
<pin_list>
<pin id="253" dir="1" index="0" bw="1" slack="0"/>
</pin_list>
<bind>
<StgValue><ssdm name=""/></StgValue>
</bind>
</comp>

<comp id="254" class="1001" name="const_254">
<pin_list>
<pin id="255" dir="1" index="0" bw="1" slack="0"/>
</pin_list>
<bind>
<StgValue><ssdm name=""/></StgValue>
</bind>
</comp>

<comp id="256" class="1001" name="const_256">
<pin_list>
<pin id="257" dir="1" index="0" bw="1" slack="0"/>
</pin_list>
<bind>
<StgValue><ssdm name=""/></StgValue>
</bind>
</comp>

<comp id="258" class="1001" name="const_258">
<pin_list>
<pin id="259" dir="1" index="0" bw="1" slack="0"/>
</pin_list>
<bind>
<StgValue><ssdm name=""/></StgValue>
</bind>
</comp>

<comp id="260" class="1001" name="const_260">
<pin_list>
<pin id="261" dir="1" index="0" bw="1" slack="0"/>
</pin_list>
<bind>
<StgValue><ssdm name=""/></StgValue>
</bind>
</comp>

<comp id="262" class="1001" name="const_262">
<pin_list>
<pin id="263" dir="1" index="0" bw="1" slack="0"/>
</pin_list>
<bind>
<StgValue><ssdm name=""/></StgValue>
</bind>
</comp>

<comp id="264" class="1001" name="const_264">
<pin_list>
<pin id="265" dir="1" index="0" bw="1" slack="0"/>
</pin_list>
<bind>
<StgValue><ssdm name=""/></StgValue>
</bind>
</comp>

<comp id="266" class="1001" name="const_266">
<pin_list>
<pin id="267" dir="1" index="0" bw="1" slack="0"/>
</pin_list>
<bind>
<StgValue><ssdm name=""/></StgValue>
</bind>
</comp>

<comp id="268" class="1001" name="const_268">
<pin_list>
<pin id="269" dir="1" index="0" bw="1" slack="0"/>
</pin_list>
<bind>
<StgValue><ssdm name=""/></StgValue>
</bind>
</comp>

<comp id="270" class="1001" name="const_270">
<pin_list>
<pin id="271" dir="1" index="0" bw="1" slack="0"/>
</pin_list>
<bind>
<StgValue><ssdm name=""/></StgValue>
</bind>
</comp>

<comp id="272" class="1001" name="const_272">
<pin_list>
<pin id="273" dir="1" index="0" bw="1" slack="0"/>
</pin_list>
<bind>
<StgValue><ssdm name=""/></StgValue>
</bind>
</comp>

<comp id="274" class="1001" name="const_274">
<pin_list>
<pin id="275" dir="1" index="0" bw="1" slack="0"/>
</pin_list>
<bind>
<StgValue><ssdm name=""/></StgValue>
</bind>
</comp>

<comp id="276" class="1001" name="const_276">
<pin_list>
<pin id="277" dir="1" index="0" bw="1" slack="0"/>
</pin_list>
<bind>
<StgValue><ssdm name=""/></StgValue>
</bind>
</comp>

<comp id="278" class="1001" name="const_278">
<pin_list>
<pin id="279" dir="1" index="0" bw="1" slack="0"/>
</pin_list>
<bind>
<StgValue><ssdm name=""/></StgValue>
</bind>
</comp>

<comp id="280" class="1001" name="const_280">
<pin_list>
<pin id="281" dir="1" index="0" bw="1" slack="0"/>
</pin_list>
<bind>
<StgValue><ssdm name=""/></StgValue>
</bind>
</comp>

<comp id="282" class="1001" name="const_282">
<pin_list>
<pin id="283" dir="1" index="0" bw="1" slack="0"/>
</pin_list>
<bind>
<StgValue><ssdm name=""/></StgValue>
</bind>
</comp>

<comp id="284" class="1001" name="const_284">
<pin_list>
<pin id="285" dir="1" index="0" bw="1" slack="0"/>
</pin_list>
<bind>
<StgValue><ssdm name=""/></StgValue>
</bind>
</comp>

<comp id="286" class="1001" name="const_286">
<pin_list>
<pin id="287" dir="1" index="0" bw="1" slack="0"/>
</pin_list>
<bind>
<StgValue><ssdm name=""/></StgValue>
</bind>
</comp>

<comp id="288" class="1001" name="const_288">
<pin_list>
<pin id="289" dir="1" index="0" bw="1" slack="0"/>
</pin_list>
<bind>
<StgValue><ssdm name=""/></StgValue>
</bind>
</comp>

<comp id="290" class="1001" name="const_290">
<pin_list>
<pin id="291" dir="1" index="0" bw="1" slack="0"/>
</pin_list>
<bind>
<StgValue><ssdm name=""/></StgValue>
</bind>
</comp>

<comp id="292" class="1001" name="const_292">
<pin_list>
<pin id="293" dir="1" index="0" bw="1" slack="0"/>
</pin_list>
<bind>
<StgValue><ssdm name=""/></StgValue>
</bind>
</comp>

<comp id="294" class="1001" name="const_294">
<pin_list>
<pin id="295" dir="1" index="0" bw="1" slack="0"/>
</pin_list>
<bind>
<StgValue><ssdm name=""/></StgValue>
</bind>
</comp>

<comp id="296" class="1001" name="const_296">
<pin_list>
<pin id="297" dir="1" index="0" bw="1" slack="0"/>
</pin_list>
<bind>
<StgValue><ssdm name=""/></StgValue>
</bind>
</comp>

<comp id="298" class="1001" name="const_298">
<pin_list>
<pin id="299" dir="1" index="0" bw="1" slack="0"/>
</pin_list>
<bind>
<StgValue><ssdm name=""/></StgValue>
</bind>
</comp>

<comp id="300" class="1001" name="const_300">
<pin_list>
<pin id="301" dir="1" index="0" bw="1" slack="0"/>
</pin_list>
<bind>
<StgValue><ssdm name=""/></StgValue>
</bind>
</comp>

<comp id="302" class="1001" name="const_302">
<pin_list>
<pin id="303" dir="1" index="0" bw="1" slack="0"/>
</pin_list>
<bind>
<StgValue><ssdm name=""/></StgValue>
</bind>
</comp>

<comp id="304" class="1001" name="const_304">
<pin_list>
<pin id="305" dir="1" index="0" bw="1" slack="0"/>
</pin_list>
<bind>
<StgValue><ssdm name=""/></StgValue>
</bind>
</comp>

<comp id="306" class="1001" name="const_306">
<pin_list>
<pin id="307" dir="1" index="0" bw="1" slack="0"/>
</pin_list>
<bind>
<StgValue><ssdm name=""/></StgValue>
</bind>
</comp>

<comp id="308" class="1001" name="const_308">
<pin_list>
<pin id="309" dir="1" index="0" bw="1" slack="0"/>
</pin_list>
<bind>
<StgValue><ssdm name=""/></StgValue>
</bind>
</comp>

<comp id="310" class="1001" name="const_310">
<pin_list>
<pin id="311" dir="1" index="0" bw="1" slack="0"/>
</pin_list>
<bind>
<StgValue><ssdm name="_ssdm_op_BitConcatenate.i25.i16.i9"/></StgValue>
</bind>
</comp>

<comp id="312" class="1001" name="const_312">
<pin_list>
<pin id="313" dir="1" index="0" bw="1" slack="0"/>
</pin_list>
<bind>
<StgValue><ssdm name=""/></StgValue>
</bind>
</comp>

<comp id="314" class="1001" name="const_314">
<pin_list>
<pin id="315" dir="1" index="0" bw="1" slack="0"/>
</pin_list>
<bind>
<StgValue><ssdm name=""/></StgValue>
</bind>
</comp>

<comp id="316" class="1001" name="const_316">
<pin_list>
<pin id="317" dir="1" index="0" bw="1" slack="0"/>
</pin_list>
<bind>
<StgValue><ssdm name=""/></StgValue>
</bind>
</comp>

<comp id="318" class="1001" name="const_318">
<pin_list>
<pin id="319" dir="1" index="0" bw="1" slack="0"/>
</pin_list>
<bind>
<StgValue><ssdm name="_ssdm_op_BitConcatenate.i18.i16.i2"/></StgValue>
</bind>
</comp>

<comp id="320" class="1001" name="const_320">
<pin_list>
<pin id="321" dir="1" index="0" bw="1" slack="0"/>
</pin_list>
<bind>
<StgValue><ssdm name=""/></StgValue>
</bind>
</comp>

<comp id="322" class="1001" name="const_322">
<pin_list>
<pin id="323" dir="1" index="0" bw="1" slack="0"/>
</pin_list>
<bind>
<StgValue><ssdm name=""/></StgValue>
</bind>
</comp>

<comp id="324" class="1001" name="const_324">
<pin_list>
<pin id="325" dir="1" index="0" bw="1" slack="0"/>
</pin_list>
<bind>
<StgValue><ssdm name=""/></StgValue>
</bind>
</comp>

<comp id="326" class="1001" name="const_326">
<pin_list>
<pin id="327" dir="1" index="0" bw="1" slack="0"/>
</pin_list>
<bind>
<StgValue><ssdm name=""/></StgValue>
</bind>
</comp>

<comp id="328" class="1001" name="const_328">
<pin_list>
<pin id="329" dir="1" index="0" bw="1" slack="0"/>
</pin_list>
<bind>
<StgValue><ssdm name=""/></StgValue>
</bind>
</comp>

<comp id="330" class="1001" name="const_330">
<pin_list>
<pin id="331" dir="1" index="0" bw="1" slack="0"/>
</pin_list>
<bind>
<StgValue><ssdm name=""/></StgValue>
</bind>
</comp>

<comp id="332" class="1001" name="const_332">
<pin_list>
<pin id="333" dir="1" index="0" bw="1" slack="0"/>
</pin_list>
<bind>
<StgValue><ssdm name=""/></StgValue>
</bind>
</comp>

<comp id="334" class="1001" name="const_334">
<pin_list>
<pin id="335" dir="1" index="0" bw="1" slack="0"/>
</pin_list>
<bind>
<StgValue><ssdm name=""/></StgValue>
</bind>
</comp>

<comp id="336" class="1001" name="const_336">
<pin_list>
<pin id="337" dir="1" index="0" bw="1" slack="0"/>
</pin_list>
<bind>
<StgValue><ssdm name=""/></StgValue>
</bind>
</comp>

<comp id="338" class="1001" name="const_338">
<pin_list>
<pin id="339" dir="1" index="0" bw="1" slack="0"/>
</pin_list>
<bind>
<StgValue><ssdm name=""/></StgValue>
</bind>
</comp>

<comp id="340" class="1001" name="const_340">
<pin_list>
<pin id="341" dir="1" index="0" bw="1" slack="0"/>
</pin_list>
<bind>
<StgValue><ssdm name=""/></StgValue>
</bind>
</comp>

<comp id="342" class="1001" name="const_342">
<pin_list>
<pin id="343" dir="1" index="0" bw="1" slack="0"/>
</pin_list>
<bind>
<StgValue><ssdm name=""/></StgValue>
</bind>
</comp>

<comp id="344" class="1001" name="const_344">
<pin_list>
<pin id="345" dir="1" index="0" bw="1" slack="2147483647"/>
</pin_list>
<bind>
<StgValue><ssdm name="_ssdm_op_SpecPipeline"/></StgValue>
</bind>
</comp>

<comp id="346" class="1001" name="const_346">
<pin_list>
<pin id="347" dir="1" index="0" bw="1" slack="2147483647"/>
</pin_list>
<bind>
<StgValue><ssdm name=""/></StgValue>
</bind>
</comp>

<comp id="348" class="1001" name="const_348">
<pin_list>
<pin id="349" dir="1" index="0" bw="1" slack="2147483647"/>
</pin_list>
<bind>
<StgValue><ssdm name=""/></StgValue>
</bind>
</comp>

<comp id="350" class="1001" name="const_350">
<pin_list>
<pin id="351" dir="1" index="0" bw="1" slack="2147483647"/>
</pin_list>
<bind>
<StgValue><ssdm name="empty_1"/></StgValue>
</bind>
</comp>

<comp id="352" class="1001" name="const_352">
<pin_list>
<pin id="353" dir="1" index="0" bw="1" slack="2147483647"/>
</pin_list>
<bind>
<StgValue><ssdm name="_ssdm_op_SpecResourceLimit"/></StgValue>
</bind>
</comp>

<comp id="354" class="1001" name="const_354">
<pin_list>
<pin id="355" dir="1" index="0" bw="1" slack="2147483647"/>
</pin_list>
<bind>
<StgValue><ssdm name=""/></StgValue>
</bind>
</comp>

<comp id="356" class="1001" name="const_356">
<pin_list>
<pin id="357" dir="1" index="0" bw="1" slack="2147483647"/>
</pin_list>
<bind>
<StgValue><ssdm name="empty_3"/></StgValue>
</bind>
</comp>

<comp id="358" class="1001" name="const_358">
<pin_list>
<pin id="359" dir="1" index="0" bw="1" slack="0"/>
</pin_list>
<bind>
<StgValue><ssdm name=""/></StgValue>
</bind>
</comp>

<comp id="360" class="1004" name="data_14_val15_read_read_fu_360">
<pin_list>
<pin id="361" dir="0" index="0" bw="16" slack="0"/>
<pin id="362" dir="0" index="1" bw="16" slack="0"/>
<pin id="363" dir="1" index="2" bw="16" slack="1"/>
</pin_list>
<bind>
<opcode="read(1150) " fcode="read"/>
<opset="data_14_val15_read/1 "/>
</bind>
</comp>

<comp id="366" class="1004" name="data_13_val14_read_read_fu_366">
<pin_list>
<pin id="367" dir="0" index="0" bw="16" slack="0"/>
<pin id="368" dir="0" index="1" bw="16" slack="0"/>
<pin id="369" dir="1" index="2" bw="16" slack="1"/>
</pin_list>
<bind>
<opcode="read(1150) " fcode="read"/>
<opset="data_13_val14_read/1 "/>
</bind>
</comp>

<comp id="372" class="1004" name="data_12_val13_read_read_fu_372">
<pin_list>
<pin id="373" dir="0" index="0" bw="16" slack="0"/>
<pin id="374" dir="0" index="1" bw="16" slack="0"/>
<pin id="375" dir="1" index="2" bw="16" slack="1"/>
</pin_list>
<bind>
<opcode="read(1150) " fcode="read"/>
<opset="data_12_val13_read/1 "/>
</bind>
</comp>

<comp id="378" class="1004" name="data_11_val12_read_read_fu_378">
<pin_list>
<pin id="379" dir="0" index="0" bw="16" slack="0"/>
<pin id="380" dir="0" index="1" bw="16" slack="0"/>
<pin id="381" dir="1" index="2" bw="16" slack="0"/>
</pin_list>
<bind>
<opcode="read(1150) " fcode="read"/>
<opset="data_11_val12_read/1 "/>
</bind>
</comp>

<comp id="384" class="1004" name="data_10_val11_read_read_fu_384">
<pin_list>
<pin id="385" dir="0" index="0" bw="16" slack="0"/>
<pin id="386" dir="0" index="1" bw="16" slack="0"/>
<pin id="387" dir="1" index="2" bw="16" slack="0"/>
</pin_list>
<bind>
<opcode="read(1150) " fcode="read"/>
<opset="data_10_val11_read/1 "/>
</bind>
</comp>

<comp id="390" class="1004" name="data_9_val10_read_read_fu_390">
<pin_list>
<pin id="391" dir="0" index="0" bw="16" slack="0"/>
<pin id="392" dir="0" index="1" bw="16" slack="0"/>
<pin id="393" dir="1" index="2" bw="16" slack="0"/>
</pin_list>
<bind>
<opcode="read(1150) " fcode="read"/>
<opset="data_9_val10_read/1 "/>
</bind>
</comp>

<comp id="396" class="1004" name="data_8_val9_read_read_fu_396">
<pin_list>
<pin id="397" dir="0" index="0" bw="16" slack="0"/>
<pin id="398" dir="0" index="1" bw="16" slack="0"/>
<pin id="399" dir="1" index="2" bw="16" slack="1"/>
</pin_list>
<bind>
<opcode="read(1150) " fcode="read"/>
<opset="data_8_val9_read/1 "/>
</bind>
</comp>

<comp id="402" class="1004" name="data_7_val8_read_read_fu_402">
<pin_list>
<pin id="403" dir="0" index="0" bw="16" slack="0"/>
<pin id="404" dir="0" index="1" bw="16" slack="0"/>
<pin id="405" dir="1" index="2" bw="16" slack="0"/>
</pin_list>
<bind>
<opcode="read(1150) " fcode="read"/>
<opset="data_7_val8_read/1 "/>
</bind>
</comp>

<comp id="408" class="1004" name="data_6_val7_read_read_fu_408">
<pin_list>
<pin id="409" dir="0" index="0" bw="16" slack="0"/>
<pin id="410" dir="0" index="1" bw="16" slack="0"/>
<pin id="411" dir="1" index="2" bw="16" slack="0"/>
</pin_list>
<bind>
<opcode="read(1150) " fcode="read"/>
<opset="data_6_val7_read/1 "/>
</bind>
</comp>

<comp id="414" class="1004" name="data_5_val6_read_read_fu_414">
<pin_list>
<pin id="415" dir="0" index="0" bw="16" slack="0"/>
<pin id="416" dir="0" index="1" bw="16" slack="0"/>
<pin id="417" dir="1" index="2" bw="16" slack="0"/>
</pin_list>
<bind>
<opcode="read(1150) " fcode="read"/>
<opset="data_5_val6_read/1 "/>
</bind>
</comp>

<comp id="420" class="1004" name="data_4_val5_read_read_fu_420">
<pin_list>
<pin id="421" dir="0" index="0" bw="16" slack="0"/>
<pin id="422" dir="0" index="1" bw="16" slack="0"/>
<pin id="423" dir="1" index="2" bw="16" slack="0"/>
</pin_list>
<bind>
<opcode="read(1150) " fcode="read"/>
<opset="data_4_val5_read/1 "/>
</bind>
</comp>

<comp id="426" class="1004" name="data_3_val4_read_read_fu_426">
<pin_list>
<pin id="427" dir="0" index="0" bw="16" slack="0"/>
<pin id="428" dir="0" index="1" bw="16" slack="0"/>
<pin id="429" dir="1" index="2" bw="16" slack="0"/>
</pin_list>
<bind>
<opcode="read(1150) " fcode="read"/>
<opset="data_3_val4_read/1 "/>
</bind>
</comp>

<comp id="432" class="1004" name="data_2_val3_read_read_fu_432">
<pin_list>
<pin id="433" dir="0" index="0" bw="16" slack="0"/>
<pin id="434" dir="0" index="1" bw="16" slack="0"/>
<pin id="435" dir="1" index="2" bw="16" slack="0"/>
</pin_list>
<bind>
<opcode="read(1150) " fcode="read"/>
<opset="data_2_val3_read/1 "/>
</bind>
</comp>

<comp id="438" class="1004" name="data_1_val2_read_read_fu_438">
<pin_list>
<pin id="439" dir="0" index="0" bw="16" slack="0"/>
<pin id="440" dir="0" index="1" bw="16" slack="0"/>
<pin id="441" dir="1" index="2" bw="16" slack="0"/>
</pin_list>
<bind>
<opcode="read(1150) " fcode="read"/>
<opset="data_1_val2_read/1 "/>
</bind>
</comp>

<comp id="444" class="1004" name="data_0_val1_read_read_fu_444">
<pin_list>
<pin id="445" dir="0" index="0" bw="16" slack="0"/>
<pin id="446" dir="0" index="1" bw="16" slack="0"/>
<pin id="447" dir="1" index="2" bw="16" slack="0"/>
</pin_list>
<bind>
<opcode="read(1150) " fcode="read"/>
<opset="data_0_val1_read/1 "/>
</bind>
</comp>

<comp id="450" class="1004" name="mul_ln73_94_fu_450">
<pin_list>
<pin id="34332" dir="0" index="0" bw="16" slack="0"/>
<pin id="34333" dir="0" index="1" bw="8" slack="0"/>
<pin id="34334" dir="1" index="2" bw="23" slack="1"/>
</pin_list>
<bind>
<opcode="mul(12) " fcode="mul"/>
<opset="mul_ln73_94/1 "/>
</bind>
</comp>

<comp id="451" class="1004" name="mul_ln73_101_fu_451">
<pin_list>
<pin id="34352" dir="0" index="0" bw="16" slack="0"/>
<pin id="34353" dir="0" index="1" bw="10" slack="0"/>
<pin id="34354" dir="1" index="2" bw="26" slack="1"/>
</pin_list>
<bind>
<opcode="mul(12) " fcode="mul"/>
<opset="mul_ln73_101/1 "/>
</bind>
</comp>

<comp id="453" class="1004" name="mul_ln73_159_fu_453">
<pin_list>
<pin id="60068" dir="0" index="0" bw="16" slack="0"/>
<pin id="60069" dir="0" index="1" bw="8" slack="0"/>
<pin id="60070" dir="1" index="2" bw="24" slack="1"/>
</pin_list>
<bind>
<opcode="mul(12) " fcode="mul"/>
<opset="mul_ln73_159/2 "/>
</bind>
</comp>

<comp id="454" class="1004" name="mul_ln58_fu_454">
<pin_list>
<pin id="61604" dir="0" index="0" bw="16" slack="1"/>
<pin id="61605" dir="0" index="1" bw="11" slack="0"/>
<pin id="61606" dir="1" index="2" bw="26" slack="1"/>
</pin_list>
<bind>
<opcode="mul(12) " fcode="mul"/>
<opset="mul_ln58/3 "/>
</bind>
</comp>

<comp id="455" class="1004" name="mul_ln73_50_fu_455">
<pin_list>
<pin id="34232" dir="0" index="0" bw="16" slack="0"/>
<pin id="34233" dir="0" index="1" bw="10" slack="0"/>
<pin id="34234" dir="1" index="2" bw="26" slack="1"/>
</pin_list>
<bind>
<opcode="mul(12) " fcode="mul"/>
<opset="mul_ln73_50/1 "/>
</bind>
</comp>

<comp id="456" class="1004" name="mul_ln73_147_fu_456">
<pin_list>
<pin id="61580" dir="0" index="0" bw="16" slack="0"/>
<pin id="61581" dir="0" index="1" bw="11" slack="0"/>
<pin id="61582" dir="1" index="2" bw="27" slack="1"/>
</pin_list>
<bind>
<opcode="mul(12) " fcode="mul"/>
<opset="mul_ln73_147/3 "/>
</bind>
</comp>

<comp id="457" class="1004" name="mul_ln73_fu_457">
<pin_list>
<pin id="59840" dir="0" index="0" bw="16" slack="1"/>
<pin id="59841" dir="0" index="1" bw="10" slack="0"/>
<pin id="59842" dir="1" index="2" bw="25" slack="1"/>
</pin_list>
<bind>
<opcode="mul(12) " fcode="mul"/>
<opset="mul_ln73/2 "/>
</bind>
</comp>

<comp id="458" class="1004" name="mul_ln73_51_fu_458">
<pin_list>
<pin id="34236" dir="0" index="0" bw="16" slack="0"/>
<pin id="34237" dir="0" index="1" bw="9" slack="0"/>
<pin id="34238" dir="1" index="2" bw="25" slack="1"/>
</pin_list>
<bind>
<opcode="mul(12) " fcode="mul"/>
<opset="mul_ln73_51/1 "/>
</bind>
</comp>

<comp id="459" class="1004" name="mul_ln73_118_fu_459">
<pin_list>
<pin id="59960" dir="0" index="0" bw="16" slack="0"/>
<pin id="59961" dir="0" index="1" bw="10" slack="0"/>
<pin id="59962" dir="1" index="2" bw="26" slack="1"/>
</pin_list>
<bind>
<opcode="mul(12) " fcode="mul"/>
<opset="mul_ln73_118/2 "/>
</bind>
</comp>

<comp id="460" class="1004" name="mul_ln73_109_fu_460">
<pin_list>
<pin id="34380" dir="0" index="0" bw="16" slack="0"/>
<pin id="34381" dir="0" index="1" bw="10" slack="0"/>
<pin id="34382" dir="1" index="2" bw="26" slack="1"/>
</pin_list>
<bind>
<opcode="mul(12) " fcode="mul"/>
<opset="mul_ln73_109/1 "/>
</bind>
</comp>

<comp id="461" class="1004" name="mul_ln73_144_fu_461">
<pin_list>
<pin id="60020" dir="0" index="0" bw="16" slack="0"/>
<pin id="60021" dir="0" index="1" bw="9" slack="0"/>
<pin id="60022" dir="1" index="2" bw="25" slack="1"/>
</pin_list>
<bind>
<opcode="mul(12) " fcode="mul"/>
<opset="mul_ln73_144/2 "/>
</bind>
</comp>

<comp id="462" class="1004" name="mul_ln73_74_fu_462">
<pin_list>
<pin id="34288" dir="0" index="0" bw="16" slack="0"/>
<pin id="34289" dir="0" index="1" bw="8" slack="0"/>
<pin id="34290" dir="1" index="2" bw="24" slack="1"/>
</pin_list>
<bind>
<opcode="mul(12) " fcode="mul"/>
<opset="mul_ln73_74/1 "/>
</bind>
</comp>

<comp id="463" class="1004" name="mul_ln73_104_fu_463">
<pin_list>
<pin id="34364" dir="0" index="0" bw="16" slack="0"/>
<pin id="34365" dir="0" index="1" bw="7" slack="0"/>
<pin id="34366" dir="1" index="2" bw="23" slack="1"/>
</pin_list>
<bind>
<opcode="mul(12) " fcode="mul"/>
<opset="mul_ln73_104/1 "/>
</bind>
</comp>

<comp id="464" class="1004" name="mul_ln73_77_fu_464">
<pin_list>
<pin id="59896" dir="0" index="0" bw="16" slack="0"/>
<pin id="59897" dir="0" index="1" bw="8" slack="0"/>
<pin id="59898" dir="1" index="2" bw="24" slack="1"/>
</pin_list>
<bind>
<opcode="mul(12) " fcode="mul"/>
<opset="mul_ln73_77/2 "/>
</bind>
</comp>

<comp id="467" class="1004" name="mul_ln73_116_fu_467">
<pin_list>
<pin id="59952" dir="0" index="0" bw="16" slack="0"/>
<pin id="59953" dir="0" index="1" bw="10" slack="0"/>
<pin id="59954" dir="1" index="2" bw="26" slack="1"/>
</pin_list>
<bind>
<opcode="mul(12) " fcode="mul"/>
<opset="mul_ln73_116/2 "/>
</bind>
</comp>

<comp id="468" class="1004" name="mul_ln73_63_fu_468">
<pin_list>
<pin id="34268" dir="0" index="0" bw="16" slack="0"/>
<pin id="34269" dir="0" index="1" bw="9" slack="0"/>
<pin id="34270" dir="1" index="2" bw="25" slack="1"/>
</pin_list>
<bind>
<opcode="mul(12) " fcode="mul"/>
<opset="mul_ln73_63/1 "/>
</bind>
</comp>

<comp id="469" class="1004" name="mul_ln73_171_fu_469">
<pin_list>
<pin id="60100" dir="0" index="0" bw="16" slack="0"/>
<pin id="60101" dir="0" index="1" bw="9" slack="0"/>
<pin id="60102" dir="1" index="2" bw="25" slack="1"/>
</pin_list>
<bind>
<opcode="mul(12) " fcode="mul"/>
<opset="mul_ln73_171/2 "/>
</bind>
</comp>

<comp id="470" class="1004" name="mul_ln73_43_fu_470">
<pin_list>
<pin id="34208" dir="0" index="0" bw="16" slack="0"/>
<pin id="34209" dir="0" index="1" bw="10" slack="0"/>
<pin id="34210" dir="1" index="2" bw="26" slack="1"/>
</pin_list>
<bind>
<opcode="mul(12) " fcode="mul"/>
<opset="mul_ln73_43/1 "/>
</bind>
</comp>

<comp id="471" class="1004" name="mul_ln73_49_fu_471">
<pin_list>
<pin id="34228" dir="0" index="0" bw="16" slack="0"/>
<pin id="34229" dir="0" index="1" bw="6" slack="0"/>
<pin id="34230" dir="1" index="2" bw="21" slack="1"/>
</pin_list>
<bind>
<opcode="mul(12) " fcode="mul"/>
<opset="mul_ln73_49/1 "/>
</bind>
</comp>

<comp id="472" class="1004" name="mul_ln73_68_fu_472">
<pin_list>
<pin id="59876" dir="0" index="0" bw="16" slack="1"/>
<pin id="59877" dir="0" index="1" bw="10" slack="0"/>
<pin id="59878" dir="1" index="2" bw="26" slack="1"/>
</pin_list>
<bind>
<opcode="mul(12) " fcode="mul"/>
<opset="mul_ln73_68/2 "/>
</bind>
</comp>

<comp id="473" class="1004" name="mul_ln73_129_fu_473">
<pin_list>
<pin id="59996" dir="0" index="0" bw="16" slack="1"/>
<pin id="59997" dir="0" index="1" bw="8" slack="0"/>
<pin id="59998" dir="1" index="2" bw="24" slack="1"/>
</pin_list>
<bind>
<opcode="mul(12) " fcode="mul"/>
<opset="mul_ln73_129/2 "/>
</bind>
</comp>

<comp id="474" class="1004" name="mul_ln73_105_fu_474">
<pin_list>
<pin id="59928" dir="0" index="0" bw="16" slack="1"/>
<pin id="59929" dir="0" index="1" bw="10" slack="0"/>
<pin id="59930" dir="1" index="2" bw="26" slack="1"/>
</pin_list>
<bind>
<opcode="mul(12) " fcode="mul"/>
<opset="mul_ln73_105/2 "/>
</bind>
</comp>

<comp id="475" class="1004" name="mul_ln73_112_fu_475">
<pin_list>
<pin id="59936" dir="0" index="0" bw="16" slack="0"/>
<pin id="59937" dir="0" index="1" bw="9" slack="0"/>
<pin id="59938" dir="1" index="2" bw="25" slack="1"/>
</pin_list>
<bind>
<opcode="mul(12) " fcode="mul"/>
<opset="mul_ln73_112/2 "/>
</bind>
</comp>

<comp id="476" class="1004" name="mul_ln73_161_fu_476">
<pin_list>
<pin id="60076" dir="0" index="0" bw="16" slack="0"/>
<pin id="60077" dir="0" index="1" bw="9" slack="0"/>
<pin id="60078" dir="1" index="2" bw="25" slack="1"/>
</pin_list>
<bind>
<opcode="mul(12) " fcode="mul"/>
<opset="mul_ln73_161/2 "/>
</bind>
</comp>

<comp id="477" class="1004" name="mul_ln73_155_fu_477">
<pin_list>
<pin id="61584" dir="0" index="0" bw="16" slack="0"/>
<pin id="61585" dir="0" index="1" bw="11" slack="0"/>
<pin id="61586" dir="1" index="2" bw="27" slack="1"/>
</pin_list>
<bind>
<opcode="mul(12) " fcode="mul"/>
<opset="mul_ln73_155/3 "/>
</bind>
</comp>

<comp id="478" class="1004" name="mul_ln73_139_fu_478">
<pin_list>
<pin id="61568" dir="0" index="0" bw="16" slack="0"/>
<pin id="61569" dir="0" index="1" bw="10" slack="0"/>
<pin id="61570" dir="1" index="2" bw="26" slack="1"/>
</pin_list>
<bind>
<opcode="mul(12) " fcode="mul"/>
<opset="mul_ln73_139/3 "/>
</bind>
</comp>

<comp id="479" class="1004" name="mul_ln73_82_fu_479">
<pin_list>
<pin id="59908" dir="0" index="0" bw="16" slack="1"/>
<pin id="59909" dir="0" index="1" bw="10" slack="0"/>
<pin id="59910" dir="1" index="2" bw="26" slack="1"/>
</pin_list>
<bind>
<opcode="mul(12) " fcode="mul"/>
<opset="mul_ln73_82/2 "/>
</bind>
</comp>

<comp id="480" class="1004" name="mul_ln73_131_fu_480">
<pin_list>
<pin id="34400" dir="0" index="0" bw="16" slack="0"/>
<pin id="34401" dir="0" index="1" bw="7" slack="0"/>
<pin id="34402" dir="1" index="2" bw="23" slack="1"/>
</pin_list>
<bind>
<opcode="mul(12) " fcode="mul"/>
<opset="mul_ln73_131/1 "/>
</bind>
</comp>

<comp id="481" class="1004" name="mul_ln73_46_fu_481">
<pin_list>
<pin id="34220" dir="0" index="0" bw="16" slack="0"/>
<pin id="34221" dir="0" index="1" bw="10" slack="0"/>
<pin id="34222" dir="1" index="2" bw="26" slack="1"/>
</pin_list>
<bind>
<opcode="mul(12) " fcode="mul"/>
<opset="mul_ln73_46/1 "/>
</bind>
</comp>

<comp id="482" class="1004" name="mul_ln73_85_fu_482">
<pin_list>
<pin id="59912" dir="0" index="0" bw="16" slack="1"/>
<pin id="59913" dir="0" index="1" bw="10" slack="0"/>
<pin id="59914" dir="1" index="2" bw="26" slack="1"/>
</pin_list>
<bind>
<opcode="mul(12) " fcode="mul"/>
<opset="mul_ln73_85/2 "/>
</bind>
</comp>

<comp id="483" class="1004" name="mul_ln73_132_fu_483">
<pin_list>
<pin id="60000" dir="0" index="0" bw="16" slack="1"/>
<pin id="60001" dir="0" index="1" bw="9" slack="0"/>
<pin id="60002" dir="1" index="2" bw="25" slack="1"/>
</pin_list>
<bind>
<opcode="mul(12) " fcode="mul"/>
<opset="mul_ln73_132/2 "/>
</bind>
</comp>

<comp id="484" class="1004" name="mul_ln73_100_fu_484">
<pin_list>
<pin id="34348" dir="0" index="0" bw="16" slack="0"/>
<pin id="34349" dir="0" index="1" bw="8" slack="0"/>
<pin id="34350" dir="1" index="2" bw="24" slack="1"/>
</pin_list>
<bind>
<opcode="mul(12) " fcode="mul"/>
<opset="mul_ln73_100/1 "/>
</bind>
</comp>

<comp id="485" class="1004" name="mul_ln73_142_fu_485">
<pin_list>
<pin id="34416" dir="0" index="0" bw="16" slack="0"/>
<pin id="34417" dir="0" index="1" bw="9" slack="0"/>
<pin id="34418" dir="1" index="2" bw="24" slack="1"/>
</pin_list>
<bind>
<opcode="mul(12) " fcode="mul"/>
<opset="mul_ln73_142/1 "/>
</bind>
</comp>

<comp id="486" class="1004" name="mul_ln73_128_fu_486">
<pin_list>
<pin id="59992" dir="0" index="0" bw="16" slack="0"/>
<pin id="59993" dir="0" index="1" bw="10" slack="0"/>
<pin id="59994" dir="1" index="2" bw="26" slack="1"/>
</pin_list>
<bind>
<opcode="mul(12) " fcode="mul"/>
<opset="mul_ln73_128/2 "/>
</bind>
</comp>

<comp id="487" class="1004" name="mul_ln73_91_fu_487">
<pin_list>
<pin id="59920" dir="0" index="0" bw="16" slack="1"/>
<pin id="59921" dir="0" index="1" bw="10" slack="0"/>
<pin id="59922" dir="1" index="2" bw="26" slack="1"/>
</pin_list>
<bind>
<opcode="mul(12) " fcode="mul"/>
<opset="mul_ln73_91/2 "/>
</bind>
</comp>

<comp id="488" class="1004" name="mul_ln73_152_fu_488">
<pin_list>
<pin id="60044" dir="0" index="0" bw="16" slack="0"/>
<pin id="60045" dir="0" index="1" bw="9" slack="0"/>
<pin id="60046" dir="1" index="2" bw="25" slack="1"/>
</pin_list>
<bind>
<opcode="mul(12) " fcode="mul"/>
<opset="mul_ln73_152/2 "/>
</bind>
</comp>

<comp id="489" class="1004" name="mul_ln73_98_fu_489">
<pin_list>
<pin id="61564" dir="0" index="0" bw="16" slack="2"/>
<pin id="61565" dir="0" index="1" bw="10" slack="0"/>
<pin id="61566" dir="1" index="2" bw="26" slack="1"/>
</pin_list>
<bind>
<opcode="mul(12) " fcode="mul"/>
<opset="mul_ln73_98/3 "/>
</bind>
</comp>

<comp id="491" class="1004" name="mul_ln73_121_fu_491">
<pin_list>
<pin id="34388" dir="0" index="0" bw="16" slack="0"/>
<pin id="34389" dir="0" index="1" bw="7" slack="0"/>
<pin id="34390" dir="1" index="2" bw="23" slack="1"/>
</pin_list>
<bind>
<opcode="mul(12) " fcode="mul"/>
<opset="mul_ln73_121/1 "/>
</bind>
</comp>

<comp id="492" class="1004" name="mul_ln73_93_fu_492">
<pin_list>
<pin id="34328" dir="0" index="0" bw="16" slack="0"/>
<pin id="34329" dir="0" index="1" bw="9" slack="0"/>
<pin id="34330" dir="1" index="2" bw="25" slack="1"/>
</pin_list>
<bind>
<opcode="mul(12) " fcode="mul"/>
<opset="mul_ln73_93/1 "/>
</bind>
</comp>

<comp id="493" class="1004" name="mul_ln73_122_fu_493">
<pin_list>
<pin id="59972" dir="0" index="0" bw="16" slack="0"/>
<pin id="59973" dir="0" index="1" bw="10" slack="0"/>
<pin id="59974" dir="1" index="2" bw="26" slack="1"/>
</pin_list>
<bind>
<opcode="mul(12) " fcode="mul"/>
<opset="mul_ln73_122/2 "/>
</bind>
</comp>

<comp id="494" class="1004" name="mul_ln73_135_fu_494">
<pin_list>
<pin id="34412" dir="0" index="0" bw="16" slack="0"/>
<pin id="34413" dir="0" index="1" bw="8" slack="0"/>
<pin id="34414" dir="1" index="2" bw="24" slack="1"/>
</pin_list>
<bind>
<opcode="mul(12) " fcode="mul"/>
<opset="mul_ln73_135/1 "/>
</bind>
</comp>

<comp id="495" class="1004" name="mul_ln73_154_fu_495">
<pin_list>
<pin id="60052" dir="0" index="0" bw="16" slack="0"/>
<pin id="60053" dir="0" index="1" bw="9" slack="0"/>
<pin id="60054" dir="1" index="2" bw="25" slack="1"/>
</pin_list>
<bind>
<opcode="mul(12) " fcode="mul"/>
<opset="mul_ln73_154/2 "/>
</bind>
</comp>

<comp id="496" class="1004" name="mul_ln73_97_fu_496">
<pin_list>
<pin id="34340" dir="0" index="0" bw="16" slack="0"/>
<pin id="34341" dir="0" index="1" bw="8" slack="0"/>
<pin id="34342" dir="1" index="2" bw="24" slack="1"/>
</pin_list>
<bind>
<opcode="mul(12) " fcode="mul"/>
<opset="mul_ln73_97/1 "/>
</bind>
</comp>

<comp id="497" class="1004" name="mul_ln73_146_fu_497">
<pin_list>
<pin id="60024" dir="0" index="0" bw="16" slack="0"/>
<pin id="60025" dir="0" index="1" bw="9" slack="0"/>
<pin id="60026" dir="1" index="2" bw="25" slack="1"/>
</pin_list>
<bind>
<opcode="mul(12) " fcode="mul"/>
<opset="mul_ln73_146/2 "/>
</bind>
</comp>

<comp id="498" class="1004" name="mul_ln73_65_fu_498">
<pin_list>
<pin id="59864" dir="0" index="0" bw="16" slack="1"/>
<pin id="59865" dir="0" index="1" bw="10" slack="0"/>
<pin id="59866" dir="1" index="2" bw="26" slack="1"/>
</pin_list>
<bind>
<opcode="mul(12) " fcode="mul"/>
<opset="mul_ln73_65/2 "/>
</bind>
</comp>

<comp id="499" class="1004" name="mul_ln73_88_fu_499">
<pin_list>
<pin id="34316" dir="0" index="0" bw="16" slack="0"/>
<pin id="34317" dir="0" index="1" bw="8" slack="0"/>
<pin id="34318" dir="1" index="2" bw="24" slack="1"/>
</pin_list>
<bind>
<opcode="mul(12) " fcode="mul"/>
<opset="mul_ln73_88/1 "/>
</bind>
</comp>

<comp id="500" class="1004" name="mul_ln73_172_fu_500">
<pin_list>
<pin id="60104" dir="0" index="0" bw="16" slack="0"/>
<pin id="60105" dir="0" index="1" bw="7" slack="0"/>
<pin id="60106" dir="1" index="2" bw="23" slack="1"/>
</pin_list>
<bind>
<opcode="mul(12) " fcode="mul"/>
<opset="mul_ln73_172/2 "/>
</bind>
</comp>

<comp id="501" class="1004" name="mul_ln73_59_fu_501">
<pin_list>
<pin id="34256" dir="0" index="0" bw="16" slack="0"/>
<pin id="34257" dir="0" index="1" bw="9" slack="0"/>
<pin id="34258" dir="1" index="2" bw="25" slack="1"/>
</pin_list>
<bind>
<opcode="mul(12) " fcode="mul"/>
<opset="mul_ln73_59/1 "/>
</bind>
</comp>

<comp id="502" class="1004" name="mul_ln73_141_fu_502">
<pin_list>
<pin id="60016" dir="0" index="0" bw="16" slack="0"/>
<pin id="60017" dir="0" index="1" bw="9" slack="0"/>
<pin id="60018" dir="1" index="2" bw="25" slack="1"/>
</pin_list>
<bind>
<opcode="mul(12) " fcode="mul"/>
<opset="mul_ln73_141/2 "/>
</bind>
</comp>

<comp id="503" class="1004" name="mul_ln73_114_fu_503">
<pin_list>
<pin id="59944" dir="0" index="0" bw="16" slack="0"/>
<pin id="59945" dir="0" index="1" bw="10" slack="0"/>
<pin id="59946" dir="1" index="2" bw="26" slack="1"/>
</pin_list>
<bind>
<opcode="mul(12) " fcode="mul"/>
<opset="mul_ln73_114/2 "/>
</bind>
</comp>

<comp id="504" class="1004" name="mul_ln73_150_fu_504">
<pin_list>
<pin id="60036" dir="0" index="0" bw="16" slack="0"/>
<pin id="60037" dir="0" index="1" bw="8" slack="0"/>
<pin id="60038" dir="1" index="2" bw="24" slack="1"/>
</pin_list>
<bind>
<opcode="mul(12) " fcode="mul"/>
<opset="mul_ln73_150/2 "/>
</bind>
</comp>

<comp id="505" class="1004" name="mul_ln73_75_fu_505">
<pin_list>
<pin id="59888" dir="0" index="0" bw="16" slack="1"/>
<pin id="59889" dir="0" index="1" bw="10" slack="0"/>
<pin id="59890" dir="1" index="2" bw="26" slack="1"/>
</pin_list>
<bind>
<opcode="mul(12) " fcode="mul"/>
<opset="mul_ln73_75/2 "/>
</bind>
</comp>

<comp id="506" class="1004" name="mul_ln73_78_fu_506">
<pin_list>
<pin id="34292" dir="0" index="0" bw="16" slack="0"/>
<pin id="34293" dir="0" index="1" bw="10" slack="0"/>
<pin id="34294" dir="1" index="2" bw="26" slack="1"/>
</pin_list>
<bind>
<opcode="mul(12) " fcode="mul"/>
<opset="mul_ln73_78/1 "/>
</bind>
</comp>

<comp id="507" class="1004" name="mul_ln73_58_fu_507">
<pin_list>
<pin id="59856" dir="0" index="0" bw="16" slack="1"/>
<pin id="59857" dir="0" index="1" bw="10" slack="0"/>
<pin id="59858" dir="1" index="2" bw="25" slack="1"/>
</pin_list>
<bind>
<opcode="mul(12) " fcode="mul"/>
<opset="mul_ln73_58/2 "/>
</bind>
</comp>

<comp id="508" class="1004" name="mul_ln73_143_fu_508">
<pin_list>
<pin id="61576" dir="0" index="0" bw="16" slack="0"/>
<pin id="61577" dir="0" index="1" bw="10" slack="0"/>
<pin id="61578" dir="1" index="2" bw="26" slack="1"/>
</pin_list>
<bind>
<opcode="mul(12) " fcode="mul"/>
<opset="mul_ln73_143/3 "/>
</bind>
</comp>

<comp id="509" class="1004" name="mul_ln73_83_fu_509">
<pin_list>
<pin id="34300" dir="0" index="0" bw="16" slack="0"/>
<pin id="34301" dir="0" index="1" bw="10" slack="0"/>
<pin id="34302" dir="1" index="2" bw="26" slack="1"/>
</pin_list>
<bind>
<opcode="mul(12) " fcode="mul"/>
<opset="mul_ln73_83/1 "/>
</bind>
</comp>

<comp id="510" class="1004" name="mul_ln73_158_fu_510">
<pin_list>
<pin id="60064" dir="0" index="0" bw="16" slack="0"/>
<pin id="60065" dir="0" index="1" bw="10" slack="0"/>
<pin id="60066" dir="1" index="2" bw="26" slack="1"/>
</pin_list>
<bind>
<opcode="mul(12) " fcode="mul"/>
<opset="mul_ln73_158/2 "/>
</bind>
</comp>

<comp id="511" class="1004" name="mul_ln73_165_fu_511">
<pin_list>
<pin id="61592" dir="0" index="0" bw="16" slack="1"/>
<pin id="61593" dir="0" index="1" bw="10" slack="0"/>
<pin id="61594" dir="1" index="2" bw="26" slack="1"/>
</pin_list>
<bind>
<opcode="mul(12) " fcode="mul"/>
<opset="mul_ln73_165/3 "/>
</bind>
</comp>

<comp id="512" class="1004" name="mul_ln73_110_fu_512">
<pin_list>
<pin id="34384" dir="0" index="0" bw="16" slack="0"/>
<pin id="34385" dir="0" index="1" bw="7" slack="0"/>
<pin id="34386" dir="1" index="2" bw="23" slack="1"/>
</pin_list>
<bind>
<opcode="mul(12) " fcode="mul"/>
<opset="mul_ln73_110/1 "/>
</bind>
</comp>

<comp id="513" class="1004" name="mul_ln73_127_fu_513">
<pin_list>
<pin id="59988" dir="0" index="0" bw="16" slack="0"/>
<pin id="59989" dir="0" index="1" bw="9" slack="0"/>
<pin id="59990" dir="1" index="2" bw="25" slack="1"/>
</pin_list>
<bind>
<opcode="mul(12) " fcode="mul"/>
<opset="mul_ln73_127/2 "/>
</bind>
</comp>

<comp id="514" class="1004" name="mul_ln73_138_fu_514">
<pin_list>
<pin id="60012" dir="0" index="0" bw="16" slack="1"/>
<pin id="60013" dir="0" index="1" bw="9" slack="0"/>
<pin id="60014" dir="1" index="2" bw="25" slack="1"/>
</pin_list>
<bind>
<opcode="mul(12) " fcode="mul"/>
<opset="mul_ln73_138/2 "/>
</bind>
</comp>

<comp id="515" class="1004" name="mul_ln73_107_fu_515">
<pin_list>
<pin id="34372" dir="0" index="0" bw="16" slack="0"/>
<pin id="34373" dir="0" index="1" bw="8" slack="0"/>
<pin id="34374" dir="1" index="2" bw="24" slack="1"/>
</pin_list>
<bind>
<opcode="mul(12) " fcode="mul"/>
<opset="mul_ln73_107/1 "/>
</bind>
</comp>

<comp id="516" class="1004" name="mul_ln73_151_fu_516">
<pin_list>
<pin id="60040" dir="0" index="0" bw="16" slack="0"/>
<pin id="60041" dir="0" index="1" bw="10" slack="0"/>
<pin id="60042" dir="1" index="2" bw="26" slack="1"/>
</pin_list>
<bind>
<opcode="mul(12) " fcode="mul"/>
<opset="mul_ln73_151/2 "/>
</bind>
</comp>

<comp id="517" class="1004" name="mul_ln73_72_fu_517">
<pin_list>
<pin id="34280" dir="0" index="0" bw="16" slack="0"/>
<pin id="34281" dir="0" index="1" bw="7" slack="0"/>
<pin id="34282" dir="1" index="2" bw="23" slack="1"/>
</pin_list>
<bind>
<opcode="mul(12) " fcode="mul"/>
<opset="mul_ln73_72/1 "/>
</bind>
</comp>

<comp id="518" class="1004" name="mul_ln73_149_fu_518">
<pin_list>
<pin id="60032" dir="0" index="0" bw="16" slack="0"/>
<pin id="60033" dir="0" index="1" bw="9" slack="0"/>
<pin id="60034" dir="1" index="2" bw="25" slack="1"/>
</pin_list>
<bind>
<opcode="mul(12) " fcode="mul"/>
<opset="mul_ln73_149/2 "/>
</bind>
</comp>

<comp id="519" class="1004" name="mul_ln73_76_fu_519">
<pin_list>
<pin id="59892" dir="0" index="0" bw="16" slack="1"/>
<pin id="59893" dir="0" index="1" bw="10" slack="0"/>
<pin id="59894" dir="1" index="2" bw="26" slack="1"/>
</pin_list>
<bind>
<opcode="mul(12) " fcode="mul"/>
<opset="mul_ln73_76/2 "/>
</bind>
</comp>

<comp id="520" class="1004" name="mul_ln73_164_fu_520">
<pin_list>
<pin id="61588" dir="0" index="0" bw="16" slack="0"/>
<pin id="61589" dir="0" index="1" bw="6" slack="0"/>
<pin id="61590" dir="1" index="2" bw="22" slack="1"/>
</pin_list>
<bind>
<opcode="mul(12) " fcode="mul"/>
<opset="mul_ln73_164/3 "/>
</bind>
</comp>

<comp id="523" class="1004" name="mul_ln73_117_fu_523">
<pin_list>
<pin id="59956" dir="0" index="0" bw="16" slack="0"/>
<pin id="59957" dir="0" index="1" bw="9" slack="0"/>
<pin id="59958" dir="1" index="2" bw="25" slack="1"/>
</pin_list>
<bind>
<opcode="mul(12) " fcode="mul"/>
<opset="mul_ln73_117/2 "/>
</bind>
</comp>

<comp id="524" class="1004" name="mul_ln73_89_fu_524">
<pin_list>
<pin id="59916" dir="0" index="0" bw="16" slack="1"/>
<pin id="59917" dir="0" index="1" bw="10" slack="0"/>
<pin id="59918" dir="1" index="2" bw="26" slack="1"/>
</pin_list>
<bind>
<opcode="mul(12) " fcode="mul"/>
<opset="mul_ln73_89/2 "/>
</bind>
</comp>

<comp id="526" class="1004" name="mul_ln73_103_fu_526">
<pin_list>
<pin id="34360" dir="0" index="0" bw="16" slack="0"/>
<pin id="34361" dir="0" index="1" bw="9" slack="0"/>
<pin id="34362" dir="1" index="2" bw="25" slack="1"/>
</pin_list>
<bind>
<opcode="mul(12) " fcode="mul"/>
<opset="mul_ln73_103/1 "/>
</bind>
</comp>

<comp id="528" class="1004" name="mul_ln73_140_fu_528">
<pin_list>
<pin id="61572" dir="0" index="0" bw="16" slack="0"/>
<pin id="61573" dir="0" index="1" bw="10" slack="0"/>
<pin id="61574" dir="1" index="2" bw="26" slack="1"/>
</pin_list>
<bind>
<opcode="mul(12) " fcode="mul"/>
<opset="mul_ln73_140/3 "/>
</bind>
</comp>

<comp id="529" class="1004" name="mul_ln73_156_fu_529">
<pin_list>
<pin id="60056" dir="0" index="0" bw="16" slack="0"/>
<pin id="60057" dir="0" index="1" bw="9" slack="0"/>
<pin id="60058" dir="1" index="2" bw="25" slack="1"/>
</pin_list>
<bind>
<opcode="mul(12) " fcode="mul"/>
<opset="mul_ln73_156/2 "/>
</bind>
</comp>

<comp id="531" class="1004" name="mul_ln73_79_fu_531">
<pin_list>
<pin id="59900" dir="0" index="0" bw="16" slack="0"/>
<pin id="59901" dir="0" index="1" bw="9" slack="0"/>
<pin id="59902" dir="1" index="2" bw="25" slack="1"/>
</pin_list>
<bind>
<opcode="mul(12) " fcode="mul"/>
<opset="mul_ln73_79/2 "/>
</bind>
</comp>

<comp id="532" class="1004" name="mul_ln73_108_fu_532">
<pin_list>
<pin id="34376" dir="0" index="0" bw="16" slack="0"/>
<pin id="34377" dir="0" index="1" bw="8" slack="0"/>
<pin id="34378" dir="1" index="2" bw="24" slack="1"/>
</pin_list>
<bind>
<opcode="mul(12) " fcode="mul"/>
<opset="mul_ln73_108/1 "/>
</bind>
</comp>

<comp id="533" class="1004" name="mul_ln73_84_fu_533">
<pin_list>
<pin id="34304" dir="0" index="0" bw="16" slack="0"/>
<pin id="34305" dir="0" index="1" bw="10" slack="0"/>
<pin id="34306" dir="1" index="2" bw="26" slack="1"/>
</pin_list>
<bind>
<opcode="mul(12) " fcode="mul"/>
<opset="mul_ln73_84/1 "/>
</bind>
</comp>

<comp id="534" class="1004" name="mul_ln73_55_fu_534">
<pin_list>
<pin id="34252" dir="0" index="0" bw="16" slack="0"/>
<pin id="34253" dir="0" index="1" bw="10" slack="0"/>
<pin id="34254" dir="1" index="2" bw="26" slack="1"/>
</pin_list>
<bind>
<opcode="mul(12) " fcode="mul"/>
<opset="mul_ln73_55/1 "/>
</bind>
</comp>

<comp id="535" class="1004" name="mul_ln73_53_fu_535">
<pin_list>
<pin id="34244" dir="0" index="0" bw="16" slack="0"/>
<pin id="34245" dir="0" index="1" bw="9" slack="0"/>
<pin id="34246" dir="1" index="2" bw="25" slack="1"/>
</pin_list>
<bind>
<opcode="mul(12) " fcode="mul"/>
<opset="mul_ln73_53/1 "/>
</bind>
</comp>

<comp id="536" class="1004" name="mul_ln73_157_fu_536">
<pin_list>
<pin id="60060" dir="0" index="0" bw="16" slack="0"/>
<pin id="60061" dir="0" index="1" bw="10" slack="0"/>
<pin id="60062" dir="1" index="2" bw="26" slack="1"/>
</pin_list>
<bind>
<opcode="mul(12) " fcode="mul"/>
<opset="mul_ln73_157/2 "/>
</bind>
</comp>

<comp id="537" class="1004" name="mul_ln73_170_fu_537">
<pin_list>
<pin id="61600" dir="0" index="0" bw="16" slack="0"/>
<pin id="61601" dir="0" index="1" bw="6" slack="0"/>
<pin id="61602" dir="1" index="2" bw="22" slack="1"/>
</pin_list>
<bind>
<opcode="mul(12) " fcode="mul"/>
<opset="mul_ln73_170/3 "/>
</bind>
</comp>

<comp id="538" class="1004" name="mul_ln73_166_fu_538">
<pin_list>
<pin id="60088" dir="0" index="0" bw="16" slack="0"/>
<pin id="60089" dir="0" index="1" bw="10" slack="0"/>
<pin id="60090" dir="1" index="2" bw="26" slack="1"/>
</pin_list>
<bind>
<opcode="mul(12) " fcode="mul"/>
<opset="mul_ln73_166/2 "/>
</bind>
</comp>

<comp id="539" class="1004" name="mul_ln73_80_fu_539">
<pin_list>
<pin id="34296" dir="0" index="0" bw="16" slack="0"/>
<pin id="34297" dir="0" index="1" bw="10" slack="0"/>
<pin id="34298" dir="1" index="2" bw="26" slack="1"/>
</pin_list>
<bind>
<opcode="mul(12) " fcode="mul"/>
<opset="mul_ln73_80/1 "/>
</bind>
</comp>

<comp id="540" class="1004" name="mul_ln73_160_fu_540">
<pin_list>
<pin id="60072" dir="0" index="0" bw="16" slack="0"/>
<pin id="60073" dir="0" index="1" bw="11" slack="0"/>
<pin id="60074" dir="1" index="2" bw="26" slack="1"/>
</pin_list>
<bind>
<opcode="mul(12) " fcode="mul"/>
<opset="mul_ln73_160/2 "/>
</bind>
</comp>

<comp id="542" class="1004" name="mul_ln73_71_fu_542">
<pin_list>
<pin id="59884" dir="0" index="0" bw="16" slack="1"/>
<pin id="59885" dir="0" index="1" bw="9" slack="0"/>
<pin id="59886" dir="1" index="2" bw="25" slack="1"/>
</pin_list>
<bind>
<opcode="mul(12) " fcode="mul"/>
<opset="mul_ln73_71/2 "/>
</bind>
</comp>

<comp id="543" class="1004" name="mul_ln73_64_fu_543">
<pin_list>
<pin id="34272" dir="0" index="0" bw="16" slack="0"/>
<pin id="34273" dir="0" index="1" bw="9" slack="0"/>
<pin id="34274" dir="1" index="2" bw="25" slack="1"/>
</pin_list>
<bind>
<opcode="mul(12) " fcode="mul"/>
<opset="mul_ln73_64/1 "/>
</bind>
</comp>

<comp id="544" class="1004" name="mul_ln73_48_fu_544">
<pin_list>
<pin id="59844" dir="0" index="0" bw="16" slack="1"/>
<pin id="59845" dir="0" index="1" bw="10" slack="0"/>
<pin id="59846" dir="1" index="2" bw="25" slack="1"/>
</pin_list>
<bind>
<opcode="mul(12) " fcode="mul"/>
<opset="mul_ln73_48/2 "/>
</bind>
</comp>

<comp id="545" class="1004" name="mul_ln73_119_fu_545">
<pin_list>
<pin id="59964" dir="0" index="0" bw="16" slack="0"/>
<pin id="59965" dir="0" index="1" bw="10" slack="0"/>
<pin id="59966" dir="1" index="2" bw="26" slack="1"/>
</pin_list>
<bind>
<opcode="mul(12) " fcode="mul"/>
<opset="mul_ln73_119/2 "/>
</bind>
</comp>

<comp id="546" class="1004" name="mul_ln73_70_fu_546">
<pin_list>
<pin id="34276" dir="0" index="0" bw="16" slack="0"/>
<pin id="34277" dir="0" index="1" bw="10" slack="0"/>
<pin id="34278" dir="1" index="2" bw="26" slack="1"/>
</pin_list>
<bind>
<opcode="mul(12) " fcode="mul"/>
<opset="mul_ln73_70/1 "/>
</bind>
</comp>

<comp id="547" class="1004" name="mul_ln73_120_fu_547">
<pin_list>
<pin id="59968" dir="0" index="0" bw="16" slack="0"/>
<pin id="59969" dir="0" index="1" bw="9" slack="0"/>
<pin id="59970" dir="1" index="2" bw="25" slack="1"/>
</pin_list>
<bind>
<opcode="mul(12) " fcode="mul"/>
<opset="mul_ln73_120/2 "/>
</bind>
</comp>

<comp id="548" class="1004" name="mul_ln73_95_fu_548">
<pin_list>
<pin id="59924" dir="0" index="0" bw="16" slack="1"/>
<pin id="59925" dir="0" index="1" bw="10" slack="0"/>
<pin id="59926" dir="1" index="2" bw="26" slack="1"/>
</pin_list>
<bind>
<opcode="mul(12) " fcode="mul"/>
<opset="mul_ln73_95/2 "/>
</bind>
</comp>

<comp id="549" class="1004" name="mul_ln73_61_fu_549">
<pin_list>
<pin id="59860" dir="0" index="0" bw="16" slack="1"/>
<pin id="59861" dir="0" index="1" bw="10" slack="0"/>
<pin id="59862" dir="1" index="2" bw="26" slack="1"/>
</pin_list>
<bind>
<opcode="mul(12) " fcode="mul"/>
<opset="mul_ln73_61/2 "/>
</bind>
</comp>

<comp id="550" class="1004" name="mul_ln73_66_fu_550">
<pin_list>
<pin id="59868" dir="0" index="0" bw="16" slack="1"/>
<pin id="59869" dir="0" index="1" bw="10" slack="0"/>
<pin id="59870" dir="1" index="2" bw="26" slack="1"/>
</pin_list>
<bind>
<opcode="mul(12) " fcode="mul"/>
<opset="mul_ln73_66/2 "/>
</bind>
</comp>

<comp id="551" class="1004" name="mul_ln73_87_fu_551">
<pin_list>
<pin id="34312" dir="0" index="0" bw="16" slack="0"/>
<pin id="34313" dir="0" index="1" bw="9" slack="0"/>
<pin id="34314" dir="1" index="2" bw="25" slack="1"/>
</pin_list>
<bind>
<opcode="mul(12) " fcode="mul"/>
<opset="mul_ln73_87/1 "/>
</bind>
</comp>

<comp id="552" class="1004" name="mul_ln73_67_fu_552">
<pin_list>
<pin id="59872" dir="0" index="0" bw="16" slack="1"/>
<pin id="59873" dir="0" index="1" bw="10" slack="0"/>
<pin id="59874" dir="1" index="2" bw="26" slack="1"/>
</pin_list>
<bind>
<opcode="mul(12) " fcode="mul"/>
<opset="mul_ln73_67/2 "/>
</bind>
</comp>

<comp id="553" class="1004" name="mul_ln73_54_fu_553">
<pin_list>
<pin id="34248" dir="0" index="0" bw="16" slack="0"/>
<pin id="34249" dir="0" index="1" bw="10" slack="0"/>
<pin id="34250" dir="1" index="2" bw="26" slack="1"/>
</pin_list>
<bind>
<opcode="mul(12) " fcode="mul"/>
<opset="mul_ln73_54/1 "/>
</bind>
</comp>

<comp id="555" class="1004" name="mul_ln73_92_fu_555">
<pin_list>
<pin id="34324" dir="0" index="0" bw="16" slack="0"/>
<pin id="34325" dir="0" index="1" bw="10" slack="0"/>
<pin id="34326" dir="1" index="2" bw="26" slack="1"/>
</pin_list>
<bind>
<opcode="mul(12) " fcode="mul"/>
<opset="mul_ln73_92/1 "/>
</bind>
</comp>

<comp id="556" class="1004" name="mul_ln73_45_fu_556">
<pin_list>
<pin id="34216" dir="0" index="0" bw="16" slack="0"/>
<pin id="34217" dir="0" index="1" bw="8" slack="0"/>
<pin id="34218" dir="1" index="2" bw="23" slack="1"/>
</pin_list>
<bind>
<opcode="mul(12) " fcode="mul"/>
<opset="mul_ln73_45/1 "/>
</bind>
</comp>

<comp id="557" class="1004" name="mul_ln73_62_fu_557">
<pin_list>
<pin id="34264" dir="0" index="0" bw="16" slack="0"/>
<pin id="34265" dir="0" index="1" bw="9" slack="0"/>
<pin id="34266" dir="1" index="2" bw="24" slack="1"/>
</pin_list>
<bind>
<opcode="mul(12) " fcode="mul"/>
<opset="mul_ln73_62/1 "/>
</bind>
</comp>

<comp id="558" class="1004" name="mul_ln73_73_fu_558">
<pin_list>
<pin id="34284" dir="0" index="0" bw="16" slack="0"/>
<pin id="34285" dir="0" index="1" bw="9" slack="0"/>
<pin id="34286" dir="1" index="2" bw="25" slack="1"/>
</pin_list>
<bind>
<opcode="mul(12) " fcode="mul"/>
<opset="mul_ln73_73/1 "/>
</bind>
</comp>

<comp id="559" class="1004" name="mul_ln73_90_fu_559">
<pin_list>
<pin id="34320" dir="0" index="0" bw="16" slack="0"/>
<pin id="34321" dir="0" index="1" bw="10" slack="0"/>
<pin id="34322" dir="1" index="2" bw="26" slack="1"/>
</pin_list>
<bind>
<opcode="mul(12) " fcode="mul"/>
<opset="mul_ln73_90/1 "/>
</bind>
</comp>

<comp id="560" class="1004" name="mul_ln73_52_fu_560">
<pin_list>
<pin id="34240" dir="0" index="0" bw="16" slack="0"/>
<pin id="34241" dir="0" index="1" bw="10" slack="0"/>
<pin id="34242" dir="1" index="2" bw="26" slack="1"/>
</pin_list>
<bind>
<opcode="mul(12) " fcode="mul"/>
<opset="mul_ln73_52/1 "/>
</bind>
</comp>

<comp id="561" class="1004" name="mul_ln73_69_fu_561">
<pin_list>
<pin id="59880" dir="0" index="0" bw="16" slack="1"/>
<pin id="59881" dir="0" index="1" bw="9" slack="0"/>
<pin id="59882" dir="1" index="2" bw="25" slack="1"/>
</pin_list>
<bind>
<opcode="mul(12) " fcode="mul"/>
<opset="mul_ln73_69/2 "/>
</bind>
</comp>

<comp id="562" class="1004" name="mul_ln73_86_fu_562">
<pin_list>
<pin id="34308" dir="0" index="0" bw="16" slack="0"/>
<pin id="34309" dir="0" index="1" bw="9" slack="0"/>
<pin id="34310" dir="1" index="2" bw="25" slack="1"/>
</pin_list>
<bind>
<opcode="mul(12) " fcode="mul"/>
<opset="mul_ln73_86/1 "/>
</bind>
</comp>

<comp id="563" class="1004" name="mul_ln73_99_fu_563">
<pin_list>
<pin id="34344" dir="0" index="0" bw="16" slack="0"/>
<pin id="34345" dir="0" index="1" bw="9" slack="0"/>
<pin id="34346" dir="1" index="2" bw="25" slack="1"/>
</pin_list>
<bind>
<opcode="mul(12) " fcode="mul"/>
<opset="mul_ln73_99/1 "/>
</bind>
</comp>

<comp id="564" class="1004" name="mul_ln73_163_fu_564">
<pin_list>
<pin id="60084" dir="0" index="0" bw="16" slack="0"/>
<pin id="60085" dir="0" index="1" bw="10" slack="0"/>
<pin id="60086" dir="1" index="2" bw="26" slack="1"/>
</pin_list>
<bind>
<opcode="mul(12) " fcode="mul"/>
<opset="mul_ln73_163/2 "/>
</bind>
</comp>

<comp id="565" class="1004" name="mul_ln73_111_fu_565">
<pin_list>
<pin id="59932" dir="0" index="0" bw="16" slack="1"/>
<pin id="59933" dir="0" index="1" bw="10" slack="0"/>
<pin id="59934" dir="1" index="2" bw="26" slack="1"/>
</pin_list>
<bind>
<opcode="mul(12) " fcode="mul"/>
<opset="mul_ln73_111/2 "/>
</bind>
</comp>

<comp id="566" class="1004" name="mul_ln73_137_fu_566">
<pin_list>
<pin id="60008" dir="0" index="0" bw="16" slack="0"/>
<pin id="60009" dir="0" index="1" bw="10" slack="0"/>
<pin id="60010" dir="1" index="2" bw="26" slack="1"/>
</pin_list>
<bind>
<opcode="mul(12) " fcode="mul"/>
<opset="mul_ln73_137/2 "/>
</bind>
</comp>

<comp id="568" class="1004" name="mul_ln73_124_fu_568">
<pin_list>
<pin id="59980" dir="0" index="0" bw="16" slack="0"/>
<pin id="59981" dir="0" index="1" bw="10" slack="0"/>
<pin id="59982" dir="1" index="2" bw="26" slack="1"/>
</pin_list>
<bind>
<opcode="mul(12) " fcode="mul"/>
<opset="mul_ln73_124/2 "/>
</bind>
</comp>

<comp id="570" class="1004" name="mul_ln73_126_fu_570">
<pin_list>
<pin id="59984" dir="0" index="0" bw="16" slack="0"/>
<pin id="59985" dir="0" index="1" bw="9" slack="0"/>
<pin id="59986" dir="1" index="2" bw="25" slack="1"/>
</pin_list>
<bind>
<opcode="mul(12) " fcode="mul"/>
<opset="mul_ln73_126/2 "/>
</bind>
</comp>

<comp id="571" class="1004" name="mul_ln73_168_fu_571">
<pin_list>
<pin id="60092" dir="0" index="0" bw="16" slack="0"/>
<pin id="60093" dir="0" index="1" bw="9" slack="0"/>
<pin id="60094" dir="1" index="2" bw="25" slack="1"/>
</pin_list>
<bind>
<opcode="mul(12) " fcode="mul"/>
<opset="mul_ln73_168/2 "/>
</bind>
</comp>

<comp id="573" class="1004" name="mul_ln73_81_fu_573">
<pin_list>
<pin id="59904" dir="0" index="0" bw="16" slack="0"/>
<pin id="59905" dir="0" index="1" bw="9" slack="0"/>
<pin id="59906" dir="1" index="2" bw="25" slack="1"/>
</pin_list>
<bind>
<opcode="mul(12) " fcode="mul"/>
<opset="mul_ln73_81/2 "/>
</bind>
</comp>

<comp id="575" class="1004" name="mul_ln73_167_fu_575">
<pin_list>
<pin id="61596" dir="0" index="0" bw="16" slack="0"/>
<pin id="61597" dir="0" index="1" bw="11" slack="0"/>
<pin id="61598" dir="1" index="2" bw="27" slack="1"/>
</pin_list>
<bind>
<opcode="mul(12) " fcode="mul"/>
<opset="mul_ln73_167/3 "/>
</bind>
</comp>

<comp id="576" class="1004" name="mul_ln73_130_fu_576">
<pin_list>
<pin id="34396" dir="0" index="0" bw="16" slack="0"/>
<pin id="34397" dir="0" index="1" bw="8" slack="0"/>
<pin id="34398" dir="1" index="2" bw="24" slack="1"/>
</pin_list>
<bind>
<opcode="mul(12) " fcode="mul"/>
<opset="mul_ln73_130/1 "/>
</bind>
</comp>

<comp id="577" class="1004" name="mul_ln73_148_fu_577">
<pin_list>
<pin id="60028" dir="0" index="0" bw="16" slack="0"/>
<pin id="60029" dir="0" index="1" bw="10" slack="0"/>
<pin id="60030" dir="1" index="2" bw="26" slack="1"/>
</pin_list>
<bind>
<opcode="mul(12) " fcode="mul"/>
<opset="mul_ln73_148/2 "/>
</bind>
</comp>

<comp id="578" class="1004" name="mul_ln73_96_fu_578">
<pin_list>
<pin id="34336" dir="0" index="0" bw="16" slack="0"/>
<pin id="34337" dir="0" index="1" bw="9" slack="0"/>
<pin id="34338" dir="1" index="2" bw="25" slack="1"/>
</pin_list>
<bind>
<opcode="mul(12) " fcode="mul"/>
<opset="mul_ln73_96/1 "/>
</bind>
</comp>

<comp id="579" class="1004" name="mul_ln73_44_fu_579">
<pin_list>
<pin id="34212" dir="0" index="0" bw="16" slack="0"/>
<pin id="34213" dir="0" index="1" bw="10" slack="0"/>
<pin id="34214" dir="1" index="2" bw="25" slack="1"/>
</pin_list>
<bind>
<opcode="mul(12) " fcode="mul"/>
<opset="mul_ln73_44/1 "/>
</bind>
</comp>

<comp id="580" class="1004" name="mul_ln73_123_fu_580">
<pin_list>
<pin id="59976" dir="0" index="0" bw="16" slack="0"/>
<pin id="59977" dir="0" index="1" bw="10" slack="0"/>
<pin id="59978" dir="1" index="2" bw="26" slack="1"/>
</pin_list>
<bind>
<opcode="mul(12) " fcode="mul"/>
<opset="mul_ln73_123/2 "/>
</bind>
</comp>

<comp id="581" class="1004" name="mul_ln73_145_fu_581">
<pin_list>
<pin id="34420" dir="0" index="0" bw="16" slack="0"/>
<pin id="34421" dir="0" index="1" bw="8" slack="0"/>
<pin id="34422" dir="1" index="2" bw="24" slack="2"/>
</pin_list>
<bind>
<opcode="mul(12) " fcode="mul"/>
<opset="mul_ln73_145/1 "/>
</bind>
</comp>

<comp id="582" class="1004" name="mul_ln73_115_fu_582">
<pin_list>
<pin id="59948" dir="0" index="0" bw="16" slack="0"/>
<pin id="59949" dir="0" index="1" bw="9" slack="0"/>
<pin id="59950" dir="1" index="2" bw="25" slack="1"/>
</pin_list>
<bind>
<opcode="mul(12) " fcode="mul"/>
<opset="mul_ln73_115/2 "/>
</bind>
</comp>

<comp id="583" class="1004" name="mul_ln73_169_fu_583">
<pin_list>
<pin id="60096" dir="0" index="0" bw="16" slack="0"/>
<pin id="60097" dir="0" index="1" bw="9" slack="0"/>
<pin id="60098" dir="1" index="2" bw="25" slack="1"/>
</pin_list>
<bind>
<opcode="mul(12) " fcode="mul"/>
<opset="mul_ln73_169/2 "/>
</bind>
</comp>

<comp id="584" class="1004" name="mul_ln73_56_fu_584">
<pin_list>
<pin id="59848" dir="0" index="0" bw="16" slack="0"/>
<pin id="59849" dir="0" index="1" bw="8" slack="0"/>
<pin id="59850" dir="1" index="2" bw="24" slack="1"/>
</pin_list>
<bind>
<opcode="mul(12) " fcode="mul"/>
<opset="mul_ln73_56/2 "/>
</bind>
</comp>

<comp id="585" class="1004" name="mul_ln73_153_fu_585">
<pin_list>
<pin id="60048" dir="0" index="0" bw="16" slack="0"/>
<pin id="60049" dir="0" index="1" bw="10" slack="0"/>
<pin id="60050" dir="1" index="2" bw="26" slack="1"/>
</pin_list>
<bind>
<opcode="mul(12) " fcode="mul"/>
<opset="mul_ln73_153/2 "/>
</bind>
</comp>

<comp id="586" class="1004" name="mul_ln73_106_fu_586">
<pin_list>
<pin id="34368" dir="0" index="0" bw="16" slack="0"/>
<pin id="34369" dir="0" index="1" bw="6" slack="0"/>
<pin id="34370" dir="1" index="2" bw="22" slack="1"/>
</pin_list>
<bind>
<opcode="mul(12) " fcode="mul"/>
<opset="mul_ln73_106/1 "/>
</bind>
</comp>

<comp id="587" class="1004" name="mul_ln73_102_fu_587">
<pin_list>
<pin id="34356" dir="0" index="0" bw="16" slack="0"/>
<pin id="34357" dir="0" index="1" bw="10" slack="0"/>
<pin id="34358" dir="1" index="2" bw="26" slack="1"/>
</pin_list>
<bind>
<opcode="mul(12) " fcode="mul"/>
<opset="mul_ln73_102/1 "/>
</bind>
</comp>

<comp id="588" class="1004" name="mul_ln73_134_fu_588">
<pin_list>
<pin id="34408" dir="0" index="0" bw="16" slack="0"/>
<pin id="34409" dir="0" index="1" bw="7" slack="0"/>
<pin id="34410" dir="1" index="2" bw="23" slack="1"/>
</pin_list>
<bind>
<opcode="mul(12) " fcode="mul"/>
<opset="mul_ln73_134/1 "/>
</bind>
</comp>

<comp id="589" class="1004" name="mul_ln73_162_fu_589">
<pin_list>
<pin id="60080" dir="0" index="0" bw="16" slack="0"/>
<pin id="60081" dir="0" index="1" bw="8" slack="0"/>
<pin id="60082" dir="1" index="2" bw="23" slack="1"/>
</pin_list>
<bind>
<opcode="mul(12) " fcode="mul"/>
<opset="mul_ln73_162/2 "/>
</bind>
</comp>

<comp id="591" class="1004" name="mul_ln73_133_fu_591">
<pin_list>
<pin id="34404" dir="0" index="0" bw="16" slack="0"/>
<pin id="34405" dir="0" index="1" bw="9" slack="0"/>
<pin id="34406" dir="1" index="2" bw="25" slack="1"/>
</pin_list>
<bind>
<opcode="mul(12) " fcode="mul"/>
<opset="mul_ln73_133/1 "/>
</bind>
</comp>

<comp id="592" class="1004" name="mul_ln73_41_fu_592">
<pin_list>
<pin id="34200" dir="0" index="0" bw="16" slack="0"/>
<pin id="34201" dir="0" index="1" bw="8" slack="0"/>
<pin id="34202" dir="1" index="2" bw="23" slack="1"/>
</pin_list>
<bind>
<opcode="mul(12) " fcode="mul"/>
<opset="mul_ln73_41/1 "/>
</bind>
</comp>

<comp id="593" class="1004" name="mul_ln73_42_fu_593">
<pin_list>
<pin id="34204" dir="0" index="0" bw="16" slack="0"/>
<pin id="34205" dir="0" index="1" bw="10" slack="0"/>
<pin id="34206" dir="1" index="2" bw="25" slack="1"/>
</pin_list>
<bind>
<opcode="mul(12) " fcode="mul"/>
<opset="mul_ln73_42/1 "/>
</bind>
</comp>

<comp id="594" class="1004" name="mul_ln73_47_fu_594">
<pin_list>
<pin id="34224" dir="0" index="0" bw="16" slack="0"/>
<pin id="34225" dir="0" index="1" bw="10" slack="0"/>
<pin id="34226" dir="1" index="2" bw="26" slack="1"/>
</pin_list>
<bind>
<opcode="mul(12) " fcode="mul"/>
<opset="mul_ln73_47/1 "/>
</bind>
</comp>

<comp id="595" class="1004" name="mul_ln73_60_fu_595">
<pin_list>
<pin id="34260" dir="0" index="0" bw="16" slack="0"/>
<pin id="34261" dir="0" index="1" bw="10" slack="0"/>
<pin id="34262" dir="1" index="2" bw="26" slack="1"/>
</pin_list>
<bind>
<opcode="mul(12) " fcode="mul"/>
<opset="mul_ln73_60/1 "/>
</bind>
</comp>

<comp id="596" class="1004" name="mul_ln73_136_fu_596">
<pin_list>
<pin id="60004" dir="0" index="0" bw="16" slack="1"/>
<pin id="60005" dir="0" index="1" bw="8" slack="0"/>
<pin id="60006" dir="1" index="2" bw="24" slack="1"/>
</pin_list>
<bind>
<opcode="mul(12) " fcode="mul"/>
<opset="mul_ln73_136/2 "/>
</bind>
</comp>

<comp id="597" class="1004" name="mul_ln73_57_fu_597">
<pin_list>
<pin id="59852" dir="0" index="0" bw="16" slack="1"/>
<pin id="59853" dir="0" index="1" bw="9" slack="0"/>
<pin id="59854" dir="1" index="2" bw="25" slack="1"/>
</pin_list>
<bind>
<opcode="mul(12) " fcode="mul"/>
<opset="mul_ln73_57/2 "/>
</bind>
</comp>

<comp id="598" class="1004" name="mul_ln73_125_fu_598">
<pin_list>
<pin id="34392" dir="0" index="0" bw="16" slack="0"/>
<pin id="34393" dir="0" index="1" bw="8" slack="0"/>
<pin id="34394" dir="1" index="2" bw="24" slack="1"/>
</pin_list>
<bind>
<opcode="mul(12) " fcode="mul"/>
<opset="mul_ln73_125/1 "/>
</bind>
</comp>

<comp id="599" class="1004" name="mul_ln73_113_fu_599">
<pin_list>
<pin id="59940" dir="0" index="0" bw="16" slack="0"/>
<pin id="59941" dir="0" index="1" bw="10" slack="0"/>
<pin id="59942" dir="1" index="2" bw="26" slack="1"/>
</pin_list>
<bind>
<opcode="mul(12) " fcode="mul"/>
<opset="mul_ln73_113/2 "/>
</bind>
</comp>

<comp id="34424" class="1005" name="mul_ln73_41_reg_34424">
<pin_list>
<pin id="34425" dir="0" index="0" bw="23" slack="1"/>
<pin id="34426" dir="1" index="1" bw="23" slack="1"/>
</pin_list>
<bind>
<opset="mul_ln73_41 "/>
</bind>
</comp>

<comp id="34428" class="1005" name="mul_ln73_42_reg_34428">
<pin_list>
<pin id="34429" dir="0" index="0" bw="25" slack="1"/>
<pin id="34430" dir="1" index="1" bw="25" slack="1"/>
</pin_list>
<bind>
<opset="mul_ln73_42 "/>
</bind>
</comp>

<comp id="34432" class="1005" name="mul_ln73_43_reg_34432">
<pin_list>
<pin id="34433" dir="0" index="0" bw="26" slack="1"/>
<pin id="34434" dir="1" index="1" bw="26" slack="1"/>
</pin_list>
<bind>
<opset="mul_ln73_43 "/>
</bind>
</comp>

<comp id="34436" class="1005" name="mul_ln73_44_reg_34436">
<pin_list>
<pin id="34437" dir="0" index="0" bw="25" slack="1"/>
<pin id="34438" dir="1" index="1" bw="25" slack="1"/>
</pin_list>
<bind>
<opset="mul_ln73_44 "/>
</bind>
</comp>

<comp id="34440" class="1005" name="mul_ln73_45_reg_34440">
<pin_list>
<pin id="34441" dir="0" index="0" bw="23" slack="1"/>
<pin id="34442" dir="1" index="1" bw="23" slack="1"/>
</pin_list>
<bind>
<opset="mul_ln73_45 "/>
</bind>
</comp>

<comp id="34444" class="1005" name="mul_ln73_46_reg_34444">
<pin_list>
<pin id="34445" dir="0" index="0" bw="26" slack="1"/>
<pin id="34446" dir="1" index="1" bw="26" slack="1"/>
</pin_list>
<bind>
<opset="mul_ln73_46 "/>
</bind>
</comp>

<comp id="34448" class="1005" name="mul_ln73_47_reg_34448">
<pin_list>
<pin id="34449" dir="0" index="0" bw="26" slack="1"/>
<pin id="34450" dir="1" index="1" bw="26" slack="1"/>
</pin_list>
<bind>
<opset="mul_ln73_47 "/>
</bind>
</comp>

<comp id="34452" class="1005" name="mul_ln73_49_reg_34452">
<pin_list>
<pin id="34453" dir="0" index="0" bw="21" slack="1"/>
<pin id="34454" dir="1" index="1" bw="21" slack="1"/>
</pin_list>
<bind>
<opset="mul_ln73_49 "/>
</bind>
</comp>

<comp id="34456" class="1005" name="mul_ln73_50_reg_34456">
<pin_list>
<pin id="34457" dir="0" index="0" bw="26" slack="1"/>
<pin id="34458" dir="1" index="1" bw="26" slack="1"/>
</pin_list>
<bind>
<opset="mul_ln73_50 "/>
</bind>
</comp>

<comp id="34460" class="1005" name="mul_ln73_51_reg_34460">
<pin_list>
<pin id="34461" dir="0" index="0" bw="25" slack="1"/>
<pin id="34462" dir="1" index="1" bw="25" slack="1"/>
</pin_list>
<bind>
<opset="mul_ln73_51 "/>
</bind>
</comp>

<comp id="34464" class="1005" name="mul_ln73_52_reg_34464">
<pin_list>
<pin id="34465" dir="0" index="0" bw="26" slack="1"/>
<pin id="34466" dir="1" index="1" bw="26" slack="1"/>
</pin_list>
<bind>
<opset="mul_ln73_52 "/>
</bind>
</comp>

<comp id="34468" class="1005" name="mul_ln73_53_reg_34468">
<pin_list>
<pin id="34469" dir="0" index="0" bw="25" slack="1"/>
<pin id="34470" dir="1" index="1" bw="25" slack="1"/>
</pin_list>
<bind>
<opset="mul_ln73_53 "/>
</bind>
</comp>

<comp id="34472" class="1005" name="mul_ln73_54_reg_34472">
<pin_list>
<pin id="34473" dir="0" index="0" bw="26" slack="1"/>
<pin id="34474" dir="1" index="1" bw="26" slack="1"/>
</pin_list>
<bind>
<opset="mul_ln73_54 "/>
</bind>
</comp>

<comp id="34476" class="1005" name="mul_ln73_55_reg_34476">
<pin_list>
<pin id="34477" dir="0" index="0" bw="26" slack="1"/>
<pin id="34478" dir="1" index="1" bw="26" slack="1"/>
</pin_list>
<bind>
<opset="mul_ln73_55 "/>
</bind>
</comp>

<comp id="34480" class="1005" name="mul_ln73_59_reg_34480">
<pin_list>
<pin id="34481" dir="0" index="0" bw="25" slack="1"/>
<pin id="34482" dir="1" index="1" bw="25" slack="1"/>
</pin_list>
<bind>
<opset="mul_ln73_59 "/>
</bind>
</comp>

<comp id="34484" class="1005" name="mul_ln73_60_reg_34484">
<pin_list>
<pin id="34485" dir="0" index="0" bw="26" slack="1"/>
<pin id="34486" dir="1" index="1" bw="26" slack="1"/>
</pin_list>
<bind>
<opset="mul_ln73_60 "/>
</bind>
</comp>

<comp id="34488" class="1005" name="mul_ln73_62_reg_34488">
<pin_list>
<pin id="34489" dir="0" index="0" bw="24" slack="1"/>
<pin id="34490" dir="1" index="1" bw="24" slack="1"/>
</pin_list>
<bind>
<opset="mul_ln73_62 "/>
</bind>
</comp>

<comp id="34492" class="1005" name="mul_ln73_63_reg_34492">
<pin_list>
<pin id="34493" dir="0" index="0" bw="25" slack="1"/>
<pin id="34494" dir="1" index="1" bw="25" slack="1"/>
</pin_list>
<bind>
<opset="mul_ln73_63 "/>
</bind>
</comp>

<comp id="34496" class="1005" name="mul_ln73_64_reg_34496">
<pin_list>
<pin id="34497" dir="0" index="0" bw="25" slack="1"/>
<pin id="34498" dir="1" index="1" bw="25" slack="1"/>
</pin_list>
<bind>
<opset="mul_ln73_64 "/>
</bind>
</comp>

<comp id="34500" class="1005" name="mul_ln73_70_reg_34500">
<pin_list>
<pin id="34501" dir="0" index="0" bw="26" slack="1"/>
<pin id="34502" dir="1" index="1" bw="26" slack="1"/>
</pin_list>
<bind>
<opset="mul_ln73_70 "/>
</bind>
</comp>

<comp id="34504" class="1005" name="mul_ln73_72_reg_34504">
<pin_list>
<pin id="34505" dir="0" index="0" bw="23" slack="1"/>
<pin id="34506" dir="1" index="1" bw="23" slack="1"/>
</pin_list>
<bind>
<opset="mul_ln73_72 "/>
</bind>
</comp>

<comp id="34508" class="1005" name="mul_ln73_73_reg_34508">
<pin_list>
<pin id="34509" dir="0" index="0" bw="25" slack="1"/>
<pin id="34510" dir="1" index="1" bw="25" slack="1"/>
</pin_list>
<bind>
<opset="mul_ln73_73 "/>
</bind>
</comp>

<comp id="34512" class="1005" name="mul_ln73_74_reg_34512">
<pin_list>
<pin id="34513" dir="0" index="0" bw="24" slack="1"/>
<pin id="34514" dir="1" index="1" bw="24" slack="1"/>
</pin_list>
<bind>
<opset="mul_ln73_74 "/>
</bind>
</comp>

<comp id="34516" class="1005" name="mul_ln73_78_reg_34516">
<pin_list>
<pin id="34517" dir="0" index="0" bw="26" slack="1"/>
<pin id="34518" dir="1" index="1" bw="26" slack="1"/>
</pin_list>
<bind>
<opset="mul_ln73_78 "/>
</bind>
</comp>

<comp id="34520" class="1005" name="mul_ln73_80_reg_34520">
<pin_list>
<pin id="34521" dir="0" index="0" bw="26" slack="1"/>
<pin id="34522" dir="1" index="1" bw="26" slack="1"/>
</pin_list>
<bind>
<opset="mul_ln73_80 "/>
</bind>
</comp>

<comp id="34524" class="1005" name="mul_ln73_83_reg_34524">
<pin_list>
<pin id="34525" dir="0" index="0" bw="26" slack="1"/>
<pin id="34526" dir="1" index="1" bw="26" slack="1"/>
</pin_list>
<bind>
<opset="mul_ln73_83 "/>
</bind>
</comp>

<comp id="34528" class="1005" name="mul_ln73_84_reg_34528">
<pin_list>
<pin id="34529" dir="0" index="0" bw="26" slack="1"/>
<pin id="34530" dir="1" index="1" bw="26" slack="1"/>
</pin_list>
<bind>
<opset="mul_ln73_84 "/>
</bind>
</comp>

<comp id="34532" class="1005" name="mul_ln73_86_reg_34532">
<pin_list>
<pin id="34533" dir="0" index="0" bw="25" slack="1"/>
<pin id="34534" dir="1" index="1" bw="25" slack="1"/>
</pin_list>
<bind>
<opset="mul_ln73_86 "/>
</bind>
</comp>

<comp id="34536" class="1005" name="mul_ln73_87_reg_34536">
<pin_list>
<pin id="34537" dir="0" index="0" bw="25" slack="1"/>
<pin id="34538" dir="1" index="1" bw="25" slack="1"/>
</pin_list>
<bind>
<opset="mul_ln73_87 "/>
</bind>
</comp>

<comp id="34540" class="1005" name="mul_ln73_88_reg_34540">
<pin_list>
<pin id="34541" dir="0" index="0" bw="24" slack="1"/>
<pin id="34542" dir="1" index="1" bw="24" slack="1"/>
</pin_list>
<bind>
<opset="mul_ln73_88 "/>
</bind>
</comp>

<comp id="34544" class="1005" name="mul_ln73_90_reg_34544">
<pin_list>
<pin id="34545" dir="0" index="0" bw="26" slack="1"/>
<pin id="34546" dir="1" index="1" bw="26" slack="1"/>
</pin_list>
<bind>
<opset="mul_ln73_90 "/>
</bind>
</comp>

<comp id="34548" class="1005" name="mul_ln73_92_reg_34548">
<pin_list>
<pin id="34549" dir="0" index="0" bw="26" slack="1"/>
<pin id="34550" dir="1" index="1" bw="26" slack="1"/>
</pin_list>
<bind>
<opset="mul_ln73_92 "/>
</bind>
</comp>

<comp id="34552" class="1005" name="mul_ln73_93_reg_34552">
<pin_list>
<pin id="34553" dir="0" index="0" bw="25" slack="1"/>
<pin id="34554" dir="1" index="1" bw="25" slack="1"/>
</pin_list>
<bind>
<opset="mul_ln73_93 "/>
</bind>
</comp>

<comp id="34556" class="1005" name="mul_ln73_94_reg_34556">
<pin_list>
<pin id="34557" dir="0" index="0" bw="23" slack="1"/>
<pin id="34558" dir="1" index="1" bw="23" slack="1"/>
</pin_list>
<bind>
<opset="mul_ln73_94 "/>
</bind>
</comp>

<comp id="34560" class="1005" name="mul_ln73_96_reg_34560">
<pin_list>
<pin id="34561" dir="0" index="0" bw="25" slack="1"/>
<pin id="34562" dir="1" index="1" bw="25" slack="1"/>
</pin_list>
<bind>
<opset="mul_ln73_96 "/>
</bind>
</comp>

<comp id="34564" class="1005" name="mul_ln73_97_reg_34564">
<pin_list>
<pin id="34565" dir="0" index="0" bw="24" slack="1"/>
<pin id="34566" dir="1" index="1" bw="24" slack="1"/>
</pin_list>
<bind>
<opset="mul_ln73_97 "/>
</bind>
</comp>

<comp id="34568" class="1005" name="mul_ln73_99_reg_34568">
<pin_list>
<pin id="34569" dir="0" index="0" bw="25" slack="1"/>
<pin id="34570" dir="1" index="1" bw="25" slack="1"/>
</pin_list>
<bind>
<opset="mul_ln73_99 "/>
</bind>
</comp>

<comp id="34572" class="1005" name="mul_ln73_100_reg_34572">
<pin_list>
<pin id="34573" dir="0" index="0" bw="24" slack="1"/>
<pin id="34574" dir="1" index="1" bw="24" slack="1"/>
</pin_list>
<bind>
<opset="mul_ln73_100 "/>
</bind>
</comp>

<comp id="34576" class="1005" name="mul_ln73_101_reg_34576">
<pin_list>
<pin id="34577" dir="0" index="0" bw="26" slack="1"/>
<pin id="34578" dir="1" index="1" bw="26" slack="1"/>
</pin_list>
<bind>
<opset="mul_ln73_101 "/>
</bind>
</comp>

<comp id="34580" class="1005" name="mul_ln73_102_reg_34580">
<pin_list>
<pin id="34581" dir="0" index="0" bw="26" slack="1"/>
<pin id="34582" dir="1" index="1" bw="26" slack="1"/>
</pin_list>
<bind>
<opset="mul_ln73_102 "/>
</bind>
</comp>

<comp id="34584" class="1005" name="mul_ln73_103_reg_34584">
<pin_list>
<pin id="34585" dir="0" index="0" bw="25" slack="1"/>
<pin id="34586" dir="1" index="1" bw="25" slack="1"/>
</pin_list>
<bind>
<opset="mul_ln73_103 "/>
</bind>
</comp>

<comp id="34588" class="1005" name="mul_ln73_104_reg_34588">
<pin_list>
<pin id="34589" dir="0" index="0" bw="23" slack="1"/>
<pin id="34590" dir="1" index="1" bw="23" slack="1"/>
</pin_list>
<bind>
<opset="mul_ln73_104 "/>
</bind>
</comp>

<comp id="34592" class="1005" name="mul_ln73_106_reg_34592">
<pin_list>
<pin id="34593" dir="0" index="0" bw="22" slack="1"/>
<pin id="34594" dir="1" index="1" bw="22" slack="1"/>
</pin_list>
<bind>
<opset="mul_ln73_106 "/>
</bind>
</comp>

<comp id="34596" class="1005" name="mul_ln73_107_reg_34596">
<pin_list>
<pin id="34597" dir="0" index="0" bw="24" slack="1"/>
<pin id="34598" dir="1" index="1" bw="24" slack="1"/>
</pin_list>
<bind>
<opset="mul_ln73_107 "/>
</bind>
</comp>

<comp id="34600" class="1005" name="mul_ln73_108_reg_34600">
<pin_list>
<pin id="34601" dir="0" index="0" bw="24" slack="1"/>
<pin id="34602" dir="1" index="1" bw="24" slack="1"/>
</pin_list>
<bind>
<opset="mul_ln73_108 "/>
</bind>
</comp>

<comp id="34604" class="1005" name="mul_ln73_109_reg_34604">
<pin_list>
<pin id="34605" dir="0" index="0" bw="26" slack="1"/>
<pin id="34606" dir="1" index="1" bw="26" slack="1"/>
</pin_list>
<bind>
<opset="mul_ln73_109 "/>
</bind>
</comp>

<comp id="34608" class="1005" name="mul_ln73_110_reg_34608">
<pin_list>
<pin id="34609" dir="0" index="0" bw="23" slack="1"/>
<pin id="34610" dir="1" index="1" bw="23" slack="1"/>
</pin_list>
<bind>
<opset="mul_ln73_110 "/>
</bind>
</comp>

<comp id="34612" class="1005" name="mul_ln73_121_reg_34612">
<pin_list>
<pin id="34613" dir="0" index="0" bw="23" slack="1"/>
<pin id="34614" dir="1" index="1" bw="23" slack="1"/>
</pin_list>
<bind>
<opset="mul_ln73_121 "/>
</bind>
</comp>

<comp id="34616" class="1005" name="mul_ln73_125_reg_34616">
<pin_list>
<pin id="34617" dir="0" index="0" bw="24" slack="1"/>
<pin id="34618" dir="1" index="1" bw="24" slack="1"/>
</pin_list>
<bind>
<opset="mul_ln73_125 "/>
</bind>
</comp>

<comp id="34620" class="1005" name="mul_ln73_130_reg_34620">
<pin_list>
<pin id="34621" dir="0" index="0" bw="24" slack="1"/>
<pin id="34622" dir="1" index="1" bw="24" slack="1"/>
</pin_list>
<bind>
<opset="mul_ln73_130 "/>
</bind>
</comp>

<comp id="34624" class="1005" name="mul_ln73_131_reg_34624">
<pin_list>
<pin id="34625" dir="0" index="0" bw="23" slack="1"/>
<pin id="34626" dir="1" index="1" bw="23" slack="1"/>
</pin_list>
<bind>
<opset="mul_ln73_131 "/>
</bind>
</comp>

<comp id="34628" class="1005" name="mul_ln73_133_reg_34628">
<pin_list>
<pin id="34629" dir="0" index="0" bw="25" slack="1"/>
<pin id="34630" dir="1" index="1" bw="25" slack="1"/>
</pin_list>
<bind>
<opset="mul_ln73_133 "/>
</bind>
</comp>

<comp id="34632" class="1005" name="mul_ln73_134_reg_34632">
<pin_list>
<pin id="34633" dir="0" index="0" bw="23" slack="1"/>
<pin id="34634" dir="1" index="1" bw="23" slack="1"/>
</pin_list>
<bind>
<opset="mul_ln73_134 "/>
</bind>
</comp>

<comp id="34636" class="1005" name="mul_ln73_135_reg_34636">
<pin_list>
<pin id="34637" dir="0" index="0" bw="24" slack="1"/>
<pin id="34638" dir="1" index="1" bw="24" slack="1"/>
</pin_list>
<bind>
<opset="mul_ln73_135 "/>
</bind>
</comp>

<comp id="34640" class="1005" name="mul_ln73_142_reg_34640">
<pin_list>
<pin id="34641" dir="0" index="0" bw="24" slack="1"/>
<pin id="34642" dir="1" index="1" bw="24" slack="1"/>
</pin_list>
<bind>
<opset="mul_ln73_142 "/>
</bind>
</comp>

<comp id="34644" class="1005" name="mul_ln73_145_reg_34644">
<pin_list>
<pin id="34645" dir="0" index="0" bw="24" slack="2"/>
<pin id="34646" dir="1" index="1" bw="24" slack="2"/>
</pin_list>
<bind>
<opset="mul_ln73_145 "/>
</bind>
</comp>

<comp id="60108" class="1005" name="mul_ln73_reg_60108">
<pin_list>
<pin id="60109" dir="0" index="0" bw="25" slack="1"/>
<pin id="60110" dir="1" index="1" bw="25" slack="1"/>
</pin_list>
<bind>
<opset="mul_ln73 "/>
</bind>
</comp>

<comp id="60112" class="1005" name="mul_ln73_48_reg_60112">
<pin_list>
<pin id="60113" dir="0" index="0" bw="25" slack="1"/>
<pin id="60114" dir="1" index="1" bw="25" slack="1"/>
</pin_list>
<bind>
<opset="mul_ln73_48 "/>
</bind>
</comp>

<comp id="60116" class="1005" name="mul_ln73_56_reg_60116">
<pin_list>
<pin id="60117" dir="0" index="0" bw="24" slack="1"/>
<pin id="60118" dir="1" index="1" bw="24" slack="1"/>
</pin_list>
<bind>
<opset="mul_ln73_56 "/>
</bind>
</comp>

<comp id="60120" class="1005" name="mul_ln73_57_reg_60120">
<pin_list>
<pin id="60121" dir="0" index="0" bw="25" slack="1"/>
<pin id="60122" dir="1" index="1" bw="25" slack="1"/>
</pin_list>
<bind>
<opset="mul_ln73_57 "/>
</bind>
</comp>

<comp id="60124" class="1005" name="mul_ln73_58_reg_60124">
<pin_list>
<pin id="60125" dir="0" index="0" bw="25" slack="1"/>
<pin id="60126" dir="1" index="1" bw="25" slack="1"/>
</pin_list>
<bind>
<opset="mul_ln73_58 "/>
</bind>
</comp>

<comp id="60128" class="1005" name="mul_ln73_61_reg_60128">
<pin_list>
<pin id="60129" dir="0" index="0" bw="26" slack="1"/>
<pin id="60130" dir="1" index="1" bw="26" slack="1"/>
</pin_list>
<bind>
<opset="mul_ln73_61 "/>
</bind>
</comp>

<comp id="60132" class="1005" name="mul_ln73_65_reg_60132">
<pin_list>
<pin id="60133" dir="0" index="0" bw="26" slack="1"/>
<pin id="60134" dir="1" index="1" bw="26" slack="1"/>
</pin_list>
<bind>
<opset="mul_ln73_65 "/>
</bind>
</comp>

<comp id="60136" class="1005" name="mul_ln73_66_reg_60136">
<pin_list>
<pin id="60137" dir="0" index="0" bw="26" slack="1"/>
<pin id="60138" dir="1" index="1" bw="26" slack="1"/>
</pin_list>
<bind>
<opset="mul_ln73_66 "/>
</bind>
</comp>

<comp id="60140" class="1005" name="mul_ln73_67_reg_60140">
<pin_list>
<pin id="60141" dir="0" index="0" bw="26" slack="1"/>
<pin id="60142" dir="1" index="1" bw="26" slack="1"/>
</pin_list>
<bind>
<opset="mul_ln73_67 "/>
</bind>
</comp>

<comp id="60144" class="1005" name="mul_ln73_68_reg_60144">
<pin_list>
<pin id="60145" dir="0" index="0" bw="26" slack="1"/>
<pin id="60146" dir="1" index="1" bw="26" slack="1"/>
</pin_list>
<bind>
<opset="mul_ln73_68 "/>
</bind>
</comp>

<comp id="60148" class="1005" name="mul_ln73_69_reg_60148">
<pin_list>
<pin id="60149" dir="0" index="0" bw="25" slack="1"/>
<pin id="60150" dir="1" index="1" bw="25" slack="1"/>
</pin_list>
<bind>
<opset="mul_ln73_69 "/>
</bind>
</comp>

<comp id="60152" class="1005" name="mul_ln73_71_reg_60152">
<pin_list>
<pin id="60153" dir="0" index="0" bw="25" slack="1"/>
<pin id="60154" dir="1" index="1" bw="25" slack="1"/>
</pin_list>
<bind>
<opset="mul_ln73_71 "/>
</bind>
</comp>

<comp id="60156" class="1005" name="mul_ln73_75_reg_60156">
<pin_list>
<pin id="60157" dir="0" index="0" bw="26" slack="1"/>
<pin id="60158" dir="1" index="1" bw="26" slack="1"/>
</pin_list>
<bind>
<opset="mul_ln73_75 "/>
</bind>
</comp>

<comp id="60160" class="1005" name="mul_ln73_76_reg_60160">
<pin_list>
<pin id="60161" dir="0" index="0" bw="26" slack="1"/>
<pin id="60162" dir="1" index="1" bw="26" slack="1"/>
</pin_list>
<bind>
<opset="mul_ln73_76 "/>
</bind>
</comp>

<comp id="60164" class="1005" name="mul_ln73_77_reg_60164">
<pin_list>
<pin id="60165" dir="0" index="0" bw="24" slack="1"/>
<pin id="60166" dir="1" index="1" bw="24" slack="1"/>
</pin_list>
<bind>
<opset="mul_ln73_77 "/>
</bind>
</comp>

<comp id="60168" class="1005" name="mul_ln73_79_reg_60168">
<pin_list>
<pin id="60169" dir="0" index="0" bw="25" slack="1"/>
<pin id="60170" dir="1" index="1" bw="25" slack="1"/>
</pin_list>
<bind>
<opset="mul_ln73_79 "/>
</bind>
</comp>

<comp id="60172" class="1005" name="mul_ln73_81_reg_60172">
<pin_list>
<pin id="60173" dir="0" index="0" bw="25" slack="1"/>
<pin id="60174" dir="1" index="1" bw="25" slack="1"/>
</pin_list>
<bind>
<opset="mul_ln73_81 "/>
</bind>
</comp>

<comp id="60176" class="1005" name="mul_ln73_82_reg_60176">
<pin_list>
<pin id="60177" dir="0" index="0" bw="26" slack="1"/>
<pin id="60178" dir="1" index="1" bw="26" slack="1"/>
</pin_list>
<bind>
<opset="mul_ln73_82 "/>
</bind>
</comp>

<comp id="60180" class="1005" name="mul_ln73_85_reg_60180">
<pin_list>
<pin id="60181" dir="0" index="0" bw="26" slack="1"/>
<pin id="60182" dir="1" index="1" bw="26" slack="1"/>
</pin_list>
<bind>
<opset="mul_ln73_85 "/>
</bind>
</comp>

<comp id="60184" class="1005" name="mul_ln73_89_reg_60184">
<pin_list>
<pin id="60185" dir="0" index="0" bw="26" slack="1"/>
<pin id="60186" dir="1" index="1" bw="26" slack="1"/>
</pin_list>
<bind>
<opset="mul_ln73_89 "/>
</bind>
</comp>

<comp id="60188" class="1005" name="mul_ln73_91_reg_60188">
<pin_list>
<pin id="60189" dir="0" index="0" bw="26" slack="1"/>
<pin id="60190" dir="1" index="1" bw="26" slack="1"/>
</pin_list>
<bind>
<opset="mul_ln73_91 "/>
</bind>
</comp>

<comp id="60192" class="1005" name="mul_ln73_95_reg_60192">
<pin_list>
<pin id="60193" dir="0" index="0" bw="26" slack="1"/>
<pin id="60194" dir="1" index="1" bw="26" slack="1"/>
</pin_list>
<bind>
<opset="mul_ln73_95 "/>
</bind>
</comp>

<comp id="60196" class="1005" name="mul_ln73_105_reg_60196">
<pin_list>
<pin id="60197" dir="0" index="0" bw="26" slack="1"/>
<pin id="60198" dir="1" index="1" bw="26" slack="1"/>
</pin_list>
<bind>
<opset="mul_ln73_105 "/>
</bind>
</comp>

<comp id="60200" class="1005" name="mul_ln73_111_reg_60200">
<pin_list>
<pin id="60201" dir="0" index="0" bw="26" slack="1"/>
<pin id="60202" dir="1" index="1" bw="26" slack="1"/>
</pin_list>
<bind>
<opset="mul_ln73_111 "/>
</bind>
</comp>

<comp id="60204" class="1005" name="mul_ln73_112_reg_60204">
<pin_list>
<pin id="60205" dir="0" index="0" bw="25" slack="1"/>
<pin id="60206" dir="1" index="1" bw="25" slack="1"/>
</pin_list>
<bind>
<opset="mul_ln73_112 "/>
</bind>
</comp>

<comp id="60208" class="1005" name="mul_ln73_113_reg_60208">
<pin_list>
<pin id="60209" dir="0" index="0" bw="26" slack="1"/>
<pin id="60210" dir="1" index="1" bw="26" slack="1"/>
</pin_list>
<bind>
<opset="mul_ln73_113 "/>
</bind>
</comp>

<comp id="60212" class="1005" name="mul_ln73_114_reg_60212">
<pin_list>
<pin id="60213" dir="0" index="0" bw="26" slack="1"/>
<pin id="60214" dir="1" index="1" bw="26" slack="1"/>
</pin_list>
<bind>
<opset="mul_ln73_114 "/>
</bind>
</comp>

<comp id="60216" class="1005" name="mul_ln73_115_reg_60216">
<pin_list>
<pin id="60217" dir="0" index="0" bw="25" slack="1"/>
<pin id="60218" dir="1" index="1" bw="25" slack="1"/>
</pin_list>
<bind>
<opset="mul_ln73_115 "/>
</bind>
</comp>

<comp id="60220" class="1005" name="mul_ln73_116_reg_60220">
<pin_list>
<pin id="60221" dir="0" index="0" bw="26" slack="1"/>
<pin id="60222" dir="1" index="1" bw="26" slack="1"/>
</pin_list>
<bind>
<opset="mul_ln73_116 "/>
</bind>
</comp>

<comp id="60224" class="1005" name="mul_ln73_117_reg_60224">
<pin_list>
<pin id="60225" dir="0" index="0" bw="25" slack="1"/>
<pin id="60226" dir="1" index="1" bw="25" slack="1"/>
</pin_list>
<bind>
<opset="mul_ln73_117 "/>
</bind>
</comp>

<comp id="60228" class="1005" name="mul_ln73_118_reg_60228">
<pin_list>
<pin id="60229" dir="0" index="0" bw="26" slack="1"/>
<pin id="60230" dir="1" index="1" bw="26" slack="1"/>
</pin_list>
<bind>
<opset="mul_ln73_118 "/>
</bind>
</comp>

<comp id="60232" class="1005" name="mul_ln73_119_reg_60232">
<pin_list>
<pin id="60233" dir="0" index="0" bw="26" slack="1"/>
<pin id="60234" dir="1" index="1" bw="26" slack="1"/>
</pin_list>
<bind>
<opset="mul_ln73_119 "/>
</bind>
</comp>

<comp id="60236" class="1005" name="mul_ln73_120_reg_60236">
<pin_list>
<pin id="60237" dir="0" index="0" bw="25" slack="1"/>
<pin id="60238" dir="1" index="1" bw="25" slack="1"/>
</pin_list>
<bind>
<opset="mul_ln73_120 "/>
</bind>
</comp>

<comp id="60240" class="1005" name="mul_ln73_122_reg_60240">
<pin_list>
<pin id="60241" dir="0" index="0" bw="26" slack="1"/>
<pin id="60242" dir="1" index="1" bw="26" slack="1"/>
</pin_list>
<bind>
<opset="mul_ln73_122 "/>
</bind>
</comp>

<comp id="60244" class="1005" name="mul_ln73_123_reg_60244">
<pin_list>
<pin id="60245" dir="0" index="0" bw="26" slack="1"/>
<pin id="60246" dir="1" index="1" bw="26" slack="1"/>
</pin_list>
<bind>
<opset="mul_ln73_123 "/>
</bind>
</comp>

<comp id="60248" class="1005" name="mul_ln73_124_reg_60248">
<pin_list>
<pin id="60249" dir="0" index="0" bw="26" slack="1"/>
<pin id="60250" dir="1" index="1" bw="26" slack="1"/>
</pin_list>
<bind>
<opset="mul_ln73_124 "/>
</bind>
</comp>

<comp id="60252" class="1005" name="mul_ln73_126_reg_60252">
<pin_list>
<pin id="60253" dir="0" index="0" bw="25" slack="1"/>
<pin id="60254" dir="1" index="1" bw="25" slack="1"/>
</pin_list>
<bind>
<opset="mul_ln73_126 "/>
</bind>
</comp>

<comp id="60256" class="1005" name="mul_ln73_127_reg_60256">
<pin_list>
<pin id="60257" dir="0" index="0" bw="25" slack="1"/>
<pin id="60258" dir="1" index="1" bw="25" slack="1"/>
</pin_list>
<bind>
<opset="mul_ln73_127 "/>
</bind>
</comp>

<comp id="60260" class="1005" name="mul_ln73_128_reg_60260">
<pin_list>
<pin id="60261" dir="0" index="0" bw="26" slack="1"/>
<pin id="60262" dir="1" index="1" bw="26" slack="1"/>
</pin_list>
<bind>
<opset="mul_ln73_128 "/>
</bind>
</comp>

<comp id="60264" class="1005" name="mul_ln73_129_reg_60264">
<pin_list>
<pin id="60265" dir="0" index="0" bw="24" slack="1"/>
<pin id="60266" dir="1" index="1" bw="24" slack="1"/>
</pin_list>
<bind>
<opset="mul_ln73_129 "/>
</bind>
</comp>

<comp id="60268" class="1005" name="mul_ln73_132_reg_60268">
<pin_list>
<pin id="60269" dir="0" index="0" bw="25" slack="1"/>
<pin id="60270" dir="1" index="1" bw="25" slack="1"/>
</pin_list>
<bind>
<opset="mul_ln73_132 "/>
</bind>
</comp>

<comp id="60272" class="1005" name="mul_ln73_136_reg_60272">
<pin_list>
<pin id="60273" dir="0" index="0" bw="24" slack="1"/>
<pin id="60274" dir="1" index="1" bw="24" slack="1"/>
</pin_list>
<bind>
<opset="mul_ln73_136 "/>
</bind>
</comp>

<comp id="60276" class="1005" name="mul_ln73_137_reg_60276">
<pin_list>
<pin id="60277" dir="0" index="0" bw="26" slack="1"/>
<pin id="60278" dir="1" index="1" bw="26" slack="1"/>
</pin_list>
<bind>
<opset="mul_ln73_137 "/>
</bind>
</comp>

<comp id="60280" class="1005" name="mul_ln73_138_reg_60280">
<pin_list>
<pin id="60281" dir="0" index="0" bw="25" slack="1"/>
<pin id="60282" dir="1" index="1" bw="25" slack="1"/>
</pin_list>
<bind>
<opset="mul_ln73_138 "/>
</bind>
</comp>

<comp id="60284" class="1005" name="mul_ln73_141_reg_60284">
<pin_list>
<pin id="60285" dir="0" index="0" bw="25" slack="1"/>
<pin id="60286" dir="1" index="1" bw="25" slack="1"/>
</pin_list>
<bind>
<opset="mul_ln73_141 "/>
</bind>
</comp>

<comp id="60288" class="1005" name="mul_ln73_144_reg_60288">
<pin_list>
<pin id="60289" dir="0" index="0" bw="25" slack="1"/>
<pin id="60290" dir="1" index="1" bw="25" slack="1"/>
</pin_list>
<bind>
<opset="mul_ln73_144 "/>
</bind>
</comp>

<comp id="60292" class="1005" name="mul_ln73_146_reg_60292">
<pin_list>
<pin id="60293" dir="0" index="0" bw="25" slack="1"/>
<pin id="60294" dir="1" index="1" bw="25" slack="1"/>
</pin_list>
<bind>
<opset="mul_ln73_146 "/>
</bind>
</comp>

<comp id="60296" class="1005" name="mul_ln73_148_reg_60296">
<pin_list>
<pin id="60297" dir="0" index="0" bw="26" slack="1"/>
<pin id="60298" dir="1" index="1" bw="26" slack="1"/>
</pin_list>
<bind>
<opset="mul_ln73_148 "/>
</bind>
</comp>

<comp id="60300" class="1005" name="mul_ln73_149_reg_60300">
<pin_list>
<pin id="60301" dir="0" index="0" bw="25" slack="1"/>
<pin id="60302" dir="1" index="1" bw="25" slack="1"/>
</pin_list>
<bind>
<opset="mul_ln73_149 "/>
</bind>
</comp>

<comp id="60304" class="1005" name="mul_ln73_150_reg_60304">
<pin_list>
<pin id="60305" dir="0" index="0" bw="24" slack="1"/>
<pin id="60306" dir="1" index="1" bw="24" slack="1"/>
</pin_list>
<bind>
<opset="mul_ln73_150 "/>
</bind>
</comp>

<comp id="60308" class="1005" name="mul_ln73_151_reg_60308">
<pin_list>
<pin id="60309" dir="0" index="0" bw="26" slack="1"/>
<pin id="60310" dir="1" index="1" bw="26" slack="1"/>
</pin_list>
<bind>
<opset="mul_ln73_151 "/>
</bind>
</comp>

<comp id="60312" class="1005" name="mul_ln73_152_reg_60312">
<pin_list>
<pin id="60313" dir="0" index="0" bw="25" slack="1"/>
<pin id="60314" dir="1" index="1" bw="25" slack="1"/>
</pin_list>
<bind>
<opset="mul_ln73_152 "/>
</bind>
</comp>

<comp id="60316" class="1005" name="mul_ln73_153_reg_60316">
<pin_list>
<pin id="60317" dir="0" index="0" bw="26" slack="1"/>
<pin id="60318" dir="1" index="1" bw="26" slack="1"/>
</pin_list>
<bind>
<opset="mul_ln73_153 "/>
</bind>
</comp>

<comp id="60320" class="1005" name="mul_ln73_154_reg_60320">
<pin_list>
<pin id="60321" dir="0" index="0" bw="25" slack="1"/>
<pin id="60322" dir="1" index="1" bw="25" slack="1"/>
</pin_list>
<bind>
<opset="mul_ln73_154 "/>
</bind>
</comp>

<comp id="60324" class="1005" name="mul_ln73_156_reg_60324">
<pin_list>
<pin id="60325" dir="0" index="0" bw="25" slack="1"/>
<pin id="60326" dir="1" index="1" bw="25" slack="1"/>
</pin_list>
<bind>
<opset="mul_ln73_156 "/>
</bind>
</comp>

<comp id="60328" class="1005" name="mul_ln73_157_reg_60328">
<pin_list>
<pin id="60329" dir="0" index="0" bw="26" slack="1"/>
<pin id="60330" dir="1" index="1" bw="26" slack="1"/>
</pin_list>
<bind>
<opset="mul_ln73_157 "/>
</bind>
</comp>

<comp id="60332" class="1005" name="mul_ln73_158_reg_60332">
<pin_list>
<pin id="60333" dir="0" index="0" bw="26" slack="1"/>
<pin id="60334" dir="1" index="1" bw="26" slack="1"/>
</pin_list>
<bind>
<opset="mul_ln73_158 "/>
</bind>
</comp>

<comp id="60336" class="1005" name="mul_ln73_159_reg_60336">
<pin_list>
<pin id="60337" dir="0" index="0" bw="24" slack="1"/>
<pin id="60338" dir="1" index="1" bw="24" slack="1"/>
</pin_list>
<bind>
<opset="mul_ln73_159 "/>
</bind>
</comp>

<comp id="60340" class="1005" name="mul_ln73_160_reg_60340">
<pin_list>
<pin id="60341" dir="0" index="0" bw="26" slack="1"/>
<pin id="60342" dir="1" index="1" bw="26" slack="1"/>
</pin_list>
<bind>
<opset="mul_ln73_160 "/>
</bind>
</comp>

<comp id="60344" class="1005" name="mul_ln73_161_reg_60344">
<pin_list>
<pin id="60345" dir="0" index="0" bw="25" slack="1"/>
<pin id="60346" dir="1" index="1" bw="25" slack="1"/>
</pin_list>
<bind>
<opset="mul_ln73_161 "/>
</bind>
</comp>

<comp id="60348" class="1005" name="mul_ln73_162_reg_60348">
<pin_list>
<pin id="60349" dir="0" index="0" bw="23" slack="1"/>
<pin id="60350" dir="1" index="1" bw="23" slack="1"/>
</pin_list>
<bind>
<opset="mul_ln73_162 "/>
</bind>
</comp>

<comp id="60352" class="1005" name="mul_ln73_163_reg_60352">
<pin_list>
<pin id="60353" dir="0" index="0" bw="26" slack="1"/>
<pin id="60354" dir="1" index="1" bw="26" slack="1"/>
</pin_list>
<bind>
<opset="mul_ln73_163 "/>
</bind>
</comp>

<comp id="60356" class="1005" name="mul_ln73_166_reg_60356">
<pin_list>
<pin id="60357" dir="0" index="0" bw="26" slack="1"/>
<pin id="60358" dir="1" index="1" bw="26" slack="1"/>
</pin_list>
<bind>
<opset="mul_ln73_166 "/>
</bind>
</comp>

<comp id="60360" class="1005" name="mul_ln73_168_reg_60360">
<pin_list>
<pin id="60361" dir="0" index="0" bw="25" slack="1"/>
<pin id="60362" dir="1" index="1" bw="25" slack="1"/>
</pin_list>
<bind>
<opset="mul_ln73_168 "/>
</bind>
</comp>

<comp id="60364" class="1005" name="mul_ln73_169_reg_60364">
<pin_list>
<pin id="60365" dir="0" index="0" bw="25" slack="1"/>
<pin id="60366" dir="1" index="1" bw="25" slack="1"/>
</pin_list>
<bind>
<opset="mul_ln73_169 "/>
</bind>
</comp>

<comp id="60368" class="1005" name="mul_ln73_171_reg_60368">
<pin_list>
<pin id="60369" dir="0" index="0" bw="25" slack="1"/>
<pin id="60370" dir="1" index="1" bw="25" slack="1"/>
</pin_list>
<bind>
<opset="mul_ln73_171 "/>
</bind>
</comp>

<comp id="60372" class="1005" name="mul_ln73_172_reg_60372">
<pin_list>
<pin id="60373" dir="0" index="0" bw="23" slack="1"/>
<pin id="60374" dir="1" index="1" bw="23" slack="1"/>
</pin_list>
<bind>
<opset="mul_ln73_172 "/>
</bind>
</comp>

<comp id="61608" class="1005" name="mul_ln73_98_reg_61608">
<pin_list>
<pin id="61609" dir="0" index="0" bw="26" slack="1"/>
<pin id="61610" dir="1" index="1" bw="26" slack="1"/>
</pin_list>
<bind>
<opset="mul_ln73_98 "/>
</bind>
</comp>

<comp id="61612" class="1005" name="mul_ln73_139_reg_61612">
<pin_list>
<pin id="61613" dir="0" index="0" bw="26" slack="1"/>
<pin id="61614" dir="1" index="1" bw="26" slack="1"/>
</pin_list>
<bind>
<opset="mul_ln73_139 "/>
</bind>
</comp>

<comp id="61616" class="1005" name="mul_ln73_140_reg_61616">
<pin_list>
<pin id="61617" dir="0" index="0" bw="26" slack="1"/>
<pin id="61618" dir="1" index="1" bw="26" slack="1"/>
</pin_list>
<bind>
<opset="mul_ln73_140 "/>
</bind>
</comp>

<comp id="61620" class="1005" name="mul_ln73_143_reg_61620">
<pin_list>
<pin id="61621" dir="0" index="0" bw="26" slack="1"/>
<pin id="61622" dir="1" index="1" bw="26" slack="1"/>
</pin_list>
<bind>
<opset="mul_ln73_143 "/>
</bind>
</comp>

<comp id="61624" class="1005" name="mul_ln73_147_reg_61624">
<pin_list>
<pin id="61625" dir="0" index="0" bw="27" slack="1"/>
<pin id="61626" dir="1" index="1" bw="27" slack="1"/>
</pin_list>
<bind>
<opset="mul_ln73_147 "/>
</bind>
</comp>

<comp id="61628" class="1005" name="mul_ln73_155_reg_61628">
<pin_list>
<pin id="61629" dir="0" index="0" bw="27" slack="1"/>
<pin id="61630" dir="1" index="1" bw="27" slack="1"/>
</pin_list>
<bind>
<opset="mul_ln73_155 "/>
</bind>
</comp>

<comp id="61632" class="1005" name="mul_ln73_164_reg_61632">
<pin_list>
<pin id="61633" dir="0" index="0" bw="22" slack="1"/>
<pin id="61634" dir="1" index="1" bw="22" slack="1"/>
</pin_list>
<bind>
<opset="mul_ln73_164 "/>
</bind>
</comp>

<comp id="61636" class="1005" name="mul_ln73_165_reg_61636">
<pin_list>
<pin id="61637" dir="0" index="0" bw="26" slack="1"/>
<pin id="61638" dir="1" index="1" bw="26" slack="1"/>
</pin_list>
<bind>
<opset="mul_ln73_165 "/>
</bind>
</comp>

<comp id="61640" class="1005" name="mul_ln73_167_reg_61640">
<pin_list>
<pin id="61641" dir="0" index="0" bw="27" slack="1"/>
<pin id="61642" dir="1" index="1" bw="27" slack="1"/>
</pin_list>
<bind>
<opset="mul_ln73_167 "/>
</bind>
</comp>

<comp id="61644" class="1005" name="mul_ln73_170_reg_61644">
<pin_list>
<pin id="61645" dir="0" index="0" bw="22" slack="1"/>
<pin id="61646" dir="1" index="1" bw="22" slack="1"/>
</pin_list>
<bind>
<opset="mul_ln73_170 "/>
</bind>
</comp>

<comp id="61648" class="1005" name="mul_ln58_reg_61648">
<pin_list>
<pin id="61649" dir="0" index="0" bw="26" slack="1"/>
<pin id="61650" dir="1" index="1" bw="26" slack="1"/>
</pin_list>
<bind>
<opset="mul_ln58 "/>
</bind>
</comp>

<comp id="61653" class="1004" name="sext_ln70_fu_61653">
<pin_list>
<pin id="61654" dir="0" index="0" bw="16" slack="0"/>
<pin id="61655" dir="1" index="1" bw="26" slack="0"/>
</pin_list>
<bind>
<opcode="sext(35) " fcode="sext"/>
<opset="sext_ln70/1 "/>
</bind>
</comp>

<comp id="61660" class="1004" name="sext_ln73_fu_61660">
<pin_list>
<pin id="61661" dir="0" index="0" bw="16" slack="0"/>
<pin id="61662" dir="1" index="1" bw="25" slack="0"/>
</pin_list>
<bind>
<opcode="sext(35) " fcode="sext"/>
<opset="sext_ln73/1 "/>
</bind>
</comp>

<comp id="61666" class="1004" name="sext_ln73_30_fu_61666">
<pin_list>
<pin id="61667" dir="0" index="0" bw="16" slack="0"/>
<pin id="61668" dir="1" index="1" bw="23" slack="0"/>
</pin_list>
<bind>
<opcode="sext(35) " fcode="sext"/>
<opset="sext_ln73_30/1 "/>
</bind>
</comp>

<comp id="61672" class="1004" name="shl_ln73_s_fu_61672">
<pin_list>
<pin id="61673" dir="0" index="0" bw="22" slack="0"/>
<pin id="61674" dir="0" index="1" bw="16" slack="0"/>
<pin id="61675" dir="0" index="2" bw="1" slack="0"/>
<pin id="61676" dir="1" index="3" bw="22" slack="0"/>
</pin_list>
<bind>
<opcode="bitconcatenate(1004) " fcode="bitconcatenate"/>
<opset="shl_ln73_s/1 "/>
</bind>
</comp>

<comp id="61680" class="1004" name="sext_ln73_31_fu_61680">
<pin_list>
<pin id="61681" dir="0" index="0" bw="22" slack="0"/>
<pin id="61682" dir="1" index="1" bw="23" slack="0"/>
</pin_list>
<bind>
<opcode="sext(35) " fcode="sext"/>
<opset="sext_ln73_31/1 "/>
</bind>
</comp>

<comp id="61684" class="1004" name="shl_ln73_12_fu_61684">
<pin_list>
<pin id="61685" dir="0" index="0" bw="17" slack="0"/>
<pin id="61686" dir="0" index="1" bw="16" slack="0"/>
<pin id="61687" dir="0" index="2" bw="1" slack="0"/>
<pin id="61688" dir="1" index="3" bw="17" slack="0"/>
</pin_list>
<bind>
<opcode="bitconcatenate(1004) " fcode="bitconcatenate"/>
<opset="shl_ln73_12/1 "/>
</bind>
</comp>

<comp id="61692" class="1004" name="sext_ln73_32_fu_61692">
<pin_list>
<pin id="61693" dir="0" index="0" bw="17" slack="0"/>
<pin id="61694" dir="1" index="1" bw="18" slack="0"/>
</pin_list>
<bind>
<opcode="sext(35) " fcode="sext"/>
<opset="sext_ln73_32/1 "/>
</bind>
</comp>

<comp id="61696" class="1004" name="sext_ln70_27_fu_61696">
<pin_list>
<pin id="61697" dir="0" index="0" bw="16" slack="0"/>
<pin id="61698" dir="1" index="1" bw="25" slack="0"/>
</pin_list>
<bind>
<opcode="sext(35) " fcode="sext"/>
<opset="sext_ln70_27/1 "/>
</bind>
</comp>

<comp id="61702" class="1004" name="sext_ln70_28_fu_61702">
<pin_list>
<pin id="61703" dir="0" index="0" bw="16" slack="0"/>
<pin id="61704" dir="1" index="1" bw="26" slack="0"/>
</pin_list>
<bind>
<opcode="sext(35) " fcode="sext"/>
<opset="sext_ln70_28/1 "/>
</bind>
</comp>

<comp id="61710" class="1004" name="sext_ln73_35_fu_61710">
<pin_list>
<pin id="61711" dir="0" index="0" bw="16" slack="0"/>
<pin id="61712" dir="1" index="1" bw="21" slack="0"/>
</pin_list>
<bind>
<opcode="sext(35) " fcode="sext"/>
<opset="sext_ln73_35/1 "/>
</bind>
</comp>

<comp id="61715" class="1004" name="shl_ln_fu_61715">
<pin_list>
<pin id="61716" dir="0" index="0" bw="20" slack="0"/>
<pin id="61717" dir="0" index="1" bw="16" slack="0"/>
<pin id="61718" dir="0" index="2" bw="1" slack="0"/>
<pin id="61719" dir="1" index="3" bw="20" slack="0"/>
</pin_list>
<bind>
<opcode="bitconcatenate(1004) " fcode="bitconcatenate"/>
<opset="shl_ln/1 "/>
</bind>
</comp>

<comp id="61723" class="1004" name="sext_ln73_37_fu_61723">
<pin_list>
<pin id="61724" dir="0" index="0" bw="20" slack="0"/>
<pin id="61725" dir="1" index="1" bw="23" slack="0"/>
</pin_list>
<bind>
<opcode="sext(35) " fcode="sext"/>
<opset="sext_ln73_37/1 "/>
</bind>
</comp>

<comp id="61727" class="1004" name="sext_ln70_29_fu_61727">
<pin_list>
<pin id="61728" dir="0" index="0" bw="16" slack="0"/>
<pin id="61729" dir="1" index="1" bw="26" slack="0"/>
</pin_list>
<bind>
<opcode="sext(35) " fcode="sext"/>
<opset="sext_ln70_29/1 "/>
</bind>
</comp>

<comp id="61732" class="1004" name="sext_ln70_30_fu_61732">
<pin_list>
<pin id="61733" dir="0" index="0" bw="16" slack="0"/>
<pin id="61734" dir="1" index="1" bw="25" slack="0"/>
</pin_list>
<bind>
<opcode="sext(35) " fcode="sext"/>
<opset="sext_ln70_30/1 "/>
</bind>
</comp>

<comp id="61739" class="1004" name="shl_ln73_15_fu_61739">
<pin_list>
<pin id="61740" dir="0" index="0" bw="23" slack="0"/>
<pin id="61741" dir="0" index="1" bw="16" slack="0"/>
<pin id="61742" dir="0" index="2" bw="1" slack="0"/>
<pin id="61743" dir="1" index="3" bw="23" slack="0"/>
</pin_list>
<bind>
<opcode="bitconcatenate(1004) " fcode="bitconcatenate"/>
<opset="shl_ln73_15/1 "/>
</bind>
</comp>

<comp id="61747" class="1004" name="sext_ln73_39_fu_61747">
<pin_list>
<pin id="61748" dir="0" index="0" bw="23" slack="0"/>
<pin id="61749" dir="1" index="1" bw="24" slack="0"/>
</pin_list>
<bind>
<opcode="sext(35) " fcode="sext"/>
<opset="sext_ln73_39/1 "/>
</bind>
</comp>

<comp id="61751" class="1004" name="shl_ln73_16_fu_61751">
<pin_list>
<pin id="61752" dir="0" index="0" bw="21" slack="0"/>
<pin id="61753" dir="0" index="1" bw="16" slack="0"/>
<pin id="61754" dir="0" index="2" bw="1" slack="0"/>
<pin id="61755" dir="1" index="3" bw="21" slack="0"/>
</pin_list>
<bind>
<opcode="bitconcatenate(1004) " fcode="bitconcatenate"/>
<opset="shl_ln73_16/1 "/>
</bind>
</comp>

<comp id="61759" class="1004" name="sext_ln73_40_fu_61759">
<pin_list>
<pin id="61760" dir="0" index="0" bw="21" slack="0"/>
<pin id="61761" dir="1" index="1" bw="24" slack="0"/>
</pin_list>
<bind>
<opcode="sext(35) " fcode="sext"/>
<opset="sext_ln73_40/1 "/>
</bind>
</comp>

<comp id="61763" class="1004" name="sub_ln73_8_fu_61763">
<pin_list>
<pin id="61764" dir="0" index="0" bw="21" slack="0"/>
<pin id="61765" dir="0" index="1" bw="23" slack="0"/>
<pin id="61766" dir="1" index="2" bw="24" slack="1"/>
</pin_list>
<bind>
<opcode="sub(10) " fcode="sub"/>
<opset="sub_ln73_8/1 "/>
</bind>
</comp>

<comp id="61769" class="1004" name="sext_ln73_42_fu_61769">
<pin_list>
<pin id="61770" dir="0" index="0" bw="16" slack="0"/>
<pin id="61771" dir="1" index="1" bw="24" slack="0"/>
</pin_list>
<bind>
<opcode="sext(35) " fcode="sext"/>
<opset="sext_ln73_42/1 "/>
</bind>
</comp>

<comp id="61774" class="1004" name="sext_ln70_31_fu_61774">
<pin_list>
<pin id="61775" dir="0" index="0" bw="16" slack="0"/>
<pin id="61776" dir="1" index="1" bw="24" slack="0"/>
</pin_list>
<bind>
<opcode="sext(35) " fcode="sext"/>
<opset="sext_ln70_31/1 "/>
</bind>
</comp>

<comp id="61779" class="1004" name="sext_ln70_32_fu_61779">
<pin_list>
<pin id="61780" dir="0" index="0" bw="16" slack="0"/>
<pin id="61781" dir="1" index="1" bw="23" slack="0"/>
</pin_list>
<bind>
<opcode="sext(35) " fcode="sext"/>
<opset="sext_ln70_32/1 "/>
</bind>
</comp>

<comp id="61784" class="1004" name="sext_ln70_33_fu_61784">
<pin_list>
<pin id="61785" dir="0" index="0" bw="16" slack="0"/>
<pin id="61786" dir="1" index="1" bw="25" slack="0"/>
</pin_list>
<bind>
<opcode="sext(35) " fcode="sext"/>
<opset="sext_ln70_33/1 "/>
</bind>
</comp>

<comp id="61789" class="1004" name="sext_ln70_34_fu_61789">
<pin_list>
<pin id="61790" dir="0" index="0" bw="16" slack="0"/>
<pin id="61791" dir="1" index="1" bw="26" slack="0"/>
</pin_list>
<bind>
<opcode="sext(35) " fcode="sext"/>
<opset="sext_ln70_34/1 "/>
</bind>
</comp>

<comp id="61794" class="1004" name="sext_ln70_37_fu_61794">
<pin_list>
<pin id="61795" dir="0" index="0" bw="16" slack="0"/>
<pin id="61796" dir="1" index="1" bw="26" slack="0"/>
</pin_list>
<bind>
<opcode="sext(35) " fcode="sext"/>
<opset="sext_ln70_37/1 "/>
</bind>
</comp>

<comp id="61802" class="1004" name="sext_ln70_38_fu_61802">
<pin_list>
<pin id="61803" dir="0" index="0" bw="16" slack="0"/>
<pin id="61804" dir="1" index="1" bw="26" slack="0"/>
</pin_list>
<bind>
<opcode="sext(35) " fcode="sext"/>
<opset="sext_ln70_38/1 "/>
</bind>
</comp>

<comp id="61808" class="1004" name="sext_ln70_39_fu_61808">
<pin_list>
<pin id="61809" dir="0" index="0" bw="16" slack="0"/>
<pin id="61810" dir="1" index="1" bw="24" slack="0"/>
</pin_list>
<bind>
<opcode="sext(35) " fcode="sext"/>
<opset="sext_ln70_39/1 "/>
</bind>
</comp>

<comp id="61813" class="1004" name="sext_ln70_40_fu_61813">
<pin_list>
<pin id="61814" dir="0" index="0" bw="16" slack="0"/>
<pin id="61815" dir="1" index="1" bw="25" slack="0"/>
</pin_list>
<bind>
<opcode="sext(35) " fcode="sext"/>
<opset="sext_ln70_40/1 "/>
</bind>
</comp>

<comp id="61820" class="1004" name="sext_ln73_56_fu_61820">
<pin_list>
<pin id="61821" dir="0" index="0" bw="16" slack="0"/>
<pin id="61822" dir="1" index="1" bw="23" slack="0"/>
</pin_list>
<bind>
<opcode="sext(35) " fcode="sext"/>
<opset="sext_ln73_56/1 "/>
</bind>
</comp>

<comp id="61825" class="1004" name="sext_ln70_41_fu_61825">
<pin_list>
<pin id="61826" dir="0" index="0" bw="16" slack="0"/>
<pin id="61827" dir="1" index="1" bw="26" slack="0"/>
</pin_list>
<bind>
<opcode="sext(35) " fcode="sext"/>
<opset="sext_ln70_41/1 "/>
</bind>
</comp>

<comp id="61831" class="1004" name="sext_ln70_42_fu_61831">
<pin_list>
<pin id="61832" dir="0" index="0" bw="16" slack="0"/>
<pin id="61833" dir="1" index="1" bw="24" slack="0"/>
</pin_list>
<bind>
<opcode="sext(35) " fcode="sext"/>
<opset="sext_ln70_42/1 "/>
</bind>
</comp>

<comp id="61837" class="1004" name="sext_ln70_43_fu_61837">
<pin_list>
<pin id="61838" dir="0" index="0" bw="16" slack="0"/>
<pin id="61839" dir="1" index="1" bw="25" slack="0"/>
</pin_list>
<bind>
<opcode="sext(35) " fcode="sext"/>
<opset="sext_ln70_43/1 "/>
</bind>
</comp>

<comp id="61843" class="1004" name="sext_ln70_44_fu_61843">
<pin_list>
<pin id="61844" dir="0" index="0" bw="16" slack="0"/>
<pin id="61845" dir="1" index="1" bw="24" slack="0"/>
</pin_list>
<bind>
<opcode="sext(35) " fcode="sext"/>
<opset="sext_ln70_44/1 "/>
</bind>
</comp>

<comp id="61849" class="1004" name="sext_ln70_45_fu_61849">
<pin_list>
<pin id="61850" dir="0" index="0" bw="16" slack="0"/>
<pin id="61851" dir="1" index="1" bw="22" slack="0"/>
</pin_list>
<bind>
<opcode="sext(35) " fcode="sext"/>
<opset="sext_ln70_45/1 "/>
</bind>
</comp>

<comp id="61854" class="1004" name="sext_ln70_46_fu_61854">
<pin_list>
<pin id="61855" dir="0" index="0" bw="16" slack="0"/>
<pin id="61856" dir="1" index="1" bw="26" slack="0"/>
</pin_list>
<bind>
<opcode="sext(35) " fcode="sext"/>
<opset="sext_ln70_46/1 "/>
</bind>
</comp>

<comp id="61859" class="1004" name="sext_ln70_47_fu_61859">
<pin_list>
<pin id="61860" dir="0" index="0" bw="16" slack="0"/>
<pin id="61861" dir="1" index="1" bw="23" slack="0"/>
</pin_list>
<bind>
<opcode="sext(35) " fcode="sext"/>
<opset="sext_ln70_47/1 "/>
</bind>
</comp>

<comp id="61865" class="1004" name="sext_ln70_48_fu_61865">
<pin_list>
<pin id="61866" dir="0" index="0" bw="16" slack="0"/>
<pin id="61867" dir="1" index="1" bw="25" slack="0"/>
</pin_list>
<bind>
<opcode="sext(35) " fcode="sext"/>
<opset="sext_ln70_48/1 "/>
</bind>
</comp>

<comp id="61870" class="1004" name="sext_ln70_51_fu_61870">
<pin_list>
<pin id="61871" dir="0" index="0" bw="16" slack="0"/>
<pin id="61872" dir="1" index="1" bw="24" slack="0"/>
</pin_list>
<bind>
<opcode="sext(35) " fcode="sext"/>
<opset="sext_ln70_51/1 "/>
</bind>
</comp>

<comp id="61875" class="1004" name="sext_ln70_53_fu_61875">
<pin_list>
<pin id="61876" dir="0" index="0" bw="16" slack="0"/>
<pin id="61877" dir="1" index="1" bw="23" slack="0"/>
</pin_list>
<bind>
<opcode="sext(35) " fcode="sext"/>
<opset="sext_ln70_53/1 "/>
</bind>
</comp>

<comp id="61880" class="1004" name="sext_ln70_56_fu_61880">
<pin_list>
<pin id="61881" dir="0" index="0" bw="16" slack="0"/>
<pin id="61882" dir="1" index="1" bw="25" slack="0"/>
</pin_list>
<bind>
<opcode="sext(35) " fcode="sext"/>
<opset="sext_ln70_56/1 "/>
</bind>
</comp>

<comp id="61885" class="1004" name="sext_ln70_57_fu_61885">
<pin_list>
<pin id="61886" dir="0" index="0" bw="16" slack="0"/>
<pin id="61887" dir="1" index="1" bw="23" slack="0"/>
</pin_list>
<bind>
<opcode="sext(35) " fcode="sext"/>
<opset="sext_ln70_57/1 "/>
</bind>
</comp>

<comp id="61891" class="1004" name="sext_ln70_58_fu_61891">
<pin_list>
<pin id="61892" dir="0" index="0" bw="16" slack="0"/>
<pin id="61893" dir="1" index="1" bw="24" slack="0"/>
</pin_list>
<bind>
<opcode="sext(35) " fcode="sext"/>
<opset="sext_ln70_58/1 "/>
</bind>
</comp>

<comp id="61897" class="1004" name="sext_ln70_59_fu_61897">
<pin_list>
<pin id="61898" dir="0" index="0" bw="16" slack="0"/>
<pin id="61899" dir="1" index="1" bw="24" slack="0"/>
</pin_list>
<bind>
<opcode="sext(35) " fcode="sext"/>
<opset="sext_ln70_59/1 "/>
</bind>
</comp>

<comp id="61903" class="1004" name="add_ln58_60_fu_61903">
<pin_list>
<pin id="61904" dir="0" index="0" bw="22" slack="0"/>
<pin id="61905" dir="0" index="1" bw="20" slack="0"/>
<pin id="61906" dir="1" index="2" bw="23" slack="0"/>
</pin_list>
<bind>
<opcode="add(8) " fcode="add"/>
<opset="add_ln58_60/1 "/>
</bind>
</comp>

<comp id="61909" class="1004" name="add_ln58_61_fu_61909">
<pin_list>
<pin id="61910" dir="0" index="0" bw="17" slack="0"/>
<pin id="61911" dir="0" index="1" bw="18" slack="0"/>
<pin id="61912" dir="1" index="2" bw="18" slack="0"/>
</pin_list>
<bind>
<opcode="add(8) " fcode="add"/>
<opset="add_ln58_61/1 "/>
</bind>
</comp>

<comp id="61915" class="1004" name="zext_ln58_fu_61915">
<pin_list>
<pin id="61916" dir="0" index="0" bw="18" slack="0"/>
<pin id="61917" dir="1" index="1" bw="23" slack="0"/>
</pin_list>
<bind>
<opcode="zext(34) " fcode="zext"/>
<opset="zext_ln58/1 "/>
</bind>
</comp>

<comp id="61919" class="1004" name="add_ln58_62_fu_61919">
<pin_list>
<pin id="61920" dir="0" index="0" bw="18" slack="0"/>
<pin id="61921" dir="0" index="1" bw="23" slack="0"/>
<pin id="61922" dir="1" index="2" bw="23" slack="1"/>
</pin_list>
<bind>
<opcode="add(8) " fcode="add"/>
<opset="add_ln58_62/1 "/>
</bind>
</comp>

<comp id="61925" class="1004" name="sext_ln70_26_fu_61925">
<pin_list>
<pin id="61926" dir="0" index="0" bw="16" slack="1"/>
<pin id="61927" dir="1" index="1" bw="24" slack="0"/>
</pin_list>
<bind>
<opcode="sext(35) " fcode="sext"/>
<opset="sext_ln70_26/2 "/>
</bind>
</comp>

<comp id="61929" class="1004" name="shl_ln73_13_fu_61929">
<pin_list>
<pin id="61930" dir="0" index="0" bw="22" slack="0"/>
<pin id="61931" dir="0" index="1" bw="16" slack="1"/>
<pin id="61932" dir="0" index="2" bw="1" slack="0"/>
<pin id="61933" dir="1" index="3" bw="22" slack="0"/>
</pin_list>
<bind>
<opcode="bitconcatenate(1004) " fcode="bitconcatenate"/>
<opset="shl_ln73_13/2 "/>
</bind>
</comp>

<comp id="61936" class="1004" name="sext_ln73_33_fu_61936">
<pin_list>
<pin id="61937" dir="0" index="0" bw="22" slack="0"/>
<pin id="61938" dir="1" index="1" bw="23" slack="0"/>
</pin_list>
<bind>
<opcode="sext(35) " fcode="sext"/>
<opset="sext_ln73_33/2 "/>
</bind>
</comp>

<comp id="61940" class="1004" name="shl_ln73_14_fu_61940">
<pin_list>
<pin id="61941" dir="0" index="0" bw="19" slack="0"/>
<pin id="61942" dir="0" index="1" bw="16" slack="1"/>
<pin id="61943" dir="0" index="2" bw="1" slack="0"/>
<pin id="61944" dir="1" index="3" bw="19" slack="0"/>
</pin_list>
<bind>
<opcode="bitconcatenate(1004) " fcode="bitconcatenate"/>
<opset="shl_ln73_14/2 "/>
</bind>
</comp>

<comp id="61947" class="1004" name="sext_ln73_34_fu_61947">
<pin_list>
<pin id="61948" dir="0" index="0" bw="19" slack="0"/>
<pin id="61949" dir="1" index="1" bw="23" slack="0"/>
</pin_list>
<bind>
<opcode="sext(35) " fcode="sext"/>
<opset="sext_ln73_34/2 "/>
</bind>
</comp>

<comp id="61951" class="1004" name="add_ln73_fu_61951">
<pin_list>
<pin id="61952" dir="0" index="0" bw="22" slack="0"/>
<pin id="61953" dir="0" index="1" bw="19" slack="0"/>
<pin id="61954" dir="1" index="2" bw="23" slack="0"/>
</pin_list>
<bind>
<opcode="add(8) " fcode="add"/>
<opset="add_ln73/2 "/>
</bind>
</comp>

<comp id="61957" class="1004" name="sext_ln73_36_fu_61957">
<pin_list>
<pin id="61958" dir="0" index="0" bw="25" slack="1"/>
<pin id="61959" dir="1" index="1" bw="26" slack="0"/>
</pin_list>
<bind>
<opcode="sext(35) " fcode="sext"/>
<opset="sext_ln73_36/2 "/>
</bind>
</comp>

<comp id="61961" class="1004" name="sext_ln73_41_fu_61961">
<pin_list>
<pin id="61962" dir="0" index="0" bw="24" slack="1"/>
<pin id="61963" dir="1" index="1" bw="25" slack="0"/>
</pin_list>
<bind>
<opcode="sext(35) " fcode="sext"/>
<opset="sext_ln73_41/2 "/>
</bind>
</comp>

<comp id="61964" class="1004" name="sext_ln73_43_fu_61964">
<pin_list>
<pin id="61965" dir="0" index="0" bw="25" slack="1"/>
<pin id="61966" dir="1" index="1" bw="26" slack="0"/>
</pin_list>
<bind>
<opcode="sext(35) " fcode="sext"/>
<opset="sext_ln73_43/2 "/>
</bind>
</comp>

<comp id="61968" class="1004" name="sext_ln73_45_fu_61968">
<pin_list>
<pin id="61969" dir="0" index="0" bw="26" slack="1"/>
<pin id="61970" dir="1" index="1" bw="27" slack="0"/>
</pin_list>
<bind>
<opcode="sext(35) " fcode="sext"/>
<opset="sext_ln73_45/2 "/>
</bind>
</comp>

<comp id="61972" class="1004" name="sext_ln73_47_fu_61972">
<pin_list>
<pin id="61973" dir="0" index="0" bw="23" slack="1"/>
<pin id="61974" dir="1" index="1" bw="24" slack="0"/>
</pin_list>
<bind>
<opcode="sext(35) " fcode="sext"/>
<opset="sext_ln73_47/2 "/>
</bind>
</comp>

<comp id="61976" class="1004" name="sext_ln70_35_fu_61976">
<pin_list>
<pin id="61977" dir="0" index="0" bw="16" slack="1"/>
<pin id="61978" dir="1" index="1" bw="25" slack="0"/>
</pin_list>
<bind>
<opcode="sext(35) " fcode="sext"/>
<opset="sext_ln70_35/2 "/>
</bind>
</comp>

<comp id="61981" class="1004" name="sext_ln70_36_fu_61981">
<pin_list>
<pin id="61982" dir="0" index="0" bw="16" slack="1"/>
<pin id="61983" dir="1" index="1" bw="24" slack="0"/>
</pin_list>
<bind>
<opcode="sext(35) " fcode="sext"/>
<opset="sext_ln70_36/2 "/>
</bind>
</comp>

<comp id="61985" class="1004" name="sext_ln73_51_fu_61985">
<pin_list>
<pin id="61986" dir="0" index="0" bw="25" slack="1"/>
<pin id="61987" dir="1" index="1" bw="26" slack="0"/>
</pin_list>
<bind>
<opcode="sext(35) " fcode="sext"/>
<opset="sext_ln73_51/2 "/>
</bind>
</comp>

<comp id="61989" class="1004" name="sext_ln73_52_fu_61989">
<pin_list>
<pin id="61990" dir="0" index="0" bw="24" slack="1"/>
<pin id="61991" dir="1" index="1" bw="25" slack="0"/>
</pin_list>
<bind>
<opcode="sext(35) " fcode="sext"/>
<opset="sext_ln73_52/2 "/>
</bind>
</comp>

<comp id="61993" class="1004" name="sext_ln73_55_fu_61993">
<pin_list>
<pin id="61994" dir="0" index="0" bw="25" slack="1"/>
<pin id="61995" dir="1" index="1" bw="26" slack="0"/>
</pin_list>
<bind>
<opcode="sext(35) " fcode="sext"/>
<opset="sext_ln73_55/2 "/>
</bind>
</comp>

<comp id="61997" class="1004" name="sext_ln73_61_fu_61997">
<pin_list>
<pin id="61998" dir="0" index="0" bw="26" slack="1"/>
<pin id="61999" dir="1" index="1" bw="27" slack="0"/>
</pin_list>
<bind>
<opcode="sext(35) " fcode="sext"/>
<opset="sext_ln73_61/2 "/>
</bind>
</comp>

<comp id="62001" class="1004" name="shl_ln73_20_fu_62001">
<pin_list>
<pin id="62002" dir="0" index="0" bw="22" slack="0"/>
<pin id="62003" dir="0" index="1" bw="16" slack="1"/>
<pin id="62004" dir="0" index="2" bw="1" slack="0"/>
<pin id="62005" dir="1" index="3" bw="22" slack="0"/>
</pin_list>
<bind>
<opcode="bitconcatenate(1004) " fcode="bitconcatenate"/>
<opset="shl_ln73_20/2 "/>
</bind>
</comp>

<comp id="62008" class="1004" name="sext_ln73_64_fu_62008">
<pin_list>
<pin id="62009" dir="0" index="0" bw="22" slack="0"/>
<pin id="62010" dir="1" index="1" bw="23" slack="0"/>
</pin_list>
<bind>
<opcode="sext(35) " fcode="sext"/>
<opset="sext_ln73_64/2 "/>
</bind>
</comp>

<comp id="62012" class="1004" name="shl_ln73_21_fu_62012">
<pin_list>
<pin id="62013" dir="0" index="0" bw="20" slack="0"/>
<pin id="62014" dir="0" index="1" bw="16" slack="1"/>
<pin id="62015" dir="0" index="2" bw="1" slack="0"/>
<pin id="62016" dir="1" index="3" bw="20" slack="0"/>
</pin_list>
<bind>
<opcode="bitconcatenate(1004) " fcode="bitconcatenate"/>
<opset="shl_ln73_21/2 "/>
</bind>
</comp>

<comp id="62019" class="1004" name="sext_ln73_65_fu_62019">
<pin_list>
<pin id="62020" dir="0" index="0" bw="20" slack="0"/>
<pin id="62021" dir="1" index="1" bw="23" slack="0"/>
</pin_list>
<bind>
<opcode="sext(35) " fcode="sext"/>
<opset="sext_ln73_65/2 "/>
</bind>
</comp>

<comp id="62023" class="1004" name="add_ln73_1_fu_62023">
<pin_list>
<pin id="62024" dir="0" index="0" bw="22" slack="0"/>
<pin id="62025" dir="0" index="1" bw="20" slack="0"/>
<pin id="62026" dir="1" index="2" bw="23" slack="0"/>
</pin_list>
<bind>
<opcode="add(8) " fcode="add"/>
<opset="add_ln73_1/2 "/>
</bind>
</comp>

<comp id="62029" class="1004" name="sext_ln73_66_fu_62029">
<pin_list>
<pin id="62030" dir="0" index="0" bw="23" slack="0"/>
<pin id="62031" dir="1" index="1" bw="24" slack="0"/>
</pin_list>
<bind>
<opcode="sext(35) " fcode="sext"/>
<opset="sext_ln73_66/2 "/>
</bind>
</comp>

<comp id="62033" class="1004" name="sext_ln70_49_fu_62033">
<pin_list>
<pin id="62034" dir="0" index="0" bw="16" slack="1"/>
<pin id="62035" dir="1" index="1" bw="26" slack="0"/>
</pin_list>
<bind>
<opcode="sext(35) " fcode="sext"/>
<opset="sext_ln70_49/2 "/>
</bind>
</comp>

<comp id="62041" class="1004" name="sext_ln70_50_fu_62041">
<pin_list>
<pin id="62042" dir="0" index="0" bw="16" slack="1"/>
<pin id="62043" dir="1" index="1" bw="25" slack="0"/>
</pin_list>
<bind>
<opcode="sext(35) " fcode="sext"/>
<opset="sext_ln70_50/2 "/>
</bind>
</comp>

<comp id="62047" class="1004" name="shl_ln73_22_fu_62047">
<pin_list>
<pin id="62048" dir="0" index="0" bw="24" slack="0"/>
<pin id="62049" dir="0" index="1" bw="16" slack="1"/>
<pin id="62050" dir="0" index="2" bw="1" slack="0"/>
<pin id="62051" dir="1" index="3" bw="24" slack="0"/>
</pin_list>
<bind>
<opcode="bitconcatenate(1004) " fcode="bitconcatenate"/>
<opset="shl_ln73_22/2 "/>
</bind>
</comp>

<comp id="62054" class="1004" name="sext_ln73_67_fu_62054">
<pin_list>
<pin id="62055" dir="0" index="0" bw="24" slack="0"/>
<pin id="62056" dir="1" index="1" bw="25" slack="0"/>
</pin_list>
<bind>
<opcode="sext(35) " fcode="sext"/>
<opset="sext_ln73_67/2 "/>
</bind>
</comp>

<comp id="62058" class="1004" name="add_ln73_2_fu_62058">
<pin_list>
<pin id="62059" dir="0" index="0" bw="24" slack="0"/>
<pin id="62060" dir="0" index="1" bw="16" slack="0"/>
<pin id="62061" dir="1" index="2" bw="25" slack="0"/>
</pin_list>
<bind>
<opcode="add(8) " fcode="add"/>
<opset="add_ln73_2/2 "/>
</bind>
</comp>

<comp id="62064" class="1004" name="shl_ln73_23_fu_62064">
<pin_list>
<pin id="62065" dir="0" index="0" bw="21" slack="0"/>
<pin id="62066" dir="0" index="1" bw="16" slack="1"/>
<pin id="62067" dir="0" index="2" bw="1" slack="0"/>
<pin id="62068" dir="1" index="3" bw="21" slack="0"/>
</pin_list>
<bind>
<opcode="bitconcatenate(1004) " fcode="bitconcatenate"/>
<opset="shl_ln73_23/2 "/>
</bind>
</comp>

<comp id="62071" class="1004" name="sext_ln73_68_fu_62071">
<pin_list>
<pin id="62072" dir="0" index="0" bw="21" slack="0"/>
<pin id="62073" dir="1" index="1" bw="22" slack="0"/>
</pin_list>
<bind>
<opcode="sext(35) " fcode="sext"/>
<opset="sext_ln73_68/2 "/>
</bind>
</comp>

<comp id="62075" class="1004" name="shl_ln73_24_fu_62075">
<pin_list>
<pin id="62076" dir="0" index="0" bw="19" slack="0"/>
<pin id="62077" dir="0" index="1" bw="16" slack="1"/>
<pin id="62078" dir="0" index="2" bw="1" slack="0"/>
<pin id="62079" dir="1" index="3" bw="19" slack="0"/>
</pin_list>
<bind>
<opcode="bitconcatenate(1004) " fcode="bitconcatenate"/>
<opset="shl_ln73_24/2 "/>
</bind>
</comp>

<comp id="62082" class="1004" name="sext_ln73_69_fu_62082">
<pin_list>
<pin id="62083" dir="0" index="0" bw="19" slack="0"/>
<pin id="62084" dir="1" index="1" bw="22" slack="0"/>
</pin_list>
<bind>
<opcode="sext(35) " fcode="sext"/>
<opset="sext_ln73_69/2 "/>
</bind>
</comp>

<comp id="62086" class="1004" name="sub_ln73_12_fu_62086">
<pin_list>
<pin id="62087" dir="0" index="0" bw="19" slack="0"/>
<pin id="62088" dir="0" index="1" bw="21" slack="0"/>
<pin id="62089" dir="1" index="2" bw="22" slack="0"/>
</pin_list>
<bind>
<opcode="sub(10) " fcode="sub"/>
<opset="sub_ln73_12/2 "/>
</bind>
</comp>

<comp id="62092" class="1004" name="sext_ln73_70_fu_62092">
<pin_list>
<pin id="62093" dir="0" index="0" bw="22" slack="0"/>
<pin id="62094" dir="1" index="1" bw="23" slack="0"/>
</pin_list>
<bind>
<opcode="sext(35) " fcode="sext"/>
<opset="sext_ln73_70/2 "/>
</bind>
</comp>

<comp id="62096" class="1004" name="sext_ln70_52_fu_62096">
<pin_list>
<pin id="62097" dir="0" index="0" bw="16" slack="1"/>
<pin id="62098" dir="1" index="1" bw="26" slack="0"/>
</pin_list>
<bind>
<opcode="sext(35) " fcode="sext"/>
<opset="sext_ln70_52/2 "/>
</bind>
</comp>

<comp id="62103" class="1004" name="sext_ln70_54_fu_62103">
<pin_list>
<pin id="62104" dir="0" index="0" bw="16" slack="1"/>
<pin id="62105" dir="1" index="1" bw="25" slack="0"/>
</pin_list>
<bind>
<opcode="sext(35) " fcode="sext"/>
<opset="sext_ln70_54/2 "/>
</bind>
</comp>

<comp id="62109" class="1004" name="shl_ln73_25_fu_62109">
<pin_list>
<pin id="62110" dir="0" index="0" bw="19" slack="0"/>
<pin id="62111" dir="0" index="1" bw="16" slack="1"/>
<pin id="62112" dir="0" index="2" bw="1" slack="0"/>
<pin id="62113" dir="1" index="3" bw="19" slack="0"/>
</pin_list>
<bind>
<opcode="bitconcatenate(1004) " fcode="bitconcatenate"/>
<opset="shl_ln73_25/2 "/>
</bind>
</comp>

<comp id="62116" class="1004" name="sext_ln73_75_fu_62116">
<pin_list>
<pin id="62117" dir="0" index="0" bw="19" slack="0"/>
<pin id="62118" dir="1" index="1" bw="20" slack="0"/>
</pin_list>
<bind>
<opcode="sext(35) " fcode="sext"/>
<opset="sext_ln73_75/2 "/>
</bind>
</comp>

<comp id="62120" class="1004" name="sub_ln73_13_fu_62120">
<pin_list>
<pin id="62121" dir="0" index="0" bw="1" slack="0"/>
<pin id="62122" dir="0" index="1" bw="19" slack="0"/>
<pin id="62123" dir="1" index="2" bw="20" slack="0"/>
</pin_list>
<bind>
<opcode="sub(10) " fcode="sub"/>
<opset="sub_ln73_13/2 "/>
</bind>
</comp>

<comp id="62126" class="1004" name="shl_ln73_26_fu_62126">
<pin_list>
<pin id="62127" dir="0" index="0" bw="17" slack="0"/>
<pin id="62128" dir="0" index="1" bw="16" slack="1"/>
<pin id="62129" dir="0" index="2" bw="1" slack="0"/>
<pin id="62130" dir="1" index="3" bw="17" slack="0"/>
</pin_list>
<bind>
<opcode="bitconcatenate(1004) " fcode="bitconcatenate"/>
<opset="shl_ln73_26/2 "/>
</bind>
</comp>

<comp id="62133" class="1004" name="sext_ln73_76_fu_62133">
<pin_list>
<pin id="62134" dir="0" index="0" bw="17" slack="0"/>
<pin id="62135" dir="1" index="1" bw="20" slack="0"/>
</pin_list>
<bind>
<opcode="sext(35) " fcode="sext"/>
<opset="sext_ln73_76/2 "/>
</bind>
</comp>

<comp id="62137" class="1004" name="sub_ln73_14_fu_62137">
<pin_list>
<pin id="62138" dir="0" index="0" bw="20" slack="0"/>
<pin id="62139" dir="0" index="1" bw="17" slack="0"/>
<pin id="62140" dir="1" index="2" bw="20" slack="1"/>
</pin_list>
<bind>
<opcode="sub(10) " fcode="sub"/>
<opset="sub_ln73_14/2 "/>
</bind>
</comp>

<comp id="62143" class="1004" name="sext_ln70_55_fu_62143">
<pin_list>
<pin id="62144" dir="0" index="0" bw="16" slack="1"/>
<pin id="62145" dir="1" index="1" bw="26" slack="0"/>
</pin_list>
<bind>
<opcode="sext(35) " fcode="sext"/>
<opset="sext_ln70_55/2 "/>
</bind>
</comp>

<comp id="62147" class="1004" name="sext_ln73_80_fu_62147">
<pin_list>
<pin id="62148" dir="0" index="0" bw="23" slack="1"/>
<pin id="62149" dir="1" index="1" bw="24" slack="0"/>
</pin_list>
<bind>
<opcode="sext(35) " fcode="sext"/>
<opset="sext_ln73_80/2 "/>
</bind>
</comp>

<comp id="62151" class="1004" name="sext_ln70_60_fu_62151">
<pin_list>
<pin id="62152" dir="0" index="0" bw="16" slack="1"/>
<pin id="62153" dir="1" index="1" bw="25" slack="0"/>
</pin_list>
<bind>
<opcode="sext(35) " fcode="sext"/>
<opset="sext_ln70_60/2 "/>
</bind>
</comp>

<comp id="62157" class="1004" name="shl_ln73_27_fu_62157">
<pin_list>
<pin id="62158" dir="0" index="0" bw="20" slack="0"/>
<pin id="62159" dir="0" index="1" bw="16" slack="1"/>
<pin id="62160" dir="0" index="2" bw="1" slack="0"/>
<pin id="62161" dir="1" index="3" bw="20" slack="0"/>
</pin_list>
<bind>
<opcode="bitconcatenate(1004) " fcode="bitconcatenate"/>
<opset="shl_ln73_27/2 "/>
</bind>
</comp>

<comp id="62164" class="1004" name="sext_ln73_84_fu_62164">
<pin_list>
<pin id="62165" dir="0" index="0" bw="20" slack="0"/>
<pin id="62166" dir="1" index="1" bw="21" slack="0"/>
</pin_list>
<bind>
<opcode="sext(35) " fcode="sext"/>
<opset="sext_ln73_84/2 "/>
</bind>
</comp>

<comp id="62168" class="1004" name="shl_ln73_28_fu_62168">
<pin_list>
<pin id="62169" dir="0" index="0" bw="17" slack="0"/>
<pin id="62170" dir="0" index="1" bw="16" slack="1"/>
<pin id="62171" dir="0" index="2" bw="1" slack="0"/>
<pin id="62172" dir="1" index="3" bw="17" slack="0"/>
</pin_list>
<bind>
<opcode="bitconcatenate(1004) " fcode="bitconcatenate"/>
<opset="shl_ln73_28/2 "/>
</bind>
</comp>

<comp id="62175" class="1004" name="sext_ln73_85_fu_62175">
<pin_list>
<pin id="62176" dir="0" index="0" bw="17" slack="0"/>
<pin id="62177" dir="1" index="1" bw="21" slack="0"/>
</pin_list>
<bind>
<opcode="sext(35) " fcode="sext"/>
<opset="sext_ln73_85/2 "/>
</bind>
</comp>

<comp id="62179" class="1004" name="sub_ln73_15_fu_62179">
<pin_list>
<pin id="62180" dir="0" index="0" bw="17" slack="0"/>
<pin id="62181" dir="0" index="1" bw="20" slack="0"/>
<pin id="62182" dir="1" index="2" bw="21" slack="0"/>
</pin_list>
<bind>
<opcode="sub(10) " fcode="sub"/>
<opset="sub_ln73_15/2 "/>
</bind>
</comp>

<comp id="62185" class="1004" name="sext_ln73_86_fu_62185">
<pin_list>
<pin id="62186" dir="0" index="0" bw="21" slack="0"/>
<pin id="62187" dir="1" index="1" bw="22" slack="0"/>
</pin_list>
<bind>
<opcode="sext(35) " fcode="sext"/>
<opset="sext_ln73_86/2 "/>
</bind>
</comp>

<comp id="62189" class="1004" name="sext_ln70_62_fu_62189">
<pin_list>
<pin id="62190" dir="0" index="0" bw="16" slack="1"/>
<pin id="62191" dir="1" index="1" bw="24" slack="0"/>
</pin_list>
<bind>
<opcode="sext(35) " fcode="sext"/>
<opset="sext_ln70_62/2 "/>
</bind>
</comp>

<comp id="62193" class="1004" name="sext_ln70_63_fu_62193">
<pin_list>
<pin id="62194" dir="0" index="0" bw="16" slack="1"/>
<pin id="62195" dir="1" index="1" bw="25" slack="0"/>
</pin_list>
<bind>
<opcode="sext(35) " fcode="sext"/>
<opset="sext_ln70_63/2 "/>
</bind>
</comp>

<comp id="62199" class="1004" name="sext_ln70_64_fu_62199">
<pin_list>
<pin id="62200" dir="0" index="0" bw="16" slack="1"/>
<pin id="62201" dir="1" index="1" bw="26" slack="0"/>
</pin_list>
<bind>
<opcode="sext(35) " fcode="sext"/>
<opset="sext_ln70_64/2 "/>
</bind>
</comp>

<comp id="62205" class="1004" name="sext_ln70_67_fu_62205">
<pin_list>
<pin id="62206" dir="0" index="0" bw="16" slack="1"/>
<pin id="62207" dir="1" index="1" bw="17" slack="0"/>
</pin_list>
<bind>
<opcode="sext(35) " fcode="sext"/>
<opset="sext_ln70_67/2 "/>
</bind>
</comp>

<comp id="62208" class="1004" name="sext_ln73_94_fu_62208">
<pin_list>
<pin id="62209" dir="0" index="0" bw="16" slack="1"/>
<pin id="62210" dir="1" index="1" bw="26" slack="0"/>
</pin_list>
<bind>
<opcode="sext(35) " fcode="sext"/>
<opset="sext_ln73_94/2 "/>
</bind>
</comp>

<comp id="62215" class="1004" name="sext_ln70_68_fu_62215">
<pin_list>
<pin id="62216" dir="0" index="0" bw="16" slack="1"/>
<pin id="62217" dir="1" index="1" bw="24" slack="0"/>
</pin_list>
<bind>
<opcode="sext(35) " fcode="sext"/>
<opset="sext_ln70_68/2 "/>
</bind>
</comp>

<comp id="62219" class="1004" name="sext_ln70_69_fu_62219">
<pin_list>
<pin id="62220" dir="0" index="0" bw="16" slack="1"/>
<pin id="62221" dir="1" index="1" bw="25" slack="0"/>
</pin_list>
<bind>
<opcode="sext(35) " fcode="sext"/>
<opset="sext_ln70_69/2 "/>
</bind>
</comp>

<comp id="62224" class="1004" name="sub_ln73_fu_62224">
<pin_list>
<pin id="62225" dir="0" index="0" bw="1" slack="0"/>
<pin id="62226" dir="0" index="1" bw="16" slack="0"/>
<pin id="62227" dir="1" index="2" bw="17" slack="1"/>
</pin_list>
<bind>
<opcode="sub(10) " fcode="sub"/>
<opset="sub_ln73/2 "/>
</bind>
</comp>

<comp id="62230" class="1004" name="sext_ln73_96_fu_62230">
<pin_list>
<pin id="62231" dir="0" index="0" bw="16" slack="1"/>
<pin id="62232" dir="1" index="1" bw="23" slack="0"/>
</pin_list>
<bind>
<opcode="sext(35) " fcode="sext"/>
<opset="sext_ln73_96/2 "/>
</bind>
</comp>

<comp id="62234" class="1004" name="sext_ln70_73_fu_62234">
<pin_list>
<pin id="62235" dir="0" index="0" bw="16" slack="1"/>
<pin id="62236" dir="1" index="1" bw="23" slack="0"/>
</pin_list>
<bind>
<opcode="sext(35) " fcode="sext"/>
<opset="sext_ln70_73/2 "/>
</bind>
</comp>

<comp id="62238" class="1004" name="sext_ln70_74_fu_62238">
<pin_list>
<pin id="62239" dir="0" index="0" bw="16" slack="1"/>
<pin id="62240" dir="1" index="1" bw="25" slack="0"/>
</pin_list>
<bind>
<opcode="sext(35) " fcode="sext"/>
<opset="sext_ln70_74/2 "/>
</bind>
</comp>

<comp id="62244" class="1004" name="sext_ln70_76_fu_62244">
<pin_list>
<pin id="62245" dir="0" index="0" bw="16" slack="1"/>
<pin id="62246" dir="1" index="1" bw="26" slack="0"/>
</pin_list>
<bind>
<opcode="sext(35) " fcode="sext"/>
<opset="sext_ln70_76/2 "/>
</bind>
</comp>

<comp id="62248" class="1004" name="add_ln58_fu_62248">
<pin_list>
<pin id="62249" dir="0" index="0" bw="25" slack="1"/>
<pin id="62250" dir="0" index="1" bw="18" slack="0"/>
<pin id="62251" dir="1" index="2" bw="25" slack="0"/>
</pin_list>
<bind>
<opcode="add(8) " fcode="add"/>
<opset="add_ln58/2 "/>
</bind>
</comp>

<comp id="62254" class="1004" name="sext_ln58_21_fu_62254">
<pin_list>
<pin id="62255" dir="0" index="0" bw="25" slack="0"/>
<pin id="62256" dir="1" index="1" bw="26" slack="0"/>
</pin_list>
<bind>
<opcode="sext(35) " fcode="sext"/>
<opset="sext_ln58_21/2 "/>
</bind>
</comp>

<comp id="62258" class="1004" name="add_ln58_50_fu_62258">
<pin_list>
<pin id="62259" dir="0" index="0" bw="25" slack="1"/>
<pin id="62260" dir="0" index="1" bw="18" slack="0"/>
<pin id="62261" dir="1" index="2" bw="25" slack="0"/>
</pin_list>
<bind>
<opcode="add(8) " fcode="add"/>
<opset="add_ln58_50/2 "/>
</bind>
</comp>

<comp id="62264" class="1004" name="add_ln58_51_fu_62264">
<pin_list>
<pin id="62265" dir="0" index="0" bw="23" slack="1"/>
<pin id="62266" dir="0" index="1" bw="17" slack="0"/>
<pin id="62267" dir="1" index="2" bw="23" slack="0"/>
</pin_list>
<bind>
<opcode="add(8) " fcode="add"/>
<opset="add_ln58_51/2 "/>
</bind>
</comp>

<comp id="62270" class="1004" name="sext_ln58_23_fu_62270">
<pin_list>
<pin id="62271" dir="0" index="0" bw="23" slack="0"/>
<pin id="62272" dir="1" index="1" bw="25" slack="0"/>
</pin_list>
<bind>
<opcode="sext(35) " fcode="sext"/>
<opset="sext_ln58_23/2 "/>
</bind>
</comp>

<comp id="62274" class="1004" name="add_ln58_53_fu_62274">
<pin_list>
<pin id="62275" dir="0" index="0" bw="23" slack="0"/>
<pin id="62276" dir="0" index="1" bw="18" slack="0"/>
<pin id="62277" dir="1" index="2" bw="23" slack="1"/>
</pin_list>
<bind>
<opcode="add(8) " fcode="add"/>
<opset="add_ln58_53/2 "/>
</bind>
</comp>

<comp id="62280" class="1004" name="add_ln58_55_fu_62280">
<pin_list>
<pin id="62281" dir="0" index="0" bw="21" slack="1"/>
<pin id="62282" dir="0" index="1" bw="18" slack="0"/>
<pin id="62283" dir="1" index="2" bw="21" slack="0"/>
</pin_list>
<bind>
<opcode="add(8) " fcode="add"/>
<opset="add_ln58_55/2 "/>
</bind>
</comp>

<comp id="62286" class="1004" name="sext_ln58_52_fu_62286">
<pin_list>
<pin id="62287" dir="0" index="0" bw="21" slack="0"/>
<pin id="62288" dir="1" index="1" bw="23" slack="0"/>
</pin_list>
<bind>
<opcode="sext(35) " fcode="sext"/>
<opset="sext_ln58_52/2 "/>
</bind>
</comp>

<comp id="62290" class="1004" name="add_ln58_56_fu_62290">
<pin_list>
<pin id="62291" dir="0" index="0" bw="21" slack="0"/>
<pin id="62292" dir="0" index="1" bw="23" slack="1"/>
<pin id="62293" dir="1" index="2" bw="23" slack="1"/>
</pin_list>
<bind>
<opcode="add(8) " fcode="add"/>
<opset="add_ln58_56/2 "/>
</bind>
</comp>

<comp id="62296" class="1004" name="add_ln58_57_fu_62296">
<pin_list>
<pin id="62297" dir="0" index="0" bw="26" slack="1"/>
<pin id="62298" dir="0" index="1" bw="25" slack="0"/>
<pin id="62299" dir="1" index="2" bw="26" slack="1"/>
</pin_list>
<bind>
<opcode="add(8) " fcode="add"/>
<opset="add_ln58_57/2 "/>
</bind>
</comp>

<comp id="62302" class="1004" name="add_ln58_58_fu_62302">
<pin_list>
<pin id="62303" dir="0" index="0" bw="25" slack="1"/>
<pin id="62304" dir="0" index="1" bw="23" slack="0"/>
<pin id="62305" dir="1" index="2" bw="25" slack="1"/>
</pin_list>
<bind>
<opcode="add(8) " fcode="add"/>
<opset="add_ln58_58/2 "/>
</bind>
</comp>

<comp id="62308" class="1004" name="add_ln58_59_fu_62308">
<pin_list>
<pin id="62309" dir="0" index="0" bw="26" slack="1"/>
<pin id="62310" dir="0" index="1" bw="26" slack="1"/>
<pin id="62311" dir="1" index="2" bw="26" slack="1"/>
</pin_list>
<bind>
<opcode="add(8) " fcode="add"/>
<opset="add_ln58_59/2 "/>
</bind>
</comp>

<comp id="62314" class="1004" name="sext_ln58_30_fu_62314">
<pin_list>
<pin id="62315" dir="0" index="0" bw="23" slack="1"/>
<pin id="62316" dir="1" index="1" bw="25" slack="0"/>
</pin_list>
<bind>
<opcode="sext(35) " fcode="sext"/>
<opset="sext_ln58_30/2 "/>
</bind>
</comp>

<comp id="62317" class="1004" name="add_ln58_64_fu_62317">
<pin_list>
<pin id="62318" dir="0" index="0" bw="26" slack="1"/>
<pin id="62319" dir="0" index="1" bw="25" slack="0"/>
<pin id="62320" dir="1" index="2" bw="26" slack="0"/>
</pin_list>
<bind>
<opcode="add(8) " fcode="add"/>
<opset="add_ln58_64/2 "/>
</bind>
</comp>

<comp id="62323" class="1004" name="add_ln58_65_fu_62323">
<pin_list>
<pin id="62324" dir="0" index="0" bw="26" slack="0"/>
<pin id="62325" dir="0" index="1" bw="26" slack="1"/>
<pin id="62326" dir="1" index="2" bw="26" slack="1"/>
</pin_list>
<bind>
<opcode="add(8) " fcode="add"/>
<opset="add_ln58_65/2 "/>
</bind>
</comp>

<comp id="62329" class="1004" name="add_ln58_66_fu_62329">
<pin_list>
<pin id="62330" dir="0" index="0" bw="25" slack="0"/>
<pin id="62331" dir="0" index="1" bw="24" slack="0"/>
<pin id="62332" dir="1" index="2" bw="25" slack="0"/>
</pin_list>
<bind>
<opcode="add(8) " fcode="add"/>
<opset="add_ln58_66/2 "/>
</bind>
</comp>

<comp id="62335" class="1004" name="sext_ln58_65_fu_62335">
<pin_list>
<pin id="62336" dir="0" index="0" bw="25" slack="0"/>
<pin id="62337" dir="1" index="1" bw="26" slack="0"/>
</pin_list>
<bind>
<opcode="sext(35) " fcode="sext"/>
<opset="sext_ln58_65/2 "/>
</bind>
</comp>

<comp id="62339" class="1004" name="add_ln58_67_fu_62339">
<pin_list>
<pin id="62340" dir="0" index="0" bw="25" slack="0"/>
<pin id="62341" dir="0" index="1" bw="26" slack="1"/>
<pin id="62342" dir="1" index="2" bw="26" slack="0"/>
</pin_list>
<bind>
<opcode="add(8) " fcode="add"/>
<opset="add_ln58_67/2 "/>
</bind>
</comp>

<comp id="62345" class="1004" name="sext_ln58_33_fu_62345">
<pin_list>
<pin id="62346" dir="0" index="0" bw="26" slack="0"/>
<pin id="62347" dir="1" index="1" bw="27" slack="0"/>
</pin_list>
<bind>
<opcode="sext(35) " fcode="sext"/>
<opset="sext_ln58_33/2 "/>
</bind>
</comp>

<comp id="62349" class="1004" name="add_ln58_68_fu_62349">
<pin_list>
<pin id="62350" dir="0" index="0" bw="26" slack="1"/>
<pin id="62351" dir="0" index="1" bw="25" slack="0"/>
<pin id="62352" dir="1" index="2" bw="26" slack="0"/>
</pin_list>
<bind>
<opcode="add(8) " fcode="add"/>
<opset="add_ln58_68/2 "/>
</bind>
</comp>

<comp id="62355" class="1004" name="add_ln58_69_fu_62355">
<pin_list>
<pin id="62356" dir="0" index="0" bw="26" slack="0"/>
<pin id="62357" dir="0" index="1" bw="26" slack="1"/>
<pin id="62358" dir="1" index="2" bw="26" slack="1"/>
</pin_list>
<bind>
<opcode="add(8) " fcode="add"/>
<opset="add_ln58_69/2 "/>
</bind>
</comp>

<comp id="62361" class="1004" name="add_ln58_76_fu_62361">
<pin_list>
<pin id="62362" dir="0" index="0" bw="25" slack="1"/>
<pin id="62363" dir="0" index="1" bw="23" slack="0"/>
<pin id="62364" dir="1" index="2" bw="25" slack="0"/>
</pin_list>
<bind>
<opcode="add(8) " fcode="add"/>
<opset="add_ln58_76/2 "/>
</bind>
</comp>

<comp id="62367" class="1004" name="add_ln58_77_fu_62367">
<pin_list>
<pin id="62368" dir="0" index="0" bw="25" slack="0"/>
<pin id="62369" dir="0" index="1" bw="25" slack="1"/>
<pin id="62370" dir="1" index="2" bw="25" slack="0"/>
</pin_list>
<bind>
<opcode="add(8) " fcode="add"/>
<opset="add_ln58_77/2 "/>
</bind>
</comp>

<comp id="62373" class="1004" name="sext_ln58_38_fu_62373">
<pin_list>
<pin id="62374" dir="0" index="0" bw="25" slack="0"/>
<pin id="62375" dir="1" index="1" bw="26" slack="0"/>
</pin_list>
<bind>
<opcode="sext(35) " fcode="sext"/>
<opset="sext_ln58_38/2 "/>
</bind>
</comp>

<comp id="62377" class="1004" name="add_ln58_80_fu_62377">
<pin_list>
<pin id="62378" dir="0" index="0" bw="26" slack="1"/>
<pin id="62379" dir="0" index="1" bw="25" slack="0"/>
<pin id="62380" dir="1" index="2" bw="26" slack="0"/>
</pin_list>
<bind>
<opcode="add(8) " fcode="add"/>
<opset="add_ln58_80/2 "/>
</bind>
</comp>

<comp id="62383" class="1004" name="sext_ln58_40_fu_62383">
<pin_list>
<pin id="62384" dir="0" index="0" bw="26" slack="0"/>
<pin id="62385" dir="1" index="1" bw="27" slack="0"/>
</pin_list>
<bind>
<opcode="sext(35) " fcode="sext"/>
<opset="sext_ln58_40/2 "/>
</bind>
</comp>

<comp id="62387" class="1004" name="add_ln58_82_fu_62387">
<pin_list>
<pin id="62388" dir="0" index="0" bw="25" slack="1"/>
<pin id="62389" dir="0" index="1" bw="24" slack="0"/>
<pin id="62390" dir="1" index="2" bw="25" slack="0"/>
</pin_list>
<bind>
<opcode="add(8) " fcode="add"/>
<opset="add_ln58_82/2 "/>
</bind>
</comp>

<comp id="62393" class="1004" name="sext_ln58_66_fu_62393">
<pin_list>
<pin id="62394" dir="0" index="0" bw="25" slack="0"/>
<pin id="62395" dir="1" index="1" bw="26" slack="0"/>
</pin_list>
<bind>
<opcode="sext(35) " fcode="sext"/>
<opset="sext_ln58_66/2 "/>
</bind>
</comp>

<comp id="62397" class="1004" name="add_ln58_83_fu_62397">
<pin_list>
<pin id="62398" dir="0" index="0" bw="25" slack="0"/>
<pin id="62399" dir="0" index="1" bw="26" slack="1"/>
<pin id="62400" dir="1" index="2" bw="26" slack="1"/>
</pin_list>
<bind>
<opcode="add(8) " fcode="add"/>
<opset="add_ln58_83/2 "/>
</bind>
</comp>

<comp id="62403" class="1004" name="add_ln58_88_fu_62403">
<pin_list>
<pin id="62404" dir="0" index="0" bw="26" slack="0"/>
<pin id="62405" dir="0" index="1" bw="26" slack="0"/>
<pin id="62406" dir="1" index="2" bw="27" slack="0"/>
</pin_list>
<bind>
<opcode="add(8) " fcode="add"/>
<opset="add_ln58_88/2 "/>
</bind>
</comp>

<comp id="62409" class="1004" name="add_ln58_89_fu_62409">
<pin_list>
<pin id="62410" dir="0" index="0" bw="26" slack="1"/>
<pin id="62411" dir="0" index="1" bw="26" slack="1"/>
<pin id="62412" dir="1" index="2" bw="26" slack="0"/>
</pin_list>
<bind>
<opcode="add(8) " fcode="add"/>
<opset="add_ln58_89/2 "/>
</bind>
</comp>

<comp id="62415" class="1004" name="sext_ln58_69_fu_62415">
<pin_list>
<pin id="62416" dir="0" index="0" bw="26" slack="0"/>
<pin id="62417" dir="1" index="1" bw="27" slack="0"/>
</pin_list>
<bind>
<opcode="sext(35) " fcode="sext"/>
<opset="sext_ln58_69/2 "/>
</bind>
</comp>

<comp id="62419" class="1004" name="add_ln58_90_fu_62419">
<pin_list>
<pin id="62420" dir="0" index="0" bw="26" slack="0"/>
<pin id="62421" dir="0" index="1" bw="27" slack="0"/>
<pin id="62422" dir="1" index="2" bw="27" slack="1"/>
</pin_list>
<bind>
<opcode="add(8) " fcode="add"/>
<opset="add_ln58_90/2 "/>
</bind>
</comp>

<comp id="62425" class="1004" name="add_ln58_92_fu_62425">
<pin_list>
<pin id="62426" dir="0" index="0" bw="24" slack="1"/>
<pin id="62427" dir="0" index="1" bw="23" slack="0"/>
<pin id="62428" dir="1" index="2" bw="24" slack="0"/>
</pin_list>
<bind>
<opcode="add(8) " fcode="add"/>
<opset="add_ln58_92/2 "/>
</bind>
</comp>

<comp id="62431" class="1004" name="sext_ln58_70_fu_62431">
<pin_list>
<pin id="62432" dir="0" index="0" bw="24" slack="0"/>
<pin id="62433" dir="1" index="1" bw="26" slack="0"/>
</pin_list>
<bind>
<opcode="sext(35) " fcode="sext"/>
<opset="sext_ln58_70/2 "/>
</bind>
</comp>

<comp id="62435" class="1004" name="add_ln58_93_fu_62435">
<pin_list>
<pin id="62436" dir="0" index="0" bw="24" slack="0"/>
<pin id="62437" dir="0" index="1" bw="26" slack="1"/>
<pin id="62438" dir="1" index="2" bw="26" slack="1"/>
</pin_list>
<bind>
<opcode="add(8) " fcode="add"/>
<opset="add_ln58_93/2 "/>
</bind>
</comp>

<comp id="62441" class="1004" name="add_ln58_99_fu_62441">
<pin_list>
<pin id="62442" dir="0" index="0" bw="25" slack="1"/>
<pin id="62443" dir="0" index="1" bw="25" slack="1"/>
<pin id="62444" dir="1" index="2" bw="25" slack="0"/>
</pin_list>
<bind>
<opcode="add(8) " fcode="add"/>
<opset="add_ln58_99/2 "/>
</bind>
</comp>

<comp id="62447" class="1004" name="sext_ln58_73_fu_62447">
<pin_list>
<pin id="62448" dir="0" index="0" bw="25" slack="0"/>
<pin id="62449" dir="1" index="1" bw="26" slack="0"/>
</pin_list>
<bind>
<opcode="sext(35) " fcode="sext"/>
<opset="sext_ln58_73/2 "/>
</bind>
</comp>

<comp id="62451" class="1004" name="add_ln58_100_fu_62451">
<pin_list>
<pin id="62452" dir="0" index="0" bw="25" slack="0"/>
<pin id="62453" dir="0" index="1" bw="25" slack="0"/>
<pin id="62454" dir="1" index="2" bw="26" slack="1"/>
</pin_list>
<bind>
<opcode="add(8) " fcode="add"/>
<opset="add_ln58_100/2 "/>
</bind>
</comp>

<comp id="62457" class="1004" name="add_ln58_102_fu_62457">
<pin_list>
<pin id="62458" dir="0" index="0" bw="26" slack="0"/>
<pin id="62459" dir="0" index="1" bw="26" slack="0"/>
<pin id="62460" dir="1" index="2" bw="27" slack="0"/>
</pin_list>
<bind>
<opcode="add(8) " fcode="add"/>
<opset="add_ln58_102/2 "/>
</bind>
</comp>

<comp id="62463" class="1004" name="add_ln58_103_fu_62463">
<pin_list>
<pin id="62464" dir="0" index="0" bw="26" slack="1"/>
<pin id="62465" dir="0" index="1" bw="25" slack="0"/>
<pin id="62466" dir="1" index="2" bw="26" slack="0"/>
</pin_list>
<bind>
<opcode="add(8) " fcode="add"/>
<opset="add_ln58_103/2 "/>
</bind>
</comp>

<comp id="62469" class="1004" name="sext_ln58_75_fu_62469">
<pin_list>
<pin id="62470" dir="0" index="0" bw="26" slack="0"/>
<pin id="62471" dir="1" index="1" bw="27" slack="0"/>
</pin_list>
<bind>
<opcode="sext(35) " fcode="sext"/>
<opset="sext_ln58_75/2 "/>
</bind>
</comp>

<comp id="62473" class="1004" name="add_ln58_104_fu_62473">
<pin_list>
<pin id="62474" dir="0" index="0" bw="26" slack="0"/>
<pin id="62475" dir="0" index="1" bw="27" slack="0"/>
<pin id="62476" dir="1" index="2" bw="27" slack="1"/>
</pin_list>
<bind>
<opcode="add(8) " fcode="add"/>
<opset="add_ln58_104/2 "/>
</bind>
</comp>

<comp id="62479" class="1004" name="add_ln58_105_fu_62479">
<pin_list>
<pin id="62480" dir="0" index="0" bw="26" slack="1"/>
<pin id="62481" dir="0" index="1" bw="26" slack="1"/>
<pin id="62482" dir="1" index="2" bw="26" slack="1"/>
</pin_list>
<bind>
<opcode="add(8) " fcode="add"/>
<opset="add_ln58_105/2 "/>
</bind>
</comp>

<comp id="62485" class="1004" name="add_ln58_107_fu_62485">
<pin_list>
<pin id="62486" dir="0" index="0" bw="23" slack="1"/>
<pin id="62487" dir="0" index="1" bw="23" slack="1"/>
<pin id="62488" dir="1" index="2" bw="23" slack="0"/>
</pin_list>
<bind>
<opcode="add(8) " fcode="add"/>
<opset="add_ln58_107/2 "/>
</bind>
</comp>

<comp id="62491" class="1004" name="sext_ln58_77_fu_62491">
<pin_list>
<pin id="62492" dir="0" index="0" bw="23" slack="0"/>
<pin id="62493" dir="1" index="1" bw="24" slack="0"/>
</pin_list>
<bind>
<opcode="sext(35) " fcode="sext"/>
<opset="sext_ln58_77/2 "/>
</bind>
</comp>

<comp id="62495" class="1004" name="add_ln58_108_fu_62495">
<pin_list>
<pin id="62496" dir="0" index="0" bw="23" slack="0"/>
<pin id="62497" dir="0" index="1" bw="24" slack="1"/>
<pin id="62498" dir="1" index="2" bw="24" slack="1"/>
</pin_list>
<bind>
<opcode="add(8) " fcode="add"/>
<opset="add_ln58_108/2 "/>
</bind>
</comp>

<comp id="62501" class="1004" name="add_ln58_110_fu_62501">
<pin_list>
<pin id="62502" dir="0" index="0" bw="25" slack="1"/>
<pin id="62503" dir="0" index="1" bw="25" slack="0"/>
<pin id="62504" dir="1" index="2" bw="25" slack="1"/>
</pin_list>
<bind>
<opcode="add(8) " fcode="add"/>
<opset="add_ln58_110/2 "/>
</bind>
</comp>

<comp id="62507" class="1004" name="add_ln58_112_fu_62507">
<pin_list>
<pin id="62508" dir="0" index="0" bw="24" slack="1"/>
<pin id="62509" dir="0" index="1" bw="24" slack="1"/>
<pin id="62510" dir="1" index="2" bw="24" slack="0"/>
</pin_list>
<bind>
<opcode="add(8) " fcode="add"/>
<opset="add_ln58_112/2 "/>
</bind>
</comp>

<comp id="62513" class="1004" name="sext_ln58_80_fu_62513">
<pin_list>
<pin id="62514" dir="0" index="0" bw="24" slack="0"/>
<pin id="62515" dir="1" index="1" bw="25" slack="0"/>
</pin_list>
<bind>
<opcode="sext(35) " fcode="sext"/>
<opset="sext_ln58_80/2 "/>
</bind>
</comp>

<comp id="62517" class="1004" name="add_ln58_113_fu_62517">
<pin_list>
<pin id="62518" dir="0" index="0" bw="23" slack="1"/>
<pin id="62519" dir="0" index="1" bw="23" slack="1"/>
<pin id="62520" dir="1" index="2" bw="23" slack="0"/>
</pin_list>
<bind>
<opcode="add(8) " fcode="add"/>
<opset="add_ln58_113/2 "/>
</bind>
</comp>

<comp id="62523" class="1004" name="sext_ln58_81_fu_62523">
<pin_list>
<pin id="62524" dir="0" index="0" bw="23" slack="0"/>
<pin id="62525" dir="1" index="1" bw="25" slack="0"/>
</pin_list>
<bind>
<opcode="sext(35) " fcode="sext"/>
<opset="sext_ln58_81/2 "/>
</bind>
</comp>

<comp id="62527" class="1004" name="add_ln58_114_fu_62527">
<pin_list>
<pin id="62528" dir="0" index="0" bw="23" slack="0"/>
<pin id="62529" dir="0" index="1" bw="24" slack="0"/>
<pin id="62530" dir="1" index="2" bw="25" slack="1"/>
</pin_list>
<bind>
<opcode="add(8) " fcode="add"/>
<opset="add_ln58_114/2 "/>
</bind>
</comp>

<comp id="62533" class="1004" name="add_ln58_119_fu_62533">
<pin_list>
<pin id="62534" dir="0" index="0" bw="24" slack="1"/>
<pin id="62535" dir="0" index="1" bw="24" slack="1"/>
<pin id="62536" dir="1" index="2" bw="24" slack="0"/>
</pin_list>
<bind>
<opcode="add(8) " fcode="add"/>
<opset="add_ln58_119/2 "/>
</bind>
</comp>

<comp id="62539" class="1004" name="sext_ln58_84_fu_62539">
<pin_list>
<pin id="62540" dir="0" index="0" bw="24" slack="0"/>
<pin id="62541" dir="1" index="1" bw="25" slack="0"/>
</pin_list>
<bind>
<opcode="sext(35) " fcode="sext"/>
<opset="sext_ln58_84/2 "/>
</bind>
</comp>

<comp id="62543" class="1004" name="add_ln58_120_fu_62543">
<pin_list>
<pin id="62544" dir="0" index="0" bw="24" slack="1"/>
<pin id="62545" dir="0" index="1" bw="23" slack="0"/>
<pin id="62546" dir="1" index="2" bw="24" slack="0"/>
</pin_list>
<bind>
<opcode="add(8) " fcode="add"/>
<opset="add_ln58_120/2 "/>
</bind>
</comp>

<comp id="62549" class="1004" name="sext_ln58_85_fu_62549">
<pin_list>
<pin id="62550" dir="0" index="0" bw="24" slack="0"/>
<pin id="62551" dir="1" index="1" bw="25" slack="0"/>
</pin_list>
<bind>
<opcode="sext(35) " fcode="sext"/>
<opset="sext_ln58_85/2 "/>
</bind>
</comp>

<comp id="62553" class="1004" name="add_ln58_121_fu_62553">
<pin_list>
<pin id="62554" dir="0" index="0" bw="24" slack="0"/>
<pin id="62555" dir="0" index="1" bw="24" slack="0"/>
<pin id="62556" dir="1" index="2" bw="25" slack="1"/>
</pin_list>
<bind>
<opcode="add(8) " fcode="add"/>
<opset="add_ln58_121/2 "/>
</bind>
</comp>

<comp id="62559" class="1004" name="add_ln58_132_fu_62559">
<pin_list>
<pin id="62560" dir="0" index="0" bw="25" slack="1"/>
<pin id="62561" dir="0" index="1" bw="25" slack="1"/>
<pin id="62562" dir="1" index="2" bw="25" slack="0"/>
</pin_list>
<bind>
<opcode="add(8) " fcode="add"/>
<opset="add_ln58_132/2 "/>
</bind>
</comp>

<comp id="62565" class="1004" name="sext_ln58_92_fu_62565">
<pin_list>
<pin id="62566" dir="0" index="0" bw="25" slack="0"/>
<pin id="62567" dir="1" index="1" bw="26" slack="0"/>
</pin_list>
<bind>
<opcode="sext(35) " fcode="sext"/>
<opset="sext_ln58_92/2 "/>
</bind>
</comp>

<comp id="62569" class="1004" name="add_ln58_133_fu_62569">
<pin_list>
<pin id="62570" dir="0" index="0" bw="24" slack="1"/>
<pin id="62571" dir="0" index="1" bw="24" slack="1"/>
<pin id="62572" dir="1" index="2" bw="24" slack="0"/>
</pin_list>
<bind>
<opcode="add(8) " fcode="add"/>
<opset="add_ln58_133/2 "/>
</bind>
</comp>

<comp id="62575" class="1004" name="sext_ln58_93_fu_62575">
<pin_list>
<pin id="62576" dir="0" index="0" bw="24" slack="0"/>
<pin id="62577" dir="1" index="1" bw="26" slack="0"/>
</pin_list>
<bind>
<opcode="sext(35) " fcode="sext"/>
<opset="sext_ln58_93/2 "/>
</bind>
</comp>

<comp id="62579" class="1004" name="add_ln58_134_fu_62579">
<pin_list>
<pin id="62580" dir="0" index="0" bw="24" slack="0"/>
<pin id="62581" dir="0" index="1" bw="25" slack="0"/>
<pin id="62582" dir="1" index="2" bw="26" slack="1"/>
</pin_list>
<bind>
<opcode="add(8) " fcode="add"/>
<opset="add_ln58_134/2 "/>
</bind>
</comp>

<comp id="62585" class="1004" name="add_ln58_140_fu_62585">
<pin_list>
<pin id="62586" dir="0" index="0" bw="23" slack="1"/>
<pin id="62587" dir="0" index="1" bw="22" slack="0"/>
<pin id="62588" dir="1" index="2" bw="23" slack="1"/>
</pin_list>
<bind>
<opcode="add(8) " fcode="add"/>
<opset="add_ln58_140/2 "/>
</bind>
</comp>

<comp id="62591" class="1004" name="add_ln58_148_fu_62591">
<pin_list>
<pin id="62592" dir="0" index="0" bw="24" slack="1"/>
<pin id="62593" dir="0" index="1" bw="23" slack="0"/>
<pin id="62594" dir="1" index="2" bw="24" slack="1"/>
</pin_list>
<bind>
<opcode="add(8) " fcode="add"/>
<opset="add_ln58_148/2 "/>
</bind>
</comp>

<comp id="62597" class="1004" name="add_ln58_169_fu_62597">
<pin_list>
<pin id="62598" dir="0" index="0" bw="22" slack="1"/>
<pin id="62599" dir="0" index="1" bw="21" slack="0"/>
<pin id="62600" dir="1" index="2" bw="22" slack="1"/>
</pin_list>
<bind>
<opcode="add(8) " fcode="add"/>
<opset="add_ln58_169/2 "/>
</bind>
</comp>

<comp id="62603" class="1004" name="mul_ln73_58_cast_fu_62603">
<pin_list>
<pin id="62604" dir="0" index="0" bw="24" slack="1"/>
<pin id="62605" dir="1" index="1" bw="26" slack="0"/>
</pin_list>
<bind>
<opcode="sext(35) " fcode="sext"/>
<opset="mul_ln73_58_cast/3 "/>
</bind>
</comp>

<comp id="62607" class="1004" name="sext_ln73_38_fu_62607">
<pin_list>
<pin id="62608" dir="0" index="0" bw="25" slack="1"/>
<pin id="62609" dir="1" index="1" bw="26" slack="0"/>
</pin_list>
<bind>
<opcode="sext(35) " fcode="sext"/>
<opset="sext_ln73_38/3 "/>
</bind>
</comp>

<comp id="62611" class="1004" name="sext_ln73_44_fu_62611">
<pin_list>
<pin id="62612" dir="0" index="0" bw="26" slack="1"/>
<pin id="62613" dir="1" index="1" bw="27" slack="0"/>
</pin_list>
<bind>
<opcode="sext(35) " fcode="sext"/>
<opset="sext_ln73_44/3 "/>
</bind>
</comp>

<comp id="62615" class="1004" name="sext_ln73_46_fu_62615">
<pin_list>
<pin id="62616" dir="0" index="0" bw="25" slack="1"/>
<pin id="62617" dir="1" index="1" bw="26" slack="0"/>
</pin_list>
<bind>
<opcode="sext(35) " fcode="sext"/>
<opset="sext_ln73_46/3 "/>
</bind>
</comp>

<comp id="62619" class="1004" name="mul_ln73_77_cast_fu_62619">
<pin_list>
<pin id="62620" dir="0" index="0" bw="26" slack="1"/>
<pin id="62621" dir="1" index="1" bw="27" slack="0"/>
</pin_list>
<bind>
<opcode="sext(35) " fcode="sext"/>
<opset="mul_ln73_77_cast/3 "/>
</bind>
</comp>

<comp id="62623" class="1004" name="sext_ln73_48_fu_62623">
<pin_list>
<pin id="62624" dir="0" index="0" bw="26" slack="1"/>
<pin id="62625" dir="1" index="1" bw="27" slack="0"/>
</pin_list>
<bind>
<opcode="sext(35) " fcode="sext"/>
<opset="sext_ln73_48/3 "/>
</bind>
</comp>

<comp id="62627" class="1004" name="sext_ln73_49_fu_62627">
<pin_list>
<pin id="62628" dir="0" index="0" bw="24" slack="1"/>
<pin id="62629" dir="1" index="1" bw="26" slack="0"/>
</pin_list>
<bind>
<opcode="sext(35) " fcode="sext"/>
<opset="sext_ln73_49/3 "/>
</bind>
</comp>

<comp id="62631" class="1004" name="sext_ln73_50_fu_62631">
<pin_list>
<pin id="62632" dir="0" index="0" bw="26" slack="1"/>
<pin id="62633" dir="1" index="1" bw="27" slack="0"/>
</pin_list>
<bind>
<opcode="sext(35) " fcode="sext"/>
<opset="sext_ln73_50/3 "/>
</bind>
</comp>

<comp id="62635" class="1004" name="sext_ln73_53_fu_62635">
<pin_list>
<pin id="62636" dir="0" index="0" bw="26" slack="1"/>
<pin id="62637" dir="1" index="1" bw="27" slack="0"/>
</pin_list>
<bind>
<opcode="sext(35) " fcode="sext"/>
<opset="sext_ln73_53/3 "/>
</bind>
</comp>

<comp id="62639" class="1004" name="sext_ln73_54_fu_62639">
<pin_list>
<pin id="62640" dir="0" index="0" bw="26" slack="1"/>
<pin id="62641" dir="1" index="1" bw="27" slack="0"/>
</pin_list>
<bind>
<opcode="sext(35) " fcode="sext"/>
<opset="sext_ln73_54/3 "/>
</bind>
</comp>

<comp id="62643" class="1004" name="shl_ln73_1_fu_62643">
<pin_list>
<pin id="62644" dir="0" index="0" bw="25" slack="0"/>
<pin id="62645" dir="0" index="1" bw="16" slack="2"/>
<pin id="62646" dir="0" index="2" bw="1" slack="0"/>
<pin id="62647" dir="1" index="3" bw="25" slack="0"/>
</pin_list>
<bind>
<opcode="bitconcatenate(1004) " fcode="bitconcatenate"/>
<opset="shl_ln73_1/3 "/>
</bind>
</comp>

<comp id="62650" class="1004" name="sext_ln42_fu_62650">
<pin_list>
<pin id="62651" dir="0" index="0" bw="25" slack="0"/>
<pin id="62652" dir="1" index="1" bw="26" slack="0"/>
</pin_list>
<bind>
<opcode="sext(35) " fcode="sext"/>
<opset="sext_ln42/3 "/>
</bind>
</comp>

<comp id="62654" class="1004" name="shl_ln73_17_fu_62654">
<pin_list>
<pin id="62655" dir="0" index="0" bw="24" slack="0"/>
<pin id="62656" dir="0" index="1" bw="16" slack="2"/>
<pin id="62657" dir="0" index="2" bw="1" slack="0"/>
<pin id="62658" dir="1" index="3" bw="24" slack="0"/>
</pin_list>
<bind>
<opcode="bitconcatenate(1004) " fcode="bitconcatenate"/>
<opset="shl_ln73_17/3 "/>
</bind>
</comp>

<comp id="62661" class="1004" name="sext_ln73_58_fu_62661">
<pin_list>
<pin id="62662" dir="0" index="0" bw="24" slack="0"/>
<pin id="62663" dir="1" index="1" bw="25" slack="0"/>
</pin_list>
<bind>
<opcode="sext(35) " fcode="sext"/>
<opset="sext_ln73_58/3 "/>
</bind>
</comp>

<comp id="62665" class="1004" name="shl_ln73_18_fu_62665">
<pin_list>
<pin id="62666" dir="0" index="0" bw="20" slack="0"/>
<pin id="62667" dir="0" index="1" bw="16" slack="2"/>
<pin id="62668" dir="0" index="2" bw="1" slack="0"/>
<pin id="62669" dir="1" index="3" bw="20" slack="0"/>
</pin_list>
<bind>
<opcode="bitconcatenate(1004) " fcode="bitconcatenate"/>
<opset="shl_ln73_18/3 "/>
</bind>
</comp>

<comp id="62672" class="1004" name="sext_ln73_59_fu_62672">
<pin_list>
<pin id="62673" dir="0" index="0" bw="20" slack="0"/>
<pin id="62674" dir="1" index="1" bw="25" slack="0"/>
</pin_list>
<bind>
<opcode="sext(35) " fcode="sext"/>
<opset="sext_ln73_59/3 "/>
</bind>
</comp>

<comp id="62676" class="1004" name="sub_ln73_9_fu_62676">
<pin_list>
<pin id="62677" dir="0" index="0" bw="24" slack="0"/>
<pin id="62678" dir="0" index="1" bw="20" slack="0"/>
<pin id="62679" dir="1" index="2" bw="25" slack="0"/>
</pin_list>
<bind>
<opcode="sub(10) " fcode="sub"/>
<opset="sub_ln73_9/3 "/>
</bind>
</comp>

<comp id="62682" class="1004" name="sext_ln73_60_fu_62682">
<pin_list>
<pin id="62683" dir="0" index="0" bw="25" slack="0"/>
<pin id="62684" dir="1" index="1" bw="26" slack="0"/>
</pin_list>
<bind>
<opcode="sext(35) " fcode="sext"/>
<opset="sext_ln73_60/3 "/>
</bind>
</comp>

<comp id="62686" class="1004" name="sub_ln73_10_fu_62686">
<pin_list>
<pin id="62687" dir="0" index="0" bw="1" slack="0"/>
<pin id="62688" dir="0" index="1" bw="25" slack="0"/>
<pin id="62689" dir="1" index="2" bw="26" slack="0"/>
</pin_list>
<bind>
<opcode="sub(10) " fcode="sub"/>
<opset="sub_ln73_10/3 "/>
</bind>
</comp>

<comp id="62692" class="1004" name="shl_ln73_19_fu_62692">
<pin_list>
<pin id="62693" dir="0" index="0" bw="18" slack="0"/>
<pin id="62694" dir="0" index="1" bw="16" slack="2"/>
<pin id="62695" dir="0" index="2" bw="1" slack="0"/>
<pin id="62696" dir="1" index="3" bw="18" slack="0"/>
</pin_list>
<bind>
<opcode="bitconcatenate(1004) " fcode="bitconcatenate"/>
<opset="shl_ln73_19/3 "/>
</bind>
</comp>

<comp id="62699" class="1004" name="sext_ln73_62_fu_62699">
<pin_list>
<pin id="62700" dir="0" index="0" bw="18" slack="0"/>
<pin id="62701" dir="1" index="1" bw="26" slack="0"/>
</pin_list>
<bind>
<opcode="sext(35) " fcode="sext"/>
<opset="sext_ln73_62/3 "/>
</bind>
</comp>

<comp id="62703" class="1004" name="sub_ln73_11_fu_62703">
<pin_list>
<pin id="62704" dir="0" index="0" bw="26" slack="0"/>
<pin id="62705" dir="0" index="1" bw="18" slack="0"/>
<pin id="62706" dir="1" index="2" bw="26" slack="0"/>
</pin_list>
<bind>
<opcode="sub(10) " fcode="sub"/>
<opset="sub_ln73_11/3 "/>
</bind>
</comp>

<comp id="62709" class="1004" name="sext_ln73_63_fu_62709">
<pin_list>
<pin id="62710" dir="0" index="0" bw="26" slack="1"/>
<pin id="62711" dir="1" index="1" bw="28" slack="0"/>
</pin_list>
<bind>
<opcode="sext(35) " fcode="sext"/>
<opset="sext_ln73_63/3 "/>
</bind>
</comp>

<comp id="62713" class="1004" name="sext_ln73_71_fu_62713">
<pin_list>
<pin id="62714" dir="0" index="0" bw="26" slack="1"/>
<pin id="62715" dir="1" index="1" bw="27" slack="0"/>
</pin_list>
<bind>
<opcode="sext(35) " fcode="sext"/>
<opset="sext_ln73_71/3 "/>
</bind>
</comp>

<comp id="62717" class="1004" name="sext_ln73_72_fu_62717">
<pin_list>
<pin id="62718" dir="0" index="0" bw="26" slack="1"/>
<pin id="62719" dir="1" index="1" bw="28" slack="0"/>
</pin_list>
<bind>
<opcode="sext(35) " fcode="sext"/>
<opset="sext_ln73_72/3 "/>
</bind>
</comp>

<comp id="62721" class="1004" name="sext_ln73_73_fu_62721">
<pin_list>
<pin id="62722" dir="0" index="0" bw="26" slack="1"/>
<pin id="62723" dir="1" index="1" bw="28" slack="0"/>
</pin_list>
<bind>
<opcode="sext(35) " fcode="sext"/>
<opset="sext_ln73_73/3 "/>
</bind>
</comp>

<comp id="62725" class="1004" name="sext_ln73_74_fu_62725">
<pin_list>
<pin id="62726" dir="0" index="0" bw="26" slack="1"/>
<pin id="62727" dir="1" index="1" bw="28" slack="0"/>
</pin_list>
<bind>
<opcode="sext(35) " fcode="sext"/>
<opset="sext_ln73_74/3 "/>
</bind>
</comp>

<comp id="62729" class="1004" name="sext_ln73_77_fu_62729">
<pin_list>
<pin id="62730" dir="0" index="0" bw="20" slack="1"/>
<pin id="62731" dir="1" index="1" bw="23" slack="0"/>
</pin_list>
<bind>
<opcode="sext(35) " fcode="sext"/>
<opset="sext_ln73_77/3 "/>
</bind>
</comp>

<comp id="62732" class="1004" name="sext_ln73_78_fu_62732">
<pin_list>
<pin id="62733" dir="0" index="0" bw="24" slack="1"/>
<pin id="62734" dir="1" index="1" bw="25" slack="0"/>
</pin_list>
<bind>
<opcode="sext(35) " fcode="sext"/>
<opset="sext_ln73_78/3 "/>
</bind>
</comp>

<comp id="62736" class="1004" name="sext_ln73_79_fu_62736">
<pin_list>
<pin id="62737" dir="0" index="0" bw="25" slack="1"/>
<pin id="62738" dir="1" index="1" bw="26" slack="0"/>
</pin_list>
<bind>
<opcode="sext(35) " fcode="sext"/>
<opset="sext_ln73_79/3 "/>
</bind>
</comp>

<comp id="62740" class="1004" name="sext_ln73_81_fu_62740">
<pin_list>
<pin id="62741" dir="0" index="0" bw="24" slack="1"/>
<pin id="62742" dir="1" index="1" bw="25" slack="0"/>
</pin_list>
<bind>
<opcode="sext(35) " fcode="sext"/>
<opset="sext_ln73_81/3 "/>
</bind>
</comp>

<comp id="62744" class="1004" name="sext_ln70_61_fu_62744">
<pin_list>
<pin id="62745" dir="0" index="0" bw="16" slack="2"/>
<pin id="62746" dir="1" index="1" bw="26" slack="0"/>
</pin_list>
<bind>
<opcode="sext(35) " fcode="sext"/>
<opset="sext_ln70_61/3 "/>
</bind>
</comp>

<comp id="62750" class="1004" name="sext_ln73_83_fu_62750">
<pin_list>
<pin id="62751" dir="0" index="0" bw="25" slack="1"/>
<pin id="62752" dir="1" index="1" bw="26" slack="0"/>
</pin_list>
<bind>
<opcode="sext(35) " fcode="sext"/>
<opset="sext_ln73_83/3 "/>
</bind>
</comp>

<comp id="62754" class="1004" name="shl_ln73_29_fu_62754">
<pin_list>
<pin id="62755" dir="0" index="0" bw="25" slack="0"/>
<pin id="62756" dir="0" index="1" bw="16" slack="2"/>
<pin id="62757" dir="0" index="2" bw="1" slack="0"/>
<pin id="62758" dir="1" index="3" bw="25" slack="0"/>
</pin_list>
<bind>
<opcode="bitconcatenate(1004) " fcode="bitconcatenate"/>
<opset="shl_ln73_29/3 "/>
</bind>
</comp>

<comp id="62761" class="1004" name="sext_ln73_88_fu_62761">
<pin_list>
<pin id="62762" dir="0" index="0" bw="25" slack="0"/>
<pin id="62763" dir="1" index="1" bw="26" slack="0"/>
</pin_list>
<bind>
<opcode="sext(35) " fcode="sext"/>
<opset="sext_ln73_88/3 "/>
</bind>
</comp>

<comp id="62765" class="1004" name="shl_ln73_30_fu_62765">
<pin_list>
<pin id="62766" dir="0" index="0" bw="22" slack="0"/>
<pin id="62767" dir="0" index="1" bw="16" slack="2"/>
<pin id="62768" dir="0" index="2" bw="1" slack="0"/>
<pin id="62769" dir="1" index="3" bw="22" slack="0"/>
</pin_list>
<bind>
<opcode="bitconcatenate(1004) " fcode="bitconcatenate"/>
<opset="shl_ln73_30/3 "/>
</bind>
</comp>

<comp id="62772" class="1004" name="sext_ln73_89_fu_62772">
<pin_list>
<pin id="62773" dir="0" index="0" bw="22" slack="0"/>
<pin id="62774" dir="1" index="1" bw="26" slack="0"/>
</pin_list>
<bind>
<opcode="sext(35) " fcode="sext"/>
<opset="sext_ln73_89/3 "/>
</bind>
</comp>

<comp id="62776" class="1004" name="sub_ln73_16_fu_62776">
<pin_list>
<pin id="62777" dir="0" index="0" bw="22" slack="0"/>
<pin id="62778" dir="0" index="1" bw="25" slack="0"/>
<pin id="62779" dir="1" index="2" bw="26" slack="0"/>
</pin_list>
<bind>
<opcode="sub(10) " fcode="sub"/>
<opset="sub_ln73_16/3 "/>
</bind>
</comp>

<comp id="62782" class="1004" name="sext_ln70_65_fu_62782">
<pin_list>
<pin id="62783" dir="0" index="0" bw="16" slack="2"/>
<pin id="62784" dir="1" index="1" bw="27" slack="0"/>
</pin_list>
<bind>
<opcode="sext(35) " fcode="sext"/>
<opset="sext_ln70_65/3 "/>
</bind>
</comp>

<comp id="62787" class="1004" name="sext_ln73_91_fu_62787">
<pin_list>
<pin id="62788" dir="0" index="0" bw="26" slack="1"/>
<pin id="62789" dir="1" index="1" bw="27" slack="0"/>
</pin_list>
<bind>
<opcode="sext(35) " fcode="sext"/>
<opset="sext_ln73_91/3 "/>
</bind>
</comp>

<comp id="62791" class="1004" name="sext_ln73_92_fu_62791">
<pin_list>
<pin id="62792" dir="0" index="0" bw="24" slack="1"/>
<pin id="62793" dir="1" index="1" bw="25" slack="0"/>
</pin_list>
<bind>
<opcode="sext(35) " fcode="sext"/>
<opset="sext_ln73_92/3 "/>
</bind>
</comp>

<comp id="62795" class="1004" name="sext_ln73_93_fu_62795">
<pin_list>
<pin id="62796" dir="0" index="0" bw="26" slack="1"/>
<pin id="62797" dir="1" index="1" bw="28" slack="0"/>
</pin_list>
<bind>
<opcode="sext(35) " fcode="sext"/>
<opset="sext_ln73_93/3 "/>
</bind>
</comp>

<comp id="62799" class="1004" name="sext_ln70_66_fu_62799">
<pin_list>
<pin id="62800" dir="0" index="0" bw="16" slack="2"/>
<pin id="62801" dir="1" index="1" bw="22" slack="0"/>
</pin_list>
<bind>
<opcode="sext(35) " fcode="sext"/>
<opset="sext_ln70_66/3 "/>
</bind>
</comp>

<comp id="62803" class="1004" name="sext_ln73_95_fu_62803">
<pin_list>
<pin id="62804" dir="0" index="0" bw="17" slack="1"/>
<pin id="62805" dir="1" index="1" bw="24" slack="0"/>
</pin_list>
<bind>
<opcode="sext(35) " fcode="sext"/>
<opset="sext_ln73_95/3 "/>
</bind>
</comp>

<comp id="62806" class="1004" name="sext_ln70_71_fu_62806">
<pin_list>
<pin id="62807" dir="0" index="0" bw="16" slack="2"/>
<pin id="62808" dir="1" index="1" bw="22" slack="0"/>
</pin_list>
<bind>
<opcode="sext(35) " fcode="sext"/>
<opset="sext_ln70_71/3 "/>
</bind>
</comp>

<comp id="62810" class="1004" name="sext_ln70_72_fu_62810">
<pin_list>
<pin id="62811" dir="0" index="0" bw="16" slack="2"/>
<pin id="62812" dir="1" index="1" bw="24" slack="0"/>
</pin_list>
<bind>
<opcode="sext(35) " fcode="sext"/>
<opset="sext_ln70_72/3 "/>
</bind>
</comp>

<comp id="62813" class="1004" name="sext_ln70_75_fu_62813">
<pin_list>
<pin id="62814" dir="0" index="0" bw="16" slack="2"/>
<pin id="62815" dir="1" index="1" bw="27" slack="0"/>
</pin_list>
<bind>
<opcode="sext(35) " fcode="sext"/>
<opset="sext_ln70_75/3 "/>
</bind>
</comp>

<comp id="62817" class="1004" name="sext_ln73_98_fu_62817">
<pin_list>
<pin id="62818" dir="0" index="0" bw="25" slack="1"/>
<pin id="62819" dir="1" index="1" bw="26" slack="0"/>
</pin_list>
<bind>
<opcode="sext(35) " fcode="sext"/>
<opset="sext_ln73_98/3 "/>
</bind>
</comp>

<comp id="62821" class="1004" name="shl_ln73_31_fu_62821">
<pin_list>
<pin id="62822" dir="0" index="0" bw="23" slack="0"/>
<pin id="62823" dir="0" index="1" bw="16" slack="2"/>
<pin id="62824" dir="0" index="2" bw="1" slack="0"/>
<pin id="62825" dir="1" index="3" bw="23" slack="0"/>
</pin_list>
<bind>
<opcode="bitconcatenate(1004) " fcode="bitconcatenate"/>
<opset="shl_ln73_31/3 "/>
</bind>
</comp>

<comp id="62828" class="1004" name="sext_ln73_99_fu_62828">
<pin_list>
<pin id="62829" dir="0" index="0" bw="23" slack="0"/>
<pin id="62830" dir="1" index="1" bw="24" slack="0"/>
</pin_list>
<bind>
<opcode="sext(35) " fcode="sext"/>
<opset="sext_ln73_99/3 "/>
</bind>
</comp>

<comp id="62832" class="1004" name="add_ln73_3_fu_62832">
<pin_list>
<pin id="62833" dir="0" index="0" bw="23" slack="0"/>
<pin id="62834" dir="0" index="1" bw="16" slack="0"/>
<pin id="62835" dir="1" index="2" bw="24" slack="0"/>
</pin_list>
<bind>
<opcode="add(8) " fcode="add"/>
<opset="add_ln73_3/3 "/>
</bind>
</comp>

<comp id="62838" class="1004" name="sext_ln73_101_fu_62838">
<pin_list>
<pin id="62839" dir="0" index="0" bw="23" slack="1"/>
<pin id="62840" dir="1" index="1" bw="24" slack="0"/>
</pin_list>
<bind>
<opcode="sext(35) " fcode="sext"/>
<opset="sext_ln73_101/3 "/>
</bind>
</comp>

<comp id="62842" class="1004" name="add_ln58_52_fu_62842">
<pin_list>
<pin id="62843" dir="0" index="0" bw="25" slack="1"/>
<pin id="62844" dir="0" index="1" bw="17" slack="0"/>
<pin id="62845" dir="1" index="2" bw="25" slack="0"/>
</pin_list>
<bind>
<opcode="add(8) " fcode="add"/>
<opset="add_ln58_52/3 "/>
</bind>
</comp>

<comp id="62848" class="1004" name="sext_ln58_24_fu_62848">
<pin_list>
<pin id="62849" dir="0" index="0" bw="25" slack="0"/>
<pin id="62850" dir="1" index="1" bw="26" slack="0"/>
</pin_list>
<bind>
<opcode="sext(35) " fcode="sext"/>
<opset="sext_ln58_24/3 "/>
</bind>
</comp>

<comp id="62852" class="1004" name="sext_ln58_fu_62852">
<pin_list>
<pin id="62853" dir="0" index="0" bw="23" slack="1"/>
<pin id="62854" dir="1" index="1" bw="25" slack="0"/>
</pin_list>
<bind>
<opcode="sext(35) " fcode="sext"/>
<opset="sext_ln58/3 "/>
</bind>
</comp>

<comp id="62855" class="1004" name="add_ln58_54_fu_62855">
<pin_list>
<pin id="62856" dir="0" index="0" bw="23" slack="0"/>
<pin id="62857" dir="0" index="1" bw="25" slack="1"/>
<pin id="62858" dir="1" index="2" bw="25" slack="0"/>
</pin_list>
<bind>
<opcode="add(8) " fcode="add"/>
<opset="add_ln58_54/3 "/>
</bind>
</comp>

<comp id="62861" class="1004" name="sext_ln58_25_fu_62861">
<pin_list>
<pin id="62862" dir="0" index="0" bw="25" slack="0"/>
<pin id="62863" dir="1" index="1" bw="26" slack="0"/>
</pin_list>
<bind>
<opcode="sext(35) " fcode="sext"/>
<opset="sext_ln58_25/3 "/>
</bind>
</comp>

<comp id="62865" class="1004" name="sext_ln58_26_fu_62865">
<pin_list>
<pin id="62866" dir="0" index="0" bw="23" slack="1"/>
<pin id="62867" dir="1" index="1" bw="25" slack="0"/>
</pin_list>
<bind>
<opcode="sext(35) " fcode="sext"/>
<opset="sext_ln58_26/3 "/>
</bind>
</comp>

<comp id="62868" class="1004" name="sext_ln58_27_fu_62868">
<pin_list>
<pin id="62869" dir="0" index="0" bw="26" slack="1"/>
<pin id="62870" dir="1" index="1" bw="27" slack="0"/>
</pin_list>
<bind>
<opcode="sext(35) " fcode="sext"/>
<opset="sext_ln58_27/3 "/>
</bind>
</comp>

<comp id="62871" class="1004" name="sext_ln58_28_fu_62871">
<pin_list>
<pin id="62872" dir="0" index="0" bw="25" slack="1"/>
<pin id="62873" dir="1" index="1" bw="26" slack="0"/>
</pin_list>
<bind>
<opcode="sext(35) " fcode="sext"/>
<opset="sext_ln58_28/3 "/>
</bind>
</comp>

<comp id="62874" class="1004" name="sext_ln58_29_fu_62874">
<pin_list>
<pin id="62875" dir="0" index="0" bw="26" slack="1"/>
<pin id="62876" dir="1" index="1" bw="27" slack="0"/>
</pin_list>
<bind>
<opcode="sext(35) " fcode="sext"/>
<opset="sext_ln58_29/3 "/>
</bind>
</comp>

<comp id="62877" class="1004" name="add_ln58_63_fu_62877">
<pin_list>
<pin id="62878" dir="0" index="0" bw="25" slack="1"/>
<pin id="62879" dir="0" index="1" bw="23" slack="0"/>
<pin id="62880" dir="1" index="2" bw="25" slack="0"/>
</pin_list>
<bind>
<opcode="add(8) " fcode="add"/>
<opset="add_ln58_63/3 "/>
</bind>
</comp>

<comp id="62883" class="1004" name="sext_ln58_31_fu_62883">
<pin_list>
<pin id="62884" dir="0" index="0" bw="25" slack="0"/>
<pin id="62885" dir="1" index="1" bw="26" slack="0"/>
</pin_list>
<bind>
<opcode="sext(35) " fcode="sext"/>
<opset="sext_ln58_31/3 "/>
</bind>
</comp>

<comp id="62887" class="1004" name="sext_ln58_32_fu_62887">
<pin_list>
<pin id="62888" dir="0" index="0" bw="26" slack="1"/>
<pin id="62889" dir="1" index="1" bw="27" slack="0"/>
</pin_list>
<bind>
<opcode="sext(35) " fcode="sext"/>
<opset="sext_ln58_32/3 "/>
</bind>
</comp>

<comp id="62890" class="1004" name="sext_ln58_34_fu_62890">
<pin_list>
<pin id="62891" dir="0" index="0" bw="26" slack="1"/>
<pin id="62892" dir="1" index="1" bw="27" slack="0"/>
</pin_list>
<bind>
<opcode="sext(35) " fcode="sext"/>
<opset="sext_ln58_34/3 "/>
</bind>
</comp>

<comp id="62893" class="1004" name="add_ln58_70_fu_62893">
<pin_list>
<pin id="62894" dir="0" index="0" bw="25" slack="0"/>
<pin id="62895" dir="0" index="1" bw="24" slack="0"/>
<pin id="62896" dir="1" index="2" bw="26" slack="0"/>
</pin_list>
<bind>
<opcode="add(8) " fcode="add"/>
<opset="add_ln58_70/3 "/>
</bind>
</comp>

<comp id="62899" class="1004" name="add_ln58_71_fu_62899">
<pin_list>
<pin id="62900" dir="0" index="0" bw="26" slack="0"/>
<pin id="62901" dir="0" index="1" bw="26" slack="1"/>
<pin id="62902" dir="1" index="2" bw="26" slack="0"/>
</pin_list>
<bind>
<opcode="add(8) " fcode="add"/>
<opset="add_ln58_71/3 "/>
</bind>
</comp>

<comp id="62905" class="1004" name="sext_ln58_35_fu_62905">
<pin_list>
<pin id="62906" dir="0" index="0" bw="26" slack="0"/>
<pin id="62907" dir="1" index="1" bw="27" slack="0"/>
</pin_list>
<bind>
<opcode="sext(35) " fcode="sext"/>
<opset="sext_ln58_35/3 "/>
</bind>
</comp>

<comp id="62909" class="1004" name="add_ln58_72_fu_62909">
<pin_list>
<pin id="62910" dir="0" index="0" bw="25" slack="0"/>
<pin id="62911" dir="0" index="1" bw="25" slack="0"/>
<pin id="62912" dir="1" index="2" bw="26" slack="0"/>
</pin_list>
<bind>
<opcode="add(8) " fcode="add"/>
<opset="add_ln58_72/3 "/>
</bind>
</comp>

<comp id="62915" class="1004" name="add_ln58_73_fu_62915">
<pin_list>
<pin id="62916" dir="0" index="0" bw="26" slack="0"/>
<pin id="62917" dir="0" index="1" bw="26" slack="1"/>
<pin id="62918" dir="1" index="2" bw="26" slack="0"/>
</pin_list>
<bind>
<opcode="add(8) " fcode="add"/>
<opset="add_ln58_73/3 "/>
</bind>
</comp>

<comp id="62921" class="1004" name="sext_ln58_36_fu_62921">
<pin_list>
<pin id="62922" dir="0" index="0" bw="26" slack="0"/>
<pin id="62923" dir="1" index="1" bw="27" slack="0"/>
</pin_list>
<bind>
<opcode="sext(35) " fcode="sext"/>
<opset="sext_ln58_36/3 "/>
</bind>
</comp>

<comp id="62925" class="1004" name="add_ln58_74_fu_62925">
<pin_list>
<pin id="62926" dir="0" index="0" bw="25" slack="0"/>
<pin id="62927" dir="0" index="1" bw="25" slack="0"/>
<pin id="62928" dir="1" index="2" bw="26" slack="0"/>
</pin_list>
<bind>
<opcode="add(8) " fcode="add"/>
<opset="add_ln58_74/3 "/>
</bind>
</comp>

<comp id="62931" class="1004" name="add_ln58_75_fu_62931">
<pin_list>
<pin id="62932" dir="0" index="0" bw="26" slack="0"/>
<pin id="62933" dir="0" index="1" bw="26" slack="1"/>
<pin id="62934" dir="1" index="2" bw="26" slack="0"/>
</pin_list>
<bind>
<opcode="add(8) " fcode="add"/>
<opset="add_ln58_75/3 "/>
</bind>
</comp>

<comp id="62937" class="1004" name="sext_ln58_37_fu_62937">
<pin_list>
<pin id="62938" dir="0" index="0" bw="26" slack="0"/>
<pin id="62939" dir="1" index="1" bw="27" slack="0"/>
</pin_list>
<bind>
<opcode="sext(35) " fcode="sext"/>
<opset="sext_ln58_37/3 "/>
</bind>
</comp>

<comp id="62941" class="1004" name="add_ln58_78_fu_62941">
<pin_list>
<pin id="62942" dir="0" index="0" bw="25" slack="0"/>
<pin id="62943" dir="0" index="1" bw="24" slack="0"/>
<pin id="62944" dir="1" index="2" bw="26" slack="0"/>
</pin_list>
<bind>
<opcode="add(8) " fcode="add"/>
<opset="add_ln58_78/3 "/>
</bind>
</comp>

<comp id="62947" class="1004" name="add_ln58_79_fu_62947">
<pin_list>
<pin id="62948" dir="0" index="0" bw="26" slack="0"/>
<pin id="62949" dir="0" index="1" bw="26" slack="1"/>
<pin id="62950" dir="1" index="2" bw="26" slack="0"/>
</pin_list>
<bind>
<opcode="add(8) " fcode="add"/>
<opset="add_ln58_79/3 "/>
</bind>
</comp>

<comp id="62953" class="1004" name="sext_ln58_39_fu_62953">
<pin_list>
<pin id="62954" dir="0" index="0" bw="26" slack="0"/>
<pin id="62955" dir="1" index="1" bw="27" slack="0"/>
</pin_list>
<bind>
<opcode="sext(35) " fcode="sext"/>
<opset="sext_ln58_39/3 "/>
</bind>
</comp>

<comp id="62957" class="1004" name="add_ln58_81_fu_62957">
<pin_list>
<pin id="62958" dir="0" index="0" bw="26" slack="0"/>
<pin id="62959" dir="0" index="1" bw="26" slack="0"/>
<pin id="62960" dir="1" index="2" bw="27" slack="0"/>
</pin_list>
<bind>
<opcode="add(8) " fcode="add"/>
<opset="add_ln58_81/3 "/>
</bind>
</comp>

<comp id="62963" class="1004" name="sext_ln58_67_fu_62963">
<pin_list>
<pin id="62964" dir="0" index="0" bw="26" slack="1"/>
<pin id="62965" dir="1" index="1" bw="27" slack="0"/>
</pin_list>
<bind>
<opcode="sext(35) " fcode="sext"/>
<opset="sext_ln58_67/3 "/>
</bind>
</comp>

<comp id="62966" class="1004" name="add_ln58_84_fu_62966">
<pin_list>
<pin id="62967" dir="0" index="0" bw="26" slack="0"/>
<pin id="62968" dir="0" index="1" bw="27" slack="0"/>
<pin id="62969" dir="1" index="2" bw="27" slack="0"/>
</pin_list>
<bind>
<opcode="add(8) " fcode="add"/>
<opset="add_ln58_84/3 "/>
</bind>
</comp>

<comp id="62972" class="1004" name="sext_ln58_41_fu_62972">
<pin_list>
<pin id="62973" dir="0" index="0" bw="27" slack="0"/>
<pin id="62974" dir="1" index="1" bw="28" slack="0"/>
</pin_list>
<bind>
<opcode="sext(35) " fcode="sext"/>
<opset="sext_ln58_41/3 "/>
</bind>
</comp>

<comp id="62976" class="1004" name="add_ln58_85_fu_62976">
<pin_list>
<pin id="62977" dir="0" index="0" bw="26" slack="0"/>
<pin id="62978" dir="0" index="1" bw="26" slack="0"/>
<pin id="62979" dir="1" index="2" bw="27" slack="0"/>
</pin_list>
<bind>
<opcode="add(8) " fcode="add"/>
<opset="add_ln58_85/3 "/>
</bind>
</comp>

<comp id="62982" class="1004" name="add_ln58_86_fu_62982">
<pin_list>
<pin id="62983" dir="0" index="0" bw="25" slack="1"/>
<pin id="62984" dir="0" index="1" bw="25" slack="1"/>
<pin id="62985" dir="1" index="2" bw="25" slack="0"/>
</pin_list>
<bind>
<opcode="add(8) " fcode="add"/>
<opset="add_ln58_86/3 "/>
</bind>
</comp>

<comp id="62988" class="1004" name="sext_ln58_68_fu_62988">
<pin_list>
<pin id="62989" dir="0" index="0" bw="25" slack="0"/>
<pin id="62990" dir="1" index="1" bw="27" slack="0"/>
</pin_list>
<bind>
<opcode="sext(35) " fcode="sext"/>
<opset="sext_ln58_68/3 "/>
</bind>
</comp>

<comp id="62992" class="1004" name="add_ln58_87_fu_62992">
<pin_list>
<pin id="62993" dir="0" index="0" bw="25" slack="0"/>
<pin id="62994" dir="0" index="1" bw="27" slack="0"/>
<pin id="62995" dir="1" index="2" bw="27" slack="1"/>
</pin_list>
<bind>
<opcode="add(8) " fcode="add"/>
<opset="add_ln58_87/3 "/>
</bind>
</comp>

<comp id="62998" class="1004" name="sext_ln58_43_fu_62998">
<pin_list>
<pin id="62999" dir="0" index="0" bw="27" slack="1"/>
<pin id="63000" dir="1" index="1" bw="28" slack="0"/>
</pin_list>
<bind>
<opcode="sext(35) " fcode="sext"/>
<opset="sext_ln58_43/3 "/>
</bind>
</comp>

<comp id="63001" class="1004" name="add_ln58_91_fu_63001">
<pin_list>
<pin id="63002" dir="0" index="0" bw="26" slack="0"/>
<pin id="63003" dir="0" index="1" bw="26" slack="0"/>
<pin id="63004" dir="1" index="2" bw="27" slack="0"/>
</pin_list>
<bind>
<opcode="add(8) " fcode="add"/>
<opset="add_ln58_91/3 "/>
</bind>
</comp>

<comp id="63007" class="1004" name="sext_ln58_71_fu_63007">
<pin_list>
<pin id="63008" dir="0" index="0" bw="26" slack="1"/>
<pin id="63009" dir="1" index="1" bw="27" slack="0"/>
</pin_list>
<bind>
<opcode="sext(35) " fcode="sext"/>
<opset="sext_ln58_71/3 "/>
</bind>
</comp>

<comp id="63010" class="1004" name="add_ln58_94_fu_63010">
<pin_list>
<pin id="63011" dir="0" index="0" bw="26" slack="0"/>
<pin id="63012" dir="0" index="1" bw="27" slack="0"/>
<pin id="63013" dir="1" index="2" bw="27" slack="0"/>
</pin_list>
<bind>
<opcode="add(8) " fcode="add"/>
<opset="add_ln58_94/3 "/>
</bind>
</comp>

<comp id="63016" class="1004" name="sext_ln58_44_fu_63016">
<pin_list>
<pin id="63017" dir="0" index="0" bw="27" slack="0"/>
<pin id="63018" dir="1" index="1" bw="28" slack="0"/>
</pin_list>
<bind>
<opcode="sext(35) " fcode="sext"/>
<opset="sext_ln58_44/3 "/>
</bind>
</comp>

<comp id="63020" class="1004" name="add_ln58_95_fu_63020">
<pin_list>
<pin id="63021" dir="0" index="0" bw="26" slack="0"/>
<pin id="63022" dir="0" index="1" bw="26" slack="0"/>
<pin id="63023" dir="1" index="2" bw="27" slack="0"/>
</pin_list>
<bind>
<opcode="add(8) " fcode="add"/>
<opset="add_ln58_95/3 "/>
</bind>
</comp>

<comp id="63026" class="1004" name="add_ln58_96_fu_63026">
<pin_list>
<pin id="63027" dir="0" index="0" bw="26" slack="1"/>
<pin id="63028" dir="0" index="1" bw="26" slack="1"/>
<pin id="63029" dir="1" index="2" bw="26" slack="0"/>
</pin_list>
<bind>
<opcode="add(8) " fcode="add"/>
<opset="add_ln58_96/3 "/>
</bind>
</comp>

<comp id="63032" class="1004" name="sext_ln58_72_fu_63032">
<pin_list>
<pin id="63033" dir="0" index="0" bw="26" slack="0"/>
<pin id="63034" dir="1" index="1" bw="27" slack="0"/>
</pin_list>
<bind>
<opcode="sext(35) " fcode="sext"/>
<opset="sext_ln58_72/3 "/>
</bind>
</comp>

<comp id="63036" class="1004" name="add_ln58_97_fu_63036">
<pin_list>
<pin id="63037" dir="0" index="0" bw="26" slack="0"/>
<pin id="63038" dir="0" index="1" bw="27" slack="0"/>
<pin id="63039" dir="1" index="2" bw="27" slack="1"/>
</pin_list>
<bind>
<opcode="add(8) " fcode="add"/>
<opset="add_ln58_97/3 "/>
</bind>
</comp>

<comp id="63042" class="1004" name="add_ln58_98_fu_63042">
<pin_list>
<pin id="63043" dir="0" index="0" bw="26" slack="0"/>
<pin id="63044" dir="0" index="1" bw="26" slack="0"/>
<pin id="63045" dir="1" index="2" bw="27" slack="0"/>
</pin_list>
<bind>
<opcode="add(8) " fcode="add"/>
<opset="add_ln58_98/3 "/>
</bind>
</comp>

<comp id="63048" class="1004" name="sext_ln58_74_fu_63048">
<pin_list>
<pin id="63049" dir="0" index="0" bw="26" slack="1"/>
<pin id="63050" dir="1" index="1" bw="27" slack="0"/>
</pin_list>
<bind>
<opcode="sext(35) " fcode="sext"/>
<opset="sext_ln58_74/3 "/>
</bind>
</comp>

<comp id="63051" class="1004" name="add_ln58_101_fu_63051">
<pin_list>
<pin id="63052" dir="0" index="0" bw="26" slack="0"/>
<pin id="63053" dir="0" index="1" bw="27" slack="0"/>
<pin id="63054" dir="1" index="2" bw="27" slack="1"/>
</pin_list>
<bind>
<opcode="add(8) " fcode="add"/>
<opset="add_ln58_101/3 "/>
</bind>
</comp>

<comp id="63057" class="1004" name="sext_ln58_47_fu_63057">
<pin_list>
<pin id="63058" dir="0" index="0" bw="27" slack="1"/>
<pin id="63059" dir="1" index="1" bw="28" slack="0"/>
</pin_list>
<bind>
<opcode="sext(35) " fcode="sext"/>
<opset="sext_ln58_47/3 "/>
</bind>
</comp>

<comp id="63060" class="1004" name="sext_ln58_76_fu_63060">
<pin_list>
<pin id="63061" dir="0" index="0" bw="26" slack="1"/>
<pin id="63062" dir="1" index="1" bw="27" slack="0"/>
</pin_list>
<bind>
<opcode="sext(35) " fcode="sext"/>
<opset="sext_ln58_76/3 "/>
</bind>
</comp>

<comp id="63063" class="1004" name="add_ln58_106_fu_63063">
<pin_list>
<pin id="63064" dir="0" index="0" bw="26" slack="0"/>
<pin id="63065" dir="0" index="1" bw="26" slack="0"/>
<pin id="63066" dir="1" index="2" bw="27" slack="0"/>
</pin_list>
<bind>
<opcode="add(8) " fcode="add"/>
<opset="add_ln58_106/3 "/>
</bind>
</comp>

<comp id="63069" class="1004" name="sext_ln58_78_fu_63069">
<pin_list>
<pin id="63070" dir="0" index="0" bw="24" slack="1"/>
<pin id="63071" dir="1" index="1" bw="27" slack="0"/>
</pin_list>
<bind>
<opcode="sext(35) " fcode="sext"/>
<opset="sext_ln58_78/3 "/>
</bind>
</comp>

<comp id="63072" class="1004" name="add_ln58_109_fu_63072">
<pin_list>
<pin id="63073" dir="0" index="0" bw="24" slack="0"/>
<pin id="63074" dir="0" index="1" bw="27" slack="0"/>
<pin id="63075" dir="1" index="2" bw="27" slack="0"/>
</pin_list>
<bind>
<opcode="add(8) " fcode="add"/>
<opset="add_ln58_109/3 "/>
</bind>
</comp>

<comp id="63078" class="1004" name="sext_ln58_48_fu_63078">
<pin_list>
<pin id="63079" dir="0" index="0" bw="27" slack="0"/>
<pin id="63080" dir="1" index="1" bw="28" slack="0"/>
</pin_list>
<bind>
<opcode="sext(35) " fcode="sext"/>
<opset="sext_ln58_48/3 "/>
</bind>
</comp>

<comp id="63082" class="1004" name="sext_ln58_79_fu_63082">
<pin_list>
<pin id="63083" dir="0" index="0" bw="25" slack="1"/>
<pin id="63084" dir="1" index="1" bw="27" slack="0"/>
</pin_list>
<bind>
<opcode="sext(35) " fcode="sext"/>
<opset="sext_ln58_79/3 "/>
</bind>
</comp>

<comp id="63085" class="1004" name="add_ln58_111_fu_63085">
<pin_list>
<pin id="63086" dir="0" index="0" bw="25" slack="0"/>
<pin id="63087" dir="0" index="1" bw="26" slack="0"/>
<pin id="63088" dir="1" index="2" bw="27" slack="0"/>
</pin_list>
<bind>
<opcode="add(8) " fcode="add"/>
<opset="add_ln58_111/3 "/>
</bind>
</comp>

<comp id="63091" class="1004" name="sext_ln58_82_fu_63091">
<pin_list>
<pin id="63092" dir="0" index="0" bw="25" slack="1"/>
<pin id="63093" dir="1" index="1" bw="27" slack="0"/>
</pin_list>
<bind>
<opcode="sext(35) " fcode="sext"/>
<opset="sext_ln58_82/3 "/>
</bind>
</comp>

<comp id="63094" class="1004" name="add_ln58_115_fu_63094">
<pin_list>
<pin id="63095" dir="0" index="0" bw="25" slack="0"/>
<pin id="63096" dir="0" index="1" bw="27" slack="0"/>
<pin id="63097" dir="1" index="2" bw="27" slack="1"/>
</pin_list>
<bind>
<opcode="add(8) " fcode="add"/>
<opset="add_ln58_115/3 "/>
</bind>
</comp>

<comp id="63100" class="1004" name="add_ln58_116_fu_63100">
<pin_list>
<pin id="63101" dir="0" index="0" bw="26" slack="0"/>
<pin id="63102" dir="0" index="1" bw="26" slack="0"/>
<pin id="63103" dir="1" index="2" bw="27" slack="0"/>
</pin_list>
<bind>
<opcode="add(8) " fcode="add"/>
<opset="add_ln58_116/3 "/>
</bind>
</comp>

<comp id="63106" class="1004" name="add_ln58_117_fu_63106">
<pin_list>
<pin id="63107" dir="0" index="0" bw="25" slack="1"/>
<pin id="63108" dir="0" index="1" bw="25" slack="1"/>
<pin id="63109" dir="1" index="2" bw="25" slack="0"/>
</pin_list>
<bind>
<opcode="add(8) " fcode="add"/>
<opset="add_ln58_117/3 "/>
</bind>
</comp>

<comp id="63112" class="1004" name="sext_ln58_83_fu_63112">
<pin_list>
<pin id="63113" dir="0" index="0" bw="25" slack="0"/>
<pin id="63114" dir="1" index="1" bw="27" slack="0"/>
</pin_list>
<bind>
<opcode="sext(35) " fcode="sext"/>
<opset="sext_ln58_83/3 "/>
</bind>
</comp>

<comp id="63116" class="1004" name="add_ln58_118_fu_63116">
<pin_list>
<pin id="63117" dir="0" index="0" bw="25" slack="0"/>
<pin id="63118" dir="0" index="1" bw="27" slack="0"/>
<pin id="63119" dir="1" index="2" bw="27" slack="0"/>
</pin_list>
<bind>
<opcode="add(8) " fcode="add"/>
<opset="add_ln58_118/3 "/>
</bind>
</comp>

<comp id="63122" class="1004" name="sext_ln58_86_fu_63122">
<pin_list>
<pin id="63123" dir="0" index="0" bw="25" slack="1"/>
<pin id="63124" dir="1" index="1" bw="27" slack="0"/>
</pin_list>
<bind>
<opcode="sext(35) " fcode="sext"/>
<opset="sext_ln58_86/3 "/>
</bind>
</comp>

<comp id="63125" class="1004" name="add_ln58_122_fu_63125">
<pin_list>
<pin id="63126" dir="0" index="0" bw="25" slack="0"/>
<pin id="63127" dir="0" index="1" bw="27" slack="0"/>
<pin id="63128" dir="1" index="2" bw="27" slack="1"/>
</pin_list>
<bind>
<opcode="add(8) " fcode="add"/>
<opset="add_ln58_122/3 "/>
</bind>
</comp>

<comp id="63131" class="1004" name="add_ln58_123_fu_63131">
<pin_list>
<pin id="63132" dir="0" index="0" bw="26" slack="0"/>
<pin id="63133" dir="0" index="1" bw="26" slack="1"/>
<pin id="63134" dir="1" index="2" bw="26" slack="1"/>
</pin_list>
<bind>
<opcode="add(8) " fcode="add"/>
<opset="add_ln58_123/3 "/>
</bind>
</comp>

<comp id="63137" class="1004" name="add_ln58_125_fu_63137">
<pin_list>
<pin id="63138" dir="0" index="0" bw="26" slack="1"/>
<pin id="63139" dir="0" index="1" bw="26" slack="1"/>
<pin id="63140" dir="1" index="2" bw="26" slack="0"/>
</pin_list>
<bind>
<opcode="add(8) " fcode="add"/>
<opset="add_ln58_125/3 "/>
</bind>
</comp>

<comp id="63143" class="1004" name="sext_ln58_88_fu_63143">
<pin_list>
<pin id="63144" dir="0" index="0" bw="26" slack="0"/>
<pin id="63145" dir="1" index="1" bw="27" slack="0"/>
</pin_list>
<bind>
<opcode="sext(35) " fcode="sext"/>
<opset="sext_ln58_88/3 "/>
</bind>
</comp>

<comp id="63147" class="1004" name="add_ln58_126_fu_63147">
<pin_list>
<pin id="63148" dir="0" index="0" bw="25" slack="1"/>
<pin id="63149" dir="0" index="1" bw="25" slack="1"/>
<pin id="63150" dir="1" index="2" bw="25" slack="0"/>
</pin_list>
<bind>
<opcode="add(8) " fcode="add"/>
<opset="add_ln58_126/3 "/>
</bind>
</comp>

<comp id="63153" class="1004" name="sext_ln58_89_fu_63153">
<pin_list>
<pin id="63154" dir="0" index="0" bw="25" slack="0"/>
<pin id="63155" dir="1" index="1" bw="27" slack="0"/>
</pin_list>
<bind>
<opcode="sext(35) " fcode="sext"/>
<opset="sext_ln58_89/3 "/>
</bind>
</comp>

<comp id="63157" class="1004" name="add_ln58_127_fu_63157">
<pin_list>
<pin id="63158" dir="0" index="0" bw="25" slack="0"/>
<pin id="63159" dir="0" index="1" bw="26" slack="0"/>
<pin id="63160" dir="1" index="2" bw="27" slack="1"/>
</pin_list>
<bind>
<opcode="add(8) " fcode="add"/>
<opset="add_ln58_127/3 "/>
</bind>
</comp>

<comp id="63163" class="1004" name="add_ln58_129_fu_63163">
<pin_list>
<pin id="63164" dir="0" index="0" bw="27" slack="0"/>
<pin id="63165" dir="0" index="1" bw="26" slack="0"/>
<pin id="63166" dir="1" index="2" bw="28" slack="0"/>
</pin_list>
<bind>
<opcode="add(8) " fcode="add"/>
<opset="add_ln58_129/3 "/>
</bind>
</comp>

<comp id="63169" class="1004" name="add_ln58_130_fu_63169">
<pin_list>
<pin id="63170" dir="0" index="0" bw="26" slack="1"/>
<pin id="63171" dir="0" index="1" bw="26" slack="1"/>
<pin id="63172" dir="1" index="2" bw="26" slack="0"/>
</pin_list>
<bind>
<opcode="add(8) " fcode="add"/>
<opset="add_ln58_130/3 "/>
</bind>
</comp>

<comp id="63175" class="1004" name="sext_ln58_91_fu_63175">
<pin_list>
<pin id="63176" dir="0" index="0" bw="26" slack="0"/>
<pin id="63177" dir="1" index="1" bw="28" slack="0"/>
</pin_list>
<bind>
<opcode="sext(35) " fcode="sext"/>
<opset="sext_ln58_91/3 "/>
</bind>
</comp>

<comp id="63179" class="1004" name="add_ln58_131_fu_63179">
<pin_list>
<pin id="63180" dir="0" index="0" bw="26" slack="0"/>
<pin id="63181" dir="0" index="1" bw="28" slack="0"/>
<pin id="63182" dir="1" index="2" bw="28" slack="0"/>
</pin_list>
<bind>
<opcode="add(8) " fcode="add"/>
<opset="add_ln58_131/3 "/>
</bind>
</comp>

<comp id="63185" class="1004" name="sext_ln58_94_fu_63185">
<pin_list>
<pin id="63186" dir="0" index="0" bw="26" slack="1"/>
<pin id="63187" dir="1" index="1" bw="28" slack="0"/>
</pin_list>
<bind>
<opcode="sext(35) " fcode="sext"/>
<opset="sext_ln58_94/3 "/>
</bind>
</comp>

<comp id="63188" class="1004" name="add_ln58_135_fu_63188">
<pin_list>
<pin id="63189" dir="0" index="0" bw="26" slack="0"/>
<pin id="63190" dir="0" index="1" bw="28" slack="0"/>
<pin id="63191" dir="1" index="2" bw="28" slack="1"/>
</pin_list>
<bind>
<opcode="add(8) " fcode="add"/>
<opset="add_ln58_135/3 "/>
</bind>
</comp>

<comp id="63194" class="1004" name="add_ln58_136_fu_63194">
<pin_list>
<pin id="63195" dir="0" index="0" bw="27" slack="0"/>
<pin id="63196" dir="0" index="1" bw="26" slack="0"/>
<pin id="63197" dir="1" index="2" bw="28" slack="0"/>
</pin_list>
<bind>
<opcode="add(8) " fcode="add"/>
<opset="add_ln58_136/3 "/>
</bind>
</comp>

<comp id="63200" class="1004" name="add_ln58_137_fu_63200">
<pin_list>
<pin id="63201" dir="0" index="0" bw="26" slack="1"/>
<pin id="63202" dir="0" index="1" bw="26" slack="1"/>
<pin id="63203" dir="1" index="2" bw="26" slack="0"/>
</pin_list>
<bind>
<opcode="add(8) " fcode="add"/>
<opset="add_ln58_137/3 "/>
</bind>
</comp>

<comp id="63206" class="1004" name="sext_ln58_95_fu_63206">
<pin_list>
<pin id="63207" dir="0" index="0" bw="26" slack="0"/>
<pin id="63208" dir="1" index="1" bw="28" slack="0"/>
</pin_list>
<bind>
<opcode="sext(35) " fcode="sext"/>
<opset="sext_ln58_95/3 "/>
</bind>
</comp>

<comp id="63210" class="1004" name="add_ln58_138_fu_63210">
<pin_list>
<pin id="63211" dir="0" index="0" bw="26" slack="0"/>
<pin id="63212" dir="0" index="1" bw="28" slack="0"/>
<pin id="63213" dir="1" index="2" bw="28" slack="0"/>
</pin_list>
<bind>
<opcode="add(8) " fcode="add"/>
<opset="add_ln58_138/3 "/>
</bind>
</comp>

<comp id="63216" class="1004" name="add_ln58_139_fu_63216">
<pin_list>
<pin id="63217" dir="0" index="0" bw="25" slack="0"/>
<pin id="63218" dir="0" index="1" bw="25" slack="0"/>
<pin id="63219" dir="1" index="2" bw="26" slack="0"/>
</pin_list>
<bind>
<opcode="add(8) " fcode="add"/>
<opset="add_ln58_139/3 "/>
</bind>
</comp>

<comp id="63222" class="1004" name="sext_ln58_96_fu_63222">
<pin_list>
<pin id="63223" dir="0" index="0" bw="23" slack="1"/>
<pin id="63224" dir="1" index="1" bw="25" slack="0"/>
</pin_list>
<bind>
<opcode="sext(35) " fcode="sext"/>
<opset="sext_ln58_96/3 "/>
</bind>
</comp>

<comp id="63225" class="1004" name="add_ln58_141_fu_63225">
<pin_list>
<pin id="63226" dir="0" index="0" bw="23" slack="0"/>
<pin id="63227" dir="0" index="1" bw="25" slack="1"/>
<pin id="63228" dir="1" index="2" bw="25" slack="0"/>
</pin_list>
<bind>
<opcode="add(8) " fcode="add"/>
<opset="add_ln58_141/3 "/>
</bind>
</comp>

<comp id="63231" class="1004" name="sext_ln58_97_fu_63231">
<pin_list>
<pin id="63232" dir="0" index="0" bw="25" slack="0"/>
<pin id="63233" dir="1" index="1" bw="26" slack="0"/>
</pin_list>
<bind>
<opcode="sext(35) " fcode="sext"/>
<opset="sext_ln58_97/3 "/>
</bind>
</comp>

<comp id="63235" class="1004" name="add_ln58_142_fu_63235">
<pin_list>
<pin id="63236" dir="0" index="0" bw="25" slack="0"/>
<pin id="63237" dir="0" index="1" bw="26" slack="0"/>
<pin id="63238" dir="1" index="2" bw="26" slack="0"/>
</pin_list>
<bind>
<opcode="add(8) " fcode="add"/>
<opset="add_ln58_142/3 "/>
</bind>
</comp>

<comp id="63241" class="1004" name="sext_ln58_98_fu_63241">
<pin_list>
<pin id="63242" dir="0" index="0" bw="26" slack="0"/>
<pin id="63243" dir="1" index="1" bw="28" slack="0"/>
</pin_list>
<bind>
<opcode="sext(35) " fcode="sext"/>
<opset="sext_ln58_98/3 "/>
</bind>
</comp>

<comp id="63245" class="1004" name="add_ln58_143_fu_63245">
<pin_list>
<pin id="63246" dir="0" index="0" bw="26" slack="0"/>
<pin id="63247" dir="0" index="1" bw="28" slack="0"/>
<pin id="63248" dir="1" index="2" bw="28" slack="1"/>
</pin_list>
<bind>
<opcode="add(8) " fcode="add"/>
<opset="add_ln58_143/3 "/>
</bind>
</comp>

<comp id="63251" class="1004" name="add_ln58_144_fu_63251">
<pin_list>
<pin id="63252" dir="0" index="0" bw="27" slack="0"/>
<pin id="63253" dir="0" index="1" bw="26" slack="0"/>
<pin id="63254" dir="1" index="2" bw="28" slack="1"/>
</pin_list>
<bind>
<opcode="add(8) " fcode="add"/>
<opset="add_ln58_144/3 "/>
</bind>
</comp>

<comp id="63257" class="1004" name="add_ln58_145_fu_63257">
<pin_list>
<pin id="63258" dir="0" index="0" bw="26" slack="0"/>
<pin id="63259" dir="0" index="1" bw="25" slack="0"/>
<pin id="63260" dir="1" index="2" bw="26" slack="1"/>
</pin_list>
<bind>
<opcode="add(8) " fcode="add"/>
<opset="add_ln58_145/3 "/>
</bind>
</comp>

<comp id="63263" class="1004" name="add_ln58_147_fu_63263">
<pin_list>
<pin id="63264" dir="0" index="0" bw="25" slack="1"/>
<pin id="63265" dir="0" index="1" bw="25" slack="1"/>
<pin id="63266" dir="1" index="2" bw="25" slack="0"/>
</pin_list>
<bind>
<opcode="add(8) " fcode="add"/>
<opset="add_ln58_147/3 "/>
</bind>
</comp>

<comp id="63269" class="1004" name="sext_ln58_100_fu_63269">
<pin_list>
<pin id="63270" dir="0" index="0" bw="25" slack="0"/>
<pin id="63271" dir="1" index="1" bw="26" slack="0"/>
</pin_list>
<bind>
<opcode="sext(35) " fcode="sext"/>
<opset="sext_ln58_100/3 "/>
</bind>
</comp>

<comp id="63273" class="1004" name="sext_ln58_101_fu_63273">
<pin_list>
<pin id="63274" dir="0" index="0" bw="24" slack="1"/>
<pin id="63275" dir="1" index="1" bw="25" slack="0"/>
</pin_list>
<bind>
<opcode="sext(35) " fcode="sext"/>
<opset="sext_ln58_101/3 "/>
</bind>
</comp>

<comp id="63276" class="1004" name="add_ln58_149_fu_63276">
<pin_list>
<pin id="63277" dir="0" index="0" bw="24" slack="0"/>
<pin id="63278" dir="0" index="1" bw="25" slack="1"/>
<pin id="63279" dir="1" index="2" bw="25" slack="0"/>
</pin_list>
<bind>
<opcode="add(8) " fcode="add"/>
<opset="add_ln58_149/3 "/>
</bind>
</comp>

<comp id="63282" class="1004" name="sext_ln58_102_fu_63282">
<pin_list>
<pin id="63283" dir="0" index="0" bw="25" slack="0"/>
<pin id="63284" dir="1" index="1" bw="26" slack="0"/>
</pin_list>
<bind>
<opcode="sext(35) " fcode="sext"/>
<opset="sext_ln58_102/3 "/>
</bind>
</comp>

<comp id="63286" class="1004" name="add_ln58_150_fu_63286">
<pin_list>
<pin id="63287" dir="0" index="0" bw="25" slack="0"/>
<pin id="63288" dir="0" index="1" bw="25" slack="0"/>
<pin id="63289" dir="1" index="2" bw="26" slack="1"/>
</pin_list>
<bind>
<opcode="add(8) " fcode="add"/>
<opset="add_ln58_150/3 "/>
</bind>
</comp>

<comp id="63292" class="1004" name="add_ln58_155_fu_63292">
<pin_list>
<pin id="63293" dir="0" index="0" bw="25" slack="1"/>
<pin id="63294" dir="0" index="1" bw="25" slack="1"/>
<pin id="63295" dir="1" index="2" bw="25" slack="0"/>
</pin_list>
<bind>
<opcode="add(8) " fcode="add"/>
<opset="add_ln58_155/3 "/>
</bind>
</comp>

<comp id="63298" class="1004" name="sext_ln58_105_fu_63298">
<pin_list>
<pin id="63299" dir="0" index="0" bw="25" slack="0"/>
<pin id="63300" dir="1" index="1" bw="26" slack="0"/>
</pin_list>
<bind>
<opcode="sext(35) " fcode="sext"/>
<opset="sext_ln58_105/3 "/>
</bind>
</comp>

<comp id="63302" class="1004" name="add_ln58_156_fu_63302">
<pin_list>
<pin id="63303" dir="0" index="0" bw="25" slack="1"/>
<pin id="63304" dir="0" index="1" bw="24" slack="0"/>
<pin id="63305" dir="1" index="2" bw="25" slack="0"/>
</pin_list>
<bind>
<opcode="add(8) " fcode="add"/>
<opset="add_ln58_156/3 "/>
</bind>
</comp>

<comp id="63308" class="1004" name="sext_ln58_106_fu_63308">
<pin_list>
<pin id="63309" dir="0" index="0" bw="25" slack="0"/>
<pin id="63310" dir="1" index="1" bw="26" slack="0"/>
</pin_list>
<bind>
<opcode="sext(35) " fcode="sext"/>
<opset="sext_ln58_106/3 "/>
</bind>
</comp>

<comp id="63312" class="1004" name="add_ln58_157_fu_63312">
<pin_list>
<pin id="63313" dir="0" index="0" bw="25" slack="0"/>
<pin id="63314" dir="0" index="1" bw="25" slack="0"/>
<pin id="63315" dir="1" index="2" bw="26" slack="1"/>
</pin_list>
<bind>
<opcode="add(8) " fcode="add"/>
<opset="add_ln58_157/3 "/>
</bind>
</comp>

<comp id="63318" class="1004" name="add_ln58_160_fu_63318">
<pin_list>
<pin id="63319" dir="0" index="0" bw="26" slack="1"/>
<pin id="63320" dir="0" index="1" bw="26" slack="1"/>
<pin id="63321" dir="1" index="2" bw="26" slack="0"/>
</pin_list>
<bind>
<opcode="add(8) " fcode="add"/>
<opset="add_ln58_160/3 "/>
</bind>
</comp>

<comp id="63324" class="1004" name="sext_ln58_108_fu_63324">
<pin_list>
<pin id="63325" dir="0" index="0" bw="26" slack="0"/>
<pin id="63326" dir="1" index="1" bw="27" slack="0"/>
</pin_list>
<bind>
<opcode="sext(35) " fcode="sext"/>
<opset="sext_ln58_108/3 "/>
</bind>
</comp>

<comp id="63328" class="1004" name="add_ln58_161_fu_63328">
<pin_list>
<pin id="63329" dir="0" index="0" bw="26" slack="0"/>
<pin id="63330" dir="0" index="1" bw="26" slack="0"/>
<pin id="63331" dir="1" index="2" bw="27" slack="1"/>
</pin_list>
<bind>
<opcode="add(8) " fcode="add"/>
<opset="add_ln58_161/3 "/>
</bind>
</comp>

<comp id="63334" class="1004" name="add_ln58_165_fu_63334">
<pin_list>
<pin id="63335" dir="0" index="0" bw="26" slack="1"/>
<pin id="63336" dir="0" index="1" bw="25" slack="0"/>
<pin id="63337" dir="1" index="2" bw="26" slack="0"/>
</pin_list>
<bind>
<opcode="add(8) " fcode="add"/>
<opset="add_ln58_165/3 "/>
</bind>
</comp>

<comp id="63340" class="1004" name="sext_ln58_110_fu_63340">
<pin_list>
<pin id="63341" dir="0" index="0" bw="26" slack="0"/>
<pin id="63342" dir="1" index="1" bw="27" slack="0"/>
</pin_list>
<bind>
<opcode="sext(35) " fcode="sext"/>
<opset="sext_ln58_110/3 "/>
</bind>
</comp>

<comp id="63344" class="1004" name="add_ln58_166_fu_63344">
<pin_list>
<pin id="63345" dir="0" index="0" bw="26" slack="0"/>
<pin id="63346" dir="0" index="1" bw="26" slack="0"/>
<pin id="63347" dir="1" index="2" bw="27" slack="1"/>
</pin_list>
<bind>
<opcode="add(8) " fcode="add"/>
<opset="add_ln58_166/3 "/>
</bind>
</comp>

<comp id="63350" class="1004" name="add_ln58_168_fu_63350">
<pin_list>
<pin id="63351" dir="0" index="0" bw="25" slack="1"/>
<pin id="63352" dir="0" index="1" bw="24" slack="0"/>
<pin id="63353" dir="1" index="2" bw="25" slack="0"/>
</pin_list>
<bind>
<opcode="add(8) " fcode="add"/>
<opset="add_ln58_168/3 "/>
</bind>
</comp>

<comp id="63356" class="1004" name="sext_ln58_112_fu_63356">
<pin_list>
<pin id="63357" dir="0" index="0" bw="22" slack="1"/>
<pin id="63358" dir="1" index="1" bw="24" slack="0"/>
</pin_list>
<bind>
<opcode="sext(35) " fcode="sext"/>
<opset="sext_ln58_112/3 "/>
</bind>
</comp>

<comp id="63359" class="1004" name="add_ln58_170_fu_63359">
<pin_list>
<pin id="63360" dir="0" index="0" bw="22" slack="0"/>
<pin id="63361" dir="0" index="1" bw="24" slack="1"/>
<pin id="63362" dir="1" index="2" bw="24" slack="0"/>
</pin_list>
<bind>
<opcode="add(8) " fcode="add"/>
<opset="add_ln58_170/3 "/>
</bind>
</comp>

<comp id="63365" class="1004" name="sext_ln58_113_fu_63365">
<pin_list>
<pin id="63366" dir="0" index="0" bw="24" slack="0"/>
<pin id="63367" dir="1" index="1" bw="25" slack="0"/>
</pin_list>
<bind>
<opcode="sext(35) " fcode="sext"/>
<opset="sext_ln58_113/3 "/>
</bind>
</comp>

<comp id="63369" class="1004" name="add_ln58_171_fu_63369">
<pin_list>
<pin id="63370" dir="0" index="0" bw="24" slack="0"/>
<pin id="63371" dir="0" index="1" bw="25" slack="0"/>
<pin id="63372" dir="1" index="2" bw="25" slack="1"/>
</pin_list>
<bind>
<opcode="add(8) " fcode="add"/>
<opset="add_ln58_171/3 "/>
</bind>
</comp>

<comp id="63375" class="1004" name="add_ln58_173_fu_63375">
<pin_list>
<pin id="63376" dir="0" index="0" bw="26" slack="1"/>
<pin id="63377" dir="0" index="1" bw="25" slack="0"/>
<pin id="63378" dir="1" index="2" bw="26" slack="1"/>
</pin_list>
<bind>
<opcode="add(8) " fcode="add"/>
<opset="add_ln58_173/3 "/>
</bind>
</comp>

<comp id="63381" class="1004" name="add_ln58_176_fu_63381">
<pin_list>
<pin id="63382" dir="0" index="0" bw="24" slack="0"/>
<pin id="63383" dir="0" index="1" bw="17" slack="0"/>
<pin id="63384" dir="1" index="2" bw="24" slack="0"/>
</pin_list>
<bind>
<opcode="add(8) " fcode="add"/>
<opset="add_ln58_176/3 "/>
</bind>
</comp>

<comp id="63387" class="1004" name="sext_ln58_116_fu_63387">
<pin_list>
<pin id="63388" dir="0" index="0" bw="24" slack="0"/>
<pin id="63389" dir="1" index="1" bw="25" slack="0"/>
</pin_list>
<bind>
<opcode="sext(35) " fcode="sext"/>
<opset="sext_ln58_116/3 "/>
</bind>
</comp>

<comp id="63391" class="1004" name="add_ln58_177_fu_63391">
<pin_list>
<pin id="63392" dir="0" index="0" bw="24" slack="0"/>
<pin id="63393" dir="0" index="1" bw="25" slack="1"/>
<pin id="63394" dir="1" index="2" bw="25" slack="1"/>
</pin_list>
<bind>
<opcode="add(8) " fcode="add"/>
<opset="add_ln58_177/3 "/>
</bind>
</comp>

<comp id="63397" class="1004" name="add_ln58_180_fu_63397">
<pin_list>
<pin id="63398" dir="0" index="0" bw="27" slack="0"/>
<pin id="63399" dir="0" index="1" bw="26" slack="0"/>
<pin id="63400" dir="1" index="2" bw="28" slack="0"/>
</pin_list>
<bind>
<opcode="add(8) " fcode="add"/>
<opset="add_ln58_180/3 "/>
</bind>
</comp>

<comp id="63403" class="1004" name="add_ln58_181_fu_63403">
<pin_list>
<pin id="63404" dir="0" index="0" bw="25" slack="1"/>
<pin id="63405" dir="0" index="1" bw="25" slack="1"/>
<pin id="63406" dir="1" index="2" bw="25" slack="0"/>
</pin_list>
<bind>
<opcode="add(8) " fcode="add"/>
<opset="add_ln58_181/3 "/>
</bind>
</comp>

<comp id="63409" class="1004" name="sext_ln58_118_fu_63409">
<pin_list>
<pin id="63410" dir="0" index="0" bw="25" slack="0"/>
<pin id="63411" dir="1" index="1" bw="28" slack="0"/>
</pin_list>
<bind>
<opcode="sext(35) " fcode="sext"/>
<opset="sext_ln58_118/3 "/>
</bind>
</comp>

<comp id="63413" class="1004" name="add_ln58_182_fu_63413">
<pin_list>
<pin id="63414" dir="0" index="0" bw="25" slack="0"/>
<pin id="63415" dir="0" index="1" bw="28" slack="0"/>
<pin id="63416" dir="1" index="2" bw="28" slack="0"/>
</pin_list>
<bind>
<opcode="add(8) " fcode="add"/>
<opset="add_ln58_182/3 "/>
</bind>
</comp>

<comp id="63419" class="1004" name="add_ln58_183_fu_63419">
<pin_list>
<pin id="63420" dir="0" index="0" bw="25" slack="1"/>
<pin id="63421" dir="0" index="1" bw="24" slack="0"/>
<pin id="63422" dir="1" index="2" bw="25" slack="0"/>
</pin_list>
<bind>
<opcode="add(8) " fcode="add"/>
<opset="add_ln58_183/3 "/>
</bind>
</comp>

<comp id="63425" class="1004" name="add_ln58_184_fu_63425">
<pin_list>
<pin id="63426" dir="0" index="0" bw="23" slack="1"/>
<pin id="63427" dir="0" index="1" bw="20" slack="0"/>
<pin id="63428" dir="1" index="2" bw="23" slack="0"/>
</pin_list>
<bind>
<opcode="add(8) " fcode="add"/>
<opset="add_ln58_184/3 "/>
</bind>
</comp>

<comp id="63431" class="1004" name="sext_ln58_119_fu_63431">
<pin_list>
<pin id="63432" dir="0" index="0" bw="23" slack="0"/>
<pin id="63433" dir="1" index="1" bw="25" slack="0"/>
</pin_list>
<bind>
<opcode="sext(35) " fcode="sext"/>
<opset="sext_ln58_119/3 "/>
</bind>
</comp>

<comp id="63435" class="1004" name="add_ln58_185_fu_63435">
<pin_list>
<pin id="63436" dir="0" index="0" bw="23" slack="0"/>
<pin id="63437" dir="0" index="1" bw="25" slack="0"/>
<pin id="63438" dir="1" index="2" bw="25" slack="0"/>
</pin_list>
<bind>
<opcode="add(8) " fcode="add"/>
<opset="add_ln58_185/3 "/>
</bind>
</comp>

<comp id="63441" class="1004" name="sext_ln58_120_fu_63441">
<pin_list>
<pin id="63442" dir="0" index="0" bw="25" slack="0"/>
<pin id="63443" dir="1" index="1" bw="28" slack="0"/>
</pin_list>
<bind>
<opcode="sext(35) " fcode="sext"/>
<opset="sext_ln58_120/3 "/>
</bind>
</comp>

<comp id="63445" class="1004" name="add_ln58_186_fu_63445">
<pin_list>
<pin id="63446" dir="0" index="0" bw="25" slack="0"/>
<pin id="63447" dir="0" index="1" bw="28" slack="0"/>
<pin id="63448" dir="1" index="2" bw="28" slack="1"/>
</pin_list>
<bind>
<opcode="add(8) " fcode="add"/>
<opset="add_ln58_186/3 "/>
</bind>
</comp>

<comp id="63451" class="1004" name="add_ln58_187_fu_63451">
<pin_list>
<pin id="63452" dir="0" index="0" bw="27" slack="0"/>
<pin id="63453" dir="0" index="1" bw="26" slack="0"/>
<pin id="63454" dir="1" index="2" bw="28" slack="0"/>
</pin_list>
<bind>
<opcode="add(8) " fcode="add"/>
<opset="add_ln58_187/3 "/>
</bind>
</comp>

<comp id="63457" class="1004" name="add_ln58_188_fu_63457">
<pin_list>
<pin id="63458" dir="0" index="0" bw="26" slack="1"/>
<pin id="63459" dir="0" index="1" bw="26" slack="1"/>
<pin id="63460" dir="1" index="2" bw="26" slack="0"/>
</pin_list>
<bind>
<opcode="add(8) " fcode="add"/>
<opset="add_ln58_188/3 "/>
</bind>
</comp>

<comp id="63463" class="1004" name="sext_ln58_121_fu_63463">
<pin_list>
<pin id="63464" dir="0" index="0" bw="26" slack="0"/>
<pin id="63465" dir="1" index="1" bw="28" slack="0"/>
</pin_list>
<bind>
<opcode="sext(35) " fcode="sext"/>
<opset="sext_ln58_121/3 "/>
</bind>
</comp>

<comp id="63467" class="1004" name="add_ln58_189_fu_63467">
<pin_list>
<pin id="63468" dir="0" index="0" bw="26" slack="0"/>
<pin id="63469" dir="0" index="1" bw="28" slack="0"/>
<pin id="63470" dir="1" index="2" bw="28" slack="0"/>
</pin_list>
<bind>
<opcode="add(8) " fcode="add"/>
<opset="add_ln58_189/3 "/>
</bind>
</comp>

<comp id="63473" class="1004" name="add_ln58_190_fu_63473">
<pin_list>
<pin id="63474" dir="0" index="0" bw="25" slack="1"/>
<pin id="63475" dir="0" index="1" bw="25" slack="1"/>
<pin id="63476" dir="1" index="2" bw="25" slack="0"/>
</pin_list>
<bind>
<opcode="add(8) " fcode="add"/>
<opset="add_ln58_190/3 "/>
</bind>
</comp>

<comp id="63479" class="1004" name="add_ln58_191_fu_63479">
<pin_list>
<pin id="63480" dir="0" index="0" bw="24" slack="2"/>
<pin id="63481" dir="0" index="1" bw="23" slack="0"/>
<pin id="63482" dir="1" index="2" bw="24" slack="0"/>
</pin_list>
<bind>
<opcode="add(8) " fcode="add"/>
<opset="add_ln58_191/3 "/>
</bind>
</comp>

<comp id="63485" class="1004" name="sext_ln58_122_fu_63485">
<pin_list>
<pin id="63486" dir="0" index="0" bw="24" slack="0"/>
<pin id="63487" dir="1" index="1" bw="25" slack="0"/>
</pin_list>
<bind>
<opcode="sext(35) " fcode="sext"/>
<opset="sext_ln58_122/3 "/>
</bind>
</comp>

<comp id="63489" class="1004" name="add_ln58_192_fu_63489">
<pin_list>
<pin id="63490" dir="0" index="0" bw="24" slack="0"/>
<pin id="63491" dir="0" index="1" bw="25" slack="0"/>
<pin id="63492" dir="1" index="2" bw="25" slack="0"/>
</pin_list>
<bind>
<opcode="add(8) " fcode="add"/>
<opset="add_ln58_192/3 "/>
</bind>
</comp>

<comp id="63495" class="1004" name="sext_ln58_123_fu_63495">
<pin_list>
<pin id="63496" dir="0" index="0" bw="25" slack="0"/>
<pin id="63497" dir="1" index="1" bw="28" slack="0"/>
</pin_list>
<bind>
<opcode="sext(35) " fcode="sext"/>
<opset="sext_ln58_123/3 "/>
</bind>
</comp>

<comp id="63499" class="1004" name="add_ln58_193_fu_63499">
<pin_list>
<pin id="63500" dir="0" index="0" bw="25" slack="0"/>
<pin id="63501" dir="0" index="1" bw="28" slack="0"/>
<pin id="63502" dir="1" index="2" bw="28" slack="1"/>
</pin_list>
<bind>
<opcode="add(8) " fcode="add"/>
<opset="add_ln58_193/3 "/>
</bind>
</comp>

<comp id="63505" class="1004" name="sext_ln73_57_fu_63505">
<pin_list>
<pin id="63506" dir="0" index="0" bw="26" slack="1"/>
<pin id="63507" dir="1" index="1" bw="28" slack="0"/>
</pin_list>
<bind>
<opcode="sext(35) " fcode="sext"/>
<opset="sext_ln73_57/4 "/>
</bind>
</comp>

<comp id="63509" class="1004" name="sext_ln73_82_fu_63509">
<pin_list>
<pin id="63510" dir="0" index="0" bw="26" slack="1"/>
<pin id="63511" dir="1" index="1" bw="28" slack="0"/>
</pin_list>
<bind>
<opcode="sext(35) " fcode="sext"/>
<opset="sext_ln73_82/4 "/>
</bind>
</comp>

<comp id="63513" class="1004" name="sext_ln73_87_fu_63513">
<pin_list>
<pin id="63514" dir="0" index="0" bw="26" slack="1"/>
<pin id="63515" dir="1" index="1" bw="28" slack="0"/>
</pin_list>
<bind>
<opcode="sext(35) " fcode="sext"/>
<opset="sext_ln73_87/4 "/>
</bind>
</comp>

<comp id="63517" class="1004" name="sext_ln73_90_fu_63517">
<pin_list>
<pin id="63518" dir="0" index="0" bw="27" slack="1"/>
<pin id="63519" dir="1" index="1" bw="28" slack="0"/>
</pin_list>
<bind>
<opcode="sext(35) " fcode="sext"/>
<opset="sext_ln73_90/4 "/>
</bind>
</comp>

<comp id="63521" class="1004" name="mul_ln73_157_cast_fu_63521">
<pin_list>
<pin id="63522" dir="0" index="0" bw="27" slack="1"/>
<pin id="63523" dir="1" index="1" bw="29" slack="0"/>
</pin_list>
<bind>
<opcode="sext(35) " fcode="sext"/>
<opset="mul_ln73_157_cast/4 "/>
</bind>
</comp>

<comp id="63525" class="1004" name="sext_ln70_70_fu_63525">
<pin_list>
<pin id="63526" dir="0" index="0" bw="22" slack="1"/>
<pin id="63527" dir="1" index="1" bw="26" slack="0"/>
</pin_list>
<bind>
<opcode="sext(35) " fcode="sext"/>
<opset="sext_ln70_70/4 "/>
</bind>
</comp>

<comp id="63529" class="1004" name="sext_ln73_97_fu_63529">
<pin_list>
<pin id="63530" dir="0" index="0" bw="27" slack="1"/>
<pin id="63531" dir="1" index="1" bw="29" slack="0"/>
</pin_list>
<bind>
<opcode="sext(35) " fcode="sext"/>
<opset="sext_ln73_97/4 "/>
</bind>
</comp>

<comp id="63533" class="1004" name="sext_ln73_100_fu_63533">
<pin_list>
<pin id="63534" dir="0" index="0" bw="22" slack="1"/>
<pin id="63535" dir="1" index="1" bw="29" slack="0"/>
</pin_list>
<bind>
<opcode="sext(35) " fcode="sext"/>
<opset="sext_ln73_100/4 "/>
</bind>
</comp>

<comp id="63537" class="1004" name="sext_ln58_42_fu_63537">
<pin_list>
<pin id="63538" dir="0" index="0" bw="27" slack="1"/>
<pin id="63539" dir="1" index="1" bw="28" slack="0"/>
</pin_list>
<bind>
<opcode="sext(35) " fcode="sext"/>
<opset="sext_ln58_42/4 "/>
</bind>
</comp>

<comp id="63540" class="1004" name="sext_ln58_45_fu_63540">
<pin_list>
<pin id="63541" dir="0" index="0" bw="27" slack="1"/>
<pin id="63542" dir="1" index="1" bw="28" slack="0"/>
</pin_list>
<bind>
<opcode="sext(35) " fcode="sext"/>
<opset="sext_ln58_45/4 "/>
</bind>
</comp>

<comp id="63543" class="1004" name="sext_ln58_46_fu_63543">
<pin_list>
<pin id="63544" dir="0" index="0" bw="27" slack="1"/>
<pin id="63545" dir="1" index="1" bw="28" slack="0"/>
</pin_list>
<bind>
<opcode="sext(35) " fcode="sext"/>
<opset="sext_ln58_46/4 "/>
</bind>
</comp>

<comp id="63546" class="1004" name="sext_ln58_49_fu_63546">
<pin_list>
<pin id="63547" dir="0" index="0" bw="27" slack="1"/>
<pin id="63548" dir="1" index="1" bw="28" slack="0"/>
</pin_list>
<bind>
<opcode="sext(35) " fcode="sext"/>
<opset="sext_ln58_49/4 "/>
</bind>
</comp>

<comp id="63549" class="1004" name="sext_ln58_50_fu_63549">
<pin_list>
<pin id="63550" dir="0" index="0" bw="27" slack="1"/>
<pin id="63551" dir="1" index="1" bw="28" slack="0"/>
</pin_list>
<bind>
<opcode="sext(35) " fcode="sext"/>
<opset="sext_ln58_50/4 "/>
</bind>
</comp>

<comp id="63552" class="1004" name="sext_ln58_87_fu_63552">
<pin_list>
<pin id="63553" dir="0" index="0" bw="26" slack="1"/>
<pin id="63554" dir="1" index="1" bw="28" slack="0"/>
</pin_list>
<bind>
<opcode="sext(35) " fcode="sext"/>
<opset="sext_ln58_87/4 "/>
</bind>
</comp>

<comp id="63555" class="1004" name="add_ln58_124_fu_63555">
<pin_list>
<pin id="63556" dir="0" index="0" bw="26" slack="0"/>
<pin id="63557" dir="0" index="1" bw="27" slack="0"/>
<pin id="63558" dir="1" index="2" bw="28" slack="0"/>
</pin_list>
<bind>
<opcode="add(8) " fcode="add"/>
<opset="add_ln58_124/4 "/>
</bind>
</comp>

<comp id="63561" class="1004" name="sext_ln58_90_fu_63561">
<pin_list>
<pin id="63562" dir="0" index="0" bw="27" slack="1"/>
<pin id="63563" dir="1" index="1" bw="28" slack="0"/>
</pin_list>
<bind>
<opcode="sext(35) " fcode="sext"/>
<opset="sext_ln58_90/4 "/>
</bind>
</comp>

<comp id="63564" class="1004" name="add_ln58_128_fu_63564">
<pin_list>
<pin id="63565" dir="0" index="0" bw="27" slack="0"/>
<pin id="63566" dir="0" index="1" bw="28" slack="0"/>
<pin id="63567" dir="1" index="2" bw="28" slack="0"/>
</pin_list>
<bind>
<opcode="add(8) " fcode="add"/>
<opset="add_ln58_128/4 "/>
</bind>
</comp>

<comp id="63570" class="1004" name="sext_ln58_51_fu_63570">
<pin_list>
<pin id="63571" dir="0" index="0" bw="28" slack="0"/>
<pin id="63572" dir="1" index="1" bw="29" slack="0"/>
</pin_list>
<bind>
<opcode="sext(35) " fcode="sext"/>
<opset="sext_ln58_51/4 "/>
</bind>
</comp>

<comp id="63574" class="1004" name="sext_ln58_53_fu_63574">
<pin_list>
<pin id="63575" dir="0" index="0" bw="28" slack="1"/>
<pin id="63576" dir="1" index="1" bw="29" slack="0"/>
</pin_list>
<bind>
<opcode="sext(35) " fcode="sext"/>
<opset="sext_ln58_53/4 "/>
</bind>
</comp>

<comp id="63577" class="1004" name="sext_ln58_54_fu_63577">
<pin_list>
<pin id="63578" dir="0" index="0" bw="28" slack="1"/>
<pin id="63579" dir="1" index="1" bw="29" slack="0"/>
</pin_list>
<bind>
<opcode="sext(35) " fcode="sext"/>
<opset="sext_ln58_54/4 "/>
</bind>
</comp>

<comp id="63580" class="1004" name="sext_ln58_99_fu_63580">
<pin_list>
<pin id="63581" dir="0" index="0" bw="26" slack="1"/>
<pin id="63582" dir="1" index="1" bw="28" slack="0"/>
</pin_list>
<bind>
<opcode="sext(35) " fcode="sext"/>
<opset="sext_ln58_99/4 "/>
</bind>
</comp>

<comp id="63583" class="1004" name="add_ln58_146_fu_63583">
<pin_list>
<pin id="63584" dir="0" index="0" bw="26" slack="0"/>
<pin id="63585" dir="0" index="1" bw="28" slack="1"/>
<pin id="63586" dir="1" index="2" bw="28" slack="0"/>
</pin_list>
<bind>
<opcode="add(8) " fcode="add"/>
<opset="add_ln58_146/4 "/>
</bind>
</comp>

<comp id="63588" class="1004" name="sext_ln58_103_fu_63588">
<pin_list>
<pin id="63589" dir="0" index="0" bw="26" slack="1"/>
<pin id="63590" dir="1" index="1" bw="28" slack="0"/>
</pin_list>
<bind>
<opcode="sext(35) " fcode="sext"/>
<opset="sext_ln58_103/4 "/>
</bind>
</comp>

<comp id="63591" class="1004" name="add_ln58_151_fu_63591">
<pin_list>
<pin id="63592" dir="0" index="0" bw="26" slack="0"/>
<pin id="63593" dir="0" index="1" bw="28" slack="0"/>
<pin id="63594" dir="1" index="2" bw="28" slack="0"/>
</pin_list>
<bind>
<opcode="add(8) " fcode="add"/>
<opset="add_ln58_151/4 "/>
</bind>
</comp>

<comp id="63597" class="1004" name="sext_ln58_55_fu_63597">
<pin_list>
<pin id="63598" dir="0" index="0" bw="28" slack="0"/>
<pin id="63599" dir="1" index="1" bw="29" slack="0"/>
</pin_list>
<bind>
<opcode="sext(35) " fcode="sext"/>
<opset="sext_ln58_55/4 "/>
</bind>
</comp>

<comp id="63601" class="1004" name="add_ln58_152_fu_63601">
<pin_list>
<pin id="63602" dir="0" index="0" bw="27" slack="0"/>
<pin id="63603" dir="0" index="1" bw="27" slack="0"/>
<pin id="63604" dir="1" index="2" bw="28" slack="0"/>
</pin_list>
<bind>
<opcode="add(8) " fcode="add"/>
<opset="add_ln58_152/4 "/>
</bind>
</comp>

<comp id="63607" class="1004" name="add_ln58_153_fu_63607">
<pin_list>
<pin id="63608" dir="0" index="0" bw="26" slack="1"/>
<pin id="63609" dir="0" index="1" bw="26" slack="1"/>
<pin id="63610" dir="1" index="2" bw="26" slack="0"/>
</pin_list>
<bind>
<opcode="add(8) " fcode="add"/>
<opset="add_ln58_153/4 "/>
</bind>
</comp>

<comp id="63613" class="1004" name="sext_ln58_104_fu_63613">
<pin_list>
<pin id="63614" dir="0" index="0" bw="26" slack="0"/>
<pin id="63615" dir="1" index="1" bw="28" slack="0"/>
</pin_list>
<bind>
<opcode="sext(35) " fcode="sext"/>
<opset="sext_ln58_104/4 "/>
</bind>
</comp>

<comp id="63617" class="1004" name="add_ln58_154_fu_63617">
<pin_list>
<pin id="63618" dir="0" index="0" bw="26" slack="0"/>
<pin id="63619" dir="0" index="1" bw="28" slack="0"/>
<pin id="63620" dir="1" index="2" bw="28" slack="0"/>
</pin_list>
<bind>
<opcode="add(8) " fcode="add"/>
<opset="add_ln58_154/4 "/>
</bind>
</comp>

<comp id="63623" class="1004" name="sext_ln58_107_fu_63623">
<pin_list>
<pin id="63624" dir="0" index="0" bw="26" slack="1"/>
<pin id="63625" dir="1" index="1" bw="28" slack="0"/>
</pin_list>
<bind>
<opcode="sext(35) " fcode="sext"/>
<opset="sext_ln58_107/4 "/>
</bind>
</comp>

<comp id="63626" class="1004" name="add_ln58_158_fu_63626">
<pin_list>
<pin id="63627" dir="0" index="0" bw="26" slack="0"/>
<pin id="63628" dir="0" index="1" bw="28" slack="0"/>
<pin id="63629" dir="1" index="2" bw="28" slack="0"/>
</pin_list>
<bind>
<opcode="add(8) " fcode="add"/>
<opset="add_ln58_158/4 "/>
</bind>
</comp>

<comp id="63632" class="1004" name="sext_ln58_56_fu_63632">
<pin_list>
<pin id="63633" dir="0" index="0" bw="28" slack="0"/>
<pin id="63634" dir="1" index="1" bw="37" slack="0"/>
</pin_list>
<bind>
<opcode="sext(35) " fcode="sext"/>
<opset="sext_ln58_56/4 "/>
</bind>
</comp>

<comp id="63636" class="1004" name="add_ln58_159_fu_63636">
<pin_list>
<pin id="63637" dir="0" index="0" bw="27" slack="0"/>
<pin id="63638" dir="0" index="1" bw="26" slack="0"/>
<pin id="63639" dir="1" index="2" bw="28" slack="0"/>
</pin_list>
<bind>
<opcode="add(8) " fcode="add"/>
<opset="add_ln58_159/4 "/>
</bind>
</comp>

<comp id="63642" class="1004" name="sext_ln58_109_fu_63642">
<pin_list>
<pin id="63643" dir="0" index="0" bw="27" slack="1"/>
<pin id="63644" dir="1" index="1" bw="28" slack="0"/>
</pin_list>
<bind>
<opcode="sext(35) " fcode="sext"/>
<opset="sext_ln58_109/4 "/>
</bind>
</comp>

<comp id="63645" class="1004" name="add_ln58_162_fu_63645">
<pin_list>
<pin id="63646" dir="0" index="0" bw="27" slack="0"/>
<pin id="63647" dir="0" index="1" bw="28" slack="0"/>
<pin id="63648" dir="1" index="2" bw="28" slack="0"/>
</pin_list>
<bind>
<opcode="add(8) " fcode="add"/>
<opset="add_ln58_162/4 "/>
</bind>
</comp>

<comp id="63651" class="1004" name="sext_ln58_57_fu_63651">
<pin_list>
<pin id="63652" dir="0" index="0" bw="28" slack="0"/>
<pin id="63653" dir="1" index="1" bw="37" slack="0"/>
</pin_list>
<bind>
<opcode="sext(35) " fcode="sext"/>
<opset="sext_ln58_57/4 "/>
</bind>
</comp>

<comp id="63655" class="1004" name="add_ln58_163_fu_63655">
<pin_list>
<pin id="63656" dir="0" index="0" bw="28" slack="0"/>
<pin id="63657" dir="0" index="1" bw="27" slack="0"/>
<pin id="63658" dir="1" index="2" bw="29" slack="0"/>
</pin_list>
<bind>
<opcode="add(8) " fcode="add"/>
<opset="add_ln58_163/4 "/>
</bind>
</comp>

<comp id="63661" class="1004" name="sext_ln58_58_fu_63661">
<pin_list>
<pin id="63662" dir="0" index="0" bw="29" slack="0"/>
<pin id="63663" dir="1" index="1" bw="37" slack="0"/>
</pin_list>
<bind>
<opcode="sext(35) " fcode="sext"/>
<opset="sext_ln58_58/4 "/>
</bind>
</comp>

<comp id="63665" class="1004" name="add_ln58_164_fu_63665">
<pin_list>
<pin id="63666" dir="0" index="0" bw="27" slack="0"/>
<pin id="63667" dir="0" index="1" bw="26" slack="0"/>
<pin id="63668" dir="1" index="2" bw="28" slack="0"/>
</pin_list>
<bind>
<opcode="add(8) " fcode="add"/>
<opset="add_ln58_164/4 "/>
</bind>
</comp>

<comp id="63671" class="1004" name="sext_ln58_111_fu_63671">
<pin_list>
<pin id="63672" dir="0" index="0" bw="27" slack="1"/>
<pin id="63673" dir="1" index="1" bw="28" slack="0"/>
</pin_list>
<bind>
<opcode="sext(35) " fcode="sext"/>
<opset="sext_ln58_111/4 "/>
</bind>
</comp>

<comp id="63674" class="1004" name="add_ln58_167_fu_63674">
<pin_list>
<pin id="63675" dir="0" index="0" bw="27" slack="0"/>
<pin id="63676" dir="0" index="1" bw="28" slack="0"/>
<pin id="63677" dir="1" index="2" bw="28" slack="0"/>
</pin_list>
<bind>
<opcode="add(8) " fcode="add"/>
<opset="add_ln58_167/4 "/>
</bind>
</comp>

<comp id="63680" class="1004" name="sext_ln58_114_fu_63680">
<pin_list>
<pin id="63681" dir="0" index="0" bw="25" slack="1"/>
<pin id="63682" dir="1" index="1" bw="28" slack="0"/>
</pin_list>
<bind>
<opcode="sext(35) " fcode="sext"/>
<opset="sext_ln58_114/4 "/>
</bind>
</comp>

<comp id="63683" class="1004" name="add_ln58_172_fu_63683">
<pin_list>
<pin id="63684" dir="0" index="0" bw="25" slack="0"/>
<pin id="63685" dir="0" index="1" bw="28" slack="0"/>
<pin id="63686" dir="1" index="2" bw="28" slack="0"/>
</pin_list>
<bind>
<opcode="add(8) " fcode="add"/>
<opset="add_ln58_172/4 "/>
</bind>
</comp>

<comp id="63689" class="1004" name="sext_ln58_59_fu_63689">
<pin_list>
<pin id="63690" dir="0" index="0" bw="28" slack="0"/>
<pin id="63691" dir="1" index="1" bw="37" slack="0"/>
</pin_list>
<bind>
<opcode="sext(35) " fcode="sext"/>
<opset="sext_ln58_59/4 "/>
</bind>
</comp>

<comp id="63693" class="1004" name="sext_ln58_115_fu_63693">
<pin_list>
<pin id="63694" dir="0" index="0" bw="26" slack="1"/>
<pin id="63695" dir="1" index="1" bw="29" slack="0"/>
</pin_list>
<bind>
<opcode="sext(35) " fcode="sext"/>
<opset="sext_ln58_115/4 "/>
</bind>
</comp>

<comp id="63696" class="1004" name="add_ln58_174_fu_63696">
<pin_list>
<pin id="63697" dir="0" index="0" bw="26" slack="0"/>
<pin id="63698" dir="0" index="1" bw="28" slack="0"/>
<pin id="63699" dir="1" index="2" bw="29" slack="0"/>
</pin_list>
<bind>
<opcode="add(8) " fcode="add"/>
<opset="add_ln58_174/4 "/>
</bind>
</comp>

<comp id="63702" class="1004" name="sext_ln58_60_fu_63702">
<pin_list>
<pin id="63703" dir="0" index="0" bw="29" slack="0"/>
<pin id="63704" dir="1" index="1" bw="37" slack="0"/>
</pin_list>
<bind>
<opcode="sext(35) " fcode="sext"/>
<opset="sext_ln58_60/4 "/>
</bind>
</comp>

<comp id="63706" class="1004" name="add_ln58_175_fu_63706">
<pin_list>
<pin id="63707" dir="0" index="0" bw="27" slack="0"/>
<pin id="63708" dir="0" index="1" bw="26" slack="0"/>
<pin id="63709" dir="1" index="2" bw="28" slack="0"/>
</pin_list>
<bind>
<opcode="add(8) " fcode="add"/>
<opset="add_ln58_175/4 "/>
</bind>
</comp>

<comp id="63712" class="1004" name="sext_ln58_117_fu_63712">
<pin_list>
<pin id="63713" dir="0" index="0" bw="25" slack="1"/>
<pin id="63714" dir="1" index="1" bw="28" slack="0"/>
</pin_list>
<bind>
<opcode="sext(35) " fcode="sext"/>
<opset="sext_ln58_117/4 "/>
</bind>
</comp>

<comp id="63715" class="1004" name="add_ln58_178_fu_63715">
<pin_list>
<pin id="63716" dir="0" index="0" bw="25" slack="0"/>
<pin id="63717" dir="0" index="1" bw="28" slack="0"/>
<pin id="63718" dir="1" index="2" bw="28" slack="0"/>
</pin_list>
<bind>
<opcode="add(8) " fcode="add"/>
<opset="add_ln58_178/4 "/>
</bind>
</comp>

<comp id="63721" class="1004" name="sext_ln58_61_fu_63721">
<pin_list>
<pin id="63722" dir="0" index="0" bw="28" slack="0"/>
<pin id="63723" dir="1" index="1" bw="37" slack="0"/>
</pin_list>
<bind>
<opcode="sext(35) " fcode="sext"/>
<opset="sext_ln58_61/4 "/>
</bind>
</comp>

<comp id="63725" class="1004" name="add_ln58_179_fu_63725">
<pin_list>
<pin id="63726" dir="0" index="0" bw="28" slack="0"/>
<pin id="63727" dir="0" index="1" bw="22" slack="0"/>
<pin id="63728" dir="1" index="2" bw="29" slack="0"/>
</pin_list>
<bind>
<opcode="add(8) " fcode="add"/>
<opset="add_ln58_179/4 "/>
</bind>
</comp>

<comp id="63731" class="1004" name="sext_ln58_62_fu_63731">
<pin_list>
<pin id="63732" dir="0" index="0" bw="29" slack="0"/>
<pin id="63733" dir="1" index="1" bw="37" slack="0"/>
</pin_list>
<bind>
<opcode="sext(35) " fcode="sext"/>
<opset="sext_ln58_62/4 "/>
</bind>
</comp>

<comp id="63735" class="1004" name="sext_ln58_63_fu_63735">
<pin_list>
<pin id="63736" dir="0" index="0" bw="28" slack="1"/>
<pin id="63737" dir="1" index="1" bw="37" slack="0"/>
</pin_list>
<bind>
<opcode="sext(35) " fcode="sext"/>
<opset="sext_ln58_63/4 "/>
</bind>
</comp>

<comp id="63738" class="1004" name="sext_ln58_64_fu_63738">
<pin_list>
<pin id="63739" dir="0" index="0" bw="28" slack="1"/>
<pin id="63740" dir="1" index="1" bw="37" slack="0"/>
</pin_list>
<bind>
<opcode="sext(35) " fcode="sext"/>
<opset="sext_ln58_64/4 "/>
</bind>
</comp>

<comp id="63741" class="1004" name="add_ln58_194_fu_63741">
<pin_list>
<pin id="63742" dir="0" index="0" bw="28" slack="0"/>
<pin id="63743" dir="0" index="1" bw="27" slack="0"/>
<pin id="63744" dir="1" index="2" bw="29" slack="0"/>
</pin_list>
<bind>
<opcode="add(8) " fcode="add"/>
<opset="add_ln58_194/4 "/>
</bind>
</comp>

<comp id="63747" class="1004" name="add_ln58_196_fu_63747">
<pin_list>
<pin id="63748" dir="0" index="0" bw="26" slack="1"/>
<pin id="63749" dir="0" index="1" bw="22" slack="0"/>
<pin id="63750" dir="1" index="2" bw="26" slack="0"/>
</pin_list>
<bind>
<opcode="add(8) " fcode="add"/>
<opset="add_ln58_196/4 "/>
</bind>
</comp>

<comp id="63753" class="1004" name="sext_ln58_124_fu_63753">
<pin_list>
<pin id="63754" dir="0" index="0" bw="26" slack="0"/>
<pin id="63755" dir="1" index="1" bw="29" slack="0"/>
</pin_list>
<bind>
<opcode="sext(35) " fcode="sext"/>
<opset="sext_ln58_124/4 "/>
</bind>
</comp>

<comp id="63757" class="1004" name="add_ln58_195_fu_63757">
<pin_list>
<pin id="63758" dir="0" index="0" bw="26" slack="0"/>
<pin id="63759" dir="0" index="1" bw="29" slack="0"/>
<pin id="63760" dir="1" index="2" bw="29" slack="0"/>
</pin_list>
<bind>
<opcode="add(8) " fcode="add"/>
<opset="add_ln58_195/4 "/>
</bind>
</comp>

<comp id="63763" class="1004" name="sext_ln18_fu_63763">
<pin_list>
<pin id="63764" dir="0" index="0" bw="29" slack="0"/>
<pin id="63765" dir="1" index="1" bw="37" slack="0"/>
</pin_list>
<bind>
<opcode="sext(35) " fcode="sext"/>
<opset="sext_ln18/4 "/>
</bind>
</comp>

<comp id="63767" class="1004" name="mrv_fu_63767">
<pin_list>
<pin id="63768" dir="0" index="0" bw="370" slack="0"/>
<pin id="63769" dir="0" index="1" bw="28" slack="0"/>
<pin id="63770" dir="1" index="2" bw="370" slack="0"/>
</pin_list>
<bind>
<opcode="insertvalue(57) " fcode="insertvalue"/>
<opset="mrv/4 "/>
</bind>
</comp>

<comp id="63773" class="1004" name="mrv_1_fu_63773">
<pin_list>
<pin id="63774" dir="0" index="0" bw="370" slack="0"/>
<pin id="63775" dir="0" index="1" bw="28" slack="0"/>
<pin id="63776" dir="1" index="2" bw="370" slack="0"/>
</pin_list>
<bind>
<opcode="insertvalue(57) " fcode="insertvalue"/>
<opset="mrv_1/4 "/>
</bind>
</comp>

<comp id="63779" class="1004" name="mrv_2_fu_63779">
<pin_list>
<pin id="63780" dir="0" index="0" bw="370" slack="0"/>
<pin id="63781" dir="0" index="1" bw="29" slack="0"/>
<pin id="63782" dir="1" index="2" bw="370" slack="0"/>
</pin_list>
<bind>
<opcode="insertvalue(57) " fcode="insertvalue"/>
<opset="mrv_2/4 "/>
</bind>
</comp>

<comp id="63785" class="1004" name="mrv_3_fu_63785">
<pin_list>
<pin id="63786" dir="0" index="0" bw="370" slack="0"/>
<pin id="63787" dir="0" index="1" bw="28" slack="0"/>
<pin id="63788" dir="1" index="2" bw="370" slack="0"/>
</pin_list>
<bind>
<opcode="insertvalue(57) " fcode="insertvalue"/>
<opset="mrv_3/4 "/>
</bind>
</comp>

<comp id="63791" class="1004" name="mrv_4_fu_63791">
<pin_list>
<pin id="63792" dir="0" index="0" bw="370" slack="0"/>
<pin id="63793" dir="0" index="1" bw="29" slack="0"/>
<pin id="63794" dir="1" index="2" bw="370" slack="0"/>
</pin_list>
<bind>
<opcode="insertvalue(57) " fcode="insertvalue"/>
<opset="mrv_4/4 "/>
</bind>
</comp>

<comp id="63797" class="1004" name="mrv_5_fu_63797">
<pin_list>
<pin id="63798" dir="0" index="0" bw="370" slack="0"/>
<pin id="63799" dir="0" index="1" bw="28" slack="0"/>
<pin id="63800" dir="1" index="2" bw="370" slack="0"/>
</pin_list>
<bind>
<opcode="insertvalue(57) " fcode="insertvalue"/>
<opset="mrv_5/4 "/>
</bind>
</comp>

<comp id="63803" class="1004" name="mrv_6_fu_63803">
<pin_list>
<pin id="63804" dir="0" index="0" bw="370" slack="0"/>
<pin id="63805" dir="0" index="1" bw="29" slack="0"/>
<pin id="63806" dir="1" index="2" bw="370" slack="0"/>
</pin_list>
<bind>
<opcode="insertvalue(57) " fcode="insertvalue"/>
<opset="mrv_6/4 "/>
</bind>
</comp>

<comp id="63809" class="1004" name="mrv_7_fu_63809">
<pin_list>
<pin id="63810" dir="0" index="0" bw="370" slack="0"/>
<pin id="63811" dir="0" index="1" bw="28" slack="0"/>
<pin id="63812" dir="1" index="2" bw="370" slack="0"/>
</pin_list>
<bind>
<opcode="insertvalue(57) " fcode="insertvalue"/>
<opset="mrv_7/4 "/>
</bind>
</comp>

<comp id="63815" class="1004" name="mrv_8_fu_63815">
<pin_list>
<pin id="63816" dir="0" index="0" bw="370" slack="0"/>
<pin id="63817" dir="0" index="1" bw="28" slack="0"/>
<pin id="63818" dir="1" index="2" bw="370" slack="0"/>
</pin_list>
<bind>
<opcode="insertvalue(57) " fcode="insertvalue"/>
<opset="mrv_8/4 "/>
</bind>
</comp>

<comp id="63821" class="1004" name="mrv_9_fu_63821">
<pin_list>
<pin id="63822" dir="0" index="0" bw="370" slack="0"/>
<pin id="63823" dir="0" index="1" bw="29" slack="0"/>
<pin id="63824" dir="1" index="2" bw="370" slack="2147483647"/>
</pin_list>
<bind>
<opcode="insertvalue(57) " fcode="insertvalue"/>
<opset="mrv_9/4 "/>
</bind>
</comp>

<comp id="63827" class="1005" name="data_14_val15_read_reg_63827">
<pin_list>
<pin id="63828" dir="0" index="0" bw="16" slack="1"/>
<pin id="63829" dir="1" index="1" bw="16" slack="1"/>
</pin_list>
<bind>
<opset="data_14_val15_read "/>
</bind>
</comp>

<comp id="63838" class="1005" name="data_13_val14_read_reg_63838">
<pin_list>
<pin id="63839" dir="0" index="0" bw="16" slack="1"/>
<pin id="63840" dir="1" index="1" bw="16" slack="1"/>
</pin_list>
<bind>
<opset="data_13_val14_read "/>
</bind>
</comp>

<comp id="63848" class="1005" name="data_12_val13_read_reg_63848">
<pin_list>
<pin id="63849" dir="0" index="0" bw="16" slack="1"/>
<pin id="63850" dir="1" index="1" bw="16" slack="1"/>
</pin_list>
<bind>
<opset="data_12_val13_read "/>
</bind>
</comp>

<comp id="63856" class="1005" name="data_11_val12_read_reg_63856">
<pin_list>
<pin id="63857" dir="0" index="0" bw="16" slack="1"/>
<pin id="63858" dir="1" index="1" bw="16" slack="1"/>
</pin_list>
<bind>
<opset="data_11_val12_read "/>
</bind>
</comp>

<comp id="63866" class="1005" name="data_10_val11_read_reg_63866">
<pin_list>
<pin id="63867" dir="0" index="0" bw="16" slack="1"/>
<pin id="63868" dir="1" index="1" bw="16" slack="1"/>
</pin_list>
<bind>
<opset="data_10_val11_read "/>
</bind>
</comp>

<comp id="63871" class="1005" name="data_9_val10_read_reg_63871">
<pin_list>
<pin id="63872" dir="0" index="0" bw="16" slack="1"/>
<pin id="63873" dir="1" index="1" bw="16" slack="1"/>
</pin_list>
<bind>
<opset="data_9_val10_read "/>
</bind>
</comp>

<comp id="63879" class="1005" name="data_8_val9_read_reg_63879">
<pin_list>
<pin id="63880" dir="0" index="0" bw="16" slack="1"/>
<pin id="63881" dir="1" index="1" bw="16" slack="1"/>
</pin_list>
<bind>
<opset="data_8_val9_read "/>
</bind>
</comp>

<comp id="63888" class="1005" name="data_7_val8_read_reg_63888">
<pin_list>
<pin id="63889" dir="0" index="0" bw="16" slack="1"/>
<pin id="63890" dir="1" index="1" bw="16" slack="1"/>
</pin_list>
<bind>
<opset="data_7_val8_read "/>
</bind>
</comp>

<comp id="63894" class="1005" name="data_6_val7_read_reg_63894">
<pin_list>
<pin id="63895" dir="0" index="0" bw="16" slack="2"/>
<pin id="63896" dir="1" index="1" bw="16" slack="2"/>
</pin_list>
<bind>
<opset="data_6_val7_read "/>
</bind>
</comp>

<comp id="63902" class="1005" name="data_4_val5_read_reg_63902">
<pin_list>
<pin id="63903" dir="0" index="0" bw="16" slack="1"/>
<pin id="63904" dir="1" index="1" bw="16" slack="1"/>
</pin_list>
<bind>
<opset="data_4_val5_read "/>
</bind>
</comp>

<comp id="63908" class="1005" name="data_1_val2_read_reg_63908">
<pin_list>
<pin id="63909" dir="0" index="0" bw="16" slack="1"/>
<pin id="63910" dir="1" index="1" bw="16" slack="1"/>
</pin_list>
<bind>
<opset="data_1_val2_read "/>
</bind>
</comp>

<comp id="63915" class="1005" name="sext_ln73_reg_63915">
<pin_list>
<pin id="63916" dir="0" index="0" bw="25" slack="1"/>
<pin id="63917" dir="1" index="1" bw="25" slack="1"/>
</pin_list>
<bind>
<opset="sext_ln73 "/>
</bind>
</comp>

<comp id="63921" class="1005" name="sext_ln70_29_reg_63921">
<pin_list>
<pin id="63922" dir="0" index="0" bw="26" slack="1"/>
<pin id="63923" dir="1" index="1" bw="26" slack="1"/>
</pin_list>
<bind>
<opset="sext_ln70_29 "/>
</bind>
</comp>

<comp id="63927" class="1005" name="sext_ln70_30_reg_63927">
<pin_list>
<pin id="63928" dir="0" index="0" bw="25" slack="1"/>
<pin id="63929" dir="1" index="1" bw="25" slack="1"/>
</pin_list>
<bind>
<opset="sext_ln70_30 "/>
</bind>
</comp>

<comp id="63933" class="1005" name="sub_ln73_8_reg_63933">
<pin_list>
<pin id="63934" dir="0" index="0" bw="24" slack="1"/>
<pin id="63935" dir="1" index="1" bw="24" slack="1"/>
</pin_list>
<bind>
<opset="sub_ln73_8 "/>
</bind>
</comp>

<comp id="63938" class="1005" name="sext_ln70_33_reg_63938">
<pin_list>
<pin id="63939" dir="0" index="0" bw="25" slack="1"/>
<pin id="63940" dir="1" index="1" bw="25" slack="1"/>
</pin_list>
<bind>
<opset="sext_ln70_33 "/>
</bind>
</comp>

<comp id="63944" class="1005" name="sext_ln70_34_reg_63944">
<pin_list>
<pin id="63945" dir="0" index="0" bw="26" slack="1"/>
<pin id="63946" dir="1" index="1" bw="26" slack="1"/>
</pin_list>
<bind>
<opset="sext_ln70_34 "/>
</bind>
</comp>

<comp id="63952" class="1005" name="sext_ln70_37_reg_63952">
<pin_list>
<pin id="63953" dir="0" index="0" bw="26" slack="1"/>
<pin id="63954" dir="1" index="1" bw="26" slack="1"/>
</pin_list>
<bind>
<opset="sext_ln70_37 "/>
</bind>
</comp>

<comp id="63959" class="1005" name="sext_ln70_38_reg_63959">
<pin_list>
<pin id="63960" dir="0" index="0" bw="26" slack="1"/>
<pin id="63961" dir="1" index="1" bw="26" slack="1"/>
</pin_list>
<bind>
<opset="sext_ln70_38 "/>
</bind>
</comp>

<comp id="63966" class="1005" name="sext_ln70_41_reg_63966">
<pin_list>
<pin id="63967" dir="0" index="0" bw="26" slack="2"/>
<pin id="63968" dir="1" index="1" bw="26" slack="2"/>
</pin_list>
<bind>
<opset="sext_ln70_41 "/>
</bind>
</comp>

<comp id="63971" class="1005" name="sext_ln70_46_reg_63971">
<pin_list>
<pin id="63972" dir="0" index="0" bw="26" slack="1"/>
<pin id="63973" dir="1" index="1" bw="26" slack="1"/>
</pin_list>
<bind>
<opset="sext_ln70_46 "/>
</bind>
</comp>

<comp id="63977" class="1005" name="sext_ln70_56_reg_63977">
<pin_list>
<pin id="63978" dir="0" index="0" bw="25" slack="1"/>
<pin id="63979" dir="1" index="1" bw="25" slack="1"/>
</pin_list>
<bind>
<opset="sext_ln70_56 "/>
</bind>
</comp>

<comp id="63983" class="1005" name="sext_ln70_58_reg_63983">
<pin_list>
<pin id="63984" dir="0" index="0" bw="24" slack="1"/>
<pin id="63985" dir="1" index="1" bw="24" slack="1"/>
</pin_list>
<bind>
<opset="sext_ln70_58 "/>
</bind>
</comp>

<comp id="63989" class="1005" name="add_ln58_62_reg_63989">
<pin_list>
<pin id="63990" dir="0" index="0" bw="23" slack="1"/>
<pin id="63991" dir="1" index="1" bw="23" slack="1"/>
</pin_list>
<bind>
<opset="add_ln58_62 "/>
</bind>
</comp>

<comp id="63994" class="1005" name="sub_ln73_14_reg_63994">
<pin_list>
<pin id="63995" dir="0" index="0" bw="20" slack="1"/>
<pin id="63996" dir="1" index="1" bw="20" slack="1"/>
</pin_list>
<bind>
<opset="sub_ln73_14 "/>
</bind>
</comp>

<comp id="63999" class="1005" name="sub_ln73_reg_63999">
<pin_list>
<pin id="64000" dir="0" index="0" bw="17" slack="1"/>
<pin id="64001" dir="1" index="1" bw="17" slack="1"/>
</pin_list>
<bind>
<opset="sub_ln73 "/>
</bind>
</comp>

<comp id="64004" class="1005" name="sext_ln70_76_reg_64004">
<pin_list>
<pin id="64005" dir="0" index="0" bw="26" slack="1"/>
<pin id="64006" dir="1" index="1" bw="26" slack="1"/>
</pin_list>
<bind>
<opset="sext_ln70_76 "/>
</bind>
</comp>

<comp id="64010" class="1005" name="add_ln58_53_reg_64010">
<pin_list>
<pin id="64011" dir="0" index="0" bw="23" slack="1"/>
<pin id="64012" dir="1" index="1" bw="23" slack="1"/>
</pin_list>
<bind>
<opset="add_ln58_53 "/>
</bind>
</comp>

<comp id="64015" class="1005" name="add_ln58_56_reg_64015">
<pin_list>
<pin id="64016" dir="0" index="0" bw="23" slack="1"/>
<pin id="64017" dir="1" index="1" bw="23" slack="1"/>
</pin_list>
<bind>
<opset="add_ln58_56 "/>
</bind>
</comp>

<comp id="64020" class="1005" name="add_ln58_57_reg_64020">
<pin_list>
<pin id="64021" dir="0" index="0" bw="26" slack="1"/>
<pin id="64022" dir="1" index="1" bw="26" slack="1"/>
</pin_list>
<bind>
<opset="add_ln58_57 "/>
</bind>
</comp>

<comp id="64025" class="1005" name="add_ln58_58_reg_64025">
<pin_list>
<pin id="64026" dir="0" index="0" bw="25" slack="1"/>
<pin id="64027" dir="1" index="1" bw="25" slack="1"/>
</pin_list>
<bind>
<opset="add_ln58_58 "/>
</bind>
</comp>

<comp id="64030" class="1005" name="add_ln58_59_reg_64030">
<pin_list>
<pin id="64031" dir="0" index="0" bw="26" slack="1"/>
<pin id="64032" dir="1" index="1" bw="26" slack="1"/>
</pin_list>
<bind>
<opset="add_ln58_59 "/>
</bind>
</comp>

<comp id="64035" class="1005" name="add_ln58_65_reg_64035">
<pin_list>
<pin id="64036" dir="0" index="0" bw="26" slack="1"/>
<pin id="64037" dir="1" index="1" bw="26" slack="1"/>
</pin_list>
<bind>
<opset="add_ln58_65 "/>
</bind>
</comp>

<comp id="64040" class="1005" name="add_ln58_69_reg_64040">
<pin_list>
<pin id="64041" dir="0" index="0" bw="26" slack="1"/>
<pin id="64042" dir="1" index="1" bw="26" slack="1"/>
</pin_list>
<bind>
<opset="add_ln58_69 "/>
</bind>
</comp>

<comp id="64045" class="1005" name="add_ln58_83_reg_64045">
<pin_list>
<pin id="64046" dir="0" index="0" bw="26" slack="1"/>
<pin id="64047" dir="1" index="1" bw="26" slack="1"/>
</pin_list>
<bind>
<opset="add_ln58_83 "/>
</bind>
</comp>

<comp id="64050" class="1005" name="add_ln58_90_reg_64050">
<pin_list>
<pin id="64051" dir="0" index="0" bw="27" slack="1"/>
<pin id="64052" dir="1" index="1" bw="27" slack="1"/>
</pin_list>
<bind>
<opset="add_ln58_90 "/>
</bind>
</comp>

<comp id="64055" class="1005" name="add_ln58_93_reg_64055">
<pin_list>
<pin id="64056" dir="0" index="0" bw="26" slack="1"/>
<pin id="64057" dir="1" index="1" bw="26" slack="1"/>
</pin_list>
<bind>
<opset="add_ln58_93 "/>
</bind>
</comp>

<comp id="64060" class="1005" name="add_ln58_100_reg_64060">
<pin_list>
<pin id="64061" dir="0" index="0" bw="26" slack="1"/>
<pin id="64062" dir="1" index="1" bw="26" slack="1"/>
</pin_list>
<bind>
<opset="add_ln58_100 "/>
</bind>
</comp>

<comp id="64065" class="1005" name="add_ln58_104_reg_64065">
<pin_list>
<pin id="64066" dir="0" index="0" bw="27" slack="1"/>
<pin id="64067" dir="1" index="1" bw="27" slack="1"/>
</pin_list>
<bind>
<opset="add_ln58_104 "/>
</bind>
</comp>

<comp id="64070" class="1005" name="add_ln58_105_reg_64070">
<pin_list>
<pin id="64071" dir="0" index="0" bw="26" slack="1"/>
<pin id="64072" dir="1" index="1" bw="26" slack="1"/>
</pin_list>
<bind>
<opset="add_ln58_105 "/>
</bind>
</comp>

<comp id="64075" class="1005" name="add_ln58_108_reg_64075">
<pin_list>
<pin id="64076" dir="0" index="0" bw="24" slack="1"/>
<pin id="64077" dir="1" index="1" bw="24" slack="1"/>
</pin_list>
<bind>
<opset="add_ln58_108 "/>
</bind>
</comp>

<comp id="64080" class="1005" name="add_ln58_110_reg_64080">
<pin_list>
<pin id="64081" dir="0" index="0" bw="25" slack="1"/>
<pin id="64082" dir="1" index="1" bw="25" slack="1"/>
</pin_list>
<bind>
<opset="add_ln58_110 "/>
</bind>
</comp>

<comp id="64085" class="1005" name="add_ln58_114_reg_64085">
<pin_list>
<pin id="64086" dir="0" index="0" bw="25" slack="1"/>
<pin id="64087" dir="1" index="1" bw="25" slack="1"/>
</pin_list>
<bind>
<opset="add_ln58_114 "/>
</bind>
</comp>

<comp id="64090" class="1005" name="add_ln58_121_reg_64090">
<pin_list>
<pin id="64091" dir="0" index="0" bw="25" slack="1"/>
<pin id="64092" dir="1" index="1" bw="25" slack="1"/>
</pin_list>
<bind>
<opset="add_ln58_121 "/>
</bind>
</comp>

<comp id="64095" class="1005" name="add_ln58_134_reg_64095">
<pin_list>
<pin id="64096" dir="0" index="0" bw="26" slack="1"/>
<pin id="64097" dir="1" index="1" bw="26" slack="1"/>
</pin_list>
<bind>
<opset="add_ln58_134 "/>
</bind>
</comp>

<comp id="64100" class="1005" name="add_ln58_140_reg_64100">
<pin_list>
<pin id="64101" dir="0" index="0" bw="23" slack="1"/>
<pin id="64102" dir="1" index="1" bw="23" slack="1"/>
</pin_list>
<bind>
<opset="add_ln58_140 "/>
</bind>
</comp>

<comp id="64105" class="1005" name="add_ln58_148_reg_64105">
<pin_list>
<pin id="64106" dir="0" index="0" bw="24" slack="1"/>
<pin id="64107" dir="1" index="1" bw="24" slack="1"/>
</pin_list>
<bind>
<opset="add_ln58_148 "/>
</bind>
</comp>

<comp id="64110" class="1005" name="add_ln58_169_reg_64110">
<pin_list>
<pin id="64111" dir="0" index="0" bw="22" slack="1"/>
<pin id="64112" dir="1" index="1" bw="22" slack="1"/>
</pin_list>
<bind>
<opset="add_ln58_169 "/>
</bind>
</comp>

<comp id="64115" class="1005" name="add_ln58_87_reg_64115">
<pin_list>
<pin id="64116" dir="0" index="0" bw="27" slack="1"/>
<pin id="64117" dir="1" index="1" bw="27" slack="1"/>
</pin_list>
<bind>
<opset="add_ln58_87 "/>
</bind>
</comp>

<comp id="64120" class="1005" name="add_ln58_97_reg_64120">
<pin_list>
<pin id="64121" dir="0" index="0" bw="27" slack="1"/>
<pin id="64122" dir="1" index="1" bw="27" slack="1"/>
</pin_list>
<bind>
<opset="add_ln58_97 "/>
</bind>
</comp>

<comp id="64125" class="1005" name="add_ln58_101_reg_64125">
<pin_list>
<pin id="64126" dir="0" index="0" bw="27" slack="1"/>
<pin id="64127" dir="1" index="1" bw="27" slack="1"/>
</pin_list>
<bind>
<opset="add_ln58_101 "/>
</bind>
</comp>

<comp id="64130" class="1005" name="add_ln58_115_reg_64130">
<pin_list>
<pin id="64131" dir="0" index="0" bw="27" slack="1"/>
<pin id="64132" dir="1" index="1" bw="27" slack="1"/>
</pin_list>
<bind>
<opset="add_ln58_115 "/>
</bind>
</comp>

<comp id="64135" class="1005" name="add_ln58_122_reg_64135">
<pin_list>
<pin id="64136" dir="0" index="0" bw="27" slack="1"/>
<pin id="64137" dir="1" index="1" bw="27" slack="1"/>
</pin_list>
<bind>
<opset="add_ln58_122 "/>
</bind>
</comp>

<comp id="64140" class="1005" name="add_ln58_123_reg_64140">
<pin_list>
<pin id="64141" dir="0" index="0" bw="26" slack="1"/>
<pin id="64142" dir="1" index="1" bw="26" slack="1"/>
</pin_list>
<bind>
<opset="add_ln58_123 "/>
</bind>
</comp>

<comp id="64145" class="1005" name="add_ln58_127_reg_64145">
<pin_list>
<pin id="64146" dir="0" index="0" bw="27" slack="1"/>
<pin id="64147" dir="1" index="1" bw="27" slack="1"/>
</pin_list>
<bind>
<opset="add_ln58_127 "/>
</bind>
</comp>

<comp id="64150" class="1005" name="add_ln58_135_reg_64150">
<pin_list>
<pin id="64151" dir="0" index="0" bw="28" slack="1"/>
<pin id="64152" dir="1" index="1" bw="28" slack="1"/>
</pin_list>
<bind>
<opset="add_ln58_135 "/>
</bind>
</comp>

<comp id="64155" class="1005" name="add_ln58_143_reg_64155">
<pin_list>
<pin id="64156" dir="0" index="0" bw="28" slack="1"/>
<pin id="64157" dir="1" index="1" bw="28" slack="1"/>
</pin_list>
<bind>
<opset="add_ln58_143 "/>
</bind>
</comp>

<comp id="64160" class="1005" name="add_ln58_144_reg_64160">
<pin_list>
<pin id="64161" dir="0" index="0" bw="28" slack="1"/>
<pin id="64162" dir="1" index="1" bw="28" slack="1"/>
</pin_list>
<bind>
<opset="add_ln58_144 "/>
</bind>
</comp>

<comp id="64165" class="1005" name="add_ln58_145_reg_64165">
<pin_list>
<pin id="64166" dir="0" index="0" bw="26" slack="1"/>
<pin id="64167" dir="1" index="1" bw="26" slack="1"/>
</pin_list>
<bind>
<opset="add_ln58_145 "/>
</bind>
</comp>

<comp id="64170" class="1005" name="add_ln58_150_reg_64170">
<pin_list>
<pin id="64171" dir="0" index="0" bw="26" slack="1"/>
<pin id="64172" dir="1" index="1" bw="26" slack="1"/>
</pin_list>
<bind>
<opset="add_ln58_150 "/>
</bind>
</comp>

<comp id="64175" class="1005" name="add_ln58_157_reg_64175">
<pin_list>
<pin id="64176" dir="0" index="0" bw="26" slack="1"/>
<pin id="64177" dir="1" index="1" bw="26" slack="1"/>
</pin_list>
<bind>
<opset="add_ln58_157 "/>
</bind>
</comp>

<comp id="64180" class="1005" name="add_ln58_161_reg_64180">
<pin_list>
<pin id="64181" dir="0" index="0" bw="27" slack="1"/>
<pin id="64182" dir="1" index="1" bw="27" slack="1"/>
</pin_list>
<bind>
<opset="add_ln58_161 "/>
</bind>
</comp>

<comp id="64185" class="1005" name="add_ln58_166_reg_64185">
<pin_list>
<pin id="64186" dir="0" index="0" bw="27" slack="1"/>
<pin id="64187" dir="1" index="1" bw="27" slack="1"/>
</pin_list>
<bind>
<opset="add_ln58_166 "/>
</bind>
</comp>

<comp id="64190" class="1005" name="add_ln58_171_reg_64190">
<pin_list>
<pin id="64191" dir="0" index="0" bw="25" slack="1"/>
<pin id="64192" dir="1" index="1" bw="25" slack="1"/>
</pin_list>
<bind>
<opset="add_ln58_171 "/>
</bind>
</comp>

<comp id="64195" class="1005" name="add_ln58_173_reg_64195">
<pin_list>
<pin id="64196" dir="0" index="0" bw="26" slack="1"/>
<pin id="64197" dir="1" index="1" bw="26" slack="1"/>
</pin_list>
<bind>
<opset="add_ln58_173 "/>
</bind>
</comp>

<comp id="64200" class="1005" name="add_ln58_177_reg_64200">
<pin_list>
<pin id="64201" dir="0" index="0" bw="25" slack="1"/>
<pin id="64202" dir="1" index="1" bw="25" slack="1"/>
</pin_list>
<bind>
<opset="add_ln58_177 "/>
</bind>
</comp>

<comp id="64205" class="1005" name="add_ln58_186_reg_64205">
<pin_list>
<pin id="64206" dir="0" index="0" bw="28" slack="1"/>
<pin id="64207" dir="1" index="1" bw="28" slack="1"/>
</pin_list>
<bind>
<opset="add_ln58_186 "/>
</bind>
</comp>

<comp id="64210" class="1005" name="add_ln58_193_reg_64210">
<pin_list>
<pin id="64211" dir="0" index="0" bw="28" slack="1"/>
<pin id="64212" dir="1" index="1" bw="28" slack="1"/>
</pin_list>
<bind>
<opset="add_ln58_193 "/>
</bind>
</comp>

</comp_list>

<net_list>
<net id="364"><net_src comp="30" pin="0"/><net_sink comp="360" pin=0"/></net>

<net id="365"><net_src comp="28" pin="0"/><net_sink comp="360" pin=1"/></net>

<net id="370"><net_src comp="30" pin="0"/><net_sink comp="366" pin=0"/></net>

<net id="371"><net_src comp="26" pin="0"/><net_sink comp="366" pin=1"/></net>

<net id="376"><net_src comp="30" pin="0"/><net_sink comp="372" pin=0"/></net>

<net id="377"><net_src comp="24" pin="0"/><net_sink comp="372" pin=1"/></net>

<net id="382"><net_src comp="30" pin="0"/><net_sink comp="378" pin=0"/></net>

<net id="383"><net_src comp="22" pin="0"/><net_sink comp="378" pin=1"/></net>

<net id="388"><net_src comp="30" pin="0"/><net_sink comp="384" pin=0"/></net>

<net id="389"><net_src comp="20" pin="0"/><net_sink comp="384" pin=1"/></net>

<net id="394"><net_src comp="30" pin="0"/><net_sink comp="390" pin=0"/></net>

<net id="395"><net_src comp="18" pin="0"/><net_sink comp="390" pin=1"/></net>

<net id="400"><net_src comp="30" pin="0"/><net_sink comp="396" pin=0"/></net>

<net id="401"><net_src comp="16" pin="0"/><net_sink comp="396" pin=1"/></net>

<net id="406"><net_src comp="30" pin="0"/><net_sink comp="402" pin=0"/></net>

<net id="407"><net_src comp="14" pin="0"/><net_sink comp="402" pin=1"/></net>

<net id="412"><net_src comp="30" pin="0"/><net_sink comp="408" pin=0"/></net>

<net id="413"><net_src comp="12" pin="0"/><net_sink comp="408" pin=1"/></net>

<net id="418"><net_src comp="30" pin="0"/><net_sink comp="414" pin=0"/></net>

<net id="419"><net_src comp="10" pin="0"/><net_sink comp="414" pin=1"/></net>

<net id="424"><net_src comp="30" pin="0"/><net_sink comp="420" pin=0"/></net>

<net id="425"><net_src comp="8" pin="0"/><net_sink comp="420" pin=1"/></net>

<net id="430"><net_src comp="30" pin="0"/><net_sink comp="426" pin=0"/></net>

<net id="431"><net_src comp="6" pin="0"/><net_sink comp="426" pin=1"/></net>

<net id="436"><net_src comp="30" pin="0"/><net_sink comp="432" pin=0"/></net>

<net id="437"><net_src comp="4" pin="0"/><net_sink comp="432" pin=1"/></net>

<net id="442"><net_src comp="30" pin="0"/><net_sink comp="438" pin=0"/></net>

<net id="443"><net_src comp="2" pin="0"/><net_sink comp="438" pin=1"/></net>

<net id="448"><net_src comp="30" pin="0"/><net_sink comp="444" pin=0"/></net>

<net id="449"><net_src comp="0" pin="0"/><net_sink comp="444" pin=1"/></net>

<net id="34203"><net_src comp="32" pin="0"/><net_sink comp="592" pin=1"/></net>

<net id="34207"><net_src comp="34" pin="0"/><net_sink comp="593" pin=1"/></net>

<net id="34211"><net_src comp="36" pin="0"/><net_sink comp="470" pin=1"/></net>

<net id="34215"><net_src comp="38" pin="0"/><net_sink comp="579" pin=1"/></net>

<net id="34219"><net_src comp="40" pin="0"/><net_sink comp="556" pin=1"/></net>

<net id="34223"><net_src comp="42" pin="0"/><net_sink comp="481" pin=1"/></net>

<net id="34227"><net_src comp="52" pin="0"/><net_sink comp="594" pin=1"/></net>

<net id="34231"><net_src comp="54" pin="0"/><net_sink comp="471" pin=1"/></net>

<net id="34235"><net_src comp="56" pin="0"/><net_sink comp="455" pin=1"/></net>

<net id="34239"><net_src comp="58" pin="0"/><net_sink comp="458" pin=1"/></net>

<net id="34243"><net_src comp="60" pin="0"/><net_sink comp="560" pin=1"/></net>

<net id="34247"><net_src comp="62" pin="0"/><net_sink comp="535" pin=1"/></net>

<net id="34251"><net_src comp="64" pin="0"/><net_sink comp="553" pin=1"/></net>

<net id="34255"><net_src comp="70" pin="0"/><net_sink comp="534" pin=1"/></net>

<net id="34259"><net_src comp="72" pin="0"/><net_sink comp="501" pin=1"/></net>

<net id="34263"><net_src comp="74" pin="0"/><net_sink comp="595" pin=1"/></net>

<net id="34267"><net_src comp="84" pin="0"/><net_sink comp="557" pin=1"/></net>

<net id="34271"><net_src comp="86" pin="0"/><net_sink comp="468" pin=1"/></net>

<net id="34275"><net_src comp="88" pin="0"/><net_sink comp="543" pin=1"/></net>

<net id="34279"><net_src comp="90" pin="0"/><net_sink comp="546" pin=1"/></net>

<net id="34283"><net_src comp="92" pin="0"/><net_sink comp="517" pin=1"/></net>

<net id="34287"><net_src comp="94" pin="0"/><net_sink comp="558" pin=1"/></net>

<net id="34291"><net_src comp="96" pin="0"/><net_sink comp="462" pin=1"/></net>

<net id="34295"><net_src comp="98" pin="0"/><net_sink comp="506" pin=1"/></net>

<net id="34299"><net_src comp="100" pin="0"/><net_sink comp="539" pin=1"/></net>

<net id="34303"><net_src comp="102" pin="0"/><net_sink comp="509" pin=1"/></net>

<net id="34307"><net_src comp="104" pin="0"/><net_sink comp="533" pin=1"/></net>

<net id="34311"><net_src comp="106" pin="0"/><net_sink comp="562" pin=1"/></net>

<net id="34315"><net_src comp="108" pin="0"/><net_sink comp="551" pin=1"/></net>

<net id="34319"><net_src comp="110" pin="0"/><net_sink comp="499" pin=1"/></net>

<net id="34323"><net_src comp="112" pin="0"/><net_sink comp="559" pin=1"/></net>

<net id="34327"><net_src comp="114" pin="0"/><net_sink comp="555" pin=1"/></net>

<net id="34331"><net_src comp="116" pin="0"/><net_sink comp="492" pin=1"/></net>

<net id="34335"><net_src comp="118" pin="0"/><net_sink comp="450" pin=1"/></net>

<net id="34339"><net_src comp="120" pin="0"/><net_sink comp="578" pin=1"/></net>

<net id="34343"><net_src comp="122" pin="0"/><net_sink comp="496" pin=1"/></net>

<net id="34347"><net_src comp="124" pin="0"/><net_sink comp="563" pin=1"/></net>

<net id="34351"><net_src comp="126" pin="0"/><net_sink comp="484" pin=1"/></net>

<net id="34355"><net_src comp="128" pin="0"/><net_sink comp="451" pin=1"/></net>

<net id="34359"><net_src comp="130" pin="0"/><net_sink comp="587" pin=1"/></net>

<net id="34363"><net_src comp="132" pin="0"/><net_sink comp="526" pin=1"/></net>

<net id="34367"><net_src comp="134" pin="0"/><net_sink comp="463" pin=1"/></net>

<net id="34371"><net_src comp="136" pin="0"/><net_sink comp="586" pin=1"/></net>

<net id="34375"><net_src comp="138" pin="0"/><net_sink comp="515" pin=1"/></net>

<net id="34379"><net_src comp="140" pin="0"/><net_sink comp="532" pin=1"/></net>

<net id="34383"><net_src comp="70" pin="0"/><net_sink comp="460" pin=1"/></net>

<net id="34387"><net_src comp="142" pin="0"/><net_sink comp="512" pin=1"/></net>

<net id="34391"><net_src comp="144" pin="0"/><net_sink comp="491" pin=1"/></net>

<net id="34395"><net_src comp="146" pin="0"/><net_sink comp="598" pin=1"/></net>

<net id="34399"><net_src comp="148" pin="0"/><net_sink comp="576" pin=1"/></net>

<net id="34403"><net_src comp="150" pin="0"/><net_sink comp="480" pin=1"/></net>

<net id="34407"><net_src comp="152" pin="0"/><net_sink comp="591" pin=1"/></net>

<net id="34411"><net_src comp="92" pin="0"/><net_sink comp="588" pin=1"/></net>

<net id="34415"><net_src comp="154" pin="0"/><net_sink comp="494" pin=1"/></net>

<net id="34419"><net_src comp="156" pin="0"/><net_sink comp="485" pin=1"/></net>

<net id="34423"><net_src comp="158" pin="0"/><net_sink comp="581" pin=1"/></net>

<net id="34427"><net_src comp="592" pin="2"/><net_sink comp="34424" pin=0"/></net>

<net id="34431"><net_src comp="593" pin="2"/><net_sink comp="34428" pin=0"/></net>

<net id="34435"><net_src comp="470" pin="2"/><net_sink comp="34432" pin=0"/></net>

<net id="34439"><net_src comp="579" pin="2"/><net_sink comp="34436" pin=0"/></net>

<net id="34443"><net_src comp="556" pin="2"/><net_sink comp="34440" pin=0"/></net>

<net id="34447"><net_src comp="481" pin="2"/><net_sink comp="34444" pin=0"/></net>

<net id="34451"><net_src comp="594" pin="2"/><net_sink comp="34448" pin=0"/></net>

<net id="34455"><net_src comp="471" pin="2"/><net_sink comp="34452" pin=0"/></net>

<net id="34459"><net_src comp="455" pin="2"/><net_sink comp="34456" pin=0"/></net>

<net id="34463"><net_src comp="458" pin="2"/><net_sink comp="34460" pin=0"/></net>

<net id="34467"><net_src comp="560" pin="2"/><net_sink comp="34464" pin=0"/></net>

<net id="34471"><net_src comp="535" pin="2"/><net_sink comp="34468" pin=0"/></net>

<net id="34475"><net_src comp="553" pin="2"/><net_sink comp="34472" pin=0"/></net>

<net id="34479"><net_src comp="534" pin="2"/><net_sink comp="34476" pin=0"/></net>

<net id="34483"><net_src comp="501" pin="2"/><net_sink comp="34480" pin=0"/></net>

<net id="34487"><net_src comp="595" pin="2"/><net_sink comp="34484" pin=0"/></net>

<net id="34491"><net_src comp="557" pin="2"/><net_sink comp="34488" pin=0"/></net>

<net id="34495"><net_src comp="468" pin="2"/><net_sink comp="34492" pin=0"/></net>

<net id="34499"><net_src comp="543" pin="2"/><net_sink comp="34496" pin=0"/></net>

<net id="34503"><net_src comp="546" pin="2"/><net_sink comp="34500" pin=0"/></net>

<net id="34507"><net_src comp="517" pin="2"/><net_sink comp="34504" pin=0"/></net>

<net id="34511"><net_src comp="558" pin="2"/><net_sink comp="34508" pin=0"/></net>

<net id="34515"><net_src comp="462" pin="2"/><net_sink comp="34512" pin=0"/></net>

<net id="34519"><net_src comp="506" pin="2"/><net_sink comp="34516" pin=0"/></net>

<net id="34523"><net_src comp="539" pin="2"/><net_sink comp="34520" pin=0"/></net>

<net id="34527"><net_src comp="509" pin="2"/><net_sink comp="34524" pin=0"/></net>

<net id="34531"><net_src comp="533" pin="2"/><net_sink comp="34528" pin=0"/></net>

<net id="34535"><net_src comp="562" pin="2"/><net_sink comp="34532" pin=0"/></net>

<net id="34539"><net_src comp="551" pin="2"/><net_sink comp="34536" pin=0"/></net>

<net id="34543"><net_src comp="499" pin="2"/><net_sink comp="34540" pin=0"/></net>

<net id="34547"><net_src comp="559" pin="2"/><net_sink comp="34544" pin=0"/></net>

<net id="34551"><net_src comp="555" pin="2"/><net_sink comp="34548" pin=0"/></net>

<net id="34555"><net_src comp="492" pin="2"/><net_sink comp="34552" pin=0"/></net>

<net id="34559"><net_src comp="450" pin="2"/><net_sink comp="34556" pin=0"/></net>

<net id="34563"><net_src comp="578" pin="2"/><net_sink comp="34560" pin=0"/></net>

<net id="34567"><net_src comp="496" pin="2"/><net_sink comp="34564" pin=0"/></net>

<net id="34571"><net_src comp="563" pin="2"/><net_sink comp="34568" pin=0"/></net>

<net id="34575"><net_src comp="484" pin="2"/><net_sink comp="34572" pin=0"/></net>

<net id="34579"><net_src comp="451" pin="2"/><net_sink comp="34576" pin=0"/></net>

<net id="34583"><net_src comp="587" pin="2"/><net_sink comp="34580" pin=0"/></net>

<net id="34587"><net_src comp="526" pin="2"/><net_sink comp="34584" pin=0"/></net>

<net id="34591"><net_src comp="463" pin="2"/><net_sink comp="34588" pin=0"/></net>

<net id="34595"><net_src comp="586" pin="2"/><net_sink comp="34592" pin=0"/></net>

<net id="34599"><net_src comp="515" pin="2"/><net_sink comp="34596" pin=0"/></net>

<net id="34603"><net_src comp="532" pin="2"/><net_sink comp="34600" pin=0"/></net>

<net id="34607"><net_src comp="460" pin="2"/><net_sink comp="34604" pin=0"/></net>

<net id="34611"><net_src comp="512" pin="2"/><net_sink comp="34608" pin=0"/></net>

<net id="34615"><net_src comp="491" pin="2"/><net_sink comp="34612" pin=0"/></net>

<net id="34619"><net_src comp="598" pin="2"/><net_sink comp="34616" pin=0"/></net>

<net id="34623"><net_src comp="576" pin="2"/><net_sink comp="34620" pin=0"/></net>

<net id="34627"><net_src comp="480" pin="2"/><net_sink comp="34624" pin=0"/></net>

<net id="34631"><net_src comp="591" pin="2"/><net_sink comp="34628" pin=0"/></net>

<net id="34635"><net_src comp="588" pin="2"/><net_sink comp="34632" pin=0"/></net>

<net id="34639"><net_src comp="494" pin="2"/><net_sink comp="34636" pin=0"/></net>

<net id="34643"><net_src comp="485" pin="2"/><net_sink comp="34640" pin=0"/></net>

<net id="34647"><net_src comp="581" pin="2"/><net_sink comp="34644" pin=0"/></net>

<net id="59843"><net_src comp="162" pin="0"/><net_sink comp="457" pin=1"/></net>

<net id="59847"><net_src comp="164" pin="0"/><net_sink comp="544" pin=1"/></net>

<net id="59851"><net_src comp="170" pin="0"/><net_sink comp="584" pin=1"/></net>

<net id="59855"><net_src comp="172" pin="0"/><net_sink comp="597" pin=1"/></net>

<net id="59859"><net_src comp="174" pin="0"/><net_sink comp="507" pin=1"/></net>

<net id="59863"><net_src comp="176" pin="0"/><net_sink comp="549" pin=1"/></net>

<net id="59867"><net_src comp="178" pin="0"/><net_sink comp="498" pin=1"/></net>

<net id="59871"><net_src comp="180" pin="0"/><net_sink comp="550" pin=1"/></net>

<net id="59875"><net_src comp="182" pin="0"/><net_sink comp="552" pin=1"/></net>

<net id="59879"><net_src comp="184" pin="0"/><net_sink comp="472" pin=1"/></net>

<net id="59883"><net_src comp="186" pin="0"/><net_sink comp="561" pin=1"/></net>

<net id="59887"><net_src comp="188" pin="0"/><net_sink comp="542" pin=1"/></net>

<net id="59891"><net_src comp="190" pin="0"/><net_sink comp="505" pin=1"/></net>

<net id="59895"><net_src comp="192" pin="0"/><net_sink comp="519" pin=1"/></net>

<net id="59899"><net_src comp="194" pin="0"/><net_sink comp="464" pin=1"/></net>

<net id="59903"><net_src comp="106" pin="0"/><net_sink comp="531" pin=1"/></net>

<net id="59907"><net_src comp="196" pin="0"/><net_sink comp="573" pin=1"/></net>

<net id="59911"><net_src comp="198" pin="0"/><net_sink comp="479" pin=1"/></net>

<net id="59915"><net_src comp="200" pin="0"/><net_sink comp="482" pin=1"/></net>

<net id="59919"><net_src comp="202" pin="0"/><net_sink comp="524" pin=1"/></net>

<net id="59923"><net_src comp="204" pin="0"/><net_sink comp="487" pin=1"/></net>

<net id="59927"><net_src comp="206" pin="0"/><net_sink comp="548" pin=1"/></net>

<net id="59931"><net_src comp="208" pin="0"/><net_sink comp="474" pin=1"/></net>

<net id="59935"><net_src comp="210" pin="0"/><net_sink comp="565" pin=1"/></net>

<net id="59939"><net_src comp="212" pin="0"/><net_sink comp="475" pin=1"/></net>

<net id="59943"><net_src comp="218" pin="0"/><net_sink comp="599" pin=1"/></net>

<net id="59947"><net_src comp="220" pin="0"/><net_sink comp="503" pin=1"/></net>

<net id="59951"><net_src comp="222" pin="0"/><net_sink comp="582" pin=1"/></net>

<net id="59955"><net_src comp="224" pin="0"/><net_sink comp="467" pin=1"/></net>

<net id="59959"><net_src comp="226" pin="0"/><net_sink comp="523" pin=1"/></net>

<net id="59963"><net_src comp="228" pin="0"/><net_sink comp="459" pin=1"/></net>

<net id="59967"><net_src comp="230" pin="0"/><net_sink comp="545" pin=1"/></net>

<net id="59971"><net_src comp="232" pin="0"/><net_sink comp="547" pin=1"/></net>

<net id="59975"><net_src comp="234" pin="0"/><net_sink comp="493" pin=1"/></net>

<net id="59979"><net_src comp="236" pin="0"/><net_sink comp="580" pin=1"/></net>

<net id="59983"><net_src comp="198" pin="0"/><net_sink comp="568" pin=1"/></net>

<net id="59987"><net_src comp="238" pin="0"/><net_sink comp="570" pin=1"/></net>

<net id="59991"><net_src comp="242" pin="0"/><net_sink comp="513" pin=1"/></net>

<net id="59995"><net_src comp="244" pin="0"/><net_sink comp="486" pin=1"/></net>

<net id="59999"><net_src comp="246" pin="0"/><net_sink comp="473" pin=1"/></net>

<net id="60003"><net_src comp="248" pin="0"/><net_sink comp="483" pin=1"/></net>

<net id="60007"><net_src comp="250" pin="0"/><net_sink comp="596" pin=1"/></net>

<net id="60011"><net_src comp="252" pin="0"/><net_sink comp="566" pin=1"/></net>

<net id="60015"><net_src comp="254" pin="0"/><net_sink comp="514" pin=1"/></net>

<net id="60019"><net_src comp="256" pin="0"/><net_sink comp="502" pin=1"/></net>

<net id="60023"><net_src comp="258" pin="0"/><net_sink comp="461" pin=1"/></net>

<net id="60027"><net_src comp="260" pin="0"/><net_sink comp="497" pin=1"/></net>

<net id="60031"><net_src comp="262" pin="0"/><net_sink comp="577" pin=1"/></net>

<net id="60035"><net_src comp="264" pin="0"/><net_sink comp="518" pin=1"/></net>

<net id="60039"><net_src comp="266" pin="0"/><net_sink comp="504" pin=1"/></net>

<net id="60043"><net_src comp="268" pin="0"/><net_sink comp="516" pin=1"/></net>

<net id="60047"><net_src comp="270" pin="0"/><net_sink comp="488" pin=1"/></net>

<net id="60051"><net_src comp="272" pin="0"/><net_sink comp="585" pin=1"/></net>

<net id="60055"><net_src comp="274" pin="0"/><net_sink comp="495" pin=1"/></net>

<net id="60059"><net_src comp="276" pin="0"/><net_sink comp="529" pin=1"/></net>

<net id="60063"><net_src comp="278" pin="0"/><net_sink comp="536" pin=1"/></net>

<net id="60067"><net_src comp="280" pin="0"/><net_sink comp="510" pin=1"/></net>

<net id="60071"><net_src comp="140" pin="0"/><net_sink comp="453" pin=1"/></net>

<net id="60075"><net_src comp="282" pin="0"/><net_sink comp="540" pin=1"/></net>

<net id="60079"><net_src comp="286" pin="0"/><net_sink comp="476" pin=1"/></net>

<net id="60083"><net_src comp="288" pin="0"/><net_sink comp="589" pin=1"/></net>

<net id="60087"><net_src comp="36" pin="0"/><net_sink comp="564" pin=1"/></net>

<net id="60091"><net_src comp="290" pin="0"/><net_sink comp="538" pin=1"/></net>

<net id="60095"><net_src comp="292" pin="0"/><net_sink comp="571" pin=1"/></net>

<net id="60099"><net_src comp="294" pin="0"/><net_sink comp="583" pin=1"/></net>

<net id="60103"><net_src comp="296" pin="0"/><net_sink comp="469" pin=1"/></net>

<net id="60107"><net_src comp="298" pin="0"/><net_sink comp="500" pin=1"/></net>

<net id="60111"><net_src comp="457" pin="2"/><net_sink comp="60108" pin=0"/></net>

<net id="60115"><net_src comp="544" pin="2"/><net_sink comp="60112" pin=0"/></net>

<net id="60119"><net_src comp="584" pin="2"/><net_sink comp="60116" pin=0"/></net>

<net id="60123"><net_src comp="597" pin="2"/><net_sink comp="60120" pin=0"/></net>

<net id="60127"><net_src comp="507" pin="2"/><net_sink comp="60124" pin=0"/></net>

<net id="60131"><net_src comp="549" pin="2"/><net_sink comp="60128" pin=0"/></net>

<net id="60135"><net_src comp="498" pin="2"/><net_sink comp="60132" pin=0"/></net>

<net id="60139"><net_src comp="550" pin="2"/><net_sink comp="60136" pin=0"/></net>

<net id="60143"><net_src comp="552" pin="2"/><net_sink comp="60140" pin=0"/></net>

<net id="60147"><net_src comp="472" pin="2"/><net_sink comp="60144" pin=0"/></net>

<net id="60151"><net_src comp="561" pin="2"/><net_sink comp="60148" pin=0"/></net>

<net id="60155"><net_src comp="542" pin="2"/><net_sink comp="60152" pin=0"/></net>

<net id="60159"><net_src comp="505" pin="2"/><net_sink comp="60156" pin=0"/></net>

<net id="60163"><net_src comp="519" pin="2"/><net_sink comp="60160" pin=0"/></net>

<net id="60167"><net_src comp="464" pin="2"/><net_sink comp="60164" pin=0"/></net>

<net id="60171"><net_src comp="531" pin="2"/><net_sink comp="60168" pin=0"/></net>

<net id="60175"><net_src comp="573" pin="2"/><net_sink comp="60172" pin=0"/></net>

<net id="60179"><net_src comp="479" pin="2"/><net_sink comp="60176" pin=0"/></net>

<net id="60183"><net_src comp="482" pin="2"/><net_sink comp="60180" pin=0"/></net>

<net id="60187"><net_src comp="524" pin="2"/><net_sink comp="60184" pin=0"/></net>

<net id="60191"><net_src comp="487" pin="2"/><net_sink comp="60188" pin=0"/></net>

<net id="60195"><net_src comp="548" pin="2"/><net_sink comp="60192" pin=0"/></net>

<net id="60199"><net_src comp="474" pin="2"/><net_sink comp="60196" pin=0"/></net>

<net id="60203"><net_src comp="565" pin="2"/><net_sink comp="60200" pin=0"/></net>

<net id="60207"><net_src comp="475" pin="2"/><net_sink comp="60204" pin=0"/></net>

<net id="60211"><net_src comp="599" pin="2"/><net_sink comp="60208" pin=0"/></net>

<net id="60215"><net_src comp="503" pin="2"/><net_sink comp="60212" pin=0"/></net>

<net id="60219"><net_src comp="582" pin="2"/><net_sink comp="60216" pin=0"/></net>

<net id="60223"><net_src comp="467" pin="2"/><net_sink comp="60220" pin=0"/></net>

<net id="60227"><net_src comp="523" pin="2"/><net_sink comp="60224" pin=0"/></net>

<net id="60231"><net_src comp="459" pin="2"/><net_sink comp="60228" pin=0"/></net>

<net id="60235"><net_src comp="545" pin="2"/><net_sink comp="60232" pin=0"/></net>

<net id="60239"><net_src comp="547" pin="2"/><net_sink comp="60236" pin=0"/></net>

<net id="60243"><net_src comp="493" pin="2"/><net_sink comp="60240" pin=0"/></net>

<net id="60247"><net_src comp="580" pin="2"/><net_sink comp="60244" pin=0"/></net>

<net id="60251"><net_src comp="568" pin="2"/><net_sink comp="60248" pin=0"/></net>

<net id="60255"><net_src comp="570" pin="2"/><net_sink comp="60252" pin=0"/></net>

<net id="60259"><net_src comp="513" pin="2"/><net_sink comp="60256" pin=0"/></net>

<net id="60263"><net_src comp="486" pin="2"/><net_sink comp="60260" pin=0"/></net>

<net id="60267"><net_src comp="473" pin="2"/><net_sink comp="60264" pin=0"/></net>

<net id="60271"><net_src comp="483" pin="2"/><net_sink comp="60268" pin=0"/></net>

<net id="60275"><net_src comp="596" pin="2"/><net_sink comp="60272" pin=0"/></net>

<net id="60279"><net_src comp="566" pin="2"/><net_sink comp="60276" pin=0"/></net>

<net id="60283"><net_src comp="514" pin="2"/><net_sink comp="60280" pin=0"/></net>

<net id="60287"><net_src comp="502" pin="2"/><net_sink comp="60284" pin=0"/></net>

<net id="60291"><net_src comp="461" pin="2"/><net_sink comp="60288" pin=0"/></net>

<net id="60295"><net_src comp="497" pin="2"/><net_sink comp="60292" pin=0"/></net>

<net id="60299"><net_src comp="577" pin="2"/><net_sink comp="60296" pin=0"/></net>

<net id="60303"><net_src comp="518" pin="2"/><net_sink comp="60300" pin=0"/></net>

<net id="60307"><net_src comp="504" pin="2"/><net_sink comp="60304" pin=0"/></net>

<net id="60311"><net_src comp="516" pin="2"/><net_sink comp="60308" pin=0"/></net>

<net id="60315"><net_src comp="488" pin="2"/><net_sink comp="60312" pin=0"/></net>

<net id="60319"><net_src comp="585" pin="2"/><net_sink comp="60316" pin=0"/></net>

<net id="60323"><net_src comp="495" pin="2"/><net_sink comp="60320" pin=0"/></net>

<net id="60327"><net_src comp="529" pin="2"/><net_sink comp="60324" pin=0"/></net>

<net id="60331"><net_src comp="536" pin="2"/><net_sink comp="60328" pin=0"/></net>

<net id="60335"><net_src comp="510" pin="2"/><net_sink comp="60332" pin=0"/></net>

<net id="60339"><net_src comp="453" pin="2"/><net_sink comp="60336" pin=0"/></net>

<net id="60343"><net_src comp="540" pin="2"/><net_sink comp="60340" pin=0"/></net>

<net id="60347"><net_src comp="476" pin="2"/><net_sink comp="60344" pin=0"/></net>

<net id="60351"><net_src comp="589" pin="2"/><net_sink comp="60348" pin=0"/></net>

<net id="60355"><net_src comp="564" pin="2"/><net_sink comp="60352" pin=0"/></net>

<net id="60359"><net_src comp="538" pin="2"/><net_sink comp="60356" pin=0"/></net>

<net id="60363"><net_src comp="571" pin="2"/><net_sink comp="60360" pin=0"/></net>

<net id="60367"><net_src comp="583" pin="2"/><net_sink comp="60364" pin=0"/></net>

<net id="60371"><net_src comp="469" pin="2"/><net_sink comp="60368" pin=0"/></net>

<net id="60375"><net_src comp="500" pin="2"/><net_sink comp="60372" pin=0"/></net>

<net id="61567"><net_src comp="314" pin="0"/><net_sink comp="489" pin=1"/></net>

<net id="61571"><net_src comp="322" pin="0"/><net_sink comp="478" pin=1"/></net>

<net id="61575"><net_src comp="324" pin="0"/><net_sink comp="528" pin=1"/></net>

<net id="61579"><net_src comp="326" pin="0"/><net_sink comp="508" pin=1"/></net>

<net id="61583"><net_src comp="328" pin="0"/><net_sink comp="456" pin=1"/></net>

<net id="61587"><net_src comp="330" pin="0"/><net_sink comp="477" pin=1"/></net>

<net id="61591"><net_src comp="332" pin="0"/><net_sink comp="520" pin=1"/></net>

<net id="61595"><net_src comp="334" pin="0"/><net_sink comp="511" pin=1"/></net>

<net id="61599"><net_src comp="336" pin="0"/><net_sink comp="575" pin=1"/></net>

<net id="61603"><net_src comp="338" pin="0"/><net_sink comp="537" pin=1"/></net>

<net id="61607"><net_src comp="340" pin="0"/><net_sink comp="454" pin=1"/></net>

<net id="61611"><net_src comp="489" pin="2"/><net_sink comp="61608" pin=0"/></net>

<net id="61615"><net_src comp="478" pin="2"/><net_sink comp="61612" pin=0"/></net>

<net id="61619"><net_src comp="528" pin="2"/><net_sink comp="61616" pin=0"/></net>

<net id="61623"><net_src comp="508" pin="2"/><net_sink comp="61620" pin=0"/></net>

<net id="61627"><net_src comp="456" pin="2"/><net_sink comp="61624" pin=0"/></net>

<net id="61631"><net_src comp="477" pin="2"/><net_sink comp="61628" pin=0"/></net>

<net id="61635"><net_src comp="520" pin="2"/><net_sink comp="61632" pin=0"/></net>

<net id="61639"><net_src comp="511" pin="2"/><net_sink comp="61636" pin=0"/></net>

<net id="61643"><net_src comp="575" pin="2"/><net_sink comp="61640" pin=0"/></net>

<net id="61647"><net_src comp="537" pin="2"/><net_sink comp="61644" pin=0"/></net>

<net id="61651"><net_src comp="454" pin="2"/><net_sink comp="61648" pin=0"/></net>

<net id="61656"><net_src comp="444" pin="2"/><net_sink comp="61653" pin=0"/></net>

<net id="61657"><net_src comp="61653" pin="1"/><net_sink comp="470" pin=0"/></net>

<net id="61658"><net_src comp="61653" pin="1"/><net_sink comp="481" pin=0"/></net>

<net id="61659"><net_src comp="61653" pin="1"/><net_sink comp="594" pin=0"/></net>

<net id="61663"><net_src comp="444" pin="2"/><net_sink comp="61660" pin=0"/></net>

<net id="61664"><net_src comp="61660" pin="1"/><net_sink comp="593" pin=0"/></net>

<net id="61665"><net_src comp="61660" pin="1"/><net_sink comp="579" pin=0"/></net>

<net id="61669"><net_src comp="444" pin="2"/><net_sink comp="61666" pin=0"/></net>

<net id="61670"><net_src comp="61666" pin="1"/><net_sink comp="592" pin=0"/></net>

<net id="61671"><net_src comp="61666" pin="1"/><net_sink comp="556" pin=0"/></net>

<net id="61677"><net_src comp="44" pin="0"/><net_sink comp="61672" pin=0"/></net>

<net id="61678"><net_src comp="444" pin="2"/><net_sink comp="61672" pin=1"/></net>

<net id="61679"><net_src comp="46" pin="0"/><net_sink comp="61672" pin=2"/></net>

<net id="61683"><net_src comp="61672" pin="3"/><net_sink comp="61680" pin=0"/></net>

<net id="61689"><net_src comp="48" pin="0"/><net_sink comp="61684" pin=0"/></net>

<net id="61690"><net_src comp="444" pin="2"/><net_sink comp="61684" pin=1"/></net>

<net id="61691"><net_src comp="50" pin="0"/><net_sink comp="61684" pin=2"/></net>

<net id="61695"><net_src comp="61684" pin="3"/><net_sink comp="61692" pin=0"/></net>

<net id="61699"><net_src comp="438" pin="2"/><net_sink comp="61696" pin=0"/></net>

<net id="61700"><net_src comp="61696" pin="1"/><net_sink comp="458" pin=0"/></net>

<net id="61701"><net_src comp="61696" pin="1"/><net_sink comp="535" pin=0"/></net>

<net id="61705"><net_src comp="438" pin="2"/><net_sink comp="61702" pin=0"/></net>

<net id="61706"><net_src comp="61702" pin="1"/><net_sink comp="455" pin=0"/></net>

<net id="61707"><net_src comp="61702" pin="1"/><net_sink comp="560" pin=0"/></net>

<net id="61708"><net_src comp="61702" pin="1"/><net_sink comp="553" pin=0"/></net>

<net id="61709"><net_src comp="61702" pin="1"/><net_sink comp="534" pin=0"/></net>

<net id="61713"><net_src comp="438" pin="2"/><net_sink comp="61710" pin=0"/></net>

<net id="61714"><net_src comp="61710" pin="1"/><net_sink comp="471" pin=0"/></net>

<net id="61720"><net_src comp="66" pin="0"/><net_sink comp="61715" pin=0"/></net>

<net id="61721"><net_src comp="438" pin="2"/><net_sink comp="61715" pin=1"/></net>

<net id="61722"><net_src comp="68" pin="0"/><net_sink comp="61715" pin=2"/></net>

<net id="61726"><net_src comp="61715" pin="3"/><net_sink comp="61723" pin=0"/></net>

<net id="61730"><net_src comp="432" pin="2"/><net_sink comp="61727" pin=0"/></net>

<net id="61731"><net_src comp="61727" pin="1"/><net_sink comp="595" pin=0"/></net>

<net id="61735"><net_src comp="432" pin="2"/><net_sink comp="61732" pin=0"/></net>

<net id="61736"><net_src comp="61732" pin="1"/><net_sink comp="501" pin=0"/></net>

<net id="61737"><net_src comp="61732" pin="1"/><net_sink comp="468" pin=0"/></net>

<net id="61738"><net_src comp="61732" pin="1"/><net_sink comp="543" pin=0"/></net>

<net id="61744"><net_src comp="76" pin="0"/><net_sink comp="61739" pin=0"/></net>

<net id="61745"><net_src comp="432" pin="2"/><net_sink comp="61739" pin=1"/></net>

<net id="61746"><net_src comp="78" pin="0"/><net_sink comp="61739" pin=2"/></net>

<net id="61750"><net_src comp="61739" pin="3"/><net_sink comp="61747" pin=0"/></net>

<net id="61756"><net_src comp="80" pin="0"/><net_sink comp="61751" pin=0"/></net>

<net id="61757"><net_src comp="432" pin="2"/><net_sink comp="61751" pin=1"/></net>

<net id="61758"><net_src comp="82" pin="0"/><net_sink comp="61751" pin=2"/></net>

<net id="61762"><net_src comp="61751" pin="3"/><net_sink comp="61759" pin=0"/></net>

<net id="61767"><net_src comp="61759" pin="1"/><net_sink comp="61763" pin=0"/></net>

<net id="61768"><net_src comp="61747" pin="1"/><net_sink comp="61763" pin=1"/></net>

<net id="61772"><net_src comp="432" pin="2"/><net_sink comp="61769" pin=0"/></net>

<net id="61773"><net_src comp="61769" pin="1"/><net_sink comp="557" pin=0"/></net>

<net id="61777"><net_src comp="426" pin="2"/><net_sink comp="61774" pin=0"/></net>

<net id="61778"><net_src comp="61774" pin="1"/><net_sink comp="462" pin=0"/></net>

<net id="61782"><net_src comp="426" pin="2"/><net_sink comp="61779" pin=0"/></net>

<net id="61783"><net_src comp="61779" pin="1"/><net_sink comp="517" pin=0"/></net>

<net id="61787"><net_src comp="426" pin="2"/><net_sink comp="61784" pin=0"/></net>

<net id="61788"><net_src comp="61784" pin="1"/><net_sink comp="558" pin=0"/></net>

<net id="61792"><net_src comp="426" pin="2"/><net_sink comp="61789" pin=0"/></net>

<net id="61793"><net_src comp="61789" pin="1"/><net_sink comp="546" pin=0"/></net>

<net id="61797"><net_src comp="420" pin="2"/><net_sink comp="61794" pin=0"/></net>

<net id="61798"><net_src comp="61794" pin="1"/><net_sink comp="506" pin=0"/></net>

<net id="61799"><net_src comp="61794" pin="1"/><net_sink comp="539" pin=0"/></net>

<net id="61800"><net_src comp="61794" pin="1"/><net_sink comp="509" pin=0"/></net>

<net id="61801"><net_src comp="61794" pin="1"/><net_sink comp="533" pin=0"/></net>

<net id="61805"><net_src comp="414" pin="2"/><net_sink comp="61802" pin=0"/></net>

<net id="61806"><net_src comp="61802" pin="1"/><net_sink comp="559" pin=0"/></net>

<net id="61807"><net_src comp="61802" pin="1"/><net_sink comp="555" pin=0"/></net>

<net id="61811"><net_src comp="414" pin="2"/><net_sink comp="61808" pin=0"/></net>

<net id="61812"><net_src comp="61808" pin="1"/><net_sink comp="499" pin=0"/></net>

<net id="61816"><net_src comp="414" pin="2"/><net_sink comp="61813" pin=0"/></net>

<net id="61817"><net_src comp="61813" pin="1"/><net_sink comp="562" pin=0"/></net>

<net id="61818"><net_src comp="61813" pin="1"/><net_sink comp="551" pin=0"/></net>

<net id="61819"><net_src comp="61813" pin="1"/><net_sink comp="492" pin=0"/></net>

<net id="61823"><net_src comp="414" pin="2"/><net_sink comp="61820" pin=0"/></net>

<net id="61824"><net_src comp="61820" pin="1"/><net_sink comp="450" pin=0"/></net>

<net id="61828"><net_src comp="408" pin="2"/><net_sink comp="61825" pin=0"/></net>

<net id="61829"><net_src comp="61825" pin="1"/><net_sink comp="451" pin=0"/></net>

<net id="61830"><net_src comp="61825" pin="1"/><net_sink comp="587" pin=0"/></net>

<net id="61834"><net_src comp="408" pin="2"/><net_sink comp="61831" pin=0"/></net>

<net id="61835"><net_src comp="61831" pin="1"/><net_sink comp="496" pin=0"/></net>

<net id="61836"><net_src comp="61831" pin="1"/><net_sink comp="484" pin=0"/></net>

<net id="61840"><net_src comp="408" pin="2"/><net_sink comp="61837" pin=0"/></net>

<net id="61841"><net_src comp="61837" pin="1"/><net_sink comp="578" pin=0"/></net>

<net id="61842"><net_src comp="61837" pin="1"/><net_sink comp="563" pin=0"/></net>

<net id="61846"><net_src comp="402" pin="2"/><net_sink comp="61843" pin=0"/></net>

<net id="61847"><net_src comp="61843" pin="1"/><net_sink comp="515" pin=0"/></net>

<net id="61848"><net_src comp="61843" pin="1"/><net_sink comp="532" pin=0"/></net>

<net id="61852"><net_src comp="402" pin="2"/><net_sink comp="61849" pin=0"/></net>

<net id="61853"><net_src comp="61849" pin="1"/><net_sink comp="586" pin=0"/></net>

<net id="61857"><net_src comp="402" pin="2"/><net_sink comp="61854" pin=0"/></net>

<net id="61858"><net_src comp="61854" pin="1"/><net_sink comp="460" pin=0"/></net>

<net id="61862"><net_src comp="402" pin="2"/><net_sink comp="61859" pin=0"/></net>

<net id="61863"><net_src comp="61859" pin="1"/><net_sink comp="463" pin=0"/></net>

<net id="61864"><net_src comp="61859" pin="1"/><net_sink comp="512" pin=0"/></net>

<net id="61868"><net_src comp="402" pin="2"/><net_sink comp="61865" pin=0"/></net>

<net id="61869"><net_src comp="61865" pin="1"/><net_sink comp="526" pin=0"/></net>

<net id="61873"><net_src comp="390" pin="2"/><net_sink comp="61870" pin=0"/></net>

<net id="61874"><net_src comp="61870" pin="1"/><net_sink comp="598" pin=0"/></net>

<net id="61878"><net_src comp="390" pin="2"/><net_sink comp="61875" pin=0"/></net>

<net id="61879"><net_src comp="61875" pin="1"/><net_sink comp="491" pin=0"/></net>

<net id="61883"><net_src comp="384" pin="2"/><net_sink comp="61880" pin=0"/></net>

<net id="61884"><net_src comp="61880" pin="1"/><net_sink comp="591" pin=0"/></net>

<net id="61888"><net_src comp="384" pin="2"/><net_sink comp="61885" pin=0"/></net>

<net id="61889"><net_src comp="61885" pin="1"/><net_sink comp="480" pin=0"/></net>

<net id="61890"><net_src comp="61885" pin="1"/><net_sink comp="588" pin=0"/></net>

<net id="61894"><net_src comp="384" pin="2"/><net_sink comp="61891" pin=0"/></net>

<net id="61895"><net_src comp="61891" pin="1"/><net_sink comp="576" pin=0"/></net>

<net id="61896"><net_src comp="61891" pin="1"/><net_sink comp="494" pin=0"/></net>

<net id="61900"><net_src comp="378" pin="2"/><net_sink comp="61897" pin=0"/></net>

<net id="61901"><net_src comp="61897" pin="1"/><net_sink comp="485" pin=0"/></net>

<net id="61902"><net_src comp="61897" pin="1"/><net_sink comp="581" pin=0"/></net>

<net id="61907"><net_src comp="61680" pin="1"/><net_sink comp="61903" pin=0"/></net>

<net id="61908"><net_src comp="61723" pin="1"/><net_sink comp="61903" pin=1"/></net>

<net id="61913"><net_src comp="61692" pin="1"/><net_sink comp="61909" pin=0"/></net>

<net id="61914"><net_src comp="160" pin="0"/><net_sink comp="61909" pin=1"/></net>

<net id="61918"><net_src comp="61909" pin="2"/><net_sink comp="61915" pin=0"/></net>

<net id="61923"><net_src comp="61915" pin="1"/><net_sink comp="61919" pin=0"/></net>

<net id="61924"><net_src comp="61903" pin="2"/><net_sink comp="61919" pin=1"/></net>

<net id="61928"><net_src comp="61925" pin="1"/><net_sink comp="584" pin=0"/></net>

<net id="61934"><net_src comp="44" pin="0"/><net_sink comp="61929" pin=0"/></net>

<net id="61935"><net_src comp="46" pin="0"/><net_sink comp="61929" pin=2"/></net>

<net id="61939"><net_src comp="61929" pin="3"/><net_sink comp="61936" pin=0"/></net>

<net id="61945"><net_src comp="166" pin="0"/><net_sink comp="61940" pin=0"/></net>

<net id="61946"><net_src comp="168" pin="0"/><net_sink comp="61940" pin=2"/></net>

<net id="61950"><net_src comp="61940" pin="3"/><net_sink comp="61947" pin=0"/></net>

<net id="61955"><net_src comp="61936" pin="1"/><net_sink comp="61951" pin=0"/></net>

<net id="61956"><net_src comp="61947" pin="1"/><net_sink comp="61951" pin=1"/></net>

<net id="61960"><net_src comp="34460" pin="1"/><net_sink comp="61957" pin=0"/></net>

<net id="61967"><net_src comp="34496" pin="1"/><net_sink comp="61964" pin=0"/></net>

<net id="61971"><net_src comp="34500" pin="1"/><net_sink comp="61968" pin=0"/></net>

<net id="61975"><net_src comp="34504" pin="1"/><net_sink comp="61972" pin=0"/></net>

<net id="61979"><net_src comp="61976" pin="1"/><net_sink comp="531" pin=0"/></net>

<net id="61980"><net_src comp="61976" pin="1"/><net_sink comp="573" pin=0"/></net>

<net id="61984"><net_src comp="61981" pin="1"/><net_sink comp="464" pin=0"/></net>

<net id="61988"><net_src comp="34532" pin="1"/><net_sink comp="61985" pin=0"/></net>

<net id="61992"><net_src comp="34540" pin="1"/><net_sink comp="61989" pin=0"/></net>

<net id="61996"><net_src comp="34552" pin="1"/><net_sink comp="61993" pin=0"/></net>

<net id="62000"><net_src comp="34576" pin="1"/><net_sink comp="61997" pin=0"/></net>

<net id="62006"><net_src comp="44" pin="0"/><net_sink comp="62001" pin=0"/></net>

<net id="62007"><net_src comp="46" pin="0"/><net_sink comp="62001" pin=2"/></net>

<net id="62011"><net_src comp="62001" pin="3"/><net_sink comp="62008" pin=0"/></net>

<net id="62017"><net_src comp="66" pin="0"/><net_sink comp="62012" pin=0"/></net>

<net id="62018"><net_src comp="68" pin="0"/><net_sink comp="62012" pin=2"/></net>

<net id="62022"><net_src comp="62012" pin="3"/><net_sink comp="62019" pin=0"/></net>

<net id="62027"><net_src comp="62008" pin="1"/><net_sink comp="62023" pin=0"/></net>

<net id="62028"><net_src comp="62019" pin="1"/><net_sink comp="62023" pin=1"/></net>

<net id="62032"><net_src comp="62023" pin="2"/><net_sink comp="62029" pin=0"/></net>

<net id="62036"><net_src comp="62033" pin="1"/><net_sink comp="599" pin=0"/></net>

<net id="62037"><net_src comp="62033" pin="1"/><net_sink comp="503" pin=0"/></net>

<net id="62038"><net_src comp="62033" pin="1"/><net_sink comp="467" pin=0"/></net>

<net id="62039"><net_src comp="62033" pin="1"/><net_sink comp="459" pin=0"/></net>

<net id="62040"><net_src comp="62033" pin="1"/><net_sink comp="545" pin=0"/></net>

<net id="62044"><net_src comp="62041" pin="1"/><net_sink comp="475" pin=0"/></net>

<net id="62045"><net_src comp="62041" pin="1"/><net_sink comp="582" pin=0"/></net>

<net id="62046"><net_src comp="62041" pin="1"/><net_sink comp="523" pin=0"/></net>

<net id="62052"><net_src comp="214" pin="0"/><net_sink comp="62047" pin=0"/></net>

<net id="62053"><net_src comp="216" pin="0"/><net_sink comp="62047" pin=2"/></net>

<net id="62057"><net_src comp="62047" pin="3"/><net_sink comp="62054" pin=0"/></net>

<net id="62062"><net_src comp="62054" pin="1"/><net_sink comp="62058" pin=0"/></net>

<net id="62063"><net_src comp="62041" pin="1"/><net_sink comp="62058" pin=1"/></net>

<net id="62069"><net_src comp="80" pin="0"/><net_sink comp="62064" pin=0"/></net>

<net id="62070"><net_src comp="82" pin="0"/><net_sink comp="62064" pin=2"/></net>

<net id="62074"><net_src comp="62064" pin="3"/><net_sink comp="62071" pin=0"/></net>

<net id="62080"><net_src comp="166" pin="0"/><net_sink comp="62075" pin=0"/></net>

<net id="62081"><net_src comp="168" pin="0"/><net_sink comp="62075" pin=2"/></net>

<net id="62085"><net_src comp="62075" pin="3"/><net_sink comp="62082" pin=0"/></net>

<net id="62090"><net_src comp="62082" pin="1"/><net_sink comp="62086" pin=0"/></net>

<net id="62091"><net_src comp="62071" pin="1"/><net_sink comp="62086" pin=1"/></net>

<net id="62095"><net_src comp="62086" pin="2"/><net_sink comp="62092" pin=0"/></net>

<net id="62099"><net_src comp="62096" pin="1"/><net_sink comp="493" pin=0"/></net>

<net id="62100"><net_src comp="62096" pin="1"/><net_sink comp="580" pin=0"/></net>

<net id="62101"><net_src comp="62096" pin="1"/><net_sink comp="568" pin=0"/></net>

<net id="62102"><net_src comp="62096" pin="1"/><net_sink comp="486" pin=0"/></net>

<net id="62106"><net_src comp="62103" pin="1"/><net_sink comp="547" pin=0"/></net>

<net id="62107"><net_src comp="62103" pin="1"/><net_sink comp="570" pin=0"/></net>

<net id="62108"><net_src comp="62103" pin="1"/><net_sink comp="513" pin=0"/></net>

<net id="62114"><net_src comp="166" pin="0"/><net_sink comp="62109" pin=0"/></net>

<net id="62115"><net_src comp="168" pin="0"/><net_sink comp="62109" pin=2"/></net>

<net id="62119"><net_src comp="62109" pin="3"/><net_sink comp="62116" pin=0"/></net>

<net id="62124"><net_src comp="240" pin="0"/><net_sink comp="62120" pin=0"/></net>

<net id="62125"><net_src comp="62116" pin="1"/><net_sink comp="62120" pin=1"/></net>

<net id="62131"><net_src comp="48" pin="0"/><net_sink comp="62126" pin=0"/></net>

<net id="62132"><net_src comp="50" pin="0"/><net_sink comp="62126" pin=2"/></net>

<net id="62136"><net_src comp="62126" pin="3"/><net_sink comp="62133" pin=0"/></net>

<net id="62141"><net_src comp="62120" pin="2"/><net_sink comp="62137" pin=0"/></net>

<net id="62142"><net_src comp="62133" pin="1"/><net_sink comp="62137" pin=1"/></net>

<net id="62146"><net_src comp="62143" pin="1"/><net_sink comp="566" pin=0"/></net>

<net id="62150"><net_src comp="34632" pin="1"/><net_sink comp="62147" pin=0"/></net>

<net id="62154"><net_src comp="62151" pin="1"/><net_sink comp="502" pin=0"/></net>

<net id="62155"><net_src comp="62151" pin="1"/><net_sink comp="461" pin=0"/></net>

<net id="62156"><net_src comp="62151" pin="1"/><net_sink comp="497" pin=0"/></net>

<net id="62162"><net_src comp="66" pin="0"/><net_sink comp="62157" pin=0"/></net>

<net id="62163"><net_src comp="68" pin="0"/><net_sink comp="62157" pin=2"/></net>

<net id="62167"><net_src comp="62157" pin="3"/><net_sink comp="62164" pin=0"/></net>

<net id="62173"><net_src comp="48" pin="0"/><net_sink comp="62168" pin=0"/></net>

<net id="62174"><net_src comp="50" pin="0"/><net_sink comp="62168" pin=2"/></net>

<net id="62178"><net_src comp="62168" pin="3"/><net_sink comp="62175" pin=0"/></net>

<net id="62183"><net_src comp="62175" pin="1"/><net_sink comp="62179" pin=0"/></net>

<net id="62184"><net_src comp="62164" pin="1"/><net_sink comp="62179" pin=1"/></net>

<net id="62188"><net_src comp="62179" pin="2"/><net_sink comp="62185" pin=0"/></net>

<net id="62192"><net_src comp="62189" pin="1"/><net_sink comp="504" pin=0"/></net>

<net id="62196"><net_src comp="62193" pin="1"/><net_sink comp="518" pin=0"/></net>

<net id="62197"><net_src comp="62193" pin="1"/><net_sink comp="488" pin=0"/></net>

<net id="62198"><net_src comp="62193" pin="1"/><net_sink comp="495" pin=0"/></net>

<net id="62202"><net_src comp="62199" pin="1"/><net_sink comp="577" pin=0"/></net>

<net id="62203"><net_src comp="62199" pin="1"/><net_sink comp="516" pin=0"/></net>

<net id="62204"><net_src comp="62199" pin="1"/><net_sink comp="585" pin=0"/></net>

<net id="62211"><net_src comp="62208" pin="1"/><net_sink comp="536" pin=0"/></net>

<net id="62212"><net_src comp="62208" pin="1"/><net_sink comp="510" pin=0"/></net>

<net id="62213"><net_src comp="62208" pin="1"/><net_sink comp="540" pin=0"/></net>

<net id="62214"><net_src comp="62208" pin="1"/><net_sink comp="564" pin=0"/></net>

<net id="62218"><net_src comp="62215" pin="1"/><net_sink comp="453" pin=0"/></net>

<net id="62222"><net_src comp="62219" pin="1"/><net_sink comp="529" pin=0"/></net>

<net id="62223"><net_src comp="62219" pin="1"/><net_sink comp="476" pin=0"/></net>

<net id="62228"><net_src comp="284" pin="0"/><net_sink comp="62224" pin=0"/></net>

<net id="62229"><net_src comp="62205" pin="1"/><net_sink comp="62224" pin=1"/></net>

<net id="62233"><net_src comp="62230" pin="1"/><net_sink comp="589" pin=0"/></net>

<net id="62237"><net_src comp="62234" pin="1"/><net_sink comp="500" pin=0"/></net>

<net id="62241"><net_src comp="62238" pin="1"/><net_sink comp="571" pin=0"/></net>

<net id="62242"><net_src comp="62238" pin="1"/><net_sink comp="583" pin=0"/></net>

<net id="62243"><net_src comp="62238" pin="1"/><net_sink comp="469" pin=0"/></net>

<net id="62247"><net_src comp="62244" pin="1"/><net_sink comp="538" pin=0"/></net>

<net id="62252"><net_src comp="34428" pin="1"/><net_sink comp="62248" pin=0"/></net>

<net id="62253"><net_src comp="300" pin="0"/><net_sink comp="62248" pin=1"/></net>

<net id="62257"><net_src comp="62248" pin="2"/><net_sink comp="62254" pin=0"/></net>

<net id="62262"><net_src comp="34436" pin="1"/><net_sink comp="62258" pin=0"/></net>

<net id="62263"><net_src comp="302" pin="0"/><net_sink comp="62258" pin=1"/></net>

<net id="62268"><net_src comp="34440" pin="1"/><net_sink comp="62264" pin=0"/></net>

<net id="62269"><net_src comp="304" pin="0"/><net_sink comp="62264" pin=1"/></net>

<net id="62273"><net_src comp="62264" pin="2"/><net_sink comp="62270" pin=0"/></net>

<net id="62278"><net_src comp="61951" pin="2"/><net_sink comp="62274" pin=0"/></net>

<net id="62279"><net_src comp="306" pin="0"/><net_sink comp="62274" pin=1"/></net>

<net id="62284"><net_src comp="34452" pin="1"/><net_sink comp="62280" pin=0"/></net>

<net id="62285"><net_src comp="308" pin="0"/><net_sink comp="62280" pin=1"/></net>

<net id="62289"><net_src comp="62280" pin="2"/><net_sink comp="62286" pin=0"/></net>

<net id="62294"><net_src comp="62286" pin="1"/><net_sink comp="62290" pin=0"/></net>

<net id="62295"><net_src comp="34424" pin="1"/><net_sink comp="62290" pin=1"/></net>

<net id="62300"><net_src comp="34456" pin="1"/><net_sink comp="62296" pin=0"/></net>

<net id="62301"><net_src comp="62254" pin="1"/><net_sink comp="62296" pin=1"/></net>

<net id="62306"><net_src comp="34468" pin="1"/><net_sink comp="62302" pin=0"/></net>

<net id="62307"><net_src comp="62270" pin="1"/><net_sink comp="62302" pin=1"/></net>

<net id="62312"><net_src comp="34472" pin="1"/><net_sink comp="62308" pin=0"/></net>

<net id="62313"><net_src comp="34444" pin="1"/><net_sink comp="62308" pin=1"/></net>

<net id="62321"><net_src comp="34432" pin="1"/><net_sink comp="62317" pin=0"/></net>

<net id="62322"><net_src comp="61957" pin="1"/><net_sink comp="62317" pin=1"/></net>

<net id="62327"><net_src comp="62317" pin="2"/><net_sink comp="62323" pin=0"/></net>

<net id="62328"><net_src comp="34484" pin="1"/><net_sink comp="62323" pin=1"/></net>

<net id="62333"><net_src comp="62258" pin="2"/><net_sink comp="62329" pin=0"/></net>

<net id="62334"><net_src comp="61961" pin="1"/><net_sink comp="62329" pin=1"/></net>

<net id="62338"><net_src comp="62329" pin="2"/><net_sink comp="62335" pin=0"/></net>

<net id="62343"><net_src comp="62335" pin="1"/><net_sink comp="62339" pin=0"/></net>

<net id="62344"><net_src comp="34464" pin="1"/><net_sink comp="62339" pin=1"/></net>

<net id="62348"><net_src comp="62339" pin="2"/><net_sink comp="62345" pin=0"/></net>

<net id="62353"><net_src comp="34448" pin="1"/><net_sink comp="62349" pin=0"/></net>

<net id="62354"><net_src comp="61964" pin="1"/><net_sink comp="62349" pin=1"/></net>

<net id="62359"><net_src comp="62349" pin="2"/><net_sink comp="62355" pin=0"/></net>

<net id="62360"><net_src comp="34476" pin="1"/><net_sink comp="62355" pin=1"/></net>

<net id="62365"><net_src comp="34492" pin="1"/><net_sink comp="62361" pin=0"/></net>

<net id="62366"><net_src comp="62314" pin="1"/><net_sink comp="62361" pin=1"/></net>

<net id="62371"><net_src comp="62361" pin="2"/><net_sink comp="62367" pin=0"/></net>

<net id="62372"><net_src comp="34508" pin="1"/><net_sink comp="62367" pin=1"/></net>

<net id="62376"><net_src comp="62367" pin="2"/><net_sink comp="62373" pin=0"/></net>

<net id="62381"><net_src comp="34524" pin="1"/><net_sink comp="62377" pin=0"/></net>

<net id="62382"><net_src comp="62373" pin="1"/><net_sink comp="62377" pin=1"/></net>

<net id="62386"><net_src comp="62377" pin="2"/><net_sink comp="62383" pin=0"/></net>

<net id="62391"><net_src comp="34480" pin="1"/><net_sink comp="62387" pin=0"/></net>

<net id="62392"><net_src comp="61989" pin="1"/><net_sink comp="62387" pin=1"/></net>

<net id="62396"><net_src comp="62387" pin="2"/><net_sink comp="62393" pin=0"/></net>

<net id="62401"><net_src comp="62393" pin="1"/><net_sink comp="62397" pin=0"/></net>

<net id="62402"><net_src comp="34516" pin="1"/><net_sink comp="62397" pin=1"/></net>

<net id="62407"><net_src comp="62345" pin="1"/><net_sink comp="62403" pin=0"/></net>

<net id="62408"><net_src comp="61968" pin="1"/><net_sink comp="62403" pin=1"/></net>

<net id="62413"><net_src comp="34520" pin="1"/><net_sink comp="62409" pin=0"/></net>

<net id="62414"><net_src comp="34544" pin="1"/><net_sink comp="62409" pin=1"/></net>

<net id="62418"><net_src comp="62409" pin="2"/><net_sink comp="62415" pin=0"/></net>

<net id="62423"><net_src comp="62415" pin="1"/><net_sink comp="62419" pin=0"/></net>

<net id="62424"><net_src comp="62403" pin="2"/><net_sink comp="62419" pin=1"/></net>

<net id="62429"><net_src comp="34488" pin="1"/><net_sink comp="62425" pin=0"/></net>

<net id="62430"><net_src comp="61972" pin="1"/><net_sink comp="62425" pin=1"/></net>

<net id="62434"><net_src comp="62425" pin="2"/><net_sink comp="62431" pin=0"/></net>

<net id="62439"><net_src comp="62431" pin="1"/><net_sink comp="62435" pin=0"/></net>

<net id="62440"><net_src comp="34548" pin="1"/><net_sink comp="62435" pin=1"/></net>

<net id="62445"><net_src comp="34560" pin="1"/><net_sink comp="62441" pin=0"/></net>

<net id="62446"><net_src comp="34584" pin="1"/><net_sink comp="62441" pin=1"/></net>

<net id="62450"><net_src comp="62441" pin="2"/><net_sink comp="62447" pin=0"/></net>

<net id="62455"><net_src comp="62447" pin="1"/><net_sink comp="62451" pin=0"/></net>

<net id="62456"><net_src comp="61985" pin="1"/><net_sink comp="62451" pin=1"/></net>

<net id="62461"><net_src comp="62383" pin="1"/><net_sink comp="62457" pin=0"/></net>

<net id="62462"><net_src comp="61997" pin="1"/><net_sink comp="62457" pin=1"/></net>

<net id="62467"><net_src comp="34604" pin="1"/><net_sink comp="62463" pin=0"/></net>

<net id="62468"><net_src comp="61993" pin="1"/><net_sink comp="62463" pin=1"/></net>

<net id="62472"><net_src comp="62463" pin="2"/><net_sink comp="62469" pin=0"/></net>

<net id="62477"><net_src comp="62469" pin="1"/><net_sink comp="62473" pin=0"/></net>

<net id="62478"><net_src comp="62457" pin="2"/><net_sink comp="62473" pin=1"/></net>

<net id="62483"><net_src comp="34528" pin="1"/><net_sink comp="62479" pin=0"/></net>

<net id="62484"><net_src comp="34580" pin="1"/><net_sink comp="62479" pin=1"/></net>

<net id="62489"><net_src comp="34556" pin="1"/><net_sink comp="62485" pin=0"/></net>

<net id="62490"><net_src comp="34608" pin="1"/><net_sink comp="62485" pin=1"/></net>

<net id="62494"><net_src comp="62485" pin="2"/><net_sink comp="62491" pin=0"/></net>

<net id="62499"><net_src comp="62491" pin="1"/><net_sink comp="62495" pin=0"/></net>

<net id="62500"><net_src comp="34512" pin="1"/><net_sink comp="62495" pin=1"/></net>

<net id="62505"><net_src comp="34536" pin="1"/><net_sink comp="62501" pin=0"/></net>

<net id="62506"><net_src comp="62058" pin="2"/><net_sink comp="62501" pin=1"/></net>

<net id="62511"><net_src comp="34564" pin="1"/><net_sink comp="62507" pin=0"/></net>

<net id="62512"><net_src comp="34620" pin="1"/><net_sink comp="62507" pin=1"/></net>

<net id="62516"><net_src comp="62507" pin="2"/><net_sink comp="62513" pin=0"/></net>

<net id="62521"><net_src comp="34588" pin="1"/><net_sink comp="62517" pin=0"/></net>

<net id="62522"><net_src comp="34612" pin="1"/><net_sink comp="62517" pin=1"/></net>

<net id="62526"><net_src comp="62517" pin="2"/><net_sink comp="62523" pin=0"/></net>

<net id="62531"><net_src comp="62523" pin="1"/><net_sink comp="62527" pin=0"/></net>

<net id="62532"><net_src comp="62513" pin="1"/><net_sink comp="62527" pin=1"/></net>

<net id="62537"><net_src comp="34572" pin="1"/><net_sink comp="62533" pin=0"/></net>

<net id="62538"><net_src comp="34600" pin="1"/><net_sink comp="62533" pin=1"/></net>

<net id="62542"><net_src comp="62533" pin="2"/><net_sink comp="62539" pin=0"/></net>

<net id="62547"><net_src comp="34616" pin="1"/><net_sink comp="62543" pin=0"/></net>

<net id="62548"><net_src comp="62147" pin="1"/><net_sink comp="62543" pin=1"/></net>

<net id="62552"><net_src comp="62543" pin="2"/><net_sink comp="62549" pin=0"/></net>

<net id="62557"><net_src comp="62549" pin="1"/><net_sink comp="62553" pin=0"/></net>

<net id="62558"><net_src comp="62539" pin="1"/><net_sink comp="62553" pin=1"/></net>

<net id="62563"><net_src comp="34568" pin="1"/><net_sink comp="62559" pin=0"/></net>

<net id="62564"><net_src comp="34628" pin="1"/><net_sink comp="62559" pin=1"/></net>

<net id="62568"><net_src comp="62559" pin="2"/><net_sink comp="62565" pin=0"/></net>

<net id="62573"><net_src comp="34640" pin="1"/><net_sink comp="62569" pin=0"/></net>

<net id="62574"><net_src comp="34596" pin="1"/><net_sink comp="62569" pin=1"/></net>

<net id="62578"><net_src comp="62569" pin="2"/><net_sink comp="62575" pin=0"/></net>

<net id="62583"><net_src comp="62575" pin="1"/><net_sink comp="62579" pin=0"/></net>

<net id="62584"><net_src comp="62565" pin="1"/><net_sink comp="62579" pin=1"/></net>

<net id="62589"><net_src comp="34624" pin="1"/><net_sink comp="62585" pin=0"/></net>

<net id="62590"><net_src comp="62092" pin="1"/><net_sink comp="62585" pin=1"/></net>

<net id="62595"><net_src comp="34636" pin="1"/><net_sink comp="62591" pin=0"/></net>

<net id="62596"><net_src comp="62029" pin="1"/><net_sink comp="62591" pin=1"/></net>

<net id="62601"><net_src comp="34592" pin="1"/><net_sink comp="62597" pin=0"/></net>

<net id="62602"><net_src comp="62185" pin="1"/><net_sink comp="62597" pin=1"/></net>

<net id="62606"><net_src comp="60116" pin="1"/><net_sink comp="62603" pin=0"/></net>

<net id="62610"><net_src comp="60120" pin="1"/><net_sink comp="62607" pin=0"/></net>

<net id="62614"><net_src comp="60144" pin="1"/><net_sink comp="62611" pin=0"/></net>

<net id="62618"><net_src comp="60152" pin="1"/><net_sink comp="62615" pin=0"/></net>

<net id="62622"><net_src comp="60156" pin="1"/><net_sink comp="62619" pin=0"/></net>

<net id="62626"><net_src comp="60160" pin="1"/><net_sink comp="62623" pin=0"/></net>

<net id="62630"><net_src comp="60164" pin="1"/><net_sink comp="62627" pin=0"/></net>

<net id="62634"><net_src comp="60176" pin="1"/><net_sink comp="62631" pin=0"/></net>

<net id="62638"><net_src comp="60184" pin="1"/><net_sink comp="62635" pin=0"/></net>

<net id="62642"><net_src comp="60188" pin="1"/><net_sink comp="62639" pin=0"/></net>

<net id="62648"><net_src comp="310" pin="0"/><net_sink comp="62643" pin=0"/></net>

<net id="62649"><net_src comp="312" pin="0"/><net_sink comp="62643" pin=2"/></net>

<net id="62653"><net_src comp="62643" pin="3"/><net_sink comp="62650" pin=0"/></net>

<net id="62659"><net_src comp="214" pin="0"/><net_sink comp="62654" pin=0"/></net>

<net id="62660"><net_src comp="216" pin="0"/><net_sink comp="62654" pin=2"/></net>

<net id="62664"><net_src comp="62654" pin="3"/><net_sink comp="62661" pin=0"/></net>

<net id="62670"><net_src comp="66" pin="0"/><net_sink comp="62665" pin=0"/></net>

<net id="62671"><net_src comp="68" pin="0"/><net_sink comp="62665" pin=2"/></net>

<net id="62675"><net_src comp="62665" pin="3"/><net_sink comp="62672" pin=0"/></net>

<net id="62680"><net_src comp="62661" pin="1"/><net_sink comp="62676" pin=0"/></net>

<net id="62681"><net_src comp="62672" pin="1"/><net_sink comp="62676" pin=1"/></net>

<net id="62685"><net_src comp="62676" pin="2"/><net_sink comp="62682" pin=0"/></net>

<net id="62690"><net_src comp="316" pin="0"/><net_sink comp="62686" pin=0"/></net>

<net id="62691"><net_src comp="62650" pin="1"/><net_sink comp="62686" pin=1"/></net>

<net id="62697"><net_src comp="318" pin="0"/><net_sink comp="62692" pin=0"/></net>

<net id="62698"><net_src comp="320" pin="0"/><net_sink comp="62692" pin=2"/></net>

<net id="62702"><net_src comp="62692" pin="3"/><net_sink comp="62699" pin=0"/></net>

<net id="62707"><net_src comp="62686" pin="2"/><net_sink comp="62703" pin=0"/></net>

<net id="62708"><net_src comp="62699" pin="1"/><net_sink comp="62703" pin=1"/></net>

<net id="62712"><net_src comp="60196" pin="1"/><net_sink comp="62709" pin=0"/></net>

<net id="62716"><net_src comp="60208" pin="1"/><net_sink comp="62713" pin=0"/></net>

<net id="62720"><net_src comp="60212" pin="1"/><net_sink comp="62717" pin=0"/></net>

<net id="62724"><net_src comp="60220" pin="1"/><net_sink comp="62721" pin=0"/></net>

<net id="62728"><net_src comp="60228" pin="1"/><net_sink comp="62725" pin=0"/></net>

<net id="62735"><net_src comp="60264" pin="1"/><net_sink comp="62732" pin=0"/></net>

<net id="62739"><net_src comp="60268" pin="1"/><net_sink comp="62736" pin=0"/></net>

<net id="62743"><net_src comp="60272" pin="1"/><net_sink comp="62740" pin=0"/></net>

<net id="62747"><net_src comp="62744" pin="1"/><net_sink comp="478" pin=0"/></net>

<net id="62748"><net_src comp="62744" pin="1"/><net_sink comp="528" pin=0"/></net>

<net id="62749"><net_src comp="62744" pin="1"/><net_sink comp="508" pin=0"/></net>

<net id="62753"><net_src comp="60284" pin="1"/><net_sink comp="62750" pin=0"/></net>

<net id="62759"><net_src comp="310" pin="0"/><net_sink comp="62754" pin=0"/></net>

<net id="62760"><net_src comp="312" pin="0"/><net_sink comp="62754" pin=2"/></net>

<net id="62764"><net_src comp="62754" pin="3"/><net_sink comp="62761" pin=0"/></net>

<net id="62770"><net_src comp="44" pin="0"/><net_sink comp="62765" pin=0"/></net>

<net id="62771"><net_src comp="46" pin="0"/><net_sink comp="62765" pin=2"/></net>

<net id="62775"><net_src comp="62765" pin="3"/><net_sink comp="62772" pin=0"/></net>

<net id="62780"><net_src comp="62772" pin="1"/><net_sink comp="62776" pin=0"/></net>

<net id="62781"><net_src comp="62761" pin="1"/><net_sink comp="62776" pin=1"/></net>

<net id="62785"><net_src comp="62782" pin="1"/><net_sink comp="456" pin=0"/></net>

<net id="62786"><net_src comp="62782" pin="1"/><net_sink comp="477" pin=0"/></net>

<net id="62790"><net_src comp="60296" pin="1"/><net_sink comp="62787" pin=0"/></net>

<net id="62794"><net_src comp="60304" pin="1"/><net_sink comp="62791" pin=0"/></net>

<net id="62798"><net_src comp="60316" pin="1"/><net_sink comp="62795" pin=0"/></net>

<net id="62802"><net_src comp="62799" pin="1"/><net_sink comp="520" pin=0"/></net>

<net id="62809"><net_src comp="62806" pin="1"/><net_sink comp="537" pin=0"/></net>

<net id="62816"><net_src comp="62813" pin="1"/><net_sink comp="575" pin=0"/></net>

<net id="62820"><net_src comp="60364" pin="1"/><net_sink comp="62817" pin=0"/></net>

<net id="62826"><net_src comp="76" pin="0"/><net_sink comp="62821" pin=0"/></net>

<net id="62827"><net_src comp="78" pin="0"/><net_sink comp="62821" pin=2"/></net>

<net id="62831"><net_src comp="62821" pin="3"/><net_sink comp="62828" pin=0"/></net>

<net id="62836"><net_src comp="62828" pin="1"/><net_sink comp="62832" pin=0"/></net>

<net id="62837"><net_src comp="62810" pin="1"/><net_sink comp="62832" pin=1"/></net>

<net id="62841"><net_src comp="60372" pin="1"/><net_sink comp="62838" pin=0"/></net>

<net id="62846"><net_src comp="60112" pin="1"/><net_sink comp="62842" pin=0"/></net>

<net id="62847"><net_src comp="342" pin="0"/><net_sink comp="62842" pin=1"/></net>

<net id="62851"><net_src comp="62842" pin="2"/><net_sink comp="62848" pin=0"/></net>

<net id="62859"><net_src comp="62852" pin="1"/><net_sink comp="62855" pin=0"/></net>

<net id="62860"><net_src comp="60108" pin="1"/><net_sink comp="62855" pin=1"/></net>

<net id="62864"><net_src comp="62855" pin="2"/><net_sink comp="62861" pin=0"/></net>

<net id="62881"><net_src comp="60124" pin="1"/><net_sink comp="62877" pin=0"/></net>

<net id="62882"><net_src comp="62865" pin="1"/><net_sink comp="62877" pin=1"/></net>

<net id="62886"><net_src comp="62877" pin="2"/><net_sink comp="62883" pin=0"/></net>

<net id="62897"><net_src comp="62848" pin="1"/><net_sink comp="62893" pin=0"/></net>

<net id="62898"><net_src comp="62603" pin="1"/><net_sink comp="62893" pin=1"/></net>

<net id="62903"><net_src comp="62893" pin="2"/><net_sink comp="62899" pin=0"/></net>

<net id="62904"><net_src comp="60132" pin="1"/><net_sink comp="62899" pin=1"/></net>

<net id="62908"><net_src comp="62899" pin="2"/><net_sink comp="62905" pin=0"/></net>

<net id="62913"><net_src comp="62861" pin="1"/><net_sink comp="62909" pin=0"/></net>

<net id="62914"><net_src comp="62607" pin="1"/><net_sink comp="62909" pin=1"/></net>

<net id="62919"><net_src comp="62909" pin="2"/><net_sink comp="62915" pin=0"/></net>

<net id="62920"><net_src comp="60136" pin="1"/><net_sink comp="62915" pin=1"/></net>

<net id="62924"><net_src comp="62915" pin="2"/><net_sink comp="62921" pin=0"/></net>

<net id="62929"><net_src comp="62871" pin="1"/><net_sink comp="62925" pin=0"/></net>

<net id="62930"><net_src comp="62615" pin="1"/><net_sink comp="62925" pin=1"/></net>

<net id="62935"><net_src comp="62925" pin="2"/><net_sink comp="62931" pin=0"/></net>

<net id="62936"><net_src comp="60128" pin="1"/><net_sink comp="62931" pin=1"/></net>

<net id="62940"><net_src comp="62931" pin="2"/><net_sink comp="62937" pin=0"/></net>

<net id="62945"><net_src comp="62883" pin="1"/><net_sink comp="62941" pin=0"/></net>

<net id="62946"><net_src comp="62627" pin="1"/><net_sink comp="62941" pin=1"/></net>

<net id="62951"><net_src comp="62941" pin="2"/><net_sink comp="62947" pin=0"/></net>

<net id="62952"><net_src comp="60140" pin="1"/><net_sink comp="62947" pin=1"/></net>

<net id="62956"><net_src comp="62947" pin="2"/><net_sink comp="62953" pin=0"/></net>

<net id="62961"><net_src comp="62868" pin="1"/><net_sink comp="62957" pin=0"/></net>

<net id="62962"><net_src comp="62611" pin="1"/><net_sink comp="62957" pin=1"/></net>

<net id="62970"><net_src comp="62963" pin="1"/><net_sink comp="62966" pin=0"/></net>

<net id="62971"><net_src comp="62957" pin="2"/><net_sink comp="62966" pin=1"/></net>

<net id="62975"><net_src comp="62966" pin="2"/><net_sink comp="62972" pin=0"/></net>

<net id="62980"><net_src comp="62887" pin="1"/><net_sink comp="62976" pin=0"/></net>

<net id="62981"><net_src comp="62635" pin="1"/><net_sink comp="62976" pin=1"/></net>

<net id="62986"><net_src comp="60148" pin="1"/><net_sink comp="62982" pin=0"/></net>

<net id="62987"><net_src comp="60168" pin="1"/><net_sink comp="62982" pin=1"/></net>

<net id="62991"><net_src comp="62982" pin="2"/><net_sink comp="62988" pin=0"/></net>

<net id="62996"><net_src comp="62988" pin="1"/><net_sink comp="62992" pin=0"/></net>

<net id="62997"><net_src comp="62976" pin="2"/><net_sink comp="62992" pin=1"/></net>

<net id="63005"><net_src comp="62874" pin="1"/><net_sink comp="63001" pin=0"/></net>

<net id="63006"><net_src comp="62631" pin="1"/><net_sink comp="63001" pin=1"/></net>

<net id="63014"><net_src comp="63007" pin="1"/><net_sink comp="63010" pin=0"/></net>

<net id="63015"><net_src comp="63001" pin="2"/><net_sink comp="63010" pin=1"/></net>

<net id="63019"><net_src comp="63010" pin="2"/><net_sink comp="63016" pin=0"/></net>

<net id="63024"><net_src comp="62905" pin="1"/><net_sink comp="63020" pin=0"/></net>

<net id="63025"><net_src comp="62619" pin="1"/><net_sink comp="63020" pin=1"/></net>

<net id="63030"><net_src comp="60180" pin="1"/><net_sink comp="63026" pin=0"/></net>

<net id="63031"><net_src comp="60192" pin="1"/><net_sink comp="63026" pin=1"/></net>

<net id="63035"><net_src comp="63026" pin="2"/><net_sink comp="63032" pin=0"/></net>

<net id="63040"><net_src comp="63032" pin="1"/><net_sink comp="63036" pin=0"/></net>

<net id="63041"><net_src comp="63020" pin="2"/><net_sink comp="63036" pin=1"/></net>

<net id="63046"><net_src comp="62921" pin="1"/><net_sink comp="63042" pin=0"/></net>

<net id="63047"><net_src comp="62623" pin="1"/><net_sink comp="63042" pin=1"/></net>

<net id="63055"><net_src comp="63048" pin="1"/><net_sink comp="63051" pin=0"/></net>

<net id="63056"><net_src comp="63042" pin="2"/><net_sink comp="63051" pin=1"/></net>

<net id="63067"><net_src comp="63060" pin="1"/><net_sink comp="63063" pin=0"/></net>

<net id="63068"><net_src comp="62890" pin="1"/><net_sink comp="63063" pin=1"/></net>

<net id="63076"><net_src comp="63069" pin="1"/><net_sink comp="63072" pin=0"/></net>

<net id="63077"><net_src comp="63063" pin="2"/><net_sink comp="63072" pin=1"/></net>

<net id="63081"><net_src comp="63072" pin="2"/><net_sink comp="63078" pin=0"/></net>

<net id="63089"><net_src comp="63082" pin="1"/><net_sink comp="63085" pin=0"/></net>

<net id="63090"><net_src comp="62953" pin="1"/><net_sink comp="63085" pin=1"/></net>

<net id="63098"><net_src comp="63091" pin="1"/><net_sink comp="63094" pin=0"/></net>

<net id="63099"><net_src comp="63085" pin="2"/><net_sink comp="63094" pin=1"/></net>

<net id="63104"><net_src comp="62937" pin="1"/><net_sink comp="63100" pin=0"/></net>

<net id="63105"><net_src comp="62639" pin="1"/><net_sink comp="63100" pin=1"/></net>

<net id="63110"><net_src comp="60172" pin="1"/><net_sink comp="63106" pin=0"/></net>

<net id="63111"><net_src comp="60216" pin="1"/><net_sink comp="63106" pin=1"/></net>

<net id="63115"><net_src comp="63106" pin="2"/><net_sink comp="63112" pin=0"/></net>

<net id="63120"><net_src comp="63112" pin="1"/><net_sink comp="63116" pin=0"/></net>

<net id="63121"><net_src comp="63100" pin="2"/><net_sink comp="63116" pin=1"/></net>

<net id="63129"><net_src comp="63122" pin="1"/><net_sink comp="63125" pin=0"/></net>

<net id="63130"><net_src comp="63116" pin="2"/><net_sink comp="63125" pin=1"/></net>

<net id="63135"><net_src comp="62703" pin="2"/><net_sink comp="63131" pin=0"/></net>

<net id="63136"><net_src comp="60200" pin="1"/><net_sink comp="63131" pin=1"/></net>

<net id="63141"><net_src comp="60232" pin="1"/><net_sink comp="63137" pin=0"/></net>

<net id="63142"><net_src comp="60260" pin="1"/><net_sink comp="63137" pin=1"/></net>

<net id="63146"><net_src comp="63137" pin="2"/><net_sink comp="63143" pin=0"/></net>

<net id="63151"><net_src comp="60280" pin="1"/><net_sink comp="63147" pin=0"/></net>

<net id="63152"><net_src comp="60292" pin="1"/><net_sink comp="63147" pin=1"/></net>

<net id="63156"><net_src comp="63147" pin="2"/><net_sink comp="63153" pin=0"/></net>

<net id="63161"><net_src comp="63153" pin="1"/><net_sink comp="63157" pin=0"/></net>

<net id="63162"><net_src comp="63143" pin="1"/><net_sink comp="63157" pin=1"/></net>

<net id="63167"><net_src comp="62998" pin="1"/><net_sink comp="63163" pin=0"/></net>

<net id="63168"><net_src comp="62717" pin="1"/><net_sink comp="63163" pin=1"/></net>

<net id="63173"><net_src comp="60248" pin="1"/><net_sink comp="63169" pin=0"/></net>

<net id="63174"><net_src comp="60308" pin="1"/><net_sink comp="63169" pin=1"/></net>

<net id="63178"><net_src comp="63169" pin="2"/><net_sink comp="63175" pin=0"/></net>

<net id="63183"><net_src comp="63175" pin="1"/><net_sink comp="63179" pin=0"/></net>

<net id="63184"><net_src comp="63163" pin="2"/><net_sink comp="63179" pin=1"/></net>

<net id="63192"><net_src comp="63185" pin="1"/><net_sink comp="63188" pin=0"/></net>

<net id="63193"><net_src comp="63179" pin="2"/><net_sink comp="63188" pin=1"/></net>

<net id="63198"><net_src comp="62972" pin="1"/><net_sink comp="63194" pin=0"/></net>

<net id="63199"><net_src comp="62709" pin="1"/><net_sink comp="63194" pin=1"/></net>

<net id="63204"><net_src comp="60240" pin="1"/><net_sink comp="63200" pin=0"/></net>

<net id="63205"><net_src comp="60332" pin="1"/><net_sink comp="63200" pin=1"/></net>

<net id="63209"><net_src comp="63200" pin="2"/><net_sink comp="63206" pin=0"/></net>

<net id="63214"><net_src comp="63206" pin="1"/><net_sink comp="63210" pin=0"/></net>

<net id="63215"><net_src comp="63194" pin="2"/><net_sink comp="63210" pin=1"/></net>

<net id="63220"><net_src comp="62650" pin="1"/><net_sink comp="63216" pin=0"/></net>

<net id="63221"><net_src comp="62750" pin="1"/><net_sink comp="63216" pin=1"/></net>

<net id="63229"><net_src comp="63222" pin="1"/><net_sink comp="63225" pin=0"/></net>

<net id="63230"><net_src comp="60300" pin="1"/><net_sink comp="63225" pin=1"/></net>

<net id="63234"><net_src comp="63225" pin="2"/><net_sink comp="63231" pin=0"/></net>

<net id="63239"><net_src comp="63231" pin="1"/><net_sink comp="63235" pin=0"/></net>

<net id="63240"><net_src comp="63216" pin="2"/><net_sink comp="63235" pin=1"/></net>

<net id="63244"><net_src comp="63235" pin="2"/><net_sink comp="63241" pin=0"/></net>

<net id="63249"><net_src comp="63241" pin="1"/><net_sink comp="63245" pin=0"/></net>

<net id="63250"><net_src comp="63210" pin="2"/><net_sink comp="63245" pin=1"/></net>

<net id="63255"><net_src comp="63016" pin="1"/><net_sink comp="63251" pin=0"/></net>

<net id="63256"><net_src comp="62721" pin="1"/><net_sink comp="63251" pin=1"/></net>

<net id="63261"><net_src comp="62776" pin="2"/><net_sink comp="63257" pin=0"/></net>

<net id="63262"><net_src comp="62682" pin="1"/><net_sink comp="63257" pin=1"/></net>

<net id="63267"><net_src comp="60252" pin="1"/><net_sink comp="63263" pin=0"/></net>

<net id="63268"><net_src comp="60300" pin="1"/><net_sink comp="63263" pin=1"/></net>

<net id="63272"><net_src comp="63263" pin="2"/><net_sink comp="63269" pin=0"/></net>

<net id="63280"><net_src comp="63273" pin="1"/><net_sink comp="63276" pin=0"/></net>

<net id="63281"><net_src comp="60344" pin="1"/><net_sink comp="63276" pin=1"/></net>

<net id="63285"><net_src comp="63276" pin="2"/><net_sink comp="63282" pin=0"/></net>

<net id="63290"><net_src comp="63282" pin="1"/><net_sink comp="63286" pin=0"/></net>

<net id="63291"><net_src comp="63269" pin="1"/><net_sink comp="63286" pin=1"/></net>

<net id="63296"><net_src comp="60204" pin="1"/><net_sink comp="63292" pin=0"/></net>

<net id="63297"><net_src comp="60236" pin="1"/><net_sink comp="63292" pin=1"/></net>

<net id="63301"><net_src comp="63292" pin="2"/><net_sink comp="63298" pin=0"/></net>

<net id="63306"><net_src comp="60324" pin="1"/><net_sink comp="63302" pin=0"/></net>

<net id="63307"><net_src comp="62732" pin="1"/><net_sink comp="63302" pin=1"/></net>

<net id="63311"><net_src comp="63302" pin="2"/><net_sink comp="63308" pin=0"/></net>

<net id="63316"><net_src comp="63308" pin="1"/><net_sink comp="63312" pin=0"/></net>

<net id="63317"><net_src comp="63298" pin="1"/><net_sink comp="63312" pin=1"/></net>

<net id="63322"><net_src comp="60328" pin="1"/><net_sink comp="63318" pin=0"/></net>

<net id="63323"><net_src comp="60356" pin="1"/><net_sink comp="63318" pin=1"/></net>

<net id="63327"><net_src comp="63318" pin="2"/><net_sink comp="63324" pin=0"/></net>

<net id="63332"><net_src comp="63324" pin="1"/><net_sink comp="63328" pin=0"/></net>

<net id="63333"><net_src comp="62787" pin="1"/><net_sink comp="63328" pin=1"/></net>

<net id="63338"><net_src comp="60244" pin="1"/><net_sink comp="63334" pin=0"/></net>

<net id="63339"><net_src comp="62736" pin="1"/><net_sink comp="63334" pin=1"/></net>

<net id="63343"><net_src comp="63334" pin="2"/><net_sink comp="63340" pin=0"/></net>

<net id="63348"><net_src comp="63340" pin="1"/><net_sink comp="63344" pin=0"/></net>

<net id="63349"><net_src comp="62713" pin="1"/><net_sink comp="63344" pin=1"/></net>

<net id="63354"><net_src comp="60360" pin="1"/><net_sink comp="63350" pin=0"/></net>

<net id="63355"><net_src comp="62791" pin="1"/><net_sink comp="63350" pin=1"/></net>

<net id="63363"><net_src comp="63356" pin="1"/><net_sink comp="63359" pin=0"/></net>

<net id="63364"><net_src comp="60336" pin="1"/><net_sink comp="63359" pin=1"/></net>

<net id="63368"><net_src comp="63359" pin="2"/><net_sink comp="63365" pin=0"/></net>

<net id="63373"><net_src comp="63365" pin="1"/><net_sink comp="63369" pin=0"/></net>

<net id="63374"><net_src comp="63350" pin="2"/><net_sink comp="63369" pin=1"/></net>

<net id="63379"><net_src comp="60340" pin="1"/><net_sink comp="63375" pin=0"/></net>

<net id="63380"><net_src comp="62817" pin="1"/><net_sink comp="63375" pin=1"/></net>

<net id="63385"><net_src comp="62832" pin="2"/><net_sink comp="63381" pin=0"/></net>

<net id="63386"><net_src comp="62803" pin="1"/><net_sink comp="63381" pin=1"/></net>

<net id="63390"><net_src comp="63381" pin="2"/><net_sink comp="63387" pin=0"/></net>

<net id="63395"><net_src comp="63387" pin="1"/><net_sink comp="63391" pin=0"/></net>

<net id="63396"><net_src comp="60312" pin="1"/><net_sink comp="63391" pin=1"/></net>

<net id="63401"><net_src comp="63057" pin="1"/><net_sink comp="63397" pin=0"/></net>

<net id="63402"><net_src comp="62795" pin="1"/><net_sink comp="63397" pin=1"/></net>

<net id="63407"><net_src comp="60224" pin="1"/><net_sink comp="63403" pin=0"/></net>

<net id="63408"><net_src comp="60288" pin="1"/><net_sink comp="63403" pin=1"/></net>

<net id="63412"><net_src comp="63403" pin="2"/><net_sink comp="63409" pin=0"/></net>

<net id="63417"><net_src comp="63409" pin="1"/><net_sink comp="63413" pin=0"/></net>

<net id="63418"><net_src comp="63397" pin="2"/><net_sink comp="63413" pin=1"/></net>

<net id="63423"><net_src comp="60368" pin="1"/><net_sink comp="63419" pin=0"/></net>

<net id="63424"><net_src comp="62740" pin="1"/><net_sink comp="63419" pin=1"/></net>

<net id="63429"><net_src comp="60348" pin="1"/><net_sink comp="63425" pin=0"/></net>

<net id="63430"><net_src comp="62729" pin="1"/><net_sink comp="63425" pin=1"/></net>

<net id="63434"><net_src comp="63425" pin="2"/><net_sink comp="63431" pin=0"/></net>

<net id="63439"><net_src comp="63431" pin="1"/><net_sink comp="63435" pin=0"/></net>

<net id="63440"><net_src comp="63419" pin="2"/><net_sink comp="63435" pin=1"/></net>

<net id="63444"><net_src comp="63435" pin="2"/><net_sink comp="63441" pin=0"/></net>

<net id="63449"><net_src comp="63441" pin="1"/><net_sink comp="63445" pin=0"/></net>

<net id="63450"><net_src comp="63413" pin="2"/><net_sink comp="63445" pin=1"/></net>

<net id="63455"><net_src comp="63078" pin="1"/><net_sink comp="63451" pin=0"/></net>

<net id="63456"><net_src comp="62725" pin="1"/><net_sink comp="63451" pin=1"/></net>

<net id="63461"><net_src comp="60276" pin="1"/><net_sink comp="63457" pin=0"/></net>

<net id="63462"><net_src comp="60352" pin="1"/><net_sink comp="63457" pin=1"/></net>

<net id="63466"><net_src comp="63457" pin="2"/><net_sink comp="63463" pin=0"/></net>

<net id="63471"><net_src comp="63463" pin="1"/><net_sink comp="63467" pin=0"/></net>

<net id="63472"><net_src comp="63451" pin="2"/><net_sink comp="63467" pin=1"/></net>

<net id="63477"><net_src comp="60256" pin="1"/><net_sink comp="63473" pin=0"/></net>

<net id="63478"><net_src comp="60320" pin="1"/><net_sink comp="63473" pin=1"/></net>

<net id="63483"><net_src comp="34644" pin="1"/><net_sink comp="63479" pin=0"/></net>

<net id="63484"><net_src comp="62838" pin="1"/><net_sink comp="63479" pin=1"/></net>

<net id="63488"><net_src comp="63479" pin="2"/><net_sink comp="63485" pin=0"/></net>

<net id="63493"><net_src comp="63485" pin="1"/><net_sink comp="63489" pin=0"/></net>

<net id="63494"><net_src comp="63473" pin="2"/><net_sink comp="63489" pin=1"/></net>

<net id="63498"><net_src comp="63489" pin="2"/><net_sink comp="63495" pin=0"/></net>

<net id="63503"><net_src comp="63495" pin="1"/><net_sink comp="63499" pin=0"/></net>

<net id="63504"><net_src comp="63467" pin="2"/><net_sink comp="63499" pin=1"/></net>

<net id="63508"><net_src comp="61608" pin="1"/><net_sink comp="63505" pin=0"/></net>

<net id="63512"><net_src comp="61616" pin="1"/><net_sink comp="63509" pin=0"/></net>

<net id="63516"><net_src comp="61620" pin="1"/><net_sink comp="63513" pin=0"/></net>

<net id="63520"><net_src comp="61624" pin="1"/><net_sink comp="63517" pin=0"/></net>

<net id="63524"><net_src comp="61628" pin="1"/><net_sink comp="63521" pin=0"/></net>

<net id="63528"><net_src comp="61632" pin="1"/><net_sink comp="63525" pin=0"/></net>

<net id="63532"><net_src comp="61640" pin="1"/><net_sink comp="63529" pin=0"/></net>

<net id="63536"><net_src comp="61644" pin="1"/><net_sink comp="63533" pin=0"/></net>

<net id="63559"><net_src comp="63552" pin="1"/><net_sink comp="63555" pin=0"/></net>

<net id="63560"><net_src comp="63540" pin="1"/><net_sink comp="63555" pin=1"/></net>

<net id="63568"><net_src comp="63561" pin="1"/><net_sink comp="63564" pin=0"/></net>

<net id="63569"><net_src comp="63555" pin="2"/><net_sink comp="63564" pin=1"/></net>

<net id="63573"><net_src comp="63564" pin="2"/><net_sink comp="63570" pin=0"/></net>

<net id="63587"><net_src comp="63580" pin="1"/><net_sink comp="63583" pin=0"/></net>

<net id="63595"><net_src comp="63588" pin="1"/><net_sink comp="63591" pin=0"/></net>

<net id="63596"><net_src comp="63583" pin="2"/><net_sink comp="63591" pin=1"/></net>

<net id="63600"><net_src comp="63591" pin="2"/><net_sink comp="63597" pin=0"/></net>

<net id="63605"><net_src comp="63543" pin="1"/><net_sink comp="63601" pin=0"/></net>

<net id="63606"><net_src comp="63517" pin="1"/><net_sink comp="63601" pin=1"/></net>

<net id="63611"><net_src comp="61612" pin="1"/><net_sink comp="63607" pin=0"/></net>

<net id="63612"><net_src comp="61636" pin="1"/><net_sink comp="63607" pin=1"/></net>

<net id="63616"><net_src comp="63607" pin="2"/><net_sink comp="63613" pin=0"/></net>

<net id="63621"><net_src comp="63613" pin="1"/><net_sink comp="63617" pin=0"/></net>

<net id="63622"><net_src comp="63601" pin="2"/><net_sink comp="63617" pin=1"/></net>

<net id="63630"><net_src comp="63623" pin="1"/><net_sink comp="63626" pin=0"/></net>

<net id="63631"><net_src comp="63617" pin="2"/><net_sink comp="63626" pin=1"/></net>

<net id="63635"><net_src comp="63626" pin="2"/><net_sink comp="63632" pin=0"/></net>

<net id="63640"><net_src comp="63546" pin="1"/><net_sink comp="63636" pin=0"/></net>

<net id="63641"><net_src comp="63509" pin="1"/><net_sink comp="63636" pin=1"/></net>

<net id="63649"><net_src comp="63642" pin="1"/><net_sink comp="63645" pin=0"/></net>

<net id="63650"><net_src comp="63636" pin="2"/><net_sink comp="63645" pin=1"/></net>

<net id="63654"><net_src comp="63645" pin="2"/><net_sink comp="63651" pin=0"/></net>

<net id="63659"><net_src comp="63577" pin="1"/><net_sink comp="63655" pin=0"/></net>

<net id="63660"><net_src comp="63529" pin="1"/><net_sink comp="63655" pin=1"/></net>

<net id="63664"><net_src comp="63655" pin="2"/><net_sink comp="63661" pin=0"/></net>

<net id="63669"><net_src comp="63537" pin="1"/><net_sink comp="63665" pin=0"/></net>

<net id="63670"><net_src comp="63505" pin="1"/><net_sink comp="63665" pin=1"/></net>

<net id="63678"><net_src comp="63671" pin="1"/><net_sink comp="63674" pin=0"/></net>

<net id="63679"><net_src comp="63665" pin="2"/><net_sink comp="63674" pin=1"/></net>

<net id="63687"><net_src comp="63680" pin="1"/><net_sink comp="63683" pin=0"/></net>

<net id="63688"><net_src comp="63674" pin="2"/><net_sink comp="63683" pin=1"/></net>

<net id="63692"><net_src comp="63683" pin="2"/><net_sink comp="63689" pin=0"/></net>

<net id="63700"><net_src comp="63693" pin="1"/><net_sink comp="63696" pin=0"/></net>

<net id="63701"><net_src comp="63574" pin="1"/><net_sink comp="63696" pin=1"/></net>

<net id="63705"><net_src comp="63696" pin="2"/><net_sink comp="63702" pin=0"/></net>

<net id="63710"><net_src comp="63549" pin="1"/><net_sink comp="63706" pin=0"/></net>

<net id="63711"><net_src comp="63513" pin="1"/><net_sink comp="63706" pin=1"/></net>

<net id="63719"><net_src comp="63712" pin="1"/><net_sink comp="63715" pin=0"/></net>

<net id="63720"><net_src comp="63706" pin="2"/><net_sink comp="63715" pin=1"/></net>

<net id="63724"><net_src comp="63715" pin="2"/><net_sink comp="63721" pin=0"/></net>

<net id="63729"><net_src comp="63597" pin="1"/><net_sink comp="63725" pin=0"/></net>

<net id="63730"><net_src comp="63533" pin="1"/><net_sink comp="63725" pin=1"/></net>

<net id="63734"><net_src comp="63725" pin="2"/><net_sink comp="63731" pin=0"/></net>

<net id="63745"><net_src comp="63570" pin="1"/><net_sink comp="63741" pin=0"/></net>

<net id="63746"><net_src comp="63521" pin="1"/><net_sink comp="63741" pin=1"/></net>

<net id="63751"><net_src comp="61648" pin="1"/><net_sink comp="63747" pin=0"/></net>

<net id="63752"><net_src comp="63525" pin="1"/><net_sink comp="63747" pin=1"/></net>

<net id="63756"><net_src comp="63747" pin="2"/><net_sink comp="63753" pin=0"/></net>

<net id="63761"><net_src comp="63753" pin="1"/><net_sink comp="63757" pin=0"/></net>

<net id="63762"><net_src comp="63741" pin="2"/><net_sink comp="63757" pin=1"/></net>

<net id="63766"><net_src comp="63757" pin="2"/><net_sink comp="63763" pin=0"/></net>

<net id="63771"><net_src comp="358" pin="0"/><net_sink comp="63767" pin=0"/></net>

<net id="63772"><net_src comp="63632" pin="1"/><net_sink comp="63767" pin=1"/></net>

<net id="63777"><net_src comp="63767" pin="2"/><net_sink comp="63773" pin=0"/></net>

<net id="63778"><net_src comp="63651" pin="1"/><net_sink comp="63773" pin=1"/></net>

<net id="63783"><net_src comp="63773" pin="2"/><net_sink comp="63779" pin=0"/></net>

<net id="63784"><net_src comp="63661" pin="1"/><net_sink comp="63779" pin=1"/></net>

<net id="63789"><net_src comp="63779" pin="2"/><net_sink comp="63785" pin=0"/></net>

<net id="63790"><net_src comp="63689" pin="1"/><net_sink comp="63785" pin=1"/></net>

<net id="63795"><net_src comp="63785" pin="2"/><net_sink comp="63791" pin=0"/></net>

<net id="63796"><net_src comp="63702" pin="1"/><net_sink comp="63791" pin=1"/></net>

<net id="63801"><net_src comp="63791" pin="2"/><net_sink comp="63797" pin=0"/></net>

<net id="63802"><net_src comp="63721" pin="1"/><net_sink comp="63797" pin=1"/></net>

<net id="63807"><net_src comp="63797" pin="2"/><net_sink comp="63803" pin=0"/></net>

<net id="63808"><net_src comp="63731" pin="1"/><net_sink comp="63803" pin=1"/></net>

<net id="63813"><net_src comp="63803" pin="2"/><net_sink comp="63809" pin=0"/></net>

<net id="63814"><net_src comp="63735" pin="1"/><net_sink comp="63809" pin=1"/></net>

<net id="63819"><net_src comp="63809" pin="2"/><net_sink comp="63815" pin=0"/></net>

<net id="63820"><net_src comp="63738" pin="1"/><net_sink comp="63815" pin=1"/></net>

<net id="63825"><net_src comp="63815" pin="2"/><net_sink comp="63821" pin=0"/></net>

<net id="63826"><net_src comp="63763" pin="1"/><net_sink comp="63821" pin=1"/></net>

<net id="63830"><net_src comp="360" pin="2"/><net_sink comp="63827" pin=0"/></net>

<net id="63831"><net_src comp="63827" pin="1"/><net_sink comp="62234" pin=0"/></net>

<net id="63832"><net_src comp="63827" pin="1"/><net_sink comp="62238" pin=0"/></net>

<net id="63833"><net_src comp="63827" pin="1"/><net_sink comp="62244" pin=0"/></net>

<net id="63834"><net_src comp="63827" pin="1"/><net_sink comp="62806" pin=0"/></net>

<net id="63835"><net_src comp="63827" pin="1"/><net_sink comp="62810" pin=0"/></net>

<net id="63836"><net_src comp="63827" pin="1"/><net_sink comp="62813" pin=0"/></net>

<net id="63837"><net_src comp="63827" pin="1"/><net_sink comp="62821" pin=1"/></net>

<net id="63841"><net_src comp="366" pin="2"/><net_sink comp="63838" pin=0"/></net>

<net id="63842"><net_src comp="63838" pin="1"/><net_sink comp="62205" pin=0"/></net>

<net id="63843"><net_src comp="63838" pin="1"/><net_sink comp="62208" pin=0"/></net>

<net id="63844"><net_src comp="63838" pin="1"/><net_sink comp="62215" pin=0"/></net>

<net id="63845"><net_src comp="63838" pin="1"/><net_sink comp="62219" pin=0"/></net>

<net id="63846"><net_src comp="63838" pin="1"/><net_sink comp="62230" pin=0"/></net>

<net id="63847"><net_src comp="63838" pin="1"/><net_sink comp="62799" pin=0"/></net>

<net id="63851"><net_src comp="372" pin="2"/><net_sink comp="63848" pin=0"/></net>

<net id="63852"><net_src comp="63848" pin="1"/><net_sink comp="62189" pin=0"/></net>

<net id="63853"><net_src comp="63848" pin="1"/><net_sink comp="62193" pin=0"/></net>

<net id="63854"><net_src comp="63848" pin="1"/><net_sink comp="62199" pin=0"/></net>

<net id="63855"><net_src comp="63848" pin="1"/><net_sink comp="62782" pin=0"/></net>

<net id="63859"><net_src comp="378" pin="2"/><net_sink comp="63856" pin=0"/></net>

<net id="63860"><net_src comp="63856" pin="1"/><net_sink comp="62151" pin=0"/></net>

<net id="63861"><net_src comp="63856" pin="1"/><net_sink comp="62157" pin=1"/></net>

<net id="63862"><net_src comp="63856" pin="1"/><net_sink comp="62168" pin=1"/></net>

<net id="63863"><net_src comp="63856" pin="1"/><net_sink comp="62744" pin=0"/></net>

<net id="63864"><net_src comp="63856" pin="1"/><net_sink comp="62754" pin=1"/></net>

<net id="63865"><net_src comp="63856" pin="1"/><net_sink comp="62765" pin=1"/></net>

<net id="63869"><net_src comp="384" pin="2"/><net_sink comp="63866" pin=0"/></net>

<net id="63870"><net_src comp="63866" pin="1"/><net_sink comp="62143" pin=0"/></net>

<net id="63874"><net_src comp="390" pin="2"/><net_sink comp="63871" pin=0"/></net>

<net id="63875"><net_src comp="63871" pin="1"/><net_sink comp="62096" pin=0"/></net>

<net id="63876"><net_src comp="63871" pin="1"/><net_sink comp="62103" pin=0"/></net>

<net id="63877"><net_src comp="63871" pin="1"/><net_sink comp="62109" pin=1"/></net>

<net id="63878"><net_src comp="63871" pin="1"/><net_sink comp="62126" pin=1"/></net>

<net id="63882"><net_src comp="396" pin="2"/><net_sink comp="63879" pin=0"/></net>

<net id="63883"><net_src comp="63879" pin="1"/><net_sink comp="62033" pin=0"/></net>

<net id="63884"><net_src comp="63879" pin="1"/><net_sink comp="62041" pin=0"/></net>

<net id="63885"><net_src comp="63879" pin="1"/><net_sink comp="62047" pin=1"/></net>

<net id="63886"><net_src comp="63879" pin="1"/><net_sink comp="62064" pin=1"/></net>

<net id="63887"><net_src comp="63879" pin="1"/><net_sink comp="62075" pin=1"/></net>

<net id="63891"><net_src comp="402" pin="2"/><net_sink comp="63888" pin=0"/></net>

<net id="63892"><net_src comp="63888" pin="1"/><net_sink comp="62001" pin=1"/></net>

<net id="63893"><net_src comp="63888" pin="1"/><net_sink comp="62012" pin=1"/></net>

<net id="63897"><net_src comp="408" pin="2"/><net_sink comp="63894" pin=0"/></net>

<net id="63898"><net_src comp="63894" pin="1"/><net_sink comp="62643" pin=1"/></net>

<net id="63899"><net_src comp="63894" pin="1"/><net_sink comp="62654" pin=1"/></net>

<net id="63900"><net_src comp="63894" pin="1"/><net_sink comp="62665" pin=1"/></net>

<net id="63901"><net_src comp="63894" pin="1"/><net_sink comp="62692" pin=1"/></net>

<net id="63905"><net_src comp="420" pin="2"/><net_sink comp="63902" pin=0"/></net>

<net id="63906"><net_src comp="63902" pin="1"/><net_sink comp="61976" pin=0"/></net>

<net id="63907"><net_src comp="63902" pin="1"/><net_sink comp="61981" pin=0"/></net>

<net id="63911"><net_src comp="438" pin="2"/><net_sink comp="63908" pin=0"/></net>

<net id="63912"><net_src comp="63908" pin="1"/><net_sink comp="61925" pin=0"/></net>

<net id="63913"><net_src comp="63908" pin="1"/><net_sink comp="61929" pin=1"/></net>

<net id="63914"><net_src comp="63908" pin="1"/><net_sink comp="61940" pin=1"/></net>

<net id="63918"><net_src comp="61660" pin="1"/><net_sink comp="63915" pin=0"/></net>

<net id="63919"><net_src comp="63915" pin="1"/><net_sink comp="457" pin=0"/></net>

<net id="63920"><net_src comp="63915" pin="1"/><net_sink comp="544" pin=0"/></net>

<net id="63924"><net_src comp="61727" pin="1"/><net_sink comp="63921" pin=0"/></net>

<net id="63925"><net_src comp="63921" pin="1"/><net_sink comp="549" pin=0"/></net>

<net id="63926"><net_src comp="63921" pin="1"/><net_sink comp="498" pin=0"/></net>

<net id="63930"><net_src comp="61732" pin="1"/><net_sink comp="63927" pin=0"/></net>

<net id="63931"><net_src comp="63927" pin="1"/><net_sink comp="597" pin=0"/></net>

<net id="63932"><net_src comp="63927" pin="1"/><net_sink comp="507" pin=0"/></net>

<net id="63936"><net_src comp="61763" pin="2"/><net_sink comp="63933" pin=0"/></net>

<net id="63937"><net_src comp="63933" pin="1"/><net_sink comp="61961" pin=0"/></net>

<net id="63941"><net_src comp="61784" pin="1"/><net_sink comp="63938" pin=0"/></net>

<net id="63942"><net_src comp="63938" pin="1"/><net_sink comp="561" pin=0"/></net>

<net id="63943"><net_src comp="63938" pin="1"/><net_sink comp="542" pin=0"/></net>

<net id="63947"><net_src comp="61789" pin="1"/><net_sink comp="63944" pin=0"/></net>

<net id="63948"><net_src comp="63944" pin="1"/><net_sink comp="550" pin=0"/></net>

<net id="63949"><net_src comp="63944" pin="1"/><net_sink comp="552" pin=0"/></net>

<net id="63950"><net_src comp="63944" pin="1"/><net_sink comp="472" pin=0"/></net>

<net id="63951"><net_src comp="63944" pin="1"/><net_sink comp="505" pin=0"/></net>

<net id="63955"><net_src comp="61794" pin="1"/><net_sink comp="63952" pin=0"/></net>

<net id="63956"><net_src comp="63952" pin="1"/><net_sink comp="519" pin=0"/></net>

<net id="63957"><net_src comp="63952" pin="1"/><net_sink comp="479" pin=0"/></net>

<net id="63958"><net_src comp="63952" pin="1"/><net_sink comp="482" pin=0"/></net>

<net id="63962"><net_src comp="61802" pin="1"/><net_sink comp="63959" pin=0"/></net>

<net id="63963"><net_src comp="63959" pin="1"/><net_sink comp="524" pin=0"/></net>

<net id="63964"><net_src comp="63959" pin="1"/><net_sink comp="487" pin=0"/></net>

<net id="63965"><net_src comp="63959" pin="1"/><net_sink comp="548" pin=0"/></net>

<net id="63969"><net_src comp="61825" pin="1"/><net_sink comp="63966" pin=0"/></net>

<net id="63970"><net_src comp="63966" pin="1"/><net_sink comp="489" pin=0"/></net>

<net id="63974"><net_src comp="61854" pin="1"/><net_sink comp="63971" pin=0"/></net>

<net id="63975"><net_src comp="63971" pin="1"/><net_sink comp="474" pin=0"/></net>

<net id="63976"><net_src comp="63971" pin="1"/><net_sink comp="565" pin=0"/></net>

<net id="63980"><net_src comp="61880" pin="1"/><net_sink comp="63977" pin=0"/></net>

<net id="63981"><net_src comp="63977" pin="1"/><net_sink comp="483" pin=0"/></net>

<net id="63982"><net_src comp="63977" pin="1"/><net_sink comp="514" pin=0"/></net>

<net id="63986"><net_src comp="61891" pin="1"/><net_sink comp="63983" pin=0"/></net>

<net id="63987"><net_src comp="63983" pin="1"/><net_sink comp="473" pin=0"/></net>

<net id="63988"><net_src comp="63983" pin="1"/><net_sink comp="596" pin=0"/></net>

<net id="63992"><net_src comp="61919" pin="2"/><net_sink comp="63989" pin=0"/></net>

<net id="63993"><net_src comp="63989" pin="1"/><net_sink comp="62314" pin=0"/></net>

<net id="63997"><net_src comp="62137" pin="2"/><net_sink comp="63994" pin=0"/></net>

<net id="63998"><net_src comp="63994" pin="1"/><net_sink comp="62729" pin=0"/></net>

<net id="64002"><net_src comp="62224" pin="2"/><net_sink comp="63999" pin=0"/></net>

<net id="64003"><net_src comp="63999" pin="1"/><net_sink comp="62803" pin=0"/></net>

<net id="64007"><net_src comp="62244" pin="1"/><net_sink comp="64004" pin=0"/></net>

<net id="64008"><net_src comp="64004" pin="1"/><net_sink comp="511" pin=0"/></net>

<net id="64009"><net_src comp="64004" pin="1"/><net_sink comp="454" pin=0"/></net>

<net id="64013"><net_src comp="62274" pin="2"/><net_sink comp="64010" pin=0"/></net>

<net id="64014"><net_src comp="64010" pin="1"/><net_sink comp="62852" pin=0"/></net>

<net id="64018"><net_src comp="62290" pin="2"/><net_sink comp="64015" pin=0"/></net>

<net id="64019"><net_src comp="64015" pin="1"/><net_sink comp="62865" pin=0"/></net>

<net id="64023"><net_src comp="62296" pin="2"/><net_sink comp="64020" pin=0"/></net>

<net id="64024"><net_src comp="64020" pin="1"/><net_sink comp="62868" pin=0"/></net>

<net id="64028"><net_src comp="62302" pin="2"/><net_sink comp="64025" pin=0"/></net>

<net id="64029"><net_src comp="64025" pin="1"/><net_sink comp="62871" pin=0"/></net>

<net id="64033"><net_src comp="62308" pin="2"/><net_sink comp="64030" pin=0"/></net>

<net id="64034"><net_src comp="64030" pin="1"/><net_sink comp="62874" pin=0"/></net>

<net id="64038"><net_src comp="62323" pin="2"/><net_sink comp="64035" pin=0"/></net>

<net id="64039"><net_src comp="64035" pin="1"/><net_sink comp="62887" pin=0"/></net>

<net id="64043"><net_src comp="62355" pin="2"/><net_sink comp="64040" pin=0"/></net>

<net id="64044"><net_src comp="64040" pin="1"/><net_sink comp="62890" pin=0"/></net>

<net id="64048"><net_src comp="62397" pin="2"/><net_sink comp="64045" pin=0"/></net>

<net id="64049"><net_src comp="64045" pin="1"/><net_sink comp="62963" pin=0"/></net>

<net id="64053"><net_src comp="62419" pin="2"/><net_sink comp="64050" pin=0"/></net>

<net id="64054"><net_src comp="64050" pin="1"/><net_sink comp="62998" pin=0"/></net>

<net id="64058"><net_src comp="62435" pin="2"/><net_sink comp="64055" pin=0"/></net>

<net id="64059"><net_src comp="64055" pin="1"/><net_sink comp="63007" pin=0"/></net>

<net id="64063"><net_src comp="62451" pin="2"/><net_sink comp="64060" pin=0"/></net>

<net id="64064"><net_src comp="64060" pin="1"/><net_sink comp="63048" pin=0"/></net>

<net id="64068"><net_src comp="62473" pin="2"/><net_sink comp="64065" pin=0"/></net>

<net id="64069"><net_src comp="64065" pin="1"/><net_sink comp="63057" pin=0"/></net>

<net id="64073"><net_src comp="62479" pin="2"/><net_sink comp="64070" pin=0"/></net>

<net id="64074"><net_src comp="64070" pin="1"/><net_sink comp="63060" pin=0"/></net>

<net id="64078"><net_src comp="62495" pin="2"/><net_sink comp="64075" pin=0"/></net>

<net id="64079"><net_src comp="64075" pin="1"/><net_sink comp="63069" pin=0"/></net>

<net id="64083"><net_src comp="62501" pin="2"/><net_sink comp="64080" pin=0"/></net>

<net id="64084"><net_src comp="64080" pin="1"/><net_sink comp="63082" pin=0"/></net>

<net id="64088"><net_src comp="62527" pin="2"/><net_sink comp="64085" pin=0"/></net>

<net id="64089"><net_src comp="64085" pin="1"/><net_sink comp="63091" pin=0"/></net>

<net id="64093"><net_src comp="62553" pin="2"/><net_sink comp="64090" pin=0"/></net>

<net id="64094"><net_src comp="64090" pin="1"/><net_sink comp="63122" pin=0"/></net>

<net id="64098"><net_src comp="62579" pin="2"/><net_sink comp="64095" pin=0"/></net>

<net id="64099"><net_src comp="64095" pin="1"/><net_sink comp="63185" pin=0"/></net>

<net id="64103"><net_src comp="62585" pin="2"/><net_sink comp="64100" pin=0"/></net>

<net id="64104"><net_src comp="64100" pin="1"/><net_sink comp="63222" pin=0"/></net>

<net id="64108"><net_src comp="62591" pin="2"/><net_sink comp="64105" pin=0"/></net>

<net id="64109"><net_src comp="64105" pin="1"/><net_sink comp="63273" pin=0"/></net>

<net id="64113"><net_src comp="62597" pin="2"/><net_sink comp="64110" pin=0"/></net>

<net id="64114"><net_src comp="64110" pin="1"/><net_sink comp="63356" pin=0"/></net>

<net id="64118"><net_src comp="62992" pin="2"/><net_sink comp="64115" pin=0"/></net>

<net id="64119"><net_src comp="64115" pin="1"/><net_sink comp="63537" pin=0"/></net>

<net id="64123"><net_src comp="63036" pin="2"/><net_sink comp="64120" pin=0"/></net>

<net id="64124"><net_src comp="64120" pin="1"/><net_sink comp="63540" pin=0"/></net>

<net id="64128"><net_src comp="63051" pin="2"/><net_sink comp="64125" pin=0"/></net>

<net id="64129"><net_src comp="64125" pin="1"/><net_sink comp="63543" pin=0"/></net>

<net id="64133"><net_src comp="63094" pin="2"/><net_sink comp="64130" pin=0"/></net>

<net id="64134"><net_src comp="64130" pin="1"/><net_sink comp="63546" pin=0"/></net>

<net id="64138"><net_src comp="63125" pin="2"/><net_sink comp="64135" pin=0"/></net>

<net id="64139"><net_src comp="64135" pin="1"/><net_sink comp="63549" pin=0"/></net>

<net id="64143"><net_src comp="63131" pin="2"/><net_sink comp="64140" pin=0"/></net>

<net id="64144"><net_src comp="64140" pin="1"/><net_sink comp="63552" pin=0"/></net>

<net id="64148"><net_src comp="63157" pin="2"/><net_sink comp="64145" pin=0"/></net>

<net id="64149"><net_src comp="64145" pin="1"/><net_sink comp="63561" pin=0"/></net>

<net id="64153"><net_src comp="63188" pin="2"/><net_sink comp="64150" pin=0"/></net>

<net id="64154"><net_src comp="64150" pin="1"/><net_sink comp="63574" pin=0"/></net>

<net id="64158"><net_src comp="63245" pin="2"/><net_sink comp="64155" pin=0"/></net>

<net id="64159"><net_src comp="64155" pin="1"/><net_sink comp="63577" pin=0"/></net>

<net id="64163"><net_src comp="63251" pin="2"/><net_sink comp="64160" pin=0"/></net>

<net id="64164"><net_src comp="64160" pin="1"/><net_sink comp="63583" pin=1"/></net>

<net id="64168"><net_src comp="63257" pin="2"/><net_sink comp="64165" pin=0"/></net>

<net id="64169"><net_src comp="64165" pin="1"/><net_sink comp="63580" pin=0"/></net>

<net id="64173"><net_src comp="63286" pin="2"/><net_sink comp="64170" pin=0"/></net>

<net id="64174"><net_src comp="64170" pin="1"/><net_sink comp="63588" pin=0"/></net>

<net id="64178"><net_src comp="63312" pin="2"/><net_sink comp="64175" pin=0"/></net>

<net id="64179"><net_src comp="64175" pin="1"/><net_sink comp="63623" pin=0"/></net>

<net id="64183"><net_src comp="63328" pin="2"/><net_sink comp="64180" pin=0"/></net>

<net id="64184"><net_src comp="64180" pin="1"/><net_sink comp="63642" pin=0"/></net>

<net id="64188"><net_src comp="63344" pin="2"/><net_sink comp="64185" pin=0"/></net>

<net id="64189"><net_src comp="64185" pin="1"/><net_sink comp="63671" pin=0"/></net>

<net id="64193"><net_src comp="63369" pin="2"/><net_sink comp="64190" pin=0"/></net>

<net id="64194"><net_src comp="64190" pin="1"/><net_sink comp="63680" pin=0"/></net>

<net id="64198"><net_src comp="63375" pin="2"/><net_sink comp="64195" pin=0"/></net>

<net id="64199"><net_src comp="64195" pin="1"/><net_sink comp="63693" pin=0"/></net>

<net id="64203"><net_src comp="63391" pin="2"/><net_sink comp="64200" pin=0"/></net>

<net id="64204"><net_src comp="64200" pin="1"/><net_sink comp="63712" pin=0"/></net>

<net id="64208"><net_src comp="63445" pin="2"/><net_sink comp="64205" pin=0"/></net>

<net id="64209"><net_src comp="64205" pin="1"/><net_sink comp="63735" pin=0"/></net>

<net id="64213"><net_src comp="63499" pin="2"/><net_sink comp="64210" pin=0"/></net>

<net id="64214"><net_src comp="64210" pin="1"/><net_sink comp="63738" pin=0"/></net>

</net_list>

</model> 
---------------- Datapath Model END ------------------

* FSMD analyzer results:
  - Output states:
	Port: data_0_val1 | {}
	Port: data_1_val2 | {}
	Port: data_2_val3 | {}
	Port: data_3_val4 | {}
	Port: data_4_val5 | {}
	Port: data_5_val6 | {}
	Port: data_6_val7 | {}
	Port: data_7_val8 | {}
	Port: data_8_val9 | {}
	Port: data_9_val10 | {}
	Port: data_10_val11 | {}
	Port: data_11_val12 | {}
	Port: data_12_val13 | {}
	Port: data_13_val14 | {}
	Port: data_14_val15 | {}
 - Input state : 
	Port: dense_latency_wrapper<ap_fixed,ap_fixed<37,17,5,3,0>,config17> : data_0_val1 | {1 }
	Port: dense_latency_wrapper<ap_fixed,ap_fixed<37,17,5,3,0>,config17> : data_1_val2 | {1 }
	Port: dense_latency_wrapper<ap_fixed,ap_fixed<37,17,5,3,0>,config17> : data_2_val3 | {1 }
	Port: dense_latency_wrapper<ap_fixed,ap_fixed<37,17,5,3,0>,config17> : data_3_val4 | {1 }
	Port: dense_latency_wrapper<ap_fixed,ap_fixed<37,17,5,3,0>,config17> : data_4_val5 | {1 }
	Port: dense_latency_wrapper<ap_fixed,ap_fixed<37,17,5,3,0>,config17> : data_5_val6 | {1 }
	Port: dense_latency_wrapper<ap_fixed,ap_fixed<37,17,5,3,0>,config17> : data_6_val7 | {1 }
	Port: dense_latency_wrapper<ap_fixed,ap_fixed<37,17,5,3,0>,config17> : data_7_val8 | {1 }
	Port: dense_latency_wrapper<ap_fixed,ap_fixed<37,17,5,3,0>,config17> : data_8_val9 | {1 }
	Port: dense_latency_wrapper<ap_fixed,ap_fixed<37,17,5,3,0>,config17> : data_9_val10 | {1 }
	Port: dense_latency_wrapper<ap_fixed,ap_fixed<37,17,5,3,0>,config17> : data_10_val11 | {1 }
	Port: dense_latency_wrapper<ap_fixed,ap_fixed<37,17,5,3,0>,config17> : data_11_val12 | {1 }
	Port: dense_latency_wrapper<ap_fixed,ap_fixed<37,17,5,3,0>,config17> : data_12_val13 | {1 }
	Port: dense_latency_wrapper<ap_fixed,ap_fixed<37,17,5,3,0>,config17> : data_13_val14 | {1 }
	Port: dense_latency_wrapper<ap_fixed,ap_fixed<37,17,5,3,0>,config17> : data_14_val15 | {1 }
  - Chain level:
	State 1
		mul_ln73_41 : 1
		mul_ln73_42 : 1
		mul_ln73_43 : 1
		mul_ln73_44 : 1
		mul_ln73_45 : 1
		mul_ln73_46 : 1
		sext_ln73_31 : 1
		sext_ln73_32 : 1
		mul_ln73_47 : 1
		mul_ln73_49 : 1
		mul_ln73_50 : 1
		mul_ln73_51 : 1
		mul_ln73_52 : 1
		mul_ln73_53 : 1
		mul_ln73_54 : 1
		sext_ln73_37 : 1
		mul_ln73_55 : 1
		mul_ln73_59 : 1
		mul_ln73_60 : 1
		sext_ln73_39 : 1
		sext_ln73_40 : 1
		sub_ln73_8 : 2
		mul_ln73_62 : 1
		mul_ln73_63 : 1
		mul_ln73_64 : 1
		mul_ln73_70 : 1
		mul_ln73_72 : 1
		mul_ln73_73 : 1
		mul_ln73_74 : 1
		mul_ln73_78 : 1
		mul_ln73_80 : 1
		mul_ln73_83 : 1
		mul_ln73_84 : 1
		mul_ln73_86 : 1
		mul_ln73_87 : 1
		mul_ln73_88 : 1
		mul_ln73_90 : 1
		mul_ln73_92 : 1
		mul_ln73_93 : 1
		mul_ln73_94 : 1
		mul_ln73_96 : 1
		mul_ln73_97 : 1
		mul_ln73_99 : 1
		mul_ln73_100 : 1
		mul_ln73_101 : 1
		mul_ln73_102 : 1
		mul_ln73_103 : 1
		mul_ln73_104 : 1
		mul_ln73_106 : 1
		mul_ln73_107 : 1
		mul_ln73_108 : 1
		mul_ln73_109 : 1
		mul_ln73_110 : 1
		mul_ln73_121 : 1
		mul_ln73_125 : 1
		mul_ln73_130 : 1
		mul_ln73_131 : 1
		mul_ln73_133 : 1
		mul_ln73_134 : 1
		mul_ln73_135 : 1
		mul_ln73_142 : 1
		mul_ln73_145 : 1
		add_ln58_60 : 2
		add_ln58_61 : 2
		zext_ln58 : 3
		add_ln58_62 : 4
	State 2
		sext_ln73_33 : 1
		sext_ln73_34 : 1
		add_ln73 : 2
		mul_ln73_56 : 1
		mul_ln73_77 : 1
		mul_ln73_79 : 1
		mul_ln73_81 : 1
		sext_ln73_64 : 1
		sext_ln73_65 : 1
		add_ln73_1 : 2
		sext_ln73_66 : 3
		mul_ln73_112 : 1
		sext_ln73_67 : 1
		add_ln73_2 : 2
		sext_ln73_68 : 1
		sext_ln73_69 : 1
		sub_ln73_12 : 2
		sext_ln73_70 : 3
		mul_ln73_113 : 1
		mul_ln73_114 : 1
		mul_ln73_115 : 1
		mul_ln73_116 : 1
		mul_ln73_117 : 1
		mul_ln73_118 : 1
		mul_ln73_119 : 1
		mul_ln73_120 : 1
		mul_ln73_122 : 1
		mul_ln73_123 : 1
		mul_ln73_124 : 1
		mul_ln73_126 : 1
		sext_ln73_75 : 1
		sub_ln73_13 : 2
		sext_ln73_76 : 1
		sub_ln73_14 : 3
		mul_ln73_127 : 1
		mul_ln73_128 : 1
		mul_ln73_137 : 1
		mul_ln73_141 : 1
		sext_ln73_84 : 1
		sext_ln73_85 : 1
		sub_ln73_15 : 2
		sext_ln73_86 : 3
		mul_ln73_144 : 1
		mul_ln73_146 : 1
		mul_ln73_148 : 1
		mul_ln73_149 : 1
		mul_ln73_150 : 1
		mul_ln73_151 : 1
		mul_ln73_152 : 1
		mul_ln73_153 : 1
		mul_ln73_154 : 1
		mul_ln73_156 : 1
		mul_ln73_157 : 1
		mul_ln73_158 : 1
		mul_ln73_159 : 1
		mul_ln73_160 : 1
		sub_ln73 : 1
		mul_ln73_161 : 1
		mul_ln73_162 : 1
		mul_ln73_163 : 1
		mul_ln73_166 : 1
		mul_ln73_168 : 1
		mul_ln73_169 : 1
		mul_ln73_171 : 1
		mul_ln73_172 : 1
		sext_ln58_21 : 1
		sext_ln58_23 : 1
		add_ln58_53 : 3
		sext_ln58_52 : 1
		add_ln58_56 : 2
		add_ln58_57 : 2
		add_ln58_58 : 2
		add_ln58_64 : 1
		add_ln58_65 : 2
		add_ln58_66 : 1
		sext_ln58_65 : 2
		add_ln58_67 : 3
		sext_ln58_33 : 4
		add_ln58_68 : 1
		add_ln58_69 : 2
		add_ln58_76 : 1
		add_ln58_77 : 2
		sext_ln58_38 : 3
		add_ln58_80 : 4
		sext_ln58_40 : 5
		add_ln58_82 : 1
		sext_ln58_66 : 2
		add_ln58_83 : 3
		add_ln58_88 : 5
		sext_ln58_69 : 1
		add_ln58_90 : 6
		add_ln58_92 : 1
		sext_ln58_70 : 2
		add_ln58_93 : 3
		sext_ln58_73 : 1
		add_ln58_100 : 2
		add_ln58_102 : 6
		add_ln58_103 : 1
		sext_ln58_75 : 2
		add_ln58_104 : 7
		sext_ln58_77 : 1
		add_ln58_108 : 2
		add_ln58_110 : 3
		sext_ln58_80 : 1
		sext_ln58_81 : 1
		add_ln58_114 : 2
		sext_ln58_84 : 1
		add_ln58_120 : 1
		sext_ln58_85 : 2
		add_ln58_121 : 3
		sext_ln58_92 : 1
		sext_ln58_93 : 1
		add_ln58_134 : 2
		add_ln58_140 : 4
		add_ln58_148 : 4
		add_ln58_169 : 4
	State 3
		sext_ln42 : 1
		sext_ln73_58 : 1
		sext_ln73_59 : 1
		sub_ln73_9 : 2
		sext_ln73_60 : 3
		sub_ln73_10 : 2
		sext_ln73_62 : 1
		sub_ln73_11 : 3
		mul_ln73_139 : 1
		mul_ln73_140 : 1
		mul_ln73_143 : 1
		sext_ln73_88 : 1
		sext_ln73_89 : 1
		sub_ln73_16 : 2
		mul_ln73_147 : 1
		mul_ln73_155 : 1
		mul_ln73_164 : 1
		mul_ln73_167 : 1
		sext_ln73_99 : 1
		add_ln73_3 : 2
		mul_ln73_170 : 1
		sext_ln58_24 : 1
		add_ln58_54 : 1
		sext_ln58_25 : 2
		add_ln58_63 : 1
		sext_ln58_31 : 2
		add_ln58_70 : 2
		add_ln58_71 : 3
		sext_ln58_35 : 4
		add_ln58_72 : 3
		add_ln58_73 : 4
		sext_ln58_36 : 5
		add_ln58_74 : 1
		add_ln58_75 : 2
		sext_ln58_37 : 3
		add_ln58_78 : 3
		add_ln58_79 : 4
		sext_ln58_39 : 5
		add_ln58_81 : 1
		add_ln58_84 : 2
		sext_ln58_41 : 3
		add_ln58_85 : 1
		sext_ln58_68 : 1
		add_ln58_87 : 2
		add_ln58_91 : 1
		add_ln58_94 : 2
		sext_ln58_44 : 3
		add_ln58_95 : 5
		sext_ln58_72 : 1
		add_ln58_97 : 6
		add_ln58_98 : 6
		add_ln58_101 : 7
		add_ln58_106 : 1
		add_ln58_109 : 2
		sext_ln58_48 : 3
		add_ln58_111 : 6
		add_ln58_115 : 7
		add_ln58_116 : 4
		sext_ln58_83 : 1
		add_ln58_118 : 5
		add_ln58_122 : 6
		add_ln58_123 : 4
		sext_ln58_88 : 1
		sext_ln58_89 : 1
		add_ln58_127 : 2
		add_ln58_129 : 1
		sext_ln58_91 : 1
		add_ln58_131 : 2
		add_ln58_135 : 3
		add_ln58_136 : 4
		sext_ln58_95 : 1
		add_ln58_138 : 5
		add_ln58_139 : 2
		add_ln58_141 : 1
		sext_ln58_97 : 2
		add_ln58_142 : 3
		sext_ln58_98 : 4
		add_ln58_143 : 6
		add_ln58_144 : 4
		add_ln58_145 : 4
		sext_ln58_100 : 1
		add_ln58_149 : 1
		sext_ln58_102 : 2
		add_ln58_150 : 3
		sext_ln58_105 : 1
		add_ln58_156 : 1
		sext_ln58_106 : 2
		add_ln58_157 : 3
		sext_ln58_108 : 1
		add_ln58_161 : 2
		add_ln58_165 : 1
		sext_ln58_110 : 2
		add_ln58_166 : 3
		add_ln58_168 : 1
		add_ln58_170 : 1
		sext_ln58_113 : 2
		add_ln58_171 : 3
		add_ln58_173 : 1
		add_ln58_176 : 3
		sext_ln58_116 : 4
		add_ln58_177 : 5
		add_ln58_180 : 1
		sext_ln58_118 : 1
		add_ln58_182 : 2
		add_ln58_183 : 1
		add_ln58_184 : 1
		sext_ln58_119 : 2
		add_ln58_185 : 3
		sext_ln58_120 : 4
		add_ln58_186 : 5
		add_ln58_187 : 4
		sext_ln58_121 : 1
		add_ln58_189 : 5
		add_ln58_191 : 1
		sext_ln58_122 : 2
		add_ln58_192 : 3
		sext_ln58_123 : 4
		add_ln58_193 : 6
	State 4
		add_ln58_124 : 1
		add_ln58_128 : 2
		sext_ln58_51 : 3
		add_ln58_146 : 1
		add_ln58_151 : 2
		sext_ln58_55 : 3
		add_ln58_152 : 1
		sext_ln58_104 : 1
		add_ln58_154 : 2
		add_ln58_158 : 3
		sext_ln58_56 : 4
		add_ln58_159 : 1
		add_ln58_162 : 2
		sext_ln58_57 : 3
		add_ln58_163 : 1
		sext_ln58_58 : 2
		add_ln58_164 : 1
		add_ln58_167 : 2
		add_ln58_172 : 3
		sext_ln58_59 : 4
		add_ln58_174 : 1
		sext_ln58_60 : 2
		add_ln58_175 : 1
		add_ln58_178 : 2
		sext_ln58_61 : 3
		add_ln58_179 : 4
		sext_ln58_62 : 5
		add_ln58_194 : 4
		add_ln58_196 : 1
		sext_ln58_124 : 2
		add_ln58_195 : 5
		sext_ln18 : 6
		mrv : 5
		mrv_1 : 6
		mrv_2 : 7
		mrv_3 : 8
		mrv_4 : 9
		mrv_5 : 10
		mrv_6 : 11
		mrv_7 : 12
		mrv_8 : 13
		mrv_9 : 14
		ret_ln18 : 15


============================================================
+ Verbose Summary: Datapath Resource usage 
============================================================

* Functional unit list:
|----------|--------------------------------|---------|---------|---------|
| Operation|         Functional Unit        |   DSP   |    FF   |   LUT   |
|----------|--------------------------------|---------|---------|---------|
|          |      add_ln58_60_fu_61903      |    0    |    0    |    22   |
|          |      add_ln58_61_fu_61909      |    0    |    0    |    25   |
|          |      add_ln58_62_fu_61919      |    0    |    0    |    23   |
|          |        add_ln73_fu_61951       |    0    |    0    |    22   |
|          |       add_ln73_1_fu_62023      |    0    |    0    |    29   |
|          |       add_ln73_2_fu_62058      |    0    |    0    |    24   |
|          |        add_ln58_fu_62248       |    0    |    0    |    32   |
|          |      add_ln58_50_fu_62258      |    0    |    0    |    25   |
|          |      add_ln58_51_fu_62264      |    0    |    0    |    30   |
|          |      add_ln58_53_fu_62274      |    0    |    0    |    23   |
|          |      add_ln58_55_fu_62280      |    0    |    0    |    28   |
|          |      add_ln58_56_fu_62290      |    0    |    0    |    30   |
|          |      add_ln58_57_fu_62296      |    0    |    0    |    33   |
|          |      add_ln58_58_fu_62302      |    0    |    0    |    32   |
|          |      add_ln58_59_fu_62308      |    0    |    0    |    33   |
|          |      add_ln58_64_fu_62317      |    0    |    0    |    26   |
|          |      add_ln58_65_fu_62323      |    0    |    0    |    26   |
|          |      add_ln58_66_fu_62329      |    0    |    0    |    25   |
|          |      add_ln58_67_fu_62339      |    0    |    0    |    33   |
|          |      add_ln58_68_fu_62349      |    0    |    0    |    26   |
|          |      add_ln58_69_fu_62355      |    0    |    0    |    26   |
|          |      add_ln58_76_fu_62361      |    0    |    0    |    25   |
|          |      add_ln58_77_fu_62367      |    0    |    0    |    25   |
|          |      add_ln58_80_fu_62377      |    0    |    0    |    33   |
|          |      add_ln58_82_fu_62387      |    0    |    0    |    32   |
|          |      add_ln58_83_fu_62397      |    0    |    0    |    33   |
|          |      add_ln58_88_fu_62403      |    0    |    0    |    26   |
|          |      add_ln58_89_fu_62409      |    0    |    0    |    33   |
|          |      add_ln58_90_fu_62419      |    0    |    0    |    27   |
|          |      add_ln58_92_fu_62425      |    0    |    0    |    31   |
|          |      add_ln58_93_fu_62435      |    0    |    0    |    33   |
|          |      add_ln58_99_fu_62441      |    0    |    0    |    32   |
|          |      add_ln58_100_fu_62451     |    0    |    0    |    32   |
|          |      add_ln58_102_fu_62457     |    0    |    0    |    26   |
|          |      add_ln58_103_fu_62463     |    0    |    0    |    33   |
|          |      add_ln58_104_fu_62473     |    0    |    0    |    27   |
|          |      add_ln58_105_fu_62479     |    0    |    0    |    33   |
|          |      add_ln58_107_fu_62485     |    0    |    0    |    30   |
|          |      add_ln58_108_fu_62495     |    0    |    0    |    31   |
|          |      add_ln58_110_fu_62501     |    0    |    0    |    25   |
|          |      add_ln58_112_fu_62507     |    0    |    0    |    31   |
|          |      add_ln58_113_fu_62517     |    0    |    0    |    30   |
|          |      add_ln58_114_fu_62527     |    0    |    0    |    31   |
|          |      add_ln58_119_fu_62533     |    0    |    0    |    31   |
|          |      add_ln58_120_fu_62543     |    0    |    0    |    31   |
|          |      add_ln58_121_fu_62553     |    0    |    0    |    31   |
|          |      add_ln58_132_fu_62559     |    0    |    0    |    32   |
|          |      add_ln58_133_fu_62569     |    0    |    0    |    31   |
|          |      add_ln58_134_fu_62579     |    0    |    0    |    32   |
|          |      add_ln58_140_fu_62585     |    0    |    0    |    30   |
|          |      add_ln58_148_fu_62591     |    0    |    0    |    31   |
|          |      add_ln58_169_fu_62597     |    0    |    0    |    29   |
|          |       add_ln73_3_fu_62832      |    0    |    0    |    23   |
|          |      add_ln58_52_fu_62842      |    0    |    0    |    32   |
|          |      add_ln58_54_fu_62855      |    0    |    0    |    32   |
|          |      add_ln58_63_fu_62877      |    0    |    0    |    32   |
|          |      add_ln58_70_fu_62893      |    0    |    0    |    25   |
|          |      add_ln58_71_fu_62899      |    0    |    0    |    26   |
|          |      add_ln58_72_fu_62909      |    0    |    0    |    25   |
|          |      add_ln58_73_fu_62915      |    0    |    0    |    26   |
|          |      add_ln58_74_fu_62925      |    0    |    0    |    25   |
|          |      add_ln58_75_fu_62931      |    0    |    0    |    26   |
|          |      add_ln58_78_fu_62941      |    0    |    0    |    25   |
|          |      add_ln58_79_fu_62947      |    0    |    0    |    26   |
|          |      add_ln58_81_fu_62957      |    0    |    0    |    26   |
|          |      add_ln58_84_fu_62966      |    0    |    0    |    27   |
|          |      add_ln58_85_fu_62976      |    0    |    0    |    26   |
|          |      add_ln58_86_fu_62982      |    0    |    0    |    32   |
|          |      add_ln58_87_fu_62992      |    0    |    0    |    27   |
|          |      add_ln58_91_fu_63001      |    0    |    0    |    26   |
|          |      add_ln58_94_fu_63010      |    0    |    0    |    27   |
|          |      add_ln58_95_fu_63020      |    0    |    0    |    26   |
|          |      add_ln58_96_fu_63026      |    0    |    0    |    33   |
|          |      add_ln58_97_fu_63036      |    0    |    0    |    27   |
|          |      add_ln58_98_fu_63042      |    0    |    0    |    26   |
|    add   |      add_ln58_101_fu_63051     |    0    |    0    |    27   |
|          |      add_ln58_106_fu_63063     |    0    |    0    |    26   |
|          |      add_ln58_109_fu_63072     |    0    |    0    |    27   |
|          |      add_ln58_111_fu_63085     |    0    |    0    |    26   |
|          |      add_ln58_115_fu_63094     |    0    |    0    |    27   |
|          |      add_ln58_116_fu_63100     |    0    |    0    |    33   |
|          |      add_ln58_117_fu_63106     |    0    |    0    |    32   |
|          |      add_ln58_118_fu_63116     |    0    |    0    |    27   |
|          |      add_ln58_122_fu_63125     |    0    |    0    |    27   |
|          |      add_ln58_123_fu_63131     |    0    |    0    |    26   |
|          |      add_ln58_125_fu_63137     |    0    |    0    |    33   |
|          |      add_ln58_126_fu_63147     |    0    |    0    |    32   |
|          |      add_ln58_127_fu_63157     |    0    |    0    |    33   |
|          |      add_ln58_129_fu_63163     |    0    |    0    |    34   |
|          |      add_ln58_130_fu_63169     |    0    |    0    |    33   |
|          |      add_ln58_131_fu_63179     |    0    |    0    |    28   |
|          |      add_ln58_135_fu_63188     |    0    |    0    |    28   |
|          |      add_ln58_136_fu_63194     |    0    |    0    |    34   |
|          |      add_ln58_137_fu_63200     |    0    |    0    |    33   |
|          |      add_ln58_138_fu_63210     |    0    |    0    |    28   |
|          |      add_ln58_139_fu_63216     |    0    |    0    |    25   |
|          |      add_ln58_141_fu_63225     |    0    |    0    |    32   |
|          |      add_ln58_142_fu_63235     |    0    |    0    |    26   |
|          |      add_ln58_143_fu_63245     |    0    |    0    |    28   |
|          |      add_ln58_144_fu_63251     |    0    |    0    |    34   |
|          |      add_ln58_145_fu_63257     |    0    |    0    |    26   |
|          |      add_ln58_147_fu_63263     |    0    |    0    |    32   |
|          |      add_ln58_149_fu_63276     |    0    |    0    |    32   |
|          |      add_ln58_150_fu_63286     |    0    |    0    |    32   |
|          |      add_ln58_155_fu_63292     |    0    |    0    |    32   |
|          |      add_ln58_156_fu_63302     |    0    |    0    |    32   |
|          |      add_ln58_157_fu_63312     |    0    |    0    |    32   |
|          |      add_ln58_160_fu_63318     |    0    |    0    |    33   |
|          |      add_ln58_161_fu_63328     |    0    |    0    |    33   |
|          |      add_ln58_165_fu_63334     |    0    |    0    |    33   |
|          |      add_ln58_166_fu_63344     |    0    |    0    |    33   |
|          |      add_ln58_168_fu_63350     |    0    |    0    |    25   |
|          |      add_ln58_170_fu_63359     |    0    |    0    |    31   |
|          |      add_ln58_171_fu_63369     |    0    |    0    |    25   |
|          |      add_ln58_173_fu_63375     |    0    |    0    |    33   |
|          |      add_ln58_176_fu_63381     |    0    |    0    |    24   |
|          |      add_ln58_177_fu_63391     |    0    |    0    |    32   |
|          |      add_ln58_180_fu_63397     |    0    |    0    |    34   |
|          |      add_ln58_181_fu_63403     |    0    |    0    |    32   |
|          |      add_ln58_182_fu_63413     |    0    |    0    |    28   |
|          |      add_ln58_183_fu_63419     |    0    |    0    |    25   |
|          |      add_ln58_184_fu_63425     |    0    |    0    |    30   |
|          |      add_ln58_185_fu_63435     |    0    |    0    |    25   |
|          |      add_ln58_186_fu_63445     |    0    |    0    |    28   |
|          |      add_ln58_187_fu_63451     |    0    |    0    |    34   |
|          |      add_ln58_188_fu_63457     |    0    |    0    |    33   |
|          |      add_ln58_189_fu_63467     |    0    |    0    |    28   |
|          |      add_ln58_190_fu_63473     |    0    |    0    |    25   |
|          |      add_ln58_191_fu_63479     |    0    |    0    |    31   |
|          |      add_ln58_192_fu_63489     |    0    |    0    |    25   |
|          |      add_ln58_193_fu_63499     |    0    |    0    |    28   |
|          |      add_ln58_124_fu_63555     |    0    |    0    |    27   |
|          |      add_ln58_128_fu_63564     |    0    |    0    |    28   |
|          |      add_ln58_146_fu_63583     |    0    |    0    |    28   |
|          |      add_ln58_151_fu_63591     |    0    |    0    |    28   |
|          |      add_ln58_152_fu_63601     |    0    |    0    |    34   |
|          |      add_ln58_153_fu_63607     |    0    |    0    |    33   |
|          |      add_ln58_154_fu_63617     |    0    |    0    |    28   |
|          |      add_ln58_158_fu_63626     |    0    |    0    |    28   |
|          |      add_ln58_159_fu_63636     |    0    |    0    |    27   |
|          |      add_ln58_162_fu_63645     |    0    |    0    |    28   |
|          |      add_ln58_163_fu_63655     |    0    |    0    |    35   |
|          |      add_ln58_164_fu_63665     |    0    |    0    |    34   |
|          |      add_ln58_167_fu_63674     |    0    |    0    |    28   |
|          |      add_ln58_172_fu_63683     |    0    |    0    |    28   |
|          |      add_ln58_174_fu_63696     |    0    |    0    |    35   |
|          |      add_ln58_175_fu_63706     |    0    |    0    |    27   |
|          |      add_ln58_178_fu_63715     |    0    |    0    |    28   |
|          |      add_ln58_179_fu_63725     |    0    |    0    |    35   |
|          |      add_ln58_194_fu_63741     |    0    |    0    |    28   |
|          |      add_ln58_196_fu_63747     |    0    |    0    |    33   |
|          |      add_ln58_195_fu_63757     |    0    |    0    |    29   |
|----------|--------------------------------|---------|---------|---------|
|          |       mul_ln73_94_fu_450       |    1    |    0    |    4    |
|          |       mul_ln73_101_fu_451      |    1    |    0    |    4    |
|          |       mul_ln73_159_fu_453      |    1    |    0    |    4    |
|          |         mul_ln58_fu_454        |    1    |    0    |    4    |
|          |       mul_ln73_50_fu_455       |    1    |    0    |    4    |
|          |       mul_ln73_147_fu_456      |    1    |    0    |    4    |
|          |         mul_ln73_fu_457        |    1    |    0    |    4    |
|          |       mul_ln73_51_fu_458       |    1    |    0    |    4    |
|          |       mul_ln73_118_fu_459      |    1    |    0    |    4    |
|          |       mul_ln73_109_fu_460      |    1    |    0    |    4    |
|          |       mul_ln73_144_fu_461      |    1    |    0    |    4    |
|          |       mul_ln73_74_fu_462       |    1    |    0    |    4    |
|          |       mul_ln73_104_fu_463      |    1    |    0    |    4    |
|          |       mul_ln73_77_fu_464       |    1    |    0    |    4    |
|          |       mul_ln73_116_fu_467      |    1    |    0    |    4    |
|          |       mul_ln73_63_fu_468       |    1    |    0    |    4    |
|          |       mul_ln73_171_fu_469      |    1    |    0    |    4    |
|          |       mul_ln73_43_fu_470       |    1    |    0    |    4    |
|          |       mul_ln73_49_fu_471       |    1    |    0    |    4    |
|          |       mul_ln73_68_fu_472       |    1    |    0    |    4    |
|          |       mul_ln73_129_fu_473      |    1    |    0    |    4    |
|          |       mul_ln73_105_fu_474      |    1    |    0    |    4    |
|          |       mul_ln73_112_fu_475      |    1    |    0    |    4    |
|          |       mul_ln73_161_fu_476      |    1    |    0    |    4    |
|          |       mul_ln73_155_fu_477      |    1    |    0    |    4    |
|          |       mul_ln73_139_fu_478      |    1    |    0    |    4    |
|          |       mul_ln73_82_fu_479       |    1    |    0    |    4    |
|          |       mul_ln73_131_fu_480      |    1    |    0    |    4    |
|          |       mul_ln73_46_fu_481       |    1    |    0    |    4    |
|          |       mul_ln73_85_fu_482       |    1    |    0    |    4    |
|          |       mul_ln73_132_fu_483      |    1    |    0    |    4    |
|          |       mul_ln73_100_fu_484      |    1    |    0    |    4    |
|          |       mul_ln73_142_fu_485      |    1    |    0    |    4    |
|          |       mul_ln73_128_fu_486      |    1    |    0    |    4    |
|          |       mul_ln73_91_fu_487       |    1    |    0    |    4    |
|          |       mul_ln73_152_fu_488      |    1    |    0    |    4    |
|          |       mul_ln73_98_fu_489       |    1    |    0    |    4    |
|          |       mul_ln73_121_fu_491      |    1    |    0    |    4    |
|          |       mul_ln73_93_fu_492       |    1    |    0    |    4    |
|          |       mul_ln73_122_fu_493      |    1    |    0    |    4    |
|          |       mul_ln73_135_fu_494      |    1    |    0    |    4    |
|          |       mul_ln73_154_fu_495      |    1    |    0    |    4    |
|          |       mul_ln73_97_fu_496       |    1    |    0    |    4    |
|          |       mul_ln73_146_fu_497      |    1    |    0    |    4    |
|          |       mul_ln73_65_fu_498       |    1    |    0    |    4    |
|          |       mul_ln73_88_fu_499       |    1    |    0    |    4    |
|          |       mul_ln73_172_fu_500      |    1    |    0    |    4    |
|          |       mul_ln73_59_fu_501       |    1    |    0    |    4    |
|          |       mul_ln73_141_fu_502      |    1    |    0    |    4    |
|          |       mul_ln73_114_fu_503      |    1    |    0    |    4    |
|          |       mul_ln73_150_fu_504      |    1    |    0    |    4    |
|          |       mul_ln73_75_fu_505       |    1    |    0    |    4    |
|          |       mul_ln73_78_fu_506       |    1    |    0    |    4    |
|          |       mul_ln73_58_fu_507       |    1    |    0    |    4    |
|          |       mul_ln73_143_fu_508      |    1    |    0    |    4    |
|          |       mul_ln73_83_fu_509       |    1    |    0    |    4    |
|          |       mul_ln73_158_fu_510      |    1    |    0    |    4    |
|          |       mul_ln73_165_fu_511      |    1    |    0    |    4    |
|          |       mul_ln73_110_fu_512      |    1    |    0    |    4    |
|          |       mul_ln73_127_fu_513      |    1    |    0    |    4    |
|          |       mul_ln73_138_fu_514      |    1    |    0    |    4    |
|          |       mul_ln73_107_fu_515      |    1    |    0    |    4    |
|          |       mul_ln73_151_fu_516      |    1    |    0    |    4    |
|          |       mul_ln73_72_fu_517       |    1    |    0    |    4    |
|          |       mul_ln73_149_fu_518      |    1    |    0    |    4    |
|          |       mul_ln73_76_fu_519       |    1    |    0    |    4    |
|    mul   |       mul_ln73_164_fu_520      |    1    |    0    |    4    |
|          |       mul_ln73_117_fu_523      |    1    |    0    |    4    |
|          |       mul_ln73_89_fu_524       |    1    |    0    |    4    |
|          |       mul_ln73_103_fu_526      |    1    |    0    |    4    |
|          |       mul_ln73_140_fu_528      |    1    |    0    |    4    |
|          |       mul_ln73_156_fu_529      |    1    |    0    |    4    |
|          |       mul_ln73_79_fu_531       |    1    |    0    |    4    |
|          |       mul_ln73_108_fu_532      |    1    |    0    |    4    |
|          |       mul_ln73_84_fu_533       |    1    |    0    |    4    |
|          |       mul_ln73_55_fu_534       |    1    |    0    |    4    |
|          |       mul_ln73_53_fu_535       |    1    |    0    |    4    |
|          |       mul_ln73_157_fu_536      |    1    |    0    |    4    |
|          |       mul_ln73_170_fu_537      |    1    |    0    |    4    |
|          |       mul_ln73_166_fu_538      |    1    |    0    |    4    |
|          |       mul_ln73_80_fu_539       |    1    |    0    |    4    |
|          |       mul_ln73_160_fu_540      |    1    |    0    |    4    |
|          |       mul_ln73_71_fu_542       |    1    |    0    |    4    |
|          |       mul_ln73_64_fu_543       |    1    |    0    |    4    |
|          |       mul_ln73_48_fu_544       |    1    |    0    |    4    |
|          |       mul_ln73_119_fu_545      |    1    |    0    |    4    |
|          |       mul_ln73_70_fu_546       |    1    |    0    |    4    |
|          |       mul_ln73_120_fu_547      |    1    |    0    |    4    |
|          |       mul_ln73_95_fu_548       |    1    |    0    |    4    |
|          |       mul_ln73_61_fu_549       |    1    |    0    |    4    |
|          |       mul_ln73_66_fu_550       |    1    |    0    |    4    |
|          |       mul_ln73_87_fu_551       |    1    |    0    |    4    |
|          |       mul_ln73_67_fu_552       |    1    |    0    |    4    |
|          |       mul_ln73_54_fu_553       |    1    |    0    |    4    |
|          |       mul_ln73_92_fu_555       |    1    |    0    |    4    |
|          |       mul_ln73_45_fu_556       |    1    |    0    |    4    |
|          |       mul_ln73_62_fu_557       |    1    |    0    |    4    |
|          |       mul_ln73_73_fu_558       |    1    |    0    |    4    |
|          |       mul_ln73_90_fu_559       |    1    |    0    |    4    |
|          |       mul_ln73_52_fu_560       |    1    |    0    |    4    |
|          |       mul_ln73_69_fu_561       |    1    |    0    |    4    |
|          |       mul_ln73_86_fu_562       |    1    |    0    |    4    |
|          |       mul_ln73_99_fu_563       |    1    |    0    |    4    |
|          |       mul_ln73_163_fu_564      |    1    |    0    |    4    |
|          |       mul_ln73_111_fu_565      |    1    |    0    |    4    |
|          |       mul_ln73_137_fu_566      |    1    |    0    |    4    |
|          |       mul_ln73_124_fu_568      |    1    |    0    |    4    |
|          |       mul_ln73_126_fu_570      |    1    |    0    |    4    |
|          |       mul_ln73_168_fu_571      |    1    |    0    |    4    |
|          |       mul_ln73_81_fu_573       |    1    |    0    |    4    |
|          |       mul_ln73_167_fu_575      |    1    |    0    |    4    |
|          |       mul_ln73_130_fu_576      |    1    |    0    |    4    |
|          |       mul_ln73_148_fu_577      |    1    |    0    |    4    |
|          |       mul_ln73_96_fu_578       |    1    |    0    |    4    |
|          |       mul_ln73_44_fu_579       |    1    |    0    |    4    |
|          |       mul_ln73_123_fu_580      |    1    |    0    |    4    |
|          |       mul_ln73_145_fu_581      |    1    |    0    |    4    |
|          |       mul_ln73_115_fu_582      |    1    |    0    |    4    |
|          |       mul_ln73_169_fu_583      |    1    |    0    |    4    |
|          |       mul_ln73_56_fu_584       |    1    |    0    |    4    |
|          |       mul_ln73_153_fu_585      |    1    |    0    |    4    |
|          |       mul_ln73_106_fu_586      |    1    |    0    |    4    |
|          |       mul_ln73_102_fu_587      |    1    |    0    |    4    |
|          |       mul_ln73_134_fu_588      |    1    |    0    |    4    |
|          |       mul_ln73_162_fu_589      |    1    |    0    |    4    |
|          |       mul_ln73_133_fu_591      |    1    |    0    |    4    |
|          |       mul_ln73_41_fu_592       |    1    |    0    |    4    |
|          |       mul_ln73_42_fu_593       |    1    |    0    |    4    |
|          |       mul_ln73_47_fu_594       |    1    |    0    |    4    |
|          |       mul_ln73_60_fu_595       |    1    |    0    |    4    |
|          |       mul_ln73_136_fu_596      |    1    |    0    |    4    |
|          |       mul_ln73_57_fu_597       |    1    |    0    |    4    |
|          |       mul_ln73_125_fu_598      |    1    |    0    |    4    |
|          |       mul_ln73_113_fu_599      |    1    |    0    |    4    |
|----------|--------------------------------|---------|---------|---------|
|          |       sub_ln73_8_fu_61763      |    0    |    0    |    30   |
|          |      sub_ln73_12_fu_62086      |    0    |    0    |    28   |
|          |      sub_ln73_13_fu_62120      |    0    |    0    |    19   |
|          |      sub_ln73_14_fu_62137      |    0    |    0    |    20   |
|    sub   |      sub_ln73_15_fu_62179      |    0    |    0    |    27   |
|          |        sub_ln73_fu_62224       |    0    |    0    |    23   |
|          |       sub_ln73_9_fu_62676      |    0    |    0    |    31   |
|          |      sub_ln73_10_fu_62686      |    0    |    0    |    32   |
|          |      sub_ln73_11_fu_62703      |    0    |    0    |    26   |
|          |      sub_ln73_16_fu_62776      |    0    |    0    |    25   |
|----------|--------------------------------|---------|---------|---------|
|          | data_14_val15_read_read_fu_360 |    0    |    0    |    0    |
|          | data_13_val14_read_read_fu_366 |    0    |    0    |    0    |
|          | data_12_val13_read_read_fu_372 |    0    |    0    |    0    |
|          | data_11_val12_read_read_fu_378 |    0    |    0    |    0    |
|          | data_10_val11_read_read_fu_384 |    0    |    0    |    0    |
|          |  data_9_val10_read_read_fu_390 |    0    |    0    |    0    |
|          |  data_8_val9_read_read_fu_396  |    0    |    0    |    0    |
|   read   |  data_7_val8_read_read_fu_402  |    0    |    0    |    0    |
|          |  data_6_val7_read_read_fu_408  |    0    |    0    |    0    |
|          |  data_5_val6_read_read_fu_414  |    0    |    0    |    0    |
|          |  data_4_val5_read_read_fu_420  |    0    |    0    |    0    |
|          |  data_3_val4_read_read_fu_426  |    0    |    0    |    0    |
|          |  data_2_val3_read_read_fu_432  |    0    |    0    |    0    |
|          |  data_1_val2_read_read_fu_438  |    0    |    0    |    0    |
|          |  data_0_val1_read_read_fu_444  |    0    |    0    |    0    |
|----------|--------------------------------|---------|---------|---------|
|          |       sext_ln70_fu_61653       |    0    |    0    |    0    |
|          |       sext_ln73_fu_61660       |    0    |    0    |    0    |
|          |      sext_ln73_30_fu_61666     |    0    |    0    |    0    |
|          |      sext_ln73_31_fu_61680     |    0    |    0    |    0    |
|          |      sext_ln73_32_fu_61692     |    0    |    0    |    0    |
|          |      sext_ln70_27_fu_61696     |    0    |    0    |    0    |
|          |      sext_ln70_28_fu_61702     |    0    |    0    |    0    |
|          |      sext_ln73_35_fu_61710     |    0    |    0    |    0    |
|          |      sext_ln73_37_fu_61723     |    0    |    0    |    0    |
|          |      sext_ln70_29_fu_61727     |    0    |    0    |    0    |
|          |      sext_ln70_30_fu_61732     |    0    |    0    |    0    |
|          |      sext_ln73_39_fu_61747     |    0    |    0    |    0    |
|          |      sext_ln73_40_fu_61759     |    0    |    0    |    0    |
|          |      sext_ln73_42_fu_61769     |    0    |    0    |    0    |
|          |      sext_ln70_31_fu_61774     |    0    |    0    |    0    |
|          |      sext_ln70_32_fu_61779     |    0    |    0    |    0    |
|          |      sext_ln70_33_fu_61784     |    0    |    0    |    0    |
|          |      sext_ln70_34_fu_61789     |    0    |    0    |    0    |
|          |      sext_ln70_37_fu_61794     |    0    |    0    |    0    |
|          |      sext_ln70_38_fu_61802     |    0    |    0    |    0    |
|          |      sext_ln70_39_fu_61808     |    0    |    0    |    0    |
|          |      sext_ln70_40_fu_61813     |    0    |    0    |    0    |
|          |      sext_ln73_56_fu_61820     |    0    |    0    |    0    |
|          |      sext_ln70_41_fu_61825     |    0    |    0    |    0    |
|          |      sext_ln70_42_fu_61831     |    0    |    0    |    0    |
|          |      sext_ln70_43_fu_61837     |    0    |    0    |    0    |
|          |      sext_ln70_44_fu_61843     |    0    |    0    |    0    |
|          |      sext_ln70_45_fu_61849     |    0    |    0    |    0    |
|          |      sext_ln70_46_fu_61854     |    0    |    0    |    0    |
|          |      sext_ln70_47_fu_61859     |    0    |    0    |    0    |
|          |      sext_ln70_48_fu_61865     |    0    |    0    |    0    |
|          |      sext_ln70_51_fu_61870     |    0    |    0    |    0    |
|          |      sext_ln70_53_fu_61875     |    0    |    0    |    0    |
|          |      sext_ln70_56_fu_61880     |    0    |    0    |    0    |
|          |      sext_ln70_57_fu_61885     |    0    |    0    |    0    |
|          |      sext_ln70_58_fu_61891     |    0    |    0    |    0    |
|          |      sext_ln70_59_fu_61897     |    0    |    0    |    0    |
|          |      sext_ln70_26_fu_61925     |    0    |    0    |    0    |
|          |      sext_ln73_33_fu_61936     |    0    |    0    |    0    |
|          |      sext_ln73_34_fu_61947     |    0    |    0    |    0    |
|          |      sext_ln73_36_fu_61957     |    0    |    0    |    0    |
|          |      sext_ln73_41_fu_61961     |    0    |    0    |    0    |
|          |      sext_ln73_43_fu_61964     |    0    |    0    |    0    |
|          |      sext_ln73_45_fu_61968     |    0    |    0    |    0    |
|          |      sext_ln73_47_fu_61972     |    0    |    0    |    0    |
|          |      sext_ln70_35_fu_61976     |    0    |    0    |    0    |
|          |      sext_ln70_36_fu_61981     |    0    |    0    |    0    |
|          |      sext_ln73_51_fu_61985     |    0    |    0    |    0    |
|          |      sext_ln73_52_fu_61989     |    0    |    0    |    0    |
|          |      sext_ln73_55_fu_61993     |    0    |    0    |    0    |
|          |      sext_ln73_61_fu_61997     |    0    |    0    |    0    |
|          |      sext_ln73_64_fu_62008     |    0    |    0    |    0    |
|          |      sext_ln73_65_fu_62019     |    0    |    0    |    0    |
|          |      sext_ln73_66_fu_62029     |    0    |    0    |    0    |
|          |      sext_ln70_49_fu_62033     |    0    |    0    |    0    |
|          |      sext_ln70_50_fu_62041     |    0    |    0    |    0    |
|          |      sext_ln73_67_fu_62054     |    0    |    0    |    0    |
|          |      sext_ln73_68_fu_62071     |    0    |    0    |    0    |
|          |      sext_ln73_69_fu_62082     |    0    |    0    |    0    |
|          |      sext_ln73_70_fu_62092     |    0    |    0    |    0    |
|          |      sext_ln70_52_fu_62096     |    0    |    0    |    0    |
|          |      sext_ln70_54_fu_62103     |    0    |    0    |    0    |
|          |      sext_ln73_75_fu_62116     |    0    |    0    |    0    |
|          |      sext_ln73_76_fu_62133     |    0    |    0    |    0    |
|          |      sext_ln70_55_fu_62143     |    0    |    0    |    0    |
|          |      sext_ln73_80_fu_62147     |    0    |    0    |    0    |
|          |      sext_ln70_60_fu_62151     |    0    |    0    |    0    |
|          |      sext_ln73_84_fu_62164     |    0    |    0    |    0    |
|          |      sext_ln73_85_fu_62175     |    0    |    0    |    0    |
|          |      sext_ln73_86_fu_62185     |    0    |    0    |    0    |
|          |      sext_ln70_62_fu_62189     |    0    |    0    |    0    |
|          |      sext_ln70_63_fu_62193     |    0    |    0    |    0    |
|          |      sext_ln70_64_fu_62199     |    0    |    0    |    0    |
|          |      sext_ln70_67_fu_62205     |    0    |    0    |    0    |
|          |      sext_ln73_94_fu_62208     |    0    |    0    |    0    |
|          |      sext_ln70_68_fu_62215     |    0    |    0    |    0    |
|          |      sext_ln70_69_fu_62219     |    0    |    0    |    0    |
|          |      sext_ln73_96_fu_62230     |    0    |    0    |    0    |
|          |      sext_ln70_73_fu_62234     |    0    |    0    |    0    |
|          |      sext_ln70_74_fu_62238     |    0    |    0    |    0    |
|          |      sext_ln70_76_fu_62244     |    0    |    0    |    0    |
|          |      sext_ln58_21_fu_62254     |    0    |    0    |    0    |
|          |      sext_ln58_23_fu_62270     |    0    |    0    |    0    |
|          |      sext_ln58_52_fu_62286     |    0    |    0    |    0    |
|          |      sext_ln58_30_fu_62314     |    0    |    0    |    0    |
|          |      sext_ln58_65_fu_62335     |    0    |    0    |    0    |
|          |      sext_ln58_33_fu_62345     |    0    |    0    |    0    |
|          |      sext_ln58_38_fu_62373     |    0    |    0    |    0    |
|          |      sext_ln58_40_fu_62383     |    0    |    0    |    0    |
|          |      sext_ln58_66_fu_62393     |    0    |    0    |    0    |
|          |      sext_ln58_69_fu_62415     |    0    |    0    |    0    |
|          |      sext_ln58_70_fu_62431     |    0    |    0    |    0    |
|          |      sext_ln58_73_fu_62447     |    0    |    0    |    0    |
|          |      sext_ln58_75_fu_62469     |    0    |    0    |    0    |
|          |      sext_ln58_77_fu_62491     |    0    |    0    |    0    |
|          |      sext_ln58_80_fu_62513     |    0    |    0    |    0    |
|          |      sext_ln58_81_fu_62523     |    0    |    0    |    0    |
|          |      sext_ln58_84_fu_62539     |    0    |    0    |    0    |
|          |      sext_ln58_85_fu_62549     |    0    |    0    |    0    |
|          |      sext_ln58_92_fu_62565     |    0    |    0    |    0    |
|          |      sext_ln58_93_fu_62575     |    0    |    0    |    0    |
|          |    mul_ln73_58_cast_fu_62603   |    0    |    0    |    0    |
|          |      sext_ln73_38_fu_62607     |    0    |    0    |    0    |
|          |      sext_ln73_44_fu_62611     |    0    |    0    |    0    |
|          |      sext_ln73_46_fu_62615     |    0    |    0    |    0    |
|          |    mul_ln73_77_cast_fu_62619   |    0    |    0    |    0    |
|          |      sext_ln73_48_fu_62623     |    0    |    0    |    0    |
|          |      sext_ln73_49_fu_62627     |    0    |    0    |    0    |
|          |      sext_ln73_50_fu_62631     |    0    |    0    |    0    |
|          |      sext_ln73_53_fu_62635     |    0    |    0    |    0    |
|          |      sext_ln73_54_fu_62639     |    0    |    0    |    0    |
|          |       sext_ln42_fu_62650       |    0    |    0    |    0    |
|          |      sext_ln73_58_fu_62661     |    0    |    0    |    0    |
|          |      sext_ln73_59_fu_62672     |    0    |    0    |    0    |
|          |      sext_ln73_60_fu_62682     |    0    |    0    |    0    |
|          |      sext_ln73_62_fu_62699     |    0    |    0    |    0    |
|   sext   |      sext_ln73_63_fu_62709     |    0    |    0    |    0    |
|          |      sext_ln73_71_fu_62713     |    0    |    0    |    0    |
|          |      sext_ln73_72_fu_62717     |    0    |    0    |    0    |
|          |      sext_ln73_73_fu_62721     |    0    |    0    |    0    |
|          |      sext_ln73_74_fu_62725     |    0    |    0    |    0    |
|          |      sext_ln73_77_fu_62729     |    0    |    0    |    0    |
|          |      sext_ln73_78_fu_62732     |    0    |    0    |    0    |
|          |      sext_ln73_79_fu_62736     |    0    |    0    |    0    |
|          |      sext_ln73_81_fu_62740     |    0    |    0    |    0    |
|          |      sext_ln70_61_fu_62744     |    0    |    0    |    0    |
|          |      sext_ln73_83_fu_62750     |    0    |    0    |    0    |
|          |      sext_ln73_88_fu_62761     |    0    |    0    |    0    |
|          |      sext_ln73_89_fu_62772     |    0    |    0    |    0    |
|          |      sext_ln70_65_fu_62782     |    0    |    0    |    0    |
|          |      sext_ln73_91_fu_62787     |    0    |    0    |    0    |
|          |      sext_ln73_92_fu_62791     |    0    |    0    |    0    |
|          |      sext_ln73_93_fu_62795     |    0    |    0    |    0    |
|          |      sext_ln70_66_fu_62799     |    0    |    0    |    0    |
|          |      sext_ln73_95_fu_62803     |    0    |    0    |    0    |
|          |      sext_ln70_71_fu_62806     |    0    |    0    |    0    |
|          |      sext_ln70_72_fu_62810     |    0    |    0    |    0    |
|          |      sext_ln70_75_fu_62813     |    0    |    0    |    0    |
|          |      sext_ln73_98_fu_62817     |    0    |    0    |    0    |
|          |      sext_ln73_99_fu_62828     |    0    |    0    |    0    |
|          |     sext_ln73_101_fu_62838     |    0    |    0    |    0    |
|          |      sext_ln58_24_fu_62848     |    0    |    0    |    0    |
|          |       sext_ln58_fu_62852       |    0    |    0    |    0    |
|          |      sext_ln58_25_fu_62861     |    0    |    0    |    0    |
|          |      sext_ln58_26_fu_62865     |    0    |    0    |    0    |
|          |      sext_ln58_27_fu_62868     |    0    |    0    |    0    |
|          |      sext_ln58_28_fu_62871     |    0    |    0    |    0    |
|          |      sext_ln58_29_fu_62874     |    0    |    0    |    0    |
|          |      sext_ln58_31_fu_62883     |    0    |    0    |    0    |
|          |      sext_ln58_32_fu_62887     |    0    |    0    |    0    |
|          |      sext_ln58_34_fu_62890     |    0    |    0    |    0    |
|          |      sext_ln58_35_fu_62905     |    0    |    0    |    0    |
|          |      sext_ln58_36_fu_62921     |    0    |    0    |    0    |
|          |      sext_ln58_37_fu_62937     |    0    |    0    |    0    |
|          |      sext_ln58_39_fu_62953     |    0    |    0    |    0    |
|          |      sext_ln58_67_fu_62963     |    0    |    0    |    0    |
|          |      sext_ln58_41_fu_62972     |    0    |    0    |    0    |
|          |      sext_ln58_68_fu_62988     |    0    |    0    |    0    |
|          |      sext_ln58_43_fu_62998     |    0    |    0    |    0    |
|          |      sext_ln58_71_fu_63007     |    0    |    0    |    0    |
|          |      sext_ln58_44_fu_63016     |    0    |    0    |    0    |
|          |      sext_ln58_72_fu_63032     |    0    |    0    |    0    |
|          |      sext_ln58_74_fu_63048     |    0    |    0    |    0    |
|          |      sext_ln58_47_fu_63057     |    0    |    0    |    0    |
|          |      sext_ln58_76_fu_63060     |    0    |    0    |    0    |
|          |      sext_ln58_78_fu_63069     |    0    |    0    |    0    |
|          |      sext_ln58_48_fu_63078     |    0    |    0    |    0    |
|          |      sext_ln58_79_fu_63082     |    0    |    0    |    0    |
|          |      sext_ln58_82_fu_63091     |    0    |    0    |    0    |
|          |      sext_ln58_83_fu_63112     |    0    |    0    |    0    |
|          |      sext_ln58_86_fu_63122     |    0    |    0    |    0    |
|          |      sext_ln58_88_fu_63143     |    0    |    0    |    0    |
|          |      sext_ln58_89_fu_63153     |    0    |    0    |    0    |
|          |      sext_ln58_91_fu_63175     |    0    |    0    |    0    |
|          |      sext_ln58_94_fu_63185     |    0    |    0    |    0    |
|          |      sext_ln58_95_fu_63206     |    0    |    0    |    0    |
|          |      sext_ln58_96_fu_63222     |    0    |    0    |    0    |
|          |      sext_ln58_97_fu_63231     |    0    |    0    |    0    |
|          |      sext_ln58_98_fu_63241     |    0    |    0    |    0    |
|          |     sext_ln58_100_fu_63269     |    0    |    0    |    0    |
|          |     sext_ln58_101_fu_63273     |    0    |    0    |    0    |
|          |     sext_ln58_102_fu_63282     |    0    |    0    |    0    |
|          |     sext_ln58_105_fu_63298     |    0    |    0    |    0    |
|          |     sext_ln58_106_fu_63308     |    0    |    0    |    0    |
|          |     sext_ln58_108_fu_63324     |    0    |    0    |    0    |
|          |     sext_ln58_110_fu_63340     |    0    |    0    |    0    |
|          |     sext_ln58_112_fu_63356     |    0    |    0    |    0    |
|          |     sext_ln58_113_fu_63365     |    0    |    0    |    0    |
|          |     sext_ln58_116_fu_63387     |    0    |    0    |    0    |
|          |     sext_ln58_118_fu_63409     |    0    |    0    |    0    |
|          |     sext_ln58_119_fu_63431     |    0    |    0    |    0    |
|          |     sext_ln58_120_fu_63441     |    0    |    0    |    0    |
|          |     sext_ln58_121_fu_63463     |    0    |    0    |    0    |
|          |     sext_ln58_122_fu_63485     |    0    |    0    |    0    |
|          |     sext_ln58_123_fu_63495     |    0    |    0    |    0    |
|          |      sext_ln73_57_fu_63505     |    0    |    0    |    0    |
|          |      sext_ln73_82_fu_63509     |    0    |    0    |    0    |
|          |      sext_ln73_87_fu_63513     |    0    |    0    |    0    |
|          |      sext_ln73_90_fu_63517     |    0    |    0    |    0    |
|          |   mul_ln73_157_cast_fu_63521   |    0    |    0    |    0    |
|          |      sext_ln70_70_fu_63525     |    0    |    0    |    0    |
|          |      sext_ln73_97_fu_63529     |    0    |    0    |    0    |
|          |     sext_ln73_100_fu_63533     |    0    |    0    |    0    |
|          |      sext_ln58_42_fu_63537     |    0    |    0    |    0    |
|          |      sext_ln58_45_fu_63540     |    0    |    0    |    0    |
|          |      sext_ln58_46_fu_63543     |    0    |    0    |    0    |
|          |      sext_ln58_49_fu_63546     |    0    |    0    |    0    |
|          |      sext_ln58_50_fu_63549     |    0    |    0    |    0    |
|          |      sext_ln58_87_fu_63552     |    0    |    0    |    0    |
|          |      sext_ln58_90_fu_63561     |    0    |    0    |    0    |
|          |      sext_ln58_51_fu_63570     |    0    |    0    |    0    |
|          |      sext_ln58_53_fu_63574     |    0    |    0    |    0    |
|          |      sext_ln58_54_fu_63577     |    0    |    0    |    0    |
|          |      sext_ln58_99_fu_63580     |    0    |    0    |    0    |
|          |     sext_ln58_103_fu_63588     |    0    |    0    |    0    |
|          |      sext_ln58_55_fu_63597     |    0    |    0    |    0    |
|          |     sext_ln58_104_fu_63613     |    0    |    0    |    0    |
|          |     sext_ln58_107_fu_63623     |    0    |    0    |    0    |
|          |      sext_ln58_56_fu_63632     |    0    |    0    |    0    |
|          |     sext_ln58_109_fu_63642     |    0    |    0    |    0    |
|          |      sext_ln58_57_fu_63651     |    0    |    0    |    0    |
|          |      sext_ln58_58_fu_63661     |    0    |    0    |    0    |
|          |     sext_ln58_111_fu_63671     |    0    |    0    |    0    |
|          |     sext_ln58_114_fu_63680     |    0    |    0    |    0    |
|          |      sext_ln58_59_fu_63689     |    0    |    0    |    0    |
|          |     sext_ln58_115_fu_63693     |    0    |    0    |    0    |
|          |      sext_ln58_60_fu_63702     |    0    |    0    |    0    |
|          |     sext_ln58_117_fu_63712     |    0    |    0    |    0    |
|          |      sext_ln58_61_fu_63721     |    0    |    0    |    0    |
|          |      sext_ln58_62_fu_63731     |    0    |    0    |    0    |
|          |      sext_ln58_63_fu_63735     |    0    |    0    |    0    |
|          |      sext_ln58_64_fu_63738     |    0    |    0    |    0    |
|          |     sext_ln58_124_fu_63753     |    0    |    0    |    0    |
|          |       sext_ln18_fu_63763       |    0    |    0    |    0    |
|----------|--------------------------------|---------|---------|---------|
|          |       shl_ln73_s_fu_61672      |    0    |    0    |    0    |
|          |      shl_ln73_12_fu_61684      |    0    |    0    |    0    |
|          |         shl_ln_fu_61715        |    0    |    0    |    0    |
|          |      shl_ln73_15_fu_61739      |    0    |    0    |    0    |
|          |      shl_ln73_16_fu_61751      |    0    |    0    |    0    |
|          |      shl_ln73_13_fu_61929      |    0    |    0    |    0    |
|          |      shl_ln73_14_fu_61940      |    0    |    0    |    0    |
|          |      shl_ln73_20_fu_62001      |    0    |    0    |    0    |
|          |      shl_ln73_21_fu_62012      |    0    |    0    |    0    |
|          |      shl_ln73_22_fu_62047      |    0    |    0    |    0    |
|          |      shl_ln73_23_fu_62064      |    0    |    0    |    0    |
|bitconcatenate|      shl_ln73_24_fu_62075      |    0    |    0    |    0    |
|          |      shl_ln73_25_fu_62109      |    0    |    0    |    0    |
|          |      shl_ln73_26_fu_62126      |    0    |    0    |    0    |
|          |      shl_ln73_27_fu_62157      |    0    |    0    |    0    |
|          |      shl_ln73_28_fu_62168      |    0    |    0    |    0    |
|          |       shl_ln73_1_fu_62643      |    0    |    0    |    0    |
|          |      shl_ln73_17_fu_62654      |    0    |    0    |    0    |
|          |      shl_ln73_18_fu_62665      |    0    |    0    |    0    |
|          |      shl_ln73_19_fu_62692      |    0    |    0    |    0    |
|          |      shl_ln73_29_fu_62754      |    0    |    0    |    0    |
|          |      shl_ln73_30_fu_62765      |    0    |    0    |    0    |
|          |      shl_ln73_31_fu_62821      |    0    |    0    |    0    |
|----------|--------------------------------|---------|---------|---------|
|   zext   |       zext_ln58_fu_61915       |    0    |    0    |    0    |
|----------|--------------------------------|---------|---------|---------|
|          |          mrv_fu_63767          |    0    |    0    |    0    |
|          |         mrv_1_fu_63773         |    0    |    0    |    0    |
|          |         mrv_2_fu_63779         |    0    |    0    |    0    |
|          |         mrv_3_fu_63785         |    0    |    0    |    0    |
|insertvalue|         mrv_4_fu_63791         |    0    |    0    |    0    |
|          |         mrv_5_fu_63797         |    0    |    0    |    0    |
|          |         mrv_6_fu_63803         |    0    |    0    |    0    |
|          |         mrv_7_fu_63809         |    0    |    0    |    0    |
|          |         mrv_8_fu_63815         |    0    |    0    |    0    |
|          |         mrv_9_fu_63821         |    0    |    0    |    0    |
|----------|--------------------------------|---------|---------|---------|
|   Total  |                                |   134   |    0    |   5227  |
|----------|--------------------------------|---------|---------|---------|

Memories:
N/A

* Register list:
+----------------------------+--------+
|                            |   FF   |
+----------------------------+--------+
|   add_ln58_100_reg_64060   |   26   |
|   add_ln58_101_reg_64125   |   27   |
|   add_ln58_104_reg_64065   |   27   |
|   add_ln58_105_reg_64070   |   26   |
|   add_ln58_108_reg_64075   |   24   |
|   add_ln58_110_reg_64080   |   25   |
|   add_ln58_114_reg_64085   |   25   |
|   add_ln58_115_reg_64130   |   27   |
|   add_ln58_121_reg_64090   |   25   |
|   add_ln58_122_reg_64135   |   27   |
|   add_ln58_123_reg_64140   |   26   |
|   add_ln58_127_reg_64145   |   27   |
|   add_ln58_134_reg_64095   |   26   |
|   add_ln58_135_reg_64150   |   28   |
|   add_ln58_140_reg_64100   |   23   |
|   add_ln58_143_reg_64155   |   28   |
|   add_ln58_144_reg_64160   |   28   |
|   add_ln58_145_reg_64165   |   26   |
|   add_ln58_148_reg_64105   |   24   |
|   add_ln58_150_reg_64170   |   26   |
|   add_ln58_157_reg_64175   |   26   |
|   add_ln58_161_reg_64180   |   27   |
|   add_ln58_166_reg_64185   |   27   |
|   add_ln58_169_reg_64110   |   22   |
|   add_ln58_171_reg_64190   |   25   |
|   add_ln58_173_reg_64195   |   26   |
|   add_ln58_177_reg_64200   |   25   |
|   add_ln58_186_reg_64205   |   28   |
|   add_ln58_193_reg_64210   |   28   |
|    add_ln58_53_reg_64010   |   23   |
|    add_ln58_56_reg_64015   |   23   |
|    add_ln58_57_reg_64020   |   26   |
|    add_ln58_58_reg_64025   |   25   |
|    add_ln58_59_reg_64030   |   26   |
|    add_ln58_62_reg_63989   |   23   |
|    add_ln58_65_reg_64035   |   26   |
|    add_ln58_69_reg_64040   |   26   |
|    add_ln58_83_reg_64045   |   26   |
|    add_ln58_87_reg_64115   |   27   |
|    add_ln58_90_reg_64050   |   27   |
|    add_ln58_93_reg_64055   |   26   |
|    add_ln58_97_reg_64120   |   27   |
|data_10_val11_read_reg_63866|   16   |
|data_11_val12_read_reg_63856|   16   |
|data_12_val13_read_reg_63848|   16   |
|data_13_val14_read_reg_63838|   16   |
|data_14_val15_read_reg_63827|   16   |
| data_1_val2_read_reg_63908 |   16   |
| data_4_val5_read_reg_63902 |   16   |
| data_6_val7_read_reg_63894 |   16   |
| data_7_val8_read_reg_63888 |   16   |
| data_8_val9_read_reg_63879 |   16   |
| data_9_val10_read_reg_63871|   16   |
|     mul_ln58_reg_61648     |   26   |
|   mul_ln73_100_reg_34572   |   24   |
|   mul_ln73_101_reg_34576   |   26   |
|   mul_ln73_102_reg_34580   |   26   |
|   mul_ln73_103_reg_34584   |   25   |
|   mul_ln73_104_reg_34588   |   23   |
|   mul_ln73_105_reg_60196   |   26   |
|   mul_ln73_106_reg_34592   |   22   |
|   mul_ln73_107_reg_34596   |   24   |
|   mul_ln73_108_reg_34600   |   24   |
|   mul_ln73_109_reg_34604   |   26   |
|   mul_ln73_110_reg_34608   |   23   |
|   mul_ln73_111_reg_60200   |   26   |
|   mul_ln73_112_reg_60204   |   25   |
|   mul_ln73_113_reg_60208   |   26   |
|   mul_ln73_114_reg_60212   |   26   |
|   mul_ln73_115_reg_60216   |   25   |
|   mul_ln73_116_reg_60220   |   26   |
|   mul_ln73_117_reg_60224   |   25   |
|   mul_ln73_118_reg_60228   |   26   |
|   mul_ln73_119_reg_60232   |   26   |
|   mul_ln73_120_reg_60236   |   25   |
|   mul_ln73_121_reg_34612   |   23   |
|   mul_ln73_122_reg_60240   |   26   |
|   mul_ln73_123_reg_60244   |   26   |
|   mul_ln73_124_reg_60248   |   26   |
|   mul_ln73_125_reg_34616   |   24   |
|   mul_ln73_126_reg_60252   |   25   |
|   mul_ln73_127_reg_60256   |   25   |
|   mul_ln73_128_reg_60260   |   26   |
|   mul_ln73_129_reg_60264   |   24   |
|   mul_ln73_130_reg_34620   |   24   |
|   mul_ln73_131_reg_34624   |   23   |
|   mul_ln73_132_reg_60268   |   25   |
|   mul_ln73_133_reg_34628   |   25   |
|   mul_ln73_134_reg_34632   |   23   |
|   mul_ln73_135_reg_34636   |   24   |
|   mul_ln73_136_reg_60272   |   24   |
|   mul_ln73_137_reg_60276   |   26   |
|   mul_ln73_138_reg_60280   |   25   |
|   mul_ln73_139_reg_61612   |   26   |
|   mul_ln73_140_reg_61616   |   26   |
|   mul_ln73_141_reg_60284   |   25   |
|   mul_ln73_142_reg_34640   |   24   |
|   mul_ln73_143_reg_61620   |   26   |
|   mul_ln73_144_reg_60288   |   25   |
|   mul_ln73_145_reg_34644   |   24   |
|   mul_ln73_146_reg_60292   |   25   |
|   mul_ln73_147_reg_61624   |   27   |
|   mul_ln73_148_reg_60296   |   26   |
|   mul_ln73_149_reg_60300   |   25   |
|   mul_ln73_150_reg_60304   |   24   |
|   mul_ln73_151_reg_60308   |   26   |
|   mul_ln73_152_reg_60312   |   25   |
|   mul_ln73_153_reg_60316   |   26   |
|   mul_ln73_154_reg_60320   |   25   |
|   mul_ln73_155_reg_61628   |   27   |
|   mul_ln73_156_reg_60324   |   25   |
|   mul_ln73_157_reg_60328   |   26   |
|   mul_ln73_158_reg_60332   |   26   |
|   mul_ln73_159_reg_60336   |   24   |
|   mul_ln73_160_reg_60340   |   26   |
|   mul_ln73_161_reg_60344   |   25   |
|   mul_ln73_162_reg_60348   |   23   |
|   mul_ln73_163_reg_60352   |   26   |
|   mul_ln73_164_reg_61632   |   22   |
|   mul_ln73_165_reg_61636   |   26   |
|   mul_ln73_166_reg_60356   |   26   |
|   mul_ln73_167_reg_61640   |   27   |
|   mul_ln73_168_reg_60360   |   25   |
|   mul_ln73_169_reg_60364   |   25   |
|   mul_ln73_170_reg_61644   |   22   |
|   mul_ln73_171_reg_60368   |   25   |
|   mul_ln73_172_reg_60372   |   23   |
|    mul_ln73_41_reg_34424   |   23   |
|    mul_ln73_42_reg_34428   |   25   |
|    mul_ln73_43_reg_34432   |   26   |
|    mul_ln73_44_reg_34436   |   25   |
|    mul_ln73_45_reg_34440   |   23   |
|    mul_ln73_46_reg_34444   |   26   |
|    mul_ln73_47_reg_34448   |   26   |
|    mul_ln73_48_reg_60112   |   25   |
|    mul_ln73_49_reg_34452   |   21   |
|    mul_ln73_50_reg_34456   |   26   |
|    mul_ln73_51_reg_34460   |   25   |
|    mul_ln73_52_reg_34464   |   26   |
|    mul_ln73_53_reg_34468   |   25   |
|    mul_ln73_54_reg_34472   |   26   |
|    mul_ln73_55_reg_34476   |   26   |
|    mul_ln73_56_reg_60116   |   24   |
|    mul_ln73_57_reg_60120   |   25   |
|    mul_ln73_58_reg_60124   |   25   |
|    mul_ln73_59_reg_34480   |   25   |
|    mul_ln73_60_reg_34484   |   26   |
|    mul_ln73_61_reg_60128   |   26   |
|    mul_ln73_62_reg_34488   |   24   |
|    mul_ln73_63_reg_34492   |   25   |
|    mul_ln73_64_reg_34496   |   25   |
|    mul_ln73_65_reg_60132   |   26   |
|    mul_ln73_66_reg_60136   |   26   |
|    mul_ln73_67_reg_60140   |   26   |
|    mul_ln73_68_reg_60144   |   26   |
|    mul_ln73_69_reg_60148   |   25   |
|    mul_ln73_70_reg_34500   |   26   |
|    mul_ln73_71_reg_60152   |   25   |
|    mul_ln73_72_reg_34504   |   23   |
|    mul_ln73_73_reg_34508   |   25   |
|    mul_ln73_74_reg_34512   |   24   |
|    mul_ln73_75_reg_60156   |   26   |
|    mul_ln73_76_reg_60160   |   26   |
|    mul_ln73_77_reg_60164   |   24   |
|    mul_ln73_78_reg_34516   |   26   |
|    mul_ln73_79_reg_60168   |   25   |
|    mul_ln73_80_reg_34520   |   26   |
|    mul_ln73_81_reg_60172   |   25   |
|    mul_ln73_82_reg_60176   |   26   |
|    mul_ln73_83_reg_34524   |   26   |
|    mul_ln73_84_reg_34528   |   26   |
|    mul_ln73_85_reg_60180   |   26   |
|    mul_ln73_86_reg_34532   |   25   |
|    mul_ln73_87_reg_34536   |   25   |
|    mul_ln73_88_reg_34540   |   24   |
|    mul_ln73_89_reg_60184   |   26   |
|    mul_ln73_90_reg_34544   |   26   |
|    mul_ln73_91_reg_60188   |   26   |
|    mul_ln73_92_reg_34548   |   26   |
|    mul_ln73_93_reg_34552   |   25   |
|    mul_ln73_94_reg_34556   |   23   |
|    mul_ln73_95_reg_60192   |   26   |
|    mul_ln73_96_reg_34560   |   25   |
|    mul_ln73_97_reg_34564   |   24   |
|    mul_ln73_98_reg_61608   |   26   |
|    mul_ln73_99_reg_34568   |   25   |
|     mul_ln73_reg_60108     |   25   |
|   sext_ln70_29_reg_63921   |   26   |
|   sext_ln70_30_reg_63927   |   25   |
|   sext_ln70_33_reg_63938   |   25   |
|   sext_ln70_34_reg_63944   |   26   |
|   sext_ln70_37_reg_63952   |   26   |
|   sext_ln70_38_reg_63959   |   26   |
|   sext_ln70_41_reg_63966   |   26   |
|   sext_ln70_46_reg_63971   |   26   |
|   sext_ln70_56_reg_63977   |   25   |
|   sext_ln70_58_reg_63983   |   24   |
|   sext_ln70_76_reg_64004   |   26   |
|     sext_ln73_reg_63915    |   25   |
|    sub_ln73_14_reg_63994   |   20   |
|    sub_ln73_8_reg_63933    |   24   |
|     sub_ln73_reg_63999     |   17   |
+----------------------------+--------+
|            Total           |  4988  |
+----------------------------+--------+

* Multiplexer (MUX) list: 
|--------|------|------|------|--------|
|  Comp  |  Pin | Size |  BW  | S x BW |
|--------|------|------|------|--------|
|  Total |      |      |      |    0   |
|--------|------|------|------|--------|



* Summary:
+-----------+--------+--------+--------+
|           |   DSP  |   FF   |   LUT  |
+-----------+--------+--------+--------+
|  Function |   134  |    0   |  5227  |
|   Memory  |    -   |    -   |    -   |
|Multiplexer|    -   |    -   |    -   |
|  Register |    -   |  4988  |    -   |
+-----------+--------+--------+--------+
|   Total   |   134  |  4988  |  5227  |
+-----------+--------+--------+--------+
