

================================================================
== Vitis HLS Report for 'dense_latency_ap_fixed_ap_fixed_40_20_5_3_0_config10_mult_s'
================================================================
* Date:           Sun Apr  5 17:32:17 2026

* Version:        2023.2 (Build 4023990 on Oct 11 2023)
* Project:        gaussian_prj
* Solution:       solution1 (Vivado IP Flow Target)
* Product family: kintexu
* Target device:  xcku035-fbva676-2-e


================================================================
== Performance Estimates
================================================================
+ Timing: 
    * Summary: 
    +--------+---------+----------+------------+
    |  Clock |  Target | Estimated| Uncertainty|
    +--------+---------+----------+------------+
    |ap_clk  |  5.00 ns|  3.608 ns|     1.35 ns|
    +--------+---------+----------+------------+

+ Latency: 
    * Summary: 
    +---------+---------+-----------+-----------+-----+-----+---------+
    |  Latency (cycles) |   Latency (absolute)  |  Interval | Pipeline|
    |   min   |   max   |    min    |    max    | min | max |   Type  |
    +---------+---------+-----------+-----------+-----+-----+---------+
    |        6|        6|  30.000 ns|  30.000 ns|    1|    1|      yes|
    +---------+---------+-----------+-----------+-----+-----+---------+

    + Detail: 
        * Instance: 
        N/A

        * Loop: 
        N/A

============================================================
+ Verbose Summary: Synthesis Manager
============================================================
InlineROM: 1
ExposeGlobal: 0
============================================================
+ Verbose Summary: CDFG Model
============================================================
IsTopModel: 0
ResetActiveHigh: 1
IsCombinational: 0
IsDatapathOnly: 0
HasWiredReturn: 1
HasMFsm: 2
HasVarLatency: 0
IsPipeline: 1
IsRtlPipelined: 1
IsInstanceOverlapped: 0
IsDontTouch: 0
HasImplIP: 0
IsGatedGlobalClock: 0

+ Individual pipeline summary: 
  * Pipeline-0: initiation interval (II) = 1, depth = 7


============================================================
+ Verbose Summary: Schedule
============================================================
* Number of FSM states : 7
* Pipeline : 1
  Pipeline-0 : II = 1, D = 7, States = { 1 2 3 4 5 6 7 }
* Dataflow Pipeline: 0

* FSM state transitions: 
1 --> 2 
2 --> 3 
3 --> 4 
4 --> 5 
5 --> 6 
6 --> 7 
7 --> 

* FSM state operations: 

State 1 <SV = 0> <Delay = 3.57>
ST_1 : Operation 8 [1/1] (0.00ns)   --->   "%a_133 = load i16 %void_compute_output_buffer_2d_array_const_ap_shift_reg_n_chan_stream_weig_9"   --->   Operation 8 'load' 'a_133' <Predicate = true> <Delay = 0.00>
ST_1 : Operation 9 [1/1] (0.00ns)   --->   "%sext_ln73 = sext i16 %a_133" [firmware/nnet_utils/nnet_mult.h:73->firmware/nnet_utils/nnet_dense_latency.h:42]   --->   Operation 9 'sext' 'sext_ln73' <Predicate = true> <Delay = 0.00>
ST_1 : Operation 10 [1/1] (3.57ns)   --->   "%mul_ln17 = mul i22 %sext_ln73, i22 4194243" [firmware/nnet_utils/nnet_dense_latency.h:17]   --->   Operation 10 'mul' 'mul_ln17' <Predicate = true> <Delay = 3.57> <CoreInst = "Multiplier">   --->   Core 3 'Multiplier' <Latency = 0> <II = 1> <Delay = 3.57> <FuncUnit> <Opcode : 'mul'> <InPorts = 2> <OutPorts = 1>
ST_1 : Operation 11 [1/1] (3.57ns)   --->   "%mul_ln17_2 = mul i22 %sext_ln73, i22 4194262" [firmware/nnet_utils/nnet_dense_latency.h:17]   --->   Operation 11 'mul' 'mul_ln17_2' <Predicate = true> <Delay = 3.57> <CoreInst = "Multiplier">   --->   Core 3 'Multiplier' <Latency = 0> <II = 1> <Delay = 3.57> <FuncUnit> <Opcode : 'mul'> <InPorts = 2> <OutPorts = 1>
ST_1 : Operation 12 [1/1] (0.00ns)   --->   "%sext_ln73_201 = sext i16 %a_133" [firmware/nnet_utils/nnet_mult.h:73->firmware/nnet_utils/nnet_dense_latency.h:42]   --->   Operation 12 'sext' 'sext_ln73_201' <Predicate = true> <Delay = 0.00>
ST_1 : Operation 13 [1/1] (3.57ns)   --->   "%mul_ln17_3 = mul i23 %sext_ln73_201, i23 8388527" [firmware/nnet_utils/nnet_dense_latency.h:17]   --->   Operation 13 'mul' 'mul_ln17_3' <Predicate = true> <Delay = 3.57> <CoreInst = "Multiplier">   --->   Core 3 'Multiplier' <Latency = 0> <II = 1> <Delay = 3.57> <FuncUnit> <Opcode : 'mul'> <InPorts = 2> <OutPorts = 1>
ST_1 : Operation 14 [1/1] (3.57ns)   --->   "%mul_ln17_5 = mul i23 %sext_ln73_201, i23 74" [firmware/nnet_utils/nnet_dense_latency.h:17]   --->   Operation 14 'mul' 'mul_ln17_5' <Predicate = true> <Delay = 3.57> <CoreInst = "Multiplier">   --->   Core 3 'Multiplier' <Latency = 0> <II = 1> <Delay = 3.57> <FuncUnit> <Opcode : 'mul'> <InPorts = 2> <OutPorts = 1>
ST_1 : Operation 15 [1/1] (0.00ns)   --->   "%a_63 = load i16 %void_compute_output_buffer_2d_array_const_ap_shift_reg_n_chan_stream_weig_7"   --->   Operation 15 'load' 'a_63' <Predicate = true> <Delay = 0.00>
ST_1 : Operation 16 [1/1] (0.00ns)   --->   "%sext_ln70_119 = sext i16 %a_63" [firmware/nnet_utils/nnet_mult.h:70->firmware/nnet_utils/nnet_dense_latency.h:42]   --->   Operation 16 'sext' 'sext_ln70_119' <Predicate = true> <Delay = 0.00>
ST_1 : Operation 17 [1/1] (3.57ns)   --->   "%mult_403 = mul i22 %sext_ln70_119, i22 25" [firmware/nnet_utils/nnet_mult.h:73->firmware/nnet_utils/nnet_dense_latency.h:42]   --->   Operation 17 'mul' 'mult_403' <Predicate = true> <Delay = 3.57> <CoreInst = "Multiplier">   --->   Core 3 'Multiplier' <Latency = 0> <II = 1> <Delay = 3.57> <FuncUnit> <Opcode : 'mul'> <InPorts = 2> <OutPorts = 1>

State 2 <SV = 1> <Delay = 3.57>
ST_2 : Operation 18 [1/1] (0.00ns)   --->   "%sext_ln17 = sext i16 %a_133" [firmware/nnet_utils/nnet_dense_latency.h:17]   --->   Operation 18 'sext' 'sext_ln17' <Predicate = true> <Delay = 0.00>
ST_2 : Operation 19 [1/1] (0.00ns)   --->   "%sext_ln17_1 = sext i16 %a_133" [firmware/nnet_utils/nnet_dense_latency.h:17]   --->   Operation 19 'sext' 'sext_ln17_1' <Predicate = true> <Delay = 0.00>
ST_2 : Operation 20 [1/1] (0.00ns)   --->   "%sext_ln73_200 = sext i16 %a_133" [firmware/nnet_utils/nnet_mult.h:73->firmware/nnet_utils/nnet_dense_latency.h:42]   --->   Operation 20 'sext' 'sext_ln73_200' <Predicate = true> <Delay = 0.00>
ST_2 : Operation 21 [1/1] (3.57ns)   --->   "%mul_ln17_1 = mul i24 %sext_ln73_200, i24 145" [firmware/nnet_utils/nnet_dense_latency.h:17]   --->   Operation 21 'mul' 'mul_ln17_1' <Predicate = true> <Delay = 3.57> <CoreInst = "Multiplier">   --->   Core 3 'Multiplier' <Latency = 0> <II = 1> <Delay = 3.57> <FuncUnit> <Opcode : 'mul'> <InPorts = 2> <OutPorts = 1>
ST_2 : Operation 22 [1/1] (3.57ns)   --->   "%mul_ln17_4 = mul i24 %sext_ln73_200, i24 178" [firmware/nnet_utils/nnet_dense_latency.h:17]   --->   Operation 22 'mul' 'mul_ln17_4' <Predicate = true> <Delay = 3.57> <CoreInst = "Multiplier">   --->   Core 3 'Multiplier' <Latency = 0> <II = 1> <Delay = 3.57> <FuncUnit> <Opcode : 'mul'> <InPorts = 2> <OutPorts = 1>
ST_2 : Operation 23 [1/1] (0.00ns)   --->   "%shl_ln = bitconcatenate i21 @_ssdm_op_BitConcatenate.i21.i16.i5, i16 %a_133, i5 0" [firmware/nnet_utils/nnet_mult.h:73->firmware/nnet_utils/nnet_dense_latency.h:42]   --->   Operation 23 'bitconcatenate' 'shl_ln' <Predicate = true> <Delay = 0.00>
ST_2 : Operation 24 [1/1] (0.00ns)   --->   "%sext_ln73_202 = sext i21 %shl_ln" [firmware/nnet_utils/nnet_mult.h:73->firmware/nnet_utils/nnet_dense_latency.h:42]   --->   Operation 24 'sext' 'sext_ln73_202' <Predicate = true> <Delay = 0.00>
ST_2 : Operation 25 [1/1] (3.57ns)   --->   "%mul_ln17_6 = mul i25 %sext_ln17, i25 341" [firmware/nnet_utils/nnet_dense_latency.h:17]   --->   Operation 25 'mul' 'mul_ln17_6' <Predicate = true> <Delay = 3.57> <CoreInst = "Multiplier">   --->   Core 3 'Multiplier' <Latency = 0> <II = 1> <Delay = 3.57> <FuncUnit> <Opcode : 'mul'> <InPorts = 2> <OutPorts = 1>
ST_2 : Operation 26 [1/1] (3.57ns)   --->   "%mul_ln17_7 = mul i23 %sext_ln73_201, i23 8388530" [firmware/nnet_utils/nnet_dense_latency.h:17]   --->   Operation 26 'mul' 'mul_ln17_7' <Predicate = true> <Delay = 3.57> <CoreInst = "Multiplier">   --->   Core 3 'Multiplier' <Latency = 0> <II = 1> <Delay = 3.57> <FuncUnit> <Opcode : 'mul'> <InPorts = 2> <OutPorts = 1>
ST_2 : Operation 27 [1/1] (0.00ns)   --->   "%a = load i16 %void_compute_output_buffer_2d_array_const_ap_shift_reg_n_chan_stream_weig_8"   --->   Operation 27 'load' 'a' <Predicate = true> <Delay = 0.00>
ST_2 : Operation 28 [1/1] (0.00ns)   --->   "%sext_ln70 = sext i16 %a" [firmware/nnet_utils/nnet_mult.h:70->firmware/nnet_utils/nnet_dense_latency.h:42]   --->   Operation 28 'sext' 'sext_ln70' <Predicate = true> <Delay = 0.00>
ST_2 : Operation 29 [1/1] (0.00ns)   --->   "%sext_ln70_116 = sext i16 %a" [firmware/nnet_utils/nnet_mult.h:70->firmware/nnet_utils/nnet_dense_latency.h:42]   --->   Operation 29 'sext' 'sext_ln70_116' <Predicate = true> <Delay = 0.00>
ST_2 : Operation 30 [1/1] (3.57ns)   --->   "%mul_ln17_8 = mul i24 %sext_ln70, i24 234" [firmware/nnet_utils/nnet_dense_latency.h:17]   --->   Operation 30 'mul' 'mul_ln17_8' <Predicate = true> <Delay = 3.57> <CoreInst = "Multiplier">   --->   Core 3 'Multiplier' <Latency = 0> <II = 1> <Delay = 3.57> <FuncUnit> <Opcode : 'mul'> <InPorts = 2> <OutPorts = 1>
ST_2 : Operation 31 [1/1] (3.57ns)   --->   "%mul_ln17_9 = mul i24 %sext_ln70, i24 16777068" [firmware/nnet_utils/nnet_dense_latency.h:17]   --->   Operation 31 'mul' 'mul_ln17_9' <Predicate = true> <Delay = 3.57> <CoreInst = "Multiplier">   --->   Core 3 'Multiplier' <Latency = 0> <II = 1> <Delay = 3.57> <FuncUnit> <Opcode : 'mul'> <InPorts = 2> <OutPorts = 1>
ST_2 : Operation 32 [1/1] (3.57ns)   --->   "%mult_396 = mul i25 %sext_ln70_116, i25 33554279" [firmware/nnet_utils/nnet_mult.h:73->firmware/nnet_utils/nnet_dense_latency.h:42]   --->   Operation 32 'mul' 'mult_396' <Predicate = true> <Delay = 3.57> <CoreInst = "Multiplier">   --->   Core 3 'Multiplier' <Latency = 0> <II = 1> <Delay = 3.57> <FuncUnit> <Opcode : 'mul'> <InPorts = 2> <OutPorts = 1>
ST_2 : Operation 33 [1/1] (3.57ns)   --->   "%mult_397 = mul i24 %sext_ln70, i24 105" [firmware/nnet_utils/nnet_mult.h:73->firmware/nnet_utils/nnet_dense_latency.h:42]   --->   Operation 33 'mul' 'mult_397' <Predicate = true> <Delay = 3.57> <CoreInst = "Multiplier">   --->   Core 3 'Multiplier' <Latency = 0> <II = 1> <Delay = 3.57> <FuncUnit> <Opcode : 'mul'> <InPorts = 2> <OutPorts = 1>
ST_2 : Operation 34 [1/1] (3.57ns)   --->   "%mult_398 = mul i24 %sext_ln70, i24 16777099" [firmware/nnet_utils/nnet_mult.h:73->firmware/nnet_utils/nnet_dense_latency.h:42]   --->   Operation 34 'mul' 'mult_398' <Predicate = true> <Delay = 3.57> <CoreInst = "Multiplier">   --->   Core 3 'Multiplier' <Latency = 0> <II = 1> <Delay = 3.57> <FuncUnit> <Opcode : 'mul'> <InPorts = 2> <OutPorts = 1>
ST_2 : Operation 35 [1/1] (0.00ns)   --->   "%shl_ln73_64 = bitconcatenate i20 @_ssdm_op_BitConcatenate.i20.i16.i4, i16 %a, i4 0" [firmware/nnet_utils/nnet_mult.h:73->firmware/nnet_utils/nnet_dense_latency.h:42]   --->   Operation 35 'bitconcatenate' 'shl_ln73_64' <Predicate = true> <Delay = 0.00>
ST_2 : Operation 36 [1/1] (0.00ns)   --->   "%sext_ln73_205 = sext i20 %shl_ln73_64" [firmware/nnet_utils/nnet_mult.h:73->firmware/nnet_utils/nnet_dense_latency.h:42]   --->   Operation 36 'sext' 'sext_ln73_205' <Predicate = true> <Delay = 0.00>
ST_2 : Operation 37 [1/1] (0.00ns)   --->   "%shl_ln73_65 = bitconcatenate i17 @_ssdm_op_BitConcatenate.i17.i16.i1, i16 %a, i1 0" [firmware/nnet_utils/nnet_mult.h:73->firmware/nnet_utils/nnet_dense_latency.h:42]   --->   Operation 37 'bitconcatenate' 'shl_ln73_65' <Predicate = true> <Delay = 0.00>
ST_2 : Operation 38 [1/1] (0.00ns)   --->   "%sext_ln73_206 = sext i17 %shl_ln73_65" [firmware/nnet_utils/nnet_mult.h:73->firmware/nnet_utils/nnet_dense_latency.h:42]   --->   Operation 38 'sext' 'sext_ln73_206' <Predicate = true> <Delay = 0.00>
ST_2 : Operation 39 [1/1] (0.00ns) (grouped into TernaryAdder)   --->   "%add_ln73 = add i21 %sext_ln73_205, i21 %sext_ln73_206" [firmware/nnet_utils/nnet_mult.h:73->firmware/nnet_utils/nnet_dense_latency.h:42]   --->   Operation 39 'add' 'add_ln73' <Predicate = true> <Delay = 0.00> <CoreInst = "TAddSub">   --->   Core 10 'TAddSub' <Latency = 0> <II = 1> <Delay = 0.53> <IPBlock> <Opcode : '' 'add' 'sub'> <InPorts = 3> <OutPorts = 1> <Sync> <CReg>
ST_2 : Operation 40 [1/1] (3.57ns)   --->   "%mul_ln17_10 = mul i24 %sext_ln70, i24 162" [firmware/nnet_utils/nnet_dense_latency.h:17]   --->   Operation 40 'mul' 'mul_ln17_10' <Predicate = true> <Delay = 3.57> <CoreInst = "Multiplier">   --->   Core 3 'Multiplier' <Latency = 0> <II = 1> <Delay = 3.57> <FuncUnit> <Opcode : 'mul'> <InPorts = 2> <OutPorts = 1>
ST_2 : Operation 41 [1/1] (3.57ns)   --->   "%mult_401 = mul i25 %sext_ln70_116, i25 33554245" [firmware/nnet_utils/nnet_mult.h:73->firmware/nnet_utils/nnet_dense_latency.h:42]   --->   Operation 41 'mul' 'mult_401' <Predicate = true> <Delay = 3.57> <CoreInst = "Multiplier">   --->   Core 3 'Multiplier' <Latency = 0> <II = 1> <Delay = 3.57> <FuncUnit> <Opcode : 'mul'> <InPorts = 2> <OutPorts = 1>
ST_2 : Operation 42 [1/1] (0.00ns)   --->   "%sext_ln70_117 = sext i16 %a_63" [firmware/nnet_utils/nnet_mult.h:70->firmware/nnet_utils/nnet_dense_latency.h:42]   --->   Operation 42 'sext' 'sext_ln70_117' <Predicate = true> <Delay = 0.00>
ST_2 : Operation 43 [1/1] (0.00ns)   --->   "%sext_ln70_118 = sext i16 %a_63" [firmware/nnet_utils/nnet_mult.h:70->firmware/nnet_utils/nnet_dense_latency.h:42]   --->   Operation 43 'sext' 'sext_ln70_118' <Predicate = true> <Delay = 0.00>
ST_2 : Operation 44 [1/1] (0.00ns)   --->   "%sext_ln70_120 = sext i16 %a_63" [firmware/nnet_utils/nnet_mult.h:70->firmware/nnet_utils/nnet_dense_latency.h:42]   --->   Operation 44 'sext' 'sext_ln70_120' <Predicate = true> <Delay = 0.00>
ST_2 : Operation 45 [1/1] (3.57ns)   --->   "%mult_402 = mul i24 %sext_ln70_120, i24 16777093" [firmware/nnet_utils/nnet_mult.h:73->firmware/nnet_utils/nnet_dense_latency.h:42]   --->   Operation 45 'mul' 'mult_402' <Predicate = true> <Delay = 3.57> <CoreInst = "Multiplier">   --->   Core 3 'Multiplier' <Latency = 0> <II = 1> <Delay = 3.57> <FuncUnit> <Opcode : 'mul'> <InPorts = 2> <OutPorts = 1>
ST_2 : Operation 46 [1/1] (3.57ns)   --->   "%mul_ln17_11 = mul i25 %sext_ln70_118, i25 303" [firmware/nnet_utils/nnet_dense_latency.h:17]   --->   Operation 46 'mul' 'mul_ln17_11' <Predicate = true> <Delay = 3.57> <CoreInst = "Multiplier">   --->   Core 3 'Multiplier' <Latency = 0> <II = 1> <Delay = 3.57> <FuncUnit> <Opcode : 'mul'> <InPorts = 2> <OutPorts = 1>
ST_2 : Operation 47 [1/1] (0.00ns)   --->   "%shl_ln73_67 = bitconcatenate i21 @_ssdm_op_BitConcatenate.i21.i16.i5, i16 %a_63, i5 0" [firmware/nnet_utils/nnet_mult.h:73->firmware/nnet_utils/nnet_dense_latency.h:42]   --->   Operation 47 'bitconcatenate' 'shl_ln73_67' <Predicate = true> <Delay = 0.00>
ST_2 : Operation 48 [1/1] (0.00ns)   --->   "%sext_ln73_208 = sext i21 %shl_ln73_67" [firmware/nnet_utils/nnet_mult.h:73->firmware/nnet_utils/nnet_dense_latency.h:42]   --->   Operation 48 'sext' 'sext_ln73_208' <Predicate = true> <Delay = 0.00>
ST_2 : Operation 49 [1/1] (1.43ns)   --->   "%mult_404 = sub i22 %sext_ln70_119, i22 %sext_ln73_208" [firmware/nnet_utils/nnet_mult.h:73->firmware/nnet_utils/nnet_dense_latency.h:42]   --->   Operation 49 'sub' 'mult_404' <Predicate = true> <Delay = 1.43> <CoreInst = "Adder">   --->   Core 1 'Adder' <Latency = 0> <II = 1> <Delay = 1.43> <FuncUnit> <Opcode : 'add' 'sub'> <InPorts = 2> <OutPorts = 1>
ST_2 : Operation 50 [1/1] (0.00ns)   --->   "%sext_ln17_5 = sext i22 %mult_404" [firmware/nnet_utils/nnet_dense_latency.h:17]   --->   Operation 50 'sext' 'sext_ln17_5' <Predicate = true> <Delay = 0.00>
ST_2 : Operation 51 [1/1] (3.57ns)   --->   "%mult_405 = mul i25 %sext_ln70_118, i25 33554265" [firmware/nnet_utils/nnet_mult.h:73->firmware/nnet_utils/nnet_dense_latency.h:42]   --->   Operation 51 'mul' 'mult_405' <Predicate = true> <Delay = 3.57> <CoreInst = "Multiplier">   --->   Core 3 'Multiplier' <Latency = 0> <II = 1> <Delay = 3.57> <FuncUnit> <Opcode : 'mul'> <InPorts = 2> <OutPorts = 1>
ST_2 : Operation 52 [1/1] (3.57ns)   --->   "%mult_406 = mul i25 %sext_ln70_118, i25 33554260" [firmware/nnet_utils/nnet_mult.h:73->firmware/nnet_utils/nnet_dense_latency.h:42]   --->   Operation 52 'mul' 'mult_406' <Predicate = true> <Delay = 3.57> <CoreInst = "Multiplier">   --->   Core 3 'Multiplier' <Latency = 0> <II = 1> <Delay = 3.57> <FuncUnit> <Opcode : 'mul'> <InPorts = 2> <OutPorts = 1>
ST_2 : Operation 53 [1/1] (3.57ns)   --->   "%mult_407 = mul i24 %sext_ln70_120, i24 16777115" [firmware/nnet_utils/nnet_mult.h:73->firmware/nnet_utils/nnet_dense_latency.h:42]   --->   Operation 53 'mul' 'mult_407' <Predicate = true> <Delay = 3.57> <CoreInst = "Multiplier">   --->   Core 3 'Multiplier' <Latency = 0> <II = 1> <Delay = 3.57> <FuncUnit> <Opcode : 'mul'> <InPorts = 2> <OutPorts = 1>
ST_2 : Operation 54 [1/1] (0.00ns)   --->   "%shl_ln73_68 = bitconcatenate i22 @_ssdm_op_BitConcatenate.i22.i16.i6, i16 %a_63, i6 0" [firmware/nnet_utils/nnet_mult.h:73->firmware/nnet_utils/nnet_dense_latency.h:42]   --->   Operation 54 'bitconcatenate' 'shl_ln73_68' <Predicate = true> <Delay = 0.00>
ST_2 : Operation 55 [1/1] (0.00ns)   --->   "%sext_ln73_209 = sext i22 %shl_ln73_68" [firmware/nnet_utils/nnet_mult.h:73->firmware/nnet_utils/nnet_dense_latency.h:42]   --->   Operation 55 'sext' 'sext_ln73_209' <Predicate = true> <Delay = 0.00>
ST_2 : Operation 56 [1/1] (0.00ns) (grouped into TernaryAdder)   --->   "%sub_ln73 = sub i23 0, i23 %sext_ln73_209" [firmware/nnet_utils/nnet_mult.h:73->firmware/nnet_utils/nnet_dense_latency.h:42]   --->   Operation 56 'sub' 'sub_ln73' <Predicate = true> <Delay = 0.00> <CoreInst = "TAddSub">   --->   Core 10 'TAddSub' <Latency = 0> <II = 1> <Delay = 0.53> <IPBlock> <Opcode : '' 'add' 'sub'> <InPorts = 3> <OutPorts = 1> <Sync> <CReg>
ST_2 : Operation 57 [1/1] (1.03ns) (root node of TernaryAdder)   --->   "%mult_408 = sub i23 %sub_ln73, i23 %sext_ln70_117" [firmware/nnet_utils/nnet_mult.h:73->firmware/nnet_utils/nnet_dense_latency.h:42]   --->   Operation 57 'sub' 'mult_408' <Predicate = true> <Delay = 1.03> <CoreInst = "TAddSub">   --->   Core 10 'TAddSub' <Latency = 0> <II = 1> <Delay = 0.53> <IPBlock> <Opcode : '' 'add' 'sub'> <InPorts = 3> <OutPorts = 1> <Sync> <CReg>
ST_2 : Operation 58 [1/1] (3.57ns)   --->   "%mult_409 = mul i25 %sext_ln70_118, i25 33554229" [firmware/nnet_utils/nnet_mult.h:73->firmware/nnet_utils/nnet_dense_latency.h:42]   --->   Operation 58 'mul' 'mult_409' <Predicate = true> <Delay = 3.57> <CoreInst = "Multiplier">   --->   Core 3 'Multiplier' <Latency = 0> <II = 1> <Delay = 3.57> <FuncUnit> <Opcode : 'mul'> <InPorts = 2> <OutPorts = 1>
ST_2 : Operation 59 [1/1] (3.57ns)   --->   "%mult_410 = mul i25 %sext_ln70_118, i25 33554227" [firmware/nnet_utils/nnet_mult.h:73->firmware/nnet_utils/nnet_dense_latency.h:42]   --->   Operation 59 'mul' 'mult_410' <Predicate = true> <Delay = 3.57> <CoreInst = "Multiplier">   --->   Core 3 'Multiplier' <Latency = 0> <II = 1> <Delay = 3.57> <FuncUnit> <Opcode : 'mul'> <InPorts = 2> <OutPorts = 1>
ST_2 : Operation 60 [1/1] (0.00ns)   --->   "%a_64 = load i16 %void_compute_output_buffer_2d_array_const_ap_shift_reg_n_chan_stream_weig_6"   --->   Operation 60 'load' 'a_64' <Predicate = true> <Delay = 0.00>
ST_2 : Operation 61 [1/1] (0.00ns)   --->   "%sext_ln70_121 = sext i16 %a_64" [firmware/nnet_utils/nnet_mult.h:70->firmware/nnet_utils/nnet_dense_latency.h:42]   --->   Operation 61 'sext' 'sext_ln70_121' <Predicate = true> <Delay = 0.00>
ST_2 : Operation 62 [1/1] (0.00ns)   --->   "%sext_ln70_122 = sext i16 %a_64" [firmware/nnet_utils/nnet_mult.h:70->firmware/nnet_utils/nnet_dense_latency.h:42]   --->   Operation 62 'sext' 'sext_ln70_122' <Predicate = true> <Delay = 0.00>
ST_2 : Operation 63 [1/1] (0.00ns)   --->   "%sext_ln70_123 = sext i16 %a_64" [firmware/nnet_utils/nnet_mult.h:70->firmware/nnet_utils/nnet_dense_latency.h:42]   --->   Operation 63 'sext' 'sext_ln70_123' <Predicate = true> <Delay = 0.00>
ST_2 : Operation 64 [1/1] (3.57ns)   --->   "%mult_412 = mul i25 %sext_ln70_122, i25 33554246" [firmware/nnet_utils/nnet_mult.h:73->firmware/nnet_utils/nnet_dense_latency.h:42]   --->   Operation 64 'mul' 'mult_412' <Predicate = true> <Delay = 3.57> <CoreInst = "Multiplier">   --->   Core 3 'Multiplier' <Latency = 0> <II = 1> <Delay = 3.57> <FuncUnit> <Opcode : 'mul'> <InPorts = 2> <OutPorts = 1>
ST_2 : Operation 65 [1/1] (3.57ns)   --->   "%mul_ln73 = mul i24 %sext_ln70_123, i24 16777099" [firmware/nnet_utils/nnet_mult.h:73->firmware/nnet_utils/nnet_dense_latency.h:42]   --->   Operation 65 'mul' 'mul_ln73' <Predicate = true> <Delay = 3.57> <CoreInst = "Multiplier">   --->   Core 3 'Multiplier' <Latency = 0> <II = 1> <Delay = 3.57> <FuncUnit> <Opcode : 'mul'> <InPorts = 2> <OutPorts = 1>
ST_2 : Operation 66 [1/1] (3.57ns)   --->   "%mult_413 = mul i25 %sext_ln70_122, i25 33554253" [firmware/nnet_utils/nnet_mult.h:73->firmware/nnet_utils/nnet_dense_latency.h:42]   --->   Operation 66 'mul' 'mult_413' <Predicate = true> <Delay = 3.57> <CoreInst = "Multiplier">   --->   Core 3 'Multiplier' <Latency = 0> <II = 1> <Delay = 3.57> <FuncUnit> <Opcode : 'mul'> <InPorts = 2> <OutPorts = 1>
ST_2 : Operation 67 [1/1] (3.57ns)   --->   "%mult_414 = mul i25 %sext_ln70_122, i25 135" [firmware/nnet_utils/nnet_mult.h:73->firmware/nnet_utils/nnet_dense_latency.h:42]   --->   Operation 67 'mul' 'mult_414' <Predicate = true> <Delay = 3.57> <CoreInst = "Multiplier">   --->   Core 3 'Multiplier' <Latency = 0> <II = 1> <Delay = 3.57> <FuncUnit> <Opcode : 'mul'> <InPorts = 2> <OutPorts = 1>
ST_2 : Operation 68 [1/1] (3.57ns)   --->   "%mult_415 = mul i24 %sext_ln70_123, i24 16777101" [firmware/nnet_utils/nnet_mult.h:73->firmware/nnet_utils/nnet_dense_latency.h:42]   --->   Operation 68 'mul' 'mult_415' <Predicate = true> <Delay = 3.57> <CoreInst = "Multiplier">   --->   Core 3 'Multiplier' <Latency = 0> <II = 1> <Delay = 3.57> <FuncUnit> <Opcode : 'mul'> <InPorts = 2> <OutPorts = 1>
ST_2 : Operation 69 [1/1] (3.57ns)   --->   "%mult_416 = mul i24 %sext_ln70_123, i24 118" [firmware/nnet_utils/nnet_mult.h:73->firmware/nnet_utils/nnet_dense_latency.h:42]   --->   Operation 69 'mul' 'mult_416' <Predicate = true> <Delay = 3.57> <CoreInst = "Multiplier">   --->   Core 3 'Multiplier' <Latency = 0> <II = 1> <Delay = 3.57> <FuncUnit> <Opcode : 'mul'> <InPorts = 2> <OutPorts = 1>
ST_2 : Operation 70 [1/1] (3.57ns)   --->   "%mult_417 = mul i25 %sext_ln70_122, i25 143" [firmware/nnet_utils/nnet_mult.h:73->firmware/nnet_utils/nnet_dense_latency.h:42]   --->   Operation 70 'mul' 'mult_417' <Predicate = true> <Delay = 3.57> <CoreInst = "Multiplier">   --->   Core 3 'Multiplier' <Latency = 0> <II = 1> <Delay = 3.57> <FuncUnit> <Opcode : 'mul'> <InPorts = 2> <OutPorts = 1>
ST_2 : Operation 71 [1/1] (3.57ns)   --->   "%mult_418 = mul i23 %sext_ln70_121, i23 8388570" [firmware/nnet_utils/nnet_mult.h:73->firmware/nnet_utils/nnet_dense_latency.h:42]   --->   Operation 71 'mul' 'mult_418' <Predicate = true> <Delay = 3.57> <CoreInst = "Multiplier">   --->   Core 3 'Multiplier' <Latency = 0> <II = 1> <Delay = 3.57> <FuncUnit> <Opcode : 'mul'> <InPorts = 2> <OutPorts = 1>
ST_2 : Operation 72 [1/1] (0.00ns)   --->   "%a_65 = load i16 %void_compute_output_buffer_2d_array_const_ap_shift_reg_n_chan_stream_weig_5"   --->   Operation 72 'load' 'a_65' <Predicate = true> <Delay = 0.00>
ST_2 : Operation 73 [1/1] (0.00ns)   --->   "%sext_ln70_124 = sext i16 %a_65" [firmware/nnet_utils/nnet_mult.h:70->firmware/nnet_utils/nnet_dense_latency.h:42]   --->   Operation 73 'sext' 'sext_ln70_124' <Predicate = true> <Delay = 0.00>
ST_2 : Operation 74 [1/1] (0.00ns)   --->   "%sext_ln70_125 = sext i16 %a_65" [firmware/nnet_utils/nnet_mult.h:70->firmware/nnet_utils/nnet_dense_latency.h:42]   --->   Operation 74 'sext' 'sext_ln70_125' <Predicate = true> <Delay = 0.00>
ST_2 : Operation 75 [1/1] (0.00ns)   --->   "%sext_ln70_126 = sext i16 %a_65" [firmware/nnet_utils/nnet_mult.h:70->firmware/nnet_utils/nnet_dense_latency.h:42]   --->   Operation 75 'sext' 'sext_ln70_126' <Predicate = true> <Delay = 0.00>
ST_2 : Operation 76 [1/1] (3.57ns)   --->   "%mult_419 = mul i25 %sext_ln70_126, i25 33554280" [firmware/nnet_utils/nnet_mult.h:73->firmware/nnet_utils/nnet_dense_latency.h:42]   --->   Operation 76 'mul' 'mult_419' <Predicate = true> <Delay = 3.57> <CoreInst = "Multiplier">   --->   Core 3 'Multiplier' <Latency = 0> <II = 1> <Delay = 3.57> <FuncUnit> <Opcode : 'mul'> <InPorts = 2> <OutPorts = 1>
ST_2 : Operation 77 [1/1] (3.57ns)   --->   "%mult_420 = mul i25 %sext_ln70_126, i25 173" [firmware/nnet_utils/nnet_mult.h:73->firmware/nnet_utils/nnet_dense_latency.h:42]   --->   Operation 77 'mul' 'mult_420' <Predicate = true> <Delay = 3.57> <CoreInst = "Multiplier">   --->   Core 3 'Multiplier' <Latency = 0> <II = 1> <Delay = 3.57> <FuncUnit> <Opcode : 'mul'> <InPorts = 2> <OutPorts = 1>
ST_2 : Operation 78 [1/1] (0.00ns)   --->   "%mult_421 = bitconcatenate i19 @_ssdm_op_BitConcatenate.i19.i16.i3, i16 %a_65, i3 0" [firmware/nnet_utils/nnet_mult.h:73->firmware/nnet_utils/nnet_dense_latency.h:42]   --->   Operation 78 'bitconcatenate' 'mult_421' <Predicate = true> <Delay = 0.00>
ST_2 : Operation 79 [1/1] (0.00ns)   --->   "%sext_ln17_9 = sext i19 %mult_421" [firmware/nnet_utils/nnet_dense_latency.h:17]   --->   Operation 79 'sext' 'sext_ln17_9' <Predicate = true> <Delay = 0.00>
ST_2 : Operation 80 [1/1] (3.57ns)   --->   "%mult_423 = mul i22 %sext_ln70_125, i22 4194283" [firmware/nnet_utils/nnet_mult.h:73->firmware/nnet_utils/nnet_dense_latency.h:42]   --->   Operation 80 'mul' 'mult_423' <Predicate = true> <Delay = 3.57> <CoreInst = "Multiplier">   --->   Core 3 'Multiplier' <Latency = 0> <II = 1> <Delay = 3.57> <FuncUnit> <Opcode : 'mul'> <InPorts = 2> <OutPorts = 1>
ST_2 : Operation 81 [1/1] (0.00ns)   --->   "%shl_ln73_72 = bitconcatenate i23 @_ssdm_op_BitConcatenate.i23.i16.i7, i16 %a_65, i7 0" [firmware/nnet_utils/nnet_mult.h:73->firmware/nnet_utils/nnet_dense_latency.h:42]   --->   Operation 81 'bitconcatenate' 'shl_ln73_72' <Predicate = true> <Delay = 0.00>
ST_2 : Operation 82 [1/1] (0.00ns)   --->   "%sext_ln73_212 = sext i23 %shl_ln73_72" [firmware/nnet_utils/nnet_mult.h:73->firmware/nnet_utils/nnet_dense_latency.h:42]   --->   Operation 82 'sext' 'sext_ln73_212' <Predicate = true> <Delay = 0.00>
ST_2 : Operation 83 [1/1] (0.00ns)   --->   "%shl_ln73_73 = bitconcatenate i17 @_ssdm_op_BitConcatenate.i17.i16.i1, i16 %a_65, i1 0" [firmware/nnet_utils/nnet_mult.h:73->firmware/nnet_utils/nnet_dense_latency.h:42]   --->   Operation 83 'bitconcatenate' 'shl_ln73_73' <Predicate = true> <Delay = 0.00>
ST_2 : Operation 84 [1/1] (0.00ns)   --->   "%sext_ln73_213 = sext i17 %shl_ln73_73" [firmware/nnet_utils/nnet_mult.h:73->firmware/nnet_utils/nnet_dense_latency.h:42]   --->   Operation 84 'sext' 'sext_ln73_213' <Predicate = true> <Delay = 0.00>
ST_2 : Operation 85 [1/1] (0.00ns) (grouped into TernaryAdder)   --->   "%mult_424 = add i24 %sext_ln73_212, i24 %sext_ln73_213" [firmware/nnet_utils/nnet_mult.h:73->firmware/nnet_utils/nnet_dense_latency.h:42]   --->   Operation 85 'add' 'mult_424' <Predicate = true> <Delay = 0.00> <CoreInst = "TAddSub">   --->   Core 10 'TAddSub' <Latency = 0> <II = 1> <Delay = 0.53> <IPBlock> <Opcode : '' 'add' 'sub'> <InPorts = 3> <OutPorts = 1> <Sync> <CReg>
ST_2 : Operation 86 [1/1] (3.57ns)   --->   "%mult_425 = mul i22 %sext_ln70_125, i22 4194279" [firmware/nnet_utils/nnet_mult.h:73->firmware/nnet_utils/nnet_dense_latency.h:42]   --->   Operation 86 'mul' 'mult_425' <Predicate = true> <Delay = 3.57> <CoreInst = "Multiplier">   --->   Core 3 'Multiplier' <Latency = 0> <II = 1> <Delay = 3.57> <FuncUnit> <Opcode : 'mul'> <InPorts = 2> <OutPorts = 1>
ST_2 : Operation 87 [1/1] (3.57ns)   --->   "%mult_427 = mul i25 %sext_ln70_126, i25 33554266" [firmware/nnet_utils/nnet_mult.h:73->firmware/nnet_utils/nnet_dense_latency.h:42]   --->   Operation 87 'mul' 'mult_427' <Predicate = true> <Delay = 3.57> <CoreInst = "Multiplier">   --->   Core 3 'Multiplier' <Latency = 0> <II = 1> <Delay = 3.57> <FuncUnit> <Opcode : 'mul'> <InPorts = 2> <OutPorts = 1>
ST_2 : Operation 88 [1/1] (3.57ns)   --->   "%mult_428 = mul i23 %sext_ln70_124, i23 8388557" [firmware/nnet_utils/nnet_mult.h:73->firmware/nnet_utils/nnet_dense_latency.h:42]   --->   Operation 88 'mul' 'mult_428' <Predicate = true> <Delay = 3.57> <CoreInst = "Multiplier">   --->   Core 3 'Multiplier' <Latency = 0> <II = 1> <Delay = 3.57> <FuncUnit> <Opcode : 'mul'> <InPorts = 2> <OutPorts = 1>
ST_2 : Operation 89 [1/1] (0.00ns)   --->   "%a_66 = load i16 %void_compute_output_buffer_2d_array_const_ap_shift_reg_n_chan_stream_weig_4"   --->   Operation 89 'load' 'a_66' <Predicate = true> <Delay = 0.00>
ST_2 : Operation 90 [1/1] (0.00ns)   --->   "%sext_ln70_129 = sext i16 %a_66" [firmware/nnet_utils/nnet_mult.h:70->firmware/nnet_utils/nnet_dense_latency.h:42]   --->   Operation 90 'sext' 'sext_ln70_129' <Predicate = true> <Delay = 0.00>
ST_2 : Operation 91 [1/1] (0.00ns)   --->   "%sext_ln70_131 = sext i16 %a_66" [firmware/nnet_utils/nnet_mult.h:70->firmware/nnet_utils/nnet_dense_latency.h:42]   --->   Operation 91 'sext' 'sext_ln70_131' <Predicate = true> <Delay = 0.00>
ST_2 : Operation 92 [1/1] (3.57ns)   --->   "%mult_429 = mul i24 %sext_ln70_131, i24 16777098" [firmware/nnet_utils/nnet_mult.h:73->firmware/nnet_utils/nnet_dense_latency.h:42]   --->   Operation 92 'mul' 'mult_429' <Predicate = true> <Delay = 3.57> <CoreInst = "Multiplier">   --->   Core 3 'Multiplier' <Latency = 0> <II = 1> <Delay = 3.57> <FuncUnit> <Opcode : 'mul'> <InPorts = 2> <OutPorts = 1>
ST_2 : Operation 93 [1/1] (3.57ns)   --->   "%mult_430 = mul i24 %sext_ln70_131, i24 16777141" [firmware/nnet_utils/nnet_mult.h:73->firmware/nnet_utils/nnet_dense_latency.h:42]   --->   Operation 93 'mul' 'mult_430' <Predicate = true> <Delay = 3.57> <CoreInst = "Multiplier">   --->   Core 3 'Multiplier' <Latency = 0> <II = 1> <Delay = 3.57> <FuncUnit> <Opcode : 'mul'> <InPorts = 2> <OutPorts = 1>
ST_2 : Operation 94 [1/1] (3.57ns)   --->   "%mult_433 = mul i24 %sext_ln70_131, i24 87" [firmware/nnet_utils/nnet_mult.h:73->firmware/nnet_utils/nnet_dense_latency.h:42]   --->   Operation 94 'mul' 'mult_433' <Predicate = true> <Delay = 3.57> <CoreInst = "Multiplier">   --->   Core 3 'Multiplier' <Latency = 0> <II = 1> <Delay = 3.57> <FuncUnit> <Opcode : 'mul'> <InPorts = 2> <OutPorts = 1>
ST_2 : Operation 95 [1/1] (3.57ns)   --->   "%mult_434 = mul i25 %sext_ln70_129, i25 33554276" [firmware/nnet_utils/nnet_mult.h:73->firmware/nnet_utils/nnet_dense_latency.h:42]   --->   Operation 95 'mul' 'mult_434' <Predicate = true> <Delay = 3.57> <CoreInst = "Multiplier">   --->   Core 3 'Multiplier' <Latency = 0> <II = 1> <Delay = 3.57> <FuncUnit> <Opcode : 'mul'> <InPorts = 2> <OutPorts = 1>
ST_2 : Operation 96 [1/1] (3.57ns)   --->   "%mult_436 = mul i25 %sext_ln70_129, i25 33554238" [firmware/nnet_utils/nnet_mult.h:73->firmware/nnet_utils/nnet_dense_latency.h:42]   --->   Operation 96 'mul' 'mult_436' <Predicate = true> <Delay = 3.57> <CoreInst = "Multiplier">   --->   Core 3 'Multiplier' <Latency = 0> <II = 1> <Delay = 3.57> <FuncUnit> <Opcode : 'mul'> <InPorts = 2> <OutPorts = 1>
ST_2 : Operation 97 [1/1] (3.57ns)   --->   "%mult_438 = mul i24 %sext_ln70_131, i24 16777102" [firmware/nnet_utils/nnet_mult.h:73->firmware/nnet_utils/nnet_dense_latency.h:42]   --->   Operation 97 'mul' 'mult_438' <Predicate = true> <Delay = 3.57> <CoreInst = "Multiplier">   --->   Core 3 'Multiplier' <Latency = 0> <II = 1> <Delay = 3.57> <FuncUnit> <Opcode : 'mul'> <InPorts = 2> <OutPorts = 1>
ST_2 : Operation 98 [1/1] (0.00ns)   --->   "%a_67 = load i16 %void_compute_output_buffer_2d_array_const_ap_shift_reg_n_chan_stream_weig_3"   --->   Operation 98 'load' 'a_67' <Predicate = true> <Delay = 0.00>
ST_2 : Operation 99 [1/1] (0.00ns)   --->   "%sext_ln70_133 = sext i16 %a_67" [firmware/nnet_utils/nnet_mult.h:70->firmware/nnet_utils/nnet_dense_latency.h:42]   --->   Operation 99 'sext' 'sext_ln70_133' <Predicate = true> <Delay = 0.00>
ST_2 : Operation 100 [1/1] (0.00ns)   --->   "%sext_ln70_134 = sext i16 %a_67" [firmware/nnet_utils/nnet_mult.h:70->firmware/nnet_utils/nnet_dense_latency.h:42]   --->   Operation 100 'sext' 'sext_ln70_134' <Predicate = true> <Delay = 0.00>
ST_2 : Operation 101 [1/1] (0.00ns)   --->   "%sext_ln70_135 = sext i16 %a_67" [firmware/nnet_utils/nnet_mult.h:70->firmware/nnet_utils/nnet_dense_latency.h:42]   --->   Operation 101 'sext' 'sext_ln70_135' <Predicate = true> <Delay = 0.00>
ST_2 : Operation 102 [1/1] (3.57ns)   --->   "%mult_443 = mul i23 %sext_ln70_133, i23 42" [firmware/nnet_utils/nnet_mult.h:73->firmware/nnet_utils/nnet_dense_latency.h:42]   --->   Operation 102 'mul' 'mult_443' <Predicate = true> <Delay = 3.57> <CoreInst = "Multiplier">   --->   Core 3 'Multiplier' <Latency = 0> <II = 1> <Delay = 3.57> <FuncUnit> <Opcode : 'mul'> <InPorts = 2> <OutPorts = 1>
ST_2 : Operation 103 [1/1] (0.00ns)   --->   "%shl_ln73_78 = bitconcatenate i21 @_ssdm_op_BitConcatenate.i21.i16.i5, i16 %a_67, i5 0" [firmware/nnet_utils/nnet_mult.h:73->firmware/nnet_utils/nnet_dense_latency.h:42]   --->   Operation 103 'bitconcatenate' 'shl_ln73_78' <Predicate = true> <Delay = 0.00>
ST_2 : Operation 104 [1/1] (0.00ns)   --->   "%sext_ln73_217 = sext i21 %shl_ln73_78" [firmware/nnet_utils/nnet_mult.h:73->firmware/nnet_utils/nnet_dense_latency.h:42]   --->   Operation 104 'sext' 'sext_ln73_217' <Predicate = true> <Delay = 0.00>
ST_2 : Operation 105 [1/1] (1.43ns)   --->   "%mult_444 = sub i22 %sext_ln73_217, i22 %sext_ln70_134" [firmware/nnet_utils/nnet_mult.h:73->firmware/nnet_utils/nnet_dense_latency.h:42]   --->   Operation 105 'sub' 'mult_444' <Predicate = true> <Delay = 1.43> <CoreInst = "Adder">   --->   Core 1 'Adder' <Latency = 0> <II = 1> <Delay = 1.43> <FuncUnit> <Opcode : 'add' 'sub'> <InPorts = 2> <OutPorts = 1>
ST_2 : Operation 106 [1/1] (0.00ns)   --->   "%sext_ln17_18 = sext i22 %mult_444" [firmware/nnet_utils/nnet_dense_latency.h:17]   --->   Operation 106 'sext' 'sext_ln17_18' <Predicate = true> <Delay = 0.00>
ST_2 : Operation 107 [1/1] (3.57ns)   --->   "%mult_446 = mul i24 %sext_ln70_135, i24 16777097" [firmware/nnet_utils/nnet_mult.h:73->firmware/nnet_utils/nnet_dense_latency.h:42]   --->   Operation 107 'mul' 'mult_446' <Predicate = true> <Delay = 3.57> <CoreInst = "Multiplier">   --->   Core 3 'Multiplier' <Latency = 0> <II = 1> <Delay = 3.57> <FuncUnit> <Opcode : 'mul'> <InPorts = 2> <OutPorts = 1>
ST_2 : Operation 108 [1/1] (0.00ns)   --->   "%a_68 = load i16 %void_compute_output_buffer_2d_array_const_ap_shift_reg_n_chan_stream_weig_2"   --->   Operation 108 'load' 'a_68' <Predicate = true> <Delay = 0.00>
ST_2 : Operation 109 [1/1] (0.00ns)   --->   "%sext_ln70_136 = sext i16 %a_68" [firmware/nnet_utils/nnet_mult.h:70->firmware/nnet_utils/nnet_dense_latency.h:42]   --->   Operation 109 'sext' 'sext_ln70_136' <Predicate = true> <Delay = 0.00>
ST_2 : Operation 110 [1/1] (0.00ns)   --->   "%sext_ln70_137 = sext i16 %a_68" [firmware/nnet_utils/nnet_mult.h:70->firmware/nnet_utils/nnet_dense_latency.h:42]   --->   Operation 110 'sext' 'sext_ln70_137' <Predicate = true> <Delay = 0.00>
ST_2 : Operation 111 [1/1] (0.00ns)   --->   "%sext_ln70_138 = sext i16 %a_68" [firmware/nnet_utils/nnet_mult.h:70->firmware/nnet_utils/nnet_dense_latency.h:42]   --->   Operation 111 'sext' 'sext_ln70_138' <Predicate = true> <Delay = 0.00>
ST_2 : Operation 112 [1/1] (3.57ns)   --->   "%mult_451 = mul i23 %sext_ln70_138, i23 51" [firmware/nnet_utils/nnet_mult.h:73->firmware/nnet_utils/nnet_dense_latency.h:42]   --->   Operation 112 'mul' 'mult_451' <Predicate = true> <Delay = 3.57> <CoreInst = "Multiplier">   --->   Core 3 'Multiplier' <Latency = 0> <II = 1> <Delay = 3.57> <FuncUnit> <Opcode : 'mul'> <InPorts = 2> <OutPorts = 1>
ST_2 : Operation 113 [1/1] (3.57ns)   --->   "%mult_452 = mul i24 %sext_ln70_137, i24 16777105" [firmware/nnet_utils/nnet_mult.h:73->firmware/nnet_utils/nnet_dense_latency.h:42]   --->   Operation 113 'mul' 'mult_452' <Predicate = true> <Delay = 3.57> <CoreInst = "Multiplier">   --->   Core 3 'Multiplier' <Latency = 0> <II = 1> <Delay = 3.57> <FuncUnit> <Opcode : 'mul'> <InPorts = 2> <OutPorts = 1>
ST_2 : Operation 114 [1/1] (3.57ns)   --->   "%mult_457 = mul i21 %sext_ln70_136, i21 2097139" [firmware/nnet_utils/nnet_mult.h:73->firmware/nnet_utils/nnet_dense_latency.h:42]   --->   Operation 114 'mul' 'mult_457' <Predicate = true> <Delay = 3.57> <CoreInst = "Multiplier">   --->   Core 3 'Multiplier' <Latency = 0> <II = 1> <Delay = 3.57> <FuncUnit> <Opcode : 'mul'> <InPorts = 2> <OutPorts = 1>
ST_2 : Operation 115 [1/1] (0.00ns)   --->   "%a_69 = load i16 %void_compute_output_buffer_2d_array_const_ap_shift_reg_n_chan_stream_weig_1"   --->   Operation 115 'load' 'a_69' <Predicate = true> <Delay = 0.00>
ST_2 : Operation 116 [1/1] (0.00ns)   --->   "%sext_ln70_140 = sext i16 %a_69" [firmware/nnet_utils/nnet_mult.h:70->firmware/nnet_utils/nnet_dense_latency.h:42]   --->   Operation 116 'sext' 'sext_ln70_140' <Predicate = true> <Delay = 0.00>
ST_2 : Operation 117 [1/1] (0.00ns)   --->   "%sext_ln70_141 = sext i16 %a_69" [firmware/nnet_utils/nnet_mult.h:70->firmware/nnet_utils/nnet_dense_latency.h:42]   --->   Operation 117 'sext' 'sext_ln70_141' <Predicate = true> <Delay = 0.00>
ST_2 : Operation 118 [1/1] (3.57ns)   --->   "%mult_463 = mul i21 %sext_ln70_141, i21 11" [firmware/nnet_utils/nnet_mult.h:73->firmware/nnet_utils/nnet_dense_latency.h:42]   --->   Operation 118 'mul' 'mult_463' <Predicate = true> <Delay = 3.57> <CoreInst = "Multiplier">   --->   Core 3 'Multiplier' <Latency = 0> <II = 1> <Delay = 3.57> <FuncUnit> <Opcode : 'mul'> <InPorts = 2> <OutPorts = 1>
ST_2 : Operation 119 [1/1] (3.57ns)   --->   "%mult_467 = mul i24 %sext_ln70_140, i24 16777138" [firmware/nnet_utils/nnet_mult.h:73->firmware/nnet_utils/nnet_dense_latency.h:42]   --->   Operation 119 'mul' 'mult_467' <Predicate = true> <Delay = 3.57> <CoreInst = "Multiplier">   --->   Core 3 'Multiplier' <Latency = 0> <II = 1> <Delay = 3.57> <FuncUnit> <Opcode : 'mul'> <InPorts = 2> <OutPorts = 1>
ST_2 : Operation 120 [1/1] (0.00ns)   --->   "%a_70 = load i16 %void_compute_output_buffer_2d_array_const_ap_shift_reg_n_chan_stream_weig"   --->   Operation 120 'load' 'a_70' <Predicate = true> <Delay = 0.00>
ST_2 : Operation 121 [1/1] (0.00ns)   --->   "%sext_ln70_143 = sext i16 %a_70" [firmware/nnet_utils/nnet_mult.h:70->firmware/nnet_utils/nnet_dense_latency.h:42]   --->   Operation 121 'sext' 'sext_ln70_143' <Predicate = true> <Delay = 0.00>
ST_2 : Operation 122 [1/1] (3.57ns)   --->   "%mult_470 = mul i24 %sext_ln70_143, i24 16777132" [firmware/nnet_utils/nnet_mult.h:73->firmware/nnet_utils/nnet_dense_latency.h:42]   --->   Operation 122 'mul' 'mult_470' <Predicate = true> <Delay = 3.57> <CoreInst = "Multiplier">   --->   Core 3 'Multiplier' <Latency = 0> <II = 1> <Delay = 3.57> <FuncUnit> <Opcode : 'mul'> <InPorts = 2> <OutPorts = 1>
ST_2 : Operation 123 [1/1] (3.57ns)   --->   "%mul_ln17_13 = mul i24 %sext_ln70_143, i24 16777065" [firmware/nnet_utils/nnet_dense_latency.h:17]   --->   Operation 123 'mul' 'mul_ln17_13' <Predicate = true> <Delay = 3.57> <CoreInst = "Multiplier">   --->   Core 3 'Multiplier' <Latency = 0> <II = 1> <Delay = 3.57> <FuncUnit> <Opcode : 'mul'> <InPorts = 2> <OutPorts = 1>
ST_2 : Operation 124 [1/1] (0.00ns)   --->   "%a_134 = load i16 %p_ZZN4nnet24compute_output_buffer_2dINS_5arrayI8ap_fixedILi16ELi6EL9ap_q_mode5EL9_60"   --->   Operation 124 'load' 'a_134' <Predicate = true> <Delay = 0.00>
ST_2 : Operation 125 [1/1] (0.00ns)   --->   "%sext_ln70_152 = sext i16 %a_134" [firmware/nnet_utils/nnet_mult.h:70->firmware/nnet_utils/nnet_dense_latency.h:42]   --->   Operation 125 'sext' 'sext_ln70_152' <Predicate = true> <Delay = 0.00>
ST_2 : Operation 126 [1/1] (3.57ns)   --->   "%mult_489 = mul i24 %sext_ln70_152, i24 88" [firmware/nnet_utils/nnet_mult.h:73->firmware/nnet_utils/nnet_dense_latency.h:42]   --->   Operation 126 'mul' 'mult_489' <Predicate = true> <Delay = 3.57> <CoreInst = "Multiplier">   --->   Core 3 'Multiplier' <Latency = 0> <II = 1> <Delay = 3.57> <FuncUnit> <Opcode : 'mul'> <InPorts = 2> <OutPorts = 1>
ST_2 : Operation 127 [1/1] (0.00ns)   --->   "%a_73 = load i16 %p_ZZN4nnet24compute_output_buffer_2dINS_5arrayI8ap_fixedILi16ELi6EL9ap_q_mode5EL9_59"   --->   Operation 127 'load' 'a_73' <Predicate = true> <Delay = 0.00>
ST_2 : Operation 128 [1/1] (0.00ns)   --->   "%sext_ln70_156 = sext i16 %a_73" [firmware/nnet_utils/nnet_mult.h:70->firmware/nnet_utils/nnet_dense_latency.h:42]   --->   Operation 128 'sext' 'sext_ln70_156' <Predicate = true> <Delay = 0.00>
ST_2 : Operation 129 [1/1] (3.57ns)   --->   "%mult_505 = mul i22 %sext_ln70_156, i22 4194281" [firmware/nnet_utils/nnet_mult.h:73->firmware/nnet_utils/nnet_dense_latency.h:42]   --->   Operation 129 'mul' 'mult_505' <Predicate = true> <Delay = 3.57> <CoreInst = "Multiplier">   --->   Core 3 'Multiplier' <Latency = 0> <II = 1> <Delay = 3.57> <FuncUnit> <Opcode : 'mul'> <InPorts = 2> <OutPorts = 1>
ST_2 : Operation 130 [1/1] (0.00ns)   --->   "%a_75 = load i16 %p_ZZN4nnet24compute_output_buffer_2dINS_5arrayI8ap_fixedILi16ELi6EL9ap_q_mode5EL9_57"   --->   Operation 130 'load' 'a_75' <Predicate = true> <Delay = 0.00>
ST_2 : Operation 131 [1/1] (0.00ns)   --->   "%sext_ln17_46 = sext i16 %a_75" [firmware/nnet_utils/nnet_dense_latency.h:17]   --->   Operation 131 'sext' 'sext_ln17_46' <Predicate = true> <Delay = 0.00>
ST_2 : Operation 132 [1/1] (3.57ns)   --->   "%mul_ln17_16 = mul i22 %sext_ln17_46, i22 4194252" [firmware/nnet_utils/nnet_dense_latency.h:17]   --->   Operation 132 'mul' 'mul_ln17_16' <Predicate = true> <Delay = 3.57> <CoreInst = "Multiplier">   --->   Core 3 'Multiplier' <Latency = 0> <II = 1> <Delay = 3.57> <FuncUnit> <Opcode : 'mul'> <InPorts = 2> <OutPorts = 1>
ST_2 : Operation 133 [1/1] (0.00ns)   --->   "%a_78 = load i16 %p_ZZN4nnet24compute_output_buffer_2dINS_5arrayI8ap_fixedILi16ELi6EL9ap_q_mode5EL9_54"   --->   Operation 133 'load' 'a_78' <Predicate = true> <Delay = 0.00>
ST_2 : Operation 134 [1/1] (0.00ns)   --->   "%sext_ln70_173 = sext i16 %a_78" [firmware/nnet_utils/nnet_mult.h:70->firmware/nnet_utils/nnet_dense_latency.h:42]   --->   Operation 134 'sext' 'sext_ln70_173' <Predicate = true> <Delay = 0.00>
ST_2 : Operation 135 [1/1] (3.57ns)   --->   "%mult_547 = mul i22 %sext_ln70_173, i22 4194277" [firmware/nnet_utils/nnet_mult.h:73->firmware/nnet_utils/nnet_dense_latency.h:42]   --->   Operation 135 'mul' 'mult_547' <Predicate = true> <Delay = 3.57> <CoreInst = "Multiplier">   --->   Core 3 'Multiplier' <Latency = 0> <II = 1> <Delay = 3.57> <FuncUnit> <Opcode : 'mul'> <InPorts = 2> <OutPorts = 1>
ST_2 : Operation 136 [1/1] (0.00ns)   --->   "%a_79 = load i16 %p_ZZN4nnet24compute_output_buffer_2dINS_5arrayI8ap_fixedILi16ELi6EL9ap_q_mode5EL9_53"   --->   Operation 136 'load' 'a_79' <Predicate = true> <Delay = 0.00>
ST_2 : Operation 137 [1/1] (0.00ns)   --->   "%sext_ln70_178 = sext i16 %a_79" [firmware/nnet_utils/nnet_mult.h:70->firmware/nnet_utils/nnet_dense_latency.h:42]   --->   Operation 137 'sext' 'sext_ln70_178' <Predicate = true> <Delay = 0.00>
ST_2 : Operation 138 [1/1] (3.57ns)   --->   "%mult_558 = mul i22 %sext_ln70_178, i22 25" [firmware/nnet_utils/nnet_mult.h:73->firmware/nnet_utils/nnet_dense_latency.h:42]   --->   Operation 138 'mul' 'mult_558' <Predicate = true> <Delay = 3.57> <CoreInst = "Multiplier">   --->   Core 3 'Multiplier' <Latency = 0> <II = 1> <Delay = 3.57> <FuncUnit> <Opcode : 'mul'> <InPorts = 2> <OutPorts = 1>
ST_2 : Operation 139 [1/1] (0.00ns)   --->   "%a_82 = load i16 %p_ZZN4nnet24compute_output_buffer_2dINS_5arrayI8ap_fixedILi16ELi6EL9ap_q_mode5EL9_50"   --->   Operation 139 'load' 'a_82' <Predicate = true> <Delay = 0.00>
ST_2 : Operation 140 [1/1] (0.00ns)   --->   "%sext_ln70_188 = sext i16 %a_82" [firmware/nnet_utils/nnet_mult.h:70->firmware/nnet_utils/nnet_dense_latency.h:42]   --->   Operation 140 'sext' 'sext_ln70_188' <Predicate = true> <Delay = 0.00>
ST_2 : Operation 141 [1/1] (3.57ns)   --->   "%mult_580 = mul i22 %sext_ln70_188, i22 4194281" [firmware/nnet_utils/nnet_mult.h:73->firmware/nnet_utils/nnet_dense_latency.h:42]   --->   Operation 141 'mul' 'mult_580' <Predicate = true> <Delay = 3.57> <CoreInst = "Multiplier">   --->   Core 3 'Multiplier' <Latency = 0> <II = 1> <Delay = 3.57> <FuncUnit> <Opcode : 'mul'> <InPorts = 2> <OutPorts = 1>
ST_2 : Operation 142 [1/1] (1.42ns)   --->   "%add_ln58 = add i19 %sext_ln17_1, i19 420864" [firmware/nnet_utils/nnet_dense_latency.h:58]   --->   Operation 142 'add' 'add_ln58' <Predicate = true> <Delay = 1.42> <CoreInst = "Adder">   --->   Core 1 'Adder' <Latency = 0> <II = 1> <Delay = 1.42> <FuncUnit> <Opcode : 'add' 'sub'> <InPorts = 2> <OutPorts = 1>
ST_2 : Operation 143 [1/1] (1.44ns)   --->   "%add_ln58_343 = add i22 %mul_ln17, i22 32768" [firmware/nnet_utils/nnet_dense_latency.h:58]   --->   Operation 143 'add' 'add_ln58_343' <Predicate = true> <Delay = 1.44> <CoreInst = "Adder">   --->   Core 1 'Adder' <Latency = 0> <II = 1> <Delay = 1.44> <FuncUnit> <Opcode : 'add' 'sub'> <InPorts = 2> <OutPorts = 1>
ST_2 : Operation 144 [1/1] (1.44ns)   --->   "%add_ln58_345 = add i22 %mul_ln17_2, i22 4072448" [firmware/nnet_utils/nnet_dense_latency.h:58]   --->   Operation 144 'add' 'add_ln58_345' <Predicate = true> <Delay = 1.44> <CoreInst = "Adder">   --->   Core 1 'Adder' <Latency = 0> <II = 1> <Delay = 1.44> <FuncUnit> <Opcode : 'add' 'sub'> <InPorts = 2> <OutPorts = 1>
ST_2 : Operation 145 [1/1] (0.00ns)   --->   "%sext_ln58_193 = sext i22 %add_ln58_345" [firmware/nnet_utils/nnet_dense_latency.h:58]   --->   Operation 145 'sext' 'sext_ln58_193' <Predicate = true> <Delay = 0.00>
ST_2 : Operation 146 [1/1] (1.44ns)   --->   "%add_ln58_346 = add i23 %mul_ln17_3, i23 8267776" [firmware/nnet_utils/nnet_dense_latency.h:58]   --->   Operation 146 'add' 'add_ln58_346' <Predicate = true> <Delay = 1.44> <CoreInst = "Adder">   --->   Core 1 'Adder' <Latency = 0> <II = 1> <Delay = 1.44> <FuncUnit> <Opcode : 'add' 'sub'> <InPorts = 2> <OutPorts = 1>
ST_2 : Operation 147 [1/1] (1.44ns)   --->   "%add_ln58_348 = add i23 %mul_ln17_5, i23 8266752" [firmware/nnet_utils/nnet_dense_latency.h:58]   --->   Operation 147 'add' 'add_ln58_348' <Predicate = true> <Delay = 1.44> <CoreInst = "Adder">   --->   Core 1 'Adder' <Latency = 0> <II = 1> <Delay = 1.44> <FuncUnit> <Opcode : 'add' 'sub'> <InPorts = 2> <OutPorts = 1>
ST_2 : Operation 148 [1/1] (1.02ns) (root node of TernaryAdder)   --->   "%add_ln58_353 = add i21 %add_ln73, i21 94208" [firmware/nnet_utils/nnet_dense_latency.h:58]   --->   Operation 148 'add' 'add_ln58_353' <Predicate = true> <Delay = 1.02> <CoreInst = "TAddSub">   --->   Core 10 'TAddSub' <Latency = 0> <II = 1> <Delay = 0.53> <IPBlock> <Opcode : '' 'add' 'sub'> <InPorts = 3> <OutPorts = 1> <Sync> <CReg>
ST_2 : Operation 149 [1/1] (0.00ns)   --->   "%sext_ln58_195 = sext i21 %add_ln58_353" [firmware/nnet_utils/nnet_dense_latency.h:58]   --->   Operation 149 'sext' 'sext_ln58_195' <Predicate = true> <Delay = 0.00>
ST_2 : Operation 150 [1/1] (1.43ns)   --->   "%add_ln58_354 = add i22 %sext_ln58_195, i22 %sext_ln73_202" [firmware/nnet_utils/nnet_dense_latency.h:58]   --->   Operation 150 'add' 'add_ln58_354' <Predicate = true> <Delay = 1.43> <CoreInst = "Adder">   --->   Core 1 'Adder' <Latency = 0> <II = 1> <Delay = 1.43> <FuncUnit> <Opcode : 'add' 'sub'> <InPorts = 2> <OutPorts = 1>
ST_2 : Operation 151 [1/1] (1.44ns)   --->   "%add_ln58_359 = add i23 %sext_ln58_193, i23 %sext_ln17_5" [firmware/nnet_utils/nnet_dense_latency.h:58]   --->   Operation 151 'add' 'add_ln58_359' <Predicate = true> <Delay = 1.44> <CoreInst = "Adder">   --->   Core 1 'Adder' <Latency = 0> <II = 1> <Delay = 1.44> <FuncUnit> <Opcode : 'add' 'sub'> <InPorts = 2> <OutPorts = 1>
ST_2 : Operation 152 [1/1] (1.44ns)   --->   "%add_ln58_373 = add i22 %mult_403, i22 %sext_ln17_9" [firmware/nnet_utils/nnet_dense_latency.h:58]   --->   Operation 152 'add' 'add_ln58_373' <Predicate = true> <Delay = 1.44> <CoreInst = "Adder">   --->   Core 1 'Adder' <Latency = 0> <II = 1> <Delay = 1.44> <FuncUnit> <Opcode : 'add' 'sub'> <InPorts = 2> <OutPorts = 1>
ST_2 : Operation 153 [1/1] (1.03ns) (root node of TernaryAdder)   --->   "%add_ln58_390 = add i24 %mult_424, i24 %sext_ln17_18" [firmware/nnet_utils/nnet_dense_latency.h:58]   --->   Operation 153 'add' 'add_ln58_390' <Predicate = true> <Delay = 1.03> <CoreInst = "TAddSub">   --->   Core 10 'TAddSub' <Latency = 0> <II = 1> <Delay = 0.53> <IPBlock> <Opcode : '' 'add' 'sub'> <InPorts = 3> <OutPorts = 1> <Sync> <CReg>

State 3 <SV = 2> <Delay = 3.57>
ST_3 : Operation 154 [1/1] (0.00ns)   --->   "%shl_ln73_62 = bitconcatenate i23 @_ssdm_op_BitConcatenate.i23.i16.i7, i16 %a, i7 0" [firmware/nnet_utils/nnet_mult.h:73->firmware/nnet_utils/nnet_dense_latency.h:42]   --->   Operation 154 'bitconcatenate' 'shl_ln73_62' <Predicate = true> <Delay = 0.00>
ST_3 : Operation 155 [1/1] (0.00ns)   --->   "%sext_ln73_203 = sext i23 %shl_ln73_62" [firmware/nnet_utils/nnet_mult.h:73->firmware/nnet_utils/nnet_dense_latency.h:42]   --->   Operation 155 'sext' 'sext_ln73_203' <Predicate = true> <Delay = 0.00>
ST_3 : Operation 156 [1/1] (0.00ns)   --->   "%shl_ln73_63 = bitconcatenate i18 @_ssdm_op_BitConcatenate.i18.i16.i2, i16 %a, i2 0" [firmware/nnet_utils/nnet_mult.h:73->firmware/nnet_utils/nnet_dense_latency.h:42]   --->   Operation 156 'bitconcatenate' 'shl_ln73_63' <Predicate = true> <Delay = 0.00>
ST_3 : Operation 157 [1/1] (0.00ns)   --->   "%sext_ln73_204 = sext i18 %shl_ln73_63" [firmware/nnet_utils/nnet_mult.h:73->firmware/nnet_utils/nnet_dense_latency.h:42]   --->   Operation 157 'sext' 'sext_ln73_204' <Predicate = true> <Delay = 0.00>
ST_3 : Operation 158 [1/1] (1.44ns)   --->   "%mult_399 = add i24 %sext_ln73_203, i24 %sext_ln73_204" [firmware/nnet_utils/nnet_mult.h:73->firmware/nnet_utils/nnet_dense_latency.h:42]   --->   Operation 158 'add' 'mult_399' <Predicate = true> <Delay = 1.44> <CoreInst = "Adder">   --->   Core 1 'Adder' <Latency = 0> <II = 1> <Delay = 1.44> <FuncUnit> <Opcode : 'add' 'sub'> <InPorts = 2> <OutPorts = 1>
ST_3 : Operation 159 [1/1] (0.00ns)   --->   "%sext_ln17_2 = sext i24 %mult_399" [firmware/nnet_utils/nnet_dense_latency.h:17]   --->   Operation 159 'sext' 'sext_ln17_2' <Predicate = true> <Delay = 0.00>
ST_3 : Operation 160 [1/1] (0.00ns)   --->   "%shl_ln73_66 = bitconcatenate i21 @_ssdm_op_BitConcatenate.i21.i16.i5, i16 %a, i5 0" [firmware/nnet_utils/nnet_mult.h:73->firmware/nnet_utils/nnet_dense_latency.h:42]   --->   Operation 160 'bitconcatenate' 'shl_ln73_66' <Predicate = true> <Delay = 0.00>
ST_3 : Operation 161 [1/1] (0.00ns)   --->   "%sext_ln73_207 = sext i21 %shl_ln73_66" [firmware/nnet_utils/nnet_mult.h:73->firmware/nnet_utils/nnet_dense_latency.h:42]   --->   Operation 161 'sext' 'sext_ln73_207' <Predicate = true> <Delay = 0.00>
ST_3 : Operation 162 [1/1] (0.00ns) (grouped into TernaryAdder)   --->   "%mult_400 = sub i24 %sext_ln73_203, i24 %sext_ln73_207" [firmware/nnet_utils/nnet_mult.h:73->firmware/nnet_utils/nnet_dense_latency.h:42]   --->   Operation 162 'sub' 'mult_400' <Predicate = true> <Delay = 0.00> <CoreInst = "TAddSub">   --->   Core 10 'TAddSub' <Latency = 0> <II = 1> <Delay = 0.53> <IPBlock> <Opcode : '' 'add' 'sub'> <InPorts = 3> <OutPorts = 1> <Sync> <CReg>
ST_3 : Operation 163 [1/1] (0.00ns)   --->   "%sext_ln17_4 = sext i24 %mult_402" [firmware/nnet_utils/nnet_dense_latency.h:17]   --->   Operation 163 'sext' 'sext_ln17_4' <Predicate = true> <Delay = 0.00>
ST_3 : Operation 164 [1/1] (0.00ns)   --->   "%sext_ln17_6 = sext i23 %mult_408" [firmware/nnet_utils/nnet_dense_latency.h:17]   --->   Operation 164 'sext' 'sext_ln17_6' <Predicate = true> <Delay = 0.00>
ST_3 : Operation 165 [1/1] (0.00ns)   --->   "%sext_ln17_7 = sext i25 %mult_409" [firmware/nnet_utils/nnet_dense_latency.h:17]   --->   Operation 165 'sext' 'sext_ln17_7' <Predicate = true> <Delay = 0.00>
ST_3 : Operation 166 [1/1] (0.00ns)   --->   "%shl_ln73_69 = bitconcatenate i24 @_ssdm_op_BitConcatenate.i24.i16.i8, i16 %a_64, i8 0" [firmware/nnet_utils/nnet_mult.h:73->firmware/nnet_utils/nnet_dense_latency.h:42]   --->   Operation 166 'bitconcatenate' 'shl_ln73_69' <Predicate = true> <Delay = 0.00>
ST_3 : Operation 167 [1/1] (0.00ns)   --->   "%sext_ln73_210 = sext i24 %shl_ln73_69" [firmware/nnet_utils/nnet_mult.h:73->firmware/nnet_utils/nnet_dense_latency.h:42]   --->   Operation 167 'sext' 'sext_ln73_210' <Predicate = true> <Delay = 0.00>
ST_3 : Operation 168 [1/1] (0.00ns)   --->   "%shl_ln73_70 = bitconcatenate i22 @_ssdm_op_BitConcatenate.i22.i16.i6, i16 %a_64, i6 0" [firmware/nnet_utils/nnet_mult.h:73->firmware/nnet_utils/nnet_dense_latency.h:42]   --->   Operation 168 'bitconcatenate' 'shl_ln73_70' <Predicate = true> <Delay = 0.00>
ST_3 : Operation 169 [1/1] (0.00ns)   --->   "%sext_ln73_211 = sext i22 %shl_ln73_70" [firmware/nnet_utils/nnet_mult.h:73->firmware/nnet_utils/nnet_dense_latency.h:42]   --->   Operation 169 'sext' 'sext_ln73_211' <Predicate = true> <Delay = 0.00>
ST_3 : Operation 170 [1/1] (1.45ns)   --->   "%mult_411 = sub i25 %sext_ln73_211, i25 %sext_ln73_210" [firmware/nnet_utils/nnet_mult.h:73->firmware/nnet_utils/nnet_dense_latency.h:42]   --->   Operation 170 'sub' 'mult_411' <Predicate = true> <Delay = 1.45> <CoreInst = "Adder">   --->   Core 1 'Adder' <Latency = 0> <II = 1> <Delay = 1.45> <FuncUnit> <Opcode : 'add' 'sub'> <InPorts = 2> <OutPorts = 1>
ST_3 : Operation 171 [1/1] (3.57ns)   --->   "%mult_422 = mul i25 %sext_ln70_126, i25 33554223" [firmware/nnet_utils/nnet_mult.h:73->firmware/nnet_utils/nnet_dense_latency.h:42]   --->   Operation 171 'mul' 'mult_422' <Predicate = true> <Delay = 3.57> <CoreInst = "Multiplier">   --->   Core 3 'Multiplier' <Latency = 0> <II = 1> <Delay = 3.57> <FuncUnit> <Opcode : 'mul'> <InPorts = 2> <OutPorts = 1>
ST_3 : Operation 172 [1/1] (0.00ns)   --->   "%sext_ln17_10 = sext i22 %mult_425" [firmware/nnet_utils/nnet_dense_latency.h:17]   --->   Operation 172 'sext' 'sext_ln17_10' <Predicate = true> <Delay = 0.00>
ST_3 : Operation 173 [1/1] (3.57ns)   --->   "%mult_426 = mul i25 %sext_ln70_126, i25 33554214" [firmware/nnet_utils/nnet_mult.h:73->firmware/nnet_utils/nnet_dense_latency.h:42]   --->   Operation 173 'mul' 'mult_426' <Predicate = true> <Delay = 3.57> <CoreInst = "Multiplier">   --->   Core 3 'Multiplier' <Latency = 0> <II = 1> <Delay = 3.57> <FuncUnit> <Opcode : 'mul'> <InPorts = 2> <OutPorts = 1>
ST_3 : Operation 174 [1/1] (0.00ns)   --->   "%sext_ln70_127 = sext i16 %a_66" [firmware/nnet_utils/nnet_mult.h:70->firmware/nnet_utils/nnet_dense_latency.h:42]   --->   Operation 174 'sext' 'sext_ln70_127' <Predicate = true> <Delay = 0.00>
ST_3 : Operation 175 [1/1] (0.00ns)   --->   "%sext_ln70_128 = sext i16 %a_66" [firmware/nnet_utils/nnet_mult.h:70->firmware/nnet_utils/nnet_dense_latency.h:42]   --->   Operation 175 'sext' 'sext_ln70_128' <Predicate = true> <Delay = 0.00>
ST_3 : Operation 176 [1/1] (0.00ns)   --->   "%sext_ln70_130 = sext i16 %a_66" [firmware/nnet_utils/nnet_mult.h:70->firmware/nnet_utils/nnet_dense_latency.h:42]   --->   Operation 176 'sext' 'sext_ln70_130' <Predicate = true> <Delay = 0.00>
ST_3 : Operation 177 [1/1] (0.00ns)   --->   "%sext_ln17_12 = sext i24 %mult_430" [firmware/nnet_utils/nnet_dense_latency.h:17]   --->   Operation 177 'sext' 'sext_ln17_12' <Predicate = true> <Delay = 0.00>
ST_3 : Operation 178 [1/1] (3.57ns)   --->   "%mult_431 = mul i27 %sext_ln70_130, i27 834" [firmware/nnet_utils/nnet_mult.h:73->firmware/nnet_utils/nnet_dense_latency.h:42]   --->   Operation 178 'mul' 'mult_431' <Predicate = true> <Delay = 3.57> <CoreInst = "Multiplier">   --->   Core 3 'Multiplier' <Latency = 0> <II = 1> <Delay = 3.57> <FuncUnit> <Opcode : 'mul'> <InPorts = 2> <OutPorts = 1>
ST_3 : Operation 179 [1/1] (0.00ns)   --->   "%shl_ln73_74 = bitconcatenate i21 @_ssdm_op_BitConcatenate.i21.i16.i5, i16 %a_66, i5 0" [firmware/nnet_utils/nnet_mult.h:73->firmware/nnet_utils/nnet_dense_latency.h:42]   --->   Operation 179 'bitconcatenate' 'shl_ln73_74' <Predicate = true> <Delay = 0.00>
ST_3 : Operation 180 [1/1] (0.00ns)   --->   "%sext_ln73_214 = sext i21 %shl_ln73_74" [firmware/nnet_utils/nnet_mult.h:73->firmware/nnet_utils/nnet_dense_latency.h:42]   --->   Operation 180 'sext' 'sext_ln73_214' <Predicate = true> <Delay = 0.00>
ST_3 : Operation 181 [1/1] (0.00ns)   --->   "%shl_ln73_75 = bitconcatenate i17 @_ssdm_op_BitConcatenate.i17.i16.i1, i16 %a_66, i1 0" [firmware/nnet_utils/nnet_mult.h:73->firmware/nnet_utils/nnet_dense_latency.h:42]   --->   Operation 181 'bitconcatenate' 'shl_ln73_75' <Predicate = true> <Delay = 0.00>
ST_3 : Operation 182 [1/1] (0.00ns)   --->   "%sext_ln73_215 = sext i17 %shl_ln73_75" [firmware/nnet_utils/nnet_mult.h:73->firmware/nnet_utils/nnet_dense_latency.h:42]   --->   Operation 182 'sext' 'sext_ln73_215' <Predicate = true> <Delay = 0.00>
ST_3 : Operation 183 [1/1] (0.00ns) (grouped into TernaryAdder)   --->   "%mult_432 = sub i22 %sext_ln73_214, i22 %sext_ln73_215" [firmware/nnet_utils/nnet_mult.h:73->firmware/nnet_utils/nnet_dense_latency.h:42]   --->   Operation 183 'sub' 'mult_432' <Predicate = true> <Delay = 0.00> <CoreInst = "TAddSub">   --->   Core 10 'TAddSub' <Latency = 0> <II = 1> <Delay = 0.53> <IPBlock> <Opcode : '' 'add' 'sub'> <InPorts = 3> <OutPorts = 1> <Sync> <CReg>
ST_3 : Operation 184 [1/1] (0.00ns)   --->   "%sext_ln17_13 = sext i25 %mult_434" [firmware/nnet_utils/nnet_dense_latency.h:17]   --->   Operation 184 'sext' 'sext_ln17_13' <Predicate = true> <Delay = 0.00>
ST_3 : Operation 185 [1/1] (3.57ns)   --->   "%mult_435 = mul i26 %sext_ln70_128, i26 67108605" [firmware/nnet_utils/nnet_mult.h:73->firmware/nnet_utils/nnet_dense_latency.h:42]   --->   Operation 185 'mul' 'mult_435' <Predicate = true> <Delay = 3.57> <CoreInst = "Multiplier">   --->   Core 3 'Multiplier' <Latency = 0> <II = 1> <Delay = 3.57> <FuncUnit> <Opcode : 'mul'> <InPorts = 2> <OutPorts = 1>
ST_3 : Operation 186 [1/1] (3.57ns)   --->   "%mult_437 = mul i28 %sext_ln70_127, i28 268434405" [firmware/nnet_utils/nnet_mult.h:73->firmware/nnet_utils/nnet_dense_latency.h:42]   --->   Operation 186 'mul' 'mult_437' <Predicate = true> <Delay = 3.57> <CoreInst = "Multiplier">   --->   Core 3 'Multiplier' <Latency = 0> <II = 1> <Delay = 3.57> <FuncUnit> <Opcode : 'mul'> <InPorts = 2> <OutPorts = 1>
ST_3 : Operation 187 [1/1] (0.00ns)   --->   "%sext_ln17_14 = sext i24 %mult_438" [firmware/nnet_utils/nnet_dense_latency.h:17]   --->   Operation 187 'sext' 'sext_ln17_14' <Predicate = true> <Delay = 0.00>
ST_3 : Operation 188 [1/1] (0.00ns)   --->   "%sext_ln70_132 = sext i16 %a_67" [firmware/nnet_utils/nnet_mult.h:70->firmware/nnet_utils/nnet_dense_latency.h:42]   --->   Operation 188 'sext' 'sext_ln70_132' <Predicate = true> <Delay = 0.00>
ST_3 : Operation 189 [1/1] (0.00ns)   --->   "%mult_439 = bitconcatenate i20 @_ssdm_op_BitConcatenate.i20.i16.i4, i16 %a_67, i4 0" [firmware/nnet_utils/nnet_mult.h:73->firmware/nnet_utils/nnet_dense_latency.h:42]   --->   Operation 189 'bitconcatenate' 'mult_439' <Predicate = true> <Delay = 0.00>
ST_3 : Operation 190 [1/1] (0.00ns)   --->   "%sext_ln42 = sext i20 %mult_439" [firmware/nnet_utils/nnet_dense_latency.h:42]   --->   Operation 190 'sext' 'sext_ln42' <Predicate = true> <Delay = 0.00>
ST_3 : Operation 191 [1/1] (3.57ns)   --->   "%mult_440 = mul i24 %sext_ln70_135, i24 94" [firmware/nnet_utils/nnet_mult.h:73->firmware/nnet_utils/nnet_dense_latency.h:42]   --->   Operation 191 'mul' 'mult_440' <Predicate = true> <Delay = 3.57> <CoreInst = "Multiplier">   --->   Core 3 'Multiplier' <Latency = 0> <II = 1> <Delay = 3.57> <FuncUnit> <Opcode : 'mul'> <InPorts = 2> <OutPorts = 1>
ST_3 : Operation 192 [1/1] (0.00ns)   --->   "%shl_ln73_77 = bitconcatenate i22 @_ssdm_op_BitConcatenate.i22.i16.i6, i16 %a_67, i6 0" [firmware/nnet_utils/nnet_mult.h:73->firmware/nnet_utils/nnet_dense_latency.h:42]   --->   Operation 192 'bitconcatenate' 'shl_ln73_77' <Predicate = true> <Delay = 0.00>
ST_3 : Operation 193 [1/1] (0.00ns)   --->   "%sext_ln73_216 = sext i22 %shl_ln73_77" [firmware/nnet_utils/nnet_mult.h:73->firmware/nnet_utils/nnet_dense_latency.h:42]   --->   Operation 193 'sext' 'sext_ln73_216' <Predicate = true> <Delay = 0.00>
ST_3 : Operation 194 [1/1] (0.00ns) (grouped into TernaryAdder)   --->   "%mult_441 = add i23 %sext_ln73_216, i23 %sext_ln70_133" [firmware/nnet_utils/nnet_mult.h:73->firmware/nnet_utils/nnet_dense_latency.h:42]   --->   Operation 194 'add' 'mult_441' <Predicate = true> <Delay = 0.00> <CoreInst = "TAddSub">   --->   Core 10 'TAddSub' <Latency = 0> <II = 1> <Delay = 0.53> <IPBlock> <Opcode : '' 'add' 'sub'> <InPorts = 3> <OutPorts = 1> <Sync> <CReg>
ST_3 : Operation 195 [1/1] (3.57ns)   --->   "%mult_442 = mul i25 %sext_ln70_132, i25 33554271" [firmware/nnet_utils/nnet_mult.h:73->firmware/nnet_utils/nnet_dense_latency.h:42]   --->   Operation 195 'mul' 'mult_442' <Predicate = true> <Delay = 3.57> <CoreInst = "Multiplier">   --->   Core 3 'Multiplier' <Latency = 0> <II = 1> <Delay = 3.57> <FuncUnit> <Opcode : 'mul'> <InPorts = 2> <OutPorts = 1>
ST_3 : Operation 196 [1/1] (0.00ns)   --->   "%sext_ln17_17 = sext i23 %mult_443" [firmware/nnet_utils/nnet_dense_latency.h:17]   --->   Operation 196 'sext' 'sext_ln17_17' <Predicate = true> <Delay = 0.00>
ST_3 : Operation 197 [1/1] (3.57ns)   --->   "%mult_445 = mul i25 %sext_ln70_132, i25 243" [firmware/nnet_utils/nnet_mult.h:73->firmware/nnet_utils/nnet_dense_latency.h:42]   --->   Operation 197 'mul' 'mult_445' <Predicate = true> <Delay = 3.57> <CoreInst = "Multiplier">   --->   Core 3 'Multiplier' <Latency = 0> <II = 1> <Delay = 3.57> <FuncUnit> <Opcode : 'mul'> <InPorts = 2> <OutPorts = 1>
ST_3 : Operation 198 [1/1] (0.00ns)   --->   "%sext_ln17_19 = sext i24 %mult_446" [firmware/nnet_utils/nnet_dense_latency.h:17]   --->   Operation 198 'sext' 'sext_ln17_19' <Predicate = true> <Delay = 0.00>
ST_3 : Operation 199 [1/1] (3.57ns)   --->   "%mult_447 = mul i24 %sext_ln70_135, i24 79" [firmware/nnet_utils/nnet_mult.h:73->firmware/nnet_utils/nnet_dense_latency.h:42]   --->   Operation 199 'mul' 'mult_447' <Predicate = true> <Delay = 3.57> <CoreInst = "Multiplier">   --->   Core 3 'Multiplier' <Latency = 0> <II = 1> <Delay = 3.57> <FuncUnit> <Opcode : 'mul'> <InPorts = 2> <OutPorts = 1>
ST_3 : Operation 200 [1/1] (0.00ns)   --->   "%shl_ln73_79 = bitconcatenate i23 @_ssdm_op_BitConcatenate.i23.i16.i7, i16 %a_67, i7 0" [firmware/nnet_utils/nnet_mult.h:73->firmware/nnet_utils/nnet_dense_latency.h:42]   --->   Operation 200 'bitconcatenate' 'shl_ln73_79' <Predicate = true> <Delay = 0.00>
ST_3 : Operation 201 [1/1] (0.00ns)   --->   "%sext_ln73_218 = sext i23 %shl_ln73_79" [firmware/nnet_utils/nnet_mult.h:73->firmware/nnet_utils/nnet_dense_latency.h:42]   --->   Operation 201 'sext' 'sext_ln73_218' <Predicate = true> <Delay = 0.00>
ST_3 : Operation 202 [1/1] (1.44ns)   --->   "%mult_448 = sub i24 %sext_ln73_218, i24 %sext_ln42" [firmware/nnet_utils/nnet_mult.h:73->firmware/nnet_utils/nnet_dense_latency.h:42]   --->   Operation 202 'sub' 'mult_448' <Predicate = true> <Delay = 1.44> <CoreInst = "Adder">   --->   Core 1 'Adder' <Latency = 0> <II = 1> <Delay = 1.44> <FuncUnit> <Opcode : 'add' 'sub'> <InPorts = 2> <OutPorts = 1>
ST_3 : Operation 203 [1/1] (0.00ns)   --->   "%sext_ln17_20 = sext i24 %mult_448" [firmware/nnet_utils/nnet_dense_latency.h:17]   --->   Operation 203 'sext' 'sext_ln17_20' <Predicate = true> <Delay = 0.00>
ST_3 : Operation 204 [1/1] (0.00ns)   --->   "%sext_ln70_139 = sext i16 %a_68" [firmware/nnet_utils/nnet_mult.h:70->firmware/nnet_utils/nnet_dense_latency.h:42]   --->   Operation 204 'sext' 'sext_ln70_139' <Predicate = true> <Delay = 0.00>
ST_3 : Operation 205 [1/1] (3.57ns)   --->   "%mult_449 = mul i25 %sext_ln70_139, i25 33554250" [firmware/nnet_utils/nnet_mult.h:73->firmware/nnet_utils/nnet_dense_latency.h:42]   --->   Operation 205 'mul' 'mult_449' <Predicate = true> <Delay = 3.57> <CoreInst = "Multiplier">   --->   Core 3 'Multiplier' <Latency = 0> <II = 1> <Delay = 3.57> <FuncUnit> <Opcode : 'mul'> <InPorts = 2> <OutPorts = 1>
ST_3 : Operation 206 [1/1] (3.57ns)   --->   "%mult_450 = mul i25 %sext_ln70_139, i25 33554237" [firmware/nnet_utils/nnet_mult.h:73->firmware/nnet_utils/nnet_dense_latency.h:42]   --->   Operation 206 'mul' 'mult_450' <Predicate = true> <Delay = 3.57> <CoreInst = "Multiplier">   --->   Core 3 'Multiplier' <Latency = 0> <II = 1> <Delay = 3.57> <FuncUnit> <Opcode : 'mul'> <InPorts = 2> <OutPorts = 1>
ST_3 : Operation 207 [1/1] (3.57ns)   --->   "%mul_ln17_12 = mul i24 %sext_ln70_137, i24 157" [firmware/nnet_utils/nnet_dense_latency.h:17]   --->   Operation 207 'mul' 'mul_ln17_12' <Predicate = true> <Delay = 3.57> <CoreInst = "Multiplier">   --->   Core 3 'Multiplier' <Latency = 0> <II = 1> <Delay = 3.57> <FuncUnit> <Opcode : 'mul'> <InPorts = 2> <OutPorts = 1>
ST_3 : Operation 208 [1/1] (3.57ns)   --->   "%mult_454 = mul i25 %sext_ln70_139, i25 175" [firmware/nnet_utils/nnet_mult.h:73->firmware/nnet_utils/nnet_dense_latency.h:42]   --->   Operation 208 'mul' 'mult_454' <Predicate = true> <Delay = 3.57> <CoreInst = "Multiplier">   --->   Core 3 'Multiplier' <Latency = 0> <II = 1> <Delay = 3.57> <FuncUnit> <Opcode : 'mul'> <InPorts = 2> <OutPorts = 1>
ST_3 : Operation 209 [1/1] (3.57ns)   --->   "%mult_456 = mul i25 %sext_ln70_139, i25 152" [firmware/nnet_utils/nnet_mult.h:73->firmware/nnet_utils/nnet_dense_latency.h:42]   --->   Operation 209 'mul' 'mult_456' <Predicate = true> <Delay = 3.57> <CoreInst = "Multiplier">   --->   Core 3 'Multiplier' <Latency = 0> <II = 1> <Delay = 3.57> <FuncUnit> <Opcode : 'mul'> <InPorts = 2> <OutPorts = 1>
ST_3 : Operation 210 [1/1] (0.00ns)   --->   "%sext_ln17_24 = sext i21 %mult_457" [firmware/nnet_utils/nnet_dense_latency.h:17]   --->   Operation 210 'sext' 'sext_ln17_24' <Predicate = true> <Delay = 0.00>
ST_3 : Operation 211 [1/1] (0.00ns)   --->   "%sext_ln70_142 = sext i16 %a_69" [firmware/nnet_utils/nnet_mult.h:70->firmware/nnet_utils/nnet_dense_latency.h:42]   --->   Operation 211 'sext' 'sext_ln70_142' <Predicate = true> <Delay = 0.00>
ST_3 : Operation 212 [1/1] (3.57ns)   --->   "%mult_458 = mul i25 %sext_ln70_142, i25 33554276" [firmware/nnet_utils/nnet_mult.h:73->firmware/nnet_utils/nnet_dense_latency.h:42]   --->   Operation 212 'mul' 'mult_458' <Predicate = true> <Delay = 3.57> <CoreInst = "Multiplier">   --->   Core 3 'Multiplier' <Latency = 0> <II = 1> <Delay = 3.57> <FuncUnit> <Opcode : 'mul'> <InPorts = 2> <OutPorts = 1>
ST_3 : Operation 213 [1/1] (3.57ns)   --->   "%mult_459 = mul i25 %sext_ln70_142, i25 163" [firmware/nnet_utils/nnet_mult.h:73->firmware/nnet_utils/nnet_dense_latency.h:42]   --->   Operation 213 'mul' 'mult_459' <Predicate = true> <Delay = 3.57> <CoreInst = "Multiplier">   --->   Core 3 'Multiplier' <Latency = 0> <II = 1> <Delay = 3.57> <FuncUnit> <Opcode : 'mul'> <InPorts = 2> <OutPorts = 1>
ST_3 : Operation 214 [1/1] (3.57ns)   --->   "%mult_460 = mul i25 %sext_ln70_142, i25 33554217" [firmware/nnet_utils/nnet_mult.h:73->firmware/nnet_utils/nnet_dense_latency.h:42]   --->   Operation 214 'mul' 'mult_460' <Predicate = true> <Delay = 3.57> <CoreInst = "Multiplier">   --->   Core 3 'Multiplier' <Latency = 0> <II = 1> <Delay = 3.57> <FuncUnit> <Opcode : 'mul'> <InPorts = 2> <OutPorts = 1>
ST_3 : Operation 215 [1/1] (0.00ns)   --->   "%shl_ln73_82 = bitconcatenate i20 @_ssdm_op_BitConcatenate.i20.i16.i4, i16 %a_69, i4 0" [firmware/nnet_utils/nnet_mult.h:73->firmware/nnet_utils/nnet_dense_latency.h:42]   --->   Operation 215 'bitconcatenate' 'shl_ln73_82' <Predicate = true> <Delay = 0.00>
ST_3 : Operation 216 [1/1] (0.00ns)   --->   "%sext_ln73_222 = sext i20 %shl_ln73_82" [firmware/nnet_utils/nnet_mult.h:73->firmware/nnet_utils/nnet_dense_latency.h:42]   --->   Operation 216 'sext' 'sext_ln73_222' <Predicate = true> <Delay = 0.00>
ST_3 : Operation 217 [1/1] (0.00ns)   --->   "%shl_ln73_83 = bitconcatenate i18 @_ssdm_op_BitConcatenate.i18.i16.i2, i16 %a_69, i2 0" [firmware/nnet_utils/nnet_mult.h:73->firmware/nnet_utils/nnet_dense_latency.h:42]   --->   Operation 217 'bitconcatenate' 'shl_ln73_83' <Predicate = true> <Delay = 0.00>
ST_3 : Operation 218 [1/1] (0.00ns)   --->   "%sext_ln73_223 = sext i18 %shl_ln73_83" [firmware/nnet_utils/nnet_mult.h:73->firmware/nnet_utils/nnet_dense_latency.h:42]   --->   Operation 218 'sext' 'sext_ln73_223' <Predicate = true> <Delay = 0.00>
ST_3 : Operation 219 [1/1] (1.43ns)   --->   "%mult_461 = sub i21 %sext_ln73_222, i21 %sext_ln73_223" [firmware/nnet_utils/nnet_mult.h:73->firmware/nnet_utils/nnet_dense_latency.h:42]   --->   Operation 219 'sub' 'mult_461' <Predicate = true> <Delay = 1.43> <CoreInst = "Adder">   --->   Core 1 'Adder' <Latency = 0> <II = 1> <Delay = 1.43> <FuncUnit> <Opcode : 'add' 'sub'> <InPorts = 2> <OutPorts = 1>
ST_3 : Operation 220 [1/1] (0.00ns)   --->   "%sext_ln17_25 = sext i21 %mult_461" [firmware/nnet_utils/nnet_dense_latency.h:17]   --->   Operation 220 'sext' 'sext_ln17_25' <Predicate = true> <Delay = 0.00>
ST_3 : Operation 221 [1/1] (0.00ns)   --->   "%mult_465 = bitconcatenate i21 @_ssdm_op_BitConcatenate.i21.i16.i5, i16 %a_69, i5 0" [firmware/nnet_utils/nnet_mult.h:73->firmware/nnet_utils/nnet_dense_latency.h:42]   --->   Operation 221 'bitconcatenate' 'mult_465' <Predicate = true> <Delay = 0.00>
ST_3 : Operation 222 [1/1] (0.00ns)   --->   "%sext_ln73_224 = sext i21 %mult_465" [firmware/nnet_utils/nnet_mult.h:73->firmware/nnet_utils/nnet_dense_latency.h:42]   --->   Operation 222 'sext' 'sext_ln73_224' <Predicate = true> <Delay = 0.00>
ST_3 : Operation 223 [1/1] (0.00ns)   --->   "%shl_ln73_85 = bitconcatenate i17 @_ssdm_op_BitConcatenate.i17.i16.i1, i16 %a_69, i1 0" [firmware/nnet_utils/nnet_mult.h:73->firmware/nnet_utils/nnet_dense_latency.h:42]   --->   Operation 223 'bitconcatenate' 'shl_ln73_85' <Predicate = true> <Delay = 0.00>
ST_3 : Operation 224 [1/1] (0.00ns)   --->   "%sext_ln73_225 = sext i17 %shl_ln73_85" [firmware/nnet_utils/nnet_mult.h:73->firmware/nnet_utils/nnet_dense_latency.h:42]   --->   Operation 224 'sext' 'sext_ln73_225' <Predicate = true> <Delay = 0.00>
ST_3 : Operation 225 [1/1] (0.00ns) (grouped into TernaryAdder)   --->   "%mult_462 = add i22 %sext_ln73_224, i22 %sext_ln73_225" [firmware/nnet_utils/nnet_mult.h:73->firmware/nnet_utils/nnet_dense_latency.h:42]   --->   Operation 225 'add' 'mult_462' <Predicate = true> <Delay = 0.00> <CoreInst = "TAddSub">   --->   Core 10 'TAddSub' <Latency = 0> <II = 1> <Delay = 0.53> <IPBlock> <Opcode : '' 'add' 'sub'> <InPorts = 3> <OutPorts = 1> <Sync> <CReg>
ST_3 : Operation 226 [1/1] (0.00ns)   --->   "%sext_ln17_26 = sext i21 %mult_463" [firmware/nnet_utils/nnet_dense_latency.h:17]   --->   Operation 226 'sext' 'sext_ln17_26' <Predicate = true> <Delay = 0.00>
ST_3 : Operation 227 [1/1] (3.57ns)   --->   "%mult_464 = mul i25 %sext_ln70_142, i25 137" [firmware/nnet_utils/nnet_mult.h:73->firmware/nnet_utils/nnet_dense_latency.h:42]   --->   Operation 227 'mul' 'mult_464' <Predicate = true> <Delay = 3.57> <CoreInst = "Multiplier">   --->   Core 3 'Multiplier' <Latency = 0> <II = 1> <Delay = 3.57> <FuncUnit> <Opcode : 'mul'> <InPorts = 2> <OutPorts = 1>
ST_3 : Operation 228 [1/1] (3.57ns)   --->   "%mult_466 = mul i25 %sext_ln70_142, i25 161" [firmware/nnet_utils/nnet_mult.h:73->firmware/nnet_utils/nnet_dense_latency.h:42]   --->   Operation 228 'mul' 'mult_466' <Predicate = true> <Delay = 3.57> <CoreInst = "Multiplier">   --->   Core 3 'Multiplier' <Latency = 0> <II = 1> <Delay = 3.57> <FuncUnit> <Opcode : 'mul'> <InPorts = 2> <OutPorts = 1>
ST_3 : Operation 229 [1/1] (0.00ns)   --->   "%sext_ln70_144 = sext i16 %a_70" [firmware/nnet_utils/nnet_mult.h:70->firmware/nnet_utils/nnet_dense_latency.h:42]   --->   Operation 229 'sext' 'sext_ln70_144' <Predicate = true> <Delay = 0.00>
ST_3 : Operation 230 [1/1] (0.00ns)   --->   "%sext_ln70_145 = sext i16 %a_70" [firmware/nnet_utils/nnet_mult.h:70->firmware/nnet_utils/nnet_dense_latency.h:42]   --->   Operation 230 'sext' 'sext_ln70_145' <Predicate = true> <Delay = 0.00>
ST_3 : Operation 231 [1/1] (3.57ns)   --->   "%mult_468 = mul i25 %sext_ln70_145, i25 33554265" [firmware/nnet_utils/nnet_mult.h:73->firmware/nnet_utils/nnet_dense_latency.h:42]   --->   Operation 231 'mul' 'mult_468' <Predicate = true> <Delay = 3.57> <CoreInst = "Multiplier">   --->   Core 3 'Multiplier' <Latency = 0> <II = 1> <Delay = 3.57> <FuncUnit> <Opcode : 'mul'> <InPorts = 2> <OutPorts = 1>
ST_3 : Operation 232 [1/1] (3.57ns)   --->   "%mult_469 = mul i23 %sext_ln70_144, i23 39" [firmware/nnet_utils/nnet_mult.h:73->firmware/nnet_utils/nnet_dense_latency.h:42]   --->   Operation 232 'mul' 'mult_469' <Predicate = true> <Delay = 3.57> <CoreInst = "Multiplier">   --->   Core 3 'Multiplier' <Latency = 0> <II = 1> <Delay = 3.57> <FuncUnit> <Opcode : 'mul'> <InPorts = 2> <OutPorts = 1>
ST_3 : Operation 233 [1/1] (0.00ns)   --->   "%shl_ln73_86 = bitconcatenate i23 @_ssdm_op_BitConcatenate.i23.i16.i7, i16 %a_70, i7 0" [firmware/nnet_utils/nnet_mult.h:73->firmware/nnet_utils/nnet_dense_latency.h:42]   --->   Operation 233 'bitconcatenate' 'shl_ln73_86' <Predicate = true> <Delay = 0.00>
ST_3 : Operation 234 [1/1] (0.00ns)   --->   "%sext_ln73_226 = sext i23 %shl_ln73_86" [firmware/nnet_utils/nnet_mult.h:73->firmware/nnet_utils/nnet_dense_latency.h:42]   --->   Operation 234 'sext' 'sext_ln73_226' <Predicate = true> <Delay = 0.00>
ST_3 : Operation 235 [1/1] (0.00ns)   --->   "%shl_ln73_87 = bitconcatenate i21 @_ssdm_op_BitConcatenate.i21.i16.i5, i16 %a_70, i5 0" [firmware/nnet_utils/nnet_mult.h:73->firmware/nnet_utils/nnet_dense_latency.h:42]   --->   Operation 235 'bitconcatenate' 'shl_ln73_87' <Predicate = true> <Delay = 0.00>
ST_3 : Operation 236 [1/1] (0.00ns)   --->   "%sext_ln73_227 = sext i21 %shl_ln73_87" [firmware/nnet_utils/nnet_mult.h:73->firmware/nnet_utils/nnet_dense_latency.h:42]   --->   Operation 236 'sext' 'sext_ln73_227' <Predicate = true> <Delay = 0.00>
ST_3 : Operation 237 [1/1] (1.44ns)   --->   "%mult_471 = sub i24 %sext_ln73_226, i24 %sext_ln73_227" [firmware/nnet_utils/nnet_mult.h:73->firmware/nnet_utils/nnet_dense_latency.h:42]   --->   Operation 237 'sub' 'mult_471' <Predicate = true> <Delay = 1.44> <CoreInst = "Adder">   --->   Core 1 'Adder' <Latency = 0> <II = 1> <Delay = 1.44> <FuncUnit> <Opcode : 'add' 'sub'> <InPorts = 2> <OutPorts = 1>
ST_3 : Operation 238 [1/1] (0.00ns)   --->   "%shl_ln73_88 = bitconcatenate i22 @_ssdm_op_BitConcatenate.i22.i16.i6, i16 %a_70, i6 0" [firmware/nnet_utils/nnet_mult.h:73->firmware/nnet_utils/nnet_dense_latency.h:42]   --->   Operation 238 'bitconcatenate' 'shl_ln73_88' <Predicate = true> <Delay = 0.00>
ST_3 : Operation 239 [1/1] (0.00ns)   --->   "%sext_ln73_229 = sext i22 %shl_ln73_88" [firmware/nnet_utils/nnet_mult.h:73->firmware/nnet_utils/nnet_dense_latency.h:42]   --->   Operation 239 'sext' 'sext_ln73_229' <Predicate = true> <Delay = 0.00>
ST_3 : Operation 240 [1/1] (0.00ns)   --->   "%shl_ln73_89 = bitconcatenate i19 @_ssdm_op_BitConcatenate.i19.i16.i3, i16 %a_70, i3 0" [firmware/nnet_utils/nnet_mult.h:73->firmware/nnet_utils/nnet_dense_latency.h:42]   --->   Operation 240 'bitconcatenate' 'shl_ln73_89' <Predicate = true> <Delay = 0.00>
ST_3 : Operation 241 [1/1] (0.00ns)   --->   "%sext_ln73_230 = sext i19 %shl_ln73_89" [firmware/nnet_utils/nnet_mult.h:73->firmware/nnet_utils/nnet_dense_latency.h:42]   --->   Operation 241 'sext' 'sext_ln73_230' <Predicate = true> <Delay = 0.00>
ST_3 : Operation 242 [1/1] (1.44ns)   --->   "%mult_472 = sub i23 %sext_ln73_229, i23 %sext_ln73_230" [firmware/nnet_utils/nnet_mult.h:73->firmware/nnet_utils/nnet_dense_latency.h:42]   --->   Operation 242 'sub' 'mult_472' <Predicate = true> <Delay = 1.44> <CoreInst = "Adder">   --->   Core 1 'Adder' <Latency = 0> <II = 1> <Delay = 1.44> <FuncUnit> <Opcode : 'add' 'sub'> <InPorts = 2> <OutPorts = 1>
ST_3 : Operation 243 [1/1] (3.57ns)   --->   "%mult_473 = mul i23 %sext_ln70_144, i23 8388565" [firmware/nnet_utils/nnet_mult.h:73->firmware/nnet_utils/nnet_dense_latency.h:42]   --->   Operation 243 'mul' 'mult_473' <Predicate = true> <Delay = 3.57> <CoreInst = "Multiplier">   --->   Core 3 'Multiplier' <Latency = 0> <II = 1> <Delay = 3.57> <FuncUnit> <Opcode : 'mul'> <InPorts = 2> <OutPorts = 1>
ST_3 : Operation 244 [1/1] (3.57ns)   --->   "%mult_474 = mul i25 %sext_ln70_145, i25 33554233" [firmware/nnet_utils/nnet_mult.h:73->firmware/nnet_utils/nnet_dense_latency.h:42]   --->   Operation 244 'mul' 'mult_474' <Predicate = true> <Delay = 3.57> <CoreInst = "Multiplier">   --->   Core 3 'Multiplier' <Latency = 0> <II = 1> <Delay = 3.57> <FuncUnit> <Opcode : 'mul'> <InPorts = 2> <OutPorts = 1>
ST_3 : Operation 245 [1/1] (3.57ns)   --->   "%mult_475 = mul i25 %sext_ln70_145, i25 33554282" [firmware/nnet_utils/nnet_mult.h:73->firmware/nnet_utils/nnet_dense_latency.h:42]   --->   Operation 245 'mul' 'mult_475' <Predicate = true> <Delay = 3.57> <CoreInst = "Multiplier">   --->   Core 3 'Multiplier' <Latency = 0> <II = 1> <Delay = 3.57> <FuncUnit> <Opcode : 'mul'> <InPorts = 2> <OutPorts = 1>
ST_3 : Operation 246 [1/1] (3.57ns)   --->   "%mult_476 = mul i25 %sext_ln70_145, i25 33554250" [firmware/nnet_utils/nnet_mult.h:73->firmware/nnet_utils/nnet_dense_latency.h:42]   --->   Operation 246 'mul' 'mult_476' <Predicate = true> <Delay = 3.57> <CoreInst = "Multiplier">   --->   Core 3 'Multiplier' <Latency = 0> <II = 1> <Delay = 3.57> <FuncUnit> <Opcode : 'mul'> <InPorts = 2> <OutPorts = 1>
ST_3 : Operation 247 [1/1] (0.00ns)   --->   "%a_71 = load i16 %p_ZZN4nnet24compute_output_buffer_2dINS_5arrayI8ap_fixedILi16ELi6EL9ap_q_mode5EL9_61"   --->   Operation 247 'load' 'a_71' <Predicate = true> <Delay = 0.00>
ST_3 : Operation 248 [1/1] (0.00ns)   --->   "%sext_ln70_146 = sext i16 %a_71" [firmware/nnet_utils/nnet_mult.h:70->firmware/nnet_utils/nnet_dense_latency.h:42]   --->   Operation 248 'sext' 'sext_ln70_146' <Predicate = true> <Delay = 0.00>
ST_3 : Operation 249 [1/1] (0.00ns)   --->   "%sext_ln70_147 = sext i16 %a_71" [firmware/nnet_utils/nnet_mult.h:70->firmware/nnet_utils/nnet_dense_latency.h:42]   --->   Operation 249 'sext' 'sext_ln70_147' <Predicate = true> <Delay = 0.00>
ST_3 : Operation 250 [1/1] (0.00ns)   --->   "%sext_ln70_148 = sext i16 %a_71" [firmware/nnet_utils/nnet_mult.h:70->firmware/nnet_utils/nnet_dense_latency.h:42]   --->   Operation 250 'sext' 'sext_ln70_148' <Predicate = true> <Delay = 0.00>
ST_3 : Operation 251 [1/1] (0.00ns)   --->   "%sext_ln70_149 = sext i16 %a_71" [firmware/nnet_utils/nnet_mult.h:70->firmware/nnet_utils/nnet_dense_latency.h:42]   --->   Operation 251 'sext' 'sext_ln70_149' <Predicate = true> <Delay = 0.00>
ST_3 : Operation 252 [1/1] (0.00ns)   --->   "%shl_ln73_90 = bitconcatenate i18 @_ssdm_op_BitConcatenate.i18.i16.i2, i16 %a_71, i2 0" [firmware/nnet_utils/nnet_mult.h:73->firmware/nnet_utils/nnet_dense_latency.h:42]   --->   Operation 252 'bitconcatenate' 'shl_ln73_90' <Predicate = true> <Delay = 0.00>
ST_3 : Operation 253 [1/1] (0.00ns)   --->   "%sext_ln73_231 = sext i18 %shl_ln73_90" [firmware/nnet_utils/nnet_mult.h:73->firmware/nnet_utils/nnet_dense_latency.h:42]   --->   Operation 253 'sext' 'sext_ln73_231' <Predicate = true> <Delay = 0.00>
ST_3 : Operation 254 [1/1] (0.00ns)   --->   "%sext_ln73_232 = sext i18 %shl_ln73_90" [firmware/nnet_utils/nnet_mult.h:73->firmware/nnet_utils/nnet_dense_latency.h:42]   --->   Operation 254 'sext' 'sext_ln73_232' <Predicate = true> <Delay = 0.00>
ST_3 : Operation 255 [1/1] (1.42ns)   --->   "%mult_477 = sub i19 %sext_ln73_232, i19 %sext_ln70_149" [firmware/nnet_utils/nnet_mult.h:73->firmware/nnet_utils/nnet_dense_latency.h:42]   --->   Operation 255 'sub' 'mult_477' <Predicate = true> <Delay = 1.42> <CoreInst = "Adder">   --->   Core 1 'Adder' <Latency = 0> <II = 1> <Delay = 1.42> <FuncUnit> <Opcode : 'add' 'sub'> <InPorts = 2> <OutPorts = 1>
ST_3 : Operation 256 [1/1] (3.57ns)   --->   "%mult_478 = mul i25 %sext_ln70_148, i25 242" [firmware/nnet_utils/nnet_mult.h:73->firmware/nnet_utils/nnet_dense_latency.h:42]   --->   Operation 256 'mul' 'mult_478' <Predicate = true> <Delay = 3.57> <CoreInst = "Multiplier">   --->   Core 3 'Multiplier' <Latency = 0> <II = 1> <Delay = 3.57> <FuncUnit> <Opcode : 'mul'> <InPorts = 2> <OutPorts = 1>
ST_3 : Operation 257 [1/1] (3.57ns)   --->   "%mult_479 = mul i25 %sext_ln70_148, i25 33554281" [firmware/nnet_utils/nnet_mult.h:73->firmware/nnet_utils/nnet_dense_latency.h:42]   --->   Operation 257 'mul' 'mult_479' <Predicate = true> <Delay = 3.57> <CoreInst = "Multiplier">   --->   Core 3 'Multiplier' <Latency = 0> <II = 1> <Delay = 3.57> <FuncUnit> <Opcode : 'mul'> <InPorts = 2> <OutPorts = 1>
ST_3 : Operation 258 [1/1] (3.57ns)   --->   "%mult_480 = mul i25 %sext_ln70_148, i25 33554259" [firmware/nnet_utils/nnet_mult.h:73->firmware/nnet_utils/nnet_dense_latency.h:42]   --->   Operation 258 'mul' 'mult_480' <Predicate = true> <Delay = 3.57> <CoreInst = "Multiplier">   --->   Core 3 'Multiplier' <Latency = 0> <II = 1> <Delay = 3.57> <FuncUnit> <Opcode : 'mul'> <InPorts = 2> <OutPorts = 1>
ST_3 : Operation 259 [1/1] (3.57ns)   --->   "%mult_481 = mul i24 %sext_ln70_147, i24 16777137" [firmware/nnet_utils/nnet_mult.h:73->firmware/nnet_utils/nnet_dense_latency.h:42]   --->   Operation 259 'mul' 'mult_481' <Predicate = true> <Delay = 3.57> <CoreInst = "Multiplier">   --->   Core 3 'Multiplier' <Latency = 0> <II = 1> <Delay = 3.57> <FuncUnit> <Opcode : 'mul'> <InPorts = 2> <OutPorts = 1>
ST_3 : Operation 260 [1/1] (3.57ns)   --->   "%mult_482 = mul i24 %sext_ln70_147, i24 109" [firmware/nnet_utils/nnet_mult.h:73->firmware/nnet_utils/nnet_dense_latency.h:42]   --->   Operation 260 'mul' 'mult_482' <Predicate = true> <Delay = 3.57> <CoreInst = "Multiplier">   --->   Core 3 'Multiplier' <Latency = 0> <II = 1> <Delay = 3.57> <FuncUnit> <Opcode : 'mul'> <InPorts = 2> <OutPorts = 1>
ST_3 : Operation 261 [1/1] (3.57ns)   --->   "%mult_483 = mul i23 %sext_ln70_146, i23 53" [firmware/nnet_utils/nnet_mult.h:73->firmware/nnet_utils/nnet_dense_latency.h:42]   --->   Operation 261 'mul' 'mult_483' <Predicate = true> <Delay = 3.57> <CoreInst = "Multiplier">   --->   Core 3 'Multiplier' <Latency = 0> <II = 1> <Delay = 3.57> <FuncUnit> <Opcode : 'mul'> <InPorts = 2> <OutPorts = 1>
ST_3 : Operation 262 [1/1] (0.00ns)   --->   "%shl_ln73_91 = bitconcatenate i21 @_ssdm_op_BitConcatenate.i21.i16.i5, i16 %a_71, i5 0" [firmware/nnet_utils/nnet_mult.h:73->firmware/nnet_utils/nnet_dense_latency.h:42]   --->   Operation 262 'bitconcatenate' 'shl_ln73_91' <Predicate = true> <Delay = 0.00>
ST_3 : Operation 263 [1/1] (0.00ns)   --->   "%sext_ln73_233 = sext i21 %shl_ln73_91" [firmware/nnet_utils/nnet_mult.h:73->firmware/nnet_utils/nnet_dense_latency.h:42]   --->   Operation 263 'sext' 'sext_ln73_233' <Predicate = true> <Delay = 0.00>
ST_3 : Operation 264 [1/1] (1.43ns)   --->   "%mult_484 = sub i22 %sext_ln73_233, i22 %sext_ln73_231" [firmware/nnet_utils/nnet_mult.h:73->firmware/nnet_utils/nnet_dense_latency.h:42]   --->   Operation 264 'sub' 'mult_484' <Predicate = true> <Delay = 1.43> <CoreInst = "Adder">   --->   Core 1 'Adder' <Latency = 0> <II = 1> <Delay = 1.43> <FuncUnit> <Opcode : 'add' 'sub'> <InPorts = 2> <OutPorts = 1>
ST_3 : Operation 265 [1/1] (3.57ns)   --->   "%mult_485 = mul i23 %sext_ln70_146, i23 8388559" [firmware/nnet_utils/nnet_mult.h:73->firmware/nnet_utils/nnet_dense_latency.h:42]   --->   Operation 265 'mul' 'mult_485' <Predicate = true> <Delay = 3.57> <CoreInst = "Multiplier">   --->   Core 3 'Multiplier' <Latency = 0> <II = 1> <Delay = 3.57> <FuncUnit> <Opcode : 'mul'> <InPorts = 2> <OutPorts = 1>
ST_3 : Operation 266 [1/1] (3.57ns)   --->   "%mult_486 = mul i25 %sext_ln70_148, i25 33554269" [firmware/nnet_utils/nnet_mult.h:73->firmware/nnet_utils/nnet_dense_latency.h:42]   --->   Operation 266 'mul' 'mult_486' <Predicate = true> <Delay = 3.57> <CoreInst = "Multiplier">   --->   Core 3 'Multiplier' <Latency = 0> <II = 1> <Delay = 3.57> <FuncUnit> <Opcode : 'mul'> <InPorts = 2> <OutPorts = 1>
ST_3 : Operation 267 [1/1] (0.00ns)   --->   "%sext_ln70_150 = sext i16 %a_134" [firmware/nnet_utils/nnet_mult.h:70->firmware/nnet_utils/nnet_dense_latency.h:42]   --->   Operation 267 'sext' 'sext_ln70_150' <Predicate = true> <Delay = 0.00>
ST_3 : Operation 268 [1/1] (0.00ns)   --->   "%sext_ln70_151 = sext i16 %a_134" [firmware/nnet_utils/nnet_mult.h:70->firmware/nnet_utils/nnet_dense_latency.h:42]   --->   Operation 268 'sext' 'sext_ln70_151' <Predicate = true> <Delay = 0.00>
ST_3 : Operation 269 [1/1] (0.00ns)   --->   "%sext_ln70_153 = sext i16 %a_134" [firmware/nnet_utils/nnet_mult.h:70->firmware/nnet_utils/nnet_dense_latency.h:42]   --->   Operation 269 'sext' 'sext_ln70_153' <Predicate = true> <Delay = 0.00>
ST_3 : Operation 270 [1/1] (0.00ns)   --->   "%sext_ln70_154 = sext i16 %a_134" [firmware/nnet_utils/nnet_mult.h:70->firmware/nnet_utils/nnet_dense_latency.h:42]   --->   Operation 270 'sext' 'sext_ln70_154' <Predicate = true> <Delay = 0.00>
ST_3 : Operation 271 [1/1] (3.57ns)   --->   "%mult_487 = mul i25 %sext_ln70_154, i25 33554206" [firmware/nnet_utils/nnet_mult.h:73->firmware/nnet_utils/nnet_dense_latency.h:42]   --->   Operation 271 'mul' 'mult_487' <Predicate = true> <Delay = 3.57> <CoreInst = "Multiplier">   --->   Core 3 'Multiplier' <Latency = 0> <II = 1> <Delay = 3.57> <FuncUnit> <Opcode : 'mul'> <InPorts = 2> <OutPorts = 1>
ST_3 : Operation 272 [1/1] (0.00ns)   --->   "%shl_ln73_92 = bitconcatenate i18 @_ssdm_op_BitConcatenate.i18.i16.i2, i16 %a_134, i2 0" [firmware/nnet_utils/nnet_mult.h:73->firmware/nnet_utils/nnet_dense_latency.h:42]   --->   Operation 272 'bitconcatenate' 'shl_ln73_92' <Predicate = true> <Delay = 0.00>
ST_3 : Operation 273 [1/1] (0.00ns)   --->   "%sext_ln73_234 = sext i18 %shl_ln73_92" [firmware/nnet_utils/nnet_mult.h:73->firmware/nnet_utils/nnet_dense_latency.h:42]   --->   Operation 273 'sext' 'sext_ln73_234' <Predicate = true> <Delay = 0.00>
ST_3 : Operation 274 [1/1] (1.42ns)   --->   "%mult_488 = sub i19 %sext_ln70_153, i19 %sext_ln73_234" [firmware/nnet_utils/nnet_mult.h:73->firmware/nnet_utils/nnet_dense_latency.h:42]   --->   Operation 274 'sub' 'mult_488' <Predicate = true> <Delay = 1.42> <CoreInst = "Adder">   --->   Core 1 'Adder' <Latency = 0> <II = 1> <Delay = 1.42> <FuncUnit> <Opcode : 'add' 'sub'> <InPorts = 2> <OutPorts = 1>
ST_3 : Operation 275 [1/1] (0.00ns)   --->   "%sext_ln17_35 = sext i19 %mult_488" [firmware/nnet_utils/nnet_dense_latency.h:17]   --->   Operation 275 'sext' 'sext_ln17_35' <Predicate = true> <Delay = 0.00>
ST_3 : Operation 276 [1/1] (3.57ns)   --->   "%mult_490 = mul i23 %sext_ln70_151, i23 38" [firmware/nnet_utils/nnet_mult.h:73->firmware/nnet_utils/nnet_dense_latency.h:42]   --->   Operation 276 'mul' 'mult_490' <Predicate = true> <Delay = 3.57> <CoreInst = "Multiplier">   --->   Core 3 'Multiplier' <Latency = 0> <II = 1> <Delay = 3.57> <FuncUnit> <Opcode : 'mul'> <InPorts = 2> <OutPorts = 1>
ST_3 : Operation 277 [1/1] (3.57ns)   --->   "%mult_491 = mul i24 %sext_ln70_152, i24 16777117" [firmware/nnet_utils/nnet_mult.h:73->firmware/nnet_utils/nnet_dense_latency.h:42]   --->   Operation 277 'mul' 'mult_491' <Predicate = true> <Delay = 3.57> <CoreInst = "Multiplier">   --->   Core 3 'Multiplier' <Latency = 0> <II = 1> <Delay = 3.57> <FuncUnit> <Opcode : 'mul'> <InPorts = 2> <OutPorts = 1>
ST_3 : Operation 278 [1/1] (3.57ns)   --->   "%mult_492 = mul i26 %sext_ln70_150, i26 314" [firmware/nnet_utils/nnet_mult.h:73->firmware/nnet_utils/nnet_dense_latency.h:42]   --->   Operation 278 'mul' 'mult_492' <Predicate = true> <Delay = 3.57> <CoreInst = "Multiplier">   --->   Core 3 'Multiplier' <Latency = 0> <II = 1> <Delay = 3.57> <FuncUnit> <Opcode : 'mul'> <InPorts = 2> <OutPorts = 1>
ST_3 : Operation 279 [1/1] (0.00ns)   --->   "%sext_ln17_39 = sext i16 %a_134" [firmware/nnet_utils/nnet_dense_latency.h:17]   --->   Operation 279 'sext' 'sext_ln17_39' <Predicate = true> <Delay = 0.00>
ST_3 : Operation 280 [1/1] (3.57ns)   --->   "%mult_494 = mul i24 %sext_ln70_152, i24 16777129" [firmware/nnet_utils/nnet_mult.h:73->firmware/nnet_utils/nnet_dense_latency.h:42]   --->   Operation 280 'mul' 'mult_494' <Predicate = true> <Delay = 3.57> <CoreInst = "Multiplier">   --->   Core 3 'Multiplier' <Latency = 0> <II = 1> <Delay = 3.57> <FuncUnit> <Opcode : 'mul'> <InPorts = 2> <OutPorts = 1>
ST_3 : Operation 281 [1/1] (3.57ns)   --->   "%mult_495 = mul i25 %sext_ln70_154, i25 33554280" [firmware/nnet_utils/nnet_mult.h:73->firmware/nnet_utils/nnet_dense_latency.h:42]   --->   Operation 281 'mul' 'mult_495' <Predicate = true> <Delay = 3.57> <CoreInst = "Multiplier">   --->   Core 3 'Multiplier' <Latency = 0> <II = 1> <Delay = 3.57> <FuncUnit> <Opcode : 'mul'> <InPorts = 2> <OutPorts = 1>
ST_3 : Operation 282 [1/1] (0.00ns)   --->   "%shl_ln73_93 = bitconcatenate i21 @_ssdm_op_BitConcatenate.i21.i16.i5, i16 %a_134, i5 0" [firmware/nnet_utils/nnet_mult.h:73->firmware/nnet_utils/nnet_dense_latency.h:42]   --->   Operation 282 'bitconcatenate' 'shl_ln73_93' <Predicate = true> <Delay = 0.00>
ST_3 : Operation 283 [1/1] (0.00ns)   --->   "%sext_ln73_235 = sext i21 %shl_ln73_93" [firmware/nnet_utils/nnet_mult.h:73->firmware/nnet_utils/nnet_dense_latency.h:42]   --->   Operation 283 'sext' 'sext_ln73_235' <Predicate = true> <Delay = 0.00>
ST_3 : Operation 284 [1/1] (0.00ns)   --->   "%shl_ln73_94 = bitconcatenate i19 @_ssdm_op_BitConcatenate.i19.i16.i3, i16 %a_134, i3 0" [firmware/nnet_utils/nnet_mult.h:73->firmware/nnet_utils/nnet_dense_latency.h:42]   --->   Operation 284 'bitconcatenate' 'shl_ln73_94' <Predicate = true> <Delay = 0.00>
ST_3 : Operation 285 [1/1] (0.00ns)   --->   "%sext_ln73_236 = sext i19 %shl_ln73_94" [firmware/nnet_utils/nnet_mult.h:73->firmware/nnet_utils/nnet_dense_latency.h:42]   --->   Operation 285 'sext' 'sext_ln73_236' <Predicate = true> <Delay = 0.00>
ST_3 : Operation 286 [1/1] (1.43ns)   --->   "%mult_496 = sub i22 %sext_ln73_235, i22 %sext_ln73_236" [firmware/nnet_utils/nnet_mult.h:73->firmware/nnet_utils/nnet_dense_latency.h:42]   --->   Operation 286 'sub' 'mult_496' <Predicate = true> <Delay = 1.43> <CoreInst = "Adder">   --->   Core 1 'Adder' <Latency = 0> <II = 1> <Delay = 1.43> <FuncUnit> <Opcode : 'add' 'sub'> <InPorts = 2> <OutPorts = 1>
ST_3 : Operation 287 [1/1] (0.00ns)   --->   "%sext_ln70_155 = sext i16 %a_73" [firmware/nnet_utils/nnet_mult.h:70->firmware/nnet_utils/nnet_dense_latency.h:42]   --->   Operation 287 'sext' 'sext_ln70_155' <Predicate = true> <Delay = 0.00>
ST_3 : Operation 288 [1/1] (0.00ns)   --->   "%sext_ln70_158 = sext i16 %a_73" [firmware/nnet_utils/nnet_mult.h:70->firmware/nnet_utils/nnet_dense_latency.h:42]   --->   Operation 288 'sext' 'sext_ln70_158' <Predicate = true> <Delay = 0.00>
ST_3 : Operation 289 [1/1] (0.00ns)   --->   "%sext_ln73_237 = sext i16 %a_73" [firmware/nnet_utils/nnet_mult.h:73->firmware/nnet_utils/nnet_dense_latency.h:42]   --->   Operation 289 'sext' 'sext_ln73_237' <Predicate = true> <Delay = 0.00>
ST_3 : Operation 290 [1/1] (3.57ns)   --->   "%mul_ln17_14 = mul i23 %sext_ln73_237, i23 8388523" [firmware/nnet_utils/nnet_dense_latency.h:17]   --->   Operation 290 'mul' 'mul_ln17_14' <Predicate = true> <Delay = 3.57> <CoreInst = "Multiplier">   --->   Core 3 'Multiplier' <Latency = 0> <II = 1> <Delay = 3.57> <FuncUnit> <Opcode : 'mul'> <InPorts = 2> <OutPorts = 1>
ST_3 : Operation 291 [1/1] (3.57ns)   --->   "%mult_497 = mul i24 %sext_ln70_158, i24 16777099" [firmware/nnet_utils/nnet_mult.h:73->firmware/nnet_utils/nnet_dense_latency.h:42]   --->   Operation 291 'mul' 'mult_497' <Predicate = true> <Delay = 3.57> <CoreInst = "Multiplier">   --->   Core 3 'Multiplier' <Latency = 0> <II = 1> <Delay = 3.57> <FuncUnit> <Opcode : 'mul'> <InPorts = 2> <OutPorts = 1>
ST_3 : Operation 292 [1/1] (3.57ns)   --->   "%mult_500 = mul i24 %sext_ln70_158, i24 76" [firmware/nnet_utils/nnet_mult.h:73->firmware/nnet_utils/nnet_dense_latency.h:42]   --->   Operation 292 'mul' 'mult_500' <Predicate = true> <Delay = 3.57> <CoreInst = "Multiplier">   --->   Core 3 'Multiplier' <Latency = 0> <II = 1> <Delay = 3.57> <FuncUnit> <Opcode : 'mul'> <InPorts = 2> <OutPorts = 1>
ST_3 : Operation 293 [1/1] (3.57ns)   --->   "%mult_501 = mul i24 %sext_ln70_158, i24 16777113" [firmware/nnet_utils/nnet_mult.h:73->firmware/nnet_utils/nnet_dense_latency.h:42]   --->   Operation 293 'mul' 'mult_501' <Predicate = true> <Delay = 3.57> <CoreInst = "Multiplier">   --->   Core 3 'Multiplier' <Latency = 0> <II = 1> <Delay = 3.57> <FuncUnit> <Opcode : 'mul'> <InPorts = 2> <OutPorts = 1>
ST_3 : Operation 294 [1/1] (3.57ns)   --->   "%mult_504 = mul i26 %sext_ln70_155, i26 67108479" [firmware/nnet_utils/nnet_mult.h:73->firmware/nnet_utils/nnet_dense_latency.h:42]   --->   Operation 294 'mul' 'mult_504' <Predicate = true> <Delay = 3.57> <CoreInst = "Multiplier">   --->   Core 3 'Multiplier' <Latency = 0> <II = 1> <Delay = 3.57> <FuncUnit> <Opcode : 'mul'> <InPorts = 2> <OutPorts = 1>
ST_3 : Operation 295 [1/1] (0.00ns)   --->   "%a_74 = load i16 %p_ZZN4nnet24compute_output_buffer_2dINS_5arrayI8ap_fixedILi16ELi6EL9ap_q_mode5EL9_58"   --->   Operation 295 'load' 'a_74' <Predicate = true> <Delay = 0.00>
ST_3 : Operation 296 [1/1] (0.00ns)   --->   "%sext_ln70_159 = sext i16 %a_74" [firmware/nnet_utils/nnet_mult.h:70->firmware/nnet_utils/nnet_dense_latency.h:42]   --->   Operation 296 'sext' 'sext_ln70_159' <Predicate = true> <Delay = 0.00>
ST_3 : Operation 297 [1/1] (0.00ns)   --->   "%sext_ln70_160 = sext i16 %a_74" [firmware/nnet_utils/nnet_mult.h:70->firmware/nnet_utils/nnet_dense_latency.h:42]   --->   Operation 297 'sext' 'sext_ln70_160' <Predicate = true> <Delay = 0.00>
ST_3 : Operation 298 [1/1] (0.00ns)   --->   "%sext_ln70_161 = sext i16 %a_74" [firmware/nnet_utils/nnet_mult.h:70->firmware/nnet_utils/nnet_dense_latency.h:42]   --->   Operation 298 'sext' 'sext_ln70_161' <Predicate = true> <Delay = 0.00>
ST_3 : Operation 299 [1/1] (0.00ns)   --->   "%sext_ln70_162 = sext i16 %a_74" [firmware/nnet_utils/nnet_mult.h:70->firmware/nnet_utils/nnet_dense_latency.h:42]   --->   Operation 299 'sext' 'sext_ln70_162' <Predicate = true> <Delay = 0.00>
ST_3 : Operation 300 [1/1] (3.57ns)   --->   "%mult_506 = mul i25 %sext_ln70_162, i25 147" [firmware/nnet_utils/nnet_mult.h:73->firmware/nnet_utils/nnet_dense_latency.h:42]   --->   Operation 300 'mul' 'mult_506' <Predicate = true> <Delay = 3.57> <CoreInst = "Multiplier">   --->   Core 3 'Multiplier' <Latency = 0> <II = 1> <Delay = 3.57> <FuncUnit> <Opcode : 'mul'> <InPorts = 2> <OutPorts = 1>
ST_3 : Operation 301 [1/1] (3.57ns)   --->   "%mult_507 = mul i24 %sext_ln70_161, i24 79" [firmware/nnet_utils/nnet_mult.h:73->firmware/nnet_utils/nnet_dense_latency.h:42]   --->   Operation 301 'mul' 'mult_507' <Predicate = true> <Delay = 3.57> <CoreInst = "Multiplier">   --->   Core 3 'Multiplier' <Latency = 0> <II = 1> <Delay = 3.57> <FuncUnit> <Opcode : 'mul'> <InPorts = 2> <OutPorts = 1>
ST_3 : Operation 302 [1/1] (3.57ns)   --->   "%mult_508 = mul i26 %sext_ln70_160, i26 306" [firmware/nnet_utils/nnet_mult.h:73->firmware/nnet_utils/nnet_dense_latency.h:42]   --->   Operation 302 'mul' 'mult_508' <Predicate = true> <Delay = 3.57> <CoreInst = "Multiplier">   --->   Core 3 'Multiplier' <Latency = 0> <II = 1> <Delay = 3.57> <FuncUnit> <Opcode : 'mul'> <InPorts = 2> <OutPorts = 1>
ST_3 : Operation 303 [1/1] (3.57ns)   --->   "%mult_509 = mul i23 %sext_ln70_159, i23 46" [firmware/nnet_utils/nnet_mult.h:73->firmware/nnet_utils/nnet_dense_latency.h:42]   --->   Operation 303 'mul' 'mult_509' <Predicate = true> <Delay = 3.57> <CoreInst = "Multiplier">   --->   Core 3 'Multiplier' <Latency = 0> <II = 1> <Delay = 3.57> <FuncUnit> <Opcode : 'mul'> <InPorts = 2> <OutPorts = 1>
ST_3 : Operation 304 [1/1] (3.57ns)   --->   "%mult_510 = mul i25 %sext_ln70_162, i25 179" [firmware/nnet_utils/nnet_mult.h:73->firmware/nnet_utils/nnet_dense_latency.h:42]   --->   Operation 304 'mul' 'mult_510' <Predicate = true> <Delay = 3.57> <CoreInst = "Multiplier">   --->   Core 3 'Multiplier' <Latency = 0> <II = 1> <Delay = 3.57> <FuncUnit> <Opcode : 'mul'> <InPorts = 2> <OutPorts = 1>
ST_3 : Operation 305 [1/1] (3.57ns)   --->   "%mult_511 = mul i23 %sext_ln70_159, i23 47" [firmware/nnet_utils/nnet_mult.h:73->firmware/nnet_utils/nnet_dense_latency.h:42]   --->   Operation 305 'mul' 'mult_511' <Predicate = true> <Delay = 3.57> <CoreInst = "Multiplier">   --->   Core 3 'Multiplier' <Latency = 0> <II = 1> <Delay = 3.57> <FuncUnit> <Opcode : 'mul'> <InPorts = 2> <OutPorts = 1>
ST_3 : Operation 306 [1/1] (0.00ns)   --->   "%shl_ln73_99 = bitconcatenate i22 @_ssdm_op_BitConcatenate.i22.i16.i6, i16 %a_74, i6 0" [firmware/nnet_utils/nnet_mult.h:73->firmware/nnet_utils/nnet_dense_latency.h:42]   --->   Operation 306 'bitconcatenate' 'shl_ln73_99' <Predicate = true> <Delay = 0.00>
ST_3 : Operation 307 [1/1] (0.00ns)   --->   "%sext_ln73_241 = sext i22 %shl_ln73_99" [firmware/nnet_utils/nnet_mult.h:73->firmware/nnet_utils/nnet_dense_latency.h:42]   --->   Operation 307 'sext' 'sext_ln73_241' <Predicate = true> <Delay = 0.00>
ST_3 : Operation 308 [1/1] (0.00ns)   --->   "%shl_ln73_100 = bitconcatenate i18 @_ssdm_op_BitConcatenate.i18.i16.i2, i16 %a_74, i2 0" [firmware/nnet_utils/nnet_mult.h:73->firmware/nnet_utils/nnet_dense_latency.h:42]   --->   Operation 308 'bitconcatenate' 'shl_ln73_100' <Predicate = true> <Delay = 0.00>
ST_3 : Operation 309 [1/1] (0.00ns)   --->   "%sext_ln73_242 = sext i18 %shl_ln73_100" [firmware/nnet_utils/nnet_mult.h:73->firmware/nnet_utils/nnet_dense_latency.h:42]   --->   Operation 309 'sext' 'sext_ln73_242' <Predicate = true> <Delay = 0.00>
ST_3 : Operation 310 [1/1] (0.00ns) (grouped into TernaryAdder)   --->   "%mult_512 = add i23 %sext_ln73_241, i23 %sext_ln73_242" [firmware/nnet_utils/nnet_mult.h:73->firmware/nnet_utils/nnet_dense_latency.h:42]   --->   Operation 310 'add' 'mult_512' <Predicate = true> <Delay = 0.00> <CoreInst = "TAddSub">   --->   Core 10 'TAddSub' <Latency = 0> <II = 1> <Delay = 0.53> <IPBlock> <Opcode : '' 'add' 'sub'> <InPorts = 3> <OutPorts = 1> <Sync> <CReg>
ST_3 : Operation 311 [1/1] (3.57ns)   --->   "%mult_513 = mul i23 %sext_ln70_159, i23 8388567" [firmware/nnet_utils/nnet_mult.h:73->firmware/nnet_utils/nnet_dense_latency.h:42]   --->   Operation 311 'mul' 'mult_513' <Predicate = true> <Delay = 3.57> <CoreInst = "Multiplier">   --->   Core 3 'Multiplier' <Latency = 0> <II = 1> <Delay = 3.57> <FuncUnit> <Opcode : 'mul'> <InPorts = 2> <OutPorts = 1>
ST_3 : Operation 312 [1/1] (3.57ns)   --->   "%mul_ln17_15 = mul i25 %sext_ln70_162, i25 33554080" [firmware/nnet_utils/nnet_dense_latency.h:17]   --->   Operation 312 'mul' 'mul_ln17_15' <Predicate = true> <Delay = 3.57> <CoreInst = "Multiplier">   --->   Core 3 'Multiplier' <Latency = 0> <II = 1> <Delay = 3.57> <FuncUnit> <Opcode : 'mul'> <InPorts = 2> <OutPorts = 1>
ST_3 : Operation 313 [1/1] (3.57ns)   --->   "%mult_514 = mul i25 %sext_ln70_162, i25 33554244" [firmware/nnet_utils/nnet_mult.h:73->firmware/nnet_utils/nnet_dense_latency.h:42]   --->   Operation 313 'mul' 'mult_514' <Predicate = true> <Delay = 3.57> <CoreInst = "Multiplier">   --->   Core 3 'Multiplier' <Latency = 0> <II = 1> <Delay = 3.57> <FuncUnit> <Opcode : 'mul'> <InPorts = 2> <OutPorts = 1>
ST_3 : Operation 314 [1/1] (0.00ns)   --->   "%sext_ln70_163 = sext i16 %a_75" [firmware/nnet_utils/nnet_mult.h:70->firmware/nnet_utils/nnet_dense_latency.h:42]   --->   Operation 314 'sext' 'sext_ln70_163' <Predicate = true> <Delay = 0.00>
ST_3 : Operation 315 [1/1] (0.00ns)   --->   "%sext_ln70_164 = sext i16 %a_75" [firmware/nnet_utils/nnet_mult.h:70->firmware/nnet_utils/nnet_dense_latency.h:42]   --->   Operation 315 'sext' 'sext_ln70_164' <Predicate = true> <Delay = 0.00>
ST_3 : Operation 316 [1/1] (3.57ns)   --->   "%mult_516 = mul i25 %sext_ln70_164, i25 33554233" [firmware/nnet_utils/nnet_mult.h:73->firmware/nnet_utils/nnet_dense_latency.h:42]   --->   Operation 316 'mul' 'mult_516' <Predicate = true> <Delay = 3.57> <CoreInst = "Multiplier">   --->   Core 3 'Multiplier' <Latency = 0> <II = 1> <Delay = 3.57> <FuncUnit> <Opcode : 'mul'> <InPorts = 2> <OutPorts = 1>
ST_3 : Operation 317 [1/1] (3.57ns)   --->   "%mult_517 = mul i24 %sext_ln70_163, i24 99" [firmware/nnet_utils/nnet_mult.h:73->firmware/nnet_utils/nnet_dense_latency.h:42]   --->   Operation 317 'mul' 'mult_517' <Predicate = true> <Delay = 3.57> <CoreInst = "Multiplier">   --->   Core 3 'Multiplier' <Latency = 0> <II = 1> <Delay = 3.57> <FuncUnit> <Opcode : 'mul'> <InPorts = 2> <OutPorts = 1>
ST_3 : Operation 318 [1/1] (3.57ns)   --->   "%mult_518 = mul i24 %sext_ln70_163, i24 104" [firmware/nnet_utils/nnet_mult.h:73->firmware/nnet_utils/nnet_dense_latency.h:42]   --->   Operation 318 'mul' 'mult_518' <Predicate = true> <Delay = 3.57> <CoreInst = "Multiplier">   --->   Core 3 'Multiplier' <Latency = 0> <II = 1> <Delay = 3.57> <FuncUnit> <Opcode : 'mul'> <InPorts = 2> <OutPorts = 1>
ST_3 : Operation 319 [1/1] (0.00ns)   --->   "%mult_519 = bitconcatenate i21 @_ssdm_op_BitConcatenate.i21.i16.i5, i16 %a_75, i5 0" [firmware/nnet_utils/nnet_mult.h:73->firmware/nnet_utils/nnet_dense_latency.h:42]   --->   Operation 319 'bitconcatenate' 'mult_519' <Predicate = true> <Delay = 0.00>
ST_3 : Operation 320 [1/1] (0.00ns)   --->   "%sext_ln17_48 = sext i21 %mult_519" [firmware/nnet_utils/nnet_dense_latency.h:17]   --->   Operation 320 'sext' 'sext_ln17_48' <Predicate = true> <Delay = 0.00>
ST_3 : Operation 321 [1/1] (3.57ns)   --->   "%mult_520 = mul i25 %sext_ln70_164, i25 169" [firmware/nnet_utils/nnet_mult.h:73->firmware/nnet_utils/nnet_dense_latency.h:42]   --->   Operation 321 'mul' 'mult_520' <Predicate = true> <Delay = 3.57> <CoreInst = "Multiplier">   --->   Core 3 'Multiplier' <Latency = 0> <II = 1> <Delay = 3.57> <FuncUnit> <Opcode : 'mul'> <InPorts = 2> <OutPorts = 1>
ST_3 : Operation 322 [1/1] (3.57ns)   --->   "%mult_521 = mul i24 %sext_ln70_163, i24 16777111" [firmware/nnet_utils/nnet_mult.h:73->firmware/nnet_utils/nnet_dense_latency.h:42]   --->   Operation 322 'mul' 'mult_521' <Predicate = true> <Delay = 3.57> <CoreInst = "Multiplier">   --->   Core 3 'Multiplier' <Latency = 0> <II = 1> <Delay = 3.57> <FuncUnit> <Opcode : 'mul'> <InPorts = 2> <OutPorts = 1>
ST_3 : Operation 323 [1/1] (3.57ns)   --->   "%mult_522 = mul i24 %sext_ln70_163, i24 16777124" [firmware/nnet_utils/nnet_mult.h:73->firmware/nnet_utils/nnet_dense_latency.h:42]   --->   Operation 323 'mul' 'mult_522' <Predicate = true> <Delay = 3.57> <CoreInst = "Multiplier">   --->   Core 3 'Multiplier' <Latency = 0> <II = 1> <Delay = 3.57> <FuncUnit> <Opcode : 'mul'> <InPorts = 2> <OutPorts = 1>
ST_3 : Operation 324 [1/1] (3.57ns)   --->   "%mult_523 = mul i24 %sext_ln70_163, i24 67" [firmware/nnet_utils/nnet_mult.h:73->firmware/nnet_utils/nnet_dense_latency.h:42]   --->   Operation 324 'mul' 'mult_523' <Predicate = true> <Delay = 3.57> <CoreInst = "Multiplier">   --->   Core 3 'Multiplier' <Latency = 0> <II = 1> <Delay = 3.57> <FuncUnit> <Opcode : 'mul'> <InPorts = 2> <OutPorts = 1>
ST_3 : Operation 325 [1/1] (0.00ns)   --->   "%a_76 = load i16 %p_ZZN4nnet24compute_output_buffer_2dINS_5arrayI8ap_fixedILi16ELi6EL9ap_q_mode5EL9_56"   --->   Operation 325 'load' 'a_76' <Predicate = true> <Delay = 0.00>
ST_3 : Operation 326 [1/1] (0.00ns)   --->   "%sext_ln70_165 = sext i16 %a_76" [firmware/nnet_utils/nnet_mult.h:70->firmware/nnet_utils/nnet_dense_latency.h:42]   --->   Operation 326 'sext' 'sext_ln70_165' <Predicate = true> <Delay = 0.00>
ST_3 : Operation 327 [1/1] (0.00ns)   --->   "%sext_ln70_166 = sext i16 %a_76" [firmware/nnet_utils/nnet_mult.h:70->firmware/nnet_utils/nnet_dense_latency.h:42]   --->   Operation 327 'sext' 'sext_ln70_166' <Predicate = true> <Delay = 0.00>
ST_3 : Operation 328 [1/1] (0.00ns)   --->   "%sext_ln70_167 = sext i16 %a_76" [firmware/nnet_utils/nnet_mult.h:70->firmware/nnet_utils/nnet_dense_latency.h:42]   --->   Operation 328 'sext' 'sext_ln70_167' <Predicate = true> <Delay = 0.00>
ST_3 : Operation 329 [1/1] (3.57ns)   --->   "%mult_524 = mul i23 %sext_ln70_167, i23 55" [firmware/nnet_utils/nnet_mult.h:73->firmware/nnet_utils/nnet_dense_latency.h:42]   --->   Operation 329 'mul' 'mult_524' <Predicate = true> <Delay = 3.57> <CoreInst = "Multiplier">   --->   Core 3 'Multiplier' <Latency = 0> <II = 1> <Delay = 3.57> <FuncUnit> <Opcode : 'mul'> <InPorts = 2> <OutPorts = 1>
ST_3 : Operation 330 [1/1] (3.57ns)   --->   "%mult_525 = mul i25 %sext_ln70_166, i25 33554267" [firmware/nnet_utils/nnet_mult.h:73->firmware/nnet_utils/nnet_dense_latency.h:42]   --->   Operation 330 'mul' 'mult_525' <Predicate = true> <Delay = 3.57> <CoreInst = "Multiplier">   --->   Core 3 'Multiplier' <Latency = 0> <II = 1> <Delay = 3.57> <FuncUnit> <Opcode : 'mul'> <InPorts = 2> <OutPorts = 1>
ST_3 : Operation 331 [1/1] (3.57ns)   --->   "%mult_526 = mul i25 %sext_ln70_166, i25 154" [firmware/nnet_utils/nnet_mult.h:73->firmware/nnet_utils/nnet_dense_latency.h:42]   --->   Operation 331 'mul' 'mult_526' <Predicate = true> <Delay = 3.57> <CoreInst = "Multiplier">   --->   Core 3 'Multiplier' <Latency = 0> <II = 1> <Delay = 3.57> <FuncUnit> <Opcode : 'mul'> <InPorts = 2> <OutPorts = 1>
ST_3 : Operation 332 [1/1] (3.57ns)   --->   "%mult_527 = mul i25 %sext_ln70_166, i25 159" [firmware/nnet_utils/nnet_mult.h:73->firmware/nnet_utils/nnet_dense_latency.h:42]   --->   Operation 332 'mul' 'mult_527' <Predicate = true> <Delay = 3.57> <CoreInst = "Multiplier">   --->   Core 3 'Multiplier' <Latency = 0> <II = 1> <Delay = 3.57> <FuncUnit> <Opcode : 'mul'> <InPorts = 2> <OutPorts = 1>
ST_3 : Operation 333 [1/1] (3.57ns)   --->   "%mult_528 = mul i25 %sext_ln70_166, i25 187" [firmware/nnet_utils/nnet_mult.h:73->firmware/nnet_utils/nnet_dense_latency.h:42]   --->   Operation 333 'mul' 'mult_528' <Predicate = true> <Delay = 3.57> <CoreInst = "Multiplier">   --->   Core 3 'Multiplier' <Latency = 0> <II = 1> <Delay = 3.57> <FuncUnit> <Opcode : 'mul'> <InPorts = 2> <OutPorts = 1>
ST_3 : Operation 334 [1/1] (3.57ns)   --->   "%mult_529 = mul i24 %sext_ln70_165, i24 106" [firmware/nnet_utils/nnet_mult.h:73->firmware/nnet_utils/nnet_dense_latency.h:42]   --->   Operation 334 'mul' 'mult_529' <Predicate = true> <Delay = 3.57> <CoreInst = "Multiplier">   --->   Core 3 'Multiplier' <Latency = 0> <II = 1> <Delay = 3.57> <FuncUnit> <Opcode : 'mul'> <InPorts = 2> <OutPorts = 1>
ST_3 : Operation 335 [1/1] (0.00ns)   --->   "%shl_ln73_102 = bitconcatenate i21 @_ssdm_op_BitConcatenate.i21.i16.i5, i16 %a_76, i5 0" [firmware/nnet_utils/nnet_mult.h:73->firmware/nnet_utils/nnet_dense_latency.h:42]   --->   Operation 335 'bitconcatenate' 'shl_ln73_102' <Predicate = true> <Delay = 0.00>
ST_3 : Operation 336 [1/1] (0.00ns)   --->   "%sext_ln73_244 = sext i21 %shl_ln73_102" [firmware/nnet_utils/nnet_mult.h:73->firmware/nnet_utils/nnet_dense_latency.h:42]   --->   Operation 336 'sext' 'sext_ln73_244' <Predicate = true> <Delay = 0.00>
ST_3 : Operation 337 [1/1] (0.00ns)   --->   "%shl_ln73_103 = bitconcatenate i19 @_ssdm_op_BitConcatenate.i19.i16.i3, i16 %a_76, i3 0" [firmware/nnet_utils/nnet_mult.h:73->firmware/nnet_utils/nnet_dense_latency.h:42]   --->   Operation 337 'bitconcatenate' 'shl_ln73_103' <Predicate = true> <Delay = 0.00>
ST_3 : Operation 338 [1/1] (0.00ns)   --->   "%sext_ln73_245 = sext i19 %shl_ln73_103" [firmware/nnet_utils/nnet_mult.h:73->firmware/nnet_utils/nnet_dense_latency.h:42]   --->   Operation 338 'sext' 'sext_ln73_245' <Predicate = true> <Delay = 0.00>
ST_3 : Operation 339 [1/1] (1.43ns)   --->   "%mult_530 = add i22 %sext_ln73_244, i22 %sext_ln73_245" [firmware/nnet_utils/nnet_mult.h:73->firmware/nnet_utils/nnet_dense_latency.h:42]   --->   Operation 339 'add' 'mult_530' <Predicate = true> <Delay = 1.43> <CoreInst = "Adder">   --->   Core 1 'Adder' <Latency = 0> <II = 1> <Delay = 1.43> <FuncUnit> <Opcode : 'add' 'sub'> <InPorts = 2> <OutPorts = 1>
ST_3 : Operation 340 [1/1] (0.00ns)   --->   "%sext_ln17_52 = sext i22 %mult_530" [firmware/nnet_utils/nnet_dense_latency.h:17]   --->   Operation 340 'sext' 'sext_ln17_52' <Predicate = true> <Delay = 0.00>
ST_3 : Operation 341 [1/1] (3.57ns)   --->   "%mult_531 = mul i24 %sext_ln70_165, i24 83" [firmware/nnet_utils/nnet_mult.h:73->firmware/nnet_utils/nnet_dense_latency.h:42]   --->   Operation 341 'mul' 'mult_531' <Predicate = true> <Delay = 3.57> <CoreInst = "Multiplier">   --->   Core 3 'Multiplier' <Latency = 0> <II = 1> <Delay = 3.57> <FuncUnit> <Opcode : 'mul'> <InPorts = 2> <OutPorts = 1>
ST_3 : Operation 342 [1/1] (3.57ns)   --->   "%mult_532 = mul i24 %sext_ln70_165, i24 113" [firmware/nnet_utils/nnet_mult.h:73->firmware/nnet_utils/nnet_dense_latency.h:42]   --->   Operation 342 'mul' 'mult_532' <Predicate = true> <Delay = 3.57> <CoreInst = "Multiplier">   --->   Core 3 'Multiplier' <Latency = 0> <II = 1> <Delay = 3.57> <FuncUnit> <Opcode : 'mul'> <InPorts = 2> <OutPorts = 1>
ST_3 : Operation 343 [1/1] (3.57ns)   --->   "%mult_533 = mul i25 %sext_ln70_166, i25 33554285" [firmware/nnet_utils/nnet_mult.h:73->firmware/nnet_utils/nnet_dense_latency.h:42]   --->   Operation 343 'mul' 'mult_533' <Predicate = true> <Delay = 3.57> <CoreInst = "Multiplier">   --->   Core 3 'Multiplier' <Latency = 0> <II = 1> <Delay = 3.57> <FuncUnit> <Opcode : 'mul'> <InPorts = 2> <OutPorts = 1>
ST_3 : Operation 344 [1/1] (0.00ns)   --->   "%a_77 = load i16 %p_ZZN4nnet24compute_output_buffer_2dINS_5arrayI8ap_fixedILi16ELi6EL9ap_q_mode5EL9_55"   --->   Operation 344 'load' 'a_77' <Predicate = true> <Delay = 0.00>
ST_3 : Operation 345 [1/1] (0.00ns)   --->   "%sext_ln70_168 = sext i16 %a_77" [firmware/nnet_utils/nnet_mult.h:70->firmware/nnet_utils/nnet_dense_latency.h:42]   --->   Operation 345 'sext' 'sext_ln70_168' <Predicate = true> <Delay = 0.00>
ST_3 : Operation 346 [1/1] (0.00ns)   --->   "%sext_ln70_169 = sext i16 %a_77" [firmware/nnet_utils/nnet_mult.h:70->firmware/nnet_utils/nnet_dense_latency.h:42]   --->   Operation 346 'sext' 'sext_ln70_169' <Predicate = true> <Delay = 0.00>
ST_3 : Operation 347 [1/1] (0.00ns)   --->   "%sext_ln70_170 = sext i16 %a_77" [firmware/nnet_utils/nnet_mult.h:70->firmware/nnet_utils/nnet_dense_latency.h:42]   --->   Operation 347 'sext' 'sext_ln70_170' <Predicate = true> <Delay = 0.00>
ST_3 : Operation 348 [1/1] (0.00ns)   --->   "%sext_ln70_171 = sext i16 %a_77" [firmware/nnet_utils/nnet_mult.h:70->firmware/nnet_utils/nnet_dense_latency.h:42]   --->   Operation 348 'sext' 'sext_ln70_171' <Predicate = true> <Delay = 0.00>
ST_3 : Operation 349 [1/1] (3.57ns)   --->   "%mult_534 = mul i25 %sext_ln70_171, i25 33554267" [firmware/nnet_utils/nnet_mult.h:73->firmware/nnet_utils/nnet_dense_latency.h:42]   --->   Operation 349 'mul' 'mult_534' <Predicate = true> <Delay = 3.57> <CoreInst = "Multiplier">   --->   Core 3 'Multiplier' <Latency = 0> <II = 1> <Delay = 3.57> <FuncUnit> <Opcode : 'mul'> <InPorts = 2> <OutPorts = 1>
ST_3 : Operation 350 [1/1] (3.57ns)   --->   "%mult_535 = mul i25 %sext_ln70_171, i25 33554246" [firmware/nnet_utils/nnet_mult.h:73->firmware/nnet_utils/nnet_dense_latency.h:42]   --->   Operation 350 'mul' 'mult_535' <Predicate = true> <Delay = 3.57> <CoreInst = "Multiplier">   --->   Core 3 'Multiplier' <Latency = 0> <II = 1> <Delay = 3.57> <FuncUnit> <Opcode : 'mul'> <InPorts = 2> <OutPorts = 1>
ST_3 : Operation 351 [1/1] (0.00ns)   --->   "%shl_ln73_104 = bitconcatenate i20 @_ssdm_op_BitConcatenate.i20.i16.i4, i16 %a_77, i4 0" [firmware/nnet_utils/nnet_mult.h:73->firmware/nnet_utils/nnet_dense_latency.h:42]   --->   Operation 351 'bitconcatenate' 'shl_ln73_104' <Predicate = true> <Delay = 0.00>
ST_3 : Operation 352 [1/1] (0.00ns)   --->   "%sext_ln73_246 = sext i20 %shl_ln73_104" [firmware/nnet_utils/nnet_mult.h:73->firmware/nnet_utils/nnet_dense_latency.h:42]   --->   Operation 352 'sext' 'sext_ln73_246' <Predicate = true> <Delay = 0.00>
ST_3 : Operation 353 [1/1] (1.43ns)   --->   "%mult_536 = add i21 %sext_ln73_246, i21 %sext_ln70_169" [firmware/nnet_utils/nnet_mult.h:73->firmware/nnet_utils/nnet_dense_latency.h:42]   --->   Operation 353 'add' 'mult_536' <Predicate = true> <Delay = 1.43> <CoreInst = "Adder">   --->   Core 1 'Adder' <Latency = 0> <II = 1> <Delay = 1.43> <FuncUnit> <Opcode : 'add' 'sub'> <InPorts = 2> <OutPorts = 1>
ST_3 : Operation 354 [1/1] (0.00ns)   --->   "%sext_ln17_53 = sext i21 %mult_536" [firmware/nnet_utils/nnet_dense_latency.h:17]   --->   Operation 354 'sext' 'sext_ln17_53' <Predicate = true> <Delay = 0.00>
ST_3 : Operation 355 [1/1] (0.00ns)   --->   "%shl_ln73_105 = bitconcatenate i18 @_ssdm_op_BitConcatenate.i18.i16.i2, i16 %a_77, i2 0" [firmware/nnet_utils/nnet_mult.h:73->firmware/nnet_utils/nnet_dense_latency.h:42]   --->   Operation 355 'bitconcatenate' 'shl_ln73_105' <Predicate = true> <Delay = 0.00>
ST_3 : Operation 356 [1/1] (0.00ns)   --->   "%sext_ln73_247 = sext i18 %shl_ln73_105" [firmware/nnet_utils/nnet_mult.h:73->firmware/nnet_utils/nnet_dense_latency.h:42]   --->   Operation 356 'sext' 'sext_ln73_247' <Predicate = true> <Delay = 0.00>
ST_3 : Operation 357 [1/1] (1.43ns)   --->   "%mult_537 = sub i21 %sext_ln73_246, i21 %sext_ln73_247" [firmware/nnet_utils/nnet_mult.h:73->firmware/nnet_utils/nnet_dense_latency.h:42]   --->   Operation 357 'sub' 'mult_537' <Predicate = true> <Delay = 1.43> <CoreInst = "Adder">   --->   Core 1 'Adder' <Latency = 0> <II = 1> <Delay = 1.43> <FuncUnit> <Opcode : 'add' 'sub'> <InPorts = 2> <OutPorts = 1>
ST_3 : Operation 358 [1/1] (0.00ns)   --->   "%shl_ln73_106 = bitconcatenate i19 @_ssdm_op_BitConcatenate.i19.i16.i3, i16 %a_77, i3 0" [firmware/nnet_utils/nnet_mult.h:73->firmware/nnet_utils/nnet_dense_latency.h:42]   --->   Operation 358 'bitconcatenate' 'shl_ln73_106' <Predicate = true> <Delay = 0.00>
ST_3 : Operation 359 [1/1] (0.00ns)   --->   "%sext_ln73_248 = sext i19 %shl_ln73_106" [firmware/nnet_utils/nnet_mult.h:73->firmware/nnet_utils/nnet_dense_latency.h:42]   --->   Operation 359 'sext' 'sext_ln73_248' <Predicate = true> <Delay = 0.00>
ST_3 : Operation 360 [1/1] (0.00ns) (grouped into TernaryAdder)   --->   "%sub_ln73_49 = sub i20 0, i20 %sext_ln73_248" [firmware/nnet_utils/nnet_mult.h:73->firmware/nnet_utils/nnet_dense_latency.h:42]   --->   Operation 360 'sub' 'sub_ln73_49' <Predicate = true> <Delay = 0.00> <CoreInst = "TAddSub">   --->   Core 10 'TAddSub' <Latency = 0> <II = 1> <Delay = 0.53> <IPBlock> <Opcode : '' 'add' 'sub'> <InPorts = 3> <OutPorts = 1> <Sync> <CReg>
ST_3 : Operation 361 [1/1] (1.01ns) (root node of TernaryAdder)   --->   "%mult_538 = sub i20 %sub_ln73_49, i20 %sext_ln70_170" [firmware/nnet_utils/nnet_mult.h:73->firmware/nnet_utils/nnet_dense_latency.h:42]   --->   Operation 361 'sub' 'mult_538' <Predicate = true> <Delay = 1.01> <CoreInst = "TAddSub">   --->   Core 10 'TAddSub' <Latency = 0> <II = 1> <Delay = 0.53> <IPBlock> <Opcode : '' 'add' 'sub'> <InPorts = 3> <OutPorts = 1> <Sync> <CReg>
ST_3 : Operation 362 [1/1] (0.00ns)   --->   "%sext_ln17_55 = sext i20 %mult_538" [firmware/nnet_utils/nnet_dense_latency.h:17]   --->   Operation 362 'sext' 'sext_ln17_55' <Predicate = true> <Delay = 0.00>
ST_3 : Operation 363 [1/1] (3.57ns)   --->   "%mult_539 = mul i25 %sext_ln70_171, i25 207" [firmware/nnet_utils/nnet_mult.h:73->firmware/nnet_utils/nnet_dense_latency.h:42]   --->   Operation 363 'mul' 'mult_539' <Predicate = true> <Delay = 3.57> <CoreInst = "Multiplier">   --->   Core 3 'Multiplier' <Latency = 0> <II = 1> <Delay = 3.57> <FuncUnit> <Opcode : 'mul'> <InPorts = 2> <OutPorts = 1>
ST_3 : Operation 364 [1/1] (3.57ns)   --->   "%mult_540 = mul i25 %sext_ln70_171, i25 33554256" [firmware/nnet_utils/nnet_mult.h:73->firmware/nnet_utils/nnet_dense_latency.h:42]   --->   Operation 364 'mul' 'mult_540' <Predicate = true> <Delay = 3.57> <CoreInst = "Multiplier">   --->   Core 3 'Multiplier' <Latency = 0> <II = 1> <Delay = 3.57> <FuncUnit> <Opcode : 'mul'> <InPorts = 2> <OutPorts = 1>
ST_3 : Operation 365 [1/1] (3.57ns)   --->   "%mul_ln17_17 = mul i20 %sext_ln70_170, i20 11" [firmware/nnet_utils/nnet_dense_latency.h:17]   --->   Operation 365 'mul' 'mul_ln17_17' <Predicate = true> <Delay = 3.57> <CoreInst = "Multiplier">   --->   Core 3 'Multiplier' <Latency = 0> <II = 1> <Delay = 3.57> <FuncUnit> <Opcode : 'mul'> <InPorts = 2> <OutPorts = 1>
ST_3 : Operation 366 [1/1] (3.57ns)   --->   "%mult_541 = mul i23 %sext_ln70_168, i23 52" [firmware/nnet_utils/nnet_mult.h:73->firmware/nnet_utils/nnet_dense_latency.h:42]   --->   Operation 366 'mul' 'mult_541' <Predicate = true> <Delay = 3.57> <CoreInst = "Multiplier">   --->   Core 3 'Multiplier' <Latency = 0> <II = 1> <Delay = 3.57> <FuncUnit> <Opcode : 'mul'> <InPorts = 2> <OutPorts = 1>
ST_3 : Operation 367 [1/1] (1.43ns)   --->   "%mult_542 = sub i21 0, i21 %sext_ln73_246" [firmware/nnet_utils/nnet_mult.h:73->firmware/nnet_utils/nnet_dense_latency.h:42]   --->   Operation 367 'sub' 'mult_542' <Predicate = true> <Delay = 1.43> <CoreInst = "Adder">   --->   Core 1 'Adder' <Latency = 0> <II = 1> <Delay = 1.43> <FuncUnit> <Opcode : 'add' 'sub'> <InPorts = 2> <OutPorts = 1>
ST_3 : Operation 368 [1/1] (0.00ns)   --->   "%sext_ln17_57 = sext i21 %mult_542" [firmware/nnet_utils/nnet_dense_latency.h:17]   --->   Operation 368 'sext' 'sext_ln17_57' <Predicate = true> <Delay = 0.00>
ST_3 : Operation 369 [1/1] (0.00ns)   --->   "%sext_ln70_172 = sext i16 %a_78" [firmware/nnet_utils/nnet_mult.h:70->firmware/nnet_utils/nnet_dense_latency.h:42]   --->   Operation 369 'sext' 'sext_ln70_172' <Predicate = true> <Delay = 0.00>
ST_3 : Operation 370 [1/1] (0.00ns)   --->   "%sext_ln70_174 = sext i16 %a_78" [firmware/nnet_utils/nnet_mult.h:70->firmware/nnet_utils/nnet_dense_latency.h:42]   --->   Operation 370 'sext' 'sext_ln70_174' <Predicate = true> <Delay = 0.00>
ST_3 : Operation 371 [1/1] (0.00ns)   --->   "%sext_ln70_175 = sext i16 %a_78" [firmware/nnet_utils/nnet_mult.h:70->firmware/nnet_utils/nnet_dense_latency.h:42]   --->   Operation 371 'sext' 'sext_ln70_175' <Predicate = true> <Delay = 0.00>
ST_3 : Operation 372 [1/1] (3.57ns)   --->   "%mult_543 = mul i24 %sext_ln70_175, i24 16777091" [firmware/nnet_utils/nnet_mult.h:73->firmware/nnet_utils/nnet_dense_latency.h:42]   --->   Operation 372 'mul' 'mult_543' <Predicate = true> <Delay = 3.57> <CoreInst = "Multiplier">   --->   Core 3 'Multiplier' <Latency = 0> <II = 1> <Delay = 3.57> <FuncUnit> <Opcode : 'mul'> <InPorts = 2> <OutPorts = 1>
ST_3 : Operation 373 [1/1] (3.57ns)   --->   "%mult_544 = mul i24 %sext_ln70_175, i24 113" [firmware/nnet_utils/nnet_mult.h:73->firmware/nnet_utils/nnet_dense_latency.h:42]   --->   Operation 373 'mul' 'mult_544' <Predicate = true> <Delay = 3.57> <CoreInst = "Multiplier">   --->   Core 3 'Multiplier' <Latency = 0> <II = 1> <Delay = 3.57> <FuncUnit> <Opcode : 'mul'> <InPorts = 2> <OutPorts = 1>
ST_3 : Operation 374 [1/1] (3.57ns)   --->   "%mult_545 = mul i25 %sext_ln70_174, i25 170" [firmware/nnet_utils/nnet_mult.h:73->firmware/nnet_utils/nnet_dense_latency.h:42]   --->   Operation 374 'mul' 'mult_545' <Predicate = true> <Delay = 3.57> <CoreInst = "Multiplier">   --->   Core 3 'Multiplier' <Latency = 0> <II = 1> <Delay = 3.57> <FuncUnit> <Opcode : 'mul'> <InPorts = 2> <OutPorts = 1>
ST_3 : Operation 375 [1/1] (3.57ns)   --->   "%mult_546 = mul i25 %sext_ln70_174, i25 33554204" [firmware/nnet_utils/nnet_mult.h:73->firmware/nnet_utils/nnet_dense_latency.h:42]   --->   Operation 375 'mul' 'mult_546' <Predicate = true> <Delay = 3.57> <CoreInst = "Multiplier">   --->   Core 3 'Multiplier' <Latency = 0> <II = 1> <Delay = 3.57> <FuncUnit> <Opcode : 'mul'> <InPorts = 2> <OutPorts = 1>
ST_3 : Operation 376 [1/1] (3.57ns)   --->   "%mult_548 = mul i23 %sext_ln70_172, i23 59" [firmware/nnet_utils/nnet_mult.h:73->firmware/nnet_utils/nnet_dense_latency.h:42]   --->   Operation 376 'mul' 'mult_548' <Predicate = true> <Delay = 3.57> <CoreInst = "Multiplier">   --->   Core 3 'Multiplier' <Latency = 0> <II = 1> <Delay = 3.57> <FuncUnit> <Opcode : 'mul'> <InPorts = 2> <OutPorts = 1>
ST_3 : Operation 377 [1/1] (0.00ns)   --->   "%shl_ln73_107 = bitconcatenate i19 @_ssdm_op_BitConcatenate.i19.i16.i3, i16 %a_78, i3 0" [firmware/nnet_utils/nnet_mult.h:73->firmware/nnet_utils/nnet_dense_latency.h:42]   --->   Operation 377 'bitconcatenate' 'shl_ln73_107' <Predicate = true> <Delay = 0.00>
ST_3 : Operation 378 [1/1] (0.00ns)   --->   "%sext_ln73_250 = sext i19 %shl_ln73_107" [firmware/nnet_utils/nnet_mult.h:73->firmware/nnet_utils/nnet_dense_latency.h:42]   --->   Operation 378 'sext' 'sext_ln73_250' <Predicate = true> <Delay = 0.00>
ST_3 : Operation 379 [1/1] (0.00ns)   --->   "%shl_ln73_108 = bitconcatenate i17 @_ssdm_op_BitConcatenate.i17.i16.i1, i16 %a_78, i1 0" [firmware/nnet_utils/nnet_mult.h:73->firmware/nnet_utils/nnet_dense_latency.h:42]   --->   Operation 379 'bitconcatenate' 'shl_ln73_108' <Predicate = true> <Delay = 0.00>
ST_3 : Operation 380 [1/1] (0.00ns)   --->   "%sext_ln73_251 = sext i17 %shl_ln73_108" [firmware/nnet_utils/nnet_mult.h:73->firmware/nnet_utils/nnet_dense_latency.h:42]   --->   Operation 380 'sext' 'sext_ln73_251' <Predicate = true> <Delay = 0.00>
ST_3 : Operation 381 [1/1] (0.00ns) (grouped into TernaryAdder)   --->   "%mult_549 = sub i20 %sext_ln73_250, i20 %sext_ln73_251" [firmware/nnet_utils/nnet_mult.h:73->firmware/nnet_utils/nnet_dense_latency.h:42]   --->   Operation 381 'sub' 'mult_549' <Predicate = true> <Delay = 0.00> <CoreInst = "TAddSub">   --->   Core 10 'TAddSub' <Latency = 0> <II = 1> <Delay = 0.53> <IPBlock> <Opcode : '' 'add' 'sub'> <InPorts = 3> <OutPorts = 1> <Sync> <CReg>
ST_3 : Operation 382 [1/1] (3.57ns)   --->   "%mult_550 = mul i25 %sext_ln70_174, i25 33554248" [firmware/nnet_utils/nnet_mult.h:73->firmware/nnet_utils/nnet_dense_latency.h:42]   --->   Operation 382 'mul' 'mult_550' <Predicate = true> <Delay = 3.57> <CoreInst = "Multiplier">   --->   Core 3 'Multiplier' <Latency = 0> <II = 1> <Delay = 3.57> <FuncUnit> <Opcode : 'mul'> <InPorts = 2> <OutPorts = 1>
ST_3 : Operation 383 [1/1] (3.57ns)   --->   "%mul_ln17_18 = mul i24 %sext_ln70_175, i24 162" [firmware/nnet_utils/nnet_dense_latency.h:17]   --->   Operation 383 'mul' 'mul_ln17_18' <Predicate = true> <Delay = 3.57> <CoreInst = "Multiplier">   --->   Core 3 'Multiplier' <Latency = 0> <II = 1> <Delay = 3.57> <FuncUnit> <Opcode : 'mul'> <InPorts = 2> <OutPorts = 1>
ST_3 : Operation 384 [1/1] (3.57ns)   --->   "%mult_551 = mul i24 %sext_ln70_175, i24 16777138" [firmware/nnet_utils/nnet_mult.h:73->firmware/nnet_utils/nnet_dense_latency.h:42]   --->   Operation 384 'mul' 'mult_551' <Predicate = true> <Delay = 3.57> <CoreInst = "Multiplier">   --->   Core 3 'Multiplier' <Latency = 0> <II = 1> <Delay = 3.57> <FuncUnit> <Opcode : 'mul'> <InPorts = 2> <OutPorts = 1>
ST_3 : Operation 385 [1/1] (0.00ns)   --->   "%sext_ln70_176 = sext i16 %a_79" [firmware/nnet_utils/nnet_mult.h:70->firmware/nnet_utils/nnet_dense_latency.h:42]   --->   Operation 385 'sext' 'sext_ln70_176' <Predicate = true> <Delay = 0.00>
ST_3 : Operation 386 [1/1] (0.00ns)   --->   "%sext_ln70_177 = sext i16 %a_79" [firmware/nnet_utils/nnet_mult.h:70->firmware/nnet_utils/nnet_dense_latency.h:42]   --->   Operation 386 'sext' 'sext_ln70_177' <Predicate = true> <Delay = 0.00>
ST_3 : Operation 387 [1/1] (0.00ns)   --->   "%sext_ln70_179 = sext i16 %a_79" [firmware/nnet_utils/nnet_mult.h:70->firmware/nnet_utils/nnet_dense_latency.h:42]   --->   Operation 387 'sext' 'sext_ln70_179' <Predicate = true> <Delay = 0.00>
ST_3 : Operation 388 [1/1] (0.00ns)   --->   "%shl_ln73_109 = bitconcatenate i19 @_ssdm_op_BitConcatenate.i19.i16.i3, i16 %a_79, i3 0" [firmware/nnet_utils/nnet_mult.h:73->firmware/nnet_utils/nnet_dense_latency.h:42]   --->   Operation 388 'bitconcatenate' 'shl_ln73_109' <Predicate = true> <Delay = 0.00>
ST_3 : Operation 389 [1/1] (0.00ns)   --->   "%sext_ln73_253 = sext i19 %shl_ln73_109" [firmware/nnet_utils/nnet_mult.h:73->firmware/nnet_utils/nnet_dense_latency.h:42]   --->   Operation 389 'sext' 'sext_ln73_253' <Predicate = true> <Delay = 0.00>
ST_3 : Operation 390 [1/1] (0.00ns)   --->   "%shl_ln73_110 = bitconcatenate i17 @_ssdm_op_BitConcatenate.i17.i16.i1, i16 %a_79, i1 0" [firmware/nnet_utils/nnet_mult.h:73->firmware/nnet_utils/nnet_dense_latency.h:42]   --->   Operation 390 'bitconcatenate' 'shl_ln73_110' <Predicate = true> <Delay = 0.00>
ST_3 : Operation 391 [1/1] (0.00ns)   --->   "%sext_ln73_254 = sext i17 %shl_ln73_110" [firmware/nnet_utils/nnet_mult.h:73->firmware/nnet_utils/nnet_dense_latency.h:42]   --->   Operation 391 'sext' 'sext_ln73_254' <Predicate = true> <Delay = 0.00>
ST_3 : Operation 392 [1/1] (0.00ns)   --->   "%sext_ln73_255 = sext i17 %shl_ln73_110" [firmware/nnet_utils/nnet_mult.h:73->firmware/nnet_utils/nnet_dense_latency.h:42]   --->   Operation 392 'sext' 'sext_ln73_255' <Predicate = true> <Delay = 0.00>
ST_3 : Operation 393 [1/1] (1.43ns)   --->   "%mult_552 = add i20 %sext_ln73_253, i20 %sext_ln73_255" [firmware/nnet_utils/nnet_mult.h:73->firmware/nnet_utils/nnet_dense_latency.h:42]   --->   Operation 393 'add' 'mult_552' <Predicate = true> <Delay = 1.43> <CoreInst = "Adder">   --->   Core 1 'Adder' <Latency = 0> <II = 1> <Delay = 1.43> <FuncUnit> <Opcode : 'add' 'sub'> <InPorts = 2> <OutPorts = 1>
ST_3 : Operation 394 [1/1] (0.00ns)   --->   "%sext_ln17_60 = sext i20 %mult_552" [firmware/nnet_utils/nnet_dense_latency.h:17]   --->   Operation 394 'sext' 'sext_ln17_60' <Predicate = true> <Delay = 0.00>
ST_3 : Operation 395 [1/1] (3.57ns)   --->   "%mult_553 = mul i25 %sext_ln70_179, i25 185" [firmware/nnet_utils/nnet_mult.h:73->firmware/nnet_utils/nnet_dense_latency.h:42]   --->   Operation 395 'mul' 'mult_553' <Predicate = true> <Delay = 3.57> <CoreInst = "Multiplier">   --->   Core 3 'Multiplier' <Latency = 0> <II = 1> <Delay = 3.57> <FuncUnit> <Opcode : 'mul'> <InPorts = 2> <OutPorts = 1>
ST_3 : Operation 396 [1/1] (3.57ns)   --->   "%mult_554 = mul i25 %sext_ln70_179, i25 33554259" [firmware/nnet_utils/nnet_mult.h:73->firmware/nnet_utils/nnet_dense_latency.h:42]   --->   Operation 396 'mul' 'mult_554' <Predicate = true> <Delay = 3.57> <CoreInst = "Multiplier">   --->   Core 3 'Multiplier' <Latency = 0> <II = 1> <Delay = 3.57> <FuncUnit> <Opcode : 'mul'> <InPorts = 2> <OutPorts = 1>
ST_3 : Operation 397 [1/1] (0.00ns)   --->   "%shl_ln73_111 = bitconcatenate i22 @_ssdm_op_BitConcatenate.i22.i16.i6, i16 %a_79, i6 0" [firmware/nnet_utils/nnet_mult.h:73->firmware/nnet_utils/nnet_dense_latency.h:42]   --->   Operation 397 'bitconcatenate' 'shl_ln73_111' <Predicate = true> <Delay = 0.00>
ST_3 : Operation 398 [1/1] (0.00ns)   --->   "%sext_ln73_256 = sext i22 %shl_ln73_111" [firmware/nnet_utils/nnet_mult.h:73->firmware/nnet_utils/nnet_dense_latency.h:42]   --->   Operation 398 'sext' 'sext_ln73_256' <Predicate = true> <Delay = 0.00>
ST_3 : Operation 399 [1/1] (1.44ns)   --->   "%sub_ln73_53 = sub i23 0, i23 %sext_ln73_256" [firmware/nnet_utils/nnet_mult.h:73->firmware/nnet_utils/nnet_dense_latency.h:42]   --->   Operation 399 'sub' 'sub_ln73_53' <Predicate = true> <Delay = 1.44> <CoreInst = "Adder">   --->   Core 1 'Adder' <Latency = 0> <II = 1> <Delay = 1.44> <FuncUnit> <Opcode : 'add' 'sub'> <InPorts = 2> <OutPorts = 1>
ST_3 : Operation 400 [1/1] (0.00ns) (grouped into TernaryAdder)   --->   "%mult_556 = sub i23 %sub_ln73_53, i23 %sext_ln70_177" [firmware/nnet_utils/nnet_mult.h:73->firmware/nnet_utils/nnet_dense_latency.h:42]   --->   Operation 400 'sub' 'mult_556' <Predicate = true> <Delay = 0.00> <CoreInst = "TAddSub">   --->   Core 10 'TAddSub' <Latency = 0> <II = 1> <Delay = 0.53> <IPBlock> <Opcode : '' 'add' 'sub'> <InPorts = 3> <OutPorts = 1> <Sync> <CReg>
ST_3 : Operation 401 [1/1] (3.57ns)   --->   "%mult_557 = mul i24 %sext_ln70_176, i24 16777118" [firmware/nnet_utils/nnet_mult.h:73->firmware/nnet_utils/nnet_dense_latency.h:42]   --->   Operation 401 'mul' 'mult_557' <Predicate = true> <Delay = 3.57> <CoreInst = "Multiplier">   --->   Core 3 'Multiplier' <Latency = 0> <II = 1> <Delay = 3.57> <FuncUnit> <Opcode : 'mul'> <InPorts = 2> <OutPorts = 1>
ST_3 : Operation 402 [1/1] (0.00ns)   --->   "%shl_ln73_112 = bitconcatenate i21 @_ssdm_op_BitConcatenate.i21.i16.i5, i16 %a_79, i5 0" [firmware/nnet_utils/nnet_mult.h:73->firmware/nnet_utils/nnet_dense_latency.h:42]   --->   Operation 402 'bitconcatenate' 'shl_ln73_112' <Predicate = true> <Delay = 0.00>
ST_3 : Operation 403 [1/1] (0.00ns)   --->   "%sext_ln73_257 = sext i21 %shl_ln73_112" [firmware/nnet_utils/nnet_mult.h:73->firmware/nnet_utils/nnet_dense_latency.h:42]   --->   Operation 403 'sext' 'sext_ln73_257' <Predicate = true> <Delay = 0.00>
ST_3 : Operation 404 [1/1] (0.00ns) (grouped into TernaryAdder)   --->   "%sub_ln73_55 = sub i22 0, i22 %sext_ln73_257" [firmware/nnet_utils/nnet_mult.h:73->firmware/nnet_utils/nnet_dense_latency.h:42]   --->   Operation 404 'sub' 'sub_ln73_55' <Predicate = true> <Delay = 0.00> <CoreInst = "TAddSub">   --->   Core 10 'TAddSub' <Latency = 0> <II = 1> <Delay = 0.53> <IPBlock> <Opcode : '' 'add' 'sub'> <InPorts = 3> <OutPorts = 1> <Sync> <CReg>
ST_3 : Operation 405 [1/1] (1.02ns) (root node of TernaryAdder)   --->   "%mult_559 = sub i22 %sub_ln73_55, i22 %sext_ln73_254" [firmware/nnet_utils/nnet_mult.h:73->firmware/nnet_utils/nnet_dense_latency.h:42]   --->   Operation 405 'sub' 'mult_559' <Predicate = true> <Delay = 1.02> <CoreInst = "TAddSub">   --->   Core 10 'TAddSub' <Latency = 0> <II = 1> <Delay = 0.53> <IPBlock> <Opcode : '' 'add' 'sub'> <InPorts = 3> <OutPorts = 1> <Sync> <CReg>
ST_3 : Operation 406 [1/1] (3.57ns)   --->   "%mult_561 = mul i25 %sext_ln70_179, i25 33554293" [firmware/nnet_utils/nnet_mult.h:73->firmware/nnet_utils/nnet_dense_latency.h:42]   --->   Operation 406 'mul' 'mult_561' <Predicate = true> <Delay = 3.57> <CoreInst = "Multiplier">   --->   Core 3 'Multiplier' <Latency = 0> <II = 1> <Delay = 3.57> <FuncUnit> <Opcode : 'mul'> <InPorts = 2> <OutPorts = 1>
ST_3 : Operation 407 [1/1] (0.00ns)   --->   "%a_80 = load i16 %p_ZZN4nnet24compute_output_buffer_2dINS_5arrayI8ap_fixedILi16ELi6EL9ap_q_mode5EL9_52"   --->   Operation 407 'load' 'a_80' <Predicate = true> <Delay = 0.00>
ST_3 : Operation 408 [1/1] (0.00ns)   --->   "%sext_ln70_180 = sext i16 %a_80" [firmware/nnet_utils/nnet_mult.h:70->firmware/nnet_utils/nnet_dense_latency.h:42]   --->   Operation 408 'sext' 'sext_ln70_180' <Predicate = true> <Delay = 0.00>
ST_3 : Operation 409 [1/1] (0.00ns)   --->   "%sext_ln70_181 = sext i16 %a_80" [firmware/nnet_utils/nnet_mult.h:70->firmware/nnet_utils/nnet_dense_latency.h:42]   --->   Operation 409 'sext' 'sext_ln70_181' <Predicate = true> <Delay = 0.00>
ST_3 : Operation 410 [1/1] (3.57ns)   --->   "%mult_562 = mul i25 %sext_ln70_181, i25 33554200" [firmware/nnet_utils/nnet_mult.h:73->firmware/nnet_utils/nnet_dense_latency.h:42]   --->   Operation 410 'mul' 'mult_562' <Predicate = true> <Delay = 3.57> <CoreInst = "Multiplier">   --->   Core 3 'Multiplier' <Latency = 0> <II = 1> <Delay = 3.57> <FuncUnit> <Opcode : 'mul'> <InPorts = 2> <OutPorts = 1>
ST_3 : Operation 411 [1/1] (3.57ns)   --->   "%mult_563 = mul i25 %sext_ln70_181, i25 33554225" [firmware/nnet_utils/nnet_mult.h:73->firmware/nnet_utils/nnet_dense_latency.h:42]   --->   Operation 411 'mul' 'mult_563' <Predicate = true> <Delay = 3.57> <CoreInst = "Multiplier">   --->   Core 3 'Multiplier' <Latency = 0> <II = 1> <Delay = 3.57> <FuncUnit> <Opcode : 'mul'> <InPorts = 2> <OutPorts = 1>
ST_3 : Operation 412 [1/1] (3.57ns)   --->   "%mult_564 = mul i24 %sext_ln70_180, i24 94" [firmware/nnet_utils/nnet_mult.h:73->firmware/nnet_utils/nnet_dense_latency.h:42]   --->   Operation 412 'mul' 'mult_564' <Predicate = true> <Delay = 3.57> <CoreInst = "Multiplier">   --->   Core 3 'Multiplier' <Latency = 0> <II = 1> <Delay = 3.57> <FuncUnit> <Opcode : 'mul'> <InPorts = 2> <OutPorts = 1>
ST_3 : Operation 413 [1/1] (3.57ns)   --->   "%mult_566 = mul i25 %sext_ln70_181, i25 33554230" [firmware/nnet_utils/nnet_mult.h:73->firmware/nnet_utils/nnet_dense_latency.h:42]   --->   Operation 413 'mul' 'mult_566' <Predicate = true> <Delay = 3.57> <CoreInst = "Multiplier">   --->   Core 3 'Multiplier' <Latency = 0> <II = 1> <Delay = 3.57> <FuncUnit> <Opcode : 'mul'> <InPorts = 2> <OutPorts = 1>
ST_3 : Operation 414 [1/1] (0.00ns)   --->   "%sext_ln73_260 = sext i16 %a_80" [firmware/nnet_utils/nnet_mult.h:73->firmware/nnet_utils/nnet_dense_latency.h:42]   --->   Operation 414 'sext' 'sext_ln73_260' <Predicate = true> <Delay = 0.00>
ST_3 : Operation 415 [1/1] (3.57ns)   --->   "%mul_ln17_19 = mul i23 %sext_ln73_260, i23 8388532" [firmware/nnet_utils/nnet_dense_latency.h:17]   --->   Operation 415 'mul' 'mul_ln17_19' <Predicate = true> <Delay = 3.57> <CoreInst = "Multiplier">   --->   Core 3 'Multiplier' <Latency = 0> <II = 1> <Delay = 3.57> <FuncUnit> <Opcode : 'mul'> <InPorts = 2> <OutPorts = 1>
ST_3 : Operation 416 [1/1] (3.57ns)   --->   "%mult_567 = mul i24 %sext_ln70_180, i24 76" [firmware/nnet_utils/nnet_mult.h:73->firmware/nnet_utils/nnet_dense_latency.h:42]   --->   Operation 416 'mul' 'mult_567' <Predicate = true> <Delay = 3.57> <CoreInst = "Multiplier">   --->   Core 3 'Multiplier' <Latency = 0> <II = 1> <Delay = 3.57> <FuncUnit> <Opcode : 'mul'> <InPorts = 2> <OutPorts = 1>
ST_3 : Operation 417 [1/1] (3.57ns)   --->   "%mult_568 = mul i25 %sext_ln70_181, i25 228" [firmware/nnet_utils/nnet_mult.h:73->firmware/nnet_utils/nnet_dense_latency.h:42]   --->   Operation 417 'mul' 'mult_568' <Predicate = true> <Delay = 3.57> <CoreInst = "Multiplier">   --->   Core 3 'Multiplier' <Latency = 0> <II = 1> <Delay = 3.57> <FuncUnit> <Opcode : 'mul'> <InPorts = 2> <OutPorts = 1>
ST_3 : Operation 418 [1/1] (3.57ns)   --->   "%mult_569 = mul i24 %sext_ln70_180, i24 16777116" [firmware/nnet_utils/nnet_mult.h:73->firmware/nnet_utils/nnet_dense_latency.h:42]   --->   Operation 418 'mul' 'mult_569' <Predicate = true> <Delay = 3.57> <CoreInst = "Multiplier">   --->   Core 3 'Multiplier' <Latency = 0> <II = 1> <Delay = 3.57> <FuncUnit> <Opcode : 'mul'> <InPorts = 2> <OutPorts = 1>
ST_3 : Operation 419 [1/1] (0.00ns)   --->   "%a_81 = load i16 %p_ZZN4nnet24compute_output_buffer_2dINS_5arrayI8ap_fixedILi16ELi6EL9ap_q_mode5EL9_51"   --->   Operation 419 'load' 'a_81' <Predicate = true> <Delay = 0.00>
ST_3 : Operation 420 [1/1] (0.00ns)   --->   "%sext_ln70_183 = sext i16 %a_81" [firmware/nnet_utils/nnet_mult.h:70->firmware/nnet_utils/nnet_dense_latency.h:42]   --->   Operation 420 'sext' 'sext_ln70_183' <Predicate = true> <Delay = 0.00>
ST_3 : Operation 421 [1/1] (0.00ns)   --->   "%sext_ln70_184 = sext i16 %a_81" [firmware/nnet_utils/nnet_mult.h:70->firmware/nnet_utils/nnet_dense_latency.h:42]   --->   Operation 421 'sext' 'sext_ln70_184' <Predicate = true> <Delay = 0.00>
ST_3 : Operation 422 [1/1] (0.00ns)   --->   "%shl_ln73_119 = bitconcatenate i21 @_ssdm_op_BitConcatenate.i21.i16.i5, i16 %a_81, i5 0" [firmware/nnet_utils/nnet_mult.h:73->firmware/nnet_utils/nnet_dense_latency.h:42]   --->   Operation 422 'bitconcatenate' 'shl_ln73_119' <Predicate = true> <Delay = 0.00>
ST_3 : Operation 423 [1/1] (0.00ns)   --->   "%sext_ln73_265 = sext i21 %shl_ln73_119" [firmware/nnet_utils/nnet_mult.h:73->firmware/nnet_utils/nnet_dense_latency.h:42]   --->   Operation 423 'sext' 'sext_ln73_265' <Predicate = true> <Delay = 0.00>
ST_3 : Operation 424 [1/1] (0.00ns)   --->   "%shl_ln73_120 = bitconcatenate i17 @_ssdm_op_BitConcatenate.i17.i16.i1, i16 %a_81, i1 0" [firmware/nnet_utils/nnet_mult.h:73->firmware/nnet_utils/nnet_dense_latency.h:42]   --->   Operation 424 'bitconcatenate' 'shl_ln73_120' <Predicate = true> <Delay = 0.00>
ST_3 : Operation 425 [1/1] (0.00ns)   --->   "%sext_ln73_266 = sext i17 %shl_ln73_120" [firmware/nnet_utils/nnet_mult.h:73->firmware/nnet_utils/nnet_dense_latency.h:42]   --->   Operation 425 'sext' 'sext_ln73_266' <Predicate = true> <Delay = 0.00>
ST_3 : Operation 426 [1/1] (0.00ns) (grouped into TernaryAdder)   --->   "%mult_572 = sub i22 %sext_ln73_265, i22 %sext_ln73_266" [firmware/nnet_utils/nnet_mult.h:73->firmware/nnet_utils/nnet_dense_latency.h:42]   --->   Operation 426 'sub' 'mult_572' <Predicate = true> <Delay = 0.00> <CoreInst = "TAddSub">   --->   Core 10 'TAddSub' <Latency = 0> <II = 1> <Delay = 0.53> <IPBlock> <Opcode : '' 'add' 'sub'> <InPorts = 3> <OutPorts = 1> <Sync> <CReg>
ST_3 : Operation 427 [1/1] (3.57ns)   --->   "%mult_573 = mul i24 %sext_ln70_184, i24 70" [firmware/nnet_utils/nnet_mult.h:73->firmware/nnet_utils/nnet_dense_latency.h:42]   --->   Operation 427 'mul' 'mult_573' <Predicate = true> <Delay = 3.57> <CoreInst = "Multiplier">   --->   Core 3 'Multiplier' <Latency = 0> <II = 1> <Delay = 3.57> <FuncUnit> <Opcode : 'mul'> <InPorts = 2> <OutPorts = 1>
ST_3 : Operation 428 [1/1] (3.57ns)   --->   "%mult_575 = mul i22 %sext_ln70_183, i22 4194285" [firmware/nnet_utils/nnet_mult.h:73->firmware/nnet_utils/nnet_dense_latency.h:42]   --->   Operation 428 'mul' 'mult_575' <Predicate = true> <Delay = 3.57> <CoreInst = "Multiplier">   --->   Core 3 'Multiplier' <Latency = 0> <II = 1> <Delay = 3.57> <FuncUnit> <Opcode : 'mul'> <InPorts = 2> <OutPorts = 1>
ST_3 : Operation 429 [1/1] (0.00ns) (grouped into TernaryAdder)   --->   "%mult_576 = sub i22 %sext_ln73_266, i22 %sext_ln73_265" [firmware/nnet_utils/nnet_mult.h:73->firmware/nnet_utils/nnet_dense_latency.h:42]   --->   Operation 429 'sub' 'mult_576' <Predicate = true> <Delay = 0.00> <CoreInst = "TAddSub">   --->   Core 10 'TAddSub' <Latency = 0> <II = 1> <Delay = 0.53> <IPBlock> <Opcode : '' 'add' 'sub'> <InPorts = 3> <OutPorts = 1> <Sync> <CReg>
ST_3 : Operation 430 [1/1] (3.57ns)   --->   "%mult_579 = mul i24 %sext_ln70_184, i24 16777110" [firmware/nnet_utils/nnet_mult.h:73->firmware/nnet_utils/nnet_dense_latency.h:42]   --->   Operation 430 'mul' 'mult_579' <Predicate = true> <Delay = 3.57> <CoreInst = "Multiplier">   --->   Core 3 'Multiplier' <Latency = 0> <II = 1> <Delay = 3.57> <FuncUnit> <Opcode : 'mul'> <InPorts = 2> <OutPorts = 1>
ST_3 : Operation 431 [1/1] (0.00ns)   --->   "%sext_ln70_185 = sext i16 %a_82" [firmware/nnet_utils/nnet_mult.h:70->firmware/nnet_utils/nnet_dense_latency.h:42]   --->   Operation 431 'sext' 'sext_ln70_185' <Predicate = true> <Delay = 0.00>
ST_3 : Operation 432 [1/1] (0.00ns)   --->   "%sext_ln70_186 = sext i16 %a_82" [firmware/nnet_utils/nnet_mult.h:70->firmware/nnet_utils/nnet_dense_latency.h:42]   --->   Operation 432 'sext' 'sext_ln70_186' <Predicate = true> <Delay = 0.00>
ST_3 : Operation 433 [1/1] (0.00ns)   --->   "%sext_ln17_69 = sext i16 %a_82" [firmware/nnet_utils/nnet_dense_latency.h:17]   --->   Operation 433 'sext' 'sext_ln17_69' <Predicate = true> <Delay = 0.00>
ST_3 : Operation 434 [1/1] (3.57ns)   --->   "%mult_581 = mul i26 %sext_ln17_69, i26 382" [firmware/nnet_utils/nnet_mult.h:73->firmware/nnet_utils/nnet_dense_latency.h:42]   --->   Operation 434 'mul' 'mult_581' <Predicate = true> <Delay = 3.57> <CoreInst = "Multiplier">   --->   Core 3 'Multiplier' <Latency = 0> <II = 1> <Delay = 3.57> <FuncUnit> <Opcode : 'mul'> <InPorts = 2> <OutPorts = 1>
ST_3 : Operation 435 [1/1] (3.57ns)   --->   "%mul_ln17_20 = mul i26 %sext_ln17_69, i26 67108167" [firmware/nnet_utils/nnet_dense_latency.h:17]   --->   Operation 435 'mul' 'mul_ln17_20' <Predicate = true> <Delay = 3.57> <CoreInst = "Multiplier">   --->   Core 3 'Multiplier' <Latency = 0> <II = 1> <Delay = 3.57> <FuncUnit> <Opcode : 'mul'> <InPorts = 2> <OutPorts = 1>
ST_3 : Operation 436 [1/1] (3.57ns)   --->   "%mult_582 = mul i24 %sext_ln70_186, i24 16777113" [firmware/nnet_utils/nnet_mult.h:73->firmware/nnet_utils/nnet_dense_latency.h:42]   --->   Operation 436 'mul' 'mult_582' <Predicate = true> <Delay = 3.57> <CoreInst = "Multiplier">   --->   Core 3 'Multiplier' <Latency = 0> <II = 1> <Delay = 3.57> <FuncUnit> <Opcode : 'mul'> <InPorts = 2> <OutPorts = 1>
ST_3 : Operation 437 [1/1] (3.57ns)   --->   "%mult_585 = mul i25 %sext_ln70_185, i25 170" [firmware/nnet_utils/nnet_mult.h:73->firmware/nnet_utils/nnet_dense_latency.h:42]   --->   Operation 437 'mul' 'mult_585' <Predicate = true> <Delay = 3.57> <CoreInst = "Multiplier">   --->   Core 3 'Multiplier' <Latency = 0> <II = 1> <Delay = 3.57> <FuncUnit> <Opcode : 'mul'> <InPorts = 2> <OutPorts = 1>
ST_3 : Operation 438 [1/1] (3.57ns)   --->   "%mult_588 = mul i24 %sext_ln70_186, i24 16777109" [firmware/nnet_utils/nnet_mult.h:73->firmware/nnet_utils/nnet_dense_latency.h:42]   --->   Operation 438 'mul' 'mult_588' <Predicate = true> <Delay = 3.57> <CoreInst = "Multiplier">   --->   Core 3 'Multiplier' <Latency = 0> <II = 1> <Delay = 3.57> <FuncUnit> <Opcode : 'mul'> <InPorts = 2> <OutPorts = 1>
ST_3 : Operation 439 [1/1] (0.00ns)   --->   "%a_83 = load i16 %p_ZZN4nnet24compute_output_buffer_2dINS_5arrayI8ap_fixedILi16ELi6EL9ap_q_mode5EL9_49"   --->   Operation 439 'load' 'a_83' <Predicate = true> <Delay = 0.00>
ST_3 : Operation 440 [1/1] (0.00ns)   --->   "%sext_ln70_190 = sext i16 %a_83" [firmware/nnet_utils/nnet_mult.h:70->firmware/nnet_utils/nnet_dense_latency.h:42]   --->   Operation 440 'sext' 'sext_ln70_190' <Predicate = true> <Delay = 0.00>
ST_3 : Operation 441 [1/1] (0.00ns)   --->   "%sext_ln70_191 = sext i16 %a_83" [firmware/nnet_utils/nnet_mult.h:70->firmware/nnet_utils/nnet_dense_latency.h:42]   --->   Operation 441 'sext' 'sext_ln70_191' <Predicate = true> <Delay = 0.00>
ST_3 : Operation 442 [1/1] (0.00ns)   --->   "%sext_ln70_192 = sext i16 %a_83" [firmware/nnet_utils/nnet_mult.h:70->firmware/nnet_utils/nnet_dense_latency.h:42]   --->   Operation 442 'sext' 'sext_ln70_192' <Predicate = true> <Delay = 0.00>
ST_3 : Operation 443 [1/1] (3.57ns)   --->   "%mult_589 = mul i24 %sext_ln70_192, i24 16777126" [firmware/nnet_utils/nnet_mult.h:73->firmware/nnet_utils/nnet_dense_latency.h:42]   --->   Operation 443 'mul' 'mult_589' <Predicate = true> <Delay = 3.57> <CoreInst = "Multiplier">   --->   Core 3 'Multiplier' <Latency = 0> <II = 1> <Delay = 3.57> <FuncUnit> <Opcode : 'mul'> <InPorts = 2> <OutPorts = 1>
ST_3 : Operation 444 [1/1] (3.57ns)   --->   "%mult_590 = mul i23 %sext_ln70_191, i23 8388569" [firmware/nnet_utils/nnet_mult.h:73->firmware/nnet_utils/nnet_dense_latency.h:42]   --->   Operation 444 'mul' 'mult_590' <Predicate = true> <Delay = 3.57> <CoreInst = "Multiplier">   --->   Core 3 'Multiplier' <Latency = 0> <II = 1> <Delay = 3.57> <FuncUnit> <Opcode : 'mul'> <InPorts = 2> <OutPorts = 1>
ST_3 : Operation 445 [1/1] (3.57ns)   --->   "%mult_591 = mul i24 %sext_ln70_192, i24 16777108" [firmware/nnet_utils/nnet_mult.h:73->firmware/nnet_utils/nnet_dense_latency.h:42]   --->   Operation 445 'mul' 'mult_591' <Predicate = true> <Delay = 3.57> <CoreInst = "Multiplier">   --->   Core 3 'Multiplier' <Latency = 0> <II = 1> <Delay = 3.57> <FuncUnit> <Opcode : 'mul'> <InPorts = 2> <OutPorts = 1>
ST_3 : Operation 446 [1/1] (3.57ns)   --->   "%mult_594 = mul i24 %sext_ln70_192, i24 16777146" [firmware/nnet_utils/nnet_mult.h:73->firmware/nnet_utils/nnet_dense_latency.h:42]   --->   Operation 446 'mul' 'mult_594' <Predicate = true> <Delay = 3.57> <CoreInst = "Multiplier">   --->   Core 3 'Multiplier' <Latency = 0> <II = 1> <Delay = 3.57> <FuncUnit> <Opcode : 'mul'> <InPorts = 2> <OutPorts = 1>
ST_3 : Operation 447 [1/1] (3.57ns)   --->   "%mult_595 = mul i23 %sext_ln70_191, i23 35" [firmware/nnet_utils/nnet_mult.h:73->firmware/nnet_utils/nnet_dense_latency.h:42]   --->   Operation 447 'mul' 'mult_595' <Predicate = true> <Delay = 3.57> <CoreInst = "Multiplier">   --->   Core 3 'Multiplier' <Latency = 0> <II = 1> <Delay = 3.57> <FuncUnit> <Opcode : 'mul'> <InPorts = 2> <OutPorts = 1>
ST_3 : Operation 448 [1/1] (3.57ns)   --->   "%mult_596 = mul i22 %sext_ln70_190, i22 26" [firmware/nnet_utils/nnet_mult.h:73->firmware/nnet_utils/nnet_dense_latency.h:42]   --->   Operation 448 'mul' 'mult_596' <Predicate = true> <Delay = 3.57> <CoreInst = "Multiplier">   --->   Core 3 'Multiplier' <Latency = 0> <II = 1> <Delay = 3.57> <FuncUnit> <Opcode : 'mul'> <InPorts = 2> <OutPorts = 1>
ST_3 : Operation 449 [1/1] (0.00ns)   --->   "%a_84 = load i16 %p_ZZN4nnet24compute_output_buffer_2dINS_5arrayI8ap_fixedILi16ELi6EL9ap_q_mode5EL9_48"   --->   Operation 449 'load' 'a_84' <Predicate = true> <Delay = 0.00>
ST_3 : Operation 450 [1/1] (0.00ns)   --->   "%sext_ln70_195 = sext i16 %a_84" [firmware/nnet_utils/nnet_mult.h:70->firmware/nnet_utils/nnet_dense_latency.h:42]   --->   Operation 450 'sext' 'sext_ln70_195' <Predicate = true> <Delay = 0.00>
ST_3 : Operation 451 [1/1] (3.57ns)   --->   "%mult_598 = mul i25 %sext_ln70_195, i25 33554277" [firmware/nnet_utils/nnet_mult.h:73->firmware/nnet_utils/nnet_dense_latency.h:42]   --->   Operation 451 'mul' 'mult_598' <Predicate = true> <Delay = 3.57> <CoreInst = "Multiplier">   --->   Core 3 'Multiplier' <Latency = 0> <II = 1> <Delay = 3.57> <FuncUnit> <Opcode : 'mul'> <InPorts = 2> <OutPorts = 1>
ST_3 : Operation 452 [1/1] (3.57ns)   --->   "%mult_603 = mul i25 %sext_ln70_195, i25 33554252" [firmware/nnet_utils/nnet_mult.h:73->firmware/nnet_utils/nnet_dense_latency.h:42]   --->   Operation 452 'mul' 'mult_603' <Predicate = true> <Delay = 3.57> <CoreInst = "Multiplier">   --->   Core 3 'Multiplier' <Latency = 0> <II = 1> <Delay = 3.57> <FuncUnit> <Opcode : 'mul'> <InPorts = 2> <OutPorts = 1>
ST_3 : Operation 453 [1/1] (0.00ns)   --->   "%a_85 = load i16 %p_ZZN4nnet24compute_output_buffer_2dINS_5arrayI8ap_fixedILi16ELi6EL9ap_q_mode5EL9_47"   --->   Operation 453 'load' 'a_85' <Predicate = true> <Delay = 0.00>
ST_3 : Operation 454 [1/1] (0.00ns)   --->   "%sext_ln70_196 = sext i16 %a_85" [firmware/nnet_utils/nnet_mult.h:70->firmware/nnet_utils/nnet_dense_latency.h:42]   --->   Operation 454 'sext' 'sext_ln70_196' <Predicate = true> <Delay = 0.00>
ST_3 : Operation 455 [1/1] (0.00ns)   --->   "%sext_ln70_197 = sext i16 %a_85" [firmware/nnet_utils/nnet_mult.h:70->firmware/nnet_utils/nnet_dense_latency.h:42]   --->   Operation 455 'sext' 'sext_ln70_197' <Predicate = true> <Delay = 0.00>
ST_3 : Operation 456 [1/1] (0.00ns)   --->   "%sext_ln70_198 = sext i16 %a_85" [firmware/nnet_utils/nnet_mult.h:70->firmware/nnet_utils/nnet_dense_latency.h:42]   --->   Operation 456 'sext' 'sext_ln70_198' <Predicate = true> <Delay = 0.00>
ST_3 : Operation 457 [1/1] (3.57ns)   --->   "%mult_608 = mul i25 %sext_ln70_198, i25 33554233" [firmware/nnet_utils/nnet_mult.h:73->firmware/nnet_utils/nnet_dense_latency.h:42]   --->   Operation 457 'mul' 'mult_608' <Predicate = true> <Delay = 3.57> <CoreInst = "Multiplier">   --->   Core 3 'Multiplier' <Latency = 0> <II = 1> <Delay = 3.57> <FuncUnit> <Opcode : 'mul'> <InPorts = 2> <OutPorts = 1>
ST_3 : Operation 458 [1/1] (3.57ns)   --->   "%mult_609 = mul i25 %sext_ln70_198, i25 33554280" [firmware/nnet_utils/nnet_mult.h:73->firmware/nnet_utils/nnet_dense_latency.h:42]   --->   Operation 458 'mul' 'mult_609' <Predicate = true> <Delay = 3.57> <CoreInst = "Multiplier">   --->   Core 3 'Multiplier' <Latency = 0> <II = 1> <Delay = 3.57> <FuncUnit> <Opcode : 'mul'> <InPorts = 2> <OutPorts = 1>
ST_3 : Operation 459 [1/1] (3.57ns)   --->   "%mult_611 = mul i23 %sext_ln70_196, i23 45" [firmware/nnet_utils/nnet_mult.h:73->firmware/nnet_utils/nnet_dense_latency.h:42]   --->   Operation 459 'mul' 'mult_611' <Predicate = true> <Delay = 3.57> <CoreInst = "Multiplier">   --->   Core 3 'Multiplier' <Latency = 0> <II = 1> <Delay = 3.57> <FuncUnit> <Opcode : 'mul'> <InPorts = 2> <OutPorts = 1>
ST_3 : Operation 460 [1/1] (3.57ns)   --->   "%mult_612 = mul i23 %sext_ln70_196, i23 58" [firmware/nnet_utils/nnet_mult.h:73->firmware/nnet_utils/nnet_dense_latency.h:42]   --->   Operation 460 'mul' 'mult_612' <Predicate = true> <Delay = 3.57> <CoreInst = "Multiplier">   --->   Core 3 'Multiplier' <Latency = 0> <II = 1> <Delay = 3.57> <FuncUnit> <Opcode : 'mul'> <InPorts = 2> <OutPorts = 1>
ST_3 : Operation 461 [1/1] (3.57ns)   --->   "%mult_613 = mul i24 %sext_ln70_197, i24 16777149" [firmware/nnet_utils/nnet_mult.h:73->firmware/nnet_utils/nnet_dense_latency.h:42]   --->   Operation 461 'mul' 'mult_613' <Predicate = true> <Delay = 3.57> <CoreInst = "Multiplier">   --->   Core 3 'Multiplier' <Latency = 0> <II = 1> <Delay = 3.57> <FuncUnit> <Opcode : 'mul'> <InPorts = 2> <OutPorts = 1>
ST_3 : Operation 462 [1/1] (0.00ns)   --->   "%shl_ln73_125 = bitconcatenate i18 @_ssdm_op_BitConcatenate.i18.i16.i2, i16 %a_85, i2 0" [firmware/nnet_utils/nnet_mult.h:73->firmware/nnet_utils/nnet_dense_latency.h:42]   --->   Operation 462 'bitconcatenate' 'shl_ln73_125' <Predicate = true> <Delay = 0.00>
ST_3 : Operation 463 [1/1] (0.00ns)   --->   "%sext_ln73_272 = sext i18 %shl_ln73_125" [firmware/nnet_utils/nnet_mult.h:73->firmware/nnet_utils/nnet_dense_latency.h:42]   --->   Operation 463 'sext' 'sext_ln73_272' <Predicate = true> <Delay = 0.00>
ST_3 : Operation 464 [1/1] (1.42ns)   --->   "%mult_614 = sub i19 0, i19 %sext_ln73_272" [firmware/nnet_utils/nnet_mult.h:73->firmware/nnet_utils/nnet_dense_latency.h:42]   --->   Operation 464 'sub' 'mult_614' <Predicate = true> <Delay = 1.42> <CoreInst = "Adder">   --->   Core 1 'Adder' <Latency = 0> <II = 1> <Delay = 1.42> <FuncUnit> <Opcode : 'add' 'sub'> <InPorts = 2> <OutPorts = 1>
ST_3 : Operation 465 [1/1] (0.00ns)   --->   "%sext_ln17_80 = sext i19 %mult_614" [firmware/nnet_utils/nnet_dense_latency.h:17]   --->   Operation 465 'sext' 'sext_ln17_80' <Predicate = true> <Delay = 0.00>
ST_3 : Operation 466 [1/1] (3.57ns)   --->   "%mult_615 = mul i25 %sext_ln70_198, i25 33554223" [firmware/nnet_utils/nnet_mult.h:73->firmware/nnet_utils/nnet_dense_latency.h:42]   --->   Operation 466 'mul' 'mult_615' <Predicate = true> <Delay = 3.57> <CoreInst = "Multiplier">   --->   Core 3 'Multiplier' <Latency = 0> <II = 1> <Delay = 3.57> <FuncUnit> <Opcode : 'mul'> <InPorts = 2> <OutPorts = 1>
ST_3 : Operation 467 [1/1] (3.57ns)   --->   "%mult_616 = mul i23 %sext_ln70_196, i23 8388554" [firmware/nnet_utils/nnet_mult.h:73->firmware/nnet_utils/nnet_dense_latency.h:42]   --->   Operation 467 'mul' 'mult_616' <Predicate = true> <Delay = 3.57> <CoreInst = "Multiplier">   --->   Core 3 'Multiplier' <Latency = 0> <II = 1> <Delay = 3.57> <FuncUnit> <Opcode : 'mul'> <InPorts = 2> <OutPorts = 1>
ST_3 : Operation 468 [1/1] (0.00ns)   --->   "%a_86 = load i16 %p_ZZN4nnet24compute_output_buffer_2dINS_5arrayI8ap_fixedILi16ELi6EL9ap_q_mode5EL9_46"   --->   Operation 468 'load' 'a_86' <Predicate = true> <Delay = 0.00>
ST_3 : Operation 469 [1/1] (0.00ns)   --->   "%sext_ln70_199 = sext i16 %a_86" [firmware/nnet_utils/nnet_mult.h:70->firmware/nnet_utils/nnet_dense_latency.h:42]   --->   Operation 469 'sext' 'sext_ln70_199' <Predicate = true> <Delay = 0.00>
ST_3 : Operation 470 [1/1] (0.00ns)   --->   "%sext_ln70_200 = sext i16 %a_86" [firmware/nnet_utils/nnet_mult.h:70->firmware/nnet_utils/nnet_dense_latency.h:42]   --->   Operation 470 'sext' 'sext_ln70_200' <Predicate = true> <Delay = 0.00>
ST_3 : Operation 471 [1/1] (0.00ns)   --->   "%sext_ln70_202 = sext i16 %a_86" [firmware/nnet_utils/nnet_mult.h:70->firmware/nnet_utils/nnet_dense_latency.h:42]   --->   Operation 471 'sext' 'sext_ln70_202' <Predicate = true> <Delay = 0.00>
ST_3 : Operation 472 [1/1] (3.57ns)   --->   "%mult_618 = mul i23 %sext_ln70_202, i23 53" [firmware/nnet_utils/nnet_mult.h:73->firmware/nnet_utils/nnet_dense_latency.h:42]   --->   Operation 472 'mul' 'mult_618' <Predicate = true> <Delay = 3.57> <CoreInst = "Multiplier">   --->   Core 3 'Multiplier' <Latency = 0> <II = 1> <Delay = 3.57> <FuncUnit> <Opcode : 'mul'> <InPorts = 2> <OutPorts = 1>
ST_3 : Operation 473 [1/1] (0.00ns)   --->   "%shl_ln73_126 = bitconcatenate i21 @_ssdm_op_BitConcatenate.i21.i16.i5, i16 %a_86, i5 0" [firmware/nnet_utils/nnet_mult.h:73->firmware/nnet_utils/nnet_dense_latency.h:42]   --->   Operation 473 'bitconcatenate' 'shl_ln73_126' <Predicate = true> <Delay = 0.00>
ST_3 : Operation 474 [1/1] (0.00ns)   --->   "%sext_ln73_273 = sext i21 %shl_ln73_126" [firmware/nnet_utils/nnet_mult.h:73->firmware/nnet_utils/nnet_dense_latency.h:42]   --->   Operation 474 'sext' 'sext_ln73_273' <Predicate = true> <Delay = 0.00>
ST_3 : Operation 475 [1/1] (0.00ns) (grouped into TernaryAdder)   --->   "%sub_ln73_67 = sub i22 0, i22 %sext_ln73_273" [firmware/nnet_utils/nnet_mult.h:73->firmware/nnet_utils/nnet_dense_latency.h:42]   --->   Operation 475 'sub' 'sub_ln73_67' <Predicate = true> <Delay = 0.00> <CoreInst = "TAddSub">   --->   Core 10 'TAddSub' <Latency = 0> <II = 1> <Delay = 0.53> <IPBlock> <Opcode : '' 'add' 'sub'> <InPorts = 3> <OutPorts = 1> <Sync> <CReg>
ST_3 : Operation 476 [1/1] (0.00ns)   --->   "%shl_ln73_127 = bitconcatenate i19 @_ssdm_op_BitConcatenate.i19.i16.i3, i16 %a_86, i3 0" [firmware/nnet_utils/nnet_mult.h:73->firmware/nnet_utils/nnet_dense_latency.h:42]   --->   Operation 476 'bitconcatenate' 'shl_ln73_127' <Predicate = true> <Delay = 0.00>
ST_3 : Operation 477 [1/1] (0.00ns)   --->   "%sext_ln73_275 = sext i19 %shl_ln73_127" [firmware/nnet_utils/nnet_mult.h:73->firmware/nnet_utils/nnet_dense_latency.h:42]   --->   Operation 477 'sext' 'sext_ln73_275' <Predicate = true> <Delay = 0.00>
ST_3 : Operation 478 [1/1] (1.02ns) (root node of TernaryAdder)   --->   "%mult_619 = sub i22 %sub_ln73_67, i22 %sext_ln73_275" [firmware/nnet_utils/nnet_mult.h:73->firmware/nnet_utils/nnet_dense_latency.h:42]   --->   Operation 478 'sub' 'mult_619' <Predicate = true> <Delay = 1.02> <CoreInst = "TAddSub">   --->   Core 10 'TAddSub' <Latency = 0> <II = 1> <Delay = 0.53> <IPBlock> <Opcode : '' 'add' 'sub'> <InPorts = 3> <OutPorts = 1> <Sync> <CReg>
ST_3 : Operation 479 [1/1] (3.57ns)   --->   "%mult_621 = mul i24 %sext_ln70_200, i24 92" [firmware/nnet_utils/nnet_mult.h:73->firmware/nnet_utils/nnet_dense_latency.h:42]   --->   Operation 479 'mul' 'mult_621' <Predicate = true> <Delay = 3.57> <CoreInst = "Multiplier">   --->   Core 3 'Multiplier' <Latency = 0> <II = 1> <Delay = 3.57> <FuncUnit> <Opcode : 'mul'> <InPorts = 2> <OutPorts = 1>
ST_3 : Operation 480 [1/1] (3.57ns)   --->   "%mult_622 = mul i23 %sext_ln70_202, i23 8388549" [firmware/nnet_utils/nnet_mult.h:73->firmware/nnet_utils/nnet_dense_latency.h:42]   --->   Operation 480 'mul' 'mult_622' <Predicate = true> <Delay = 3.57> <CoreInst = "Multiplier">   --->   Core 3 'Multiplier' <Latency = 0> <II = 1> <Delay = 3.57> <FuncUnit> <Opcode : 'mul'> <InPorts = 2> <OutPorts = 1>
ST_3 : Operation 481 [1/1] (3.57ns)   --->   "%mult_623 = mul i25 %sext_ln70_199, i25 33554238" [firmware/nnet_utils/nnet_mult.h:73->firmware/nnet_utils/nnet_dense_latency.h:42]   --->   Operation 481 'mul' 'mult_623' <Predicate = true> <Delay = 3.57> <CoreInst = "Multiplier">   --->   Core 3 'Multiplier' <Latency = 0> <II = 1> <Delay = 3.57> <FuncUnit> <Opcode : 'mul'> <InPorts = 2> <OutPorts = 1>
ST_3 : Operation 482 [1/1] (3.57ns)   --->   "%mult_624 = mul i23 %sext_ln70_202, i23 39" [firmware/nnet_utils/nnet_mult.h:73->firmware/nnet_utils/nnet_dense_latency.h:42]   --->   Operation 482 'mul' 'mult_624' <Predicate = true> <Delay = 3.57> <CoreInst = "Multiplier">   --->   Core 3 'Multiplier' <Latency = 0> <II = 1> <Delay = 3.57> <FuncUnit> <Opcode : 'mul'> <InPorts = 2> <OutPorts = 1>
ST_3 : Operation 483 [1/1] (3.57ns)   --->   "%mult_625 = mul i25 %sext_ln70_199, i25 33554252" [firmware/nnet_utils/nnet_mult.h:73->firmware/nnet_utils/nnet_dense_latency.h:42]   --->   Operation 483 'mul' 'mult_625' <Predicate = true> <Delay = 3.57> <CoreInst = "Multiplier">   --->   Core 3 'Multiplier' <Latency = 0> <II = 1> <Delay = 3.57> <FuncUnit> <Opcode : 'mul'> <InPorts = 2> <OutPorts = 1>
ST_3 : Operation 484 [1/1] (0.00ns)   --->   "%a_87 = load i16 %p_ZZN4nnet24compute_output_buffer_2dINS_5arrayI8ap_fixedILi16ELi6EL9ap_q_mode5EL9_45"   --->   Operation 484 'load' 'a_87' <Predicate = true> <Delay = 0.00>
ST_3 : Operation 485 [1/1] (0.00ns)   --->   "%sext_ln17_82 = sext i16 %a_87" [firmware/nnet_utils/nnet_dense_latency.h:17]   --->   Operation 485 'sext' 'sext_ln17_82' <Predicate = true> <Delay = 0.00>
ST_3 : Operation 486 [1/1] (0.00ns)   --->   "%sext_ln70_204 = sext i16 %a_87" [firmware/nnet_utils/nnet_mult.h:70->firmware/nnet_utils/nnet_dense_latency.h:42]   --->   Operation 486 'sext' 'sext_ln70_204' <Predicate = true> <Delay = 0.00>
ST_3 : Operation 487 [1/1] (3.57ns)   --->   "%mult_628 = mul i24 %sext_ln70_204, i24 84" [firmware/nnet_utils/nnet_mult.h:73->firmware/nnet_utils/nnet_dense_latency.h:42]   --->   Operation 487 'mul' 'mult_628' <Predicate = true> <Delay = 3.57> <CoreInst = "Multiplier">   --->   Core 3 'Multiplier' <Latency = 0> <II = 1> <Delay = 3.57> <FuncUnit> <Opcode : 'mul'> <InPorts = 2> <OutPorts = 1>
ST_3 : Operation 488 [1/1] (3.57ns)   --->   "%mult_629 = mul i24 %sext_ln70_204, i24 104" [firmware/nnet_utils/nnet_mult.h:73->firmware/nnet_utils/nnet_dense_latency.h:42]   --->   Operation 488 'mul' 'mult_629' <Predicate = true> <Delay = 3.57> <CoreInst = "Multiplier">   --->   Core 3 'Multiplier' <Latency = 0> <II = 1> <Delay = 3.57> <FuncUnit> <Opcode : 'mul'> <InPorts = 2> <OutPorts = 1>
ST_3 : Operation 489 [1/1] (3.57ns)   --->   "%mult_630 = mul i25 %sext_ln17_82, i25 208" [firmware/nnet_utils/nnet_mult.h:73->firmware/nnet_utils/nnet_dense_latency.h:42]   --->   Operation 489 'mul' 'mult_630' <Predicate = true> <Delay = 3.57> <CoreInst = "Multiplier">   --->   Core 3 'Multiplier' <Latency = 0> <II = 1> <Delay = 3.57> <FuncUnit> <Opcode : 'mul'> <InPorts = 2> <OutPorts = 1>
ST_3 : Operation 490 [1/1] (0.00ns)   --->   "%a_88 = load i16 %p_ZZN4nnet24compute_output_buffer_2dINS_5arrayI8ap_fixedILi16ELi6EL9ap_q_mode5EL9_44"   --->   Operation 490 'load' 'a_88' <Predicate = true> <Delay = 0.00>
ST_3 : Operation 491 [1/1] (0.00ns)   --->   "%sext_ln70_206 = sext i16 %a_88" [firmware/nnet_utils/nnet_mult.h:70->firmware/nnet_utils/nnet_dense_latency.h:42]   --->   Operation 491 'sext' 'sext_ln70_206' <Predicate = true> <Delay = 0.00>
ST_3 : Operation 492 [1/1] (3.57ns)   --->   "%mult_637 = mul i24 %sext_ln70_206, i24 117" [firmware/nnet_utils/nnet_mult.h:73->firmware/nnet_utils/nnet_dense_latency.h:42]   --->   Operation 492 'mul' 'mult_637' <Predicate = true> <Delay = 3.57> <CoreInst = "Multiplier">   --->   Core 3 'Multiplier' <Latency = 0> <II = 1> <Delay = 3.57> <FuncUnit> <Opcode : 'mul'> <InPorts = 2> <OutPorts = 1>
ST_3 : Operation 493 [1/1] (3.57ns)   --->   "%mult_638 = mul i24 %sext_ln70_206, i24 16777099" [firmware/nnet_utils/nnet_mult.h:73->firmware/nnet_utils/nnet_dense_latency.h:42]   --->   Operation 493 'mul' 'mult_638' <Predicate = true> <Delay = 3.57> <CoreInst = "Multiplier">   --->   Core 3 'Multiplier' <Latency = 0> <II = 1> <Delay = 3.57> <FuncUnit> <Opcode : 'mul'> <InPorts = 2> <OutPorts = 1>
ST_3 : Operation 494 [1/1] (3.57ns)   --->   "%mult_642 = mul i24 %sext_ln70_206, i24 85" [firmware/nnet_utils/nnet_mult.h:73->firmware/nnet_utils/nnet_dense_latency.h:42]   --->   Operation 494 'mul' 'mult_642' <Predicate = true> <Delay = 3.57> <CoreInst = "Multiplier">   --->   Core 3 'Multiplier' <Latency = 0> <II = 1> <Delay = 3.57> <FuncUnit> <Opcode : 'mul'> <InPorts = 2> <OutPorts = 1>
ST_3 : Operation 495 [1/1] (0.00ns)   --->   "%a_89 = load i16 %p_ZZN4nnet24compute_output_buffer_2dINS_5arrayI8ap_fixedILi16ELi6EL9ap_q_mode5EL9_43"   --->   Operation 495 'load' 'a_89' <Predicate = true> <Delay = 0.00>
ST_3 : Operation 496 [1/1] (0.00ns)   --->   "%sext_ln70_207 = sext i16 %a_89" [firmware/nnet_utils/nnet_mult.h:70->firmware/nnet_utils/nnet_dense_latency.h:42]   --->   Operation 496 'sext' 'sext_ln70_207' <Predicate = true> <Delay = 0.00>
ST_3 : Operation 497 [1/1] (0.00ns)   --->   "%sext_ln70_209 = sext i16 %a_89" [firmware/nnet_utils/nnet_mult.h:70->firmware/nnet_utils/nnet_dense_latency.h:42]   --->   Operation 497 'sext' 'sext_ln70_209' <Predicate = true> <Delay = 0.00>
ST_3 : Operation 498 [1/1] (0.00ns)   --->   "%sext_ln70_210 = sext i16 %a_89" [firmware/nnet_utils/nnet_mult.h:70->firmware/nnet_utils/nnet_dense_latency.h:42]   --->   Operation 498 'sext' 'sext_ln70_210' <Predicate = true> <Delay = 0.00>
ST_3 : Operation 499 [1/1] (0.00ns)   --->   "%sext_ln70_211 = sext i16 %a_89" [firmware/nnet_utils/nnet_mult.h:70->firmware/nnet_utils/nnet_dense_latency.h:42]   --->   Operation 499 'sext' 'sext_ln70_211' <Predicate = true> <Delay = 0.00>
ST_3 : Operation 500 [1/1] (3.57ns)   --->   "%mult_647 = mul i25 %sext_ln70_211, i25 140" [firmware/nnet_utils/nnet_mult.h:73->firmware/nnet_utils/nnet_dense_latency.h:42]   --->   Operation 500 'mul' 'mult_647' <Predicate = true> <Delay = 3.57> <CoreInst = "Multiplier">   --->   Core 3 'Multiplier' <Latency = 0> <II = 1> <Delay = 3.57> <FuncUnit> <Opcode : 'mul'> <InPorts = 2> <OutPorts = 1>
ST_3 : Operation 501 [1/1] (3.57ns)   --->   "%mult_649 = mul i25 %sext_ln70_211, i25 33554200" [firmware/nnet_utils/nnet_mult.h:73->firmware/nnet_utils/nnet_dense_latency.h:42]   --->   Operation 501 'mul' 'mult_649' <Predicate = true> <Delay = 3.57> <CoreInst = "Multiplier">   --->   Core 3 'Multiplier' <Latency = 0> <II = 1> <Delay = 3.57> <FuncUnit> <Opcode : 'mul'> <InPorts = 2> <OutPorts = 1>
ST_3 : Operation 502 [1/1] (0.00ns)   --->   "%shl_ln73_140 = bitconcatenate i18 @_ssdm_op_BitConcatenate.i18.i16.i2, i16 %a_89, i2 0" [firmware/nnet_utils/nnet_mult.h:73->firmware/nnet_utils/nnet_dense_latency.h:42]   --->   Operation 502 'bitconcatenate' 'shl_ln73_140' <Predicate = true> <Delay = 0.00>
ST_3 : Operation 503 [1/1] (0.00ns)   --->   "%sext_ln73_287 = sext i18 %shl_ln73_140" [firmware/nnet_utils/nnet_mult.h:73->firmware/nnet_utils/nnet_dense_latency.h:42]   --->   Operation 503 'sext' 'sext_ln73_287' <Predicate = true> <Delay = 0.00>
ST_3 : Operation 504 [1/1] (1.42ns)   --->   "%mult_650 = add i19 %sext_ln73_287, i19 %sext_ln70_209" [firmware/nnet_utils/nnet_mult.h:73->firmware/nnet_utils/nnet_dense_latency.h:42]   --->   Operation 504 'add' 'mult_650' <Predicate = true> <Delay = 1.42> <CoreInst = "Adder">   --->   Core 1 'Adder' <Latency = 0> <II = 1> <Delay = 1.42> <FuncUnit> <Opcode : 'add' 'sub'> <InPorts = 2> <OutPorts = 1>
ST_3 : Operation 505 [1/1] (3.57ns)   --->   "%mult_651 = mul i25 %sext_ln70_211, i25 135" [firmware/nnet_utils/nnet_mult.h:73->firmware/nnet_utils/nnet_dense_latency.h:42]   --->   Operation 505 'mul' 'mult_651' <Predicate = true> <Delay = 3.57> <CoreInst = "Multiplier">   --->   Core 3 'Multiplier' <Latency = 0> <II = 1> <Delay = 3.57> <FuncUnit> <Opcode : 'mul'> <InPorts = 2> <OutPorts = 1>
ST_3 : Operation 506 [1/1] (3.57ns)   --->   "%mult_653 = mul i23 %sext_ln70_210, i23 43" [firmware/nnet_utils/nnet_mult.h:73->firmware/nnet_utils/nnet_dense_latency.h:42]   --->   Operation 506 'mul' 'mult_653' <Predicate = true> <Delay = 3.57> <CoreInst = "Multiplier">   --->   Core 3 'Multiplier' <Latency = 0> <II = 1> <Delay = 3.57> <FuncUnit> <Opcode : 'mul'> <InPorts = 2> <OutPorts = 1>
ST_3 : Operation 507 [1/1] (3.57ns)   --->   "%mult_654 = mul i22 %sext_ln70_207, i22 26" [firmware/nnet_utils/nnet_mult.h:73->firmware/nnet_utils/nnet_dense_latency.h:42]   --->   Operation 507 'mul' 'mult_654' <Predicate = true> <Delay = 3.57> <CoreInst = "Multiplier">   --->   Core 3 'Multiplier' <Latency = 0> <II = 1> <Delay = 3.57> <FuncUnit> <Opcode : 'mul'> <InPorts = 2> <OutPorts = 1>
ST_3 : Operation 508 [1/1] (0.00ns)   --->   "%a_91 = load i16 %p_ZZN4nnet24compute_output_buffer_2dINS_5arrayI8ap_fixedILi16ELi6EL9ap_q_mode5EL9_41"   --->   Operation 508 'load' 'a_91' <Predicate = true> <Delay = 0.00>
ST_3 : Operation 509 [1/1] (0.00ns)   --->   "%sext_ln70_214 = sext i16 %a_91" [firmware/nnet_utils/nnet_mult.h:70->firmware/nnet_utils/nnet_dense_latency.h:42]   --->   Operation 509 'sext' 'sext_ln70_214' <Predicate = true> <Delay = 0.00>
ST_3 : Operation 510 [1/1] (3.57ns)   --->   "%mult_672 = mul i24 %sext_ln70_214, i24 87" [firmware/nnet_utils/nnet_mult.h:73->firmware/nnet_utils/nnet_dense_latency.h:42]   --->   Operation 510 'mul' 'mult_672' <Predicate = true> <Delay = 3.57> <CoreInst = "Multiplier">   --->   Core 3 'Multiplier' <Latency = 0> <II = 1> <Delay = 3.57> <FuncUnit> <Opcode : 'mul'> <InPorts = 2> <OutPorts = 1>
ST_3 : Operation 511 [1/1] (0.00ns)   --->   "%a_92 = load i16 %p_ZZN4nnet24compute_output_buffer_2dINS_5arrayI8ap_fixedILi16ELi6EL9ap_q_mode5EL9_40"   --->   Operation 511 'load' 'a_92' <Predicate = true> <Delay = 0.00>
ST_3 : Operation 512 [1/1] (0.00ns)   --->   "%sext_ln70_217 = sext i16 %a_92" [firmware/nnet_utils/nnet_mult.h:70->firmware/nnet_utils/nnet_dense_latency.h:42]   --->   Operation 512 'sext' 'sext_ln70_217' <Predicate = true> <Delay = 0.00>
ST_3 : Operation 513 [1/1] (0.00ns)   --->   "%sext_ln70_218 = sext i16 %a_92" [firmware/nnet_utils/nnet_mult.h:70->firmware/nnet_utils/nnet_dense_latency.h:42]   --->   Operation 513 'sext' 'sext_ln70_218' <Predicate = true> <Delay = 0.00>
ST_3 : Operation 514 [1/1] (0.00ns)   --->   "%shl_ln73_153 = bitconcatenate i19 @_ssdm_op_BitConcatenate.i19.i16.i3, i16 %a_92, i3 0" [firmware/nnet_utils/nnet_mult.h:73->firmware/nnet_utils/nnet_dense_latency.h:42]   --->   Operation 514 'bitconcatenate' 'shl_ln73_153' <Predicate = true> <Delay = 0.00>
ST_3 : Operation 515 [1/1] (0.00ns)   --->   "%sext_ln73_303 = sext i19 %shl_ln73_153" [firmware/nnet_utils/nnet_mult.h:73->firmware/nnet_utils/nnet_dense_latency.h:42]   --->   Operation 515 'sext' 'sext_ln73_303' <Predicate = true> <Delay = 0.00>
ST_3 : Operation 516 [1/1] (3.57ns)   --->   "%mult_680 = mul i21 %sext_ln70_218, i21 2097139" [firmware/nnet_utils/nnet_mult.h:73->firmware/nnet_utils/nnet_dense_latency.h:42]   --->   Operation 516 'mul' 'mult_680' <Predicate = true> <Delay = 3.57> <CoreInst = "Multiplier">   --->   Core 3 'Multiplier' <Latency = 0> <II = 1> <Delay = 3.57> <FuncUnit> <Opcode : 'mul'> <InPorts = 2> <OutPorts = 1>
ST_3 : Operation 517 [1/1] (1.43ns)   --->   "%mult_682 = sub i20 %sext_ln70_217, i20 %sext_ln73_303" [firmware/nnet_utils/nnet_mult.h:73->firmware/nnet_utils/nnet_dense_latency.h:42]   --->   Operation 517 'sub' 'mult_682' <Predicate = true> <Delay = 1.43> <CoreInst = "Adder">   --->   Core 1 'Adder' <Latency = 0> <II = 1> <Delay = 1.43> <FuncUnit> <Opcode : 'add' 'sub'> <InPorts = 2> <OutPorts = 1>
ST_3 : Operation 518 [1/1] (0.00ns)   --->   "%sext_ln17_98 = sext i20 %mult_682" [firmware/nnet_utils/nnet_dense_latency.h:17]   --->   Operation 518 'sext' 'sext_ln17_98' <Predicate = true> <Delay = 0.00>
ST_3 : Operation 519 [1/1] (0.00ns)   --->   "%a_93 = load i16 %p_ZZN4nnet24compute_output_buffer_2dINS_5arrayI8ap_fixedILi16ELi6EL9ap_q_mode5EL9_39"   --->   Operation 519 'load' 'a_93' <Predicate = true> <Delay = 0.00>
ST_3 : Operation 520 [1/1] (0.00ns)   --->   "%sext_ln70_221 = sext i16 %a_93" [firmware/nnet_utils/nnet_mult.h:70->firmware/nnet_utils/nnet_dense_latency.h:42]   --->   Operation 520 'sext' 'sext_ln70_221' <Predicate = true> <Delay = 0.00>
ST_3 : Operation 521 [1/1] (3.57ns)   --->   "%mult_688 = mul i24 %sext_ln70_221, i24 87" [firmware/nnet_utils/nnet_mult.h:73->firmware/nnet_utils/nnet_dense_latency.h:42]   --->   Operation 521 'mul' 'mult_688' <Predicate = true> <Delay = 3.57> <CoreInst = "Multiplier">   --->   Core 3 'Multiplier' <Latency = 0> <II = 1> <Delay = 3.57> <FuncUnit> <Opcode : 'mul'> <InPorts = 2> <OutPorts = 1>
ST_3 : Operation 522 [1/1] (3.57ns)   --->   "%mult_690 = mul i24 %sext_ln70_221, i24 104" [firmware/nnet_utils/nnet_mult.h:73->firmware/nnet_utils/nnet_dense_latency.h:42]   --->   Operation 522 'mul' 'mult_690' <Predicate = true> <Delay = 3.57> <CoreInst = "Multiplier">   --->   Core 3 'Multiplier' <Latency = 0> <II = 1> <Delay = 3.57> <FuncUnit> <Opcode : 'mul'> <InPorts = 2> <OutPorts = 1>
ST_3 : Operation 523 [1/1] (3.57ns)   --->   "%mult_691 = mul i24 %sext_ln70_221, i24 16777109" [firmware/nnet_utils/nnet_mult.h:73->firmware/nnet_utils/nnet_dense_latency.h:42]   --->   Operation 523 'mul' 'mult_691' <Predicate = true> <Delay = 3.57> <CoreInst = "Multiplier">   --->   Core 3 'Multiplier' <Latency = 0> <II = 1> <Delay = 3.57> <FuncUnit> <Opcode : 'mul'> <InPorts = 2> <OutPorts = 1>
ST_3 : Operation 524 [1/1] (3.57ns)   --->   "%mult_692 = mul i24 %sext_ln70_221, i24 89" [firmware/nnet_utils/nnet_mult.h:73->firmware/nnet_utils/nnet_dense_latency.h:42]   --->   Operation 524 'mul' 'mult_692' <Predicate = true> <Delay = 3.57> <CoreInst = "Multiplier">   --->   Core 3 'Multiplier' <Latency = 0> <II = 1> <Delay = 3.57> <FuncUnit> <Opcode : 'mul'> <InPorts = 2> <OutPorts = 1>
ST_3 : Operation 525 [1/1] (0.00ns)   --->   "%a_94 = load i16 %p_ZZN4nnet24compute_output_buffer_2dINS_5arrayI8ap_fixedILi16ELi6EL9ap_q_mode5EL9_38"   --->   Operation 525 'load' 'a_94' <Predicate = true> <Delay = 0.00>
ST_3 : Operation 526 [1/1] (0.00ns)   --->   "%sext_ln70_223 = sext i16 %a_94" [firmware/nnet_utils/nnet_mult.h:70->firmware/nnet_utils/nnet_dense_latency.h:42]   --->   Operation 526 'sext' 'sext_ln70_223' <Predicate = true> <Delay = 0.00>
ST_3 : Operation 527 [1/1] (3.57ns)   --->   "%mul_ln17_23 = mul i22 %sext_ln70_223, i22 4194260" [firmware/nnet_utils/nnet_dense_latency.h:17]   --->   Operation 527 'mul' 'mul_ln17_23' <Predicate = true> <Delay = 3.57> <CoreInst = "Multiplier">   --->   Core 3 'Multiplier' <Latency = 0> <II = 1> <Delay = 3.57> <FuncUnit> <Opcode : 'mul'> <InPorts = 2> <OutPorts = 1>
ST_3 : Operation 528 [1/1] (3.57ns)   --->   "%mult_703 = mul i22 %sext_ln70_223, i22 21" [firmware/nnet_utils/nnet_mult.h:73->firmware/nnet_utils/nnet_dense_latency.h:42]   --->   Operation 528 'mul' 'mult_703' <Predicate = true> <Delay = 3.57> <CoreInst = "Multiplier">   --->   Core 3 'Multiplier' <Latency = 0> <II = 1> <Delay = 3.57> <FuncUnit> <Opcode : 'mul'> <InPorts = 2> <OutPorts = 1>
ST_3 : Operation 529 [1/1] (0.00ns)   --->   "%a_95 = load i16 %p_ZZN4nnet24compute_output_buffer_2dINS_5arrayI8ap_fixedILi16ELi6EL9ap_q_mode5EL9_37"   --->   Operation 529 'load' 'a_95' <Predicate = true> <Delay = 0.00>
ST_3 : Operation 530 [1/1] (0.00ns)   --->   "%sext_ln70_229 = sext i16 %a_95" [firmware/nnet_utils/nnet_mult.h:70->firmware/nnet_utils/nnet_dense_latency.h:42]   --->   Operation 530 'sext' 'sext_ln70_229' <Predicate = true> <Delay = 0.00>
ST_3 : Operation 531 [1/1] (3.57ns)   --->   "%mult_707 = mul i24 %sext_ln70_229, i24 122" [firmware/nnet_utils/nnet_mult.h:73->firmware/nnet_utils/nnet_dense_latency.h:42]   --->   Operation 531 'mul' 'mult_707' <Predicate = true> <Delay = 3.57> <CoreInst = "Multiplier">   --->   Core 3 'Multiplier' <Latency = 0> <II = 1> <Delay = 3.57> <FuncUnit> <Opcode : 'mul'> <InPorts = 2> <OutPorts = 1>
ST_3 : Operation 532 [1/1] (3.57ns)   --->   "%mult_714 = mul i24 %sext_ln70_229, i24 16777140" [firmware/nnet_utils/nnet_mult.h:73->firmware/nnet_utils/nnet_dense_latency.h:42]   --->   Operation 532 'mul' 'mult_714' <Predicate = true> <Delay = 3.57> <CoreInst = "Multiplier">   --->   Core 3 'Multiplier' <Latency = 0> <II = 1> <Delay = 3.57> <FuncUnit> <Opcode : 'mul'> <InPorts = 2> <OutPorts = 1>
ST_3 : Operation 533 [1/1] (0.00ns)   --->   "%a_96 = load i16 %p_ZZN4nnet24compute_output_buffer_2dINS_5arrayI8ap_fixedILi16ELi6EL9ap_q_mode5EL9_36"   --->   Operation 533 'load' 'a_96' <Predicate = true> <Delay = 0.00>
ST_3 : Operation 534 [1/1] (0.00ns)   --->   "%sext_ln70_231 = sext i16 %a_96" [firmware/nnet_utils/nnet_mult.h:70->firmware/nnet_utils/nnet_dense_latency.h:42]   --->   Operation 534 'sext' 'sext_ln70_231' <Predicate = true> <Delay = 0.00>
ST_3 : Operation 535 [1/1] (0.00ns)   --->   "%sext_ln70_233 = sext i16 %a_96" [firmware/nnet_utils/nnet_mult.h:70->firmware/nnet_utils/nnet_dense_latency.h:42]   --->   Operation 535 'sext' 'sext_ln70_233' <Predicate = true> <Delay = 0.00>
ST_3 : Operation 536 [1/1] (0.00ns)   --->   "%sext_ln70_234 = sext i16 %a_96" [firmware/nnet_utils/nnet_mult.h:70->firmware/nnet_utils/nnet_dense_latency.h:42]   --->   Operation 536 'sext' 'sext_ln70_234' <Predicate = true> <Delay = 0.00>
ST_3 : Operation 537 [1/1] (3.57ns)   --->   "%mult_719 = mul i23 %sext_ln70_233, i23 50" [firmware/nnet_utils/nnet_mult.h:73->firmware/nnet_utils/nnet_dense_latency.h:42]   --->   Operation 537 'mul' 'mult_719' <Predicate = true> <Delay = 3.57> <CoreInst = "Multiplier">   --->   Core 3 'Multiplier' <Latency = 0> <II = 1> <Delay = 3.57> <FuncUnit> <Opcode : 'mul'> <InPorts = 2> <OutPorts = 1>
ST_3 : Operation 538 [1/1] (0.00ns)   --->   "%shl_ln73_168 = bitconcatenate i19 @_ssdm_op_BitConcatenate.i19.i16.i3, i16 %a_96, i3 0" [firmware/nnet_utils/nnet_mult.h:73->firmware/nnet_utils/nnet_dense_latency.h:42]   --->   Operation 538 'bitconcatenate' 'shl_ln73_168' <Predicate = true> <Delay = 0.00>
ST_3 : Operation 539 [1/1] (0.00ns)   --->   "%sext_ln73_318 = sext i19 %shl_ln73_168" [firmware/nnet_utils/nnet_mult.h:73->firmware/nnet_utils/nnet_dense_latency.h:42]   --->   Operation 539 'sext' 'sext_ln73_318' <Predicate = true> <Delay = 0.00>
ST_3 : Operation 540 [1/1] (0.00ns)   --->   "%shl_ln73_169 = bitconcatenate i17 @_ssdm_op_BitConcatenate.i17.i16.i1, i16 %a_96, i1 0" [firmware/nnet_utils/nnet_mult.h:73->firmware/nnet_utils/nnet_dense_latency.h:42]   --->   Operation 540 'bitconcatenate' 'shl_ln73_169' <Predicate = true> <Delay = 0.00>
ST_3 : Operation 541 [1/1] (0.00ns)   --->   "%sext_ln73_319 = sext i17 %shl_ln73_169" [firmware/nnet_utils/nnet_mult.h:73->firmware/nnet_utils/nnet_dense_latency.h:42]   --->   Operation 541 'sext' 'sext_ln73_319' <Predicate = true> <Delay = 0.00>
ST_3 : Operation 542 [1/1] (1.43ns)   --->   "%mult_721 = add i20 %sext_ln73_318, i20 %sext_ln73_319" [firmware/nnet_utils/nnet_mult.h:73->firmware/nnet_utils/nnet_dense_latency.h:42]   --->   Operation 542 'add' 'mult_721' <Predicate = true> <Delay = 1.43> <CoreInst = "Adder">   --->   Core 1 'Adder' <Latency = 0> <II = 1> <Delay = 1.43> <FuncUnit> <Opcode : 'add' 'sub'> <InPorts = 2> <OutPorts = 1>
ST_3 : Operation 543 [1/1] (0.00ns)   --->   "%sext_ln17_108 = sext i20 %mult_721" [firmware/nnet_utils/nnet_dense_latency.h:17]   --->   Operation 543 'sext' 'sext_ln17_108' <Predicate = true> <Delay = 0.00>
ST_3 : Operation 544 [1/1] (0.00ns)   --->   "%shl_ln73_170 = bitconcatenate i18 @_ssdm_op_BitConcatenate.i18.i16.i2, i16 %a_96, i2 0" [firmware/nnet_utils/nnet_mult.h:73->firmware/nnet_utils/nnet_dense_latency.h:42]   --->   Operation 544 'bitconcatenate' 'shl_ln73_170' <Predicate = true> <Delay = 0.00>
ST_3 : Operation 545 [1/1] (0.00ns)   --->   "%sext_ln73_320 = sext i18 %shl_ln73_170" [firmware/nnet_utils/nnet_mult.h:73->firmware/nnet_utils/nnet_dense_latency.h:42]   --->   Operation 545 'sext' 'sext_ln73_320' <Predicate = true> <Delay = 0.00>
ST_3 : Operation 546 [1/1] (1.42ns)   --->   "%mult_722 = sub i19 %sext_ln70_231, i19 %sext_ln73_320" [firmware/nnet_utils/nnet_mult.h:73->firmware/nnet_utils/nnet_dense_latency.h:42]   --->   Operation 546 'sub' 'mult_722' <Predicate = true> <Delay = 1.42> <CoreInst = "Adder">   --->   Core 1 'Adder' <Latency = 0> <II = 1> <Delay = 1.42> <FuncUnit> <Opcode : 'add' 'sub'> <InPorts = 2> <OutPorts = 1>
ST_3 : Operation 547 [1/1] (3.57ns)   --->   "%mult_724 = mul i24 %sext_ln70_234, i24 16777095" [firmware/nnet_utils/nnet_mult.h:73->firmware/nnet_utils/nnet_dense_latency.h:42]   --->   Operation 547 'mul' 'mult_724' <Predicate = true> <Delay = 3.57> <CoreInst = "Multiplier">   --->   Core 3 'Multiplier' <Latency = 0> <II = 1> <Delay = 3.57> <FuncUnit> <Opcode : 'mul'> <InPorts = 2> <OutPorts = 1>
ST_3 : Operation 548 [1/1] (0.00ns)   --->   "%a_97 = load i16 %p_ZZN4nnet24compute_output_buffer_2dINS_5arrayI8ap_fixedILi16ELi6EL9ap_q_mode5EL9_35"   --->   Operation 548 'load' 'a_97' <Predicate = true> <Delay = 0.00>
ST_3 : Operation 549 [1/1] (0.00ns)   --->   "%sext_ln70_239 = sext i16 %a_97" [firmware/nnet_utils/nnet_mult.h:70->firmware/nnet_utils/nnet_dense_latency.h:42]   --->   Operation 549 'sext' 'sext_ln70_239' <Predicate = true> <Delay = 0.00>
ST_3 : Operation 550 [1/1] (3.57ns)   --->   "%mul_ln17_24 = mul i24 %sext_ln70_239, i24 16777050" [firmware/nnet_utils/nnet_dense_latency.h:17]   --->   Operation 550 'mul' 'mul_ln17_24' <Predicate = true> <Delay = 3.57> <CoreInst = "Multiplier">   --->   Core 3 'Multiplier' <Latency = 0> <II = 1> <Delay = 3.57> <FuncUnit> <Opcode : 'mul'> <InPorts = 2> <OutPorts = 1>
ST_3 : Operation 551 [1/1] (0.00ns)   --->   "%a_99 = load i16 %p_ZZN4nnet24compute_output_buffer_2dINS_5arrayI8ap_fixedILi16ELi6EL9ap_q_mode5EL9_33"   --->   Operation 551 'load' 'a_99' <Predicate = true> <Delay = 0.00>
ST_3 : Operation 552 [1/1] (0.00ns)   --->   "%sext_ln70_245 = sext i16 %a_99" [firmware/nnet_utils/nnet_mult.h:70->firmware/nnet_utils/nnet_dense_latency.h:42]   --->   Operation 552 'sext' 'sext_ln70_245' <Predicate = true> <Delay = 0.00>
ST_3 : Operation 553 [1/1] (3.57ns)   --->   "%mult_753 = mul i24 %sext_ln70_245, i24 74" [firmware/nnet_utils/nnet_mult.h:73->firmware/nnet_utils/nnet_dense_latency.h:42]   --->   Operation 553 'mul' 'mult_753' <Predicate = true> <Delay = 3.57> <CoreInst = "Multiplier">   --->   Core 3 'Multiplier' <Latency = 0> <II = 1> <Delay = 3.57> <FuncUnit> <Opcode : 'mul'> <InPorts = 2> <OutPorts = 1>
ST_3 : Operation 554 [1/1] (0.00ns)   --->   "%a_103 = load i16 %p_ZZN4nnet24compute_output_buffer_2dINS_5arrayI8ap_fixedILi16ELi6EL9ap_q_mode5EL9_29"   --->   Operation 554 'load' 'a_103' <Predicate = true> <Delay = 0.00>
ST_3 : Operation 555 [1/1] (0.00ns)   --->   "%sext_ln70_258 = sext i16 %a_103" [firmware/nnet_utils/nnet_mult.h:70->firmware/nnet_utils/nnet_dense_latency.h:42]   --->   Operation 555 'sext' 'sext_ln70_258' <Predicate = true> <Delay = 0.00>
ST_3 : Operation 556 [1/1] (3.57ns)   --->   "%mult_791 = mul i22 %sext_ln70_258, i22 4194282" [firmware/nnet_utils/nnet_mult.h:73->firmware/nnet_utils/nnet_dense_latency.h:42]   --->   Operation 556 'mul' 'mult_791' <Predicate = true> <Delay = 3.57> <CoreInst = "Multiplier">   --->   Core 3 'Multiplier' <Latency = 0> <II = 1> <Delay = 3.57> <FuncUnit> <Opcode : 'mul'> <InPorts = 2> <OutPorts = 1>
ST_3 : Operation 557 [1/1] (0.00ns)   --->   "%a_104 = load i16 %p_ZZN4nnet24compute_output_buffer_2dINS_5arrayI8ap_fixedILi16ELi6EL9ap_q_mode5EL9_28"   --->   Operation 557 'load' 'a_104' <Predicate = true> <Delay = 0.00>
ST_3 : Operation 558 [1/1] (0.00ns)   --->   "%sext_ln17_129 = sext i16 %a_104" [firmware/nnet_utils/nnet_dense_latency.h:17]   --->   Operation 558 'sext' 'sext_ln17_129' <Predicate = true> <Delay = 0.00>
ST_3 : Operation 559 [1/1] (3.57ns)   --->   "%mul_ln17_25 = mul i21 %sext_ln17_129, i21 23" [firmware/nnet_utils/nnet_dense_latency.h:17]   --->   Operation 559 'mul' 'mul_ln17_25' <Predicate = true> <Delay = 3.57> <CoreInst = "Multiplier">   --->   Core 3 'Multiplier' <Latency = 0> <II = 1> <Delay = 3.57> <FuncUnit> <Opcode : 'mul'> <InPorts = 2> <OutPorts = 1>
ST_3 : Operation 560 [1/1] (0.00ns)   --->   "%a_107 = load i16 %p_ZZN4nnet24compute_output_buffer_2dINS_5arrayI8ap_fixedILi16ELi6EL9ap_q_mode5EL9_25"   --->   Operation 560 'load' 'a_107' <Predicate = true> <Delay = 0.00>
ST_3 : Operation 561 [1/1] (0.00ns)   --->   "%shl_ln73_201 = bitconcatenate i19 @_ssdm_op_BitConcatenate.i19.i16.i3, i16 %a_107, i3 0" [firmware/nnet_utils/nnet_mult.h:73->firmware/nnet_utils/nnet_dense_latency.h:42]   --->   Operation 561 'bitconcatenate' 'shl_ln73_201' <Predicate = true> <Delay = 0.00>
ST_3 : Operation 562 [1/1] (0.00ns)   --->   "%sext_ln73_353 = sext i19 %shl_ln73_201" [firmware/nnet_utils/nnet_mult.h:73->firmware/nnet_utils/nnet_dense_latency.h:42]   --->   Operation 562 'sext' 'sext_ln73_353' <Predicate = true> <Delay = 0.00>
ST_3 : Operation 563 [1/1] (1.43ns)   --->   "%sub_ln73_109 = sub i20 0, i20 %sext_ln73_353" [firmware/nnet_utils/nnet_mult.h:73->firmware/nnet_utils/nnet_dense_latency.h:42]   --->   Operation 563 'sub' 'sub_ln73_109' <Predicate = true> <Delay = 1.43> <CoreInst = "Adder">   --->   Core 1 'Adder' <Latency = 0> <II = 1> <Delay = 1.43> <FuncUnit> <Opcode : 'add' 'sub'> <InPorts = 2> <OutPorts = 1>
ST_3 : Operation 564 [1/1] (0.00ns)   --->   "%shl_ln73_202 = bitconcatenate i17 @_ssdm_op_BitConcatenate.i17.i16.i1, i16 %a_107, i1 0" [firmware/nnet_utils/nnet_mult.h:73->firmware/nnet_utils/nnet_dense_latency.h:42]   --->   Operation 564 'bitconcatenate' 'shl_ln73_202' <Predicate = true> <Delay = 0.00>
ST_3 : Operation 565 [1/1] (0.00ns)   --->   "%sext_ln73_354 = sext i17 %shl_ln73_202" [firmware/nnet_utils/nnet_mult.h:73->firmware/nnet_utils/nnet_dense_latency.h:42]   --->   Operation 565 'sext' 'sext_ln73_354' <Predicate = true> <Delay = 0.00>
ST_3 : Operation 566 [1/1] (0.00ns) (grouped into TernaryAdder)   --->   "%mult_825 = sub i20 %sub_ln73_109, i20 %sext_ln73_354" [firmware/nnet_utils/nnet_mult.h:73->firmware/nnet_utils/nnet_dense_latency.h:42]   --->   Operation 566 'sub' 'mult_825' <Predicate = true> <Delay = 0.00> <CoreInst = "TAddSub">   --->   Core 10 'TAddSub' <Latency = 0> <II = 1> <Delay = 0.53> <IPBlock> <Opcode : '' 'add' 'sub'> <InPorts = 3> <OutPorts = 1> <Sync> <CReg>
ST_3 : Operation 567 [1/1] (0.00ns)   --->   "%a_108 = load i16 %p_ZZN4nnet24compute_output_buffer_2dINS_5arrayI8ap_fixedILi16ELi6EL9ap_q_mode5EL9_24"   --->   Operation 567 'load' 'a_108' <Predicate = true> <Delay = 0.00>
ST_3 : Operation 568 [1/1] (0.00ns)   --->   "%sext_ln70_275 = sext i16 %a_108" [firmware/nnet_utils/nnet_mult.h:70->firmware/nnet_utils/nnet_dense_latency.h:42]   --->   Operation 568 'sext' 'sext_ln70_275' <Predicate = true> <Delay = 0.00>
ST_3 : Operation 569 [1/1] (0.00ns)   --->   "%sext_ln70_278 = sext i16 %a_108" [firmware/nnet_utils/nnet_mult.h:70->firmware/nnet_utils/nnet_dense_latency.h:42]   --->   Operation 569 'sext' 'sext_ln70_278' <Predicate = true> <Delay = 0.00>
ST_3 : Operation 570 [1/1] (1.41ns)   --->   "%mult_829 = sub i17 0, i17 %sext_ln70_278" [firmware/nnet_utils/nnet_mult.h:73->firmware/nnet_utils/nnet_dense_latency.h:42]   --->   Operation 570 'sub' 'mult_829' <Predicate = true> <Delay = 1.41> <CoreInst = "Adder">   --->   Core 1 'Adder' <Latency = 0> <II = 1> <Delay = 1.41> <FuncUnit> <Opcode : 'add' 'sub'> <InPorts = 2> <OutPorts = 1>
ST_3 : Operation 571 [1/1] (3.57ns)   --->   "%mult_834 = mul i22 %sext_ln70_275, i22 4194279" [firmware/nnet_utils/nnet_mult.h:73->firmware/nnet_utils/nnet_dense_latency.h:42]   --->   Operation 571 'mul' 'mult_834' <Predicate = true> <Delay = 3.57> <CoreInst = "Multiplier">   --->   Core 3 'Multiplier' <Latency = 0> <II = 1> <Delay = 3.57> <FuncUnit> <Opcode : 'mul'> <InPorts = 2> <OutPorts = 1>
ST_3 : Operation 572 [1/1] (0.00ns)   --->   "%sext_ln58 = sext i19 %add_ln58" [firmware/nnet_utils/nnet_dense_latency.h:58]   --->   Operation 572 'sext' 'sext_ln58' <Predicate = true> <Delay = 0.00>
ST_3 : Operation 573 [1/1] (0.00ns)   --->   "%sext_ln58_123 = sext i22 %add_ln58_343" [firmware/nnet_utils/nnet_dense_latency.h:58]   --->   Operation 573 'sext' 'sext_ln58_123' <Predicate = true> <Delay = 0.00>
ST_3 : Operation 574 [1/1] (1.45ns)   --->   "%add_ln58_344 = add i24 %mul_ln17_1, i24 16766976" [firmware/nnet_utils/nnet_dense_latency.h:58]   --->   Operation 574 'add' 'add_ln58_344' <Predicate = true> <Delay = 1.45> <CoreInst = "Adder">   --->   Core 1 'Adder' <Latency = 0> <II = 1> <Delay = 1.45> <FuncUnit> <Opcode : 'add' 'sub'> <InPorts = 2> <OutPorts = 1>
ST_3 : Operation 575 [1/1] (0.00ns)   --->   "%sext_ln58_124 = sext i24 %add_ln58_344" [firmware/nnet_utils/nnet_dense_latency.h:58]   --->   Operation 575 'sext' 'sext_ln58_124' <Predicate = true> <Delay = 0.00>
ST_3 : Operation 576 [1/1] (0.00ns)   --->   "%sext_ln58_126 = sext i23 %add_ln58_346" [firmware/nnet_utils/nnet_dense_latency.h:58]   --->   Operation 576 'sext' 'sext_ln58_126' <Predicate = true> <Delay = 0.00>
ST_3 : Operation 577 [1/1] (1.45ns)   --->   "%add_ln58_347 = add i24 %mul_ln17_4, i24 142336" [firmware/nnet_utils/nnet_dense_latency.h:58]   --->   Operation 577 'add' 'add_ln58_347' <Predicate = true> <Delay = 1.45> <CoreInst = "Adder">   --->   Core 1 'Adder' <Latency = 0> <II = 1> <Delay = 1.45> <FuncUnit> <Opcode : 'add' 'sub'> <InPorts = 2> <OutPorts = 1>
ST_3 : Operation 578 [1/1] (0.00ns)   --->   "%sext_ln58_127 = sext i24 %add_ln58_347" [firmware/nnet_utils/nnet_dense_latency.h:58]   --->   Operation 578 'sext' 'sext_ln58_127' <Predicate = true> <Delay = 0.00>
ST_3 : Operation 579 [1/1] (0.00ns)   --->   "%sext_ln58_128 = sext i23 %add_ln58_348" [firmware/nnet_utils/nnet_dense_latency.h:58]   --->   Operation 579 'sext' 'sext_ln58_128' <Predicate = true> <Delay = 0.00>
ST_3 : Operation 580 [1/1] (0.00ns) (grouped into TernaryAdder)   --->   "%add_ln58_349 = add i23 %mul_ln17_7, i23 8280064" [firmware/nnet_utils/nnet_dense_latency.h:58]   --->   Operation 580 'add' 'add_ln58_349' <Predicate = true> <Delay = 0.00> <CoreInst = "TAddSub">   --->   Core 10 'TAddSub' <Latency = 0> <II = 1> <Delay = 0.53> <IPBlock> <Opcode : '' 'add' 'sub'> <InPorts = 3> <OutPorts = 1> <Sync> <CReg>
ST_3 : Operation 581 [1/1] (1.45ns)   --->   "%add_ln58_350 = add i24 %mul_ln17_8, i24 %sext_ln58" [firmware/nnet_utils/nnet_dense_latency.h:58]   --->   Operation 581 'add' 'add_ln58_350' <Predicate = true> <Delay = 1.45> <CoreInst = "Adder">   --->   Core 1 'Adder' <Latency = 0> <II = 1> <Delay = 1.45> <FuncUnit> <Opcode : 'add' 'sub'> <InPorts = 2> <OutPorts = 1>
ST_3 : Operation 582 [1/1] (0.00ns)   --->   "%sext_ln58_130 = sext i24 %add_ln58_350" [firmware/nnet_utils/nnet_dense_latency.h:58]   --->   Operation 582 'sext' 'sext_ln58_130' <Predicate = true> <Delay = 0.00>
ST_3 : Operation 583 [1/1] (1.45ns)   --->   "%add_ln58_351 = add i24 %mul_ln17_9, i24 %sext_ln58_123" [firmware/nnet_utils/nnet_dense_latency.h:58]   --->   Operation 583 'add' 'add_ln58_351' <Predicate = true> <Delay = 1.45> <CoreInst = "Adder">   --->   Core 1 'Adder' <Latency = 0> <II = 1> <Delay = 1.45> <FuncUnit> <Opcode : 'add' 'sub'> <InPorts = 2> <OutPorts = 1>
ST_3 : Operation 584 [1/1] (0.00ns)   --->   "%sext_ln58_194 = sext i24 %add_ln58_351" [firmware/nnet_utils/nnet_dense_latency.h:58]   --->   Operation 584 'sext' 'sext_ln58_194' <Predicate = true> <Delay = 0.00>
ST_3 : Operation 585 [1/1] (1.45ns)   --->   "%add_ln58_352 = add i24 %mult_398, i24 %sext_ln58_126" [firmware/nnet_utils/nnet_dense_latency.h:58]   --->   Operation 585 'add' 'add_ln58_352' <Predicate = true> <Delay = 1.45> <CoreInst = "Adder">   --->   Core 1 'Adder' <Latency = 0> <II = 1> <Delay = 1.45> <FuncUnit> <Opcode : 'add' 'sub'> <InPorts = 2> <OutPorts = 1>
ST_3 : Operation 586 [1/1] (0.00ns)   --->   "%sext_ln58_132 = sext i24 %add_ln58_352" [firmware/nnet_utils/nnet_dense_latency.h:58]   --->   Operation 586 'sext' 'sext_ln58_132' <Predicate = true> <Delay = 0.00>
ST_3 : Operation 587 [1/1] (0.00ns)   --->   "%sext_ln58_133 = sext i22 %add_ln58_354" [firmware/nnet_utils/nnet_dense_latency.h:58]   --->   Operation 587 'sext' 'sext_ln58_133' <Predicate = true> <Delay = 0.00>
ST_3 : Operation 588 [1/1] (1.45ns)   --->   "%add_ln58_355 = add i24 %mul_ln17_10, i24 %sext_ln58_128" [firmware/nnet_utils/nnet_dense_latency.h:58]   --->   Operation 588 'add' 'add_ln58_355' <Predicate = true> <Delay = 1.45> <CoreInst = "Adder">   --->   Core 1 'Adder' <Latency = 0> <II = 1> <Delay = 1.45> <FuncUnit> <Opcode : 'add' 'sub'> <InPorts = 2> <OutPorts = 1>
ST_3 : Operation 589 [1/1] (0.00ns)   --->   "%sext_ln58_134 = sext i24 %add_ln58_355" [firmware/nnet_utils/nnet_dense_latency.h:58]   --->   Operation 589 'sext' 'sext_ln58_134' <Predicate = true> <Delay = 0.00>
ST_3 : Operation 590 [1/1] (1.03ns) (root node of TernaryAdder)   --->   "%add_ln58_356 = add i24 %mult_400, i24 14336" [firmware/nnet_utils/nnet_dense_latency.h:58]   --->   Operation 590 'add' 'add_ln58_356' <Predicate = true> <Delay = 1.03> <CoreInst = "TAddSub">   --->   Core 10 'TAddSub' <Latency = 0> <II = 1> <Delay = 0.53> <IPBlock> <Opcode : '' 'add' 'sub'> <InPorts = 3> <OutPorts = 1> <Sync> <CReg>
ST_3 : Operation 591 [1/1] (0.00ns)   --->   "%sext_ln58_196 = sext i24 %add_ln58_356" [firmware/nnet_utils/nnet_dense_latency.h:58]   --->   Operation 591 'sext' 'sext_ln58_196' <Predicate = true> <Delay = 0.00>
ST_3 : Operation 592 [1/1] (1.45ns)   --->   "%add_ln58_357 = add i25 %sext_ln58_196, i25 %mul_ln17_6" [firmware/nnet_utils/nnet_dense_latency.h:58]   --->   Operation 592 'add' 'add_ln58_357' <Predicate = true> <Delay = 1.45> <CoreInst = "Adder">   --->   Core 1 'Adder' <Latency = 0> <II = 1> <Delay = 1.45> <FuncUnit> <Opcode : 'add' 'sub'> <InPorts = 2> <OutPorts = 1>
ST_3 : Operation 593 [1/1] (0.00ns)   --->   "%sext_ln58_135 = sext i25 %add_ln58_357" [firmware/nnet_utils/nnet_dense_latency.h:58]   --->   Operation 593 'sext' 'sext_ln58_135' <Predicate = true> <Delay = 0.00>
ST_3 : Operation 594 [1/1] (1.45ns)   --->   "%add_ln58_358 = add i25 %sext_ln58_130, i25 %sext_ln17_4" [firmware/nnet_utils/nnet_dense_latency.h:58]   --->   Operation 594 'add' 'add_ln58_358' <Predicate = true> <Delay = 1.45> <CoreInst = "Adder">   --->   Core 1 'Adder' <Latency = 0> <II = 1> <Delay = 1.45> <FuncUnit> <Opcode : 'add' 'sub'> <InPorts = 2> <OutPorts = 1>
ST_3 : Operation 595 [1/1] (0.00ns)   --->   "%sext_ln58_197 = sext i23 %add_ln58_359" [firmware/nnet_utils/nnet_dense_latency.h:58]   --->   Operation 595 'sext' 'sext_ln58_197' <Predicate = true> <Delay = 0.00>
ST_3 : Operation 596 [1/1] (1.45ns)   --->   "%add_ln58_360 = add i24 %sext_ln58_197, i24 %mult_397" [firmware/nnet_utils/nnet_dense_latency.h:58]   --->   Operation 596 'add' 'add_ln58_360' <Predicate = true> <Delay = 1.45> <CoreInst = "Adder">   --->   Core 1 'Adder' <Latency = 0> <II = 1> <Delay = 1.45> <FuncUnit> <Opcode : 'add' 'sub'> <InPorts = 2> <OutPorts = 1>
ST_3 : Operation 597 [1/1] (0.00ns)   --->   "%sext_ln58_137 = sext i24 %add_ln58_360" [firmware/nnet_utils/nnet_dense_latency.h:58]   --->   Operation 597 'sext' 'sext_ln58_137' <Predicate = true> <Delay = 0.00>
ST_3 : Operation 598 [1/1] (0.00ns) (grouped into TernaryAdder)   --->   "%add_ln58_361 = add i25 %sext_ln58_127, i25 %sext_ln17_2" [firmware/nnet_utils/nnet_dense_latency.h:58]   --->   Operation 598 'add' 'add_ln58_361' <Predicate = true> <Delay = 0.00> <CoreInst = "TAddSub">   --->   Core 10 'TAddSub' <Latency = 0> <II = 1> <Delay = 0.53> <IPBlock> <Opcode : '' 'add' 'sub'> <InPorts = 3> <OutPorts = 1> <Sync> <CReg>
ST_3 : Operation 599 [1/1] (1.04ns) (root node of TernaryAdder)   --->   "%add_ln58_362 = add i25 %add_ln58_361, i25 %mult_406" [firmware/nnet_utils/nnet_dense_latency.h:58]   --->   Operation 599 'add' 'add_ln58_362' <Predicate = true> <Delay = 1.04> <CoreInst = "TAddSub">   --->   Core 10 'TAddSub' <Latency = 0> <II = 1> <Delay = 0.53> <IPBlock> <Opcode : '' 'add' 'sub'> <InPorts = 3> <OutPorts = 1> <Sync> <CReg>
ST_3 : Operation 600 [1/1] (0.00ns)   --->   "%sext_ln58_138 = sext i25 %add_ln58_362" [firmware/nnet_utils/nnet_dense_latency.h:58]   --->   Operation 600 'sext' 'sext_ln58_138' <Predicate = true> <Delay = 0.00>
ST_3 : Operation 601 [1/1] (1.45ns)   --->   "%add_ln58_363 = add i24 %mult_407, i24 %sext_ln58_133" [firmware/nnet_utils/nnet_dense_latency.h:58]   --->   Operation 601 'add' 'add_ln58_363' <Predicate = true> <Delay = 1.45> <CoreInst = "Adder">   --->   Core 1 'Adder' <Latency = 0> <II = 1> <Delay = 1.45> <FuncUnit> <Opcode : 'add' 'sub'> <InPorts = 2> <OutPorts = 1>
ST_3 : Operation 602 [1/1] (0.00ns)   --->   "%sext_ln58_139 = sext i24 %add_ln58_363" [firmware/nnet_utils/nnet_dense_latency.h:58]   --->   Operation 602 'sext' 'sext_ln58_139' <Predicate = true> <Delay = 0.00>
ST_3 : Operation 603 [1/1] (0.00ns)   --->   "%sext_ln58_198 = sext i24 %mul_ln73" [firmware/nnet_utils/nnet_dense_latency.h:58]   --->   Operation 603 'sext' 'sext_ln58_198' <Predicate = true> <Delay = 0.00>
ST_3 : Operation 604 [1/1] (1.45ns)   --->   "%add_ln58_364 = add i25 %mult_413, i25 %sext_ln58_137" [firmware/nnet_utils/nnet_dense_latency.h:58]   --->   Operation 604 'add' 'add_ln58_364' <Predicate = true> <Delay = 1.45> <CoreInst = "Adder">   --->   Core 1 'Adder' <Latency = 0> <II = 1> <Delay = 1.45> <FuncUnit> <Opcode : 'add' 'sub'> <InPorts = 2> <OutPorts = 1>
ST_3 : Operation 605 [1/1] (0.00ns) (grouped into TernaryAdder)   --->   "%add_ln58_365 = add i25 %mult_405, i25 %sext_ln58_132" [firmware/nnet_utils/nnet_dense_latency.h:58]   --->   Operation 605 'add' 'add_ln58_365' <Predicate = true> <Delay = 0.00> <CoreInst = "TAddSub">   --->   Core 10 'TAddSub' <Latency = 0> <II = 1> <Delay = 0.53> <IPBlock> <Opcode : '' 'add' 'sub'> <InPorts = 3> <OutPorts = 1> <Sync> <CReg>
ST_3 : Operation 606 [1/1] (1.04ns) (root node of TernaryAdder)   --->   "%add_ln58_366 = add i25 %add_ln58_365, i25 %mult_414" [firmware/nnet_utils/nnet_dense_latency.h:58]   --->   Operation 606 'add' 'add_ln58_366' <Predicate = true> <Delay = 1.04> <CoreInst = "TAddSub">   --->   Core 10 'TAddSub' <Latency = 0> <II = 1> <Delay = 0.53> <IPBlock> <Opcode : '' 'add' 'sub'> <InPorts = 3> <OutPorts = 1> <Sync> <CReg>
ST_3 : Operation 607 [1/1] (0.00ns)   --->   "%sext_ln58_143 = sext i25 %add_ln58_366" [firmware/nnet_utils/nnet_dense_latency.h:58]   --->   Operation 607 'sext' 'sext_ln58_143' <Predicate = true> <Delay = 0.00>
ST_3 : Operation 608 [1/1] (1.45ns)   --->   "%add_ln58_367 = add i24 %mult_416, i24 %sext_ln17_6" [firmware/nnet_utils/nnet_dense_latency.h:58]   --->   Operation 608 'add' 'add_ln58_367' <Predicate = true> <Delay = 1.45> <CoreInst = "Adder">   --->   Core 1 'Adder' <Latency = 0> <II = 1> <Delay = 1.45> <FuncUnit> <Opcode : 'add' 'sub'> <InPorts = 2> <OutPorts = 1>
ST_3 : Operation 609 [1/1] (0.00ns)   --->   "%sext_ln58_199 = sext i24 %add_ln58_367" [firmware/nnet_utils/nnet_dense_latency.h:58]   --->   Operation 609 'sext' 'sext_ln58_199' <Predicate = true> <Delay = 0.00>
ST_3 : Operation 610 [1/1] (1.45ns)   --->   "%add_ln58_368 = add i25 %sext_ln58_199, i25 %sext_ln58_134" [firmware/nnet_utils/nnet_dense_latency.h:58]   --->   Operation 610 'add' 'add_ln58_368' <Predicate = true> <Delay = 1.45> <CoreInst = "Adder">   --->   Core 1 'Adder' <Latency = 0> <II = 1> <Delay = 1.45> <FuncUnit> <Opcode : 'add' 'sub'> <InPorts = 2> <OutPorts = 1>
ST_3 : Operation 611 [1/1] (0.00ns) (grouped into TernaryAdder)   --->   "%add_ln58_369 = add i25 %mult_410, i25 %mult_401" [firmware/nnet_utils/nnet_dense_latency.h:58]   --->   Operation 611 'add' 'add_ln58_369' <Predicate = true> <Delay = 0.00> <CoreInst = "TAddSub">   --->   Core 10 'TAddSub' <Latency = 0> <II = 1> <Delay = 0.53> <IPBlock> <Opcode : '' 'add' 'sub'> <InPorts = 3> <OutPorts = 1> <Sync> <CReg>
ST_3 : Operation 612 [1/1] (1.03ns) (root node of TernaryAdder)   --->   "%add_ln58_370 = add i23 %add_ln58_349, i23 %mult_418" [firmware/nnet_utils/nnet_dense_latency.h:58]   --->   Operation 612 'add' 'add_ln58_370' <Predicate = true> <Delay = 1.03> <CoreInst = "TAddSub">   --->   Core 10 'TAddSub' <Latency = 0> <II = 1> <Delay = 0.53> <IPBlock> <Opcode : '' 'add' 'sub'> <InPorts = 3> <OutPorts = 1> <Sync> <CReg>
ST_3 : Operation 613 [1/1] (0.00ns)   --->   "%sext_ln58_200 = sext i23 %add_ln58_370" [firmware/nnet_utils/nnet_dense_latency.h:58]   --->   Operation 613 'sext' 'sext_ln58_200' <Predicate = true> <Delay = 0.00>
ST_3 : Operation 614 [1/1] (1.04ns) (root node of TernaryAdder)   --->   "%add_ln58_371 = add i25 %sext_ln58_200, i25 %add_ln58_369" [firmware/nnet_utils/nnet_dense_latency.h:58]   --->   Operation 614 'add' 'add_ln58_371' <Predicate = true> <Delay = 1.04> <CoreInst = "TAddSub">   --->   Core 10 'TAddSub' <Latency = 0> <II = 1> <Delay = 0.53> <IPBlock> <Opcode : '' 'add' 'sub'> <InPorts = 3> <OutPorts = 1> <Sync> <CReg>
ST_3 : Operation 615 [1/1] (0.00ns) (grouped into TernaryAdder)   --->   "%add_ln58_372 = add i25 %mult_396, i25 %sext_ln58_124" [firmware/nnet_utils/nnet_dense_latency.h:58]   --->   Operation 615 'add' 'add_ln58_372' <Predicate = true> <Delay = 0.00> <CoreInst = "TAddSub">   --->   Core 10 'TAddSub' <Latency = 0> <II = 1> <Delay = 0.53> <IPBlock> <Opcode : '' 'add' 'sub'> <InPorts = 3> <OutPorts = 1> <Sync> <CReg>
ST_3 : Operation 616 [1/1] (0.00ns)   --->   "%sext_ln58_201 = sext i22 %add_ln58_373" [firmware/nnet_utils/nnet_dense_latency.h:58]   --->   Operation 616 'sext' 'sext_ln58_201' <Predicate = true> <Delay = 0.00>
ST_3 : Operation 617 [1/1] (1.45ns)   --->   "%add_ln58_374 = add i24 %sext_ln58_201, i24 %mul_ln73" [firmware/nnet_utils/nnet_dense_latency.h:58]   --->   Operation 617 'add' 'add_ln58_374' <Predicate = true> <Delay = 1.45> <CoreInst = "Adder">   --->   Core 1 'Adder' <Latency = 0> <II = 1> <Delay = 1.45> <FuncUnit> <Opcode : 'add' 'sub'> <InPorts = 2> <OutPorts = 1>
ST_3 : Operation 618 [1/1] (0.00ns)   --->   "%sext_ln58_202 = sext i24 %add_ln58_374" [firmware/nnet_utils/nnet_dense_latency.h:58]   --->   Operation 618 'sext' 'sext_ln58_202' <Predicate = true> <Delay = 0.00>
ST_3 : Operation 619 [1/1] (1.04ns) (root node of TernaryAdder)   --->   "%add_ln58_375 = add i25 %sext_ln58_202, i25 %add_ln58_372" [firmware/nnet_utils/nnet_dense_latency.h:58]   --->   Operation 619 'add' 'add_ln58_375' <Predicate = true> <Delay = 1.04> <CoreInst = "TAddSub">   --->   Core 10 'TAddSub' <Latency = 0> <II = 1> <Delay = 0.53> <IPBlock> <Opcode : '' 'add' 'sub'> <InPorts = 3> <OutPorts = 1> <Sync> <CReg>
ST_3 : Operation 620 [1/1] (1.45ns)   --->   "%add_ln58_376 = add i24 %mult_415, i24 %sext_ln17_10" [firmware/nnet_utils/nnet_dense_latency.h:58]   --->   Operation 620 'add' 'add_ln58_376' <Predicate = true> <Delay = 1.45> <CoreInst = "Adder">   --->   Core 1 'Adder' <Latency = 0> <II = 1> <Delay = 1.45> <FuncUnit> <Opcode : 'add' 'sub'> <InPorts = 2> <OutPorts = 1>
ST_3 : Operation 621 [1/1] (0.00ns)   --->   "%sext_ln58_203 = sext i24 %add_ln58_376" [firmware/nnet_utils/nnet_dense_latency.h:58]   --->   Operation 621 'sext' 'sext_ln58_203' <Predicate = true> <Delay = 0.00>
ST_3 : Operation 622 [1/1] (1.45ns)   --->   "%add_ln58_377 = add i25 %sext_ln58_203, i25 %sext_ln58_139" [firmware/nnet_utils/nnet_dense_latency.h:58]   --->   Operation 622 'add' 'add_ln58_377' <Predicate = true> <Delay = 1.45> <CoreInst = "Adder">   --->   Core 1 'Adder' <Latency = 0> <II = 1> <Delay = 1.45> <FuncUnit> <Opcode : 'add' 'sub'> <InPorts = 2> <OutPorts = 1>
ST_3 : Operation 623 [1/1] (0.00ns) (grouped into TernaryAdder)   --->   "%add_ln58_378 = add i26 %sext_ln58_135, i26 %sext_ln17_7" [firmware/nnet_utils/nnet_dense_latency.h:58]   --->   Operation 623 'add' 'add_ln58_378' <Predicate = true> <Delay = 0.00> <CoreInst = "TAddSub">   --->   Core 10 'TAddSub' <Latency = 0> <II = 1> <Delay = 0.53> <IPBlock> <Opcode : '' 'add' 'sub'> <InPorts = 3> <OutPorts = 1> <Sync> <CReg>
ST_3 : Operation 624 [1/1] (1.45ns)   --->   "%add_ln58_379 = add i25 %mult_417, i25 %mult_427" [firmware/nnet_utils/nnet_dense_latency.h:58]   --->   Operation 624 'add' 'add_ln58_379' <Predicate = true> <Delay = 1.45> <CoreInst = "Adder">   --->   Core 1 'Adder' <Latency = 0> <II = 1> <Delay = 1.45> <FuncUnit> <Opcode : 'add' 'sub'> <InPorts = 2> <OutPorts = 1>
ST_3 : Operation 625 [1/1] (0.00ns)   --->   "%sext_ln58_204 = sext i25 %add_ln58_379" [firmware/nnet_utils/nnet_dense_latency.h:58]   --->   Operation 625 'sext' 'sext_ln58_204' <Predicate = true> <Delay = 0.00>
ST_3 : Operation 626 [1/1] (1.04ns) (root node of TernaryAdder)   --->   "%add_ln58_380 = add i26 %sext_ln58_204, i26 %add_ln58_378" [firmware/nnet_utils/nnet_dense_latency.h:58]   --->   Operation 626 'add' 'add_ln58_380' <Predicate = true> <Delay = 1.04> <CoreInst = "TAddSub">   --->   Core 10 'TAddSub' <Latency = 0> <II = 1> <Delay = 0.53> <IPBlock> <Opcode : '' 'add' 'sub'> <InPorts = 3> <OutPorts = 1> <Sync> <CReg>
ST_3 : Operation 627 [1/1] (1.45ns)   --->   "%add_ln58_381 = add i25 %mul_ln17_11, i25 %mult_412" [firmware/nnet_utils/nnet_dense_latency.h:58]   --->   Operation 627 'add' 'add_ln58_381' <Predicate = true> <Delay = 1.45> <CoreInst = "Adder">   --->   Core 1 'Adder' <Latency = 0> <II = 1> <Delay = 1.45> <FuncUnit> <Opcode : 'add' 'sub'> <InPorts = 2> <OutPorts = 1>
ST_3 : Operation 628 [1/1] (0.00ns) (grouped into TernaryAdder)   --->   "%add_ln58_382 = add i25 %sext_ln58_194, i25 %sext_ln17_12" [firmware/nnet_utils/nnet_dense_latency.h:58]   --->   Operation 628 'add' 'add_ln58_382' <Predicate = true> <Delay = 0.00> <CoreInst = "TAddSub">   --->   Core 10 'TAddSub' <Latency = 0> <II = 1> <Delay = 0.53> <IPBlock> <Opcode : '' 'add' 'sub'> <InPorts = 3> <OutPorts = 1> <Sync> <CReg>
ST_3 : Operation 629 [1/1] (1.04ns) (root node of TernaryAdder)   --->   "%add_ln58_383 = add i25 %add_ln58_382, i25 %mult_420" [firmware/nnet_utils/nnet_dense_latency.h:58]   --->   Operation 629 'add' 'add_ln58_383' <Predicate = true> <Delay = 1.04> <CoreInst = "TAddSub">   --->   Core 10 'TAddSub' <Latency = 0> <II = 1> <Delay = 0.53> <IPBlock> <Opcode : '' 'add' 'sub'> <InPorts = 3> <OutPorts = 1> <Sync> <CReg>
ST_3 : Operation 630 [1/1] (1.45ns)   --->   "%add_ln58_386 = add i24 %mult_429, i24 %sext_ln42" [firmware/nnet_utils/nnet_dense_latency.h:58]   --->   Operation 630 'add' 'add_ln58_386' <Predicate = true> <Delay = 1.45> <CoreInst = "Adder">   --->   Core 1 'Adder' <Latency = 0> <II = 1> <Delay = 1.45> <FuncUnit> <Opcode : 'add' 'sub'> <InPorts = 2> <OutPorts = 1>
ST_3 : Operation 631 [1/1] (0.00ns)   --->   "%sext_ln58_208 = sext i24 %add_ln58_386" [firmware/nnet_utils/nnet_dense_latency.h:58]   --->   Operation 631 'sext' 'sext_ln58_208' <Predicate = true> <Delay = 0.00>
ST_3 : Operation 632 [1/1] (1.45ns)   --->   "%add_ln58_387 = add i25 %sext_ln58_208, i25 %mult_419" [firmware/nnet_utils/nnet_dense_latency.h:58]   --->   Operation 632 'add' 'add_ln58_387' <Predicate = true> <Delay = 1.45> <CoreInst = "Adder">   --->   Core 1 'Adder' <Latency = 0> <II = 1> <Delay = 1.45> <FuncUnit> <Opcode : 'add' 'sub'> <InPorts = 2> <OutPorts = 1>
ST_3 : Operation 633 [1/1] (0.00ns) (grouped into TernaryAdder)   --->   "%add_ln58_389 = add i26 %sext_ln58_138, i26 %sext_ln17_13" [firmware/nnet_utils/nnet_dense_latency.h:58]   --->   Operation 633 'add' 'add_ln58_389' <Predicate = true> <Delay = 0.00> <CoreInst = "TAddSub">   --->   Core 10 'TAddSub' <Latency = 0> <II = 1> <Delay = 0.53> <IPBlock> <Opcode : '' 'add' 'sub'> <InPorts = 3> <OutPorts = 1> <Sync> <CReg>
ST_3 : Operation 634 [1/1] (0.00ns)   --->   "%sext_ln58_210 = sext i24 %add_ln58_390" [firmware/nnet_utils/nnet_dense_latency.h:58]   --->   Operation 634 'sext' 'sext_ln58_210' <Predicate = true> <Delay = 0.00>
ST_3 : Operation 635 [1/1] (1.45ns)   --->   "%add_ln58_391 = add i25 %sext_ln58_210, i25 %sext_ln58_198" [firmware/nnet_utils/nnet_dense_latency.h:58]   --->   Operation 635 'add' 'add_ln58_391' <Predicate = true> <Delay = 1.45> <CoreInst = "Adder">   --->   Core 1 'Adder' <Latency = 0> <II = 1> <Delay = 1.45> <FuncUnit> <Opcode : 'add' 'sub'> <InPorts = 2> <OutPorts = 1>
ST_3 : Operation 636 [1/1] (0.00ns)   --->   "%sext_ln58_211 = sext i25 %add_ln58_391" [firmware/nnet_utils/nnet_dense_latency.h:58]   --->   Operation 636 'sext' 'sext_ln58_211' <Predicate = true> <Delay = 0.00>
ST_3 : Operation 637 [1/1] (1.04ns) (root node of TernaryAdder)   --->   "%add_ln58_392 = add i26 %sext_ln58_211, i26 %add_ln58_389" [firmware/nnet_utils/nnet_dense_latency.h:58]   --->   Operation 637 'add' 'add_ln58_392' <Predicate = true> <Delay = 1.04> <CoreInst = "TAddSub">   --->   Core 10 'TAddSub' <Latency = 0> <II = 1> <Delay = 0.53> <IPBlock> <Opcode : '' 'add' 'sub'> <InPorts = 3> <OutPorts = 1> <Sync> <CReg>
ST_3 : Operation 638 [1/1] (1.45ns)   --->   "%add_ln58_394 = add i25 %mult_436, i25 %sext_ln17_19" [firmware/nnet_utils/nnet_dense_latency.h:58]   --->   Operation 638 'add' 'add_ln58_394' <Predicate = true> <Delay = 1.45> <CoreInst = "Adder">   --->   Core 1 'Adder' <Latency = 0> <II = 1> <Delay = 1.45> <FuncUnit> <Opcode : 'add' 'sub'> <InPorts = 2> <OutPorts = 1>
ST_3 : Operation 639 [1/1] (1.02ns) (root node of TernaryAdder)   --->   "%add_ln58_401 = add i22 %mult_432, i22 %sext_ln17_25" [firmware/nnet_utils/nnet_dense_latency.h:58]   --->   Operation 639 'add' 'add_ln58_401' <Predicate = true> <Delay = 1.02> <CoreInst = "TAddSub">   --->   Core 10 'TAddSub' <Latency = 0> <II = 1> <Delay = 0.53> <IPBlock> <Opcode : '' 'add' 'sub'> <InPorts = 3> <OutPorts = 1> <Sync> <CReg>
ST_3 : Operation 640 [1/1] (1.45ns)   --->   "%add_ln58_404 = add i25 %sext_ln17_14, i25 %sext_ln17_20" [firmware/nnet_utils/nnet_dense_latency.h:58]   --->   Operation 640 'add' 'add_ln58_404' <Predicate = true> <Delay = 1.45> <CoreInst = "Adder">   --->   Core 1 'Adder' <Latency = 0> <II = 1> <Delay = 1.45> <FuncUnit> <Opcode : 'add' 'sub'> <InPorts = 2> <OutPorts = 1>
ST_3 : Operation 641 [1/1] (1.44ns)   --->   "%add_ln58_406 = add i23 %mult_428, i23 %sext_ln17_24" [firmware/nnet_utils/nnet_dense_latency.h:58]   --->   Operation 641 'add' 'add_ln58_406' <Predicate = true> <Delay = 1.44> <CoreInst = "Adder">   --->   Core 1 'Adder' <Latency = 0> <II = 1> <Delay = 1.44> <FuncUnit> <Opcode : 'add' 'sub'> <InPorts = 2> <OutPorts = 1>
ST_3 : Operation 642 [1/1] (0.00ns)   --->   "%sext_ln58_218 = sext i23 %add_ln58_406" [firmware/nnet_utils/nnet_dense_latency.h:58]   --->   Operation 642 'sext' 'sext_ln58_218' <Predicate = true> <Delay = 0.00>
ST_3 : Operation 643 [1/1] (1.45ns)   --->   "%add_ln58_407 = add i24 %sext_ln58_218, i24 %mult_467" [firmware/nnet_utils/nnet_dense_latency.h:58]   --->   Operation 643 'add' 'add_ln58_407' <Predicate = true> <Delay = 1.45> <CoreInst = "Adder">   --->   Core 1 'Adder' <Latency = 0> <II = 1> <Delay = 1.45> <FuncUnit> <Opcode : 'add' 'sub'> <InPorts = 2> <OutPorts = 1>
ST_3 : Operation 644 [1/1] (1.45ns)   --->   "%add_ln58_409 = add i24 %mul_ln17_13, i24 %mult_433" [firmware/nnet_utils/nnet_dense_latency.h:58]   --->   Operation 644 'add' 'add_ln58_409' <Predicate = true> <Delay = 1.45> <CoreInst = "Adder">   --->   Core 1 'Adder' <Latency = 0> <II = 1> <Delay = 1.45> <FuncUnit> <Opcode : 'add' 'sub'> <InPorts = 2> <OutPorts = 1>
ST_3 : Operation 645 [1/1] (0.00ns)   --->   "%sext_ln58_220 = sext i24 %add_ln58_409" [firmware/nnet_utils/nnet_dense_latency.h:58]   --->   Operation 645 'sext' 'sext_ln58_220' <Predicate = true> <Delay = 0.00>
ST_3 : Operation 646 [1/1] (0.00ns) (grouped into TernaryAdder)   --->   "%add_ln58_410 = add i26 %sext_ln58_220, i26 %sext_ln58_143" [firmware/nnet_utils/nnet_dense_latency.h:58]   --->   Operation 646 'add' 'add_ln58_410' <Predicate = true> <Delay = 0.00> <CoreInst = "TAddSub">   --->   Core 10 'TAddSub' <Latency = 0> <II = 1> <Delay = 0.53> <IPBlock> <Opcode : '' 'add' 'sub'> <InPorts = 3> <OutPorts = 1> <Sync> <CReg>
ST_3 : Operation 647 [1/1] (0.00ns) (grouped into TernaryAdder)   --->   "%add_ln58_411 = add i24 %mult_452, i24 %sext_ln17_17" [firmware/nnet_utils/nnet_dense_latency.h:58]   --->   Operation 647 'add' 'add_ln58_411' <Predicate = true> <Delay = 0.00> <CoreInst = "TAddSub">   --->   Core 10 'TAddSub' <Latency = 0> <II = 1> <Delay = 0.53> <IPBlock> <Opcode : '' 'add' 'sub'> <InPorts = 3> <OutPorts = 1> <Sync> <CReg>
ST_3 : Operation 648 [1/1] (1.02ns) (root node of TernaryAdder)   --->   "%add_ln58_412 = add i22 %mult_423, i22 %mult_462" [firmware/nnet_utils/nnet_dense_latency.h:58]   --->   Operation 648 'add' 'add_ln58_412' <Predicate = true> <Delay = 1.02> <CoreInst = "TAddSub">   --->   Core 10 'TAddSub' <Latency = 0> <II = 1> <Delay = 0.53> <IPBlock> <Opcode : '' 'add' 'sub'> <InPorts = 3> <OutPorts = 1> <Sync> <CReg>
ST_3 : Operation 649 [1/1] (0.00ns)   --->   "%sext_ln58_221 = sext i22 %add_ln58_412" [firmware/nnet_utils/nnet_dense_latency.h:58]   --->   Operation 649 'sext' 'sext_ln58_221' <Predicate = true> <Delay = 0.00>
ST_3 : Operation 650 [1/1] (1.03ns) (root node of TernaryAdder)   --->   "%add_ln58_413 = add i24 %sext_ln58_221, i24 %add_ln58_411" [firmware/nnet_utils/nnet_dense_latency.h:58]   --->   Operation 650 'add' 'add_ln58_413' <Predicate = true> <Delay = 1.03> <CoreInst = "TAddSub">   --->   Core 10 'TAddSub' <Latency = 0> <II = 1> <Delay = 0.53> <IPBlock> <Opcode : '' 'add' 'sub'> <InPorts = 3> <OutPorts = 1> <Sync> <CReg>
ST_3 : Operation 651 [1/1] (0.00ns)   --->   "%sext_ln58_222 = sext i24 %add_ln58_413" [firmware/nnet_utils/nnet_dense_latency.h:58]   --->   Operation 651 'sext' 'sext_ln58_222' <Predicate = true> <Delay = 0.00>
ST_3 : Operation 652 [1/1] (1.04ns) (root node of TernaryAdder)   --->   "%add_ln58_414 = add i26 %sext_ln58_222, i26 %add_ln58_410" [firmware/nnet_utils/nnet_dense_latency.h:58]   --->   Operation 652 'add' 'add_ln58_414' <Predicate = true> <Delay = 1.04> <CoreInst = "TAddSub">   --->   Core 10 'TAddSub' <Latency = 0> <II = 1> <Delay = 0.53> <IPBlock> <Opcode : '' 'add' 'sub'> <InPorts = 3> <OutPorts = 1> <Sync> <CReg>
ST_3 : Operation 653 [1/1] (1.45ns)   --->   "%add_ln58_418 = add i24 %mult_470, i24 %mult_489" [firmware/nnet_utils/nnet_dense_latency.h:58]   --->   Operation 653 'add' 'add_ln58_418' <Predicate = true> <Delay = 1.45> <CoreInst = "Adder">   --->   Core 1 'Adder' <Latency = 0> <II = 1> <Delay = 1.45> <FuncUnit> <Opcode : 'add' 'sub'> <InPorts = 2> <OutPorts = 1>
ST_3 : Operation 654 [1/1] (0.00ns)   --->   "%sext_ln58_224 = sext i24 %add_ln58_418" [firmware/nnet_utils/nnet_dense_latency.h:58]   --->   Operation 654 'sext' 'sext_ln58_224' <Predicate = true> <Delay = 0.00>
ST_3 : Operation 655 [1/1] (1.03ns) (root node of TernaryAdder)   --->   "%add_ln58_419 = add i23 %mult_441, i23 %mult_451" [firmware/nnet_utils/nnet_dense_latency.h:58]   --->   Operation 655 'add' 'add_ln58_419' <Predicate = true> <Delay = 1.03> <CoreInst = "TAddSub">   --->   Core 10 'TAddSub' <Latency = 0> <II = 1> <Delay = 0.53> <IPBlock> <Opcode : '' 'add' 'sub'> <InPorts = 3> <OutPorts = 1> <Sync> <CReg>
ST_3 : Operation 656 [1/1] (0.00ns)   --->   "%sext_ln58_225 = sext i23 %add_ln58_419" [firmware/nnet_utils/nnet_dense_latency.h:58]   --->   Operation 656 'sext' 'sext_ln58_225' <Predicate = true> <Delay = 0.00>
ST_3 : Operation 657 [1/1] (1.45ns)   --->   "%add_ln58_420 = add i25 %sext_ln58_225, i25 %sext_ln58_224" [firmware/nnet_utils/nnet_dense_latency.h:58]   --->   Operation 657 'add' 'add_ln58_420' <Predicate = true> <Delay = 1.45> <CoreInst = "Adder">   --->   Core 1 'Adder' <Latency = 0> <II = 1> <Delay = 1.45> <FuncUnit> <Opcode : 'add' 'sub'> <InPorts = 2> <OutPorts = 1>
ST_3 : Operation 658 [1/1] (1.44ns)   --->   "%add_ln58_434 = add i22 %mul_ln17_16, i22 %sext_ln17_35" [firmware/nnet_utils/nnet_dense_latency.h:58]   --->   Operation 658 'add' 'add_ln58_434' <Predicate = true> <Delay = 1.44> <CoreInst = "Adder">   --->   Core 1 'Adder' <Latency = 0> <II = 1> <Delay = 1.44> <FuncUnit> <Opcode : 'add' 'sub'> <InPorts = 2> <OutPorts = 1>
ST_3 : Operation 659 [1/1] (1.43ns)   --->   "%add_ln58_443 = add i22 %sext_ln17_26, i22 %sext_ln17_48" [firmware/nnet_utils/nnet_dense_latency.h:58]   --->   Operation 659 'add' 'add_ln58_443' <Predicate = true> <Delay = 1.43> <CoreInst = "Adder">   --->   Core 1 'Adder' <Latency = 0> <II = 1> <Delay = 1.43> <FuncUnit> <Opcode : 'add' 'sub'> <InPorts = 2> <OutPorts = 1>
ST_3 : Operation 660 [1/1] (1.44ns)   --->   "%add_ln58_475 = add i22 %mult_505, i22 %sext_ln17_57" [firmware/nnet_utils/nnet_dense_latency.h:58]   --->   Operation 660 'add' 'add_ln58_475' <Predicate = true> <Delay = 1.44> <CoreInst = "Adder">   --->   Core 1 'Adder' <Latency = 0> <II = 1> <Delay = 1.44> <FuncUnit> <Opcode : 'add' 'sub'> <InPorts = 2> <OutPorts = 1>
ST_3 : Operation 661 [1/1] (1.44ns)   --->   "%add_ln58_485 = add i22 %mult_547, i22 %sext_ln17_55" [firmware/nnet_utils/nnet_dense_latency.h:58]   --->   Operation 661 'add' 'add_ln58_485' <Predicate = true> <Delay = 1.44> <CoreInst = "Adder">   --->   Core 1 'Adder' <Latency = 0> <II = 1> <Delay = 1.44> <FuncUnit> <Opcode : 'add' 'sub'> <InPorts = 2> <OutPorts = 1>
ST_3 : Operation 662 [1/1] (0.00ns)   --->   "%sext_ln58_264 = sext i22 %add_ln58_485" [firmware/nnet_utils/nnet_dense_latency.h:58]   --->   Operation 662 'sext' 'sext_ln58_264' <Predicate = true> <Delay = 0.00>
ST_3 : Operation 663 [1/1] (1.03ns) (root node of TernaryAdder)   --->   "%add_ln58_486 = add i23 %sext_ln58_264, i23 %mult_556" [firmware/nnet_utils/nnet_dense_latency.h:58]   --->   Operation 663 'add' 'add_ln58_486' <Predicate = true> <Delay = 1.03> <CoreInst = "TAddSub">   --->   Core 10 'TAddSub' <Latency = 0> <II = 1> <Delay = 0.53> <IPBlock> <Opcode : '' 'add' 'sub'> <InPorts = 3> <OutPorts = 1> <Sync> <CReg>
ST_3 : Operation 664 [1/1] (1.02ns) (root node of TernaryAdder)   --->   "%add_ln58_509 = add i22 %mult_572, i22 %sext_ln17_53" [firmware/nnet_utils/nnet_dense_latency.h:58]   --->   Operation 664 'add' 'add_ln58_509' <Predicate = true> <Delay = 1.02> <CoreInst = "TAddSub">   --->   Core 10 'TAddSub' <Latency = 0> <II = 1> <Delay = 0.53> <IPBlock> <Opcode : '' 'add' 'sub'> <InPorts = 3> <OutPorts = 1> <Sync> <CReg>
ST_3 : Operation 665 [1/1] (1.44ns)   --->   "%add_ln58_538 = add i22 %mult_580, i22 %sext_ln17_60" [firmware/nnet_utils/nnet_dense_latency.h:58]   --->   Operation 665 'add' 'add_ln58_538' <Predicate = true> <Delay = 1.44> <CoreInst = "Adder">   --->   Core 1 'Adder' <Latency = 0> <II = 1> <Delay = 1.44> <FuncUnit> <Opcode : 'add' 'sub'> <InPorts = 2> <OutPorts = 1>
ST_3 : Operation 666 [1/1] (1.43ns)   --->   "%add_ln58_572 = add i21 %sext_ln17_98, i21 %sext_ln17_108" [firmware/nnet_utils/nnet_dense_latency.h:58]   --->   Operation 666 'add' 'add_ln58_572' <Predicate = true> <Delay = 1.43> <CoreInst = "Adder">   --->   Core 1 'Adder' <Latency = 0> <II = 1> <Delay = 1.43> <FuncUnit> <Opcode : 'add' 'sub'> <InPorts = 2> <OutPorts = 1>
ST_3 : Operation 667 [1/1] (1.03ns) (root node of TernaryAdder)   --->   "%add_ln58_937 = add i23 %mult_512, i23 %sext_ln17_52" [firmware/nnet_utils/nnet_dense_latency.h:58]   --->   Operation 667 'add' 'add_ln58_937' <Predicate = true> <Delay = 1.03> <CoreInst = "TAddSub">   --->   Core 10 'TAddSub' <Latency = 0> <II = 1> <Delay = 0.53> <IPBlock> <Opcode : '' 'add' 'sub'> <InPorts = 3> <OutPorts = 1> <Sync> <CReg>
ST_3 : Operation 668 [1/1] (1.02ns) (root node of TernaryAdder)   --->   "%add_ln58_939 = add i22 %mult_558, i22 %mult_576" [firmware/nnet_utils/nnet_dense_latency.h:58]   --->   Operation 668 'add' 'add_ln58_939' <Predicate = true> <Delay = 1.02> <CoreInst = "TAddSub">   --->   Core 10 'TAddSub' <Latency = 0> <II = 1> <Delay = 0.53> <IPBlock> <Opcode : '' 'add' 'sub'> <InPorts = 3> <OutPorts = 1> <Sync> <CReg>
ST_3 : Operation 669 [1/1] (0.00ns)   --->   "%sext_ln58_601 = sext i22 %add_ln58_939" [firmware/nnet_utils/nnet_dense_latency.h:58]   --->   Operation 669 'sext' 'sext_ln58_601' <Predicate = true> <Delay = 0.00>
ST_3 : Operation 670 [1/1] (1.01ns) (root node of TernaryAdder)   --->   "%add_ln58_940 = add i20 %mult_549, i20 %sext_ln17_39" [firmware/nnet_utils/nnet_dense_latency.h:58]   --->   Operation 670 'add' 'add_ln58_940' <Predicate = true> <Delay = 1.01> <CoreInst = "TAddSub">   --->   Core 10 'TAddSub' <Latency = 0> <II = 1> <Delay = 0.53> <IPBlock> <Opcode : '' 'add' 'sub'> <InPorts = 3> <OutPorts = 1> <Sync> <CReg>
ST_3 : Operation 671 [1/1] (0.00ns)   --->   "%sext_ln58_602 = sext i20 %add_ln58_940" [firmware/nnet_utils/nnet_dense_latency.h:58]   --->   Operation 671 'sext' 'sext_ln58_602' <Predicate = true> <Delay = 0.00>
ST_3 : Operation 672 [1/1] (1.44ns)   --->   "%add_ln58_941 = add i23 %sext_ln58_602, i23 %sext_ln58_601" [firmware/nnet_utils/nnet_dense_latency.h:58]   --->   Operation 672 'add' 'add_ln58_941' <Predicate = true> <Delay = 1.44> <CoreInst = "Adder">   --->   Core 1 'Adder' <Latency = 0> <II = 1> <Delay = 1.44> <FuncUnit> <Opcode : 'add' 'sub'> <InPorts = 2> <OutPorts = 1>
ST_3 : Operation 673 [1/1] (1.01ns) (root node of TernaryAdder)   --->   "%add_ln58_963 = add i20 %mult_825, i20 %sext_ln17_80" [firmware/nnet_utils/nnet_dense_latency.h:58]   --->   Operation 673 'add' 'add_ln58_963' <Predicate = true> <Delay = 1.01> <CoreInst = "TAddSub">   --->   Core 10 'TAddSub' <Latency = 0> <II = 1> <Delay = 0.53> <IPBlock> <Opcode : '' 'add' 'sub'> <InPorts = 3> <OutPorts = 1> <Sync> <CReg>

State 4 <SV = 3> <Delay = 3.57>
ST_4 : Operation 674 [1/1] (0.00ns)   --->   "%sext_ln17_8 = sext i25 %mult_411" [firmware/nnet_utils/nnet_dense_latency.h:17]   --->   Operation 674 'sext' 'sext_ln17_8' <Predicate = true> <Delay = 0.00>
ST_4 : Operation 675 [1/1] (0.00ns)   --->   "%sext_ln17_11 = sext i25 %mult_426" [firmware/nnet_utils/nnet_dense_latency.h:17]   --->   Operation 675 'sext' 'sext_ln17_11' <Predicate = true> <Delay = 0.00>
ST_4 : Operation 676 [1/1] (0.00ns)   --->   "%sext_ln17_16 = sext i24 %mult_440" [firmware/nnet_utils/nnet_dense_latency.h:17]   --->   Operation 676 'sext' 'sext_ln17_16' <Predicate = true> <Delay = 0.00>
ST_4 : Operation 677 [1/1] (0.00ns)   --->   "%sext_ln17_21 = sext i25 %mult_449" [firmware/nnet_utils/nnet_dense_latency.h:17]   --->   Operation 677 'sext' 'sext_ln17_21' <Predicate = true> <Delay = 0.00>
ST_4 : Operation 678 [1/1] (0.00ns)   --->   "%sext_ln17_22 = sext i25 %mult_450" [firmware/nnet_utils/nnet_dense_latency.h:17]   --->   Operation 678 'sext' 'sext_ln17_22' <Predicate = true> <Delay = 0.00>
ST_4 : Operation 679 [1/1] (0.00ns)   --->   "%shl_ln73_80 = bitconcatenate i23 @_ssdm_op_BitConcatenate.i23.i16.i7, i16 %a_68, i7 0" [firmware/nnet_utils/nnet_mult.h:73->firmware/nnet_utils/nnet_dense_latency.h:42]   --->   Operation 679 'bitconcatenate' 'shl_ln73_80' <Predicate = true> <Delay = 0.00>
ST_4 : Operation 680 [1/1] (0.00ns)   --->   "%sext_ln73_220 = sext i23 %shl_ln73_80" [firmware/nnet_utils/nnet_mult.h:73->firmware/nnet_utils/nnet_dense_latency.h:42]   --->   Operation 680 'sext' 'sext_ln73_220' <Predicate = true> <Delay = 0.00>
ST_4 : Operation 681 [1/1] (1.44ns)   --->   "%mult_453 = add i24 %sext_ln73_220, i24 %sext_ln70_137" [firmware/nnet_utils/nnet_mult.h:73->firmware/nnet_utils/nnet_dense_latency.h:42]   --->   Operation 681 'add' 'mult_453' <Predicate = true> <Delay = 1.44> <CoreInst = "Adder">   --->   Core 1 'Adder' <Latency = 0> <II = 1> <Delay = 1.44> <FuncUnit> <Opcode : 'add' 'sub'> <InPorts = 2> <OutPorts = 1>
ST_4 : Operation 682 [1/1] (0.00ns)   --->   "%sext_ln17_23 = sext i24 %mult_453" [firmware/nnet_utils/nnet_dense_latency.h:17]   --->   Operation 682 'sext' 'sext_ln17_23' <Predicate = true> <Delay = 0.00>
ST_4 : Operation 683 [1/1] (0.00ns)   --->   "%shl_ln73_81 = bitconcatenate i19 @_ssdm_op_BitConcatenate.i19.i16.i3, i16 %a_68, i3 0" [firmware/nnet_utils/nnet_mult.h:73->firmware/nnet_utils/nnet_dense_latency.h:42]   --->   Operation 683 'bitconcatenate' 'shl_ln73_81' <Predicate = true> <Delay = 0.00>
ST_4 : Operation 684 [1/1] (0.00ns)   --->   "%sext_ln73_221 = sext i19 %shl_ln73_81" [firmware/nnet_utils/nnet_mult.h:73->firmware/nnet_utils/nnet_dense_latency.h:42]   --->   Operation 684 'sext' 'sext_ln73_221' <Predicate = true> <Delay = 0.00>
ST_4 : Operation 685 [1/1] (0.00ns) (grouped into TernaryAdder)   --->   "%mult_455 = add i24 %sext_ln73_220, i24 %sext_ln73_221" [firmware/nnet_utils/nnet_mult.h:73->firmware/nnet_utils/nnet_dense_latency.h:42]   --->   Operation 685 'add' 'mult_455' <Predicate = true> <Delay = 0.00> <CoreInst = "TAddSub">   --->   Core 10 'TAddSub' <Latency = 0> <II = 1> <Delay = 0.53> <IPBlock> <Opcode : '' 'add' 'sub'> <InPorts = 3> <OutPorts = 1> <Sync> <CReg>
ST_4 : Operation 686 [1/1] (0.00ns)   --->   "%sext_ln17_27 = sext i21 %mult_465" [firmware/nnet_utils/nnet_dense_latency.h:17]   --->   Operation 686 'sext' 'sext_ln17_27' <Predicate = true> <Delay = 0.00>
ST_4 : Operation 687 [1/1] (0.00ns)   --->   "%sext_ln17_28 = sext i24 %mult_471" [firmware/nnet_utils/nnet_dense_latency.h:17]   --->   Operation 687 'sext' 'sext_ln17_28' <Predicate = true> <Delay = 0.00>
ST_4 : Operation 688 [1/1] (0.00ns)   --->   "%sext_ln17_29 = sext i23 %mult_472" [firmware/nnet_utils/nnet_dense_latency.h:17]   --->   Operation 688 'sext' 'sext_ln17_29' <Predicate = true> <Delay = 0.00>
ST_4 : Operation 689 [1/1] (0.00ns)   --->   "%sext_ln17_30 = sext i25 %mult_476" [firmware/nnet_utils/nnet_dense_latency.h:17]   --->   Operation 689 'sext' 'sext_ln17_30' <Predicate = true> <Delay = 0.00>
ST_4 : Operation 690 [1/1] (0.00ns)   --->   "%sext_ln17_31 = sext i19 %mult_477" [firmware/nnet_utils/nnet_dense_latency.h:17]   --->   Operation 690 'sext' 'sext_ln17_31' <Predicate = true> <Delay = 0.00>
ST_4 : Operation 691 [1/1] (0.00ns)   --->   "%sext_ln17_33 = sext i24 %mult_481" [firmware/nnet_utils/nnet_dense_latency.h:17]   --->   Operation 691 'sext' 'sext_ln17_33' <Predicate = true> <Delay = 0.00>
ST_4 : Operation 692 [1/1] (0.00ns)   --->   "%sext_ln17_34 = sext i22 %mult_484" [firmware/nnet_utils/nnet_dense_latency.h:17]   --->   Operation 692 'sext' 'sext_ln17_34' <Predicate = true> <Delay = 0.00>
ST_4 : Operation 693 [1/1] (0.00ns)   --->   "%sext_ln17_36 = sext i23 %mult_490" [firmware/nnet_utils/nnet_dense_latency.h:17]   --->   Operation 693 'sext' 'sext_ln17_36' <Predicate = true> <Delay = 0.00>
ST_4 : Operation 694 [1/1] (0.00ns)   --->   "%sext_ln17_37 = sext i24 %mult_491" [firmware/nnet_utils/nnet_dense_latency.h:17]   --->   Operation 694 'sext' 'sext_ln17_37' <Predicate = true> <Delay = 0.00>
ST_4 : Operation 695 [1/1] (0.00ns)   --->   "%sext_ln17_38 = sext i26 %mult_492" [firmware/nnet_utils/nnet_dense_latency.h:17]   --->   Operation 695 'sext' 'sext_ln17_38' <Predicate = true> <Delay = 0.00>
ST_4 : Operation 696 [1/1] (0.00ns)   --->   "%sext_ln17_40 = sext i22 %mult_496" [firmware/nnet_utils/nnet_dense_latency.h:17]   --->   Operation 696 'sext' 'sext_ln17_40' <Predicate = true> <Delay = 0.00>
ST_4 : Operation 697 [1/1] (0.00ns)   --->   "%sext_ln70_157 = sext i16 %a_73" [firmware/nnet_utils/nnet_mult.h:70->firmware/nnet_utils/nnet_dense_latency.h:42]   --->   Operation 697 'sext' 'sext_ln70_157' <Predicate = true> <Delay = 0.00>
ST_4 : Operation 698 [1/1] (3.57ns)   --->   "%mult_498 = mul i25 %sext_ln70_157, i25 184" [firmware/nnet_utils/nnet_mult.h:73->firmware/nnet_utils/nnet_dense_latency.h:42]   --->   Operation 698 'mul' 'mult_498' <Predicate = true> <Delay = 3.57> <CoreInst = "Multiplier">   --->   Core 3 'Multiplier' <Latency = 0> <II = 1> <Delay = 3.57> <FuncUnit> <Opcode : 'mul'> <InPorts = 2> <OutPorts = 1>
ST_4 : Operation 699 [1/1] (0.00ns)   --->   "%shl_ln73_95 = bitconcatenate i22 @_ssdm_op_BitConcatenate.i22.i16.i6, i16 %a_73, i6 0" [firmware/nnet_utils/nnet_mult.h:73->firmware/nnet_utils/nnet_dense_latency.h:42]   --->   Operation 699 'bitconcatenate' 'shl_ln73_95' <Predicate = true> <Delay = 0.00>
ST_4 : Operation 700 [1/1] (0.00ns)   --->   "%sext_ln73_238 = sext i22 %shl_ln73_95" [firmware/nnet_utils/nnet_mult.h:73->firmware/nnet_utils/nnet_dense_latency.h:42]   --->   Operation 700 'sext' 'sext_ln73_238' <Predicate = true> <Delay = 0.00>
ST_4 : Operation 701 [1/1] (0.00ns)   --->   "%shl_ln73_96 = bitconcatenate i18 @_ssdm_op_BitConcatenate.i18.i16.i2, i16 %a_73, i2 0" [firmware/nnet_utils/nnet_mult.h:73->firmware/nnet_utils/nnet_dense_latency.h:42]   --->   Operation 701 'bitconcatenate' 'shl_ln73_96' <Predicate = true> <Delay = 0.00>
ST_4 : Operation 702 [1/1] (0.00ns)   --->   "%sext_ln73_239 = sext i18 %shl_ln73_96" [firmware/nnet_utils/nnet_mult.h:73->firmware/nnet_utils/nnet_dense_latency.h:42]   --->   Operation 702 'sext' 'sext_ln73_239' <Predicate = true> <Delay = 0.00>
ST_4 : Operation 703 [1/1] (1.44ns)   --->   "%mult_499 = add i23 %sext_ln73_238, i23 %sext_ln73_239" [firmware/nnet_utils/nnet_mult.h:73->firmware/nnet_utils/nnet_dense_latency.h:42]   --->   Operation 703 'add' 'mult_499' <Predicate = true> <Delay = 1.44> <CoreInst = "Adder">   --->   Core 1 'Adder' <Latency = 0> <II = 1> <Delay = 1.44> <FuncUnit> <Opcode : 'add' 'sub'> <InPorts = 2> <OutPorts = 1>
ST_4 : Operation 704 [1/1] (0.00ns)   --->   "%sext_ln17_42 = sext i23 %mult_499" [firmware/nnet_utils/nnet_dense_latency.h:17]   --->   Operation 704 'sext' 'sext_ln17_42' <Predicate = true> <Delay = 0.00>
ST_4 : Operation 705 [1/1] (0.00ns)   --->   "%shl_ln73_97 = bitconcatenate i19 @_ssdm_op_BitConcatenate.i19.i16.i3, i16 %a_73, i3 0" [firmware/nnet_utils/nnet_mult.h:73->firmware/nnet_utils/nnet_dense_latency.h:42]   --->   Operation 705 'bitconcatenate' 'shl_ln73_97' <Predicate = true> <Delay = 0.00>
ST_4 : Operation 706 [1/1] (0.00ns)   --->   "%sext_ln73_240 = sext i19 %shl_ln73_97" [firmware/nnet_utils/nnet_mult.h:73->firmware/nnet_utils/nnet_dense_latency.h:42]   --->   Operation 706 'sext' 'sext_ln73_240' <Predicate = true> <Delay = 0.00>
ST_4 : Operation 707 [1/1] (0.00ns) (grouped into TernaryAdder)   --->   "%mult_502 = sub i23 %sext_ln73_238, i23 %sext_ln73_240" [firmware/nnet_utils/nnet_mult.h:73->firmware/nnet_utils/nnet_dense_latency.h:42]   --->   Operation 707 'sub' 'mult_502' <Predicate = true> <Delay = 0.00> <CoreInst = "TAddSub">   --->   Core 10 'TAddSub' <Latency = 0> <II = 1> <Delay = 0.53> <IPBlock> <Opcode : '' 'add' 'sub'> <InPorts = 3> <OutPorts = 1> <Sync> <CReg>
ST_4 : Operation 708 [1/1] (0.00ns)   --->   "%mult_503 = bitconcatenate i17 @_ssdm_op_BitConcatenate.i17.i16.i1, i16 %a_73, i1 0" [firmware/nnet_utils/nnet_mult.h:73->firmware/nnet_utils/nnet_dense_latency.h:42]   --->   Operation 708 'bitconcatenate' 'mult_503' <Predicate = true> <Delay = 0.00>
ST_4 : Operation 709 [1/1] (0.00ns)   --->   "%sext_ln17_43 = sext i17 %mult_503" [firmware/nnet_utils/nnet_dense_latency.h:17]   --->   Operation 709 'sext' 'sext_ln17_43' <Predicate = true> <Delay = 0.00>
ST_4 : Operation 710 [1/1] (0.00ns)   --->   "%sext_ln17_44 = sext i26 %mult_504" [firmware/nnet_utils/nnet_dense_latency.h:17]   --->   Operation 710 'sext' 'sext_ln17_44' <Predicate = true> <Delay = 0.00>
ST_4 : Operation 711 [1/1] (0.00ns)   --->   "%sext_ln17_45 = sext i25 %mult_510" [firmware/nnet_utils/nnet_dense_latency.h:17]   --->   Operation 711 'sext' 'sext_ln17_45' <Predicate = true> <Delay = 0.00>
ST_4 : Operation 712 [1/1] (3.57ns)   --->   "%mult_515 = mul i25 %sext_ln70_164, i25 137" [firmware/nnet_utils/nnet_mult.h:73->firmware/nnet_utils/nnet_dense_latency.h:42]   --->   Operation 712 'mul' 'mult_515' <Predicate = true> <Delay = 3.57> <CoreInst = "Multiplier">   --->   Core 3 'Multiplier' <Latency = 0> <II = 1> <Delay = 3.57> <FuncUnit> <Opcode : 'mul'> <InPorts = 2> <OutPorts = 1>
ST_4 : Operation 713 [1/1] (0.00ns)   --->   "%sext_ln17_49 = sext i23 %mult_524" [firmware/nnet_utils/nnet_dense_latency.h:17]   --->   Operation 713 'sext' 'sext_ln17_49' <Predicate = true> <Delay = 0.00>
ST_4 : Operation 714 [1/1] (0.00ns)   --->   "%sext_ln17_50 = sext i25 %mult_525" [firmware/nnet_utils/nnet_dense_latency.h:17]   --->   Operation 714 'sext' 'sext_ln17_50' <Predicate = true> <Delay = 0.00>
ST_4 : Operation 715 [1/1] (0.00ns)   --->   "%sext_ln17_51 = sext i25 %mult_527" [firmware/nnet_utils/nnet_dense_latency.h:17]   --->   Operation 715 'sext' 'sext_ln17_51' <Predicate = true> <Delay = 0.00>
ST_4 : Operation 716 [1/1] (0.00ns)   --->   "%sext_ln17_54 = sext i21 %mult_537" [firmware/nnet_utils/nnet_dense_latency.h:17]   --->   Operation 716 'sext' 'sext_ln17_54' <Predicate = true> <Delay = 0.00>
ST_4 : Operation 717 [1/1] (0.00ns)   --->   "%sext_ln17_56 = sext i25 %mult_539" [firmware/nnet_utils/nnet_dense_latency.h:17]   --->   Operation 717 'sext' 'sext_ln17_56' <Predicate = true> <Delay = 0.00>
ST_4 : Operation 718 [1/1] (0.00ns)   --->   "%sext_ln17_59 = sext i24 %mult_544" [firmware/nnet_utils/nnet_dense_latency.h:17]   --->   Operation 718 'sext' 'sext_ln17_59' <Predicate = true> <Delay = 0.00>
ST_4 : Operation 719 [1/1] (3.57ns)   --->   "%mult_555 = mul i25 %sext_ln70_179, i25 33554186" [firmware/nnet_utils/nnet_mult.h:73->firmware/nnet_utils/nnet_dense_latency.h:42]   --->   Operation 719 'mul' 'mult_555' <Predicate = true> <Delay = 3.57> <CoreInst = "Multiplier">   --->   Core 3 'Multiplier' <Latency = 0> <II = 1> <Delay = 3.57> <FuncUnit> <Opcode : 'mul'> <InPorts = 2> <OutPorts = 1>
ST_4 : Operation 720 [1/1] (0.00ns)   --->   "%sext_ln17_62 = sext i22 %mult_559" [firmware/nnet_utils/nnet_dense_latency.h:17]   --->   Operation 720 'sext' 'sext_ln17_62' <Predicate = true> <Delay = 0.00>
ST_4 : Operation 721 [1/1] (3.57ns)   --->   "%mult_560 = mul i25 %sext_ln70_179, i25 193" [firmware/nnet_utils/nnet_mult.h:73->firmware/nnet_utils/nnet_dense_latency.h:42]   --->   Operation 721 'mul' 'mult_560' <Predicate = true> <Delay = 3.57> <CoreInst = "Multiplier">   --->   Core 3 'Multiplier' <Latency = 0> <II = 1> <Delay = 3.57> <FuncUnit> <Opcode : 'mul'> <InPorts = 2> <OutPorts = 1>
ST_4 : Operation 722 [1/1] (0.00ns)   --->   "%sext_ln17_64 = sext i24 %mult_564" [firmware/nnet_utils/nnet_dense_latency.h:17]   --->   Operation 722 'sext' 'sext_ln17_64' <Predicate = true> <Delay = 0.00>
ST_4 : Operation 723 [1/1] (0.00ns)   --->   "%shl_ln73_113 = bitconcatenate i22 @_ssdm_op_BitConcatenate.i22.i16.i6, i16 %a_80, i6 0" [firmware/nnet_utils/nnet_mult.h:73->firmware/nnet_utils/nnet_dense_latency.h:42]   --->   Operation 723 'bitconcatenate' 'shl_ln73_113' <Predicate = true> <Delay = 0.00>
ST_4 : Operation 724 [1/1] (0.00ns)   --->   "%sext_ln73_258 = sext i22 %shl_ln73_113" [firmware/nnet_utils/nnet_mult.h:73->firmware/nnet_utils/nnet_dense_latency.h:42]   --->   Operation 724 'sext' 'sext_ln73_258' <Predicate = true> <Delay = 0.00>
ST_4 : Operation 725 [1/1] (0.00ns) (grouped into TernaryAdder)   --->   "%sub_ln73_57 = sub i23 0, i23 %sext_ln73_258" [firmware/nnet_utils/nnet_mult.h:73->firmware/nnet_utils/nnet_dense_latency.h:42]   --->   Operation 725 'sub' 'sub_ln73_57' <Predicate = true> <Delay = 0.00> <CoreInst = "TAddSub">   --->   Core 10 'TAddSub' <Latency = 0> <II = 1> <Delay = 0.53> <IPBlock> <Opcode : '' 'add' 'sub'> <InPorts = 3> <OutPorts = 1> <Sync> <CReg>
ST_4 : Operation 726 [1/1] (0.00ns)   --->   "%shl_ln73_114 = bitconcatenate i17 @_ssdm_op_BitConcatenate.i17.i16.i1, i16 %a_80, i1 0" [firmware/nnet_utils/nnet_mult.h:73->firmware/nnet_utils/nnet_dense_latency.h:42]   --->   Operation 726 'bitconcatenate' 'shl_ln73_114' <Predicate = true> <Delay = 0.00>
ST_4 : Operation 727 [1/1] (0.00ns)   --->   "%sext_ln73_259 = sext i17 %shl_ln73_114" [firmware/nnet_utils/nnet_mult.h:73->firmware/nnet_utils/nnet_dense_latency.h:42]   --->   Operation 727 'sext' 'sext_ln73_259' <Predicate = true> <Delay = 0.00>
ST_4 : Operation 728 [1/1] (1.03ns) (root node of TernaryAdder)   --->   "%mult_565 = sub i23 %sub_ln73_57, i23 %sext_ln73_259" [firmware/nnet_utils/nnet_mult.h:73->firmware/nnet_utils/nnet_dense_latency.h:42]   --->   Operation 728 'sub' 'mult_565' <Predicate = true> <Delay = 1.03> <CoreInst = "TAddSub">   --->   Core 10 'TAddSub' <Latency = 0> <II = 1> <Delay = 0.53> <IPBlock> <Opcode : '' 'add' 'sub'> <InPorts = 3> <OutPorts = 1> <Sync> <CReg>
ST_4 : Operation 729 [1/1] (0.00ns)   --->   "%sext_ln17_65 = sext i23 %mult_565" [firmware/nnet_utils/nnet_dense_latency.h:17]   --->   Operation 729 'sext' 'sext_ln17_65' <Predicate = true> <Delay = 0.00>
ST_4 : Operation 730 [1/1] (0.00ns)   --->   "%shl_ln73_115 = bitconcatenate i20 @_ssdm_op_BitConcatenate.i20.i16.i4, i16 %a_80, i4 0" [firmware/nnet_utils/nnet_mult.h:73->firmware/nnet_utils/nnet_dense_latency.h:42]   --->   Operation 730 'bitconcatenate' 'shl_ln73_115' <Predicate = true> <Delay = 0.00>
ST_4 : Operation 731 [1/1] (0.00ns)   --->   "%sext_ln17_66 = sext i24 %mult_569" [firmware/nnet_utils/nnet_dense_latency.h:17]   --->   Operation 731 'sext' 'sext_ln17_66' <Predicate = true> <Delay = 0.00>
ST_4 : Operation 732 [1/1] (0.00ns)   --->   "%sext_ln70_182 = sext i16 %a_81" [firmware/nnet_utils/nnet_mult.h:70->firmware/nnet_utils/nnet_dense_latency.h:42]   --->   Operation 732 'sext' 'sext_ln70_182' <Predicate = true> <Delay = 0.00>
ST_4 : Operation 733 [1/1] (0.00ns)   --->   "%shl_ln73_116 = bitconcatenate i24 @_ssdm_op_BitConcatenate.i24.i16.i8, i16 %a_81, i8 0" [firmware/nnet_utils/nnet_mult.h:73->firmware/nnet_utils/nnet_dense_latency.h:42]   --->   Operation 733 'bitconcatenate' 'shl_ln73_116' <Predicate = true> <Delay = 0.00>
ST_4 : Operation 734 [1/1] (0.00ns)   --->   "%sext_ln73_261 = sext i24 %shl_ln73_116" [firmware/nnet_utils/nnet_mult.h:73->firmware/nnet_utils/nnet_dense_latency.h:42]   --->   Operation 734 'sext' 'sext_ln73_261' <Predicate = true> <Delay = 0.00>
ST_4 : Operation 735 [1/1] (0.00ns)   --->   "%shl_ln73_117 = bitconcatenate i20 @_ssdm_op_BitConcatenate.i20.i16.i4, i16 %a_81, i4 0" [firmware/nnet_utils/nnet_mult.h:73->firmware/nnet_utils/nnet_dense_latency.h:42]   --->   Operation 735 'bitconcatenate' 'shl_ln73_117' <Predicate = true> <Delay = 0.00>
ST_4 : Operation 736 [1/1] (0.00ns)   --->   "%sext_ln73_262 = sext i20 %shl_ln73_117" [firmware/nnet_utils/nnet_mult.h:73->firmware/nnet_utils/nnet_dense_latency.h:42]   --->   Operation 736 'sext' 'sext_ln73_262' <Predicate = true> <Delay = 0.00>
ST_4 : Operation 737 [1/1] (0.00ns)   --->   "%sext_ln73_263 = sext i20 %shl_ln73_117" [firmware/nnet_utils/nnet_mult.h:73->firmware/nnet_utils/nnet_dense_latency.h:42]   --->   Operation 737 'sext' 'sext_ln73_263' <Predicate = true> <Delay = 0.00>
ST_4 : Operation 738 [1/1] (0.00ns) (grouped into TernaryAdder)   --->   "%mult_570 = sub i25 %sext_ln73_263, i25 %sext_ln73_261" [firmware/nnet_utils/nnet_mult.h:73->firmware/nnet_utils/nnet_dense_latency.h:42]   --->   Operation 738 'sub' 'mult_570' <Predicate = true> <Delay = 0.00> <CoreInst = "TAddSub">   --->   Core 10 'TAddSub' <Latency = 0> <II = 1> <Delay = 0.53> <IPBlock> <Opcode : '' 'add' 'sub'> <InPorts = 3> <OutPorts = 1> <Sync> <CReg>
ST_4 : Operation 739 [1/1] (0.00ns)   --->   "%shl_ln73_118 = bitconcatenate i22 @_ssdm_op_BitConcatenate.i22.i16.i6, i16 %a_81, i6 0" [firmware/nnet_utils/nnet_mult.h:73->firmware/nnet_utils/nnet_dense_latency.h:42]   --->   Operation 739 'bitconcatenate' 'shl_ln73_118' <Predicate = true> <Delay = 0.00>
ST_4 : Operation 740 [1/1] (0.00ns)   --->   "%sext_ln73_264 = sext i22 %shl_ln73_118" [firmware/nnet_utils/nnet_mult.h:73->firmware/nnet_utils/nnet_dense_latency.h:42]   --->   Operation 740 'sext' 'sext_ln73_264' <Predicate = true> <Delay = 0.00>
ST_4 : Operation 741 [1/1] (0.00ns) (grouped into TernaryAdder)   --->   "%mult_571 = sub i23 %sext_ln73_262, i23 %sext_ln73_264" [firmware/nnet_utils/nnet_mult.h:73->firmware/nnet_utils/nnet_dense_latency.h:42]   --->   Operation 741 'sub' 'mult_571' <Predicate = true> <Delay = 0.00> <CoreInst = "TAddSub">   --->   Core 10 'TAddSub' <Latency = 0> <II = 1> <Delay = 0.53> <IPBlock> <Opcode : '' 'add' 'sub'> <InPorts = 3> <OutPorts = 1> <Sync> <CReg>
ST_4 : Operation 742 [1/1] (3.57ns)   --->   "%mult_574 = mul i25 %sext_ln70_182, i25 33554283" [firmware/nnet_utils/nnet_mult.h:73->firmware/nnet_utils/nnet_dense_latency.h:42]   --->   Operation 742 'mul' 'mult_574' <Predicate = true> <Delay = 3.57> <CoreInst = "Multiplier">   --->   Core 3 'Multiplier' <Latency = 0> <II = 1> <Delay = 3.57> <FuncUnit> <Opcode : 'mul'> <InPorts = 2> <OutPorts = 1>
ST_4 : Operation 743 [1/1] (3.57ns)   --->   "%mult_577 = mul i25 %sext_ln70_182, i25 33554181" [firmware/nnet_utils/nnet_mult.h:73->firmware/nnet_utils/nnet_dense_latency.h:42]   --->   Operation 743 'mul' 'mult_577' <Predicate = true> <Delay = 3.57> <CoreInst = "Multiplier">   --->   Core 3 'Multiplier' <Latency = 0> <II = 1> <Delay = 3.57> <FuncUnit> <Opcode : 'mul'> <InPorts = 2> <OutPorts = 1>
ST_4 : Operation 744 [1/1] (1.44ns)   --->   "%mult_578 = add i23 %sext_ln73_264, i23 %sext_ln73_262" [firmware/nnet_utils/nnet_mult.h:73->firmware/nnet_utils/nnet_dense_latency.h:42]   --->   Operation 744 'add' 'mult_578' <Predicate = true> <Delay = 1.44> <CoreInst = "Adder">   --->   Core 1 'Adder' <Latency = 0> <II = 1> <Delay = 1.44> <FuncUnit> <Opcode : 'add' 'sub'> <InPorts = 2> <OutPorts = 1>
ST_4 : Operation 745 [1/1] (0.00ns)   --->   "%sext_ln17_68 = sext i23 %mult_578" [firmware/nnet_utils/nnet_dense_latency.h:17]   --->   Operation 745 'sext' 'sext_ln17_68' <Predicate = true> <Delay = 0.00>
ST_4 : Operation 746 [1/1] (3.57ns)   --->   "%mult_583 = mul i24 %sext_ln70_186, i24 16777141" [firmware/nnet_utils/nnet_mult.h:73->firmware/nnet_utils/nnet_dense_latency.h:42]   --->   Operation 746 'mul' 'mult_583' <Predicate = true> <Delay = 3.57> <CoreInst = "Multiplier">   --->   Core 3 'Multiplier' <Latency = 0> <II = 1> <Delay = 3.57> <FuncUnit> <Opcode : 'mul'> <InPorts = 2> <OutPorts = 1>
ST_4 : Operation 747 [1/1] (3.57ns)   --->   "%mult_584 = mul i26 %sext_ln17_69, i26 67108594" [firmware/nnet_utils/nnet_mult.h:73->firmware/nnet_utils/nnet_dense_latency.h:42]   --->   Operation 747 'mul' 'mult_584' <Predicate = true> <Delay = 3.57> <CoreInst = "Multiplier">   --->   Core 3 'Multiplier' <Latency = 0> <II = 1> <Delay = 3.57> <FuncUnit> <Opcode : 'mul'> <InPorts = 2> <OutPorts = 1>
ST_4 : Operation 748 [1/1] (3.57ns)   --->   "%mult_586 = mul i24 %sext_ln70_186, i24 16777131" [firmware/nnet_utils/nnet_mult.h:73->firmware/nnet_utils/nnet_dense_latency.h:42]   --->   Operation 748 'mul' 'mult_586' <Predicate = true> <Delay = 3.57> <CoreInst = "Multiplier">   --->   Core 3 'Multiplier' <Latency = 0> <II = 1> <Delay = 3.57> <FuncUnit> <Opcode : 'mul'> <InPorts = 2> <OutPorts = 1>
ST_4 : Operation 749 [1/1] (3.57ns)   --->   "%mult_587 = mul i26 %sext_ln17_69, i26 289" [firmware/nnet_utils/nnet_mult.h:73->firmware/nnet_utils/nnet_dense_latency.h:42]   --->   Operation 749 'mul' 'mult_587' <Predicate = true> <Delay = 3.57> <CoreInst = "Multiplier">   --->   Core 3 'Multiplier' <Latency = 0> <II = 1> <Delay = 3.57> <FuncUnit> <Opcode : 'mul'> <InPorts = 2> <OutPorts = 1>
ST_4 : Operation 750 [1/1] (0.00ns)   --->   "%sext_ln17_71 = sext i16 %a_83" [firmware/nnet_utils/nnet_dense_latency.h:17]   --->   Operation 750 'sext' 'sext_ln17_71' <Predicate = true> <Delay = 0.00>
ST_4 : Operation 751 [1/1] (0.00ns)   --->   "%sext_ln70_189 = sext i16 %a_83" [firmware/nnet_utils/nnet_mult.h:70->firmware/nnet_utils/nnet_dense_latency.h:42]   --->   Operation 751 'sext' 'sext_ln70_189' <Predicate = true> <Delay = 0.00>
ST_4 : Operation 752 [1/1] (0.00ns)   --->   "%shl_ln73_121 = bitconcatenate i22 @_ssdm_op_BitConcatenate.i22.i16.i6, i16 %a_83, i6 0" [firmware/nnet_utils/nnet_mult.h:73->firmware/nnet_utils/nnet_dense_latency.h:42]   --->   Operation 752 'bitconcatenate' 'shl_ln73_121' <Predicate = true> <Delay = 0.00>
ST_4 : Operation 753 [1/1] (0.00ns)   --->   "%sext_ln73_267 = sext i22 %shl_ln73_121" [firmware/nnet_utils/nnet_mult.h:73->firmware/nnet_utils/nnet_dense_latency.h:42]   --->   Operation 753 'sext' 'sext_ln73_267' <Predicate = true> <Delay = 0.00>
ST_4 : Operation 754 [1/1] (0.00ns)   --->   "%shl_ln73_122 = bitconcatenate i17 @_ssdm_op_BitConcatenate.i17.i16.i1, i16 %a_83, i1 0" [firmware/nnet_utils/nnet_mult.h:73->firmware/nnet_utils/nnet_dense_latency.h:42]   --->   Operation 754 'bitconcatenate' 'shl_ln73_122' <Predicate = true> <Delay = 0.00>
ST_4 : Operation 755 [1/1] (0.00ns)   --->   "%sext_ln73_268 = sext i17 %shl_ln73_122" [firmware/nnet_utils/nnet_mult.h:73->firmware/nnet_utils/nnet_dense_latency.h:42]   --->   Operation 755 'sext' 'sext_ln73_268' <Predicate = true> <Delay = 0.00>
ST_4 : Operation 756 [1/1] (1.44ns)   --->   "%mult_592 = add i23 %sext_ln73_267, i23 %sext_ln73_268" [firmware/nnet_utils/nnet_mult.h:73->firmware/nnet_utils/nnet_dense_latency.h:42]   --->   Operation 756 'add' 'mult_592' <Predicate = true> <Delay = 1.44> <CoreInst = "Adder">   --->   Core 1 'Adder' <Latency = 0> <II = 1> <Delay = 1.44> <FuncUnit> <Opcode : 'add' 'sub'> <InPorts = 2> <OutPorts = 1>
ST_4 : Operation 757 [1/1] (0.00ns)   --->   "%sext_ln17_72 = sext i23 %mult_592" [firmware/nnet_utils/nnet_dense_latency.h:17]   --->   Operation 757 'sext' 'sext_ln17_72' <Predicate = true> <Delay = 0.00>
ST_4 : Operation 758 [1/1] (3.57ns)   --->   "%mult_593 = mul i25 %sext_ln70_189, i25 189" [firmware/nnet_utils/nnet_mult.h:73->firmware/nnet_utils/nnet_dense_latency.h:42]   --->   Operation 758 'mul' 'mult_593' <Predicate = true> <Delay = 3.57> <CoreInst = "Multiplier">   --->   Core 3 'Multiplier' <Latency = 0> <II = 1> <Delay = 3.57> <FuncUnit> <Opcode : 'mul'> <InPorts = 2> <OutPorts = 1>
ST_4 : Operation 759 [1/1] (0.00ns)   --->   "%sext_ln17_73 = sext i22 %mult_596" [firmware/nnet_utils/nnet_dense_latency.h:17]   --->   Operation 759 'sext' 'sext_ln17_73' <Predicate = true> <Delay = 0.00>
ST_4 : Operation 760 [1/1] (3.57ns)   --->   "%mul_ln17_21 = mul i26 %sext_ln17_71, i26 67108316" [firmware/nnet_utils/nnet_dense_latency.h:17]   --->   Operation 760 'mul' 'mul_ln17_21' <Predicate = true> <Delay = 3.57> <CoreInst = "Multiplier">   --->   Core 3 'Multiplier' <Latency = 0> <II = 1> <Delay = 3.57> <FuncUnit> <Opcode : 'mul'> <InPorts = 2> <OutPorts = 1>
ST_4 : Operation 761 [1/1] (3.57ns)   --->   "%mult_597 = mul i25 %sext_ln70_189, i25 33554261" [firmware/nnet_utils/nnet_mult.h:73->firmware/nnet_utils/nnet_dense_latency.h:42]   --->   Operation 761 'mul' 'mult_597' <Predicate = true> <Delay = 3.57> <CoreInst = "Multiplier">   --->   Core 3 'Multiplier' <Latency = 0> <II = 1> <Delay = 3.57> <FuncUnit> <Opcode : 'mul'> <InPorts = 2> <OutPorts = 1>
ST_4 : Operation 762 [1/1] (0.00ns)   --->   "%sext_ln70_193 = sext i16 %a_84" [firmware/nnet_utils/nnet_mult.h:70->firmware/nnet_utils/nnet_dense_latency.h:42]   --->   Operation 762 'sext' 'sext_ln70_193' <Predicate = true> <Delay = 0.00>
ST_4 : Operation 763 [1/1] (0.00ns)   --->   "%sext_ln70_194 = sext i16 %a_84" [firmware/nnet_utils/nnet_mult.h:70->firmware/nnet_utils/nnet_dense_latency.h:42]   --->   Operation 763 'sext' 'sext_ln70_194' <Predicate = true> <Delay = 0.00>
ST_4 : Operation 764 [1/1] (0.00ns)   --->   "%shl_ln73_123 = bitconcatenate i24 @_ssdm_op_BitConcatenate.i24.i16.i8, i16 %a_84, i8 0" [firmware/nnet_utils/nnet_mult.h:73->firmware/nnet_utils/nnet_dense_latency.h:42]   --->   Operation 764 'bitconcatenate' 'shl_ln73_123' <Predicate = true> <Delay = 0.00>
ST_4 : Operation 765 [1/1] (0.00ns)   --->   "%sext_ln73_269 = sext i24 %shl_ln73_123" [firmware/nnet_utils/nnet_mult.h:73->firmware/nnet_utils/nnet_dense_latency.h:42]   --->   Operation 765 'sext' 'sext_ln73_269' <Predicate = true> <Delay = 0.00>
ST_4 : Operation 766 [1/1] (0.00ns)   --->   "%shl_ln73_124 = bitconcatenate i19 @_ssdm_op_BitConcatenate.i19.i16.i3, i16 %a_84, i3 0" [firmware/nnet_utils/nnet_mult.h:73->firmware/nnet_utils/nnet_dense_latency.h:42]   --->   Operation 766 'bitconcatenate' 'shl_ln73_124' <Predicate = true> <Delay = 0.00>
ST_4 : Operation 767 [1/1] (0.00ns)   --->   "%sext_ln73_270 = sext i19 %shl_ln73_124" [firmware/nnet_utils/nnet_mult.h:73->firmware/nnet_utils/nnet_dense_latency.h:42]   --->   Operation 767 'sext' 'sext_ln73_270' <Predicate = true> <Delay = 0.00>
ST_4 : Operation 768 [1/1] (0.00ns)   --->   "%sext_ln73_271 = sext i19 %shl_ln73_124" [firmware/nnet_utils/nnet_mult.h:73->firmware/nnet_utils/nnet_dense_latency.h:42]   --->   Operation 768 'sext' 'sext_ln73_271' <Predicate = true> <Delay = 0.00>
ST_4 : Operation 769 [1/1] (0.00ns) (grouped into TernaryAdder)   --->   "%mult_599 = sub i25 %sext_ln73_271, i25 %sext_ln73_269" [firmware/nnet_utils/nnet_mult.h:73->firmware/nnet_utils/nnet_dense_latency.h:42]   --->   Operation 769 'sub' 'mult_599' <Predicate = true> <Delay = 0.00> <CoreInst = "TAddSub">   --->   Core 10 'TAddSub' <Latency = 0> <II = 1> <Delay = 0.53> <IPBlock> <Opcode : '' 'add' 'sub'> <InPorts = 3> <OutPorts = 1> <Sync> <CReg>
ST_4 : Operation 770 [1/1] (3.57ns)   --->   "%mult_600 = mul i25 %sext_ln70_195, i25 33554282" [firmware/nnet_utils/nnet_mult.h:73->firmware/nnet_utils/nnet_dense_latency.h:42]   --->   Operation 770 'mul' 'mult_600' <Predicate = true> <Delay = 3.57> <CoreInst = "Multiplier">   --->   Core 3 'Multiplier' <Latency = 0> <II = 1> <Delay = 3.57> <FuncUnit> <Opcode : 'mul'> <InPorts = 2> <OutPorts = 1>
ST_4 : Operation 771 [1/1] (3.57ns)   --->   "%mult_601 = mul i25 %sext_ln70_195, i25 33554297" [firmware/nnet_utils/nnet_mult.h:73->firmware/nnet_utils/nnet_dense_latency.h:42]   --->   Operation 771 'mul' 'mult_601' <Predicate = true> <Delay = 3.57> <CoreInst = "Multiplier">   --->   Core 3 'Multiplier' <Latency = 0> <II = 1> <Delay = 3.57> <FuncUnit> <Opcode : 'mul'> <InPorts = 2> <OutPorts = 1>
ST_4 : Operation 772 [1/1] (3.57ns)   --->   "%mult_602 = mul i25 %sext_ln70_195, i25 33554264" [firmware/nnet_utils/nnet_mult.h:73->firmware/nnet_utils/nnet_dense_latency.h:42]   --->   Operation 772 'mul' 'mult_602' <Predicate = true> <Delay = 3.57> <CoreInst = "Multiplier">   --->   Core 3 'Multiplier' <Latency = 0> <II = 1> <Delay = 3.57> <FuncUnit> <Opcode : 'mul'> <InPorts = 2> <OutPorts = 1>
ST_4 : Operation 773 [1/1] (3.57ns)   --->   "%mult_604 = mul i24 %sext_ln70_194, i24 16777142" [firmware/nnet_utils/nnet_mult.h:73->firmware/nnet_utils/nnet_dense_latency.h:42]   --->   Operation 773 'mul' 'mult_604' <Predicate = true> <Delay = 3.57> <CoreInst = "Multiplier">   --->   Core 3 'Multiplier' <Latency = 0> <II = 1> <Delay = 3.57> <FuncUnit> <Opcode : 'mul'> <InPorts = 2> <OutPorts = 1>
ST_4 : Operation 774 [1/1] (3.57ns)   --->   "%mult_605 = mul i25 %sext_ln70_195, i25 176" [firmware/nnet_utils/nnet_mult.h:73->firmware/nnet_utils/nnet_dense_latency.h:42]   --->   Operation 774 'mul' 'mult_605' <Predicate = true> <Delay = 3.57> <CoreInst = "Multiplier">   --->   Core 3 'Multiplier' <Latency = 0> <II = 1> <Delay = 3.57> <FuncUnit> <Opcode : 'mul'> <InPorts = 2> <OutPorts = 1>
ST_4 : Operation 775 [1/1] (1.43ns)   --->   "%mult_606 = sub i20 0, i20 %sext_ln73_270" [firmware/nnet_utils/nnet_mult.h:73->firmware/nnet_utils/nnet_dense_latency.h:42]   --->   Operation 775 'sub' 'mult_606' <Predicate = true> <Delay = 1.43> <CoreInst = "Adder">   --->   Core 1 'Adder' <Latency = 0> <II = 1> <Delay = 1.43> <FuncUnit> <Opcode : 'add' 'sub'> <InPorts = 2> <OutPorts = 1>
ST_4 : Operation 776 [1/1] (0.00ns)   --->   "%sext_ln17_77 = sext i20 %mult_606" [firmware/nnet_utils/nnet_dense_latency.h:17]   --->   Operation 776 'sext' 'sext_ln17_77' <Predicate = true> <Delay = 0.00>
ST_4 : Operation 777 [1/1] (3.57ns)   --->   "%mult_607 = mul i21 %sext_ln70_193, i21 2097139" [firmware/nnet_utils/nnet_mult.h:73->firmware/nnet_utils/nnet_dense_latency.h:42]   --->   Operation 777 'mul' 'mult_607' <Predicate = true> <Delay = 3.57> <CoreInst = "Multiplier">   --->   Core 3 'Multiplier' <Latency = 0> <II = 1> <Delay = 3.57> <FuncUnit> <Opcode : 'mul'> <InPorts = 2> <OutPorts = 1>
ST_4 : Operation 778 [1/1] (3.57ns)   --->   "%mult_610 = mul i24 %sext_ln70_197, i24 100" [firmware/nnet_utils/nnet_mult.h:73->firmware/nnet_utils/nnet_dense_latency.h:42]   --->   Operation 778 'mul' 'mult_610' <Predicate = true> <Delay = 3.57> <CoreInst = "Multiplier">   --->   Core 3 'Multiplier' <Latency = 0> <II = 1> <Delay = 3.57> <FuncUnit> <Opcode : 'mul'> <InPorts = 2> <OutPorts = 1>
ST_4 : Operation 779 [1/1] (3.57ns)   --->   "%mult_617 = mul i24 %sext_ln70_197, i24 16777109" [firmware/nnet_utils/nnet_mult.h:73->firmware/nnet_utils/nnet_dense_latency.h:42]   --->   Operation 779 'mul' 'mult_617' <Predicate = true> <Delay = 3.57> <CoreInst = "Multiplier">   --->   Core 3 'Multiplier' <Latency = 0> <II = 1> <Delay = 3.57> <FuncUnit> <Opcode : 'mul'> <InPorts = 2> <OutPorts = 1>
ST_4 : Operation 780 [1/1] (0.00ns)   --->   "%sext_ln70_201 = sext i16 %a_86" [firmware/nnet_utils/nnet_mult.h:70->firmware/nnet_utils/nnet_dense_latency.h:42]   --->   Operation 780 'sext' 'sext_ln70_201' <Predicate = true> <Delay = 0.00>
ST_4 : Operation 781 [1/1] (0.00ns)   --->   "%sext_ln73_274 = sext i19 %shl_ln73_127" [firmware/nnet_utils/nnet_mult.h:73->firmware/nnet_utils/nnet_dense_latency.h:42]   --->   Operation 781 'sext' 'sext_ln73_274' <Predicate = true> <Delay = 0.00>
ST_4 : Operation 782 [1/1] (0.00ns)   --->   "%sext_ln17_81 = sext i22 %mult_619" [firmware/nnet_utils/nnet_dense_latency.h:17]   --->   Operation 782 'sext' 'sext_ln17_81' <Predicate = true> <Delay = 0.00>
ST_4 : Operation 783 [1/1] (3.57ns)   --->   "%mult_620 = mul i27 %sext_ln70_201, i27 134216883" [firmware/nnet_utils/nnet_mult.h:73->firmware/nnet_utils/nnet_dense_latency.h:42]   --->   Operation 783 'mul' 'mult_620' <Predicate = true> <Delay = 3.57> <CoreInst = "Multiplier">   --->   Core 3 'Multiplier' <Latency = 0> <II = 1> <Delay = 3.57> <FuncUnit> <Opcode : 'mul'> <InPorts = 2> <OutPorts = 1>
ST_4 : Operation 784 [1/1] (0.00ns)   --->   "%shl_ln73_128 = bitconcatenate i24 @_ssdm_op_BitConcatenate.i24.i16.i8, i16 %a_86, i8 0" [firmware/nnet_utils/nnet_mult.h:73->firmware/nnet_utils/nnet_dense_latency.h:42]   --->   Operation 784 'bitconcatenate' 'shl_ln73_128' <Predicate = true> <Delay = 0.00>
ST_4 : Operation 785 [1/1] (0.00ns)   --->   "%sext_ln73_276 = sext i24 %shl_ln73_128" [firmware/nnet_utils/nnet_mult.h:73->firmware/nnet_utils/nnet_dense_latency.h:42]   --->   Operation 785 'sext' 'sext_ln73_276' <Predicate = true> <Delay = 0.00>
ST_4 : Operation 786 [1/1] (0.00ns) (grouped into TernaryAdder)   --->   "%mult_626 = sub i25 %sext_ln73_276, i25 %sext_ln73_274" [firmware/nnet_utils/nnet_mult.h:73->firmware/nnet_utils/nnet_dense_latency.h:42]   --->   Operation 786 'sub' 'mult_626' <Predicate = true> <Delay = 0.00> <CoreInst = "TAddSub">   --->   Core 10 'TAddSub' <Latency = 0> <II = 1> <Delay = 0.53> <IPBlock> <Opcode : '' 'add' 'sub'> <InPorts = 3> <OutPorts = 1> <Sync> <CReg>
ST_4 : Operation 787 [1/1] (0.00ns)   --->   "%mult_631 = bitconcatenate i20 @_ssdm_op_BitConcatenate.i20.i16.i4, i16 %a_87, i4 0" [firmware/nnet_utils/nnet_mult.h:73->firmware/nnet_utils/nnet_dense_latency.h:42]   --->   Operation 787 'bitconcatenate' 'mult_631' <Predicate = true> <Delay = 0.00>
ST_4 : Operation 788 [1/1] (0.00ns)   --->   "%sext_ln42_1 = sext i20 %mult_631" [firmware/nnet_utils/nnet_dense_latency.h:42]   --->   Operation 788 'sext' 'sext_ln42_1' <Predicate = true> <Delay = 0.00>
ST_4 : Operation 789 [1/1] (0.00ns)   --->   "%sext_ln42_2 = sext i20 %mult_631" [firmware/nnet_utils/nnet_dense_latency.h:42]   --->   Operation 789 'sext' 'sext_ln42_2' <Predicate = true> <Delay = 0.00>
ST_4 : Operation 790 [1/1] (3.57ns)   --->   "%mul_ln17_22 = mul i25 %sext_ln17_82, i25 33554161" [firmware/nnet_utils/nnet_dense_latency.h:17]   --->   Operation 790 'mul' 'mul_ln17_22' <Predicate = true> <Delay = 3.57> <CoreInst = "Multiplier">   --->   Core 3 'Multiplier' <Latency = 0> <II = 1> <Delay = 3.57> <FuncUnit> <Opcode : 'mul'> <InPorts = 2> <OutPorts = 1>
ST_4 : Operation 791 [1/1] (0.00ns)   --->   "%shl_ln73_132 = bitconcatenate i23 @_ssdm_op_BitConcatenate.i23.i16.i7, i16 %a_87, i7 0" [firmware/nnet_utils/nnet_mult.h:73->firmware/nnet_utils/nnet_dense_latency.h:42]   --->   Operation 791 'bitconcatenate' 'shl_ln73_132' <Predicate = true> <Delay = 0.00>
ST_4 : Operation 792 [1/1] (0.00ns)   --->   "%sext_ln73_279 = sext i23 %shl_ln73_132" [firmware/nnet_utils/nnet_mult.h:73->firmware/nnet_utils/nnet_dense_latency.h:42]   --->   Operation 792 'sext' 'sext_ln73_279' <Predicate = true> <Delay = 0.00>
ST_4 : Operation 793 [1/1] (1.44ns)   --->   "%sub_ln73_71 = sub i24 0, i24 %sext_ln73_279" [firmware/nnet_utils/nnet_mult.h:73->firmware/nnet_utils/nnet_dense_latency.h:42]   --->   Operation 793 'sub' 'sub_ln73_71' <Predicate = true> <Delay = 1.44> <CoreInst = "Adder">   --->   Core 1 'Adder' <Latency = 0> <II = 1> <Delay = 1.44> <FuncUnit> <Opcode : 'add' 'sub'> <InPorts = 2> <OutPorts = 1>
ST_4 : Operation 794 [1/1] (0.00ns) (grouped into TernaryAdder)   --->   "%mult_632 = sub i24 %sub_ln73_71, i24 %sext_ln42_2" [firmware/nnet_utils/nnet_mult.h:73->firmware/nnet_utils/nnet_dense_latency.h:42]   --->   Operation 794 'sub' 'mult_632' <Predicate = true> <Delay = 0.00> <CoreInst = "TAddSub">   --->   Core 10 'TAddSub' <Latency = 0> <II = 1> <Delay = 0.53> <IPBlock> <Opcode : '' 'add' 'sub'> <InPorts = 3> <OutPorts = 1> <Sync> <CReg>
ST_4 : Operation 795 [1/1] (3.57ns)   --->   "%mult_633 = mul i25 %sext_ln17_82, i25 173" [firmware/nnet_utils/nnet_mult.h:73->firmware/nnet_utils/nnet_dense_latency.h:42]   --->   Operation 795 'mul' 'mult_633' <Predicate = true> <Delay = 3.57> <CoreInst = "Multiplier">   --->   Core 3 'Multiplier' <Latency = 0> <II = 1> <Delay = 3.57> <FuncUnit> <Opcode : 'mul'> <InPorts = 2> <OutPorts = 1>
ST_4 : Operation 796 [1/1] (0.00ns)   --->   "%shl_ln73_133 = bitconcatenate i17 @_ssdm_op_BitConcatenate.i17.i16.i1, i16 %a_87, i1 0" [firmware/nnet_utils/nnet_mult.h:73->firmware/nnet_utils/nnet_dense_latency.h:42]   --->   Operation 796 'bitconcatenate' 'shl_ln73_133' <Predicate = true> <Delay = 0.00>
ST_4 : Operation 797 [1/1] (0.00ns)   --->   "%sext_ln73_280 = sext i17 %shl_ln73_133" [firmware/nnet_utils/nnet_mult.h:73->firmware/nnet_utils/nnet_dense_latency.h:42]   --->   Operation 797 'sext' 'sext_ln73_280' <Predicate = true> <Delay = 0.00>
ST_4 : Operation 798 [1/1] (0.00ns)   --->   "%sext_ln73_281 = sext i17 %shl_ln73_133" [firmware/nnet_utils/nnet_mult.h:73->firmware/nnet_utils/nnet_dense_latency.h:42]   --->   Operation 798 'sext' 'sext_ln73_281' <Predicate = true> <Delay = 0.00>
ST_4 : Operation 799 [1/1] (1.43ns)   --->   "%mult_634 = sub i21 %sext_ln73_281, i21 %sext_ln42_1" [firmware/nnet_utils/nnet_mult.h:73->firmware/nnet_utils/nnet_dense_latency.h:42]   --->   Operation 799 'sub' 'mult_634' <Predicate = true> <Delay = 1.43> <CoreInst = "Adder">   --->   Core 1 'Adder' <Latency = 0> <II = 1> <Delay = 1.43> <FuncUnit> <Opcode : 'add' 'sub'> <InPorts = 2> <OutPorts = 1>
ST_4 : Operation 800 [1/1] (0.00ns)   --->   "%sext_ln17_84 = sext i21 %mult_634" [firmware/nnet_utils/nnet_dense_latency.h:17]   --->   Operation 800 'sext' 'sext_ln17_84' <Predicate = true> <Delay = 0.00>
ST_4 : Operation 801 [1/1] (0.00ns)   --->   "%shl_ln73_134 = bitconcatenate i22 @_ssdm_op_BitConcatenate.i22.i16.i6, i16 %a_87, i6 0" [firmware/nnet_utils/nnet_mult.h:73->firmware/nnet_utils/nnet_dense_latency.h:42]   --->   Operation 801 'bitconcatenate' 'shl_ln73_134' <Predicate = true> <Delay = 0.00>
ST_4 : Operation 802 [1/1] (0.00ns)   --->   "%sext_ln73_282 = sext i22 %shl_ln73_134" [firmware/nnet_utils/nnet_mult.h:73->firmware/nnet_utils/nnet_dense_latency.h:42]   --->   Operation 802 'sext' 'sext_ln73_282' <Predicate = true> <Delay = 0.00>
ST_4 : Operation 803 [1/1] (0.00ns) (grouped into TernaryAdder)   --->   "%mult_635 = sub i23 %sext_ln73_282, i23 %sext_ln73_280" [firmware/nnet_utils/nnet_mult.h:73->firmware/nnet_utils/nnet_dense_latency.h:42]   --->   Operation 803 'sub' 'mult_635' <Predicate = true> <Delay = 0.00> <CoreInst = "TAddSub">   --->   Core 10 'TAddSub' <Latency = 0> <II = 1> <Delay = 0.53> <IPBlock> <Opcode : '' 'add' 'sub'> <InPorts = 3> <OutPorts = 1> <Sync> <CReg>
ST_4 : Operation 804 [1/1] (3.57ns)   --->   "%mult_636 = mul i25 %sext_ln17_82, i25 33554299" [firmware/nnet_utils/nnet_mult.h:73->firmware/nnet_utils/nnet_dense_latency.h:42]   --->   Operation 804 'mul' 'mult_636' <Predicate = true> <Delay = 3.57> <CoreInst = "Multiplier">   --->   Core 3 'Multiplier' <Latency = 0> <II = 1> <Delay = 3.57> <FuncUnit> <Opcode : 'mul'> <InPorts = 2> <OutPorts = 1>
ST_4 : Operation 805 [1/1] (0.00ns)   --->   "%sext_ln70_205 = sext i16 %a_88" [firmware/nnet_utils/nnet_mult.h:70->firmware/nnet_utils/nnet_dense_latency.h:42]   --->   Operation 805 'sext' 'sext_ln70_205' <Predicate = true> <Delay = 0.00>
ST_4 : Operation 806 [1/1] (3.57ns)   --->   "%mult_640 = mul i25 %sext_ln70_205, i25 33554270" [firmware/nnet_utils/nnet_mult.h:73->firmware/nnet_utils/nnet_dense_latency.h:42]   --->   Operation 806 'mul' 'mult_640' <Predicate = true> <Delay = 3.57> <CoreInst = "Multiplier">   --->   Core 3 'Multiplier' <Latency = 0> <II = 1> <Delay = 3.57> <FuncUnit> <Opcode : 'mul'> <InPorts = 2> <OutPorts = 1>
ST_4 : Operation 807 [1/1] (3.57ns)   --->   "%mult_641 = mul i24 %sext_ln70_206, i24 67" [firmware/nnet_utils/nnet_mult.h:73->firmware/nnet_utils/nnet_dense_latency.h:42]   --->   Operation 807 'mul' 'mult_641' <Predicate = true> <Delay = 3.57> <CoreInst = "Multiplier">   --->   Core 3 'Multiplier' <Latency = 0> <II = 1> <Delay = 3.57> <FuncUnit> <Opcode : 'mul'> <InPorts = 2> <OutPorts = 1>
ST_4 : Operation 808 [1/1] (0.00ns)   --->   "%shl_ln73_137 = bitconcatenate i20 @_ssdm_op_BitConcatenate.i20.i16.i4, i16 %a_88, i4 0" [firmware/nnet_utils/nnet_mult.h:73->firmware/nnet_utils/nnet_dense_latency.h:42]   --->   Operation 808 'bitconcatenate' 'shl_ln73_137' <Predicate = true> <Delay = 0.00>
ST_4 : Operation 809 [1/1] (0.00ns)   --->   "%sext_ln73_285 = sext i20 %shl_ln73_137" [firmware/nnet_utils/nnet_mult.h:73->firmware/nnet_utils/nnet_dense_latency.h:42]   --->   Operation 809 'sext' 'sext_ln73_285' <Predicate = true> <Delay = 0.00>
ST_4 : Operation 810 [1/1] (0.00ns)   --->   "%shl_ln73_138 = bitconcatenate i17 @_ssdm_op_BitConcatenate.i17.i16.i1, i16 %a_88, i1 0" [firmware/nnet_utils/nnet_mult.h:73->firmware/nnet_utils/nnet_dense_latency.h:42]   --->   Operation 810 'bitconcatenate' 'shl_ln73_138' <Predicate = true> <Delay = 0.00>
ST_4 : Operation 811 [1/1] (0.00ns)   --->   "%sext_ln73_286 = sext i17 %shl_ln73_138" [firmware/nnet_utils/nnet_mult.h:73->firmware/nnet_utils/nnet_dense_latency.h:42]   --->   Operation 811 'sext' 'sext_ln73_286' <Predicate = true> <Delay = 0.00>
ST_4 : Operation 812 [1/1] (1.43ns)   --->   "%mult_643 = sub i21 %sext_ln73_285, i21 %sext_ln73_286" [firmware/nnet_utils/nnet_mult.h:73->firmware/nnet_utils/nnet_dense_latency.h:42]   --->   Operation 812 'sub' 'mult_643' <Predicate = true> <Delay = 1.43> <CoreInst = "Adder">   --->   Core 1 'Adder' <Latency = 0> <II = 1> <Delay = 1.43> <FuncUnit> <Opcode : 'add' 'sub'> <InPorts = 2> <OutPorts = 1>
ST_4 : Operation 813 [1/1] (0.00ns)   --->   "%sext_ln17_85 = sext i21 %mult_643" [firmware/nnet_utils/nnet_dense_latency.h:17]   --->   Operation 813 'sext' 'sext_ln17_85' <Predicate = true> <Delay = 0.00>
ST_4 : Operation 814 [1/1] (3.57ns)   --->   "%mult_644 = mul i24 %sext_ln70_206, i24 94" [firmware/nnet_utils/nnet_mult.h:73->firmware/nnet_utils/nnet_dense_latency.h:42]   --->   Operation 814 'mul' 'mult_644' <Predicate = true> <Delay = 3.57> <CoreInst = "Multiplier">   --->   Core 3 'Multiplier' <Latency = 0> <II = 1> <Delay = 3.57> <FuncUnit> <Opcode : 'mul'> <InPorts = 2> <OutPorts = 1>
ST_4 : Operation 815 [1/1] (3.57ns)   --->   "%mult_645 = mul i25 %sext_ln70_205, i25 33554278" [firmware/nnet_utils/nnet_mult.h:73->firmware/nnet_utils/nnet_dense_latency.h:42]   --->   Operation 815 'mul' 'mult_645' <Predicate = true> <Delay = 3.57> <CoreInst = "Multiplier">   --->   Core 3 'Multiplier' <Latency = 0> <II = 1> <Delay = 3.57> <FuncUnit> <Opcode : 'mul'> <InPorts = 2> <OutPorts = 1>
ST_4 : Operation 816 [1/1] (3.57ns)   --->   "%mult_646 = mul i25 %sext_ln70_205, i25 137" [firmware/nnet_utils/nnet_mult.h:73->firmware/nnet_utils/nnet_dense_latency.h:42]   --->   Operation 816 'mul' 'mult_646' <Predicate = true> <Delay = 3.57> <CoreInst = "Multiplier">   --->   Core 3 'Multiplier' <Latency = 0> <II = 1> <Delay = 3.57> <FuncUnit> <Opcode : 'mul'> <InPorts = 2> <OutPorts = 1>
ST_4 : Operation 817 [1/1] (0.00ns)   --->   "%sext_ln70_208 = sext i16 %a_89" [firmware/nnet_utils/nnet_mult.h:70->firmware/nnet_utils/nnet_dense_latency.h:42]   --->   Operation 817 'sext' 'sext_ln70_208' <Predicate = true> <Delay = 0.00>
ST_4 : Operation 818 [1/1] (0.00ns)   --->   "%mult_648 = bitconcatenate i23 @_ssdm_op_BitConcatenate.i23.i16.i7, i16 %a_89, i7 0" [firmware/nnet_utils/nnet_mult.h:73->firmware/nnet_utils/nnet_dense_latency.h:42]   --->   Operation 818 'bitconcatenate' 'mult_648' <Predicate = true> <Delay = 0.00>
ST_4 : Operation 819 [1/1] (0.00ns)   --->   "%sext_ln17_86 = sext i23 %mult_648" [firmware/nnet_utils/nnet_dense_latency.h:17]   --->   Operation 819 'sext' 'sext_ln17_86' <Predicate = true> <Delay = 0.00>
ST_4 : Operation 820 [1/1] (0.00ns)   --->   "%sext_ln17_87 = sext i19 %mult_650" [firmware/nnet_utils/nnet_dense_latency.h:17]   --->   Operation 820 'sext' 'sext_ln17_87' <Predicate = true> <Delay = 0.00>
ST_4 : Operation 821 [1/1] (3.57ns)   --->   "%mult_652 = mul i24 %sext_ln70_208, i24 86" [firmware/nnet_utils/nnet_mult.h:73->firmware/nnet_utils/nnet_dense_latency.h:42]   --->   Operation 821 'mul' 'mult_652' <Predicate = true> <Delay = 3.57> <CoreInst = "Multiplier">   --->   Core 3 'Multiplier' <Latency = 0> <II = 1> <Delay = 3.57> <FuncUnit> <Opcode : 'mul'> <InPorts = 2> <OutPorts = 1>
ST_4 : Operation 822 [1/1] (0.00ns)   --->   "%shl_ln73_141 = bitconcatenate i21 @_ssdm_op_BitConcatenate.i21.i16.i5, i16 %a_89, i5 0" [firmware/nnet_utils/nnet_mult.h:73->firmware/nnet_utils/nnet_dense_latency.h:42]   --->   Operation 822 'bitconcatenate' 'shl_ln73_141' <Predicate = true> <Delay = 0.00>
ST_4 : Operation 823 [1/1] (0.00ns)   --->   "%sext_ln73_288 = sext i21 %shl_ln73_141" [firmware/nnet_utils/nnet_mult.h:73->firmware/nnet_utils/nnet_dense_latency.h:42]   --->   Operation 823 'sext' 'sext_ln73_288' <Predicate = true> <Delay = 0.00>
ST_4 : Operation 824 [1/1] (0.00ns)   --->   "%shl_ln73_142 = bitconcatenate i17 @_ssdm_op_BitConcatenate.i17.i16.i1, i16 %a_89, i1 0" [firmware/nnet_utils/nnet_mult.h:73->firmware/nnet_utils/nnet_dense_latency.h:42]   --->   Operation 824 'bitconcatenate' 'shl_ln73_142' <Predicate = true> <Delay = 0.00>
ST_4 : Operation 825 [1/1] (0.00ns)   --->   "%sext_ln73_289 = sext i17 %shl_ln73_142" [firmware/nnet_utils/nnet_mult.h:73->firmware/nnet_utils/nnet_dense_latency.h:42]   --->   Operation 825 'sext' 'sext_ln73_289' <Predicate = true> <Delay = 0.00>
ST_4 : Operation 826 [1/1] (1.43ns)   --->   "%mult_655 = add i22 %sext_ln73_288, i22 %sext_ln73_289" [firmware/nnet_utils/nnet_mult.h:73->firmware/nnet_utils/nnet_dense_latency.h:42]   --->   Operation 826 'add' 'mult_655' <Predicate = true> <Delay = 1.43> <CoreInst = "Adder">   --->   Core 1 'Adder' <Latency = 0> <II = 1> <Delay = 1.43> <FuncUnit> <Opcode : 'add' 'sub'> <InPorts = 2> <OutPorts = 1>
ST_4 : Operation 827 [1/1] (3.57ns)   --->   "%mult_656 = mul i24 %sext_ln70_208, i24 85" [firmware/nnet_utils/nnet_mult.h:73->firmware/nnet_utils/nnet_dense_latency.h:42]   --->   Operation 827 'mul' 'mult_656' <Predicate = true> <Delay = 3.57> <CoreInst = "Multiplier">   --->   Core 3 'Multiplier' <Latency = 0> <II = 1> <Delay = 3.57> <FuncUnit> <Opcode : 'mul'> <InPorts = 2> <OutPorts = 1>
ST_4 : Operation 828 [1/1] (0.00ns)   --->   "%a_90 = load i16 %p_ZZN4nnet24compute_output_buffer_2dINS_5arrayI8ap_fixedILi16ELi6EL9ap_q_mode5EL9_42"   --->   Operation 828 'load' 'a_90' <Predicate = true> <Delay = 0.00>
ST_4 : Operation 829 [1/1] (0.00ns)   --->   "%sext_ln70_212 = sext i16 %a_90" [firmware/nnet_utils/nnet_mult.h:70->firmware/nnet_utils/nnet_dense_latency.h:42]   --->   Operation 829 'sext' 'sext_ln70_212' <Predicate = true> <Delay = 0.00>
ST_4 : Operation 830 [1/1] (0.00ns)   --->   "%sext_ln70_213 = sext i16 %a_90" [firmware/nnet_utils/nnet_mult.h:70->firmware/nnet_utils/nnet_dense_latency.h:42]   --->   Operation 830 'sext' 'sext_ln70_213' <Predicate = true> <Delay = 0.00>
ST_4 : Operation 831 [1/1] (3.57ns)   --->   "%mult_657 = mul i25 %sext_ln70_213, i25 33554211" [firmware/nnet_utils/nnet_mult.h:73->firmware/nnet_utils/nnet_dense_latency.h:42]   --->   Operation 831 'mul' 'mult_657' <Predicate = true> <Delay = 3.57> <CoreInst = "Multiplier">   --->   Core 3 'Multiplier' <Latency = 0> <II = 1> <Delay = 3.57> <FuncUnit> <Opcode : 'mul'> <InPorts = 2> <OutPorts = 1>
ST_4 : Operation 832 [1/1] (0.00ns)   --->   "%shl_ln73_143 = bitconcatenate i18 @_ssdm_op_BitConcatenate.i18.i16.i2, i16 %a_90, i2 0" [firmware/nnet_utils/nnet_mult.h:73->firmware/nnet_utils/nnet_dense_latency.h:42]   --->   Operation 832 'bitconcatenate' 'shl_ln73_143' <Predicate = true> <Delay = 0.00>
ST_4 : Operation 833 [1/1] (0.00ns)   --->   "%sext_ln73_290 = sext i18 %shl_ln73_143" [firmware/nnet_utils/nnet_mult.h:73->firmware/nnet_utils/nnet_dense_latency.h:42]   --->   Operation 833 'sext' 'sext_ln73_290' <Predicate = true> <Delay = 0.00>
ST_4 : Operation 834 [1/1] (0.00ns)   --->   "%sext_ln73_291 = sext i18 %shl_ln73_143" [firmware/nnet_utils/nnet_mult.h:73->firmware/nnet_utils/nnet_dense_latency.h:42]   --->   Operation 834 'sext' 'sext_ln73_291' <Predicate = true> <Delay = 0.00>
ST_4 : Operation 835 [1/1] (1.42ns)   --->   "%mult_659 = sub i19 0, i19 %sext_ln73_291" [firmware/nnet_utils/nnet_mult.h:73->firmware/nnet_utils/nnet_dense_latency.h:42]   --->   Operation 835 'sub' 'mult_659' <Predicate = true> <Delay = 1.42> <CoreInst = "Adder">   --->   Core 1 'Adder' <Latency = 0> <II = 1> <Delay = 1.42> <FuncUnit> <Opcode : 'add' 'sub'> <InPorts = 2> <OutPorts = 1>
ST_4 : Operation 836 [1/1] (0.00ns)   --->   "%sext_ln17_92 = sext i19 %mult_659" [firmware/nnet_utils/nnet_dense_latency.h:17]   --->   Operation 836 'sext' 'sext_ln17_92' <Predicate = true> <Delay = 0.00>
ST_4 : Operation 837 [1/1] (3.57ns)   --->   "%mult_660 = mul i25 %sext_ln70_213, i25 33554257" [firmware/nnet_utils/nnet_mult.h:73->firmware/nnet_utils/nnet_dense_latency.h:42]   --->   Operation 837 'mul' 'mult_660' <Predicate = true> <Delay = 3.57> <CoreInst = "Multiplier">   --->   Core 3 'Multiplier' <Latency = 0> <II = 1> <Delay = 3.57> <FuncUnit> <Opcode : 'mul'> <InPorts = 2> <OutPorts = 1>
ST_4 : Operation 838 [1/1] (3.57ns)   --->   "%mult_661 = mul i25 %sext_ln70_213, i25 131" [firmware/nnet_utils/nnet_mult.h:73->firmware/nnet_utils/nnet_dense_latency.h:42]   --->   Operation 838 'mul' 'mult_661' <Predicate = true> <Delay = 3.57> <CoreInst = "Multiplier">   --->   Core 3 'Multiplier' <Latency = 0> <II = 1> <Delay = 3.57> <FuncUnit> <Opcode : 'mul'> <InPorts = 2> <OutPorts = 1>
ST_4 : Operation 839 [1/1] (3.57ns)   --->   "%mult_662 = mul i25 %sext_ln70_213, i25 234" [firmware/nnet_utils/nnet_mult.h:73->firmware/nnet_utils/nnet_dense_latency.h:42]   --->   Operation 839 'mul' 'mult_662' <Predicate = true> <Delay = 3.57> <CoreInst = "Multiplier">   --->   Core 3 'Multiplier' <Latency = 0> <II = 1> <Delay = 3.57> <FuncUnit> <Opcode : 'mul'> <InPorts = 2> <OutPorts = 1>
ST_4 : Operation 840 [1/1] (3.57ns)   --->   "%mult_663 = mul i25 %sext_ln70_213, i25 33554279" [firmware/nnet_utils/nnet_mult.h:73->firmware/nnet_utils/nnet_dense_latency.h:42]   --->   Operation 840 'mul' 'mult_663' <Predicate = true> <Delay = 3.57> <CoreInst = "Multiplier">   --->   Core 3 'Multiplier' <Latency = 0> <II = 1> <Delay = 3.57> <FuncUnit> <Opcode : 'mul'> <InPorts = 2> <OutPorts = 1>
ST_4 : Operation 841 [1/1] (0.00ns)   --->   "%shl_ln73_144 = bitconcatenate i21 @_ssdm_op_BitConcatenate.i21.i16.i5, i16 %a_90, i5 0" [firmware/nnet_utils/nnet_mult.h:73->firmware/nnet_utils/nnet_dense_latency.h:42]   --->   Operation 841 'bitconcatenate' 'shl_ln73_144' <Predicate = true> <Delay = 0.00>
ST_4 : Operation 842 [1/1] (0.00ns)   --->   "%sext_ln73_292 = sext i21 %shl_ln73_144" [firmware/nnet_utils/nnet_mult.h:73->firmware/nnet_utils/nnet_dense_latency.h:42]   --->   Operation 842 'sext' 'sext_ln73_292' <Predicate = true> <Delay = 0.00>
ST_4 : Operation 843 [1/1] (0.00ns) (grouped into TernaryAdder)   --->   "%mult_664 = sub i22 %sext_ln73_292, i22 %sext_ln73_290" [firmware/nnet_utils/nnet_mult.h:73->firmware/nnet_utils/nnet_dense_latency.h:42]   --->   Operation 843 'sub' 'mult_664' <Predicate = true> <Delay = 0.00> <CoreInst = "TAddSub">   --->   Core 10 'TAddSub' <Latency = 0> <II = 1> <Delay = 0.53> <IPBlock> <Opcode : '' 'add' 'sub'> <InPorts = 3> <OutPorts = 1> <Sync> <CReg>
ST_4 : Operation 844 [1/1] (3.57ns)   --->   "%mult_665 = mul i24 %sext_ln70_212, i24 16777131" [firmware/nnet_utils/nnet_mult.h:73->firmware/nnet_utils/nnet_dense_latency.h:42]   --->   Operation 844 'mul' 'mult_665' <Predicate = true> <Delay = 3.57> <CoreInst = "Multiplier">   --->   Core 3 'Multiplier' <Latency = 0> <II = 1> <Delay = 3.57> <FuncUnit> <Opcode : 'mul'> <InPorts = 2> <OutPorts = 1>
ST_4 : Operation 845 [1/1] (0.00ns)   --->   "%shl_ln73_145 = bitconcatenate i20 @_ssdm_op_BitConcatenate.i20.i16.i4, i16 %a_90, i4 0" [firmware/nnet_utils/nnet_mult.h:73->firmware/nnet_utils/nnet_dense_latency.h:42]   --->   Operation 845 'bitconcatenate' 'shl_ln73_145' <Predicate = true> <Delay = 0.00>
ST_4 : Operation 846 [1/1] (0.00ns)   --->   "%sext_ln73_293 = sext i20 %shl_ln73_145" [firmware/nnet_utils/nnet_mult.h:73->firmware/nnet_utils/nnet_dense_latency.h:42]   --->   Operation 846 'sext' 'sext_ln73_293' <Predicate = true> <Delay = 0.00>
ST_4 : Operation 847 [1/1] (1.43ns)   --->   "%sub_ln73_79 = sub i21 0, i21 %sext_ln73_293" [firmware/nnet_utils/nnet_mult.h:73->firmware/nnet_utils/nnet_dense_latency.h:42]   --->   Operation 847 'sub' 'sub_ln73_79' <Predicate = true> <Delay = 1.43> <CoreInst = "Adder">   --->   Core 1 'Adder' <Latency = 0> <II = 1> <Delay = 1.43> <FuncUnit> <Opcode : 'add' 'sub'> <InPorts = 2> <OutPorts = 1>
ST_4 : Operation 848 [1/1] (0.00ns)   --->   "%shl_ln73_146 = bitconcatenate i17 @_ssdm_op_BitConcatenate.i17.i16.i1, i16 %a_90, i1 0" [firmware/nnet_utils/nnet_mult.h:73->firmware/nnet_utils/nnet_dense_latency.h:42]   --->   Operation 848 'bitconcatenate' 'shl_ln73_146' <Predicate = true> <Delay = 0.00>
ST_4 : Operation 849 [1/1] (0.00ns)   --->   "%sext_ln73_294 = sext i17 %shl_ln73_146" [firmware/nnet_utils/nnet_mult.h:73->firmware/nnet_utils/nnet_dense_latency.h:42]   --->   Operation 849 'sext' 'sext_ln73_294' <Predicate = true> <Delay = 0.00>
ST_4 : Operation 850 [1/1] (0.00ns) (grouped into TernaryAdder)   --->   "%mult_666 = sub i21 %sub_ln73_79, i21 %sext_ln73_294" [firmware/nnet_utils/nnet_mult.h:73->firmware/nnet_utils/nnet_dense_latency.h:42]   --->   Operation 850 'sub' 'mult_666' <Predicate = true> <Delay = 0.00> <CoreInst = "TAddSub">   --->   Core 10 'TAddSub' <Latency = 0> <II = 1> <Delay = 0.53> <IPBlock> <Opcode : '' 'add' 'sub'> <InPorts = 3> <OutPorts = 1> <Sync> <CReg>
ST_4 : Operation 851 [1/1] (0.00ns)   --->   "%sext_ln70_215 = sext i16 %a_91" [firmware/nnet_utils/nnet_mult.h:70->firmware/nnet_utils/nnet_dense_latency.h:42]   --->   Operation 851 'sext' 'sext_ln70_215' <Predicate = true> <Delay = 0.00>
ST_4 : Operation 852 [1/1] (3.57ns)   --->   "%mult_668 = mul i25 %sext_ln70_215, i25 33554201" [firmware/nnet_utils/nnet_mult.h:73->firmware/nnet_utils/nnet_dense_latency.h:42]   --->   Operation 852 'mul' 'mult_668' <Predicate = true> <Delay = 3.57> <CoreInst = "Multiplier">   --->   Core 3 'Multiplier' <Latency = 0> <II = 1> <Delay = 3.57> <FuncUnit> <Opcode : 'mul'> <InPorts = 2> <OutPorts = 1>
ST_4 : Operation 853 [1/1] (3.57ns)   --->   "%mult_669 = mul i25 %sext_ln70_215, i25 191" [firmware/nnet_utils/nnet_mult.h:73->firmware/nnet_utils/nnet_dense_latency.h:42]   --->   Operation 853 'mul' 'mult_669' <Predicate = true> <Delay = 3.57> <CoreInst = "Multiplier">   --->   Core 3 'Multiplier' <Latency = 0> <II = 1> <Delay = 3.57> <FuncUnit> <Opcode : 'mul'> <InPorts = 2> <OutPorts = 1>
ST_4 : Operation 854 [1/1] (0.00ns)   --->   "%shl_ln73_149 = bitconcatenate i23 @_ssdm_op_BitConcatenate.i23.i16.i7, i16 %a_91, i7 0" [firmware/nnet_utils/nnet_mult.h:73->firmware/nnet_utils/nnet_dense_latency.h:42]   --->   Operation 854 'bitconcatenate' 'shl_ln73_149' <Predicate = true> <Delay = 0.00>
ST_4 : Operation 855 [1/1] (0.00ns)   --->   "%sext_ln73_298 = sext i23 %shl_ln73_149" [firmware/nnet_utils/nnet_mult.h:73->firmware/nnet_utils/nnet_dense_latency.h:42]   --->   Operation 855 'sext' 'sext_ln73_298' <Predicate = true> <Delay = 0.00>
ST_4 : Operation 856 [1/1] (0.00ns)   --->   "%shl_ln73_150 = bitconcatenate i17 @_ssdm_op_BitConcatenate.i17.i16.i1, i16 %a_91, i1 0" [firmware/nnet_utils/nnet_mult.h:73->firmware/nnet_utils/nnet_dense_latency.h:42]   --->   Operation 856 'bitconcatenate' 'shl_ln73_150' <Predicate = true> <Delay = 0.00>
ST_4 : Operation 857 [1/1] (0.00ns)   --->   "%sext_ln73_299 = sext i17 %shl_ln73_150" [firmware/nnet_utils/nnet_mult.h:73->firmware/nnet_utils/nnet_dense_latency.h:42]   --->   Operation 857 'sext' 'sext_ln73_299' <Predicate = true> <Delay = 0.00>
ST_4 : Operation 858 [1/1] (0.00ns)   --->   "%sext_ln73_300 = sext i17 %shl_ln73_150" [firmware/nnet_utils/nnet_mult.h:73->firmware/nnet_utils/nnet_dense_latency.h:42]   --->   Operation 858 'sext' 'sext_ln73_300' <Predicate = true> <Delay = 0.00>
ST_4 : Operation 859 [1/1] (0.00ns) (grouped into TernaryAdder)   --->   "%mult_671 = sub i24 %sext_ln73_298, i24 %sext_ln73_300" [firmware/nnet_utils/nnet_mult.h:73->firmware/nnet_utils/nnet_dense_latency.h:42]   --->   Operation 859 'sub' 'mult_671' <Predicate = true> <Delay = 0.00> <CoreInst = "TAddSub">   --->   Core 10 'TAddSub' <Latency = 0> <II = 1> <Delay = 0.53> <IPBlock> <Opcode : '' 'add' 'sub'> <InPorts = 3> <OutPorts = 1> <Sync> <CReg>
ST_4 : Operation 860 [1/1] (0.00ns)   --->   "%shl_ln73_152 = bitconcatenate i20 @_ssdm_op_BitConcatenate.i20.i16.i4, i16 %a_91, i4 0" [firmware/nnet_utils/nnet_mult.h:73->firmware/nnet_utils/nnet_dense_latency.h:42]   --->   Operation 860 'bitconcatenate' 'shl_ln73_152' <Predicate = true> <Delay = 0.00>
ST_4 : Operation 861 [1/1] (0.00ns)   --->   "%sext_ln73_302 = sext i20 %shl_ln73_152" [firmware/nnet_utils/nnet_mult.h:73->firmware/nnet_utils/nnet_dense_latency.h:42]   --->   Operation 861 'sext' 'sext_ln73_302' <Predicate = true> <Delay = 0.00>
ST_4 : Operation 862 [1/1] (0.00ns) (grouped into TernaryAdder)   --->   "%sub_ln73_84 = sub i21 0, i21 %sext_ln73_302" [firmware/nnet_utils/nnet_mult.h:73->firmware/nnet_utils/nnet_dense_latency.h:42]   --->   Operation 862 'sub' 'sub_ln73_84' <Predicate = true> <Delay = 0.00> <CoreInst = "TAddSub">   --->   Core 10 'TAddSub' <Latency = 0> <II = 1> <Delay = 0.53> <IPBlock> <Opcode : '' 'add' 'sub'> <InPorts = 3> <OutPorts = 1> <Sync> <CReg>
ST_4 : Operation 863 [1/1] (1.02ns) (root node of TernaryAdder)   --->   "%mult_674 = sub i21 %sub_ln73_84, i21 %sext_ln73_299" [firmware/nnet_utils/nnet_mult.h:73->firmware/nnet_utils/nnet_dense_latency.h:42]   --->   Operation 863 'sub' 'mult_674' <Predicate = true> <Delay = 1.02> <CoreInst = "TAddSub">   --->   Core 10 'TAddSub' <Latency = 0> <II = 1> <Delay = 0.53> <IPBlock> <Opcode : '' 'add' 'sub'> <InPorts = 3> <OutPorts = 1> <Sync> <CReg>
ST_4 : Operation 864 [1/1] (0.00ns)   --->   "%sext_ln17_96 = sext i21 %mult_674" [firmware/nnet_utils/nnet_dense_latency.h:17]   --->   Operation 864 'sext' 'sext_ln17_96' <Predicate = true> <Delay = 0.00>
ST_4 : Operation 865 [1/1] (3.57ns)   --->   "%mult_675 = mul i25 %sext_ln70_215, i25 33554242" [firmware/nnet_utils/nnet_mult.h:73->firmware/nnet_utils/nnet_dense_latency.h:42]   --->   Operation 865 'mul' 'mult_675' <Predicate = true> <Delay = 3.57> <CoreInst = "Multiplier">   --->   Core 3 'Multiplier' <Latency = 0> <II = 1> <Delay = 3.57> <FuncUnit> <Opcode : 'mul'> <InPorts = 2> <OutPorts = 1>
ST_4 : Operation 866 [1/1] (3.57ns)   --->   "%mult_676 = mul i25 %sext_ln70_215, i25 33554204" [firmware/nnet_utils/nnet_mult.h:73->firmware/nnet_utils/nnet_dense_latency.h:42]   --->   Operation 866 'mul' 'mult_676' <Predicate = true> <Delay = 3.57> <CoreInst = "Multiplier">   --->   Core 3 'Multiplier' <Latency = 0> <II = 1> <Delay = 3.57> <FuncUnit> <Opcode : 'mul'> <InPorts = 2> <OutPorts = 1>
ST_4 : Operation 867 [1/1] (0.00ns)   --->   "%sext_ln70_216 = sext i16 %a_92" [firmware/nnet_utils/nnet_mult.h:70->firmware/nnet_utils/nnet_dense_latency.h:42]   --->   Operation 867 'sext' 'sext_ln70_216' <Predicate = true> <Delay = 0.00>
ST_4 : Operation 868 [1/1] (0.00ns)   --->   "%sext_ln70_219 = sext i16 %a_92" [firmware/nnet_utils/nnet_mult.h:70->firmware/nnet_utils/nnet_dense_latency.h:42]   --->   Operation 868 'sext' 'sext_ln70_219' <Predicate = true> <Delay = 0.00>
ST_4 : Operation 869 [1/1] (0.00ns)   --->   "%shl_ln73_154 = bitconcatenate i17 @_ssdm_op_BitConcatenate.i17.i16.i1, i16 %a_92, i1 0" [firmware/nnet_utils/nnet_mult.h:73->firmware/nnet_utils/nnet_dense_latency.h:42]   --->   Operation 869 'bitconcatenate' 'shl_ln73_154' <Predicate = true> <Delay = 0.00>
ST_4 : Operation 870 [1/1] (0.00ns)   --->   "%sext_ln73_304 = sext i17 %shl_ln73_154" [firmware/nnet_utils/nnet_mult.h:73->firmware/nnet_utils/nnet_dense_latency.h:42]   --->   Operation 870 'sext' 'sext_ln73_304' <Predicate = true> <Delay = 0.00>
ST_4 : Operation 871 [1/1] (0.00ns) (grouped into TernaryAdder)   --->   "%mult_677 = add i20 %sext_ln73_303, i20 %sext_ln73_304" [firmware/nnet_utils/nnet_mult.h:73->firmware/nnet_utils/nnet_dense_latency.h:42]   --->   Operation 871 'add' 'mult_677' <Predicate = true> <Delay = 0.00> <CoreInst = "TAddSub">   --->   Core 10 'TAddSub' <Latency = 0> <II = 1> <Delay = 0.53> <IPBlock> <Opcode : '' 'add' 'sub'> <InPorts = 3> <OutPorts = 1> <Sync> <CReg>
ST_4 : Operation 872 [1/1] (3.57ns)   --->   "%mult_678 = mul i25 %sext_ln70_219, i25 139" [firmware/nnet_utils/nnet_mult.h:73->firmware/nnet_utils/nnet_dense_latency.h:42]   --->   Operation 872 'mul' 'mult_678' <Predicate = true> <Delay = 3.57> <CoreInst = "Multiplier">   --->   Core 3 'Multiplier' <Latency = 0> <II = 1> <Delay = 3.57> <FuncUnit> <Opcode : 'mul'> <InPorts = 2> <OutPorts = 1>
ST_4 : Operation 873 [1/1] (3.57ns)   --->   "%mult_679 = mul i25 %sext_ln70_219, i25 140" [firmware/nnet_utils/nnet_mult.h:73->firmware/nnet_utils/nnet_dense_latency.h:42]   --->   Operation 873 'mul' 'mult_679' <Predicate = true> <Delay = 3.57> <CoreInst = "Multiplier">   --->   Core 3 'Multiplier' <Latency = 0> <II = 1> <Delay = 3.57> <FuncUnit> <Opcode : 'mul'> <InPorts = 2> <OutPorts = 1>
ST_4 : Operation 874 [1/1] (0.00ns)   --->   "%sext_ln17_97 = sext i21 %mult_680" [firmware/nnet_utils/nnet_dense_latency.h:17]   --->   Operation 874 'sext' 'sext_ln17_97' <Predicate = true> <Delay = 0.00>
ST_4 : Operation 875 [1/1] (3.57ns)   --->   "%mult_681 = mul i25 %sext_ln70_219, i25 198" [firmware/nnet_utils/nnet_mult.h:73->firmware/nnet_utils/nnet_dense_latency.h:42]   --->   Operation 875 'mul' 'mult_681' <Predicate = true> <Delay = 3.57> <CoreInst = "Multiplier">   --->   Core 3 'Multiplier' <Latency = 0> <II = 1> <Delay = 3.57> <FuncUnit> <Opcode : 'mul'> <InPorts = 2> <OutPorts = 1>
ST_4 : Operation 876 [1/1] (3.57ns)   --->   "%mult_683 = mul i24 %sext_ln70_216, i24 16777129" [firmware/nnet_utils/nnet_mult.h:73->firmware/nnet_utils/nnet_dense_latency.h:42]   --->   Operation 876 'mul' 'mult_683' <Predicate = true> <Delay = 3.57> <CoreInst = "Multiplier">   --->   Core 3 'Multiplier' <Latency = 0> <II = 1> <Delay = 3.57> <FuncUnit> <Opcode : 'mul'> <InPorts = 2> <OutPorts = 1>
ST_4 : Operation 877 [1/1] (3.57ns)   --->   "%mult_684 = mul i24 %sext_ln70_216, i24 16777146" [firmware/nnet_utils/nnet_mult.h:73->firmware/nnet_utils/nnet_dense_latency.h:42]   --->   Operation 877 'mul' 'mult_684' <Predicate = true> <Delay = 3.57> <CoreInst = "Multiplier">   --->   Core 3 'Multiplier' <Latency = 0> <II = 1> <Delay = 3.57> <FuncUnit> <Opcode : 'mul'> <InPorts = 2> <OutPorts = 1>
ST_4 : Operation 878 [1/1] (3.57ns)   --->   "%mult_685 = mul i25 %sext_ln70_219, i25 33554298" [firmware/nnet_utils/nnet_mult.h:73->firmware/nnet_utils/nnet_dense_latency.h:42]   --->   Operation 878 'mul' 'mult_685' <Predicate = true> <Delay = 3.57> <CoreInst = "Multiplier">   --->   Core 3 'Multiplier' <Latency = 0> <II = 1> <Delay = 3.57> <FuncUnit> <Opcode : 'mul'> <InPorts = 2> <OutPorts = 1>
ST_4 : Operation 879 [1/1] (0.00ns)   --->   "%mult_686 = bitconcatenate i18 @_ssdm_op_BitConcatenate.i18.i16.i2, i16 %a_92, i2 0" [firmware/nnet_utils/nnet_mult.h:73->firmware/nnet_utils/nnet_dense_latency.h:42]   --->   Operation 879 'bitconcatenate' 'mult_686' <Predicate = true> <Delay = 0.00>
ST_4 : Operation 880 [1/1] (0.00ns)   --->   "%sext_ln17_99 = sext i18 %mult_686" [firmware/nnet_utils/nnet_dense_latency.h:17]   --->   Operation 880 'sext' 'sext_ln17_99' <Predicate = true> <Delay = 0.00>
ST_4 : Operation 881 [1/1] (0.00ns)   --->   "%sext_ln70_222 = sext i16 %a_93" [firmware/nnet_utils/nnet_mult.h:70->firmware/nnet_utils/nnet_dense_latency.h:42]   --->   Operation 881 'sext' 'sext_ln70_222' <Predicate = true> <Delay = 0.00>
ST_4 : Operation 882 [1/1] (3.57ns)   --->   "%mult_687 = mul i25 %sext_ln70_222, i25 33554217" [firmware/nnet_utils/nnet_mult.h:73->firmware/nnet_utils/nnet_dense_latency.h:42]   --->   Operation 882 'mul' 'mult_687' <Predicate = true> <Delay = 3.57> <CoreInst = "Multiplier">   --->   Core 3 'Multiplier' <Latency = 0> <II = 1> <Delay = 3.57> <FuncUnit> <Opcode : 'mul'> <InPorts = 2> <OutPorts = 1>
ST_4 : Operation 883 [1/1] (3.57ns)   --->   "%mult_689 = mul i25 %sext_ln70_222, i25 161" [firmware/nnet_utils/nnet_mult.h:73->firmware/nnet_utils/nnet_dense_latency.h:42]   --->   Operation 883 'mul' 'mult_689' <Predicate = true> <Delay = 3.57> <CoreInst = "Multiplier">   --->   Core 3 'Multiplier' <Latency = 0> <II = 1> <Delay = 3.57> <FuncUnit> <Opcode : 'mul'> <InPorts = 2> <OutPorts = 1>
ST_4 : Operation 884 [1/1] (0.00ns)   --->   "%shl_ln73_157 = bitconcatenate i19 @_ssdm_op_BitConcatenate.i19.i16.i3, i16 %a_93, i3 0" [firmware/nnet_utils/nnet_mult.h:73->firmware/nnet_utils/nnet_dense_latency.h:42]   --->   Operation 884 'bitconcatenate' 'shl_ln73_157' <Predicate = true> <Delay = 0.00>
ST_4 : Operation 885 [1/1] (0.00ns)   --->   "%sext_ln73_306 = sext i19 %shl_ln73_157" [firmware/nnet_utils/nnet_mult.h:73->firmware/nnet_utils/nnet_dense_latency.h:42]   --->   Operation 885 'sext' 'sext_ln73_306' <Predicate = true> <Delay = 0.00>
ST_4 : Operation 886 [1/1] (0.00ns)   --->   "%shl_ln73_160 = bitconcatenate i23 @_ssdm_op_BitConcatenate.i23.i16.i7, i16 %a_93, i7 0" [firmware/nnet_utils/nnet_mult.h:73->firmware/nnet_utils/nnet_dense_latency.h:42]   --->   Operation 886 'bitconcatenate' 'shl_ln73_160' <Predicate = true> <Delay = 0.00>
ST_4 : Operation 887 [1/1] (0.00ns)   --->   "%sext_ln73_310 = sext i23 %shl_ln73_160" [firmware/nnet_utils/nnet_mult.h:73->firmware/nnet_utils/nnet_dense_latency.h:42]   --->   Operation 887 'sext' 'sext_ln73_310' <Predicate = true> <Delay = 0.00>
ST_4 : Operation 888 [1/1] (0.00ns) (grouped into TernaryAdder)   --->   "%mult_695 = add i24 %sext_ln73_310, i24 %sext_ln73_306" [firmware/nnet_utils/nnet_mult.h:73->firmware/nnet_utils/nnet_dense_latency.h:42]   --->   Operation 888 'add' 'mult_695' <Predicate = true> <Delay = 0.00> <CoreInst = "TAddSub">   --->   Core 10 'TAddSub' <Latency = 0> <II = 1> <Delay = 0.53> <IPBlock> <Opcode : '' 'add' 'sub'> <InPorts = 3> <OutPorts = 1> <Sync> <CReg>
ST_4 : Operation 889 [1/1] (3.57ns)   --->   "%mult_696 = mul i25 %sext_ln70_222, i25 141" [firmware/nnet_utils/nnet_mult.h:73->firmware/nnet_utils/nnet_dense_latency.h:42]   --->   Operation 889 'mul' 'mult_696' <Predicate = true> <Delay = 3.57> <CoreInst = "Multiplier">   --->   Core 3 'Multiplier' <Latency = 0> <II = 1> <Delay = 3.57> <FuncUnit> <Opcode : 'mul'> <InPorts = 2> <OutPorts = 1>
ST_4 : Operation 890 [1/1] (0.00ns)   --->   "%sext_ln70_224 = sext i16 %a_94" [firmware/nnet_utils/nnet_mult.h:70->firmware/nnet_utils/nnet_dense_latency.h:42]   --->   Operation 890 'sext' 'sext_ln70_224' <Predicate = true> <Delay = 0.00>
ST_4 : Operation 891 [1/1] (0.00ns)   --->   "%sext_ln70_225 = sext i16 %a_94" [firmware/nnet_utils/nnet_mult.h:70->firmware/nnet_utils/nnet_dense_latency.h:42]   --->   Operation 891 'sext' 'sext_ln70_225' <Predicate = true> <Delay = 0.00>
ST_4 : Operation 892 [1/1] (3.57ns)   --->   "%mult_697 = mul i24 %sext_ln70_225, i24 16777138" [firmware/nnet_utils/nnet_mult.h:73->firmware/nnet_utils/nnet_dense_latency.h:42]   --->   Operation 892 'mul' 'mult_697' <Predicate = true> <Delay = 3.57> <CoreInst = "Multiplier">   --->   Core 3 'Multiplier' <Latency = 0> <II = 1> <Delay = 3.57> <FuncUnit> <Opcode : 'mul'> <InPorts = 2> <OutPorts = 1>
ST_4 : Operation 893 [1/1] (3.57ns)   --->   "%mult_698 = mul i25 %sext_ln70_224, i25 185" [firmware/nnet_utils/nnet_mult.h:73->firmware/nnet_utils/nnet_dense_latency.h:42]   --->   Operation 893 'mul' 'mult_698' <Predicate = true> <Delay = 3.57> <CoreInst = "Multiplier">   --->   Core 3 'Multiplier' <Latency = 0> <II = 1> <Delay = 3.57> <FuncUnit> <Opcode : 'mul'> <InPorts = 2> <OutPorts = 1>
ST_4 : Operation 894 [1/1] (3.57ns)   --->   "%mult_699 = mul i24 %sext_ln70_225, i24 99" [firmware/nnet_utils/nnet_mult.h:73->firmware/nnet_utils/nnet_dense_latency.h:42]   --->   Operation 894 'mul' 'mult_699' <Predicate = true> <Delay = 3.57> <CoreInst = "Multiplier">   --->   Core 3 'Multiplier' <Latency = 0> <II = 1> <Delay = 3.57> <FuncUnit> <Opcode : 'mul'> <InPorts = 2> <OutPorts = 1>
ST_4 : Operation 895 [1/1] (3.57ns)   --->   "%mult_700 = mul i25 %sext_ln70_224, i25 33554279" [firmware/nnet_utils/nnet_mult.h:73->firmware/nnet_utils/nnet_dense_latency.h:42]   --->   Operation 895 'mul' 'mult_700' <Predicate = true> <Delay = 3.57> <CoreInst = "Multiplier">   --->   Core 3 'Multiplier' <Latency = 0> <II = 1> <Delay = 3.57> <FuncUnit> <Opcode : 'mul'> <InPorts = 2> <OutPorts = 1>
ST_4 : Operation 896 [1/1] (3.57ns)   --->   "%mult_702 = mul i24 %sext_ln70_225, i24 103" [firmware/nnet_utils/nnet_mult.h:73->firmware/nnet_utils/nnet_dense_latency.h:42]   --->   Operation 896 'mul' 'mult_702' <Predicate = true> <Delay = 3.57> <CoreInst = "Multiplier">   --->   Core 3 'Multiplier' <Latency = 0> <II = 1> <Delay = 3.57> <FuncUnit> <Opcode : 'mul'> <InPorts = 2> <OutPorts = 1>
ST_4 : Operation 897 [1/1] (3.57ns)   --->   "%mult_704 = mul i25 %sext_ln70_224, i25 151" [firmware/nnet_utils/nnet_mult.h:73->firmware/nnet_utils/nnet_dense_latency.h:42]   --->   Operation 897 'mul' 'mult_704' <Predicate = true> <Delay = 3.57> <CoreInst = "Multiplier">   --->   Core 3 'Multiplier' <Latency = 0> <II = 1> <Delay = 3.57> <FuncUnit> <Opcode : 'mul'> <InPorts = 2> <OutPorts = 1>
ST_4 : Operation 898 [1/1] (3.57ns)   --->   "%mult_705 = mul i24 %sext_ln70_225, i24 16777140" [firmware/nnet_utils/nnet_mult.h:73->firmware/nnet_utils/nnet_dense_latency.h:42]   --->   Operation 898 'mul' 'mult_705' <Predicate = true> <Delay = 3.57> <CoreInst = "Multiplier">   --->   Core 3 'Multiplier' <Latency = 0> <II = 1> <Delay = 3.57> <FuncUnit> <Opcode : 'mul'> <InPorts = 2> <OutPorts = 1>
ST_4 : Operation 899 [1/1] (0.00ns)   --->   "%sext_ln70_226 = sext i16 %a_95" [firmware/nnet_utils/nnet_mult.h:70->firmware/nnet_utils/nnet_dense_latency.h:42]   --->   Operation 899 'sext' 'sext_ln70_226' <Predicate = true> <Delay = 0.00>
ST_4 : Operation 900 [1/1] (0.00ns)   --->   "%sext_ln70_228 = sext i16 %a_95" [firmware/nnet_utils/nnet_mult.h:70->firmware/nnet_utils/nnet_dense_latency.h:42]   --->   Operation 900 'sext' 'sext_ln70_228' <Predicate = true> <Delay = 0.00>
ST_4 : Operation 901 [1/1] (0.00ns)   --->   "%sext_ln70_230 = sext i16 %a_95" [firmware/nnet_utils/nnet_mult.h:70->firmware/nnet_utils/nnet_dense_latency.h:42]   --->   Operation 901 'sext' 'sext_ln70_230' <Predicate = true> <Delay = 0.00>
ST_4 : Operation 902 [1/1] (0.00ns)   --->   "%shl_ln73_165 = bitconcatenate i19 @_ssdm_op_BitConcatenate.i19.i16.i3, i16 %a_95, i3 0" [firmware/nnet_utils/nnet_mult.h:73->firmware/nnet_utils/nnet_dense_latency.h:42]   --->   Operation 902 'bitconcatenate' 'shl_ln73_165' <Predicate = true> <Delay = 0.00>
ST_4 : Operation 903 [1/1] (0.00ns)   --->   "%sext_ln73_315 = sext i19 %shl_ln73_165" [firmware/nnet_utils/nnet_mult.h:73->firmware/nnet_utils/nnet_dense_latency.h:42]   --->   Operation 903 'sext' 'sext_ln73_315' <Predicate = true> <Delay = 0.00>
ST_4 : Operation 904 [1/1] (0.00ns) (grouped into TernaryAdder)   --->   "%mult_708 = sub i20 %sext_ln70_230, i20 %sext_ln73_315" [firmware/nnet_utils/nnet_mult.h:73->firmware/nnet_utils/nnet_dense_latency.h:42]   --->   Operation 904 'sub' 'mult_708' <Predicate = true> <Delay = 0.00> <CoreInst = "TAddSub">   --->   Core 10 'TAddSub' <Latency = 0> <II = 1> <Delay = 0.53> <IPBlock> <Opcode : '' 'add' 'sub'> <InPorts = 3> <OutPorts = 1> <Sync> <CReg>
ST_4 : Operation 905 [1/1] (3.57ns)   --->   "%mult_709 = mul i25 %sext_ln70_228, i25 33554292" [firmware/nnet_utils/nnet_mult.h:73->firmware/nnet_utils/nnet_dense_latency.h:42]   --->   Operation 905 'mul' 'mult_709' <Predicate = true> <Delay = 3.57> <CoreInst = "Multiplier">   --->   Core 3 'Multiplier' <Latency = 0> <II = 1> <Delay = 3.57> <FuncUnit> <Opcode : 'mul'> <InPorts = 2> <OutPorts = 1>
ST_4 : Operation 906 [1/1] (3.57ns)   --->   "%mult_711 = mul i25 %sext_ln70_228, i25 199" [firmware/nnet_utils/nnet_mult.h:73->firmware/nnet_utils/nnet_dense_latency.h:42]   --->   Operation 906 'mul' 'mult_711' <Predicate = true> <Delay = 3.57> <CoreInst = "Multiplier">   --->   Core 3 'Multiplier' <Latency = 0> <II = 1> <Delay = 3.57> <FuncUnit> <Opcode : 'mul'> <InPorts = 2> <OutPorts = 1>
ST_4 : Operation 907 [1/1] (3.57ns)   --->   "%mult_713 = mul i23 %sext_ln70_226, i23 8388566" [firmware/nnet_utils/nnet_mult.h:73->firmware/nnet_utils/nnet_dense_latency.h:42]   --->   Operation 907 'mul' 'mult_713' <Predicate = true> <Delay = 3.57> <CoreInst = "Multiplier">   --->   Core 3 'Multiplier' <Latency = 0> <II = 1> <Delay = 3.57> <FuncUnit> <Opcode : 'mul'> <InPorts = 2> <OutPorts = 1>
ST_4 : Operation 908 [1/1] (0.00ns)   --->   "%sext_ln70_235 = sext i16 %a_96" [firmware/nnet_utils/nnet_mult.h:70->firmware/nnet_utils/nnet_dense_latency.h:42]   --->   Operation 908 'sext' 'sext_ln70_235' <Predicate = true> <Delay = 0.00>
ST_4 : Operation 909 [1/1] (0.00ns)   --->   "%sext_ln70_236 = sext i16 %a_96" [firmware/nnet_utils/nnet_mult.h:70->firmware/nnet_utils/nnet_dense_latency.h:42]   --->   Operation 909 'sext' 'sext_ln70_236' <Predicate = true> <Delay = 0.00>
ST_4 : Operation 910 [1/1] (3.57ns)   --->   "%mult_716 = mul i22 %sext_ln70_236, i22 21" [firmware/nnet_utils/nnet_mult.h:73->firmware/nnet_utils/nnet_dense_latency.h:42]   --->   Operation 910 'mul' 'mult_716' <Predicate = true> <Delay = 3.57> <CoreInst = "Multiplier">   --->   Core 3 'Multiplier' <Latency = 0> <II = 1> <Delay = 3.57> <FuncUnit> <Opcode : 'mul'> <InPorts = 2> <OutPorts = 1>
ST_4 : Operation 911 [1/1] (3.57ns)   --->   "%mult_717 = mul i25 %sext_ln70_235, i25 176" [firmware/nnet_utils/nnet_mult.h:73->firmware/nnet_utils/nnet_dense_latency.h:42]   --->   Operation 911 'mul' 'mult_717' <Predicate = true> <Delay = 3.57> <CoreInst = "Multiplier">   --->   Core 3 'Multiplier' <Latency = 0> <II = 1> <Delay = 3.57> <FuncUnit> <Opcode : 'mul'> <InPorts = 2> <OutPorts = 1>
ST_4 : Operation 912 [1/1] (3.57ns)   --->   "%mult_718 = mul i24 %sext_ln70_234, i24 98" [firmware/nnet_utils/nnet_mult.h:73->firmware/nnet_utils/nnet_dense_latency.h:42]   --->   Operation 912 'mul' 'mult_718' <Predicate = true> <Delay = 3.57> <CoreInst = "Multiplier">   --->   Core 3 'Multiplier' <Latency = 0> <II = 1> <Delay = 3.57> <FuncUnit> <Opcode : 'mul'> <InPorts = 2> <OutPorts = 1>
ST_4 : Operation 913 [1/1] (0.00ns)   --->   "%sext_ln17_109 = sext i19 %mult_722" [firmware/nnet_utils/nnet_dense_latency.h:17]   --->   Operation 913 'sext' 'sext_ln17_109' <Predicate = true> <Delay = 0.00>
ST_4 : Operation 914 [1/1] (3.57ns)   --->   "%mult_723 = mul i24 %sext_ln70_234, i24 16777118" [firmware/nnet_utils/nnet_mult.h:73->firmware/nnet_utils/nnet_dense_latency.h:42]   --->   Operation 914 'mul' 'mult_723' <Predicate = true> <Delay = 3.57> <CoreInst = "Multiplier">   --->   Core 3 'Multiplier' <Latency = 0> <II = 1> <Delay = 3.57> <FuncUnit> <Opcode : 'mul'> <InPorts = 2> <OutPorts = 1>
ST_4 : Operation 915 [1/1] (3.57ns)   --->   "%mult_725 = mul i25 %sext_ln70_235, i25 143" [firmware/nnet_utils/nnet_mult.h:73->firmware/nnet_utils/nnet_dense_latency.h:42]   --->   Operation 915 'mul' 'mult_725' <Predicate = true> <Delay = 3.57> <CoreInst = "Multiplier">   --->   Core 3 'Multiplier' <Latency = 0> <II = 1> <Delay = 3.57> <FuncUnit> <Opcode : 'mul'> <InPorts = 2> <OutPorts = 1>
ST_4 : Operation 916 [1/1] (0.00ns)   --->   "%sext_ln70_237 = sext i16 %a_97" [firmware/nnet_utils/nnet_mult.h:70->firmware/nnet_utils/nnet_dense_latency.h:42]   --->   Operation 916 'sext' 'sext_ln70_237' <Predicate = true> <Delay = 0.00>
ST_4 : Operation 917 [1/1] (0.00ns)   --->   "%sext_ln70_238 = sext i16 %a_97" [firmware/nnet_utils/nnet_mult.h:70->firmware/nnet_utils/nnet_dense_latency.h:42]   --->   Operation 917 'sext' 'sext_ln70_238' <Predicate = true> <Delay = 0.00>
ST_4 : Operation 918 [1/1] (3.57ns)   --->   "%mult_726 = mul i24 %sext_ln70_239, i24 16777130" [firmware/nnet_utils/nnet_mult.h:73->firmware/nnet_utils/nnet_dense_latency.h:42]   --->   Operation 918 'mul' 'mult_726' <Predicate = true> <Delay = 3.57> <CoreInst = "Multiplier">   --->   Core 3 'Multiplier' <Latency = 0> <II = 1> <Delay = 3.57> <FuncUnit> <Opcode : 'mul'> <InPorts = 2> <OutPorts = 1>
ST_4 : Operation 919 [1/1] (3.57ns)   --->   "%mult_727 = mul i25 %sext_ln70_238, i25 174" [firmware/nnet_utils/nnet_mult.h:73->firmware/nnet_utils/nnet_dense_latency.h:42]   --->   Operation 919 'mul' 'mult_727' <Predicate = true> <Delay = 3.57> <CoreInst = "Multiplier">   --->   Core 3 'Multiplier' <Latency = 0> <II = 1> <Delay = 3.57> <FuncUnit> <Opcode : 'mul'> <InPorts = 2> <OutPorts = 1>
ST_4 : Operation 920 [1/1] (3.57ns)   --->   "%mult_728 = mul i23 %sext_ln70_237, i23 38" [firmware/nnet_utils/nnet_mult.h:73->firmware/nnet_utils/nnet_dense_latency.h:42]   --->   Operation 920 'mul' 'mult_728' <Predicate = true> <Delay = 3.57> <CoreInst = "Multiplier">   --->   Core 3 'Multiplier' <Latency = 0> <II = 1> <Delay = 3.57> <FuncUnit> <Opcode : 'mul'> <InPorts = 2> <OutPorts = 1>
ST_4 : Operation 921 [1/1] (3.57ns)   --->   "%mult_729 = mul i25 %sext_ln70_238, i25 33554264" [firmware/nnet_utils/nnet_mult.h:73->firmware/nnet_utils/nnet_dense_latency.h:42]   --->   Operation 921 'mul' 'mult_729' <Predicate = true> <Delay = 3.57> <CoreInst = "Multiplier">   --->   Core 3 'Multiplier' <Latency = 0> <II = 1> <Delay = 3.57> <FuncUnit> <Opcode : 'mul'> <InPorts = 2> <OutPorts = 1>
ST_4 : Operation 922 [1/1] (3.57ns)   --->   "%mult_730 = mul i25 %sext_ln70_238, i25 166" [firmware/nnet_utils/nnet_mult.h:73->firmware/nnet_utils/nnet_dense_latency.h:42]   --->   Operation 922 'mul' 'mult_730' <Predicate = true> <Delay = 3.57> <CoreInst = "Multiplier">   --->   Core 3 'Multiplier' <Latency = 0> <II = 1> <Delay = 3.57> <FuncUnit> <Opcode : 'mul'> <InPorts = 2> <OutPorts = 1>
ST_4 : Operation 923 [1/1] (3.57ns)   --->   "%mult_731 = mul i25 %sext_ln70_238, i25 149" [firmware/nnet_utils/nnet_mult.h:73->firmware/nnet_utils/nnet_dense_latency.h:42]   --->   Operation 923 'mul' 'mult_731' <Predicate = true> <Delay = 3.57> <CoreInst = "Multiplier">   --->   Core 3 'Multiplier' <Latency = 0> <II = 1> <Delay = 3.57> <FuncUnit> <Opcode : 'mul'> <InPorts = 2> <OutPorts = 1>
ST_4 : Operation 924 [1/1] (3.57ns)   --->   "%mult_732 = mul i24 %sext_ln70_239, i24 16777127" [firmware/nnet_utils/nnet_mult.h:73->firmware/nnet_utils/nnet_dense_latency.h:42]   --->   Operation 924 'mul' 'mult_732' <Predicate = true> <Delay = 3.57> <CoreInst = "Multiplier">   --->   Core 3 'Multiplier' <Latency = 0> <II = 1> <Delay = 3.57> <FuncUnit> <Opcode : 'mul'> <InPorts = 2> <OutPorts = 1>
ST_4 : Operation 925 [1/1] (3.57ns)   --->   "%mult_733 = mul i25 %sext_ln70_238, i25 201" [firmware/nnet_utils/nnet_mult.h:73->firmware/nnet_utils/nnet_dense_latency.h:42]   --->   Operation 925 'mul' 'mult_733' <Predicate = true> <Delay = 3.57> <CoreInst = "Multiplier">   --->   Core 3 'Multiplier' <Latency = 0> <II = 1> <Delay = 3.57> <FuncUnit> <Opcode : 'mul'> <InPorts = 2> <OutPorts = 1>
ST_4 : Operation 926 [1/1] (3.57ns)   --->   "%mult_734 = mul i24 %sext_ln70_239, i24 16777114" [firmware/nnet_utils/nnet_mult.h:73->firmware/nnet_utils/nnet_dense_latency.h:42]   --->   Operation 926 'mul' 'mult_734' <Predicate = true> <Delay = 3.57> <CoreInst = "Multiplier">   --->   Core 3 'Multiplier' <Latency = 0> <II = 1> <Delay = 3.57> <FuncUnit> <Opcode : 'mul'> <InPorts = 2> <OutPorts = 1>
ST_4 : Operation 927 [1/1] (0.00ns)   --->   "%a_98 = load i16 %p_ZZN4nnet24compute_output_buffer_2dINS_5arrayI8ap_fixedILi16ELi6EL9ap_q_mode5EL9_34"   --->   Operation 927 'load' 'a_98' <Predicate = true> <Delay = 0.00>
ST_4 : Operation 928 [1/1] (0.00ns)   --->   "%sext_ln70_241 = sext i16 %a_98" [firmware/nnet_utils/nnet_mult.h:70->firmware/nnet_utils/nnet_dense_latency.h:42]   --->   Operation 928 'sext' 'sext_ln70_241' <Predicate = true> <Delay = 0.00>
ST_4 : Operation 929 [1/1] (0.00ns)   --->   "%sext_ln70_242 = sext i16 %a_98" [firmware/nnet_utils/nnet_mult.h:70->firmware/nnet_utils/nnet_dense_latency.h:42]   --->   Operation 929 'sext' 'sext_ln70_242' <Predicate = true> <Delay = 0.00>
ST_4 : Operation 930 [1/1] (0.00ns)   --->   "%sext_ln70_243 = sext i16 %a_98" [firmware/nnet_utils/nnet_mult.h:70->firmware/nnet_utils/nnet_dense_latency.h:42]   --->   Operation 930 'sext' 'sext_ln70_243' <Predicate = true> <Delay = 0.00>
ST_4 : Operation 931 [1/1] (3.57ns)   --->   "%mult_735 = mul i24 %sext_ln70_243, i24 16777111" [firmware/nnet_utils/nnet_mult.h:73->firmware/nnet_utils/nnet_dense_latency.h:42]   --->   Operation 931 'mul' 'mult_735' <Predicate = true> <Delay = 3.57> <CoreInst = "Multiplier">   --->   Core 3 'Multiplier' <Latency = 0> <II = 1> <Delay = 3.57> <FuncUnit> <Opcode : 'mul'> <InPorts = 2> <OutPorts = 1>
ST_4 : Operation 932 [1/1] (3.57ns)   --->   "%mult_736 = mul i25 %sext_ln70_242, i25 33554246" [firmware/nnet_utils/nnet_mult.h:73->firmware/nnet_utils/nnet_dense_latency.h:42]   --->   Operation 932 'mul' 'mult_736' <Predicate = true> <Delay = 3.57> <CoreInst = "Multiplier">   --->   Core 3 'Multiplier' <Latency = 0> <II = 1> <Delay = 3.57> <FuncUnit> <Opcode : 'mul'> <InPorts = 2> <OutPorts = 1>
ST_4 : Operation 933 [1/1] (3.57ns)   --->   "%mult_737 = mul i23 %sext_ln70_241, i23 8388561" [firmware/nnet_utils/nnet_mult.h:73->firmware/nnet_utils/nnet_dense_latency.h:42]   --->   Operation 933 'mul' 'mult_737' <Predicate = true> <Delay = 3.57> <CoreInst = "Multiplier">   --->   Core 3 'Multiplier' <Latency = 0> <II = 1> <Delay = 3.57> <FuncUnit> <Opcode : 'mul'> <InPorts = 2> <OutPorts = 1>
ST_4 : Operation 934 [1/1] (3.57ns)   --->   "%mult_738 = mul i23 %sext_ln70_241, i23 8388570" [firmware/nnet_utils/nnet_mult.h:73->firmware/nnet_utils/nnet_dense_latency.h:42]   --->   Operation 934 'mul' 'mult_738' <Predicate = true> <Delay = 3.57> <CoreInst = "Multiplier">   --->   Core 3 'Multiplier' <Latency = 0> <II = 1> <Delay = 3.57> <FuncUnit> <Opcode : 'mul'> <InPorts = 2> <OutPorts = 1>
ST_4 : Operation 935 [1/1] (3.57ns)   --->   "%mult_740 = mul i25 %sext_ln70_242, i25 33554249" [firmware/nnet_utils/nnet_mult.h:73->firmware/nnet_utils/nnet_dense_latency.h:42]   --->   Operation 935 'mul' 'mult_740' <Predicate = true> <Delay = 3.57> <CoreInst = "Multiplier">   --->   Core 3 'Multiplier' <Latency = 0> <II = 1> <Delay = 3.57> <FuncUnit> <Opcode : 'mul'> <InPorts = 2> <OutPorts = 1>
ST_4 : Operation 936 [1/1] (3.57ns)   --->   "%mult_741 = mul i24 %sext_ln70_243, i24 16777131" [firmware/nnet_utils/nnet_mult.h:73->firmware/nnet_utils/nnet_dense_latency.h:42]   --->   Operation 936 'mul' 'mult_741' <Predicate = true> <Delay = 3.57> <CoreInst = "Multiplier">   --->   Core 3 'Multiplier' <Latency = 0> <II = 1> <Delay = 3.57> <FuncUnit> <Opcode : 'mul'> <InPorts = 2> <OutPorts = 1>
ST_4 : Operation 937 [1/1] (3.57ns)   --->   "%mult_742 = mul i25 %sext_ln70_242, i25 33554242" [firmware/nnet_utils/nnet_mult.h:73->firmware/nnet_utils/nnet_dense_latency.h:42]   --->   Operation 937 'mul' 'mult_742' <Predicate = true> <Delay = 3.57> <CoreInst = "Multiplier">   --->   Core 3 'Multiplier' <Latency = 0> <II = 1> <Delay = 3.57> <FuncUnit> <Opcode : 'mul'> <InPorts = 2> <OutPorts = 1>
ST_4 : Operation 938 [1/1] (3.57ns)   --->   "%mult_743 = mul i23 %sext_ln70_241, i23 8388550" [firmware/nnet_utils/nnet_mult.h:73->firmware/nnet_utils/nnet_dense_latency.h:42]   --->   Operation 938 'mul' 'mult_743' <Predicate = true> <Delay = 3.57> <CoreInst = "Multiplier">   --->   Core 3 'Multiplier' <Latency = 0> <II = 1> <Delay = 3.57> <FuncUnit> <Opcode : 'mul'> <InPorts = 2> <OutPorts = 1>
ST_4 : Operation 939 [1/1] (3.57ns)   --->   "%mult_744 = mul i23 %sext_ln70_241, i23 8388565" [firmware/nnet_utils/nnet_mult.h:73->firmware/nnet_utils/nnet_dense_latency.h:42]   --->   Operation 939 'mul' 'mult_744' <Predicate = true> <Delay = 3.57> <CoreInst = "Multiplier">   --->   Core 3 'Multiplier' <Latency = 0> <II = 1> <Delay = 3.57> <FuncUnit> <Opcode : 'mul'> <InPorts = 2> <OutPorts = 1>
ST_4 : Operation 940 [1/1] (0.00ns)   --->   "%sext_ln70_244 = sext i16 %a_99" [firmware/nnet_utils/nnet_mult.h:70->firmware/nnet_utils/nnet_dense_latency.h:42]   --->   Operation 940 'sext' 'sext_ln70_244' <Predicate = true> <Delay = 0.00>
ST_4 : Operation 941 [1/1] (0.00ns)   --->   "%sext_ln70_246 = sext i16 %a_99" [firmware/nnet_utils/nnet_mult.h:70->firmware/nnet_utils/nnet_dense_latency.h:42]   --->   Operation 941 'sext' 'sext_ln70_246' <Predicate = true> <Delay = 0.00>
ST_4 : Operation 942 [1/1] (0.00ns)   --->   "%sext_ln70_247 = sext i16 %a_99" [firmware/nnet_utils/nnet_mult.h:70->firmware/nnet_utils/nnet_dense_latency.h:42]   --->   Operation 942 'sext' 'sext_ln70_247' <Predicate = true> <Delay = 0.00>
ST_4 : Operation 943 [1/1] (3.57ns)   --->   "%mult_746 = mul i25 %sext_ln70_247, i25 238" [firmware/nnet_utils/nnet_mult.h:73->firmware/nnet_utils/nnet_dense_latency.h:42]   --->   Operation 943 'mul' 'mult_746' <Predicate = true> <Delay = 3.57> <CoreInst = "Multiplier">   --->   Core 3 'Multiplier' <Latency = 0> <II = 1> <Delay = 3.57> <FuncUnit> <Opcode : 'mul'> <InPorts = 2> <OutPorts = 1>
ST_4 : Operation 944 [1/1] (3.57ns)   --->   "%mult_747 = mul i26 %sext_ln70_246, i26 67108516" [firmware/nnet_utils/nnet_mult.h:73->firmware/nnet_utils/nnet_dense_latency.h:42]   --->   Operation 944 'mul' 'mult_747' <Predicate = true> <Delay = 3.57> <CoreInst = "Multiplier">   --->   Core 3 'Multiplier' <Latency = 0> <II = 1> <Delay = 3.57> <FuncUnit> <Opcode : 'mul'> <InPorts = 2> <OutPorts = 1>
ST_4 : Operation 945 [1/1] (3.57ns)   --->   "%mult_749 = mul i24 %sext_ln70_245, i24 16777127" [firmware/nnet_utils/nnet_mult.h:73->firmware/nnet_utils/nnet_dense_latency.h:42]   --->   Operation 945 'mul' 'mult_749' <Predicate = true> <Delay = 3.57> <CoreInst = "Multiplier">   --->   Core 3 'Multiplier' <Latency = 0> <II = 1> <Delay = 3.57> <FuncUnit> <Opcode : 'mul'> <InPorts = 2> <OutPorts = 1>
ST_4 : Operation 946 [1/1] (3.57ns)   --->   "%mult_750 = mul i26 %sext_ln70_246, i26 275" [firmware/nnet_utils/nnet_mult.h:73->firmware/nnet_utils/nnet_dense_latency.h:42]   --->   Operation 946 'mul' 'mult_750' <Predicate = true> <Delay = 3.57> <CoreInst = "Multiplier">   --->   Core 3 'Multiplier' <Latency = 0> <II = 1> <Delay = 3.57> <FuncUnit> <Opcode : 'mul'> <InPorts = 2> <OutPorts = 1>
ST_4 : Operation 947 [1/1] (3.57ns)   --->   "%mult_751 = mul i24 %sext_ln70_245, i24 117" [firmware/nnet_utils/nnet_mult.h:73->firmware/nnet_utils/nnet_dense_latency.h:42]   --->   Operation 947 'mul' 'mult_751' <Predicate = true> <Delay = 3.57> <CoreInst = "Multiplier">   --->   Core 3 'Multiplier' <Latency = 0> <II = 1> <Delay = 3.57> <FuncUnit> <Opcode : 'mul'> <InPorts = 2> <OutPorts = 1>
ST_4 : Operation 948 [1/1] (3.57ns)   --->   "%mult_752 = mul i23 %sext_ln70_244, i23 38" [firmware/nnet_utils/nnet_mult.h:73->firmware/nnet_utils/nnet_dense_latency.h:42]   --->   Operation 948 'mul' 'mult_752' <Predicate = true> <Delay = 3.57> <CoreInst = "Multiplier">   --->   Core 3 'Multiplier' <Latency = 0> <II = 1> <Delay = 3.57> <FuncUnit> <Opcode : 'mul'> <InPorts = 2> <OutPorts = 1>
ST_4 : Operation 949 [1/1] (0.00ns)   --->   "%a_100 = load i16 %p_ZZN4nnet24compute_output_buffer_2dINS_5arrayI8ap_fixedILi16ELi6EL9ap_q_mode5EL9_32"   --->   Operation 949 'load' 'a_100' <Predicate = true> <Delay = 0.00>
ST_4 : Operation 950 [1/1] (0.00ns)   --->   "%sext_ln70_248 = sext i16 %a_100" [firmware/nnet_utils/nnet_mult.h:70->firmware/nnet_utils/nnet_dense_latency.h:42]   --->   Operation 950 'sext' 'sext_ln70_248' <Predicate = true> <Delay = 0.00>
ST_4 : Operation 951 [1/1] (0.00ns)   --->   "%sext_ln70_249 = sext i16 %a_100" [firmware/nnet_utils/nnet_mult.h:70->firmware/nnet_utils/nnet_dense_latency.h:42]   --->   Operation 951 'sext' 'sext_ln70_249' <Predicate = true> <Delay = 0.00>
ST_4 : Operation 952 [1/1] (0.00ns)   --->   "%sext_ln70_250 = sext i16 %a_100" [firmware/nnet_utils/nnet_mult.h:70->firmware/nnet_utils/nnet_dense_latency.h:42]   --->   Operation 952 'sext' 'sext_ln70_250' <Predicate = true> <Delay = 0.00>
ST_4 : Operation 953 [1/1] (3.57ns)   --->   "%mult_755 = mul i23 %sext_ln70_250, i23 8388567" [firmware/nnet_utils/nnet_mult.h:73->firmware/nnet_utils/nnet_dense_latency.h:42]   --->   Operation 953 'mul' 'mult_755' <Predicate = true> <Delay = 3.57> <CoreInst = "Multiplier">   --->   Core 3 'Multiplier' <Latency = 0> <II = 1> <Delay = 3.57> <FuncUnit> <Opcode : 'mul'> <InPorts = 2> <OutPorts = 1>
ST_4 : Operation 954 [1/1] (0.00ns)   --->   "%shl_ln73_175 = bitconcatenate i21 @_ssdm_op_BitConcatenate.i21.i16.i5, i16 %a_100, i5 0" [firmware/nnet_utils/nnet_mult.h:73->firmware/nnet_utils/nnet_dense_latency.h:42]   --->   Operation 954 'bitconcatenate' 'shl_ln73_175' <Predicate = true> <Delay = 0.00>
ST_4 : Operation 955 [1/1] (0.00ns)   --->   "%sext_ln73_327 = sext i21 %shl_ln73_175" [firmware/nnet_utils/nnet_mult.h:73->firmware/nnet_utils/nnet_dense_latency.h:42]   --->   Operation 955 'sext' 'sext_ln73_327' <Predicate = true> <Delay = 0.00>
ST_4 : Operation 956 [1/1] (0.00ns)   --->   "%shl_ln73_176 = bitconcatenate i17 @_ssdm_op_BitConcatenate.i17.i16.i1, i16 %a_100, i1 0" [firmware/nnet_utils/nnet_mult.h:73->firmware/nnet_utils/nnet_dense_latency.h:42]   --->   Operation 956 'bitconcatenate' 'shl_ln73_176' <Predicate = true> <Delay = 0.00>
ST_4 : Operation 957 [1/1] (0.00ns)   --->   "%sext_ln73_328 = sext i17 %shl_ln73_176" [firmware/nnet_utils/nnet_mult.h:73->firmware/nnet_utils/nnet_dense_latency.h:42]   --->   Operation 957 'sext' 'sext_ln73_328' <Predicate = true> <Delay = 0.00>
ST_4 : Operation 958 [1/1] (1.43ns)   --->   "%mult_756 = sub i22 %sext_ln73_327, i22 %sext_ln73_328" [firmware/nnet_utils/nnet_mult.h:73->firmware/nnet_utils/nnet_dense_latency.h:42]   --->   Operation 958 'sub' 'mult_756' <Predicate = true> <Delay = 1.43> <CoreInst = "Adder">   --->   Core 1 'Adder' <Latency = 0> <II = 1> <Delay = 1.43> <FuncUnit> <Opcode : 'add' 'sub'> <InPorts = 2> <OutPorts = 1>
ST_4 : Operation 959 [1/1] (3.57ns)   --->   "%mult_757 = mul i24 %sext_ln70_249, i24 100" [firmware/nnet_utils/nnet_mult.h:73->firmware/nnet_utils/nnet_dense_latency.h:42]   --->   Operation 959 'mul' 'mult_757' <Predicate = true> <Delay = 3.57> <CoreInst = "Multiplier">   --->   Core 3 'Multiplier' <Latency = 0> <II = 1> <Delay = 3.57> <FuncUnit> <Opcode : 'mul'> <InPorts = 2> <OutPorts = 1>
ST_4 : Operation 960 [1/1] (3.57ns)   --->   "%mult_759 = mul i24 %sext_ln70_249, i24 125" [firmware/nnet_utils/nnet_mult.h:73->firmware/nnet_utils/nnet_dense_latency.h:42]   --->   Operation 960 'mul' 'mult_759' <Predicate = true> <Delay = 3.57> <CoreInst = "Multiplier">   --->   Core 3 'Multiplier' <Latency = 0> <II = 1> <Delay = 3.57> <FuncUnit> <Opcode : 'mul'> <InPorts = 2> <OutPorts = 1>
ST_4 : Operation 961 [1/1] (3.57ns)   --->   "%mult_760 = mul i25 %sext_ln70_248, i25 33554286" [firmware/nnet_utils/nnet_mult.h:73->firmware/nnet_utils/nnet_dense_latency.h:42]   --->   Operation 961 'mul' 'mult_760' <Predicate = true> <Delay = 3.57> <CoreInst = "Multiplier">   --->   Core 3 'Multiplier' <Latency = 0> <II = 1> <Delay = 3.57> <FuncUnit> <Opcode : 'mul'> <InPorts = 2> <OutPorts = 1>
ST_4 : Operation 962 [1/1] (3.57ns)   --->   "%mult_761 = mul i25 %sext_ln70_248, i25 189" [firmware/nnet_utils/nnet_mult.h:73->firmware/nnet_utils/nnet_dense_latency.h:42]   --->   Operation 962 'mul' 'mult_761' <Predicate = true> <Delay = 3.57> <CoreInst = "Multiplier">   --->   Core 3 'Multiplier' <Latency = 0> <II = 1> <Delay = 3.57> <FuncUnit> <Opcode : 'mul'> <InPorts = 2> <OutPorts = 1>
ST_4 : Operation 963 [1/1] (3.57ns)   --->   "%mult_762 = mul i23 %sext_ln70_250, i23 8388569" [firmware/nnet_utils/nnet_mult.h:73->firmware/nnet_utils/nnet_dense_latency.h:42]   --->   Operation 963 'mul' 'mult_762' <Predicate = true> <Delay = 3.57> <CoreInst = "Multiplier">   --->   Core 3 'Multiplier' <Latency = 0> <II = 1> <Delay = 3.57> <FuncUnit> <Opcode : 'mul'> <InPorts = 2> <OutPorts = 1>
ST_4 : Operation 964 [1/1] (3.57ns)   --->   "%mult_763 = mul i25 %sext_ln70_248, i25 197" [firmware/nnet_utils/nnet_mult.h:73->firmware/nnet_utils/nnet_dense_latency.h:42]   --->   Operation 964 'mul' 'mult_763' <Predicate = true> <Delay = 3.57> <CoreInst = "Multiplier">   --->   Core 3 'Multiplier' <Latency = 0> <II = 1> <Delay = 3.57> <FuncUnit> <Opcode : 'mul'> <InPorts = 2> <OutPorts = 1>
ST_4 : Operation 965 [1/1] (0.00ns)   --->   "%a_101 = load i16 %p_ZZN4nnet24compute_output_buffer_2dINS_5arrayI8ap_fixedILi16ELi6EL9ap_q_mode5EL9_31"   --->   Operation 965 'load' 'a_101' <Predicate = true> <Delay = 0.00>
ST_4 : Operation 966 [1/1] (0.00ns)   --->   "%sext_ln70_251 = sext i16 %a_101" [firmware/nnet_utils/nnet_mult.h:70->firmware/nnet_utils/nnet_dense_latency.h:42]   --->   Operation 966 'sext' 'sext_ln70_251' <Predicate = true> <Delay = 0.00>
ST_4 : Operation 967 [1/1] (0.00ns)   --->   "%sext_ln70_252 = sext i16 %a_101" [firmware/nnet_utils/nnet_mult.h:70->firmware/nnet_utils/nnet_dense_latency.h:42]   --->   Operation 967 'sext' 'sext_ln70_252' <Predicate = true> <Delay = 0.00>
ST_4 : Operation 968 [1/1] (0.00ns)   --->   "%sext_ln70_253 = sext i16 %a_101" [firmware/nnet_utils/nnet_mult.h:70->firmware/nnet_utils/nnet_dense_latency.h:42]   --->   Operation 968 'sext' 'sext_ln70_253' <Predicate = true> <Delay = 0.00>
ST_4 : Operation 969 [1/1] (3.57ns)   --->   "%mult_765 = mul i23 %sext_ln70_253, i23 8388559" [firmware/nnet_utils/nnet_mult.h:73->firmware/nnet_utils/nnet_dense_latency.h:42]   --->   Operation 969 'mul' 'mult_765' <Predicate = true> <Delay = 3.57> <CoreInst = "Multiplier">   --->   Core 3 'Multiplier' <Latency = 0> <II = 1> <Delay = 3.57> <FuncUnit> <Opcode : 'mul'> <InPorts = 2> <OutPorts = 1>
ST_4 : Operation 970 [1/1] (3.57ns)   --->   "%mult_766 = mul i24 %sext_ln70_252, i24 16777123" [firmware/nnet_utils/nnet_mult.h:73->firmware/nnet_utils/nnet_dense_latency.h:42]   --->   Operation 970 'mul' 'mult_766' <Predicate = true> <Delay = 3.57> <CoreInst = "Multiplier">   --->   Core 3 'Multiplier' <Latency = 0> <II = 1> <Delay = 3.57> <FuncUnit> <Opcode : 'mul'> <InPorts = 2> <OutPorts = 1>
ST_4 : Operation 971 [1/1] (3.57ns)   --->   "%mult_767 = mul i25 %sext_ln70_251, i25 33554251" [firmware/nnet_utils/nnet_mult.h:73->firmware/nnet_utils/nnet_dense_latency.h:42]   --->   Operation 971 'mul' 'mult_767' <Predicate = true> <Delay = 3.57> <CoreInst = "Multiplier">   --->   Core 3 'Multiplier' <Latency = 0> <II = 1> <Delay = 3.57> <FuncUnit> <Opcode : 'mul'> <InPorts = 2> <OutPorts = 1>
ST_4 : Operation 972 [1/1] (3.57ns)   --->   "%mult_769 = mul i25 %sext_ln70_251, i25 33554293" [firmware/nnet_utils/nnet_mult.h:73->firmware/nnet_utils/nnet_dense_latency.h:42]   --->   Operation 972 'mul' 'mult_769' <Predicate = true> <Delay = 3.57> <CoreInst = "Multiplier">   --->   Core 3 'Multiplier' <Latency = 0> <II = 1> <Delay = 3.57> <FuncUnit> <Opcode : 'mul'> <InPorts = 2> <OutPorts = 1>
ST_4 : Operation 973 [1/1] (3.57ns)   --->   "%mult_770 = mul i23 %sext_ln70_253, i23 57" [firmware/nnet_utils/nnet_mult.h:73->firmware/nnet_utils/nnet_dense_latency.h:42]   --->   Operation 973 'mul' 'mult_770' <Predicate = true> <Delay = 3.57> <CoreInst = "Multiplier">   --->   Core 3 'Multiplier' <Latency = 0> <II = 1> <Delay = 3.57> <FuncUnit> <Opcode : 'mul'> <InPorts = 2> <OutPorts = 1>
ST_4 : Operation 974 [1/1] (0.00ns)   --->   "%shl_ln73_177 = bitconcatenate i20 @_ssdm_op_BitConcatenate.i20.i16.i4, i16 %a_101, i4 0" [firmware/nnet_utils/nnet_mult.h:73->firmware/nnet_utils/nnet_dense_latency.h:42]   --->   Operation 974 'bitconcatenate' 'shl_ln73_177' <Predicate = true> <Delay = 0.00>
ST_4 : Operation 975 [1/1] (0.00ns)   --->   "%sext_ln73_329 = sext i20 %shl_ln73_177" [firmware/nnet_utils/nnet_mult.h:73->firmware/nnet_utils/nnet_dense_latency.h:42]   --->   Operation 975 'sext' 'sext_ln73_329' <Predicate = true> <Delay = 0.00>
ST_4 : Operation 976 [1/1] (0.00ns)   --->   "%shl_ln73_178 = bitconcatenate i17 @_ssdm_op_BitConcatenate.i17.i16.i1, i16 %a_101, i1 0" [firmware/nnet_utils/nnet_mult.h:73->firmware/nnet_utils/nnet_dense_latency.h:42]   --->   Operation 976 'bitconcatenate' 'shl_ln73_178' <Predicate = true> <Delay = 0.00>
ST_4 : Operation 977 [1/1] (0.00ns)   --->   "%sext_ln73_330 = sext i17 %shl_ln73_178" [firmware/nnet_utils/nnet_mult.h:73->firmware/nnet_utils/nnet_dense_latency.h:42]   --->   Operation 977 'sext' 'sext_ln73_330' <Predicate = true> <Delay = 0.00>
ST_4 : Operation 978 [1/1] (1.43ns)   --->   "%mult_771 = sub i21 %sext_ln73_330, i21 %sext_ln73_329" [firmware/nnet_utils/nnet_mult.h:73->firmware/nnet_utils/nnet_dense_latency.h:42]   --->   Operation 978 'sub' 'mult_771' <Predicate = true> <Delay = 1.43> <CoreInst = "Adder">   --->   Core 1 'Adder' <Latency = 0> <II = 1> <Delay = 1.43> <FuncUnit> <Opcode : 'add' 'sub'> <InPorts = 2> <OutPorts = 1>
ST_4 : Operation 979 [1/1] (0.00ns)   --->   "%sext_ln17_120 = sext i21 %mult_771" [firmware/nnet_utils/nnet_dense_latency.h:17]   --->   Operation 979 'sext' 'sext_ln17_120' <Predicate = true> <Delay = 0.00>
ST_4 : Operation 980 [1/1] (3.57ns)   --->   "%mult_773 = mul i25 %sext_ln70_251, i25 33554281" [firmware/nnet_utils/nnet_mult.h:73->firmware/nnet_utils/nnet_dense_latency.h:42]   --->   Operation 980 'mul' 'mult_773' <Predicate = true> <Delay = 3.57> <CoreInst = "Multiplier">   --->   Core 3 'Multiplier' <Latency = 0> <II = 1> <Delay = 3.57> <FuncUnit> <Opcode : 'mul'> <InPorts = 2> <OutPorts = 1>
ST_4 : Operation 981 [1/1] (0.00ns)   --->   "%a_102 = load i16 %p_ZZN4nnet24compute_output_buffer_2dINS_5arrayI8ap_fixedILi16ELi6EL9ap_q_mode5EL9_30"   --->   Operation 981 'load' 'a_102' <Predicate = true> <Delay = 0.00>
ST_4 : Operation 982 [1/1] (0.00ns)   --->   "%sext_ln70_254 = sext i16 %a_102" [firmware/nnet_utils/nnet_mult.h:70->firmware/nnet_utils/nnet_dense_latency.h:42]   --->   Operation 982 'sext' 'sext_ln70_254' <Predicate = true> <Delay = 0.00>
ST_4 : Operation 983 [1/1] (0.00ns)   --->   "%sext_ln70_256 = sext i16 %a_102" [firmware/nnet_utils/nnet_mult.h:70->firmware/nnet_utils/nnet_dense_latency.h:42]   --->   Operation 983 'sext' 'sext_ln70_256' <Predicate = true> <Delay = 0.00>
ST_4 : Operation 984 [1/1] (3.57ns)   --->   "%mult_775 = mul i24 %sext_ln70_256, i24 16777134" [firmware/nnet_utils/nnet_mult.h:73->firmware/nnet_utils/nnet_dense_latency.h:42]   --->   Operation 984 'mul' 'mult_775' <Predicate = true> <Delay = 3.57> <CoreInst = "Multiplier">   --->   Core 3 'Multiplier' <Latency = 0> <II = 1> <Delay = 3.57> <FuncUnit> <Opcode : 'mul'> <InPorts = 2> <OutPorts = 1>
ST_4 : Operation 985 [1/1] (3.57ns)   --->   "%mult_776 = mul i24 %sext_ln70_256, i24 74" [firmware/nnet_utils/nnet_mult.h:73->firmware/nnet_utils/nnet_dense_latency.h:42]   --->   Operation 985 'mul' 'mult_776' <Predicate = true> <Delay = 3.57> <CoreInst = "Multiplier">   --->   Core 3 'Multiplier' <Latency = 0> <II = 1> <Delay = 3.57> <FuncUnit> <Opcode : 'mul'> <InPorts = 2> <OutPorts = 1>
ST_4 : Operation 986 [1/1] (3.57ns)   --->   "%mult_780 = mul i25 %sext_ln70_254, i25 179" [firmware/nnet_utils/nnet_mult.h:73->firmware/nnet_utils/nnet_dense_latency.h:42]   --->   Operation 986 'mul' 'mult_780' <Predicate = true> <Delay = 3.57> <CoreInst = "Multiplier">   --->   Core 3 'Multiplier' <Latency = 0> <II = 1> <Delay = 3.57> <FuncUnit> <Opcode : 'mul'> <InPorts = 2> <OutPorts = 1>
ST_4 : Operation 987 [1/1] (3.57ns)   --->   "%mult_781 = mul i25 %sext_ln70_254, i25 187" [firmware/nnet_utils/nnet_mult.h:73->firmware/nnet_utils/nnet_dense_latency.h:42]   --->   Operation 987 'mul' 'mult_781' <Predicate = true> <Delay = 3.57> <CoreInst = "Multiplier">   --->   Core 3 'Multiplier' <Latency = 0> <II = 1> <Delay = 3.57> <FuncUnit> <Opcode : 'mul'> <InPorts = 2> <OutPorts = 1>
ST_4 : Operation 988 [1/1] (0.00ns)   --->   "%mult_782 = bitconcatenate i18 @_ssdm_op_BitConcatenate.i18.i16.i2, i16 %a_102, i2 0" [firmware/nnet_utils/nnet_mult.h:73->firmware/nnet_utils/nnet_dense_latency.h:42]   --->   Operation 988 'bitconcatenate' 'mult_782' <Predicate = true> <Delay = 0.00>
ST_4 : Operation 989 [1/1] (0.00ns)   --->   "%sext_ln17_125 = sext i18 %mult_782" [firmware/nnet_utils/nnet_dense_latency.h:17]   --->   Operation 989 'sext' 'sext_ln17_125' <Predicate = true> <Delay = 0.00>
ST_4 : Operation 990 [1/1] (3.57ns)   --->   "%mult_783 = mul i25 %sext_ln70_254, i25 33554258" [firmware/nnet_utils/nnet_mult.h:73->firmware/nnet_utils/nnet_dense_latency.h:42]   --->   Operation 990 'mul' 'mult_783' <Predicate = true> <Delay = 3.57> <CoreInst = "Multiplier">   --->   Core 3 'Multiplier' <Latency = 0> <II = 1> <Delay = 3.57> <FuncUnit> <Opcode : 'mul'> <InPorts = 2> <OutPorts = 1>
ST_4 : Operation 991 [1/1] (3.57ns)   --->   "%mult_784 = mul i25 %sext_ln70_254, i25 33554235" [firmware/nnet_utils/nnet_mult.h:73->firmware/nnet_utils/nnet_dense_latency.h:42]   --->   Operation 991 'mul' 'mult_784' <Predicate = true> <Delay = 3.57> <CoreInst = "Multiplier">   --->   Core 3 'Multiplier' <Latency = 0> <II = 1> <Delay = 3.57> <FuncUnit> <Opcode : 'mul'> <InPorts = 2> <OutPorts = 1>
ST_4 : Operation 992 [1/1] (0.00ns)   --->   "%sext_ln70_257 = sext i16 %a_103" [firmware/nnet_utils/nnet_mult.h:70->firmware/nnet_utils/nnet_dense_latency.h:42]   --->   Operation 992 'sext' 'sext_ln70_257' <Predicate = true> <Delay = 0.00>
ST_4 : Operation 993 [1/1] (0.00ns)   --->   "%sext_ln70_259 = sext i16 %a_103" [firmware/nnet_utils/nnet_mult.h:70->firmware/nnet_utils/nnet_dense_latency.h:42]   --->   Operation 993 'sext' 'sext_ln70_259' <Predicate = true> <Delay = 0.00>
ST_4 : Operation 994 [1/1] (0.00ns)   --->   "%sext_ln70_260 = sext i16 %a_103" [firmware/nnet_utils/nnet_mult.h:70->firmware/nnet_utils/nnet_dense_latency.h:42]   --->   Operation 994 'sext' 'sext_ln70_260' <Predicate = true> <Delay = 0.00>
ST_4 : Operation 995 [1/1] (0.00ns)   --->   "%sext_ln70_261 = sext i16 %a_103" [firmware/nnet_utils/nnet_mult.h:70->firmware/nnet_utils/nnet_dense_latency.h:42]   --->   Operation 995 'sext' 'sext_ln70_261' <Predicate = true> <Delay = 0.00>
ST_4 : Operation 996 [1/1] (3.57ns)   --->   "%mult_785 = mul i25 %sext_ln70_261, i25 33554257" [firmware/nnet_utils/nnet_mult.h:73->firmware/nnet_utils/nnet_dense_latency.h:42]   --->   Operation 996 'mul' 'mult_785' <Predicate = true> <Delay = 3.57> <CoreInst = "Multiplier">   --->   Core 3 'Multiplier' <Latency = 0> <II = 1> <Delay = 3.57> <FuncUnit> <Opcode : 'mul'> <InPorts = 2> <OutPorts = 1>
ST_4 : Operation 997 [1/1] (3.57ns)   --->   "%mult_786 = mul i24 %sext_ln70_260, i24 16777128" [firmware/nnet_utils/nnet_mult.h:73->firmware/nnet_utils/nnet_dense_latency.h:42]   --->   Operation 997 'mul' 'mult_786' <Predicate = true> <Delay = 3.57> <CoreInst = "Multiplier">   --->   Core 3 'Multiplier' <Latency = 0> <II = 1> <Delay = 3.57> <FuncUnit> <Opcode : 'mul'> <InPorts = 2> <OutPorts = 1>
ST_4 : Operation 998 [1/1] (3.57ns)   --->   "%mult_787 = mul i23 %sext_ln70_259, i23 8388555" [firmware/nnet_utils/nnet_mult.h:73->firmware/nnet_utils/nnet_dense_latency.h:42]   --->   Operation 998 'mul' 'mult_787' <Predicate = true> <Delay = 3.57> <CoreInst = "Multiplier">   --->   Core 3 'Multiplier' <Latency = 0> <II = 1> <Delay = 3.57> <FuncUnit> <Opcode : 'mul'> <InPorts = 2> <OutPorts = 1>
ST_4 : Operation 999 [1/1] (3.57ns)   --->   "%mult_789 = mul i25 %sext_ln70_261, i25 33554186" [firmware/nnet_utils/nnet_mult.h:73->firmware/nnet_utils/nnet_dense_latency.h:42]   --->   Operation 999 'mul' 'mult_789' <Predicate = true> <Delay = 3.57> <CoreInst = "Multiplier">   --->   Core 3 'Multiplier' <Latency = 0> <II = 1> <Delay = 3.57> <FuncUnit> <Opcode : 'mul'> <InPorts = 2> <OutPorts = 1>
ST_4 : Operation 1000 [1/1] (3.57ns)   --->   "%mult_790 = mul i23 %sext_ln70_259, i23 37" [firmware/nnet_utils/nnet_mult.h:73->firmware/nnet_utils/nnet_dense_latency.h:42]   --->   Operation 1000 'mul' 'mult_790' <Predicate = true> <Delay = 3.57> <CoreInst = "Multiplier">   --->   Core 3 'Multiplier' <Latency = 0> <II = 1> <Delay = 3.57> <FuncUnit> <Opcode : 'mul'> <InPorts = 2> <OutPorts = 1>
ST_4 : Operation 1001 [1/1] (3.57ns)   --->   "%mult_792 = mul i25 %sext_ln70_261, i25 33554267" [firmware/nnet_utils/nnet_mult.h:73->firmware/nnet_utils/nnet_dense_latency.h:42]   --->   Operation 1001 'mul' 'mult_792' <Predicate = true> <Delay = 3.57> <CoreInst = "Multiplier">   --->   Core 3 'Multiplier' <Latency = 0> <II = 1> <Delay = 3.57> <FuncUnit> <Opcode : 'mul'> <InPorts = 2> <OutPorts = 1>
ST_4 : Operation 1002 [1/1] (3.57ns)   --->   "%mult_793 = mul i25 %sext_ln70_261, i25 33554239" [firmware/nnet_utils/nnet_mult.h:73->firmware/nnet_utils/nnet_dense_latency.h:42]   --->   Operation 1002 'mul' 'mult_793' <Predicate = true> <Delay = 3.57> <CoreInst = "Multiplier">   --->   Core 3 'Multiplier' <Latency = 0> <II = 1> <Delay = 3.57> <FuncUnit> <Opcode : 'mul'> <InPorts = 2> <OutPorts = 1>
ST_4 : Operation 1003 [1/1] (3.57ns)   --->   "%mult_794 = mul i21 %sext_ln70_257, i21 13" [firmware/nnet_utils/nnet_mult.h:73->firmware/nnet_utils/nnet_dense_latency.h:42]   --->   Operation 1003 'mul' 'mult_794' <Predicate = true> <Delay = 3.57> <CoreInst = "Multiplier">   --->   Core 3 'Multiplier' <Latency = 0> <II = 1> <Delay = 3.57> <FuncUnit> <Opcode : 'mul'> <InPorts = 2> <OutPorts = 1>
ST_4 : Operation 1004 [1/1] (0.00ns)   --->   "%sext_ln70_262 = sext i16 %a_104" [firmware/nnet_utils/nnet_mult.h:70->firmware/nnet_utils/nnet_dense_latency.h:42]   --->   Operation 1004 'sext' 'sext_ln70_262' <Predicate = true> <Delay = 0.00>
ST_4 : Operation 1005 [1/1] (0.00ns)   --->   "%sext_ln70_263 = sext i16 %a_104" [firmware/nnet_utils/nnet_mult.h:70->firmware/nnet_utils/nnet_dense_latency.h:42]   --->   Operation 1005 'sext' 'sext_ln70_263' <Predicate = true> <Delay = 0.00>
ST_4 : Operation 1006 [1/1] (0.00ns)   --->   "%sext_ln70_264 = sext i16 %a_104" [firmware/nnet_utils/nnet_mult.h:70->firmware/nnet_utils/nnet_dense_latency.h:42]   --->   Operation 1006 'sext' 'sext_ln70_264' <Predicate = true> <Delay = 0.00>
ST_4 : Operation 1007 [1/1] (0.00ns)   --->   "%shl_ln73_186 = bitconcatenate i17 @_ssdm_op_BitConcatenate.i17.i16.i1, i16 %a_104, i1 0" [firmware/nnet_utils/nnet_mult.h:73->firmware/nnet_utils/nnet_dense_latency.h:42]   --->   Operation 1007 'bitconcatenate' 'shl_ln73_186' <Predicate = true> <Delay = 0.00>
ST_4 : Operation 1008 [1/1] (0.00ns)   --->   "%sext_ln73_337 = sext i17 %shl_ln73_186" [firmware/nnet_utils/nnet_mult.h:73->firmware/nnet_utils/nnet_dense_latency.h:42]   --->   Operation 1008 'sext' 'sext_ln73_337' <Predicate = true> <Delay = 0.00>
ST_4 : Operation 1009 [1/1] (3.57ns)   --->   "%mult_795 = mul i24 %sext_ln70_264, i24 16777131" [firmware/nnet_utils/nnet_mult.h:73->firmware/nnet_utils/nnet_dense_latency.h:42]   --->   Operation 1009 'mul' 'mult_795' <Predicate = true> <Delay = 3.57> <CoreInst = "Multiplier">   --->   Core 3 'Multiplier' <Latency = 0> <II = 1> <Delay = 3.57> <FuncUnit> <Opcode : 'mul'> <InPorts = 2> <OutPorts = 1>
ST_4 : Operation 1010 [1/1] (3.57ns)   --->   "%mult_796 = mul i24 %sext_ln70_264, i24 16777135" [firmware/nnet_utils/nnet_mult.h:73->firmware/nnet_utils/nnet_dense_latency.h:42]   --->   Operation 1010 'mul' 'mult_796' <Predicate = true> <Delay = 3.57> <CoreInst = "Multiplier">   --->   Core 3 'Multiplier' <Latency = 0> <II = 1> <Delay = 3.57> <FuncUnit> <Opcode : 'mul'> <InPorts = 2> <OutPorts = 1>
ST_4 : Operation 1011 [1/1] (3.57ns)   --->   "%mult_798 = mul i25 %sext_ln70_262, i25 133" [firmware/nnet_utils/nnet_mult.h:73->firmware/nnet_utils/nnet_dense_latency.h:42]   --->   Operation 1011 'mul' 'mult_798' <Predicate = true> <Delay = 3.57> <CoreInst = "Multiplier">   --->   Core 3 'Multiplier' <Latency = 0> <II = 1> <Delay = 3.57> <FuncUnit> <Opcode : 'mul'> <InPorts = 2> <OutPorts = 1>
ST_4 : Operation 1012 [1/1] (3.57ns)   --->   "%mult_799 = mul i25 %sext_ln70_262, i25 209" [firmware/nnet_utils/nnet_mult.h:73->firmware/nnet_utils/nnet_dense_latency.h:42]   --->   Operation 1012 'mul' 'mult_799' <Predicate = true> <Delay = 3.57> <CoreInst = "Multiplier">   --->   Core 3 'Multiplier' <Latency = 0> <II = 1> <Delay = 3.57> <FuncUnit> <Opcode : 'mul'> <InPorts = 2> <OutPorts = 1>
ST_4 : Operation 1013 [1/1] (0.00ns)   --->   "%mult_800 = bitconcatenate i19 @_ssdm_op_BitConcatenate.i19.i16.i3, i16 %a_104, i3 0" [firmware/nnet_utils/nnet_mult.h:73->firmware/nnet_utils/nnet_dense_latency.h:42]   --->   Operation 1013 'bitconcatenate' 'mult_800' <Predicate = true> <Delay = 0.00>
ST_4 : Operation 1014 [1/1] (0.00ns)   --->   "%sext_ln17_132 = sext i19 %mult_800" [firmware/nnet_utils/nnet_dense_latency.h:17]   --->   Operation 1014 'sext' 'sext_ln17_132' <Predicate = true> <Delay = 0.00>
ST_4 : Operation 1015 [1/1] (3.57ns)   --->   "%mult_801 = mul i23 %sext_ln70_263, i23 8388570" [firmware/nnet_utils/nnet_mult.h:73->firmware/nnet_utils/nnet_dense_latency.h:42]   --->   Operation 1015 'mul' 'mult_801' <Predicate = true> <Delay = 3.57> <CoreInst = "Multiplier">   --->   Core 3 'Multiplier' <Latency = 0> <II = 1> <Delay = 3.57> <FuncUnit> <Opcode : 'mul'> <InPorts = 2> <OutPorts = 1>
ST_4 : Operation 1016 [1/1] (3.57ns)   --->   "%mult_802 = mul i25 %sext_ln70_262, i25 33554228" [firmware/nnet_utils/nnet_mult.h:73->firmware/nnet_utils/nnet_dense_latency.h:42]   --->   Operation 1016 'mul' 'mult_802' <Predicate = true> <Delay = 3.57> <CoreInst = "Multiplier">   --->   Core 3 'Multiplier' <Latency = 0> <II = 1> <Delay = 3.57> <FuncUnit> <Opcode : 'mul'> <InPorts = 2> <OutPorts = 1>
ST_4 : Operation 1017 [1/1] (0.00ns)   --->   "%a_105 = load i16 %p_ZZN4nnet24compute_output_buffer_2dINS_5arrayI8ap_fixedILi16ELi6EL9ap_q_mode5EL9_27"   --->   Operation 1017 'load' 'a_105' <Predicate = true> <Delay = 0.00>
ST_4 : Operation 1018 [1/1] (0.00ns)   --->   "%sext_ln70_265 = sext i16 %a_105" [firmware/nnet_utils/nnet_mult.h:70->firmware/nnet_utils/nnet_dense_latency.h:42]   --->   Operation 1018 'sext' 'sext_ln70_265' <Predicate = true> <Delay = 0.00>
ST_4 : Operation 1019 [1/1] (0.00ns)   --->   "%sext_ln70_266 = sext i16 %a_105" [firmware/nnet_utils/nnet_mult.h:70->firmware/nnet_utils/nnet_dense_latency.h:42]   --->   Operation 1019 'sext' 'sext_ln70_266' <Predicate = true> <Delay = 0.00>
ST_4 : Operation 1020 [1/1] (0.00ns)   --->   "%sext_ln70_267 = sext i16 %a_105" [firmware/nnet_utils/nnet_mult.h:70->firmware/nnet_utils/nnet_dense_latency.h:42]   --->   Operation 1020 'sext' 'sext_ln70_267' <Predicate = true> <Delay = 0.00>
ST_4 : Operation 1021 [1/1] (0.00ns)   --->   "%sext_ln70_268 = sext i16 %a_105" [firmware/nnet_utils/nnet_mult.h:70->firmware/nnet_utils/nnet_dense_latency.h:42]   --->   Operation 1021 'sext' 'sext_ln70_268' <Predicate = true> <Delay = 0.00>
ST_4 : Operation 1022 [1/1] (3.57ns)   --->   "%mult_804 = mul i23 %sext_ln70_268, i23 37" [firmware/nnet_utils/nnet_mult.h:73->firmware/nnet_utils/nnet_dense_latency.h:42]   --->   Operation 1022 'mul' 'mult_804' <Predicate = true> <Delay = 3.57> <CoreInst = "Multiplier">   --->   Core 3 'Multiplier' <Latency = 0> <II = 1> <Delay = 3.57> <FuncUnit> <Opcode : 'mul'> <InPorts = 2> <OutPorts = 1>
ST_4 : Operation 1023 [1/1] (3.57ns)   --->   "%mult_805 = mul i25 %sext_ln70_267, i25 140" [firmware/nnet_utils/nnet_mult.h:73->firmware/nnet_utils/nnet_dense_latency.h:42]   --->   Operation 1023 'mul' 'mult_805' <Predicate = true> <Delay = 3.57> <CoreInst = "Multiplier">   --->   Core 3 'Multiplier' <Latency = 0> <II = 1> <Delay = 3.57> <FuncUnit> <Opcode : 'mul'> <InPorts = 2> <OutPorts = 1>
ST_4 : Operation 1024 [1/1] (3.57ns)   --->   "%mult_808 = mul i24 %sext_ln70_266, i24 110" [firmware/nnet_utils/nnet_mult.h:73->firmware/nnet_utils/nnet_dense_latency.h:42]   --->   Operation 1024 'mul' 'mult_808' <Predicate = true> <Delay = 3.57> <CoreInst = "Multiplier">   --->   Core 3 'Multiplier' <Latency = 0> <II = 1> <Delay = 3.57> <FuncUnit> <Opcode : 'mul'> <InPorts = 2> <OutPorts = 1>
ST_4 : Operation 1025 [1/1] (3.57ns)   --->   "%mult_809 = mul i25 %sext_ln70_267, i25 33554257" [firmware/nnet_utils/nnet_mult.h:73->firmware/nnet_utils/nnet_dense_latency.h:42]   --->   Operation 1025 'mul' 'mult_809' <Predicate = true> <Delay = 3.57> <CoreInst = "Multiplier">   --->   Core 3 'Multiplier' <Latency = 0> <II = 1> <Delay = 3.57> <FuncUnit> <Opcode : 'mul'> <InPorts = 2> <OutPorts = 1>
ST_4 : Operation 1026 [1/1] (3.57ns)   --->   "%mult_811 = mul i26 %sext_ln70_265, i26 321" [firmware/nnet_utils/nnet_mult.h:73->firmware/nnet_utils/nnet_dense_latency.h:42]   --->   Operation 1026 'mul' 'mult_811' <Predicate = true> <Delay = 3.57> <CoreInst = "Multiplier">   --->   Core 3 'Multiplier' <Latency = 0> <II = 1> <Delay = 3.57> <FuncUnit> <Opcode : 'mul'> <InPorts = 2> <OutPorts = 1>
ST_4 : Operation 1027 [1/1] (0.00ns)   --->   "%a_106 = load i16 %p_ZZN4nnet24compute_output_buffer_2dINS_5arrayI8ap_fixedILi16ELi6EL9ap_q_mode5EL9_26"   --->   Operation 1027 'load' 'a_106' <Predicate = true> <Delay = 0.00>
ST_4 : Operation 1028 [1/1] (0.00ns)   --->   "%sext_ln70_269 = sext i16 %a_106" [firmware/nnet_utils/nnet_mult.h:70->firmware/nnet_utils/nnet_dense_latency.h:42]   --->   Operation 1028 'sext' 'sext_ln70_269' <Predicate = true> <Delay = 0.00>
ST_4 : Operation 1029 [1/1] (0.00ns)   --->   "%sext_ln70_270 = sext i16 %a_106" [firmware/nnet_utils/nnet_mult.h:70->firmware/nnet_utils/nnet_dense_latency.h:42]   --->   Operation 1029 'sext' 'sext_ln70_270' <Predicate = true> <Delay = 0.00>
ST_4 : Operation 1030 [1/1] (0.00ns)   --->   "%sext_ln70_271 = sext i16 %a_106" [firmware/nnet_utils/nnet_mult.h:70->firmware/nnet_utils/nnet_dense_latency.h:42]   --->   Operation 1030 'sext' 'sext_ln70_271' <Predicate = true> <Delay = 0.00>
ST_4 : Operation 1031 [1/1] (3.57ns)   --->   "%mult_812 = mul i23 %sext_ln70_271, i23 8388573" [firmware/nnet_utils/nnet_mult.h:73->firmware/nnet_utils/nnet_dense_latency.h:42]   --->   Operation 1031 'mul' 'mult_812' <Predicate = true> <Delay = 3.57> <CoreInst = "Multiplier">   --->   Core 3 'Multiplier' <Latency = 0> <II = 1> <Delay = 3.57> <FuncUnit> <Opcode : 'mul'> <InPorts = 2> <OutPorts = 1>
ST_4 : Operation 1032 [1/1] (3.57ns)   --->   "%mult_813 = mul i25 %sext_ln70_270, i25 33554216" [firmware/nnet_utils/nnet_mult.h:73->firmware/nnet_utils/nnet_dense_latency.h:42]   --->   Operation 1032 'mul' 'mult_813' <Predicate = true> <Delay = 3.57> <CoreInst = "Multiplier">   --->   Core 3 'Multiplier' <Latency = 0> <II = 1> <Delay = 3.57> <FuncUnit> <Opcode : 'mul'> <InPorts = 2> <OutPorts = 1>
ST_4 : Operation 1033 [1/1] (3.57ns)   --->   "%mult_814 = mul i25 %sext_ln70_270, i25 33554294" [firmware/nnet_utils/nnet_mult.h:73->firmware/nnet_utils/nnet_dense_latency.h:42]   --->   Operation 1033 'mul' 'mult_814' <Predicate = true> <Delay = 3.57> <CoreInst = "Multiplier">   --->   Core 3 'Multiplier' <Latency = 0> <II = 1> <Delay = 3.57> <FuncUnit> <Opcode : 'mul'> <InPorts = 2> <OutPorts = 1>
ST_4 : Operation 1034 [1/1] (3.57ns)   --->   "%mult_815 = mul i24 %sext_ln70_269, i24 16777108" [firmware/nnet_utils/nnet_mult.h:73->firmware/nnet_utils/nnet_dense_latency.h:42]   --->   Operation 1034 'mul' 'mult_815' <Predicate = true> <Delay = 3.57> <CoreInst = "Multiplier">   --->   Core 3 'Multiplier' <Latency = 0> <II = 1> <Delay = 3.57> <FuncUnit> <Opcode : 'mul'> <InPorts = 2> <OutPorts = 1>
ST_4 : Operation 1035 [1/1] (3.57ns)   --->   "%mul_ln73_624 = mul i24 %sext_ln70_269, i24 83" [firmware/nnet_utils/nnet_mult.h:73->firmware/nnet_utils/nnet_dense_latency.h:42]   --->   Operation 1035 'mul' 'mul_ln73_624' <Predicate = true> <Delay = 3.57> <CoreInst = "Multiplier">   --->   Core 3 'Multiplier' <Latency = 0> <II = 1> <Delay = 3.57> <FuncUnit> <Opcode : 'mul'> <InPorts = 2> <OutPorts = 1>
ST_4 : Operation 1036 [1/1] (3.57ns)   --->   "%mult_816 = mul i23 %sext_ln70_271, i23 53" [firmware/nnet_utils/nnet_mult.h:73->firmware/nnet_utils/nnet_dense_latency.h:42]   --->   Operation 1036 'mul' 'mult_816' <Predicate = true> <Delay = 3.57> <CoreInst = "Multiplier">   --->   Core 3 'Multiplier' <Latency = 0> <II = 1> <Delay = 3.57> <FuncUnit> <Opcode : 'mul'> <InPorts = 2> <OutPorts = 1>
ST_4 : Operation 1037 [1/1] (0.00ns)   --->   "%sext_ln70_272 = sext i16 %a_107" [firmware/nnet_utils/nnet_mult.h:70->firmware/nnet_utils/nnet_dense_latency.h:42]   --->   Operation 1037 'sext' 'sext_ln70_272' <Predicate = true> <Delay = 0.00>
ST_4 : Operation 1038 [1/1] (0.00ns)   --->   "%sext_ln70_274 = sext i16 %a_107" [firmware/nnet_utils/nnet_mult.h:70->firmware/nnet_utils/nnet_dense_latency.h:42]   --->   Operation 1038 'sext' 'sext_ln70_274' <Predicate = true> <Delay = 0.00>
ST_4 : Operation 1039 [1/1] (3.57ns)   --->   "%mult_820 = mul i25 %sext_ln70_274, i25 141" [firmware/nnet_utils/nnet_mult.h:73->firmware/nnet_utils/nnet_dense_latency.h:42]   --->   Operation 1039 'mul' 'mult_820' <Predicate = true> <Delay = 3.57> <CoreInst = "Multiplier">   --->   Core 3 'Multiplier' <Latency = 0> <II = 1> <Delay = 3.57> <FuncUnit> <Opcode : 'mul'> <InPorts = 2> <OutPorts = 1>
ST_4 : Operation 1040 [1/1] (3.57ns)   --->   "%mult_823 = mul i25 %sext_ln70_274, i25 33554207" [firmware/nnet_utils/nnet_mult.h:73->firmware/nnet_utils/nnet_dense_latency.h:42]   --->   Operation 1040 'mul' 'mult_823' <Predicate = true> <Delay = 3.57> <CoreInst = "Multiplier">   --->   Core 3 'Multiplier' <Latency = 0> <II = 1> <Delay = 3.57> <FuncUnit> <Opcode : 'mul'> <InPorts = 2> <OutPorts = 1>
ST_4 : Operation 1041 [1/1] (3.57ns)   --->   "%mult_824 = mul i25 %sext_ln70_274, i25 33554267" [firmware/nnet_utils/nnet_mult.h:73->firmware/nnet_utils/nnet_dense_latency.h:42]   --->   Operation 1041 'mul' 'mult_824' <Predicate = true> <Delay = 3.57> <CoreInst = "Multiplier">   --->   Core 3 'Multiplier' <Latency = 0> <II = 1> <Delay = 3.57> <FuncUnit> <Opcode : 'mul'> <InPorts = 2> <OutPorts = 1>
ST_4 : Operation 1042 [1/1] (3.57ns)   --->   "%mult_826 = mul i25 %sext_ln70_274, i25 133" [firmware/nnet_utils/nnet_mult.h:73->firmware/nnet_utils/nnet_dense_latency.h:42]   --->   Operation 1042 'mul' 'mult_826' <Predicate = true> <Delay = 3.57> <CoreInst = "Multiplier">   --->   Core 3 'Multiplier' <Latency = 0> <II = 1> <Delay = 3.57> <FuncUnit> <Opcode : 'mul'> <InPorts = 2> <OutPorts = 1>
ST_4 : Operation 1043 [1/1] (3.57ns)   --->   "%mult_827 = mul i25 %sext_ln70_274, i25 222" [firmware/nnet_utils/nnet_mult.h:73->firmware/nnet_utils/nnet_dense_latency.h:42]   --->   Operation 1043 'mul' 'mult_827' <Predicate = true> <Delay = 3.57> <CoreInst = "Multiplier">   --->   Core 3 'Multiplier' <Latency = 0> <II = 1> <Delay = 3.57> <FuncUnit> <Opcode : 'mul'> <InPorts = 2> <OutPorts = 1>
ST_4 : Operation 1044 [1/1] (0.00ns)   --->   "%shl_ln73_203 = bitconcatenate i18 @_ssdm_op_BitConcatenate.i18.i16.i2, i16 %a_107, i2 0" [firmware/nnet_utils/nnet_mult.h:73->firmware/nnet_utils/nnet_dense_latency.h:42]   --->   Operation 1044 'bitconcatenate' 'shl_ln73_203' <Predicate = true> <Delay = 0.00>
ST_4 : Operation 1045 [1/1] (0.00ns)   --->   "%sext_ln73_355 = sext i18 %shl_ln73_203" [firmware/nnet_utils/nnet_mult.h:73->firmware/nnet_utils/nnet_dense_latency.h:42]   --->   Operation 1045 'sext' 'sext_ln73_355' <Predicate = true> <Delay = 0.00>
ST_4 : Operation 1046 [1/1] (1.42ns)   --->   "%mult_828 = add i19 %sext_ln73_355, i19 %sext_ln70_272" [firmware/nnet_utils/nnet_mult.h:73->firmware/nnet_utils/nnet_dense_latency.h:42]   --->   Operation 1046 'add' 'mult_828' <Predicate = true> <Delay = 1.42> <CoreInst = "Adder">   --->   Core 1 'Adder' <Latency = 0> <II = 1> <Delay = 1.42> <FuncUnit> <Opcode : 'add' 'sub'> <InPorts = 2> <OutPorts = 1>
ST_4 : Operation 1047 [1/1] (0.00ns)   --->   "%sext_ln70_276 = sext i16 %a_108" [firmware/nnet_utils/nnet_mult.h:70->firmware/nnet_utils/nnet_dense_latency.h:42]   --->   Operation 1047 'sext' 'sext_ln70_276' <Predicate = true> <Delay = 0.00>
ST_4 : Operation 1048 [1/1] (0.00ns)   --->   "%sext_ln70_277 = sext i16 %a_108" [firmware/nnet_utils/nnet_mult.h:70->firmware/nnet_utils/nnet_dense_latency.h:42]   --->   Operation 1048 'sext' 'sext_ln70_277' <Predicate = true> <Delay = 0.00>
ST_4 : Operation 1049 [1/1] (0.00ns)   --->   "%sext_ln17_138 = sext i17 %mult_829" [firmware/nnet_utils/nnet_dense_latency.h:17]   --->   Operation 1049 'sext' 'sext_ln17_138' <Predicate = true> <Delay = 0.00>
ST_4 : Operation 1050 [1/1] (3.57ns)   --->   "%mult_830 = mul i24 %sext_ln70_277, i24 95" [firmware/nnet_utils/nnet_mult.h:73->firmware/nnet_utils/nnet_dense_latency.h:42]   --->   Operation 1050 'mul' 'mult_830' <Predicate = true> <Delay = 3.57> <CoreInst = "Multiplier">   --->   Core 3 'Multiplier' <Latency = 0> <II = 1> <Delay = 3.57> <FuncUnit> <Opcode : 'mul'> <InPorts = 2> <OutPorts = 1>
ST_4 : Operation 1051 [1/1] (3.57ns)   --->   "%mult_831 = mul i25 %sext_ln70_276, i25 33554251" [firmware/nnet_utils/nnet_mult.h:73->firmware/nnet_utils/nnet_dense_latency.h:42]   --->   Operation 1051 'mul' 'mult_831' <Predicate = true> <Delay = 3.57> <CoreInst = "Multiplier">   --->   Core 3 'Multiplier' <Latency = 0> <II = 1> <Delay = 3.57> <FuncUnit> <Opcode : 'mul'> <InPorts = 2> <OutPorts = 1>
ST_4 : Operation 1052 [1/1] (3.57ns)   --->   "%mult_832 = mul i25 %sext_ln70_276, i25 33554246" [firmware/nnet_utils/nnet_mult.h:73->firmware/nnet_utils/nnet_dense_latency.h:42]   --->   Operation 1052 'mul' 'mult_832' <Predicate = true> <Delay = 3.57> <CoreInst = "Multiplier">   --->   Core 3 'Multiplier' <Latency = 0> <II = 1> <Delay = 3.57> <FuncUnit> <Opcode : 'mul'> <InPorts = 2> <OutPorts = 1>
ST_4 : Operation 1053 [1/1] (3.57ns)   --->   "%mult_833 = mul i25 %sext_ln70_276, i25 197" [firmware/nnet_utils/nnet_mult.h:73->firmware/nnet_utils/nnet_dense_latency.h:42]   --->   Operation 1053 'mul' 'mult_833' <Predicate = true> <Delay = 3.57> <CoreInst = "Multiplier">   --->   Core 3 'Multiplier' <Latency = 0> <II = 1> <Delay = 3.57> <FuncUnit> <Opcode : 'mul'> <InPorts = 2> <OutPorts = 1>
ST_4 : Operation 1054 [1/1] (0.00ns)   --->   "%sext_ln17_140 = sext i22 %mult_834" [firmware/nnet_utils/nnet_dense_latency.h:17]   --->   Operation 1054 'sext' 'sext_ln17_140' <Predicate = true> <Delay = 0.00>
ST_4 : Operation 1055 [1/1] (3.57ns)   --->   "%mult_835 = mul i24 %sext_ln70_277, i24 16777108" [firmware/nnet_utils/nnet_mult.h:73->firmware/nnet_utils/nnet_dense_latency.h:42]   --->   Operation 1055 'mul' 'mult_835' <Predicate = true> <Delay = 3.57> <CoreInst = "Multiplier">   --->   Core 3 'Multiplier' <Latency = 0> <II = 1> <Delay = 3.57> <FuncUnit> <Opcode : 'mul'> <InPorts = 2> <OutPorts = 1>
ST_4 : Operation 1056 [1/1] (3.57ns)   --->   "%mult_836 = mul i24 %sext_ln70_277, i24 75" [firmware/nnet_utils/nnet_mult.h:73->firmware/nnet_utils/nnet_dense_latency.h:42]   --->   Operation 1056 'mul' 'mult_836' <Predicate = true> <Delay = 3.57> <CoreInst = "Multiplier">   --->   Core 3 'Multiplier' <Latency = 0> <II = 1> <Delay = 3.57> <FuncUnit> <Opcode : 'mul'> <InPorts = 2> <OutPorts = 1>
ST_4 : Operation 1057 [1/1] (3.57ns)   --->   "%mult_837 = mul i25 %sext_ln70_276, i25 147" [firmware/nnet_utils/nnet_mult.h:73->firmware/nnet_utils/nnet_dense_latency.h:42]   --->   Operation 1057 'mul' 'mult_837' <Predicate = true> <Delay = 3.57> <CoreInst = "Multiplier">   --->   Core 3 'Multiplier' <Latency = 0> <II = 1> <Delay = 3.57> <FuncUnit> <Opcode : 'mul'> <InPorts = 2> <OutPorts = 1>
ST_4 : Operation 1058 [1/1] (0.00ns)   --->   "%a_109 = load i16 %p_ZZN4nnet24compute_output_buffer_2dINS_5arrayI8ap_fixedILi16ELi6EL9ap_q_mode5EL9_23"   --->   Operation 1058 'load' 'a_109' <Predicate = true> <Delay = 0.00>
ST_4 : Operation 1059 [1/1] (0.00ns)   --->   "%sext_ln70_280 = sext i16 %a_109" [firmware/nnet_utils/nnet_mult.h:70->firmware/nnet_utils/nnet_dense_latency.h:42]   --->   Operation 1059 'sext' 'sext_ln70_280' <Predicate = true> <Delay = 0.00>
ST_4 : Operation 1060 [1/1] (0.00ns)   --->   "%sext_ln70_281 = sext i16 %a_109" [firmware/nnet_utils/nnet_mult.h:70->firmware/nnet_utils/nnet_dense_latency.h:42]   --->   Operation 1060 'sext' 'sext_ln70_281' <Predicate = true> <Delay = 0.00>
ST_4 : Operation 1061 [1/1] (0.00ns)   --->   "%sext_ln70_282 = sext i16 %a_109" [firmware/nnet_utils/nnet_mult.h:70->firmware/nnet_utils/nnet_dense_latency.h:42]   --->   Operation 1061 'sext' 'sext_ln70_282' <Predicate = true> <Delay = 0.00>
ST_4 : Operation 1062 [1/1] (0.00ns)   --->   "%sext_ln70_283 = sext i16 %a_109" [firmware/nnet_utils/nnet_mult.h:70->firmware/nnet_utils/nnet_dense_latency.h:42]   --->   Operation 1062 'sext' 'sext_ln70_283' <Predicate = true> <Delay = 0.00>
ST_4 : Operation 1063 [1/1] (3.57ns)   --->   "%mult_838 = mul i22 %sext_ln70_283, i22 23" [firmware/nnet_utils/nnet_mult.h:73->firmware/nnet_utils/nnet_dense_latency.h:42]   --->   Operation 1063 'mul' 'mult_838' <Predicate = true> <Delay = 3.57> <CoreInst = "Multiplier">   --->   Core 3 'Multiplier' <Latency = 0> <II = 1> <Delay = 3.57> <FuncUnit> <Opcode : 'mul'> <InPorts = 2> <OutPorts = 1>
ST_4 : Operation 1064 [1/1] (3.57ns)   --->   "%mult_839 = mul i25 %sext_ln70_282, i25 33554245" [firmware/nnet_utils/nnet_mult.h:73->firmware/nnet_utils/nnet_dense_latency.h:42]   --->   Operation 1064 'mul' 'mult_839' <Predicate = true> <Delay = 3.57> <CoreInst = "Multiplier">   --->   Core 3 'Multiplier' <Latency = 0> <II = 1> <Delay = 3.57> <FuncUnit> <Opcode : 'mul'> <InPorts = 2> <OutPorts = 1>
ST_4 : Operation 1065 [1/1] (3.57ns)   --->   "%mult_840 = mul i23 %sext_ln70_281, i23 8388549" [firmware/nnet_utils/nnet_mult.h:73->firmware/nnet_utils/nnet_dense_latency.h:42]   --->   Operation 1065 'mul' 'mult_840' <Predicate = true> <Delay = 3.57> <CoreInst = "Multiplier">   --->   Core 3 'Multiplier' <Latency = 0> <II = 1> <Delay = 3.57> <FuncUnit> <Opcode : 'mul'> <InPorts = 2> <OutPorts = 1>
ST_4 : Operation 1066 [1/1] (3.57ns)   --->   "%mult_841 = mul i24 %sext_ln70_280, i24 16777131" [firmware/nnet_utils/nnet_mult.h:73->firmware/nnet_utils/nnet_dense_latency.h:42]   --->   Operation 1066 'mul' 'mult_841' <Predicate = true> <Delay = 3.57> <CoreInst = "Multiplier">   --->   Core 3 'Multiplier' <Latency = 0> <II = 1> <Delay = 3.57> <FuncUnit> <Opcode : 'mul'> <InPorts = 2> <OutPorts = 1>
ST_4 : Operation 1067 [1/1] (3.57ns)   --->   "%mult_842 = mul i24 %sext_ln70_280, i24 75" [firmware/nnet_utils/nnet_mult.h:73->firmware/nnet_utils/nnet_dense_latency.h:42]   --->   Operation 1067 'mul' 'mult_842' <Predicate = true> <Delay = 3.57> <CoreInst = "Multiplier">   --->   Core 3 'Multiplier' <Latency = 0> <II = 1> <Delay = 3.57> <FuncUnit> <Opcode : 'mul'> <InPorts = 2> <OutPorts = 1>
ST_4 : Operation 1068 [1/1] (3.57ns)   --->   "%mult_843 = mul i23 %sext_ln70_281, i23 8388573" [firmware/nnet_utils/nnet_mult.h:73->firmware/nnet_utils/nnet_dense_latency.h:42]   --->   Operation 1068 'mul' 'mult_843' <Predicate = true> <Delay = 3.57> <CoreInst = "Multiplier">   --->   Core 3 'Multiplier' <Latency = 0> <II = 1> <Delay = 3.57> <FuncUnit> <Opcode : 'mul'> <InPorts = 2> <OutPorts = 1>
ST_4 : Operation 1069 [1/1] (3.57ns)   --->   "%mult_844 = mul i23 %sext_ln70_281, i23 8388556" [firmware/nnet_utils/nnet_mult.h:73->firmware/nnet_utils/nnet_dense_latency.h:42]   --->   Operation 1069 'mul' 'mult_844' <Predicate = true> <Delay = 3.57> <CoreInst = "Multiplier">   --->   Core 3 'Multiplier' <Latency = 0> <II = 1> <Delay = 3.57> <FuncUnit> <Opcode : 'mul'> <InPorts = 2> <OutPorts = 1>
ST_4 : Operation 1070 [1/1] (3.57ns)   --->   "%mult_845 = mul i25 %sext_ln70_282, i25 33554222" [firmware/nnet_utils/nnet_mult.h:73->firmware/nnet_utils/nnet_dense_latency.h:42]   --->   Operation 1070 'mul' 'mult_845' <Predicate = true> <Delay = 3.57> <CoreInst = "Multiplier">   --->   Core 3 'Multiplier' <Latency = 0> <II = 1> <Delay = 3.57> <FuncUnit> <Opcode : 'mul'> <InPorts = 2> <OutPorts = 1>
ST_4 : Operation 1071 [1/1] (0.00ns)   --->   "%a_110 = load i16 %p_ZZN4nnet24compute_output_buffer_2dINS_5arrayI8ap_fixedILi16ELi6EL9ap_q_mode5EL9_22"   --->   Operation 1071 'load' 'a_110' <Predicate = true> <Delay = 0.00>
ST_4 : Operation 1072 [1/1] (0.00ns)   --->   "%sext_ln70_285 = sext i16 %a_110" [firmware/nnet_utils/nnet_mult.h:70->firmware/nnet_utils/nnet_dense_latency.h:42]   --->   Operation 1072 'sext' 'sext_ln70_285' <Predicate = true> <Delay = 0.00>
ST_4 : Operation 1073 [1/1] (0.00ns)   --->   "%sext_ln70_286 = sext i16 %a_110" [firmware/nnet_utils/nnet_mult.h:70->firmware/nnet_utils/nnet_dense_latency.h:42]   --->   Operation 1073 'sext' 'sext_ln70_286' <Predicate = true> <Delay = 0.00>
ST_4 : Operation 1074 [1/1] (0.00ns)   --->   "%sext_ln70_287 = sext i16 %a_110" [firmware/nnet_utils/nnet_mult.h:70->firmware/nnet_utils/nnet_dense_latency.h:42]   --->   Operation 1074 'sext' 'sext_ln70_287' <Predicate = true> <Delay = 0.00>
ST_4 : Operation 1075 [1/1] (3.57ns)   --->   "%mult_848 = mul i24 %sext_ln70_287, i24 16777091" [firmware/nnet_utils/nnet_mult.h:73->firmware/nnet_utils/nnet_dense_latency.h:42]   --->   Operation 1075 'mul' 'mult_848' <Predicate = true> <Delay = 3.57> <CoreInst = "Multiplier">   --->   Core 3 'Multiplier' <Latency = 0> <II = 1> <Delay = 3.57> <FuncUnit> <Opcode : 'mul'> <InPorts = 2> <OutPorts = 1>
ST_4 : Operation 1076 [1/1] (3.57ns)   --->   "%mult_850 = mul i25 %sext_ln70_286, i25 33554235" [firmware/nnet_utils/nnet_mult.h:73->firmware/nnet_utils/nnet_dense_latency.h:42]   --->   Operation 1076 'mul' 'mult_850' <Predicate = true> <Delay = 3.57> <CoreInst = "Multiplier">   --->   Core 3 'Multiplier' <Latency = 0> <II = 1> <Delay = 3.57> <FuncUnit> <Opcode : 'mul'> <InPorts = 2> <OutPorts = 1>
ST_4 : Operation 1077 [1/1] (3.57ns)   --->   "%mult_851 = mul i22 %sext_ln70_285, i22 4194283" [firmware/nnet_utils/nnet_mult.h:73->firmware/nnet_utils/nnet_dense_latency.h:42]   --->   Operation 1077 'mul' 'mult_851' <Predicate = true> <Delay = 3.57> <CoreInst = "Multiplier">   --->   Core 3 'Multiplier' <Latency = 0> <II = 1> <Delay = 3.57> <FuncUnit> <Opcode : 'mul'> <InPorts = 2> <OutPorts = 1>
ST_4 : Operation 1078 [1/1] (3.57ns)   --->   "%mult_852 = mul i25 %sext_ln70_286, i25 33554196" [firmware/nnet_utils/nnet_mult.h:73->firmware/nnet_utils/nnet_dense_latency.h:42]   --->   Operation 1078 'mul' 'mult_852' <Predicate = true> <Delay = 3.57> <CoreInst = "Multiplier">   --->   Core 3 'Multiplier' <Latency = 0> <II = 1> <Delay = 3.57> <FuncUnit> <Opcode : 'mul'> <InPorts = 2> <OutPorts = 1>
ST_4 : Operation 1079 [1/1] (3.57ns)   --->   "%mult_855 = mul i24 %sext_ln70_287, i24 16777123" [firmware/nnet_utils/nnet_mult.h:73->firmware/nnet_utils/nnet_dense_latency.h:42]   --->   Operation 1079 'mul' 'mult_855' <Predicate = true> <Delay = 3.57> <CoreInst = "Multiplier">   --->   Core 3 'Multiplier' <Latency = 0> <II = 1> <Delay = 3.57> <FuncUnit> <Opcode : 'mul'> <InPorts = 2> <OutPorts = 1>
ST_4 : Operation 1080 [1/1] (3.57ns)   --->   "%mult_856 = mul i25 %sext_ln70_286, i25 168" [firmware/nnet_utils/nnet_mult.h:73->firmware/nnet_utils/nnet_dense_latency.h:42]   --->   Operation 1080 'mul' 'mult_856' <Predicate = true> <Delay = 3.57> <CoreInst = "Multiplier">   --->   Core 3 'Multiplier' <Latency = 0> <II = 1> <Delay = 3.57> <FuncUnit> <Opcode : 'mul'> <InPorts = 2> <OutPorts = 1>
ST_4 : Operation 1081 [1/1] (3.57ns)   --->   "%mult_857 = mul i24 %sext_ln70_287, i24 111" [firmware/nnet_utils/nnet_mult.h:73->firmware/nnet_utils/nnet_dense_latency.h:42]   --->   Operation 1081 'mul' 'mult_857' <Predicate = true> <Delay = 3.57> <CoreInst = "Multiplier">   --->   Core 3 'Multiplier' <Latency = 0> <II = 1> <Delay = 3.57> <FuncUnit> <Opcode : 'mul'> <InPorts = 2> <OutPorts = 1>
ST_4 : Operation 1082 [1/1] (0.00ns)   --->   "%a_111 = load i16 %p_ZZN4nnet24compute_output_buffer_2dINS_5arrayI8ap_fixedILi16ELi6EL9ap_q_mode5EL9_21"   --->   Operation 1082 'load' 'a_111' <Predicate = true> <Delay = 0.00>
ST_4 : Operation 1083 [1/1] (0.00ns)   --->   "%sext_ln70_288 = sext i16 %a_111" [firmware/nnet_utils/nnet_mult.h:70->firmware/nnet_utils/nnet_dense_latency.h:42]   --->   Operation 1083 'sext' 'sext_ln70_288' <Predicate = true> <Delay = 0.00>
ST_4 : Operation 1084 [1/1] (0.00ns)   --->   "%sext_ln70_290 = sext i16 %a_111" [firmware/nnet_utils/nnet_mult.h:70->firmware/nnet_utils/nnet_dense_latency.h:42]   --->   Operation 1084 'sext' 'sext_ln70_290' <Predicate = true> <Delay = 0.00>
ST_4 : Operation 1085 [1/1] (0.00ns)   --->   "%sext_ln70_291 = sext i16 %a_111" [firmware/nnet_utils/nnet_mult.h:70->firmware/nnet_utils/nnet_dense_latency.h:42]   --->   Operation 1085 'sext' 'sext_ln70_291' <Predicate = true> <Delay = 0.00>
ST_4 : Operation 1086 [1/1] (3.57ns)   --->   "%mult_858 = mul i25 %sext_ln70_291, i25 142" [firmware/nnet_utils/nnet_mult.h:73->firmware/nnet_utils/nnet_dense_latency.h:42]   --->   Operation 1086 'mul' 'mult_858' <Predicate = true> <Delay = 3.57> <CoreInst = "Multiplier">   --->   Core 3 'Multiplier' <Latency = 0> <II = 1> <Delay = 3.57> <FuncUnit> <Opcode : 'mul'> <InPorts = 2> <OutPorts = 1>
ST_4 : Operation 1087 [1/1] (3.57ns)   --->   "%mult_859 = mul i25 %sext_ln70_291, i25 33554297" [firmware/nnet_utils/nnet_mult.h:73->firmware/nnet_utils/nnet_dense_latency.h:42]   --->   Operation 1087 'mul' 'mult_859' <Predicate = true> <Delay = 3.57> <CoreInst = "Multiplier">   --->   Core 3 'Multiplier' <Latency = 0> <II = 1> <Delay = 3.57> <FuncUnit> <Opcode : 'mul'> <InPorts = 2> <OutPorts = 1>
ST_4 : Operation 1088 [1/1] (3.57ns)   --->   "%mult_864 = mul i23 %sext_ln70_290, i23 8388549" [firmware/nnet_utils/nnet_mult.h:73->firmware/nnet_utils/nnet_dense_latency.h:42]   --->   Operation 1088 'mul' 'mult_864' <Predicate = true> <Delay = 3.57> <CoreInst = "Multiplier">   --->   Core 3 'Multiplier' <Latency = 0> <II = 1> <Delay = 3.57> <FuncUnit> <Opcode : 'mul'> <InPorts = 2> <OutPorts = 1>
ST_4 : Operation 1089 [1/1] (3.57ns)   --->   "%mult_866 = mul i24 %sext_ln70_288, i24 16777129" [firmware/nnet_utils/nnet_mult.h:73->firmware/nnet_utils/nnet_dense_latency.h:42]   --->   Operation 1089 'mul' 'mult_866' <Predicate = true> <Delay = 3.57> <CoreInst = "Multiplier">   --->   Core 3 'Multiplier' <Latency = 0> <II = 1> <Delay = 3.57> <FuncUnit> <Opcode : 'mul'> <InPorts = 2> <OutPorts = 1>
ST_4 : Operation 1090 [1/1] (0.00ns)   --->   "%a_112 = load i16 %p_ZZN4nnet24compute_output_buffer_2dINS_5arrayI8ap_fixedILi16ELi6EL9ap_q_mode5EL9_20"   --->   Operation 1090 'load' 'a_112' <Predicate = true> <Delay = 0.00>
ST_4 : Operation 1091 [1/1] (0.00ns)   --->   "%sext_ln70_292 = sext i16 %a_112" [firmware/nnet_utils/nnet_mult.h:70->firmware/nnet_utils/nnet_dense_latency.h:42]   --->   Operation 1091 'sext' 'sext_ln70_292' <Predicate = true> <Delay = 0.00>
ST_4 : Operation 1092 [1/1] (0.00ns)   --->   "%sext_ln70_293 = sext i16 %a_112" [firmware/nnet_utils/nnet_mult.h:70->firmware/nnet_utils/nnet_dense_latency.h:42]   --->   Operation 1092 'sext' 'sext_ln70_293' <Predicate = true> <Delay = 0.00>
ST_4 : Operation 1093 [1/1] (3.57ns)   --->   "%mult_867 = mul i24 %sext_ln70_293, i24 93" [firmware/nnet_utils/nnet_mult.h:73->firmware/nnet_utils/nnet_dense_latency.h:42]   --->   Operation 1093 'mul' 'mult_867' <Predicate = true> <Delay = 3.57> <CoreInst = "Multiplier">   --->   Core 3 'Multiplier' <Latency = 0> <II = 1> <Delay = 3.57> <FuncUnit> <Opcode : 'mul'> <InPorts = 2> <OutPorts = 1>
ST_4 : Operation 1094 [1/1] (3.57ns)   --->   "%mult_868 = mul i24 %sext_ln70_293, i24 101" [firmware/nnet_utils/nnet_mult.h:73->firmware/nnet_utils/nnet_dense_latency.h:42]   --->   Operation 1094 'mul' 'mult_868' <Predicate = true> <Delay = 3.57> <CoreInst = "Multiplier">   --->   Core 3 'Multiplier' <Latency = 0> <II = 1> <Delay = 3.57> <FuncUnit> <Opcode : 'mul'> <InPorts = 2> <OutPorts = 1>
ST_4 : Operation 1095 [1/1] (3.57ns)   --->   "%mult_870 = mul i24 %sext_ln70_293, i24 16777093" [firmware/nnet_utils/nnet_mult.h:73->firmware/nnet_utils/nnet_dense_latency.h:42]   --->   Operation 1095 'mul' 'mult_870' <Predicate = true> <Delay = 3.57> <CoreInst = "Multiplier">   --->   Core 3 'Multiplier' <Latency = 0> <II = 1> <Delay = 3.57> <FuncUnit> <Opcode : 'mul'> <InPorts = 2> <OutPorts = 1>
ST_4 : Operation 1096 [1/1] (3.57ns)   --->   "%mult_871 = mul i24 %sext_ln70_293, i24 85" [firmware/nnet_utils/nnet_mult.h:73->firmware/nnet_utils/nnet_dense_latency.h:42]   --->   Operation 1096 'mul' 'mult_871' <Predicate = true> <Delay = 3.57> <CoreInst = "Multiplier">   --->   Core 3 'Multiplier' <Latency = 0> <II = 1> <Delay = 3.57> <FuncUnit> <Opcode : 'mul'> <InPorts = 2> <OutPorts = 1>
ST_4 : Operation 1097 [1/1] (3.57ns)   --->   "%mult_872 = mul i24 %sext_ln70_293, i24 86" [firmware/nnet_utils/nnet_mult.h:73->firmware/nnet_utils/nnet_dense_latency.h:42]   --->   Operation 1097 'mul' 'mult_872' <Predicate = true> <Delay = 3.57> <CoreInst = "Multiplier">   --->   Core 3 'Multiplier' <Latency = 0> <II = 1> <Delay = 3.57> <FuncUnit> <Opcode : 'mul'> <InPorts = 2> <OutPorts = 1>
ST_4 : Operation 1098 [1/1] (0.00ns)   --->   "%shl_ln73_216 = bitconcatenate i21 @_ssdm_op_BitConcatenate.i21.i16.i5, i16 %a_112, i5 0" [firmware/nnet_utils/nnet_mult.h:73->firmware/nnet_utils/nnet_dense_latency.h:42]   --->   Operation 1098 'bitconcatenate' 'shl_ln73_216' <Predicate = true> <Delay = 0.00>
ST_4 : Operation 1099 [1/1] (0.00ns)   --->   "%sext_ln73_371 = sext i21 %shl_ln73_216" [firmware/nnet_utils/nnet_mult.h:73->firmware/nnet_utils/nnet_dense_latency.h:42]   --->   Operation 1099 'sext' 'sext_ln73_371' <Predicate = true> <Delay = 0.00>
ST_4 : Operation 1100 [1/1] (0.00ns)   --->   "%shl_ln73_217 = bitconcatenate i18 @_ssdm_op_BitConcatenate.i18.i16.i2, i16 %a_112, i2 0" [firmware/nnet_utils/nnet_mult.h:73->firmware/nnet_utils/nnet_dense_latency.h:42]   --->   Operation 1100 'bitconcatenate' 'shl_ln73_217' <Predicate = true> <Delay = 0.00>
ST_4 : Operation 1101 [1/1] (0.00ns)   --->   "%sext_ln73_372 = sext i18 %shl_ln73_217" [firmware/nnet_utils/nnet_mult.h:73->firmware/nnet_utils/nnet_dense_latency.h:42]   --->   Operation 1101 'sext' 'sext_ln73_372' <Predicate = true> <Delay = 0.00>
ST_4 : Operation 1102 [1/1] (0.00ns)   --->   "%sext_ln73_373 = sext i18 %shl_ln73_217" [firmware/nnet_utils/nnet_mult.h:73->firmware/nnet_utils/nnet_dense_latency.h:42]   --->   Operation 1102 'sext' 'sext_ln73_373' <Predicate = true> <Delay = 0.00>
ST_4 : Operation 1103 [1/1] (1.43ns)   --->   "%mult_873 = sub i22 %sext_ln73_371, i22 %sext_ln73_373" [firmware/nnet_utils/nnet_mult.h:73->firmware/nnet_utils/nnet_dense_latency.h:42]   --->   Operation 1103 'sub' 'mult_873' <Predicate = true> <Delay = 1.43> <CoreInst = "Adder">   --->   Core 1 'Adder' <Latency = 0> <II = 1> <Delay = 1.43> <FuncUnit> <Opcode : 'add' 'sub'> <InPorts = 2> <OutPorts = 1>
ST_4 : Operation 1104 [1/1] (0.00ns)   --->   "%sext_ln17_149 = sext i22 %mult_873" [firmware/nnet_utils/nnet_dense_latency.h:17]   --->   Operation 1104 'sext' 'sext_ln17_149' <Predicate = true> <Delay = 0.00>
ST_4 : Operation 1105 [1/1] (0.00ns)   --->   "%shl_ln73_218 = bitconcatenate i20 @_ssdm_op_BitConcatenate.i20.i16.i4, i16 %a_112, i4 0" [firmware/nnet_utils/nnet_mult.h:73->firmware/nnet_utils/nnet_dense_latency.h:42]   --->   Operation 1105 'bitconcatenate' 'shl_ln73_218' <Predicate = true> <Delay = 0.00>
ST_4 : Operation 1106 [1/1] (0.00ns)   --->   "%sext_ln73_374 = sext i20 %shl_ln73_218" [firmware/nnet_utils/nnet_mult.h:73->firmware/nnet_utils/nnet_dense_latency.h:42]   --->   Operation 1106 'sext' 'sext_ln73_374' <Predicate = true> <Delay = 0.00>
ST_4 : Operation 1107 [1/1] (0.00ns) (grouped into TernaryAdder)   --->   "%sub_ln73_121 = sub i21 0, i21 %sext_ln73_374" [firmware/nnet_utils/nnet_mult.h:73->firmware/nnet_utils/nnet_dense_latency.h:42]   --->   Operation 1107 'sub' 'sub_ln73_121' <Predicate = true> <Delay = 0.00> <CoreInst = "TAddSub">   --->   Core 10 'TAddSub' <Latency = 0> <II = 1> <Delay = 0.53> <IPBlock> <Opcode : '' 'add' 'sub'> <InPorts = 3> <OutPorts = 1> <Sync> <CReg>
ST_4 : Operation 1108 [1/1] (1.02ns) (root node of TernaryAdder)   --->   "%mult_874 = sub i21 %sub_ln73_121, i21 %sext_ln73_372" [firmware/nnet_utils/nnet_mult.h:73->firmware/nnet_utils/nnet_dense_latency.h:42]   --->   Operation 1108 'sub' 'mult_874' <Predicate = true> <Delay = 1.02> <CoreInst = "TAddSub">   --->   Core 10 'TAddSub' <Latency = 0> <II = 1> <Delay = 0.53> <IPBlock> <Opcode : '' 'add' 'sub'> <InPorts = 3> <OutPorts = 1> <Sync> <CReg>
ST_4 : Operation 1109 [1/1] (0.00ns)   --->   "%sext_ln17_150 = sext i21 %mult_874" [firmware/nnet_utils/nnet_dense_latency.h:17]   --->   Operation 1109 'sext' 'sext_ln17_150' <Predicate = true> <Delay = 0.00>
ST_4 : Operation 1110 [1/1] (3.57ns)   --->   "%mult_876 = mul i25 %sext_ln70_292, i25 33554255" [firmware/nnet_utils/nnet_mult.h:73->firmware/nnet_utils/nnet_dense_latency.h:42]   --->   Operation 1110 'mul' 'mult_876' <Predicate = true> <Delay = 3.57> <CoreInst = "Multiplier">   --->   Core 3 'Multiplier' <Latency = 0> <II = 1> <Delay = 3.57> <FuncUnit> <Opcode : 'mul'> <InPorts = 2> <OutPorts = 1>
ST_4 : Operation 1111 [1/1] (0.00ns)   --->   "%a_113 = load i16 %p_ZZN4nnet24compute_output_buffer_2dINS_5arrayI8ap_fixedILi16ELi6EL9ap_q_mode5EL9_19"   --->   Operation 1111 'load' 'a_113' <Predicate = true> <Delay = 0.00>
ST_4 : Operation 1112 [1/1] (0.00ns)   --->   "%sext_ln70_294 = sext i16 %a_113" [firmware/nnet_utils/nnet_mult.h:70->firmware/nnet_utils/nnet_dense_latency.h:42]   --->   Operation 1112 'sext' 'sext_ln70_294' <Predicate = true> <Delay = 0.00>
ST_4 : Operation 1113 [1/1] (0.00ns)   --->   "%sext_ln70_295 = sext i16 %a_113" [firmware/nnet_utils/nnet_mult.h:70->firmware/nnet_utils/nnet_dense_latency.h:42]   --->   Operation 1113 'sext' 'sext_ln70_295' <Predicate = true> <Delay = 0.00>
ST_4 : Operation 1114 [1/1] (3.57ns)   --->   "%mult_878 = mul i25 %sext_ln70_295, i25 172" [firmware/nnet_utils/nnet_mult.h:73->firmware/nnet_utils/nnet_dense_latency.h:42]   --->   Operation 1114 'mul' 'mult_878' <Predicate = true> <Delay = 3.57> <CoreInst = "Multiplier">   --->   Core 3 'Multiplier' <Latency = 0> <II = 1> <Delay = 3.57> <FuncUnit> <Opcode : 'mul'> <InPorts = 2> <OutPorts = 1>
ST_4 : Operation 1115 [1/1] (3.57ns)   --->   "%mult_880 = mul i25 %sext_ln70_295, i25 33554256" [firmware/nnet_utils/nnet_mult.h:73->firmware/nnet_utils/nnet_dense_latency.h:42]   --->   Operation 1115 'mul' 'mult_880' <Predicate = true> <Delay = 3.57> <CoreInst = "Multiplier">   --->   Core 3 'Multiplier' <Latency = 0> <II = 1> <Delay = 3.57> <FuncUnit> <Opcode : 'mul'> <InPorts = 2> <OutPorts = 1>
ST_4 : Operation 1116 [1/1] (3.57ns)   --->   "%mult_883 = mul i23 %sext_ln70_294, i23 55" [firmware/nnet_utils/nnet_mult.h:73->firmware/nnet_utils/nnet_dense_latency.h:42]   --->   Operation 1116 'mul' 'mult_883' <Predicate = true> <Delay = 3.57> <CoreInst = "Multiplier">   --->   Core 3 'Multiplier' <Latency = 0> <II = 1> <Delay = 3.57> <FuncUnit> <Opcode : 'mul'> <InPorts = 2> <OutPorts = 1>
ST_4 : Operation 1117 [1/1] (3.57ns)   --->   "%mult_884 = mul i25 %sext_ln70_295, i25 165" [firmware/nnet_utils/nnet_mult.h:73->firmware/nnet_utils/nnet_dense_latency.h:42]   --->   Operation 1117 'mul' 'mult_884' <Predicate = true> <Delay = 3.57> <CoreInst = "Multiplier">   --->   Core 3 'Multiplier' <Latency = 0> <II = 1> <Delay = 3.57> <FuncUnit> <Opcode : 'mul'> <InPorts = 2> <OutPorts = 1>
ST_4 : Operation 1118 [1/1] (3.57ns)   --->   "%mult_886 = mul i25 %sext_ln70_295, i25 33554285" [firmware/nnet_utils/nnet_mult.h:73->firmware/nnet_utils/nnet_dense_latency.h:42]   --->   Operation 1118 'mul' 'mult_886' <Predicate = true> <Delay = 3.57> <CoreInst = "Multiplier">   --->   Core 3 'Multiplier' <Latency = 0> <II = 1> <Delay = 3.57> <FuncUnit> <Opcode : 'mul'> <InPorts = 2> <OutPorts = 1>
ST_4 : Operation 1119 [1/1] (0.00ns)   --->   "%a_114 = load i16 %p_ZZN4nnet24compute_output_buffer_2dINS_5arrayI8ap_fixedILi16ELi6EL9ap_q_mode5EL9_18"   --->   Operation 1119 'load' 'a_114' <Predicate = true> <Delay = 0.00>
ST_4 : Operation 1120 [1/1] (0.00ns)   --->   "%sext_ln70_297 = sext i16 %a_114" [firmware/nnet_utils/nnet_mult.h:70->firmware/nnet_utils/nnet_dense_latency.h:42]   --->   Operation 1120 'sext' 'sext_ln70_297' <Predicate = true> <Delay = 0.00>
ST_4 : Operation 1121 [1/1] (0.00ns)   --->   "%sext_ln70_298 = sext i16 %a_114" [firmware/nnet_utils/nnet_mult.h:70->firmware/nnet_utils/nnet_dense_latency.h:42]   --->   Operation 1121 'sext' 'sext_ln70_298' <Predicate = true> <Delay = 0.00>
ST_4 : Operation 1122 [1/1] (0.00ns)   --->   "%sext_ln70_299 = sext i16 %a_114" [firmware/nnet_utils/nnet_mult.h:70->firmware/nnet_utils/nnet_dense_latency.h:42]   --->   Operation 1122 'sext' 'sext_ln70_299' <Predicate = true> <Delay = 0.00>
ST_4 : Operation 1123 [1/1] (0.00ns)   --->   "%sext_ln70_300 = sext i16 %a_114" [firmware/nnet_utils/nnet_mult.h:70->firmware/nnet_utils/nnet_dense_latency.h:42]   --->   Operation 1123 'sext' 'sext_ln70_300' <Predicate = true> <Delay = 0.00>
ST_4 : Operation 1124 [1/1] (0.00ns)   --->   "%sext_ln70_301 = sext i16 %a_114" [firmware/nnet_utils/nnet_mult.h:70->firmware/nnet_utils/nnet_dense_latency.h:42]   --->   Operation 1124 'sext' 'sext_ln70_301' <Predicate = true> <Delay = 0.00>
ST_4 : Operation 1125 [1/1] (3.57ns)   --->   "%mult_887 = mul i24 %sext_ln70_301, i24 121" [firmware/nnet_utils/nnet_mult.h:73->firmware/nnet_utils/nnet_dense_latency.h:42]   --->   Operation 1125 'mul' 'mult_887' <Predicate = true> <Delay = 3.57> <CoreInst = "Multiplier">   --->   Core 3 'Multiplier' <Latency = 0> <II = 1> <Delay = 3.57> <FuncUnit> <Opcode : 'mul'> <InPorts = 2> <OutPorts = 1>
ST_4 : Operation 1126 [1/1] (3.57ns)   --->   "%mult_888 = mul i21 %sext_ln70_300, i21 2097141" [firmware/nnet_utils/nnet_mult.h:73->firmware/nnet_utils/nnet_dense_latency.h:42]   --->   Operation 1126 'mul' 'mult_888' <Predicate = true> <Delay = 3.57> <CoreInst = "Multiplier">   --->   Core 3 'Multiplier' <Latency = 0> <II = 1> <Delay = 3.57> <FuncUnit> <Opcode : 'mul'> <InPorts = 2> <OutPorts = 1>
ST_4 : Operation 1127 [1/1] (3.57ns)   --->   "%mult_889 = mul i25 %sext_ln70_299, i25 33554286" [firmware/nnet_utils/nnet_mult.h:73->firmware/nnet_utils/nnet_dense_latency.h:42]   --->   Operation 1127 'mul' 'mult_889' <Predicate = true> <Delay = 3.57> <CoreInst = "Multiplier">   --->   Core 3 'Multiplier' <Latency = 0> <II = 1> <Delay = 3.57> <FuncUnit> <Opcode : 'mul'> <InPorts = 2> <OutPorts = 1>
ST_4 : Operation 1128 [1/1] (3.57ns)   --->   "%mult_890 = mul i24 %sext_ln70_301, i24 125" [firmware/nnet_utils/nnet_mult.h:73->firmware/nnet_utils/nnet_dense_latency.h:42]   --->   Operation 1128 'mul' 'mult_890' <Predicate = true> <Delay = 3.57> <CoreInst = "Multiplier">   --->   Core 3 'Multiplier' <Latency = 0> <II = 1> <Delay = 3.57> <FuncUnit> <Opcode : 'mul'> <InPorts = 2> <OutPorts = 1>
ST_4 : Operation 1129 [1/1] (3.57ns)   --->   "%mult_891 = mul i24 %sext_ln70_301, i24 16777109" [firmware/nnet_utils/nnet_mult.h:73->firmware/nnet_utils/nnet_dense_latency.h:42]   --->   Operation 1129 'mul' 'mult_891' <Predicate = true> <Delay = 3.57> <CoreInst = "Multiplier">   --->   Core 3 'Multiplier' <Latency = 0> <II = 1> <Delay = 3.57> <FuncUnit> <Opcode : 'mul'> <InPorts = 2> <OutPorts = 1>
ST_4 : Operation 1130 [1/1] (3.57ns)   --->   "%mult_892 = mul i25 %sext_ln70_299, i25 137" [firmware/nnet_utils/nnet_mult.h:73->firmware/nnet_utils/nnet_dense_latency.h:42]   --->   Operation 1130 'mul' 'mult_892' <Predicate = true> <Delay = 3.57> <CoreInst = "Multiplier">   --->   Core 3 'Multiplier' <Latency = 0> <II = 1> <Delay = 3.57> <FuncUnit> <Opcode : 'mul'> <InPorts = 2> <OutPorts = 1>
ST_4 : Operation 1131 [1/1] (0.00ns)   --->   "%shl_ln73_225 = bitconcatenate i21 @_ssdm_op_BitConcatenate.i21.i16.i5, i16 %a_114, i5 0" [firmware/nnet_utils/nnet_mult.h:73->firmware/nnet_utils/nnet_dense_latency.h:42]   --->   Operation 1131 'bitconcatenate' 'shl_ln73_225' <Predicate = true> <Delay = 0.00>
ST_4 : Operation 1132 [1/1] (0.00ns)   --->   "%sext_ln73_383 = sext i21 %shl_ln73_225" [firmware/nnet_utils/nnet_mult.h:73->firmware/nnet_utils/nnet_dense_latency.h:42]   --->   Operation 1132 'sext' 'sext_ln73_383' <Predicate = true> <Delay = 0.00>
ST_4 : Operation 1133 [1/1] (1.43ns)   --->   "%mult_893 = sub i22 %sext_ln70_298, i22 %sext_ln73_383" [firmware/nnet_utils/nnet_mult.h:73->firmware/nnet_utils/nnet_dense_latency.h:42]   --->   Operation 1133 'sub' 'mult_893' <Predicate = true> <Delay = 1.43> <CoreInst = "Adder">   --->   Core 1 'Adder' <Latency = 0> <II = 1> <Delay = 1.43> <FuncUnit> <Opcode : 'add' 'sub'> <InPorts = 2> <OutPorts = 1>
ST_4 : Operation 1134 [1/1] (0.00ns)   --->   "%sext_ln17_155 = sext i22 %mult_893" [firmware/nnet_utils/nnet_dense_latency.h:17]   --->   Operation 1134 'sext' 'sext_ln17_155' <Predicate = true> <Delay = 0.00>
ST_4 : Operation 1135 [1/1] (3.57ns)   --->   "%mult_894 = mul i23 %sext_ln70_297, i23 8388557" [firmware/nnet_utils/nnet_mult.h:73->firmware/nnet_utils/nnet_dense_latency.h:42]   --->   Operation 1135 'mul' 'mult_894' <Predicate = true> <Delay = 3.57> <CoreInst = "Multiplier">   --->   Core 3 'Multiplier' <Latency = 0> <II = 1> <Delay = 3.57> <FuncUnit> <Opcode : 'mul'> <InPorts = 2> <OutPorts = 1>
ST_4 : Operation 1136 [1/1] (3.57ns)   --->   "%mult_895 = mul i24 %sext_ln70_301, i24 88" [firmware/nnet_utils/nnet_mult.h:73->firmware/nnet_utils/nnet_dense_latency.h:42]   --->   Operation 1136 'mul' 'mult_895' <Predicate = true> <Delay = 3.57> <CoreInst = "Multiplier">   --->   Core 3 'Multiplier' <Latency = 0> <II = 1> <Delay = 3.57> <FuncUnit> <Opcode : 'mul'> <InPorts = 2> <OutPorts = 1>
ST_4 : Operation 1137 [1/1] (3.57ns)   --->   "%mult_896 = mul i25 %sext_ln70_299, i25 33554270" [firmware/nnet_utils/nnet_mult.h:73->firmware/nnet_utils/nnet_dense_latency.h:42]   --->   Operation 1137 'mul' 'mult_896' <Predicate = true> <Delay = 3.57> <CoreInst = "Multiplier">   --->   Core 3 'Multiplier' <Latency = 0> <II = 1> <Delay = 3.57> <FuncUnit> <Opcode : 'mul'> <InPorts = 2> <OutPorts = 1>
ST_4 : Operation 1138 [1/1] (0.00ns)   --->   "%a_115 = load i16 %p_ZZN4nnet24compute_output_buffer_2dINS_5arrayI8ap_fixedILi16ELi6EL9ap_q_mode5EL9_17"   --->   Operation 1138 'load' 'a_115' <Predicate = true> <Delay = 0.00>
ST_4 : Operation 1139 [1/1] (0.00ns)   --->   "%sext_ln70_302 = sext i16 %a_115" [firmware/nnet_utils/nnet_mult.h:70->firmware/nnet_utils/nnet_dense_latency.h:42]   --->   Operation 1139 'sext' 'sext_ln70_302' <Predicate = true> <Delay = 0.00>
ST_4 : Operation 1140 [1/1] (0.00ns)   --->   "%sext_ln70_303 = sext i16 %a_115" [firmware/nnet_utils/nnet_mult.h:70->firmware/nnet_utils/nnet_dense_latency.h:42]   --->   Operation 1140 'sext' 'sext_ln70_303' <Predicate = true> <Delay = 0.00>
ST_4 : Operation 1141 [1/1] (0.00ns)   --->   "%sext_ln70_304 = sext i16 %a_115" [firmware/nnet_utils/nnet_mult.h:70->firmware/nnet_utils/nnet_dense_latency.h:42]   --->   Operation 1141 'sext' 'sext_ln70_304' <Predicate = true> <Delay = 0.00>
ST_4 : Operation 1142 [1/1] (0.00ns)   --->   "%shl_ln73_228 = bitconcatenate i19 @_ssdm_op_BitConcatenate.i19.i16.i3, i16 %a_115, i3 0" [firmware/nnet_utils/nnet_mult.h:73->firmware/nnet_utils/nnet_dense_latency.h:42]   --->   Operation 1142 'bitconcatenate' 'shl_ln73_228' <Predicate = true> <Delay = 0.00>
ST_4 : Operation 1143 [1/1] (0.00ns)   --->   "%sext_ln73_386 = sext i19 %shl_ln73_228" [firmware/nnet_utils/nnet_mult.h:73->firmware/nnet_utils/nnet_dense_latency.h:42]   --->   Operation 1143 'sext' 'sext_ln73_386' <Predicate = true> <Delay = 0.00>
ST_4 : Operation 1144 [1/1] (0.00ns) (grouped into TernaryAdder)   --->   "%sub_ln73_131 = sub i20 0, i20 %sext_ln73_386" [firmware/nnet_utils/nnet_mult.h:73->firmware/nnet_utils/nnet_dense_latency.h:42]   --->   Operation 1144 'sub' 'sub_ln73_131' <Predicate = true> <Delay = 0.00> <CoreInst = "TAddSub">   --->   Core 10 'TAddSub' <Latency = 0> <II = 1> <Delay = 0.53> <IPBlock> <Opcode : '' 'add' 'sub'> <InPorts = 3> <OutPorts = 1> <Sync> <CReg>
ST_4 : Operation 1145 [1/1] (0.00ns)   --->   "%shl_ln73_229 = bitconcatenate i17 @_ssdm_op_BitConcatenate.i17.i16.i1, i16 %a_115, i1 0" [firmware/nnet_utils/nnet_mult.h:73->firmware/nnet_utils/nnet_dense_latency.h:42]   --->   Operation 1145 'bitconcatenate' 'shl_ln73_229' <Predicate = true> <Delay = 0.00>
ST_4 : Operation 1146 [1/1] (0.00ns)   --->   "%sext_ln73_388 = sext i17 %shl_ln73_229" [firmware/nnet_utils/nnet_mult.h:73->firmware/nnet_utils/nnet_dense_latency.h:42]   --->   Operation 1146 'sext' 'sext_ln73_388' <Predicate = true> <Delay = 0.00>
ST_4 : Operation 1147 [1/1] (1.01ns) (root node of TernaryAdder)   --->   "%mult_898 = sub i20 %sub_ln73_131, i20 %sext_ln73_388" [firmware/nnet_utils/nnet_mult.h:73->firmware/nnet_utils/nnet_dense_latency.h:42]   --->   Operation 1147 'sub' 'mult_898' <Predicate = true> <Delay = 1.01> <CoreInst = "TAddSub">   --->   Core 10 'TAddSub' <Latency = 0> <II = 1> <Delay = 0.53> <IPBlock> <Opcode : '' 'add' 'sub'> <InPorts = 3> <OutPorts = 1> <Sync> <CReg>
ST_4 : Operation 1148 [1/1] (0.00ns)   --->   "%sext_ln17_156 = sext i20 %mult_898" [firmware/nnet_utils/nnet_dense_latency.h:17]   --->   Operation 1148 'sext' 'sext_ln17_156' <Predicate = true> <Delay = 0.00>
ST_4 : Operation 1149 [1/1] (3.57ns)   --->   "%mult_899 = mul i24 %sext_ln70_303, i24 16777134" [firmware/nnet_utils/nnet_mult.h:73->firmware/nnet_utils/nnet_dense_latency.h:42]   --->   Operation 1149 'mul' 'mult_899' <Predicate = true> <Delay = 3.57> <CoreInst = "Multiplier">   --->   Core 3 'Multiplier' <Latency = 0> <II = 1> <Delay = 3.57> <FuncUnit> <Opcode : 'mul'> <InPorts = 2> <OutPorts = 1>
ST_4 : Operation 1150 [1/1] (3.57ns)   --->   "%mult_901 = mul i24 %sext_ln70_303, i24 113" [firmware/nnet_utils/nnet_mult.h:73->firmware/nnet_utils/nnet_dense_latency.h:42]   --->   Operation 1150 'mul' 'mult_901' <Predicate = true> <Delay = 3.57> <CoreInst = "Multiplier">   --->   Core 3 'Multiplier' <Latency = 0> <II = 1> <Delay = 3.57> <FuncUnit> <Opcode : 'mul'> <InPorts = 2> <OutPorts = 1>
ST_4 : Operation 1151 [1/1] (3.57ns)   --->   "%mult_902 = mul i25 %sext_ln70_302, i25 163" [firmware/nnet_utils/nnet_mult.h:73->firmware/nnet_utils/nnet_dense_latency.h:42]   --->   Operation 1151 'mul' 'mult_902' <Predicate = true> <Delay = 3.57> <CoreInst = "Multiplier">   --->   Core 3 'Multiplier' <Latency = 0> <II = 1> <Delay = 3.57> <FuncUnit> <Opcode : 'mul'> <InPorts = 2> <OutPorts = 1>
ST_4 : Operation 1152 [1/1] (3.57ns)   --->   "%mult_903 = mul i25 %sext_ln70_302, i25 173" [firmware/nnet_utils/nnet_mult.h:73->firmware/nnet_utils/nnet_dense_latency.h:42]   --->   Operation 1152 'mul' 'mult_903' <Predicate = true> <Delay = 3.57> <CoreInst = "Multiplier">   --->   Core 3 'Multiplier' <Latency = 0> <II = 1> <Delay = 3.57> <FuncUnit> <Opcode : 'mul'> <InPorts = 2> <OutPorts = 1>
ST_4 : Operation 1153 [1/1] (3.57ns)   --->   "%mult_904 = mul i23 %sext_ln70_304, i23 51" [firmware/nnet_utils/nnet_mult.h:73->firmware/nnet_utils/nnet_dense_latency.h:42]   --->   Operation 1153 'mul' 'mult_904' <Predicate = true> <Delay = 3.57> <CoreInst = "Multiplier">   --->   Core 3 'Multiplier' <Latency = 0> <II = 1> <Delay = 3.57> <FuncUnit> <Opcode : 'mul'> <InPorts = 2> <OutPorts = 1>
ST_4 : Operation 1154 [1/1] (3.57ns)   --->   "%mult_905 = mul i25 %sext_ln70_302, i25 33554217" [firmware/nnet_utils/nnet_mult.h:73->firmware/nnet_utils/nnet_dense_latency.h:42]   --->   Operation 1154 'mul' 'mult_905' <Predicate = true> <Delay = 3.57> <CoreInst = "Multiplier">   --->   Core 3 'Multiplier' <Latency = 0> <II = 1> <Delay = 3.57> <FuncUnit> <Opcode : 'mul'> <InPorts = 2> <OutPorts = 1>
ST_4 : Operation 1155 [1/1] (3.57ns)   --->   "%mult_906 = mul i23 %sext_ln70_304, i23 58" [firmware/nnet_utils/nnet_mult.h:73->firmware/nnet_utils/nnet_dense_latency.h:42]   --->   Operation 1155 'mul' 'mult_906' <Predicate = true> <Delay = 3.57> <CoreInst = "Multiplier">   --->   Core 3 'Multiplier' <Latency = 0> <II = 1> <Delay = 3.57> <FuncUnit> <Opcode : 'mul'> <InPorts = 2> <OutPorts = 1>
ST_4 : Operation 1156 [1/1] (0.00ns)   --->   "%a_116 = load i16 %p_ZZN4nnet24compute_output_buffer_2dINS_5arrayI8ap_fixedILi16ELi6EL9ap_q_mode5EL9_16"   --->   Operation 1156 'load' 'a_116' <Predicate = true> <Delay = 0.00>
ST_4 : Operation 1157 [1/1] (0.00ns)   --->   "%sext_ln70_305 = sext i16 %a_116" [firmware/nnet_utils/nnet_mult.h:70->firmware/nnet_utils/nnet_dense_latency.h:42]   --->   Operation 1157 'sext' 'sext_ln70_305' <Predicate = true> <Delay = 0.00>
ST_4 : Operation 1158 [1/1] (0.00ns)   --->   "%sext_ln70_306 = sext i16 %a_116" [firmware/nnet_utils/nnet_mult.h:70->firmware/nnet_utils/nnet_dense_latency.h:42]   --->   Operation 1158 'sext' 'sext_ln70_306' <Predicate = true> <Delay = 0.00>
ST_4 : Operation 1159 [1/1] (0.00ns)   --->   "%sext_ln70_307 = sext i16 %a_116" [firmware/nnet_utils/nnet_mult.h:70->firmware/nnet_utils/nnet_dense_latency.h:42]   --->   Operation 1159 'sext' 'sext_ln70_307' <Predicate = true> <Delay = 0.00>
ST_4 : Operation 1160 [1/1] (0.00ns)   --->   "%sext_ln70_308 = sext i16 %a_116" [firmware/nnet_utils/nnet_mult.h:70->firmware/nnet_utils/nnet_dense_latency.h:42]   --->   Operation 1160 'sext' 'sext_ln70_308' <Predicate = true> <Delay = 0.00>
ST_4 : Operation 1161 [1/1] (3.57ns)   --->   "%mult_907 = mul i21 %sext_ln70_308, i21 11" [firmware/nnet_utils/nnet_mult.h:73->firmware/nnet_utils/nnet_dense_latency.h:42]   --->   Operation 1161 'mul' 'mult_907' <Predicate = true> <Delay = 3.57> <CoreInst = "Multiplier">   --->   Core 3 'Multiplier' <Latency = 0> <II = 1> <Delay = 3.57> <FuncUnit> <Opcode : 'mul'> <InPorts = 2> <OutPorts = 1>
ST_4 : Operation 1162 [1/1] (3.57ns)   --->   "%mult_908 = mul i24 %sext_ln70_307, i24 16777106" [firmware/nnet_utils/nnet_mult.h:73->firmware/nnet_utils/nnet_dense_latency.h:42]   --->   Operation 1162 'mul' 'mult_908' <Predicate = true> <Delay = 3.57> <CoreInst = "Multiplier">   --->   Core 3 'Multiplier' <Latency = 0> <II = 1> <Delay = 3.57> <FuncUnit> <Opcode : 'mul'> <InPorts = 2> <OutPorts = 1>
ST_4 : Operation 1163 [1/1] (3.57ns)   --->   "%mult_909 = mul i25 %sext_ln70_306, i25 244" [firmware/nnet_utils/nnet_mult.h:73->firmware/nnet_utils/nnet_dense_latency.h:42]   --->   Operation 1163 'mul' 'mult_909' <Predicate = true> <Delay = 3.57> <CoreInst = "Multiplier">   --->   Core 3 'Multiplier' <Latency = 0> <II = 1> <Delay = 3.57> <FuncUnit> <Opcode : 'mul'> <InPorts = 2> <OutPorts = 1>
ST_4 : Operation 1164 [1/1] (3.57ns)   --->   "%mult_910 = mul i24 %sext_ln70_307, i24 105" [firmware/nnet_utils/nnet_mult.h:73->firmware/nnet_utils/nnet_dense_latency.h:42]   --->   Operation 1164 'mul' 'mult_910' <Predicate = true> <Delay = 3.57> <CoreInst = "Multiplier">   --->   Core 3 'Multiplier' <Latency = 0> <II = 1> <Delay = 3.57> <FuncUnit> <Opcode : 'mul'> <InPorts = 2> <OutPorts = 1>
ST_4 : Operation 1165 [1/1] (3.57ns)   --->   "%mult_911 = mul i24 %sext_ln70_307, i24 75" [firmware/nnet_utils/nnet_mult.h:73->firmware/nnet_utils/nnet_dense_latency.h:42]   --->   Operation 1165 'mul' 'mult_911' <Predicate = true> <Delay = 3.57> <CoreInst = "Multiplier">   --->   Core 3 'Multiplier' <Latency = 0> <II = 1> <Delay = 3.57> <FuncUnit> <Opcode : 'mul'> <InPorts = 2> <OutPorts = 1>
ST_4 : Operation 1166 [1/1] (3.57ns)   --->   "%mult_912 = mul i25 %sext_ln70_306, i25 33554243" [firmware/nnet_utils/nnet_mult.h:73->firmware/nnet_utils/nnet_dense_latency.h:42]   --->   Operation 1166 'mul' 'mult_912' <Predicate = true> <Delay = 3.57> <CoreInst = "Multiplier">   --->   Core 3 'Multiplier' <Latency = 0> <II = 1> <Delay = 3.57> <FuncUnit> <Opcode : 'mul'> <InPorts = 2> <OutPorts = 1>
ST_4 : Operation 1167 [1/1] (3.57ns)   --->   "%mult_914 = mul i23 %sext_ln70_305, i23 39" [firmware/nnet_utils/nnet_mult.h:73->firmware/nnet_utils/nnet_dense_latency.h:42]   --->   Operation 1167 'mul' 'mult_914' <Predicate = true> <Delay = 3.57> <CoreInst = "Multiplier">   --->   Core 3 'Multiplier' <Latency = 0> <II = 1> <Delay = 3.57> <FuncUnit> <Opcode : 'mul'> <InPorts = 2> <OutPorts = 1>
ST_4 : Operation 1168 [1/1] (3.57ns)   --->   "%mult_915 = mul i24 %sext_ln70_307, i24 70" [firmware/nnet_utils/nnet_mult.h:73->firmware/nnet_utils/nnet_dense_latency.h:42]   --->   Operation 1168 'mul' 'mult_915' <Predicate = true> <Delay = 3.57> <CoreInst = "Multiplier">   --->   Core 3 'Multiplier' <Latency = 0> <II = 1> <Delay = 3.57> <FuncUnit> <Opcode : 'mul'> <InPorts = 2> <OutPorts = 1>
ST_4 : Operation 1169 [1/1] (3.57ns)   --->   "%mult_916 = mul i25 %sext_ln70_306, i25 174" [firmware/nnet_utils/nnet_mult.h:73->firmware/nnet_utils/nnet_dense_latency.h:42]   --->   Operation 1169 'mul' 'mult_916' <Predicate = true> <Delay = 3.57> <CoreInst = "Multiplier">   --->   Core 3 'Multiplier' <Latency = 0> <II = 1> <Delay = 3.57> <FuncUnit> <Opcode : 'mul'> <InPorts = 2> <OutPorts = 1>
ST_4 : Operation 1170 [1/1] (0.00ns)   --->   "%a_117 = load i16 %p_ZZN4nnet24compute_output_buffer_2dINS_5arrayI8ap_fixedILi16ELi6EL9ap_q_mode5EL9_15"   --->   Operation 1170 'load' 'a_117' <Predicate = true> <Delay = 0.00>
ST_4 : Operation 1171 [1/1] (0.00ns)   --->   "%sext_ln70_309 = sext i16 %a_117" [firmware/nnet_utils/nnet_mult.h:70->firmware/nnet_utils/nnet_dense_latency.h:42]   --->   Operation 1171 'sext' 'sext_ln70_309' <Predicate = true> <Delay = 0.00>
ST_4 : Operation 1172 [1/1] (0.00ns)   --->   "%sext_ln70_310 = sext i16 %a_117" [firmware/nnet_utils/nnet_mult.h:70->firmware/nnet_utils/nnet_dense_latency.h:42]   --->   Operation 1172 'sext' 'sext_ln70_310' <Predicate = true> <Delay = 0.00>
ST_4 : Operation 1173 [1/1] (0.00ns)   --->   "%sext_ln70_311 = sext i16 %a_117" [firmware/nnet_utils/nnet_mult.h:70->firmware/nnet_utils/nnet_dense_latency.h:42]   --->   Operation 1173 'sext' 'sext_ln70_311' <Predicate = true> <Delay = 0.00>
ST_4 : Operation 1174 [1/1] (3.57ns)   --->   "%mult_917 = mul i25 %sext_ln70_311, i25 33554196" [firmware/nnet_utils/nnet_mult.h:73->firmware/nnet_utils/nnet_dense_latency.h:42]   --->   Operation 1174 'mul' 'mult_917' <Predicate = true> <Delay = 3.57> <CoreInst = "Multiplier">   --->   Core 3 'Multiplier' <Latency = 0> <II = 1> <Delay = 3.57> <FuncUnit> <Opcode : 'mul'> <InPorts = 2> <OutPorts = 1>
ST_4 : Operation 1175 [1/1] (3.57ns)   --->   "%mult_918 = mul i24 %sext_ln70_310, i24 114" [firmware/nnet_utils/nnet_mult.h:73->firmware/nnet_utils/nnet_dense_latency.h:42]   --->   Operation 1175 'mul' 'mult_918' <Predicate = true> <Delay = 3.57> <CoreInst = "Multiplier">   --->   Core 3 'Multiplier' <Latency = 0> <II = 1> <Delay = 3.57> <FuncUnit> <Opcode : 'mul'> <InPorts = 2> <OutPorts = 1>
ST_4 : Operation 1176 [1/1] (3.57ns)   --->   "%mult_919 = mul i22 %sext_ln70_309, i22 4194282" [firmware/nnet_utils/nnet_mult.h:73->firmware/nnet_utils/nnet_dense_latency.h:42]   --->   Operation 1176 'mul' 'mult_919' <Predicate = true> <Delay = 3.57> <CoreInst = "Multiplier">   --->   Core 3 'Multiplier' <Latency = 0> <II = 1> <Delay = 3.57> <FuncUnit> <Opcode : 'mul'> <InPorts = 2> <OutPorts = 1>
ST_4 : Operation 1177 [1/1] (3.57ns)   --->   "%mult_920 = mul i25 %sext_ln70_311, i25 33554289" [firmware/nnet_utils/nnet_mult.h:73->firmware/nnet_utils/nnet_dense_latency.h:42]   --->   Operation 1177 'mul' 'mult_920' <Predicate = true> <Delay = 3.57> <CoreInst = "Multiplier">   --->   Core 3 'Multiplier' <Latency = 0> <II = 1> <Delay = 3.57> <FuncUnit> <Opcode : 'mul'> <InPorts = 2> <OutPorts = 1>
ST_4 : Operation 1178 [1/1] (3.57ns)   --->   "%mult_921 = mul i24 %sext_ln70_310, i24 82" [firmware/nnet_utils/nnet_mult.h:73->firmware/nnet_utils/nnet_dense_latency.h:42]   --->   Operation 1178 'mul' 'mult_921' <Predicate = true> <Delay = 3.57> <CoreInst = "Multiplier">   --->   Core 3 'Multiplier' <Latency = 0> <II = 1> <Delay = 3.57> <FuncUnit> <Opcode : 'mul'> <InPorts = 2> <OutPorts = 1>
ST_4 : Operation 1179 [1/1] (3.57ns)   --->   "%mult_923 = mul i24 %sext_ln70_310, i24 108" [firmware/nnet_utils/nnet_mult.h:73->firmware/nnet_utils/nnet_dense_latency.h:42]   --->   Operation 1179 'mul' 'mult_923' <Predicate = true> <Delay = 3.57> <CoreInst = "Multiplier">   --->   Core 3 'Multiplier' <Latency = 0> <II = 1> <Delay = 3.57> <FuncUnit> <Opcode : 'mul'> <InPorts = 2> <OutPorts = 1>
ST_4 : Operation 1180 [1/1] (3.57ns)   --->   "%mult_924 = mul i24 %sext_ln70_310, i24 16777100" [firmware/nnet_utils/nnet_mult.h:73->firmware/nnet_utils/nnet_dense_latency.h:42]   --->   Operation 1180 'mul' 'mult_924' <Predicate = true> <Delay = 3.57> <CoreInst = "Multiplier">   --->   Core 3 'Multiplier' <Latency = 0> <II = 1> <Delay = 3.57> <FuncUnit> <Opcode : 'mul'> <InPorts = 2> <OutPorts = 1>
ST_4 : Operation 1181 [1/1] (3.57ns)   --->   "%mult_925 = mul i25 %sext_ln70_311, i25 33554210" [firmware/nnet_utils/nnet_mult.h:73->firmware/nnet_utils/nnet_dense_latency.h:42]   --->   Operation 1181 'mul' 'mult_925' <Predicate = true> <Delay = 3.57> <CoreInst = "Multiplier">   --->   Core 3 'Multiplier' <Latency = 0> <II = 1> <Delay = 3.57> <FuncUnit> <Opcode : 'mul'> <InPorts = 2> <OutPorts = 1>
ST_4 : Operation 1182 [1/1] (3.57ns)   --->   "%mult_926 = mul i25 %sext_ln70_311, i25 135" [firmware/nnet_utils/nnet_mult.h:73->firmware/nnet_utils/nnet_dense_latency.h:42]   --->   Operation 1182 'mul' 'mult_926' <Predicate = true> <Delay = 3.57> <CoreInst = "Multiplier">   --->   Core 3 'Multiplier' <Latency = 0> <II = 1> <Delay = 3.57> <FuncUnit> <Opcode : 'mul'> <InPorts = 2> <OutPorts = 1>
ST_4 : Operation 1183 [1/1] (0.00ns)   --->   "%a_118 = load i16 %p_ZZN4nnet24compute_output_buffer_2dINS_5arrayI8ap_fixedILi16ELi6EL9ap_q_mode5EL9_14"   --->   Operation 1183 'load' 'a_118' <Predicate = true> <Delay = 0.00>
ST_4 : Operation 1184 [1/1] (0.00ns)   --->   "%sext_ln70_312 = sext i16 %a_118" [firmware/nnet_utils/nnet_mult.h:70->firmware/nnet_utils/nnet_dense_latency.h:42]   --->   Operation 1184 'sext' 'sext_ln70_312' <Predicate = true> <Delay = 0.00>
ST_4 : Operation 1185 [1/1] (0.00ns)   --->   "%sext_ln70_313 = sext i16 %a_118" [firmware/nnet_utils/nnet_mult.h:70->firmware/nnet_utils/nnet_dense_latency.h:42]   --->   Operation 1185 'sext' 'sext_ln70_313' <Predicate = true> <Delay = 0.00>
ST_4 : Operation 1186 [1/1] (0.00ns)   --->   "%sext_ln70_314 = sext i16 %a_118" [firmware/nnet_utils/nnet_mult.h:70->firmware/nnet_utils/nnet_dense_latency.h:42]   --->   Operation 1186 'sext' 'sext_ln70_314' <Predicate = true> <Delay = 0.00>
ST_4 : Operation 1187 [1/1] (0.00ns)   --->   "%sext_ln70_315 = sext i16 %a_118" [firmware/nnet_utils/nnet_mult.h:70->firmware/nnet_utils/nnet_dense_latency.h:42]   --->   Operation 1187 'sext' 'sext_ln70_315' <Predicate = true> <Delay = 0.00>
ST_4 : Operation 1188 [1/1] (3.57ns)   --->   "%mult_927 = mul i24 %sext_ln70_315, i24 100" [firmware/nnet_utils/nnet_mult.h:73->firmware/nnet_utils/nnet_dense_latency.h:42]   --->   Operation 1188 'mul' 'mult_927' <Predicate = true> <Delay = 3.57> <CoreInst = "Multiplier">   --->   Core 3 'Multiplier' <Latency = 0> <II = 1> <Delay = 3.57> <FuncUnit> <Opcode : 'mul'> <InPorts = 2> <OutPorts = 1>
ST_4 : Operation 1189 [1/1] (3.57ns)   --->   "%mult_928 = mul i25 %sext_ln70_314, i25 194" [firmware/nnet_utils/nnet_mult.h:73->firmware/nnet_utils/nnet_dense_latency.h:42]   --->   Operation 1189 'mul' 'mult_928' <Predicate = true> <Delay = 3.57> <CoreInst = "Multiplier">   --->   Core 3 'Multiplier' <Latency = 0> <II = 1> <Delay = 3.57> <FuncUnit> <Opcode : 'mul'> <InPorts = 2> <OutPorts = 1>
ST_4 : Operation 1190 [1/1] (3.57ns)   --->   "%mult_930 = mul i25 %sext_ln70_314, i25 33554295" [firmware/nnet_utils/nnet_mult.h:73->firmware/nnet_utils/nnet_dense_latency.h:42]   --->   Operation 1190 'mul' 'mult_930' <Predicate = true> <Delay = 3.57> <CoreInst = "Multiplier">   --->   Core 3 'Multiplier' <Latency = 0> <II = 1> <Delay = 3.57> <FuncUnit> <Opcode : 'mul'> <InPorts = 2> <OutPorts = 1>
ST_4 : Operation 1191 [1/1] (3.57ns)   --->   "%mul_ln17_26 = mul i25 %sext_ln70_314, i25 33554166" [firmware/nnet_utils/nnet_dense_latency.h:17]   --->   Operation 1191 'mul' 'mul_ln17_26' <Predicate = true> <Delay = 3.57> <CoreInst = "Multiplier">   --->   Core 3 'Multiplier' <Latency = 0> <II = 1> <Delay = 3.57> <FuncUnit> <Opcode : 'mul'> <InPorts = 2> <OutPorts = 1>
ST_4 : Operation 1192 [1/1] (3.57ns)   --->   "%mult_931 = mul i25 %sext_ln70_314, i25 33554225" [firmware/nnet_utils/nnet_mult.h:73->firmware/nnet_utils/nnet_dense_latency.h:42]   --->   Operation 1192 'mul' 'mult_931' <Predicate = true> <Delay = 3.57> <CoreInst = "Multiplier">   --->   Core 3 'Multiplier' <Latency = 0> <II = 1> <Delay = 3.57> <FuncUnit> <Opcode : 'mul'> <InPorts = 2> <OutPorts = 1>
ST_4 : Operation 1193 [1/1] (3.57ns)   --->   "%mult_932 = mul i24 %sext_ln70_315, i24 16777143" [firmware/nnet_utils/nnet_mult.h:73->firmware/nnet_utils/nnet_dense_latency.h:42]   --->   Operation 1193 'mul' 'mult_932' <Predicate = true> <Delay = 3.57> <CoreInst = "Multiplier">   --->   Core 3 'Multiplier' <Latency = 0> <II = 1> <Delay = 3.57> <FuncUnit> <Opcode : 'mul'> <InPorts = 2> <OutPorts = 1>
ST_4 : Operation 1194 [1/1] (3.57ns)   --->   "%mult_933 = mul i23 %sext_ln70_312, i23 8388550" [firmware/nnet_utils/nnet_mult.h:73->firmware/nnet_utils/nnet_dense_latency.h:42]   --->   Operation 1194 'mul' 'mult_933' <Predicate = true> <Delay = 3.57> <CoreInst = "Multiplier">   --->   Core 3 'Multiplier' <Latency = 0> <II = 1> <Delay = 3.57> <FuncUnit> <Opcode : 'mul'> <InPorts = 2> <OutPorts = 1>
ST_4 : Operation 1195 [1/1] (3.57ns)   --->   "%mult_934 = mul i26 %sext_ln70_313, i26 259" [firmware/nnet_utils/nnet_mult.h:73->firmware/nnet_utils/nnet_dense_latency.h:42]   --->   Operation 1195 'mul' 'mult_934' <Predicate = true> <Delay = 3.57> <CoreInst = "Multiplier">   --->   Core 3 'Multiplier' <Latency = 0> <II = 1> <Delay = 3.57> <FuncUnit> <Opcode : 'mul'> <InPorts = 2> <OutPorts = 1>
ST_4 : Operation 1196 [1/1] (3.57ns)   --->   "%mult_935 = mul i25 %sext_ln70_314, i25 171" [firmware/nnet_utils/nnet_mult.h:73->firmware/nnet_utils/nnet_dense_latency.h:42]   --->   Operation 1196 'mul' 'mult_935' <Predicate = true> <Delay = 3.57> <CoreInst = "Multiplier">   --->   Core 3 'Multiplier' <Latency = 0> <II = 1> <Delay = 3.57> <FuncUnit> <Opcode : 'mul'> <InPorts = 2> <OutPorts = 1>
ST_4 : Operation 1197 [1/1] (0.00ns)   --->   "%a_119 = load i16 %p_ZZN4nnet24compute_output_buffer_2dINS_5arrayI8ap_fixedILi16ELi6EL9ap_q_mode5EL9_13"   --->   Operation 1197 'load' 'a_119' <Predicate = true> <Delay = 0.00>
ST_4 : Operation 1198 [1/1] (0.00ns)   --->   "%sext_ln70_316 = sext i16 %a_119" [firmware/nnet_utils/nnet_mult.h:70->firmware/nnet_utils/nnet_dense_latency.h:42]   --->   Operation 1198 'sext' 'sext_ln70_316' <Predicate = true> <Delay = 0.00>
ST_4 : Operation 1199 [1/1] (0.00ns)   --->   "%sext_ln70_317 = sext i16 %a_119" [firmware/nnet_utils/nnet_mult.h:70->firmware/nnet_utils/nnet_dense_latency.h:42]   --->   Operation 1199 'sext' 'sext_ln70_317' <Predicate = true> <Delay = 0.00>
ST_4 : Operation 1200 [1/1] (0.00ns)   --->   "%sext_ln70_318 = sext i16 %a_119" [firmware/nnet_utils/nnet_mult.h:70->firmware/nnet_utils/nnet_dense_latency.h:42]   --->   Operation 1200 'sext' 'sext_ln70_318' <Predicate = true> <Delay = 0.00>
ST_4 : Operation 1201 [1/1] (0.00ns)   --->   "%sext_ln70_319 = sext i16 %a_119" [firmware/nnet_utils/nnet_mult.h:70->firmware/nnet_utils/nnet_dense_latency.h:42]   --->   Operation 1201 'sext' 'sext_ln70_319' <Predicate = true> <Delay = 0.00>
ST_4 : Operation 1202 [1/1] (3.57ns)   --->   "%mult_936 = mul i23 %sext_ln70_319, i23 8388557" [firmware/nnet_utils/nnet_mult.h:73->firmware/nnet_utils/nnet_dense_latency.h:42]   --->   Operation 1202 'mul' 'mult_936' <Predicate = true> <Delay = 3.57> <CoreInst = "Multiplier">   --->   Core 3 'Multiplier' <Latency = 0> <II = 1> <Delay = 3.57> <FuncUnit> <Opcode : 'mul'> <InPorts = 2> <OutPorts = 1>
ST_4 : Operation 1203 [1/1] (0.00ns)   --->   "%mult_937 = bitconcatenate i20 @_ssdm_op_BitConcatenate.i20.i16.i4, i16 %a_119, i4 0" [firmware/nnet_utils/nnet_mult.h:73->firmware/nnet_utils/nnet_dense_latency.h:42]   --->   Operation 1203 'bitconcatenate' 'mult_937' <Predicate = true> <Delay = 0.00>
ST_4 : Operation 1204 [1/1] (0.00ns)   --->   "%sext_ln17_164 = sext i20 %mult_937" [firmware/nnet_utils/nnet_dense_latency.h:17]   --->   Operation 1204 'sext' 'sext_ln17_164' <Predicate = true> <Delay = 0.00>
ST_4 : Operation 1205 [1/1] (3.57ns)   --->   "%mult_938 = mul i25 %sext_ln70_318, i25 148" [firmware/nnet_utils/nnet_mult.h:73->firmware/nnet_utils/nnet_dense_latency.h:42]   --->   Operation 1205 'mul' 'mult_938' <Predicate = true> <Delay = 3.57> <CoreInst = "Multiplier">   --->   Core 3 'Multiplier' <Latency = 0> <II = 1> <Delay = 3.57> <FuncUnit> <Opcode : 'mul'> <InPorts = 2> <OutPorts = 1>
ST_4 : Operation 1206 [1/1] (3.57ns)   --->   "%mult_939 = mul i25 %sext_ln70_318, i25 134" [firmware/nnet_utils/nnet_mult.h:73->firmware/nnet_utils/nnet_dense_latency.h:42]   --->   Operation 1206 'mul' 'mult_939' <Predicate = true> <Delay = 3.57> <CoreInst = "Multiplier">   --->   Core 3 'Multiplier' <Latency = 0> <II = 1> <Delay = 3.57> <FuncUnit> <Opcode : 'mul'> <InPorts = 2> <OutPorts = 1>
ST_4 : Operation 1207 [1/1] (3.57ns)   --->   "%mult_940 = mul i24 %sext_ln70_317, i24 119" [firmware/nnet_utils/nnet_mult.h:73->firmware/nnet_utils/nnet_dense_latency.h:42]   --->   Operation 1207 'mul' 'mult_940' <Predicate = true> <Delay = 3.57> <CoreInst = "Multiplier">   --->   Core 3 'Multiplier' <Latency = 0> <II = 1> <Delay = 3.57> <FuncUnit> <Opcode : 'mul'> <InPorts = 2> <OutPorts = 1>
ST_4 : Operation 1208 [1/1] (3.57ns)   --->   "%mult_941 = mul i24 %sext_ln70_317, i24 16777137" [firmware/nnet_utils/nnet_mult.h:73->firmware/nnet_utils/nnet_dense_latency.h:42]   --->   Operation 1208 'mul' 'mult_941' <Predicate = true> <Delay = 3.57> <CoreInst = "Multiplier">   --->   Core 3 'Multiplier' <Latency = 0> <II = 1> <Delay = 3.57> <FuncUnit> <Opcode : 'mul'> <InPorts = 2> <OutPorts = 1>
ST_4 : Operation 1209 [1/1] (3.57ns)   --->   "%mult_942 = mul i25 %sext_ln70_318, i25 198" [firmware/nnet_utils/nnet_mult.h:73->firmware/nnet_utils/nnet_dense_latency.h:42]   --->   Operation 1209 'mul' 'mult_942' <Predicate = true> <Delay = 3.57> <CoreInst = "Multiplier">   --->   Core 3 'Multiplier' <Latency = 0> <II = 1> <Delay = 3.57> <FuncUnit> <Opcode : 'mul'> <InPorts = 2> <OutPorts = 1>
ST_4 : Operation 1210 [1/1] (3.57ns)   --->   "%mult_943 = mul i23 %sext_ln70_319, i23 45" [firmware/nnet_utils/nnet_mult.h:73->firmware/nnet_utils/nnet_dense_latency.h:42]   --->   Operation 1210 'mul' 'mult_943' <Predicate = true> <Delay = 3.57> <CoreInst = "Multiplier">   --->   Core 3 'Multiplier' <Latency = 0> <II = 1> <Delay = 3.57> <FuncUnit> <Opcode : 'mul'> <InPorts = 2> <OutPorts = 1>
ST_4 : Operation 1211 [1/1] (3.57ns)   --->   "%mult_944 = mul i26 %sext_ln70_316, i26 498" [firmware/nnet_utils/nnet_mult.h:73->firmware/nnet_utils/nnet_dense_latency.h:42]   --->   Operation 1211 'mul' 'mult_944' <Predicate = true> <Delay = 3.57> <CoreInst = "Multiplier">   --->   Core 3 'Multiplier' <Latency = 0> <II = 1> <Delay = 3.57> <FuncUnit> <Opcode : 'mul'> <InPorts = 2> <OutPorts = 1>
ST_4 : Operation 1212 [1/1] (3.57ns)   --->   "%mult_945 = mul i25 %sext_ln70_318, i25 33554295" [firmware/nnet_utils/nnet_mult.h:73->firmware/nnet_utils/nnet_dense_latency.h:42]   --->   Operation 1212 'mul' 'mult_945' <Predicate = true> <Delay = 3.57> <CoreInst = "Multiplier">   --->   Core 3 'Multiplier' <Latency = 0> <II = 1> <Delay = 3.57> <FuncUnit> <Opcode : 'mul'> <InPorts = 2> <OutPorts = 1>
ST_4 : Operation 1213 [1/1] (0.00ns)   --->   "%a_120 = load i16 %p_ZZN4nnet24compute_output_buffer_2dINS_5arrayI8ap_fixedILi16ELi6EL9ap_q_mode5EL9_12"   --->   Operation 1213 'load' 'a_120' <Predicate = true> <Delay = 0.00>
ST_4 : Operation 1214 [1/1] (0.00ns)   --->   "%sext_ln70_320 = sext i16 %a_120" [firmware/nnet_utils/nnet_mult.h:70->firmware/nnet_utils/nnet_dense_latency.h:42]   --->   Operation 1214 'sext' 'sext_ln70_320' <Predicate = true> <Delay = 0.00>
ST_4 : Operation 1215 [1/1] (0.00ns)   --->   "%sext_ln70_321 = sext i16 %a_120" [firmware/nnet_utils/nnet_mult.h:70->firmware/nnet_utils/nnet_dense_latency.h:42]   --->   Operation 1215 'sext' 'sext_ln70_321' <Predicate = true> <Delay = 0.00>
ST_4 : Operation 1216 [1/1] (0.00ns)   --->   "%sext_ln70_322 = sext i16 %a_120" [firmware/nnet_utils/nnet_mult.h:70->firmware/nnet_utils/nnet_dense_latency.h:42]   --->   Operation 1216 'sext' 'sext_ln70_322' <Predicate = true> <Delay = 0.00>
ST_4 : Operation 1217 [1/1] (3.57ns)   --->   "%mult_946 = mul i22 %sext_ln70_322, i22 26" [firmware/nnet_utils/nnet_mult.h:73->firmware/nnet_utils/nnet_dense_latency.h:42]   --->   Operation 1217 'mul' 'mult_946' <Predicate = true> <Delay = 3.57> <CoreInst = "Multiplier">   --->   Core 3 'Multiplier' <Latency = 0> <II = 1> <Delay = 3.57> <FuncUnit> <Opcode : 'mul'> <InPorts = 2> <OutPorts = 1>
ST_4 : Operation 1218 [1/1] (3.57ns)   --->   "%mult_947 = mul i25 %sext_ln70_321, i25 185" [firmware/nnet_utils/nnet_mult.h:73->firmware/nnet_utils/nnet_dense_latency.h:42]   --->   Operation 1218 'mul' 'mult_947' <Predicate = true> <Delay = 3.57> <CoreInst = "Multiplier">   --->   Core 3 'Multiplier' <Latency = 0> <II = 1> <Delay = 3.57> <FuncUnit> <Opcode : 'mul'> <InPorts = 2> <OutPorts = 1>
ST_4 : Operation 1219 [1/1] (3.57ns)   --->   "%mult_948 = mul i25 %sext_ln70_321, i25 138" [firmware/nnet_utils/nnet_mult.h:73->firmware/nnet_utils/nnet_dense_latency.h:42]   --->   Operation 1219 'mul' 'mult_948' <Predicate = true> <Delay = 3.57> <CoreInst = "Multiplier">   --->   Core 3 'Multiplier' <Latency = 0> <II = 1> <Delay = 3.57> <FuncUnit> <Opcode : 'mul'> <InPorts = 2> <OutPorts = 1>
ST_4 : Operation 1220 [1/1] (3.57ns)   --->   "%mult_949 = mul i25 %sext_ln70_321, i25 33554252" [firmware/nnet_utils/nnet_mult.h:73->firmware/nnet_utils/nnet_dense_latency.h:42]   --->   Operation 1220 'mul' 'mult_949' <Predicate = true> <Delay = 3.57> <CoreInst = "Multiplier">   --->   Core 3 'Multiplier' <Latency = 0> <II = 1> <Delay = 3.57> <FuncUnit> <Opcode : 'mul'> <InPorts = 2> <OutPorts = 1>
ST_4 : Operation 1221 [1/1] (3.57ns)   --->   "%mult_950 = mul i24 %sext_ln70_320, i24 16777140" [firmware/nnet_utils/nnet_mult.h:73->firmware/nnet_utils/nnet_dense_latency.h:42]   --->   Operation 1221 'mul' 'mult_950' <Predicate = true> <Delay = 3.57> <CoreInst = "Multiplier">   --->   Core 3 'Multiplier' <Latency = 0> <II = 1> <Delay = 3.57> <FuncUnit> <Opcode : 'mul'> <InPorts = 2> <OutPorts = 1>
ST_4 : Operation 1222 [1/1] (3.57ns)   --->   "%mult_951 = mul i25 %sext_ln70_321, i25 161" [firmware/nnet_utils/nnet_mult.h:73->firmware/nnet_utils/nnet_dense_latency.h:42]   --->   Operation 1222 'mul' 'mult_951' <Predicate = true> <Delay = 3.57> <CoreInst = "Multiplier">   --->   Core 3 'Multiplier' <Latency = 0> <II = 1> <Delay = 3.57> <FuncUnit> <Opcode : 'mul'> <InPorts = 2> <OutPorts = 1>
ST_4 : Operation 1223 [1/1] (3.57ns)   --->   "%mult_953 = mul i24 %sext_ln70_320, i24 16777112" [firmware/nnet_utils/nnet_mult.h:73->firmware/nnet_utils/nnet_dense_latency.h:42]   --->   Operation 1223 'mul' 'mult_953' <Predicate = true> <Delay = 3.57> <CoreInst = "Multiplier">   --->   Core 3 'Multiplier' <Latency = 0> <II = 1> <Delay = 3.57> <FuncUnit> <Opcode : 'mul'> <InPorts = 2> <OutPorts = 1>
ST_4 : Operation 1224 [1/1] (3.57ns)   --->   "%mult_954 = mul i25 %sext_ln70_321, i25 33554207" [firmware/nnet_utils/nnet_mult.h:73->firmware/nnet_utils/nnet_dense_latency.h:42]   --->   Operation 1224 'mul' 'mult_954' <Predicate = true> <Delay = 3.57> <CoreInst = "Multiplier">   --->   Core 3 'Multiplier' <Latency = 0> <II = 1> <Delay = 3.57> <FuncUnit> <Opcode : 'mul'> <InPorts = 2> <OutPorts = 1>
ST_4 : Operation 1225 [1/1] (3.57ns)   --->   "%mult_955 = mul i25 %sext_ln70_321, i25 33554299" [firmware/nnet_utils/nnet_mult.h:73->firmware/nnet_utils/nnet_dense_latency.h:42]   --->   Operation 1225 'mul' 'mult_955' <Predicate = true> <Delay = 3.57> <CoreInst = "Multiplier">   --->   Core 3 'Multiplier' <Latency = 0> <II = 1> <Delay = 3.57> <FuncUnit> <Opcode : 'mul'> <InPorts = 2> <OutPorts = 1>
ST_4 : Operation 1226 [1/1] (0.00ns)   --->   "%a_121 = load i16 %p_ZZN4nnet24compute_output_buffer_2dINS_5arrayI8ap_fixedILi16ELi6EL9ap_q_mode5EL9_11"   --->   Operation 1226 'load' 'a_121' <Predicate = true> <Delay = 0.00>
ST_4 : Operation 1227 [1/1] (0.00ns)   --->   "%sext_ln70_323 = sext i16 %a_121" [firmware/nnet_utils/nnet_mult.h:70->firmware/nnet_utils/nnet_dense_latency.h:42]   --->   Operation 1227 'sext' 'sext_ln70_323' <Predicate = true> <Delay = 0.00>
ST_4 : Operation 1228 [1/1] (0.00ns)   --->   "%sext_ln70_324 = sext i16 %a_121" [firmware/nnet_utils/nnet_mult.h:70->firmware/nnet_utils/nnet_dense_latency.h:42]   --->   Operation 1228 'sext' 'sext_ln70_324' <Predicate = true> <Delay = 0.00>
ST_4 : Operation 1229 [1/1] (0.00ns)   --->   "%sext_ln70_325 = sext i16 %a_121" [firmware/nnet_utils/nnet_mult.h:70->firmware/nnet_utils/nnet_dense_latency.h:42]   --->   Operation 1229 'sext' 'sext_ln70_325' <Predicate = true> <Delay = 0.00>
ST_4 : Operation 1230 [1/1] (3.57ns)   --->   "%mult_957 = mul i24 %sext_ln70_325, i24 123" [firmware/nnet_utils/nnet_mult.h:73->firmware/nnet_utils/nnet_dense_latency.h:42]   --->   Operation 1230 'mul' 'mult_957' <Predicate = true> <Delay = 3.57> <CoreInst = "Multiplier">   --->   Core 3 'Multiplier' <Latency = 0> <II = 1> <Delay = 3.57> <FuncUnit> <Opcode : 'mul'> <InPorts = 2> <OutPorts = 1>
ST_4 : Operation 1231 [1/1] (3.57ns)   --->   "%mult_958 = mul i25 %sext_ln70_324, i25 33554292" [firmware/nnet_utils/nnet_mult.h:73->firmware/nnet_utils/nnet_dense_latency.h:42]   --->   Operation 1231 'mul' 'mult_958' <Predicate = true> <Delay = 3.57> <CoreInst = "Multiplier">   --->   Core 3 'Multiplier' <Latency = 0> <II = 1> <Delay = 3.57> <FuncUnit> <Opcode : 'mul'> <InPorts = 2> <OutPorts = 1>
ST_4 : Operation 1232 [1/1] (3.57ns)   --->   "%mult_959 = mul i25 %sext_ln70_324, i25 137" [firmware/nnet_utils/nnet_mult.h:73->firmware/nnet_utils/nnet_dense_latency.h:42]   --->   Operation 1232 'mul' 'mult_959' <Predicate = true> <Delay = 3.57> <CoreInst = "Multiplier">   --->   Core 3 'Multiplier' <Latency = 0> <II = 1> <Delay = 3.57> <FuncUnit> <Opcode : 'mul'> <InPorts = 2> <OutPorts = 1>
ST_4 : Operation 1233 [1/1] (3.57ns)   --->   "%mult_960 = mul i24 %sext_ln70_325, i24 16777116" [firmware/nnet_utils/nnet_mult.h:73->firmware/nnet_utils/nnet_dense_latency.h:42]   --->   Operation 1233 'mul' 'mult_960' <Predicate = true> <Delay = 3.57> <CoreInst = "Multiplier">   --->   Core 3 'Multiplier' <Latency = 0> <II = 1> <Delay = 3.57> <FuncUnit> <Opcode : 'mul'> <InPorts = 2> <OutPorts = 1>
ST_4 : Operation 1234 [1/1] (3.57ns)   --->   "%mult_961 = mul i22 %sext_ln70_323, i22 23" [firmware/nnet_utils/nnet_mult.h:73->firmware/nnet_utils/nnet_dense_latency.h:42]   --->   Operation 1234 'mul' 'mult_961' <Predicate = true> <Delay = 3.57> <CoreInst = "Multiplier">   --->   Core 3 'Multiplier' <Latency = 0> <II = 1> <Delay = 3.57> <FuncUnit> <Opcode : 'mul'> <InPorts = 2> <OutPorts = 1>
ST_4 : Operation 1235 [1/1] (3.57ns)   --->   "%mult_962 = mul i24 %sext_ln70_325, i24 16777094" [firmware/nnet_utils/nnet_mult.h:73->firmware/nnet_utils/nnet_dense_latency.h:42]   --->   Operation 1235 'mul' 'mult_962' <Predicate = true> <Delay = 3.57> <CoreInst = "Multiplier">   --->   Core 3 'Multiplier' <Latency = 0> <II = 1> <Delay = 3.57> <FuncUnit> <Opcode : 'mul'> <InPorts = 2> <OutPorts = 1>
ST_4 : Operation 1236 [1/1] (3.57ns)   --->   "%mult_965 = mul i25 %sext_ln70_324, i25 33554238" [firmware/nnet_utils/nnet_mult.h:73->firmware/nnet_utils/nnet_dense_latency.h:42]   --->   Operation 1236 'mul' 'mult_965' <Predicate = true> <Delay = 3.57> <CoreInst = "Multiplier">   --->   Core 3 'Multiplier' <Latency = 0> <II = 1> <Delay = 3.57> <FuncUnit> <Opcode : 'mul'> <InPorts = 2> <OutPorts = 1>
ST_4 : Operation 1237 [1/1] (0.00ns)   --->   "%a_122 = load i16 %p_ZZN4nnet24compute_output_buffer_2dINS_5arrayI8ap_fixedILi16ELi6EL9ap_q_mode5EL9_10"   --->   Operation 1237 'load' 'a_122' <Predicate = true> <Delay = 0.00>
ST_4 : Operation 1238 [1/1] (0.00ns)   --->   "%sext_ln70_326 = sext i16 %a_122" [firmware/nnet_utils/nnet_mult.h:70->firmware/nnet_utils/nnet_dense_latency.h:42]   --->   Operation 1238 'sext' 'sext_ln70_326' <Predicate = true> <Delay = 0.00>
ST_4 : Operation 1239 [1/1] (0.00ns)   --->   "%sext_ln70_327 = sext i16 %a_122" [firmware/nnet_utils/nnet_mult.h:70->firmware/nnet_utils/nnet_dense_latency.h:42]   --->   Operation 1239 'sext' 'sext_ln70_327' <Predicate = true> <Delay = 0.00>
ST_4 : Operation 1240 [1/1] (3.57ns)   --->   "%mult_966 = mul i25 %sext_ln70_327, i25 139" [firmware/nnet_utils/nnet_mult.h:73->firmware/nnet_utils/nnet_dense_latency.h:42]   --->   Operation 1240 'mul' 'mult_966' <Predicate = true> <Delay = 3.57> <CoreInst = "Multiplier">   --->   Core 3 'Multiplier' <Latency = 0> <II = 1> <Delay = 3.57> <FuncUnit> <Opcode : 'mul'> <InPorts = 2> <OutPorts = 1>
ST_4 : Operation 1241 [1/1] (3.57ns)   --->   "%mult_967 = mul i23 %sext_ln70_326, i23 8388564" [firmware/nnet_utils/nnet_mult.h:73->firmware/nnet_utils/nnet_dense_latency.h:42]   --->   Operation 1241 'mul' 'mult_967' <Predicate = true> <Delay = 3.57> <CoreInst = "Multiplier">   --->   Core 3 'Multiplier' <Latency = 0> <II = 1> <Delay = 3.57> <FuncUnit> <Opcode : 'mul'> <InPorts = 2> <OutPorts = 1>
ST_4 : Operation 1242 [1/1] (3.57ns)   --->   "%mult_968 = mul i25 %sext_ln70_327, i25 33554193" [firmware/nnet_utils/nnet_mult.h:73->firmware/nnet_utils/nnet_dense_latency.h:42]   --->   Operation 1242 'mul' 'mult_968' <Predicate = true> <Delay = 3.57> <CoreInst = "Multiplier">   --->   Core 3 'Multiplier' <Latency = 0> <II = 1> <Delay = 3.57> <FuncUnit> <Opcode : 'mul'> <InPorts = 2> <OutPorts = 1>
ST_4 : Operation 1243 [1/1] (3.57ns)   --->   "%mul_ln73_742 = mul i23 %sext_ln70_326, i23 8388567" [firmware/nnet_utils/nnet_mult.h:73->firmware/nnet_utils/nnet_dense_latency.h:42]   --->   Operation 1243 'mul' 'mul_ln73_742' <Predicate = true> <Delay = 3.57> <CoreInst = "Multiplier">   --->   Core 3 'Multiplier' <Latency = 0> <II = 1> <Delay = 3.57> <FuncUnit> <Opcode : 'mul'> <InPorts = 2> <OutPorts = 1>
ST_4 : Operation 1244 [1/1] (3.57ns)   --->   "%mult_971 = mul i23 %sext_ln70_326, i23 49" [firmware/nnet_utils/nnet_mult.h:73->firmware/nnet_utils/nnet_dense_latency.h:42]   --->   Operation 1244 'mul' 'mult_971' <Predicate = true> <Delay = 3.57> <CoreInst = "Multiplier">   --->   Core 3 'Multiplier' <Latency = 0> <II = 1> <Delay = 3.57> <FuncUnit> <Opcode : 'mul'> <InPorts = 2> <OutPorts = 1>
ST_4 : Operation 1245 [1/1] (3.57ns)   --->   "%mult_972 = mul i25 %sext_ln70_327, i25 245" [firmware/nnet_utils/nnet_mult.h:73->firmware/nnet_utils/nnet_dense_latency.h:42]   --->   Operation 1245 'mul' 'mult_972' <Predicate = true> <Delay = 3.57> <CoreInst = "Multiplier">   --->   Core 3 'Multiplier' <Latency = 0> <II = 1> <Delay = 3.57> <FuncUnit> <Opcode : 'mul'> <InPorts = 2> <OutPorts = 1>
ST_4 : Operation 1246 [1/1] (0.00ns)   --->   "%a_123 = load i16 %p_ZZN4nnet24compute_output_buffer_2dINS_5arrayI8ap_fixedILi16ELi6EL9ap_q_mode5EL9_9"   --->   Operation 1246 'load' 'a_123' <Predicate = true> <Delay = 0.00>
ST_4 : Operation 1247 [1/1] (0.00ns)   --->   "%sext_ln70_328 = sext i16 %a_123" [firmware/nnet_utils/nnet_mult.h:70->firmware/nnet_utils/nnet_dense_latency.h:42]   --->   Operation 1247 'sext' 'sext_ln70_328' <Predicate = true> <Delay = 0.00>
ST_4 : Operation 1248 [1/1] (0.00ns)   --->   "%sext_ln70_329 = sext i16 %a_123" [firmware/nnet_utils/nnet_mult.h:70->firmware/nnet_utils/nnet_dense_latency.h:42]   --->   Operation 1248 'sext' 'sext_ln70_329' <Predicate = true> <Delay = 0.00>
ST_4 : Operation 1249 [1/1] (0.00ns)   --->   "%sext_ln70_330 = sext i16 %a_123" [firmware/nnet_utils/nnet_mult.h:70->firmware/nnet_utils/nnet_dense_latency.h:42]   --->   Operation 1249 'sext' 'sext_ln70_330' <Predicate = true> <Delay = 0.00>
ST_4 : Operation 1250 [1/1] (3.57ns)   --->   "%mult_974 = mul i24 %sext_ln70_330, i24 113" [firmware/nnet_utils/nnet_mult.h:73->firmware/nnet_utils/nnet_dense_latency.h:42]   --->   Operation 1250 'mul' 'mult_974' <Predicate = true> <Delay = 3.57> <CoreInst = "Multiplier">   --->   Core 3 'Multiplier' <Latency = 0> <II = 1> <Delay = 3.57> <FuncUnit> <Opcode : 'mul'> <InPorts = 2> <OutPorts = 1>
ST_4 : Operation 1251 [1/1] (3.57ns)   --->   "%mult_975 = mul i25 %sext_ln70_329, i25 33554182" [firmware/nnet_utils/nnet_mult.h:73->firmware/nnet_utils/nnet_dense_latency.h:42]   --->   Operation 1251 'mul' 'mult_975' <Predicate = true> <Delay = 3.57> <CoreInst = "Multiplier">   --->   Core 3 'Multiplier' <Latency = 0> <II = 1> <Delay = 3.57> <FuncUnit> <Opcode : 'mul'> <InPorts = 2> <OutPorts = 1>
ST_4 : Operation 1252 [1/1] (3.57ns)   --->   "%mult_977 = mul i23 %sext_ln70_328, i23 8388571" [firmware/nnet_utils/nnet_mult.h:73->firmware/nnet_utils/nnet_dense_latency.h:42]   --->   Operation 1252 'mul' 'mult_977' <Predicate = true> <Delay = 3.57> <CoreInst = "Multiplier">   --->   Core 3 'Multiplier' <Latency = 0> <II = 1> <Delay = 3.57> <FuncUnit> <Opcode : 'mul'> <InPorts = 2> <OutPorts = 1>
ST_4 : Operation 1253 [1/1] (3.57ns)   --->   "%mult_978 = mul i23 %sext_ln70_328, i23 61" [firmware/nnet_utils/nnet_mult.h:73->firmware/nnet_utils/nnet_dense_latency.h:42]   --->   Operation 1253 'mul' 'mult_978' <Predicate = true> <Delay = 3.57> <CoreInst = "Multiplier">   --->   Core 3 'Multiplier' <Latency = 0> <II = 1> <Delay = 3.57> <FuncUnit> <Opcode : 'mul'> <InPorts = 2> <OutPorts = 1>
ST_4 : Operation 1254 [1/1] (3.57ns)   --->   "%mult_980 = mul i23 %sext_ln70_328, i23 8388565" [firmware/nnet_utils/nnet_mult.h:73->firmware/nnet_utils/nnet_dense_latency.h:42]   --->   Operation 1254 'mul' 'mult_980' <Predicate = true> <Delay = 3.57> <CoreInst = "Multiplier">   --->   Core 3 'Multiplier' <Latency = 0> <II = 1> <Delay = 3.57> <FuncUnit> <Opcode : 'mul'> <InPorts = 2> <OutPorts = 1>
ST_4 : Operation 1255 [1/1] (3.57ns)   --->   "%mult_982 = mul i25 %sext_ln70_329, i25 142" [firmware/nnet_utils/nnet_mult.h:73->firmware/nnet_utils/nnet_dense_latency.h:42]   --->   Operation 1255 'mul' 'mult_982' <Predicate = true> <Delay = 3.57> <CoreInst = "Multiplier">   --->   Core 3 'Multiplier' <Latency = 0> <II = 1> <Delay = 3.57> <FuncUnit> <Opcode : 'mul'> <InPorts = 2> <OutPorts = 1>
ST_4 : Operation 1256 [1/1] (3.57ns)   --->   "%mult_983 = mul i24 %sext_ln70_330, i24 16777138" [firmware/nnet_utils/nnet_mult.h:73->firmware/nnet_utils/nnet_dense_latency.h:42]   --->   Operation 1256 'mul' 'mult_983' <Predicate = true> <Delay = 3.57> <CoreInst = "Multiplier">   --->   Core 3 'Multiplier' <Latency = 0> <II = 1> <Delay = 3.57> <FuncUnit> <Opcode : 'mul'> <InPorts = 2> <OutPorts = 1>
ST_4 : Operation 1257 [1/1] (0.00ns)   --->   "%a_124 = load i16 %p_ZZN4nnet24compute_output_buffer_2dINS_5arrayI8ap_fixedILi16ELi6EL9ap_q_mode5EL9_8"   --->   Operation 1257 'load' 'a_124' <Predicate = true> <Delay = 0.00>
ST_4 : Operation 1258 [1/1] (0.00ns)   --->   "%sext_ln70_331 = sext i16 %a_124" [firmware/nnet_utils/nnet_mult.h:70->firmware/nnet_utils/nnet_dense_latency.h:42]   --->   Operation 1258 'sext' 'sext_ln70_331' <Predicate = true> <Delay = 0.00>
ST_4 : Operation 1259 [1/1] (0.00ns)   --->   "%sext_ln70_332 = sext i16 %a_124" [firmware/nnet_utils/nnet_mult.h:70->firmware/nnet_utils/nnet_dense_latency.h:42]   --->   Operation 1259 'sext' 'sext_ln70_332' <Predicate = true> <Delay = 0.00>
ST_4 : Operation 1260 [1/1] (0.00ns)   --->   "%sext_ln70_333 = sext i16 %a_124" [firmware/nnet_utils/nnet_mult.h:70->firmware/nnet_utils/nnet_dense_latency.h:42]   --->   Operation 1260 'sext' 'sext_ln70_333' <Predicate = true> <Delay = 0.00>
ST_4 : Operation 1261 [1/1] (0.00ns)   --->   "%sext_ln70_334 = sext i16 %a_124" [firmware/nnet_utils/nnet_mult.h:70->firmware/nnet_utils/nnet_dense_latency.h:42]   --->   Operation 1261 'sext' 'sext_ln70_334' <Predicate = true> <Delay = 0.00>
ST_4 : Operation 1262 [1/1] (3.57ns)   --->   "%mult_984 = mul i23 %sext_ln70_334, i23 52" [firmware/nnet_utils/nnet_mult.h:73->firmware/nnet_utils/nnet_dense_latency.h:42]   --->   Operation 1262 'mul' 'mult_984' <Predicate = true> <Delay = 3.57> <CoreInst = "Multiplier">   --->   Core 3 'Multiplier' <Latency = 0> <II = 1> <Delay = 3.57> <FuncUnit> <Opcode : 'mul'> <InPorts = 2> <OutPorts = 1>
ST_4 : Operation 1263 [1/1] (3.57ns)   --->   "%mult_985 = mul i22 %sext_ln70_333, i22 4194279" [firmware/nnet_utils/nnet_mult.h:73->firmware/nnet_utils/nnet_dense_latency.h:42]   --->   Operation 1263 'mul' 'mult_985' <Predicate = true> <Delay = 3.57> <CoreInst = "Multiplier">   --->   Core 3 'Multiplier' <Latency = 0> <II = 1> <Delay = 3.57> <FuncUnit> <Opcode : 'mul'> <InPorts = 2> <OutPorts = 1>
ST_4 : Operation 1264 [1/1] (3.57ns)   --->   "%mult_986 = mul i23 %sext_ln70_334, i23 8388569" [firmware/nnet_utils/nnet_mult.h:73->firmware/nnet_utils/nnet_dense_latency.h:42]   --->   Operation 1264 'mul' 'mult_986' <Predicate = true> <Delay = 3.57> <CoreInst = "Multiplier">   --->   Core 3 'Multiplier' <Latency = 0> <II = 1> <Delay = 3.57> <FuncUnit> <Opcode : 'mul'> <InPorts = 2> <OutPorts = 1>
ST_4 : Operation 1265 [1/1] (3.57ns)   --->   "%mult_988 = mul i22 %sext_ln70_333, i22 23" [firmware/nnet_utils/nnet_mult.h:73->firmware/nnet_utils/nnet_dense_latency.h:42]   --->   Operation 1265 'mul' 'mult_988' <Predicate = true> <Delay = 3.57> <CoreInst = "Multiplier">   --->   Core 3 'Multiplier' <Latency = 0> <II = 1> <Delay = 3.57> <FuncUnit> <Opcode : 'mul'> <InPorts = 2> <OutPorts = 1>
ST_4 : Operation 1266 [1/1] (3.57ns)   --->   "%mult_989 = mul i22 %sext_ln70_333, i22 4194282" [firmware/nnet_utils/nnet_mult.h:73->firmware/nnet_utils/nnet_dense_latency.h:42]   --->   Operation 1266 'mul' 'mult_989' <Predicate = true> <Delay = 3.57> <CoreInst = "Multiplier">   --->   Core 3 'Multiplier' <Latency = 0> <II = 1> <Delay = 3.57> <FuncUnit> <Opcode : 'mul'> <InPorts = 2> <OutPorts = 1>
ST_4 : Operation 1267 [1/1] (3.57ns)   --->   "%mult_990 = mul i24 %sext_ln70_332, i24 113" [firmware/nnet_utils/nnet_mult.h:73->firmware/nnet_utils/nnet_dense_latency.h:42]   --->   Operation 1267 'mul' 'mult_990' <Predicate = true> <Delay = 3.57> <CoreInst = "Multiplier">   --->   Core 3 'Multiplier' <Latency = 0> <II = 1> <Delay = 3.57> <FuncUnit> <Opcode : 'mul'> <InPorts = 2> <OutPorts = 1>
ST_4 : Operation 1268 [1/1] (3.57ns)   --->   "%mult_991 = mul i25 %sext_ln70_331, i25 33554268" [firmware/nnet_utils/nnet_mult.h:73->firmware/nnet_utils/nnet_dense_latency.h:42]   --->   Operation 1268 'mul' 'mult_991' <Predicate = true> <Delay = 3.57> <CoreInst = "Multiplier">   --->   Core 3 'Multiplier' <Latency = 0> <II = 1> <Delay = 3.57> <FuncUnit> <Opcode : 'mul'> <InPorts = 2> <OutPorts = 1>
ST_4 : Operation 1269 [1/1] (3.57ns)   --->   "%mult_992 = mul i23 %sext_ln70_334, i23 59" [firmware/nnet_utils/nnet_mult.h:73->firmware/nnet_utils/nnet_dense_latency.h:42]   --->   Operation 1269 'mul' 'mult_992' <Predicate = true> <Delay = 3.57> <CoreInst = "Multiplier">   --->   Core 3 'Multiplier' <Latency = 0> <II = 1> <Delay = 3.57> <FuncUnit> <Opcode : 'mul'> <InPorts = 2> <OutPorts = 1>
ST_4 : Operation 1270 [1/1] (0.00ns)   --->   "%a_125 = load i16 %p_ZZN4nnet24compute_output_buffer_2dINS_5arrayI8ap_fixedILi16ELi6EL9ap_q_mode5EL9_7"   --->   Operation 1270 'load' 'a_125' <Predicate = true> <Delay = 0.00>
ST_4 : Operation 1271 [1/1] (0.00ns)   --->   "%sext_ln70_335 = sext i16 %a_125" [firmware/nnet_utils/nnet_mult.h:70->firmware/nnet_utils/nnet_dense_latency.h:42]   --->   Operation 1271 'sext' 'sext_ln70_335' <Predicate = true> <Delay = 0.00>
ST_4 : Operation 1272 [1/1] (0.00ns)   --->   "%sext_ln70_336 = sext i16 %a_125" [firmware/nnet_utils/nnet_mult.h:70->firmware/nnet_utils/nnet_dense_latency.h:42]   --->   Operation 1272 'sext' 'sext_ln70_336' <Predicate = true> <Delay = 0.00>
ST_4 : Operation 1273 [1/1] (0.00ns)   --->   "%sext_ln70_337 = sext i16 %a_125" [firmware/nnet_utils/nnet_mult.h:70->firmware/nnet_utils/nnet_dense_latency.h:42]   --->   Operation 1273 'sext' 'sext_ln70_337' <Predicate = true> <Delay = 0.00>
ST_4 : Operation 1274 [1/1] (3.57ns)   --->   "%mult_993 = mul i25 %sext_ln70_337, i25 33554194" [firmware/nnet_utils/nnet_mult.h:73->firmware/nnet_utils/nnet_dense_latency.h:42]   --->   Operation 1274 'mul' 'mult_993' <Predicate = true> <Delay = 3.57> <CoreInst = "Multiplier">   --->   Core 3 'Multiplier' <Latency = 0> <II = 1> <Delay = 3.57> <FuncUnit> <Opcode : 'mul'> <InPorts = 2> <OutPorts = 1>
ST_4 : Operation 1275 [1/1] (3.57ns)   --->   "%mult_994 = mul i25 %sext_ln70_337, i25 33554274" [firmware/nnet_utils/nnet_mult.h:73->firmware/nnet_utils/nnet_dense_latency.h:42]   --->   Operation 1275 'mul' 'mult_994' <Predicate = true> <Delay = 3.57> <CoreInst = "Multiplier">   --->   Core 3 'Multiplier' <Latency = 0> <II = 1> <Delay = 3.57> <FuncUnit> <Opcode : 'mul'> <InPorts = 2> <OutPorts = 1>
ST_4 : Operation 1276 [1/1] (3.57ns)   --->   "%mult_995 = mul i23 %sext_ln70_336, i23 8388555" [firmware/nnet_utils/nnet_mult.h:73->firmware/nnet_utils/nnet_dense_latency.h:42]   --->   Operation 1276 'mul' 'mult_995' <Predicate = true> <Delay = 3.57> <CoreInst = "Multiplier">   --->   Core 3 'Multiplier' <Latency = 0> <II = 1> <Delay = 3.57> <FuncUnit> <Opcode : 'mul'> <InPorts = 2> <OutPorts = 1>
ST_4 : Operation 1277 [1/1] (3.57ns)   --->   "%mult_996 = mul i25 %sext_ln70_337, i25 33554212" [firmware/nnet_utils/nnet_mult.h:73->firmware/nnet_utils/nnet_dense_latency.h:42]   --->   Operation 1277 'mul' 'mult_996' <Predicate = true> <Delay = 3.57> <CoreInst = "Multiplier">   --->   Core 3 'Multiplier' <Latency = 0> <II = 1> <Delay = 3.57> <FuncUnit> <Opcode : 'mul'> <InPorts = 2> <OutPorts = 1>
ST_4 : Operation 1278 [1/1] (3.57ns)   --->   "%mult_997 = mul i24 %sext_ln70_335, i24 121" [firmware/nnet_utils/nnet_mult.h:73->firmware/nnet_utils/nnet_dense_latency.h:42]   --->   Operation 1278 'mul' 'mult_997' <Predicate = true> <Delay = 3.57> <CoreInst = "Multiplier">   --->   Core 3 'Multiplier' <Latency = 0> <II = 1> <Delay = 3.57> <FuncUnit> <Opcode : 'mul'> <InPorts = 2> <OutPorts = 1>
ST_4 : Operation 1279 [1/1] (3.57ns)   --->   "%mult_998 = mul i25 %sext_ln70_337, i25 174" [firmware/nnet_utils/nnet_mult.h:73->firmware/nnet_utils/nnet_dense_latency.h:42]   --->   Operation 1279 'mul' 'mult_998' <Predicate = true> <Delay = 3.57> <CoreInst = "Multiplier">   --->   Core 3 'Multiplier' <Latency = 0> <II = 1> <Delay = 3.57> <FuncUnit> <Opcode : 'mul'> <InPorts = 2> <OutPorts = 1>
ST_4 : Operation 1280 [1/1] (3.57ns)   --->   "%mult_999 = mul i23 %sext_ln70_336, i23 41" [firmware/nnet_utils/nnet_mult.h:73->firmware/nnet_utils/nnet_dense_latency.h:42]   --->   Operation 1280 'mul' 'mult_999' <Predicate = true> <Delay = 3.57> <CoreInst = "Multiplier">   --->   Core 3 'Multiplier' <Latency = 0> <II = 1> <Delay = 3.57> <FuncUnit> <Opcode : 'mul'> <InPorts = 2> <OutPorts = 1>
ST_4 : Operation 1281 [1/1] (0.00ns)   --->   "%shl_ln73_251 = bitconcatenate i20 @_ssdm_op_BitConcatenate.i20.i16.i4, i16 %a_125, i4 0" [firmware/nnet_utils/nnet_mult.h:73->firmware/nnet_utils/nnet_dense_latency.h:42]   --->   Operation 1281 'bitconcatenate' 'shl_ln73_251' <Predicate = true> <Delay = 0.00>
ST_4 : Operation 1282 [1/1] (0.00ns)   --->   "%sext_ln73_412 = sext i20 %shl_ln73_251" [firmware/nnet_utils/nnet_mult.h:73->firmware/nnet_utils/nnet_dense_latency.h:42]   --->   Operation 1282 'sext' 'sext_ln73_412' <Predicate = true> <Delay = 0.00>
ST_4 : Operation 1283 [1/1] (3.57ns)   --->   "%mult_1001 = mul i24 %sext_ln70_335, i24 98" [firmware/nnet_utils/nnet_mult.h:73->firmware/nnet_utils/nnet_dense_latency.h:42]   --->   Operation 1283 'mul' 'mult_1001' <Predicate = true> <Delay = 3.57> <CoreInst = "Multiplier">   --->   Core 3 'Multiplier' <Latency = 0> <II = 1> <Delay = 3.57> <FuncUnit> <Opcode : 'mul'> <InPorts = 2> <OutPorts = 1>
ST_4 : Operation 1284 [1/1] (0.00ns)   --->   "%a_126 = load i16 %p_ZZN4nnet24compute_output_buffer_2dINS_5arrayI8ap_fixedILi16ELi6EL9ap_q_mode5EL9_6"   --->   Operation 1284 'load' 'a_126' <Predicate = true> <Delay = 0.00>
ST_4 : Operation 1285 [1/1] (0.00ns)   --->   "%sext_ln70_339 = sext i16 %a_126" [firmware/nnet_utils/nnet_mult.h:70->firmware/nnet_utils/nnet_dense_latency.h:42]   --->   Operation 1285 'sext' 'sext_ln70_339' <Predicate = true> <Delay = 0.00>
ST_4 : Operation 1286 [1/1] (3.57ns)   --->   "%mult_1008 = mul i22 %sext_ln70_339, i22 4194282" [firmware/nnet_utils/nnet_mult.h:73->firmware/nnet_utils/nnet_dense_latency.h:42]   --->   Operation 1286 'mul' 'mult_1008' <Predicate = true> <Delay = 3.57> <CoreInst = "Multiplier">   --->   Core 3 'Multiplier' <Latency = 0> <II = 1> <Delay = 3.57> <FuncUnit> <Opcode : 'mul'> <InPorts = 2> <OutPorts = 1>
ST_4 : Operation 1287 [1/1] (0.00ns)   --->   "%a_127 = load i16 %p_ZZN4nnet24compute_output_buffer_2dINS_5arrayI8ap_fixedILi16ELi6EL9ap_q_mode5EL9_5"   --->   Operation 1287 'load' 'a_127' <Predicate = true> <Delay = 0.00>
ST_4 : Operation 1288 [1/1] (0.00ns)   --->   "%sext_ln70_340 = sext i16 %a_127" [firmware/nnet_utils/nnet_mult.h:70->firmware/nnet_utils/nnet_dense_latency.h:42]   --->   Operation 1288 'sext' 'sext_ln70_340' <Predicate = true> <Delay = 0.00>
ST_4 : Operation 1289 [1/1] (0.00ns)   --->   "%sext_ln70_341 = sext i16 %a_127" [firmware/nnet_utils/nnet_mult.h:70->firmware/nnet_utils/nnet_dense_latency.h:42]   --->   Operation 1289 'sext' 'sext_ln70_341' <Predicate = true> <Delay = 0.00>
ST_4 : Operation 1290 [1/1] (0.00ns)   --->   "%sext_ln70_342 = sext i16 %a_127" [firmware/nnet_utils/nnet_mult.h:70->firmware/nnet_utils/nnet_dense_latency.h:42]   --->   Operation 1290 'sext' 'sext_ln70_342' <Predicate = true> <Delay = 0.00>
ST_4 : Operation 1291 [1/1] (0.00ns)   --->   "%shl_ln73_261 = bitconcatenate i22 @_ssdm_op_BitConcatenate.i22.i16.i6, i16 %a_127, i6 0" [firmware/nnet_utils/nnet_mult.h:73->firmware/nnet_utils/nnet_dense_latency.h:42]   --->   Operation 1291 'bitconcatenate' 'shl_ln73_261' <Predicate = true> <Delay = 0.00>
ST_4 : Operation 1292 [1/1] (0.00ns)   --->   "%sext_ln73_425 = sext i22 %shl_ln73_261" [firmware/nnet_utils/nnet_mult.h:73->firmware/nnet_utils/nnet_dense_latency.h:42]   --->   Operation 1292 'sext' 'sext_ln73_425' <Predicate = true> <Delay = 0.00>
ST_4 : Operation 1293 [1/1] (1.44ns)   --->   "%sub_ln73_153 = sub i23 0, i23 %sext_ln73_425" [firmware/nnet_utils/nnet_mult.h:73->firmware/nnet_utils/nnet_dense_latency.h:42]   --->   Operation 1293 'sub' 'sub_ln73_153' <Predicate = true> <Delay = 1.44> <CoreInst = "Adder">   --->   Core 1 'Adder' <Latency = 0> <II = 1> <Delay = 1.44> <FuncUnit> <Opcode : 'add' 'sub'> <InPorts = 2> <OutPorts = 1>
ST_4 : Operation 1294 [1/1] (3.57ns)   --->   "%mult_1012 = mul i24 %sext_ln70_341, i24 16777128" [firmware/nnet_utils/nnet_mult.h:73->firmware/nnet_utils/nnet_dense_latency.h:42]   --->   Operation 1294 'mul' 'mult_1012' <Predicate = true> <Delay = 3.57> <CoreInst = "Multiplier">   --->   Core 3 'Multiplier' <Latency = 0> <II = 1> <Delay = 3.57> <FuncUnit> <Opcode : 'mul'> <InPorts = 2> <OutPorts = 1>
ST_4 : Operation 1295 [1/1] (3.57ns)   --->   "%mult_1013 = mul i25 %sext_ln70_340, i25 143" [firmware/nnet_utils/nnet_mult.h:73->firmware/nnet_utils/nnet_dense_latency.h:42]   --->   Operation 1295 'mul' 'mult_1013' <Predicate = true> <Delay = 3.57> <CoreInst = "Multiplier">   --->   Core 3 'Multiplier' <Latency = 0> <II = 1> <Delay = 3.57> <FuncUnit> <Opcode : 'mul'> <InPorts = 2> <OutPorts = 1>
ST_4 : Operation 1296 [1/1] (3.57ns)   --->   "%mult_1014 = mul i23 %sext_ln70_342, i23 41" [firmware/nnet_utils/nnet_mult.h:73->firmware/nnet_utils/nnet_dense_latency.h:42]   --->   Operation 1296 'mul' 'mult_1014' <Predicate = true> <Delay = 3.57> <CoreInst = "Multiplier">   --->   Core 3 'Multiplier' <Latency = 0> <II = 1> <Delay = 3.57> <FuncUnit> <Opcode : 'mul'> <InPorts = 2> <OutPorts = 1>
ST_4 : Operation 1297 [1/1] (3.57ns)   --->   "%mult_1015 = mul i24 %sext_ln70_341, i24 87" [firmware/nnet_utils/nnet_mult.h:73->firmware/nnet_utils/nnet_dense_latency.h:42]   --->   Operation 1297 'mul' 'mult_1015' <Predicate = true> <Delay = 3.57> <CoreInst = "Multiplier">   --->   Core 3 'Multiplier' <Latency = 0> <II = 1> <Delay = 3.57> <FuncUnit> <Opcode : 'mul'> <InPorts = 2> <OutPorts = 1>
ST_4 : Operation 1298 [1/1] (3.57ns)   --->   "%mult_1017 = mul i24 %sext_ln70_341, i24 104" [firmware/nnet_utils/nnet_mult.h:73->firmware/nnet_utils/nnet_dense_latency.h:42]   --->   Operation 1298 'mul' 'mult_1017' <Predicate = true> <Delay = 3.57> <CoreInst = "Multiplier">   --->   Core 3 'Multiplier' <Latency = 0> <II = 1> <Delay = 3.57> <FuncUnit> <Opcode : 'mul'> <InPorts = 2> <OutPorts = 1>
ST_4 : Operation 1299 [1/1] (3.57ns)   --->   "%mult_1018 = mul i25 %sext_ln70_340, i25 33554250" [firmware/nnet_utils/nnet_mult.h:73->firmware/nnet_utils/nnet_dense_latency.h:42]   --->   Operation 1299 'mul' 'mult_1018' <Predicate = true> <Delay = 3.57> <CoreInst = "Multiplier">   --->   Core 3 'Multiplier' <Latency = 0> <II = 1> <Delay = 3.57> <FuncUnit> <Opcode : 'mul'> <InPorts = 2> <OutPorts = 1>
ST_4 : Operation 1300 [1/1] (3.57ns)   --->   "%mult_1020 = mul i23 %sext_ln70_342, i23 39" [firmware/nnet_utils/nnet_mult.h:73->firmware/nnet_utils/nnet_dense_latency.h:42]   --->   Operation 1300 'mul' 'mult_1020' <Predicate = true> <Delay = 3.57> <CoreInst = "Multiplier">   --->   Core 3 'Multiplier' <Latency = 0> <II = 1> <Delay = 3.57> <FuncUnit> <Opcode : 'mul'> <InPorts = 2> <OutPorts = 1>
ST_4 : Operation 1301 [1/1] (0.00ns)   --->   "%a_128 = load i16 %p_ZZN4nnet24compute_output_buffer_2dINS_5arrayI8ap_fixedILi16ELi6EL9ap_q_mode5EL9_4"   --->   Operation 1301 'load' 'a_128' <Predicate = true> <Delay = 0.00>
ST_4 : Operation 1302 [1/1] (0.00ns)   --->   "%sext_ln70_343 = sext i16 %a_128" [firmware/nnet_utils/nnet_mult.h:70->firmware/nnet_utils/nnet_dense_latency.h:42]   --->   Operation 1302 'sext' 'sext_ln70_343' <Predicate = true> <Delay = 0.00>
ST_4 : Operation 1303 [1/1] (0.00ns)   --->   "%sext_ln70_344 = sext i16 %a_128" [firmware/nnet_utils/nnet_mult.h:70->firmware/nnet_utils/nnet_dense_latency.h:42]   --->   Operation 1303 'sext' 'sext_ln70_344' <Predicate = true> <Delay = 0.00>
ST_4 : Operation 1304 [1/1] (3.57ns)   --->   "%mult_1022 = mul i23 %sext_ln70_344, i23 41" [firmware/nnet_utils/nnet_mult.h:73->firmware/nnet_utils/nnet_dense_latency.h:42]   --->   Operation 1304 'mul' 'mult_1022' <Predicate = true> <Delay = 3.57> <CoreInst = "Multiplier">   --->   Core 3 'Multiplier' <Latency = 0> <II = 1> <Delay = 3.57> <FuncUnit> <Opcode : 'mul'> <InPorts = 2> <OutPorts = 1>
ST_4 : Operation 1305 [1/1] (3.57ns)   --->   "%mult_1023 = mul i23 %sext_ln70_344, i23 35" [firmware/nnet_utils/nnet_mult.h:73->firmware/nnet_utils/nnet_dense_latency.h:42]   --->   Operation 1305 'mul' 'mult_1023' <Predicate = true> <Delay = 3.57> <CoreInst = "Multiplier">   --->   Core 3 'Multiplier' <Latency = 0> <II = 1> <Delay = 3.57> <FuncUnit> <Opcode : 'mul'> <InPorts = 2> <OutPorts = 1>
ST_4 : Operation 1306 [1/1] (3.57ns)   --->   "%mult_1025 = mul i24 %sext_ln70_343, i24 115" [firmware/nnet_utils/nnet_mult.h:73->firmware/nnet_utils/nnet_dense_latency.h:42]   --->   Operation 1306 'mul' 'mult_1025' <Predicate = true> <Delay = 3.57> <CoreInst = "Multiplier">   --->   Core 3 'Multiplier' <Latency = 0> <II = 1> <Delay = 3.57> <FuncUnit> <Opcode : 'mul'> <InPorts = 2> <OutPorts = 1>
ST_4 : Operation 1307 [1/1] (3.57ns)   --->   "%mult_1026 = mul i23 %sext_ln70_344, i23 51" [firmware/nnet_utils/nnet_mult.h:73->firmware/nnet_utils/nnet_dense_latency.h:42]   --->   Operation 1307 'mul' 'mult_1026' <Predicate = true> <Delay = 3.57> <CoreInst = "Multiplier">   --->   Core 3 'Multiplier' <Latency = 0> <II = 1> <Delay = 3.57> <FuncUnit> <Opcode : 'mul'> <InPorts = 2> <OutPorts = 1>
ST_4 : Operation 1308 [1/1] (3.57ns)   --->   "%mult_1027 = mul i23 %sext_ln70_344, i23 8388571" [firmware/nnet_utils/nnet_mult.h:73->firmware/nnet_utils/nnet_dense_latency.h:42]   --->   Operation 1308 'mul' 'mult_1027' <Predicate = true> <Delay = 3.57> <CoreInst = "Multiplier">   --->   Core 3 'Multiplier' <Latency = 0> <II = 1> <Delay = 3.57> <FuncUnit> <Opcode : 'mul'> <InPorts = 2> <OutPorts = 1>
ST_4 : Operation 1309 [1/1] (3.57ns)   --->   "%mult_1029 = mul i24 %sext_ln70_343, i24 16777091" [firmware/nnet_utils/nnet_mult.h:73->firmware/nnet_utils/nnet_dense_latency.h:42]   --->   Operation 1309 'mul' 'mult_1029' <Predicate = true> <Delay = 3.57> <CoreInst = "Multiplier">   --->   Core 3 'Multiplier' <Latency = 0> <II = 1> <Delay = 3.57> <FuncUnit> <Opcode : 'mul'> <InPorts = 2> <OutPorts = 1>
ST_4 : Operation 1310 [1/1] (0.00ns)   --->   "%a_129 = load i16 %p_ZZN4nnet24compute_output_buffer_2dINS_5arrayI8ap_fixedILi16ELi6EL9ap_q_mode5EL9_3"   --->   Operation 1310 'load' 'a_129' <Predicate = true> <Delay = 0.00>
ST_4 : Operation 1311 [1/1] (0.00ns)   --->   "%sext_ln70_348 = sext i16 %a_129" [firmware/nnet_utils/nnet_mult.h:70->firmware/nnet_utils/nnet_dense_latency.h:42]   --->   Operation 1311 'sext' 'sext_ln70_348' <Predicate = true> <Delay = 0.00>
ST_4 : Operation 1312 [1/1] (0.00ns)   --->   "%sext_ln70_349 = sext i16 %a_129" [firmware/nnet_utils/nnet_mult.h:70->firmware/nnet_utils/nnet_dense_latency.h:42]   --->   Operation 1312 'sext' 'sext_ln70_349' <Predicate = true> <Delay = 0.00>
ST_4 : Operation 1313 [1/1] (3.57ns)   --->   "%mult_1030 = mul i24 %sext_ln70_349, i24 91" [firmware/nnet_utils/nnet_mult.h:73->firmware/nnet_utils/nnet_dense_latency.h:42]   --->   Operation 1313 'mul' 'mult_1030' <Predicate = true> <Delay = 3.57> <CoreInst = "Multiplier">   --->   Core 3 'Multiplier' <Latency = 0> <II = 1> <Delay = 3.57> <FuncUnit> <Opcode : 'mul'> <InPorts = 2> <OutPorts = 1>
ST_4 : Operation 1314 [1/1] (3.57ns)   --->   "%mult_1031 = mul i23 %sext_ln70_348, i23 42" [firmware/nnet_utils/nnet_mult.h:73->firmware/nnet_utils/nnet_dense_latency.h:42]   --->   Operation 1314 'mul' 'mult_1031' <Predicate = true> <Delay = 3.57> <CoreInst = "Multiplier">   --->   Core 3 'Multiplier' <Latency = 0> <II = 1> <Delay = 3.57> <FuncUnit> <Opcode : 'mul'> <InPorts = 2> <OutPorts = 1>
ST_4 : Operation 1315 [1/1] (3.57ns)   --->   "%mult_1037 = mul i24 %sext_ln70_349, i24 114" [firmware/nnet_utils/nnet_mult.h:73->firmware/nnet_utils/nnet_dense_latency.h:42]   --->   Operation 1315 'mul' 'mult_1037' <Predicate = true> <Delay = 3.57> <CoreInst = "Multiplier">   --->   Core 3 'Multiplier' <Latency = 0> <II = 1> <Delay = 3.57> <FuncUnit> <Opcode : 'mul'> <InPorts = 2> <OutPorts = 1>
ST_4 : Operation 1316 [1/1] (0.00ns)   --->   "%a_130 = load i16 %p_ZZN4nnet24compute_output_buffer_2dINS_5arrayI8ap_fixedILi16ELi6EL9ap_q_mode5EL9_2"   --->   Operation 1316 'load' 'a_130' <Predicate = true> <Delay = 0.00>
ST_4 : Operation 1317 [1/1] (0.00ns)   --->   "%sext_ln70_350 = sext i16 %a_130" [firmware/nnet_utils/nnet_mult.h:70->firmware/nnet_utils/nnet_dense_latency.h:42]   --->   Operation 1317 'sext' 'sext_ln70_350' <Predicate = true> <Delay = 0.00>
ST_4 : Operation 1318 [1/1] (0.00ns)   --->   "%sext_ln70_351 = sext i16 %a_130" [firmware/nnet_utils/nnet_mult.h:70->firmware/nnet_utils/nnet_dense_latency.h:42]   --->   Operation 1318 'sext' 'sext_ln70_351' <Predicate = true> <Delay = 0.00>
ST_4 : Operation 1319 [1/1] (3.57ns)   --->   "%mult_1041 = mul i24 %sext_ln70_351, i24 16777093" [firmware/nnet_utils/nnet_mult.h:73->firmware/nnet_utils/nnet_dense_latency.h:42]   --->   Operation 1319 'mul' 'mult_1041' <Predicate = true> <Delay = 3.57> <CoreInst = "Multiplier">   --->   Core 3 'Multiplier' <Latency = 0> <II = 1> <Delay = 3.57> <FuncUnit> <Opcode : 'mul'> <InPorts = 2> <OutPorts = 1>
ST_4 : Operation 1320 [1/1] (3.57ns)   --->   "%mult_1042 = mul i25 %sext_ln70_350, i25 137" [firmware/nnet_utils/nnet_mult.h:73->firmware/nnet_utils/nnet_dense_latency.h:42]   --->   Operation 1320 'mul' 'mult_1042' <Predicate = true> <Delay = 3.57> <CoreInst = "Multiplier">   --->   Core 3 'Multiplier' <Latency = 0> <II = 1> <Delay = 3.57> <FuncUnit> <Opcode : 'mul'> <InPorts = 2> <OutPorts = 1>
ST_4 : Operation 1321 [1/1] (3.57ns)   --->   "%mult_1045 = mul i24 %sext_ln70_351, i24 109" [firmware/nnet_utils/nnet_mult.h:73->firmware/nnet_utils/nnet_dense_latency.h:42]   --->   Operation 1321 'mul' 'mult_1045' <Predicate = true> <Delay = 3.57> <CoreInst = "Multiplier">   --->   Core 3 'Multiplier' <Latency = 0> <II = 1> <Delay = 3.57> <FuncUnit> <Opcode : 'mul'> <InPorts = 2> <OutPorts = 1>
ST_4 : Operation 1322 [1/1] (3.57ns)   --->   "%mult_1047 = mul i25 %sext_ln70_350, i25 33554254" [firmware/nnet_utils/nnet_mult.h:73->firmware/nnet_utils/nnet_dense_latency.h:42]   --->   Operation 1322 'mul' 'mult_1047' <Predicate = true> <Delay = 3.57> <CoreInst = "Multiplier">   --->   Core 3 'Multiplier' <Latency = 0> <II = 1> <Delay = 3.57> <FuncUnit> <Opcode : 'mul'> <InPorts = 2> <OutPorts = 1>
ST_4 : Operation 1323 [1/1] (3.57ns)   --->   "%mult_1049 = mul i25 %sext_ln70_350, i25 33554200" [firmware/nnet_utils/nnet_mult.h:73->firmware/nnet_utils/nnet_dense_latency.h:42]   --->   Operation 1323 'mul' 'mult_1049' <Predicate = true> <Delay = 3.57> <CoreInst = "Multiplier">   --->   Core 3 'Multiplier' <Latency = 0> <II = 1> <Delay = 3.57> <FuncUnit> <Opcode : 'mul'> <InPorts = 2> <OutPorts = 1>
ST_4 : Operation 1324 [1/1] (0.00ns)   --->   "%a_131 = load i16 %p_ZZN4nnet24compute_output_buffer_2dINS_5arrayI8ap_fixedILi16ELi6EL9ap_q_mode5EL9_1"   --->   Operation 1324 'load' 'a_131' <Predicate = true> <Delay = 0.00>
ST_4 : Operation 1325 [1/1] (0.00ns)   --->   "%sext_ln70_352 = sext i16 %a_131" [firmware/nnet_utils/nnet_mult.h:70->firmware/nnet_utils/nnet_dense_latency.h:42]   --->   Operation 1325 'sext' 'sext_ln70_352' <Predicate = true> <Delay = 0.00>
ST_4 : Operation 1326 [1/1] (0.00ns)   --->   "%sext_ln70_354 = sext i16 %a_131" [firmware/nnet_utils/nnet_mult.h:70->firmware/nnet_utils/nnet_dense_latency.h:42]   --->   Operation 1326 'sext' 'sext_ln70_354' <Predicate = true> <Delay = 0.00>
ST_4 : Operation 1327 [1/1] (3.57ns)   --->   "%mult_1052 = mul i23 %sext_ln70_354, i23 8388550" [firmware/nnet_utils/nnet_mult.h:73->firmware/nnet_utils/nnet_dense_latency.h:42]   --->   Operation 1327 'mul' 'mult_1052' <Predicate = true> <Delay = 3.57> <CoreInst = "Multiplier">   --->   Core 3 'Multiplier' <Latency = 0> <II = 1> <Delay = 3.57> <FuncUnit> <Opcode : 'mul'> <InPorts = 2> <OutPorts = 1>
ST_4 : Operation 1328 [1/1] (3.57ns)   --->   "%mul_ln17_28 = mul i24 %sext_ln70_352, i24 16777048" [firmware/nnet_utils/nnet_dense_latency.h:17]   --->   Operation 1328 'mul' 'mul_ln17_28' <Predicate = true> <Delay = 3.57> <CoreInst = "Multiplier">   --->   Core 3 'Multiplier' <Latency = 0> <II = 1> <Delay = 3.57> <FuncUnit> <Opcode : 'mul'> <InPorts = 2> <OutPorts = 1>
ST_4 : Operation 1329 [1/1] (3.57ns)   --->   "%mult_1054 = mul i23 %sext_ln70_354, i23 8388570" [firmware/nnet_utils/nnet_mult.h:73->firmware/nnet_utils/nnet_dense_latency.h:42]   --->   Operation 1329 'mul' 'mult_1054' <Predicate = true> <Delay = 3.57> <CoreInst = "Multiplier">   --->   Core 3 'Multiplier' <Latency = 0> <II = 1> <Delay = 3.57> <FuncUnit> <Opcode : 'mul'> <InPorts = 2> <OutPorts = 1>
ST_4 : Operation 1330 [1/1] (3.57ns)   --->   "%mult_1055 = mul i24 %sext_ln70_352, i24 91" [firmware/nnet_utils/nnet_mult.h:73->firmware/nnet_utils/nnet_dense_latency.h:42]   --->   Operation 1330 'mul' 'mult_1055' <Predicate = true> <Delay = 3.57> <CoreInst = "Multiplier">   --->   Core 3 'Multiplier' <Latency = 0> <II = 1> <Delay = 3.57> <FuncUnit> <Opcode : 'mul'> <InPorts = 2> <OutPorts = 1>
ST_4 : Operation 1331 [1/1] (3.57ns)   --->   "%mul_ln17_29 = mul i23 %sext_ln70_354, i23 82" [firmware/nnet_utils/nnet_dense_latency.h:17]   --->   Operation 1331 'mul' 'mul_ln17_29' <Predicate = true> <Delay = 3.57> <CoreInst = "Multiplier">   --->   Core 3 'Multiplier' <Latency = 0> <II = 1> <Delay = 3.57> <FuncUnit> <Opcode : 'mul'> <InPorts = 2> <OutPorts = 1>
ST_4 : Operation 1332 [1/1] (0.00ns)   --->   "%a_132 = load i16 %p_ZZN4nnet24compute_output_buffer_2dINS_5arrayI8ap_fixedILi16ELi6EL9ap_q_mode5EL9"   --->   Operation 1332 'load' 'a_132' <Predicate = true> <Delay = 0.00>
ST_4 : Operation 1333 [1/1] (0.00ns)   --->   "%sext_ln70_356 = sext i16 %a_132" [firmware/nnet_utils/nnet_mult.h:70->firmware/nnet_utils/nnet_dense_latency.h:42]   --->   Operation 1333 'sext' 'sext_ln70_356' <Predicate = true> <Delay = 0.00>
ST_4 : Operation 1334 [1/1] (0.00ns)   --->   "%sext_ln70_357 = sext i16 %a_132" [firmware/nnet_utils/nnet_mult.h:70->firmware/nnet_utils/nnet_dense_latency.h:42]   --->   Operation 1334 'sext' 'sext_ln70_357' <Predicate = true> <Delay = 0.00>
ST_4 : Operation 1335 [1/1] (3.57ns)   --->   "%mult_1060 = mul i25 %sext_ln70_356, i25 33554218" [firmware/nnet_utils/nnet_mult.h:73->firmware/nnet_utils/nnet_dense_latency.h:42]   --->   Operation 1335 'mul' 'mult_1060' <Predicate = true> <Delay = 3.57> <CoreInst = "Multiplier">   --->   Core 3 'Multiplier' <Latency = 0> <II = 1> <Delay = 3.57> <FuncUnit> <Opcode : 'mul'> <InPorts = 2> <OutPorts = 1>
ST_4 : Operation 1336 [1/1] (3.57ns)   --->   "%mult_1061 = mul i24 %sext_ln70_357, i24 115" [firmware/nnet_utils/nnet_mult.h:73->firmware/nnet_utils/nnet_dense_latency.h:42]   --->   Operation 1336 'mul' 'mult_1061' <Predicate = true> <Delay = 3.57> <CoreInst = "Multiplier">   --->   Core 3 'Multiplier' <Latency = 0> <II = 1> <Delay = 3.57> <FuncUnit> <Opcode : 'mul'> <InPorts = 2> <OutPorts = 1>
ST_4 : Operation 1337 [1/1] (3.57ns)   --->   "%mul_ln17_30 = mul i24 %sext_ln70_357, i24 142" [firmware/nnet_utils/nnet_dense_latency.h:17]   --->   Operation 1337 'mul' 'mul_ln17_30' <Predicate = true> <Delay = 3.57> <CoreInst = "Multiplier">   --->   Core 3 'Multiplier' <Latency = 0> <II = 1> <Delay = 3.57> <FuncUnit> <Opcode : 'mul'> <InPorts = 2> <OutPorts = 1>
ST_4 : Operation 1338 [1/1] (0.00ns)   --->   "%sext_ln58_136 = sext i25 %add_ln58_358" [firmware/nnet_utils/nnet_dense_latency.h:58]   --->   Operation 1338 'sext' 'sext_ln58_136' <Predicate = true> <Delay = 0.00>
ST_4 : Operation 1339 [1/1] (0.00ns)   --->   "%sext_ln58_142 = sext i25 %add_ln58_364" [firmware/nnet_utils/nnet_dense_latency.h:58]   --->   Operation 1339 'sext' 'sext_ln58_142' <Predicate = true> <Delay = 0.00>
ST_4 : Operation 1340 [1/1] (0.00ns)   --->   "%sext_ln58_144 = sext i25 %add_ln58_368" [firmware/nnet_utils/nnet_dense_latency.h:58]   --->   Operation 1340 'sext' 'sext_ln58_144' <Predicate = true> <Delay = 0.00>
ST_4 : Operation 1341 [1/1] (0.00ns)   --->   "%sext_ln58_145 = sext i25 %add_ln58_371" [firmware/nnet_utils/nnet_dense_latency.h:58]   --->   Operation 1341 'sext' 'sext_ln58_145' <Predicate = true> <Delay = 0.00>
ST_4 : Operation 1342 [1/1] (0.00ns)   --->   "%sext_ln58_146 = sext i25 %add_ln58_375" [firmware/nnet_utils/nnet_dense_latency.h:58]   --->   Operation 1342 'sext' 'sext_ln58_146' <Predicate = true> <Delay = 0.00>
ST_4 : Operation 1343 [1/1] (0.00ns)   --->   "%sext_ln58_147 = sext i25 %add_ln58_377" [firmware/nnet_utils/nnet_dense_latency.h:58]   --->   Operation 1343 'sext' 'sext_ln58_147' <Predicate = true> <Delay = 0.00>
ST_4 : Operation 1344 [1/1] (0.00ns)   --->   "%sext_ln58_205 = sext i26 %add_ln58_380" [firmware/nnet_utils/nnet_dense_latency.h:58]   --->   Operation 1344 'sext' 'sext_ln58_205' <Predicate = true> <Delay = 0.00>
ST_4 : Operation 1345 [1/1] (0.00ns)   --->   "%sext_ln58_206 = sext i25 %add_ln58_381" [firmware/nnet_utils/nnet_dense_latency.h:58]   --->   Operation 1345 'sext' 'sext_ln58_206' <Predicate = true> <Delay = 0.00>
ST_4 : Operation 1346 [1/1] (0.00ns)   --->   "%sext_ln58_207 = sext i25 %add_ln58_383" [firmware/nnet_utils/nnet_dense_latency.h:58]   --->   Operation 1346 'sext' 'sext_ln58_207' <Predicate = true> <Delay = 0.00>
ST_4 : Operation 1347 [1/1] (1.45ns)   --->   "%add_ln58_384 = add i26 %sext_ln58_207, i26 %sext_ln58_206" [firmware/nnet_utils/nnet_dense_latency.h:58]   --->   Operation 1347 'add' 'add_ln58_384' <Predicate = true> <Delay = 1.45> <CoreInst = "Adder">   --->   Core 1 'Adder' <Latency = 0> <II = 1> <Delay = 1.45> <FuncUnit> <Opcode : 'add' 'sub'> <InPorts = 2> <OutPorts = 1>
ST_4 : Operation 1348 [1/1] (0.00ns)   --->   "%sext_ln58_149 = sext i26 %add_ln58_384" [firmware/nnet_utils/nnet_dense_latency.h:58]   --->   Operation 1348 'sext' 'sext_ln58_149' <Predicate = true> <Delay = 0.00>
ST_4 : Operation 1349 [1/1] (0.00ns) (grouped into TernaryAdder)   --->   "%add_ln58_385 = add i26 %sext_ln58_136, i26 %sext_ln17_8" [firmware/nnet_utils/nnet_dense_latency.h:58]   --->   Operation 1349 'add' 'add_ln58_385' <Predicate = true> <Delay = 0.00> <CoreInst = "TAddSub">   --->   Core 10 'TAddSub' <Latency = 0> <II = 1> <Delay = 0.53> <IPBlock> <Opcode : '' 'add' 'sub'> <InPorts = 3> <OutPorts = 1> <Sync> <CReg>
ST_4 : Operation 1350 [1/1] (0.00ns)   --->   "%sext_ln58_209 = sext i25 %add_ln58_387" [firmware/nnet_utils/nnet_dense_latency.h:58]   --->   Operation 1350 'sext' 'sext_ln58_209' <Predicate = true> <Delay = 0.00>
ST_4 : Operation 1351 [1/1] (1.04ns) (root node of TernaryAdder)   --->   "%add_ln58_388 = add i26 %sext_ln58_209, i26 %add_ln58_385" [firmware/nnet_utils/nnet_dense_latency.h:58]   --->   Operation 1351 'add' 'add_ln58_388' <Predicate = true> <Delay = 1.04> <CoreInst = "TAddSub">   --->   Core 10 'TAddSub' <Latency = 0> <II = 1> <Delay = 0.53> <IPBlock> <Opcode : '' 'add' 'sub'> <InPorts = 3> <OutPorts = 1> <Sync> <CReg>
ST_4 : Operation 1352 [1/1] (0.00ns)   --->   "%sext_ln58_150 = sext i26 %add_ln58_388" [firmware/nnet_utils/nnet_dense_latency.h:58]   --->   Operation 1352 'sext' 'sext_ln58_150' <Predicate = true> <Delay = 0.00>
ST_4 : Operation 1353 [1/1] (0.00ns)   --->   "%sext_ln58_151 = sext i26 %add_ln58_392" [firmware/nnet_utils/nnet_dense_latency.h:58]   --->   Operation 1353 'sext' 'sext_ln58_151' <Predicate = true> <Delay = 0.00>
ST_4 : Operation 1354 [1/1] (0.00ns) (grouped into TernaryAdder)   --->   "%add_ln58_393 = add i26 %sext_ln58_144, i26 %sext_ln17_11" [firmware/nnet_utils/nnet_dense_latency.h:58]   --->   Operation 1354 'add' 'add_ln58_393' <Predicate = true> <Delay = 0.00> <CoreInst = "TAddSub">   --->   Core 10 'TAddSub' <Latency = 0> <II = 1> <Delay = 0.53> <IPBlock> <Opcode : '' 'add' 'sub'> <InPorts = 3> <OutPorts = 1> <Sync> <CReg>
ST_4 : Operation 1355 [1/1] (0.00ns)   --->   "%sext_ln58_212 = sext i25 %add_ln58_394" [firmware/nnet_utils/nnet_dense_latency.h:58]   --->   Operation 1355 'sext' 'sext_ln58_212' <Predicate = true> <Delay = 0.00>
ST_4 : Operation 1356 [1/1] (1.04ns) (root node of TernaryAdder)   --->   "%add_ln58_395 = add i26 %sext_ln58_212, i26 %add_ln58_393" [firmware/nnet_utils/nnet_dense_latency.h:58]   --->   Operation 1356 'add' 'add_ln58_395' <Predicate = true> <Delay = 1.04> <CoreInst = "TAddSub">   --->   Core 10 'TAddSub' <Latency = 0> <II = 1> <Delay = 0.53> <IPBlock> <Opcode : '' 'add' 'sub'> <InPorts = 3> <OutPorts = 1> <Sync> <CReg>
ST_4 : Operation 1357 [1/1] (0.00ns)   --->   "%sext_ln58_152 = sext i26 %add_ln58_395" [firmware/nnet_utils/nnet_dense_latency.h:58]   --->   Operation 1357 'sext' 'sext_ln58_152' <Predicate = true> <Delay = 0.00>
ST_4 : Operation 1358 [1/1] (0.00ns) (grouped into TernaryAdder)   --->   "%add_ln58_396 = add i26 %mult_435, i26 %sext_ln58_147" [firmware/nnet_utils/nnet_dense_latency.h:58]   --->   Operation 1358 'add' 'add_ln58_396' <Predicate = true> <Delay = 0.00> <CoreInst = "TAddSub">   --->   Core 10 'TAddSub' <Latency = 0> <II = 1> <Delay = 0.53> <IPBlock> <Opcode : '' 'add' 'sub'> <InPorts = 3> <OutPorts = 1> <Sync> <CReg>
ST_4 : Operation 1359 [1/1] (1.45ns)   --->   "%add_ln58_397 = add i25 %mult_445, i25 %mult_454" [firmware/nnet_utils/nnet_dense_latency.h:58]   --->   Operation 1359 'add' 'add_ln58_397' <Predicate = true> <Delay = 1.45> <CoreInst = "Adder">   --->   Core 1 'Adder' <Latency = 0> <II = 1> <Delay = 1.45> <FuncUnit> <Opcode : 'add' 'sub'> <InPorts = 2> <OutPorts = 1>
ST_4 : Operation 1360 [1/1] (0.00ns)   --->   "%sext_ln58_213 = sext i25 %add_ln58_397" [firmware/nnet_utils/nnet_dense_latency.h:58]   --->   Operation 1360 'sext' 'sext_ln58_213' <Predicate = true> <Delay = 0.00>
ST_4 : Operation 1361 [1/1] (1.04ns) (root node of TernaryAdder)   --->   "%add_ln58_398 = add i26 %sext_ln58_213, i26 %add_ln58_396" [firmware/nnet_utils/nnet_dense_latency.h:58]   --->   Operation 1361 'add' 'add_ln58_398' <Predicate = true> <Delay = 1.04> <CoreInst = "TAddSub">   --->   Core 10 'TAddSub' <Latency = 0> <II = 1> <Delay = 0.53> <IPBlock> <Opcode : '' 'add' 'sub'> <InPorts = 3> <OutPorts = 1> <Sync> <CReg>
ST_4 : Operation 1362 [1/1] (1.45ns)   --->   "%add_ln58_399 = add i25 %mult_422, i25 %mult_442" [firmware/nnet_utils/nnet_dense_latency.h:58]   --->   Operation 1362 'add' 'add_ln58_399' <Predicate = true> <Delay = 1.45> <CoreInst = "Adder">   --->   Core 1 'Adder' <Latency = 0> <II = 1> <Delay = 1.45> <FuncUnit> <Opcode : 'add' 'sub'> <InPorts = 2> <OutPorts = 1>
ST_4 : Operation 1363 [1/1] (0.00ns)   --->   "%sext_ln58_214 = sext i25 %add_ln58_399" [firmware/nnet_utils/nnet_dense_latency.h:58]   --->   Operation 1363 'sext' 'sext_ln58_214' <Predicate = true> <Delay = 0.00>
ST_4 : Operation 1364 [1/1] (0.00ns) (grouped into TernaryAdder)   --->   "%add_ln58_400 = add i26 %sext_ln58_214, i26 %sext_ln58_142" [firmware/nnet_utils/nnet_dense_latency.h:58]   --->   Operation 1364 'add' 'add_ln58_400' <Predicate = true> <Delay = 0.00> <CoreInst = "TAddSub">   --->   Core 10 'TAddSub' <Latency = 0> <II = 1> <Delay = 0.53> <IPBlock> <Opcode : '' 'add' 'sub'> <InPorts = 3> <OutPorts = 1> <Sync> <CReg>
ST_4 : Operation 1365 [1/1] (0.00ns)   --->   "%sext_ln58_215 = sext i22 %add_ln58_401" [firmware/nnet_utils/nnet_dense_latency.h:58]   --->   Operation 1365 'sext' 'sext_ln58_215' <Predicate = true> <Delay = 0.00>
ST_4 : Operation 1366 [1/1] (1.45ns)   --->   "%add_ln58_402 = add i24 %sext_ln58_215, i24 %mul_ln17_12" [firmware/nnet_utils/nnet_dense_latency.h:58]   --->   Operation 1366 'add' 'add_ln58_402' <Predicate = true> <Delay = 1.45> <CoreInst = "Adder">   --->   Core 1 'Adder' <Latency = 0> <II = 1> <Delay = 1.45> <FuncUnit> <Opcode : 'add' 'sub'> <InPorts = 2> <OutPorts = 1>
ST_4 : Operation 1367 [1/1] (0.00ns)   --->   "%sext_ln58_216 = sext i24 %add_ln58_402" [firmware/nnet_utils/nnet_dense_latency.h:58]   --->   Operation 1367 'sext' 'sext_ln58_216' <Predicate = true> <Delay = 0.00>
ST_4 : Operation 1368 [1/1] (1.04ns) (root node of TernaryAdder)   --->   "%add_ln58_403 = add i26 %sext_ln58_216, i26 %add_ln58_400" [firmware/nnet_utils/nnet_dense_latency.h:58]   --->   Operation 1368 'add' 'add_ln58_403' <Predicate = true> <Delay = 1.04> <CoreInst = "TAddSub">   --->   Core 10 'TAddSub' <Latency = 0> <II = 1> <Delay = 0.53> <IPBlock> <Opcode : '' 'add' 'sub'> <InPorts = 3> <OutPorts = 1> <Sync> <CReg>
ST_4 : Operation 1369 [1/1] (0.00ns)   --->   "%sext_ln58_217 = sext i25 %add_ln58_404" [firmware/nnet_utils/nnet_dense_latency.h:58]   --->   Operation 1369 'sext' 'sext_ln58_217' <Predicate = true> <Delay = 0.00>
ST_4 : Operation 1370 [1/1] (0.00ns) (grouped into TernaryAdder)   --->   "%add_ln58_405 = add i26 %sext_ln58_217, i26 %sext_ln58_145" [firmware/nnet_utils/nnet_dense_latency.h:58]   --->   Operation 1370 'add' 'add_ln58_405' <Predicate = true> <Delay = 0.00> <CoreInst = "TAddSub">   --->   Core 10 'TAddSub' <Latency = 0> <II = 1> <Delay = 0.53> <IPBlock> <Opcode : '' 'add' 'sub'> <InPorts = 3> <OutPorts = 1> <Sync> <CReg>
ST_4 : Operation 1371 [1/1] (0.00ns)   --->   "%sext_ln58_219 = sext i24 %add_ln58_407" [firmware/nnet_utils/nnet_dense_latency.h:58]   --->   Operation 1371 'sext' 'sext_ln58_219' <Predicate = true> <Delay = 0.00>
ST_4 : Operation 1372 [1/1] (1.04ns) (root node of TernaryAdder)   --->   "%add_ln58_408 = add i26 %sext_ln58_219, i26 %add_ln58_405" [firmware/nnet_utils/nnet_dense_latency.h:58]   --->   Operation 1372 'add' 'add_ln58_408' <Predicate = true> <Delay = 1.04> <CoreInst = "TAddSub">   --->   Core 10 'TAddSub' <Latency = 0> <II = 1> <Delay = 0.53> <IPBlock> <Opcode : '' 'add' 'sub'> <InPorts = 3> <OutPorts = 1> <Sync> <CReg>
ST_4 : Operation 1373 [1/1] (0.00ns)   --->   "%sext_ln58_155 = sext i26 %add_ln58_408" [firmware/nnet_utils/nnet_dense_latency.h:58]   --->   Operation 1373 'sext' 'sext_ln58_155' <Predicate = true> <Delay = 0.00>
ST_4 : Operation 1374 [1/1] (0.00ns)   --->   "%sext_ln58_156 = sext i26 %add_ln58_414" [firmware/nnet_utils/nnet_dense_latency.h:58]   --->   Operation 1374 'sext' 'sext_ln58_156' <Predicate = true> <Delay = 0.00>
ST_4 : Operation 1375 [1/1] (1.46ns)   --->   "%add_ln58_415 = add i27 %mult_431, i27 %sext_ln58_146" [firmware/nnet_utils/nnet_dense_latency.h:58]   --->   Operation 1375 'add' 'add_ln58_415' <Predicate = true> <Delay = 1.46> <CoreInst = "Adder">   --->   Core 1 'Adder' <Latency = 0> <II = 1> <Delay = 1.46> <FuncUnit> <Opcode : 'add' 'sub'> <InPorts = 2> <OutPorts = 1>
ST_4 : Operation 1376 [1/1] (1.45ns)   --->   "%add_ln58_416 = add i25 %mult_460, i25 %mult_479" [firmware/nnet_utils/nnet_dense_latency.h:58]   --->   Operation 1376 'add' 'add_ln58_416' <Predicate = true> <Delay = 1.45> <CoreInst = "Adder">   --->   Core 1 'Adder' <Latency = 0> <II = 1> <Delay = 1.45> <FuncUnit> <Opcode : 'add' 'sub'> <InPorts = 2> <OutPorts = 1>
ST_4 : Operation 1377 [1/1] (0.00ns)   --->   "%sext_ln58_223 = sext i25 %add_ln58_416" [firmware/nnet_utils/nnet_dense_latency.h:58]   --->   Operation 1377 'sext' 'sext_ln58_223' <Predicate = true> <Delay = 0.00>
ST_4 : Operation 1378 [1/1] (0.00ns) (grouped into TernaryAdder)   --->   "%add_ln58_417 = add i27 %sext_ln58_223, i27 %add_ln58_415" [firmware/nnet_utils/nnet_dense_latency.h:58]   --->   Operation 1378 'add' 'add_ln58_417' <Predicate = true> <Delay = 0.00> <CoreInst = "TAddSub">   --->   Core 10 'TAddSub' <Latency = 0> <II = 1> <Delay = 0.53> <IPBlock> <Opcode : '' 'add' 'sub'> <InPorts = 3> <OutPorts = 1> <Sync> <CReg>
ST_4 : Operation 1379 [1/1] (0.00ns)   --->   "%sext_ln58_226 = sext i25 %add_ln58_420" [firmware/nnet_utils/nnet_dense_latency.h:58]   --->   Operation 1379 'sext' 'sext_ln58_226' <Predicate = true> <Delay = 0.00>
ST_4 : Operation 1380 [1/1] (1.05ns) (root node of TernaryAdder)   --->   "%add_ln58_421 = add i27 %sext_ln58_226, i27 %add_ln58_417" [firmware/nnet_utils/nnet_dense_latency.h:58]   --->   Operation 1380 'add' 'add_ln58_421' <Predicate = true> <Delay = 1.05> <CoreInst = "TAddSub">   --->   Core 10 'TAddSub' <Latency = 0> <II = 1> <Delay = 0.53> <IPBlock> <Opcode : '' 'add' 'sub'> <InPorts = 3> <OutPorts = 1> <Sync> <CReg>
ST_4 : Operation 1381 [1/1] (1.46ns)   --->   "%add_ln58_422 = add i27 %sext_ln58_150, i27 %sext_ln17_21" [firmware/nnet_utils/nnet_dense_latency.h:58]   --->   Operation 1381 'add' 'add_ln58_422' <Predicate = true> <Delay = 1.46> <CoreInst = "Adder">   --->   Core 1 'Adder' <Latency = 0> <II = 1> <Delay = 1.46> <FuncUnit> <Opcode : 'add' 'sub'> <InPorts = 2> <OutPorts = 1>
ST_4 : Operation 1382 [1/1] (1.45ns)   --->   "%add_ln58_423 = add i25 %mult_458, i25 %mult_468" [firmware/nnet_utils/nnet_dense_latency.h:58]   --->   Operation 1382 'add' 'add_ln58_423' <Predicate = true> <Delay = 1.45> <CoreInst = "Adder">   --->   Core 1 'Adder' <Latency = 0> <II = 1> <Delay = 1.45> <FuncUnit> <Opcode : 'add' 'sub'> <InPorts = 2> <OutPorts = 1>
ST_4 : Operation 1383 [1/1] (0.00ns)   --->   "%sext_ln58_227 = sext i25 %add_ln58_423" [firmware/nnet_utils/nnet_dense_latency.h:58]   --->   Operation 1383 'sext' 'sext_ln58_227' <Predicate = true> <Delay = 0.00>
ST_4 : Operation 1384 [1/1] (0.00ns) (grouped into TernaryAdder)   --->   "%add_ln58_424 = add i27 %sext_ln58_227, i27 %add_ln58_422" [firmware/nnet_utils/nnet_dense_latency.h:58]   --->   Operation 1384 'add' 'add_ln58_424' <Predicate = true> <Delay = 0.00> <CoreInst = "TAddSub">   --->   Core 10 'TAddSub' <Latency = 0> <II = 1> <Delay = 0.53> <IPBlock> <Opcode : '' 'add' 'sub'> <InPorts = 3> <OutPorts = 1> <Sync> <CReg>
ST_4 : Operation 1385 [1/1] (0.00ns) (grouped into TernaryAdder)   --->   "%add_ln58_425 = add i25 %mult_487, i25 %mult_506" [firmware/nnet_utils/nnet_dense_latency.h:58]   --->   Operation 1385 'add' 'add_ln58_425' <Predicate = true> <Delay = 0.00> <CoreInst = "TAddSub">   --->   Core 10 'TAddSub' <Latency = 0> <II = 1> <Delay = 0.53> <IPBlock> <Opcode : '' 'add' 'sub'> <InPorts = 3> <OutPorts = 1> <Sync> <CReg>
ST_4 : Operation 1386 [1/1] (1.44ns)   --->   "%add_ln58_426 = add i23 %mul_ln17_14, i23 %sext_ln17_31" [firmware/nnet_utils/nnet_dense_latency.h:58]   --->   Operation 1386 'add' 'add_ln58_426' <Predicate = true> <Delay = 1.44> <CoreInst = "Adder">   --->   Core 1 'Adder' <Latency = 0> <II = 1> <Delay = 1.44> <FuncUnit> <Opcode : 'add' 'sub'> <InPorts = 2> <OutPorts = 1>
ST_4 : Operation 1387 [1/1] (0.00ns)   --->   "%sext_ln58_228 = sext i23 %add_ln58_426" [firmware/nnet_utils/nnet_dense_latency.h:58]   --->   Operation 1387 'sext' 'sext_ln58_228' <Predicate = true> <Delay = 0.00>
ST_4 : Operation 1388 [1/1] (1.04ns) (root node of TernaryAdder)   --->   "%add_ln58_427 = add i25 %sext_ln58_228, i25 %add_ln58_425" [firmware/nnet_utils/nnet_dense_latency.h:58]   --->   Operation 1388 'add' 'add_ln58_427' <Predicate = true> <Delay = 1.04> <CoreInst = "TAddSub">   --->   Core 10 'TAddSub' <Latency = 0> <II = 1> <Delay = 0.53> <IPBlock> <Opcode : '' 'add' 'sub'> <InPorts = 3> <OutPorts = 1> <Sync> <CReg>
ST_4 : Operation 1389 [1/1] (0.00ns)   --->   "%sext_ln58_229 = sext i25 %add_ln58_427" [firmware/nnet_utils/nnet_dense_latency.h:58]   --->   Operation 1389 'sext' 'sext_ln58_229' <Predicate = true> <Delay = 0.00>
ST_4 : Operation 1390 [1/1] (1.05ns) (root node of TernaryAdder)   --->   "%add_ln58_428 = add i27 %sext_ln58_229, i27 %add_ln58_424" [firmware/nnet_utils/nnet_dense_latency.h:58]   --->   Operation 1390 'add' 'add_ln58_428' <Predicate = true> <Delay = 1.05> <CoreInst = "TAddSub">   --->   Core 10 'TAddSub' <Latency = 0> <II = 1> <Delay = 0.53> <IPBlock> <Opcode : '' 'add' 'sub'> <InPorts = 3> <OutPorts = 1> <Sync> <CReg>
ST_4 : Operation 1391 [1/1] (1.46ns)   --->   "%add_ln58_429 = add i27 %sext_ln58_149, i27 %sext_ln17_22" [firmware/nnet_utils/nnet_dense_latency.h:58]   --->   Operation 1391 'add' 'add_ln58_429' <Predicate = true> <Delay = 1.46> <CoreInst = "Adder">   --->   Core 1 'Adder' <Latency = 0> <II = 1> <Delay = 1.46> <FuncUnit> <Opcode : 'add' 'sub'> <InPorts = 2> <OutPorts = 1>
ST_4 : Operation 1392 [1/1] (0.00ns) (grouped into TernaryAdder)   --->   "%add_ln58_430 = add i25 %mult_478, i25 %sext_ln17_16" [firmware/nnet_utils/nnet_dense_latency.h:58]   --->   Operation 1392 'add' 'add_ln58_430' <Predicate = true> <Delay = 0.00> <CoreInst = "TAddSub">   --->   Core 10 'TAddSub' <Latency = 0> <II = 1> <Delay = 0.53> <IPBlock> <Opcode : '' 'add' 'sub'> <InPorts = 3> <OutPorts = 1> <Sync> <CReg>
ST_4 : Operation 1393 [1/1] (1.04ns) (root node of TernaryAdder)   --->   "%add_ln58_431 = add i25 %add_ln58_430, i25 %mult_459" [firmware/nnet_utils/nnet_dense_latency.h:58]   --->   Operation 1393 'add' 'add_ln58_431' <Predicate = true> <Delay = 1.04> <CoreInst = "TAddSub">   --->   Core 10 'TAddSub' <Latency = 0> <II = 1> <Delay = 0.53> <IPBlock> <Opcode : '' 'add' 'sub'> <InPorts = 3> <OutPorts = 1> <Sync> <CReg>
ST_4 : Operation 1394 [1/1] (1.45ns)   --->   "%add_ln58_433 = add i24 %mult_497, i24 %mult_507" [firmware/nnet_utils/nnet_dense_latency.h:58]   --->   Operation 1394 'add' 'add_ln58_433' <Predicate = true> <Delay = 1.45> <CoreInst = "Adder">   --->   Core 1 'Adder' <Latency = 0> <II = 1> <Delay = 1.45> <FuncUnit> <Opcode : 'add' 'sub'> <InPorts = 2> <OutPorts = 1>
ST_4 : Operation 1395 [1/1] (0.00ns)   --->   "%sext_ln58_231 = sext i24 %add_ln58_433" [firmware/nnet_utils/nnet_dense_latency.h:58]   --->   Operation 1395 'sext' 'sext_ln58_231' <Predicate = true> <Delay = 0.00>
ST_4 : Operation 1396 [1/1] (0.00ns)   --->   "%sext_ln58_232 = sext i22 %add_ln58_434" [firmware/nnet_utils/nnet_dense_latency.h:58]   --->   Operation 1396 'sext' 'sext_ln58_232' <Predicate = true> <Delay = 0.00>
ST_4 : Operation 1397 [1/1] (1.44ns)   --->   "%add_ln58_435 = add i23 %sext_ln58_232, i23 %mult_469" [firmware/nnet_utils/nnet_dense_latency.h:58]   --->   Operation 1397 'add' 'add_ln58_435' <Predicate = true> <Delay = 1.44> <CoreInst = "Adder">   --->   Core 1 'Adder' <Latency = 0> <II = 1> <Delay = 1.44> <FuncUnit> <Opcode : 'add' 'sub'> <InPorts = 2> <OutPorts = 1>
ST_4 : Operation 1398 [1/1] (0.00ns)   --->   "%sext_ln58_233 = sext i23 %add_ln58_435" [firmware/nnet_utils/nnet_dense_latency.h:58]   --->   Operation 1398 'sext' 'sext_ln58_233' <Predicate = true> <Delay = 0.00>
ST_4 : Operation 1399 [1/1] (1.45ns)   --->   "%add_ln58_436 = add i25 %sext_ln58_233, i25 %sext_ln58_231" [firmware/nnet_utils/nnet_dense_latency.h:58]   --->   Operation 1399 'add' 'add_ln58_436' <Predicate = true> <Delay = 1.45> <CoreInst = "Adder">   --->   Core 1 'Adder' <Latency = 0> <II = 1> <Delay = 1.45> <FuncUnit> <Opcode : 'add' 'sub'> <InPorts = 2> <OutPorts = 1>
ST_4 : Operation 1400 [1/1] (1.46ns)   --->   "%add_ln58_438 = add i27 %sext_ln58_151, i27 %sext_ln17_38" [firmware/nnet_utils/nnet_dense_latency.h:58]   --->   Operation 1400 'add' 'add_ln58_438' <Predicate = true> <Delay = 1.46> <CoreInst = "Adder">   --->   Core 1 'Adder' <Latency = 0> <II = 1> <Delay = 1.46> <FuncUnit> <Opcode : 'add' 'sub'> <InPorts = 2> <OutPorts = 1>
ST_4 : Operation 1401 [1/1] (1.45ns)   --->   "%add_ln58_439 = add i24 %mult_482, i24 %mult_501" [firmware/nnet_utils/nnet_dense_latency.h:58]   --->   Operation 1401 'add' 'add_ln58_439' <Predicate = true> <Delay = 1.45> <CoreInst = "Adder">   --->   Core 1 'Adder' <Latency = 0> <II = 1> <Delay = 1.45> <FuncUnit> <Opcode : 'add' 'sub'> <InPorts = 2> <OutPorts = 1>
ST_4 : Operation 1402 [1/1] (0.00ns)   --->   "%sext_ln58_235 = sext i24 %add_ln58_439" [firmware/nnet_utils/nnet_dense_latency.h:58]   --->   Operation 1402 'sext' 'sext_ln58_235' <Predicate = true> <Delay = 0.00>
ST_4 : Operation 1403 [1/1] (1.45ns)   --->   "%add_ln58_440 = add i25 %sext_ln58_235, i25 %sext_ln17_23" [firmware/nnet_utils/nnet_dense_latency.h:58]   --->   Operation 1403 'add' 'add_ln58_440' <Predicate = true> <Delay = 1.45> <CoreInst = "Adder">   --->   Core 1 'Adder' <Latency = 0> <II = 1> <Delay = 1.45> <FuncUnit> <Opcode : 'add' 'sub'> <InPorts = 2> <OutPorts = 1>
ST_4 : Operation 1404 [1/1] (1.45ns)   --->   "%add_ln58_442 = add i24 %mult_529, i24 %sext_ln17_29" [firmware/nnet_utils/nnet_dense_latency.h:58]   --->   Operation 1404 'add' 'add_ln58_442' <Predicate = true> <Delay = 1.45> <CoreInst = "Adder">   --->   Core 1 'Adder' <Latency = 0> <II = 1> <Delay = 1.45> <FuncUnit> <Opcode : 'add' 'sub'> <InPorts = 2> <OutPorts = 1>
ST_4 : Operation 1405 [1/1] (0.00ns)   --->   "%sext_ln58_237 = sext i24 %add_ln58_442" [firmware/nnet_utils/nnet_dense_latency.h:58]   --->   Operation 1405 'sext' 'sext_ln58_237' <Predicate = true> <Delay = 0.00>
ST_4 : Operation 1406 [1/1] (0.00ns)   --->   "%sext_ln58_238 = sext i22 %add_ln58_443" [firmware/nnet_utils/nnet_dense_latency.h:58]   --->   Operation 1406 'sext' 'sext_ln58_238' <Predicate = true> <Delay = 0.00>
ST_4 : Operation 1407 [1/1] (1.44ns)   --->   "%add_ln58_444 = add i23 %sext_ln58_238, i23 %mult_511" [firmware/nnet_utils/nnet_dense_latency.h:58]   --->   Operation 1407 'add' 'add_ln58_444' <Predicate = true> <Delay = 1.44> <CoreInst = "Adder">   --->   Core 1 'Adder' <Latency = 0> <II = 1> <Delay = 1.44> <FuncUnit> <Opcode : 'add' 'sub'> <InPorts = 2> <OutPorts = 1>
ST_4 : Operation 1408 [1/1] (0.00ns)   --->   "%sext_ln58_239 = sext i23 %add_ln58_444" [firmware/nnet_utils/nnet_dense_latency.h:58]   --->   Operation 1408 'sext' 'sext_ln58_239' <Predicate = true> <Delay = 0.00>
ST_4 : Operation 1409 [1/1] (1.45ns)   --->   "%add_ln58_445 = add i25 %sext_ln58_239, i25 %sext_ln58_237" [firmware/nnet_utils/nnet_dense_latency.h:58]   --->   Operation 1409 'add' 'add_ln58_445' <Predicate = true> <Delay = 1.45> <CoreInst = "Adder">   --->   Core 1 'Adder' <Latency = 0> <II = 1> <Delay = 1.45> <FuncUnit> <Opcode : 'add' 'sub'> <InPorts = 2> <OutPorts = 1>
ST_4 : Operation 1410 [1/1] (1.45ns)   --->   "%add_ln58_448 = add i25 %mult_546, i25 %sext_ln17_28" [firmware/nnet_utils/nnet_dense_latency.h:58]   --->   Operation 1410 'add' 'add_ln58_448' <Predicate = true> <Delay = 1.45> <CoreInst = "Adder">   --->   Core 1 'Adder' <Latency = 0> <II = 1> <Delay = 1.45> <FuncUnit> <Opcode : 'add' 'sub'> <InPorts = 2> <OutPorts = 1>
ST_4 : Operation 1411 [1/1] (0.00ns)   --->   "%sext_ln58_241 = sext i25 %add_ln58_448" [firmware/nnet_utils/nnet_dense_latency.h:58]   --->   Operation 1411 'sext' 'sext_ln58_241' <Predicate = true> <Delay = 0.00>
ST_4 : Operation 1412 [1/1] (1.45ns)   --->   "%add_ln58_449 = add i26 %sext_ln58_241, i26 %sext_ln17_51" [firmware/nnet_utils/nnet_dense_latency.h:58]   --->   Operation 1412 'add' 'add_ln58_449' <Predicate = true> <Delay = 1.45> <CoreInst = "Adder">   --->   Core 1 'Adder' <Latency = 0> <II = 1> <Delay = 1.45> <FuncUnit> <Opcode : 'add' 'sub'> <InPorts = 2> <OutPorts = 1>
ST_4 : Operation 1413 [1/1] (1.45ns)   --->   "%add_ln58_451 = add i24 %mult_517, i24 %sext_ln17_36" [firmware/nnet_utils/nnet_dense_latency.h:58]   --->   Operation 1413 'add' 'add_ln58_451' <Predicate = true> <Delay = 1.45> <CoreInst = "Adder">   --->   Core 1 'Adder' <Latency = 0> <II = 1> <Delay = 1.45> <FuncUnit> <Opcode : 'add' 'sub'> <InPorts = 2> <OutPorts = 1>
ST_4 : Operation 1414 [1/1] (1.44ns)   --->   "%add_ln58_452 = add i23 %mult_509, i23 %sext_ln17_54" [firmware/nnet_utils/nnet_dense_latency.h:58]   --->   Operation 1414 'add' 'add_ln58_452' <Predicate = true> <Delay = 1.44> <CoreInst = "Adder">   --->   Core 1 'Adder' <Latency = 0> <II = 1> <Delay = 1.44> <FuncUnit> <Opcode : 'add' 'sub'> <InPorts = 2> <OutPorts = 1>
ST_4 : Operation 1415 [1/1] (0.00ns)   --->   "%sext_ln58_244 = sext i23 %add_ln58_452" [firmware/nnet_utils/nnet_dense_latency.h:58]   --->   Operation 1415 'sext' 'sext_ln58_244' <Predicate = true> <Delay = 0.00>
ST_4 : Operation 1416 [1/1] (1.44ns)   --->   "%add_ln58_453 = add i24 %sext_ln58_244, i24 %sext_ln17_42" [firmware/nnet_utils/nnet_dense_latency.h:58]   --->   Operation 1416 'add' 'add_ln58_453' <Predicate = true> <Delay = 1.44> <CoreInst = "Adder">   --->   Core 1 'Adder' <Latency = 0> <II = 1> <Delay = 1.44> <FuncUnit> <Opcode : 'add' 'sub'> <InPorts = 2> <OutPorts = 1>
ST_4 : Operation 1417 [1/1] (1.46ns)   --->   "%add_ln58_456 = add i27 %sext_ln58_205, i27 %sext_ln17_44" [firmware/nnet_utils/nnet_dense_latency.h:58]   --->   Operation 1417 'add' 'add_ln58_456' <Predicate = true> <Delay = 1.46> <CoreInst = "Adder">   --->   Core 1 'Adder' <Latency = 0> <II = 1> <Delay = 1.46> <FuncUnit> <Opcode : 'add' 'sub'> <InPorts = 2> <OutPorts = 1>
ST_4 : Operation 1418 [1/1] (0.00ns)   --->   "%sext_ln58_247 = sext i27 %add_ln58_456" [firmware/nnet_utils/nnet_dense_latency.h:58]   --->   Operation 1418 'sext' 'sext_ln58_247' <Predicate = true> <Delay = 0.00>
ST_4 : Operation 1419 [1/1] (1.46ns)   --->   "%add_ln58_457 = add i28 %sext_ln58_247, i28 %mult_437" [firmware/nnet_utils/nnet_dense_latency.h:58]   --->   Operation 1419 'add' 'add_ln58_457' <Predicate = true> <Delay = 1.46> <CoreInst = "Adder">   --->   Core 1 'Adder' <Latency = 0> <II = 1> <Delay = 1.46> <FuncUnit> <Opcode : 'add' 'sub'> <InPorts = 2> <OutPorts = 1>
ST_4 : Operation 1420 [1/1] (1.45ns)   --->   "%add_ln58_458 = add i25 %mul_ln17_15, i25 %mult_456" [firmware/nnet_utils/nnet_dense_latency.h:58]   --->   Operation 1420 'add' 'add_ln58_458' <Predicate = true> <Delay = 1.45> <CoreInst = "Adder">   --->   Core 1 'Adder' <Latency = 0> <II = 1> <Delay = 1.45> <FuncUnit> <Opcode : 'add' 'sub'> <InPorts = 2> <OutPorts = 1>
ST_4 : Operation 1421 [1/1] (0.00ns)   --->   "%sext_ln58_248 = sext i25 %add_ln58_458" [firmware/nnet_utils/nnet_dense_latency.h:58]   --->   Operation 1421 'sext' 'sext_ln58_248' <Predicate = true> <Delay = 0.00>
ST_4 : Operation 1422 [1/1] (1.45ns)   --->   "%add_ln58_459 = add i25 %mult_466, i25 %mult_475" [firmware/nnet_utils/nnet_dense_latency.h:58]   --->   Operation 1422 'add' 'add_ln58_459' <Predicate = true> <Delay = 1.45> <CoreInst = "Adder">   --->   Core 1 'Adder' <Latency = 0> <II = 1> <Delay = 1.45> <FuncUnit> <Opcode : 'add' 'sub'> <InPorts = 2> <OutPorts = 1>
ST_4 : Operation 1423 [1/1] (0.00ns)   --->   "%sext_ln58_249 = sext i25 %add_ln58_459" [firmware/nnet_utils/nnet_dense_latency.h:58]   --->   Operation 1423 'sext' 'sext_ln58_249' <Predicate = true> <Delay = 0.00>
ST_4 : Operation 1424 [1/1] (1.45ns)   --->   "%add_ln58_460 = add i26 %sext_ln58_249, i26 %sext_ln58_248" [firmware/nnet_utils/nnet_dense_latency.h:58]   --->   Operation 1424 'add' 'add_ln58_460' <Predicate = true> <Delay = 1.45> <CoreInst = "Adder">   --->   Core 1 'Adder' <Latency = 0> <II = 1> <Delay = 1.45> <FuncUnit> <Opcode : 'add' 'sub'> <InPorts = 2> <OutPorts = 1>
ST_4 : Operation 1425 [1/1] (1.45ns)   --->   "%add_ln58_462 = add i24 %mul_ln17_18, i24 %mult_447" [firmware/nnet_utils/nnet_dense_latency.h:58]   --->   Operation 1425 'add' 'add_ln58_462' <Predicate = true> <Delay = 1.45> <CoreInst = "Adder">   --->   Core 1 'Adder' <Latency = 0> <II = 1> <Delay = 1.45> <FuncUnit> <Opcode : 'add' 'sub'> <InPorts = 2> <OutPorts = 1>
ST_4 : Operation 1426 [1/1] (0.00ns)   --->   "%sext_ln58_251 = sext i24 %add_ln58_462" [firmware/nnet_utils/nnet_dense_latency.h:58]   --->   Operation 1426 'sext' 'sext_ln58_251' <Predicate = true> <Delay = 0.00>
ST_4 : Operation 1427 [1/1] (1.45ns)   --->   "%add_ln58_463 = add i25 %sext_ln58_251, i25 %mult_495" [firmware/nnet_utils/nnet_dense_latency.h:58]   --->   Operation 1427 'add' 'add_ln58_463' <Predicate = true> <Delay = 1.45> <CoreInst = "Adder">   --->   Core 1 'Adder' <Latency = 0> <II = 1> <Delay = 1.45> <FuncUnit> <Opcode : 'add' 'sub'> <InPorts = 2> <OutPorts = 1>
ST_4 : Operation 1428 [1/1] (1.45ns)   --->   "%add_ln58_464 = add i24 %mult_522, i24 %mult_532" [firmware/nnet_utils/nnet_dense_latency.h:58]   --->   Operation 1428 'add' 'add_ln58_464' <Predicate = true> <Delay = 1.45> <CoreInst = "Adder">   --->   Core 1 'Adder' <Latency = 0> <II = 1> <Delay = 1.45> <FuncUnit> <Opcode : 'add' 'sub'> <InPorts = 2> <OutPorts = 1>
ST_4 : Operation 1429 [1/1] (0.00ns)   --->   "%sext_ln58_253 = sext i24 %add_ln58_464" [firmware/nnet_utils/nnet_dense_latency.h:58]   --->   Operation 1429 'sext' 'sext_ln58_253' <Predicate = true> <Delay = 0.00>
ST_4 : Operation 1430 [1/1] (1.44ns)   --->   "%add_ln58_465 = add i23 %mult_485, i23 %mult_541" [firmware/nnet_utils/nnet_dense_latency.h:58]   --->   Operation 1430 'add' 'add_ln58_465' <Predicate = true> <Delay = 1.44> <CoreInst = "Adder">   --->   Core 1 'Adder' <Latency = 0> <II = 1> <Delay = 1.44> <FuncUnit> <Opcode : 'add' 'sub'> <InPorts = 2> <OutPorts = 1>
ST_4 : Operation 1431 [1/1] (0.00ns)   --->   "%sext_ln58_254 = sext i23 %add_ln58_465" [firmware/nnet_utils/nnet_dense_latency.h:58]   --->   Operation 1431 'sext' 'sext_ln58_254' <Predicate = true> <Delay = 0.00>
ST_4 : Operation 1432 [1/1] (1.45ns)   --->   "%add_ln58_466 = add i25 %sext_ln58_254, i25 %sext_ln58_253" [firmware/nnet_utils/nnet_dense_latency.h:58]   --->   Operation 1432 'add' 'add_ln58_466' <Predicate = true> <Delay = 1.45> <CoreInst = "Adder">   --->   Core 1 'Adder' <Latency = 0> <II = 1> <Delay = 1.45> <FuncUnit> <Opcode : 'add' 'sub'> <InPorts = 2> <OutPorts = 1>
ST_4 : Operation 1433 [1/1] (1.46ns)   --->   "%add_ln58_469 = add i27 %sext_ln58_155, i27 %sext_ln17_30" [firmware/nnet_utils/nnet_dense_latency.h:58]   --->   Operation 1433 'add' 'add_ln58_469' <Predicate = true> <Delay = 1.46> <CoreInst = "Adder">   --->   Core 1 'Adder' <Latency = 0> <II = 1> <Delay = 1.46> <FuncUnit> <Opcode : 'add' 'sub'> <InPorts = 2> <OutPorts = 1>
ST_4 : Operation 1434 [1/1] (0.00ns) (grouped into TernaryAdder)   --->   "%add_ln58_470 = add i25 %mult_514, i25 %mult_533" [firmware/nnet_utils/nnet_dense_latency.h:58]   --->   Operation 1434 'add' 'add_ln58_470' <Predicate = true> <Delay = 0.00> <CoreInst = "TAddSub">   --->   Core 10 'TAddSub' <Latency = 0> <II = 1> <Delay = 0.53> <IPBlock> <Opcode : '' 'add' 'sub'> <InPorts = 3> <OutPorts = 1> <Sync> <CReg>
ST_4 : Operation 1435 [1/1] (1.04ns) (root node of TernaryAdder)   --->   "%add_ln58_471 = add i25 %add_ln58_470, i25 %mult_486" [firmware/nnet_utils/nnet_dense_latency.h:58]   --->   Operation 1435 'add' 'add_ln58_471' <Predicate = true> <Delay = 1.04> <CoreInst = "TAddSub">   --->   Core 10 'TAddSub' <Latency = 0> <II = 1> <Delay = 0.53> <IPBlock> <Opcode : '' 'add' 'sub'> <InPorts = 3> <OutPorts = 1> <Sync> <CReg>
ST_4 : Operation 1436 [1/1] (0.00ns)   --->   "%sext_ln58_257 = sext i25 %add_ln58_471" [firmware/nnet_utils/nnet_dense_latency.h:58]   --->   Operation 1436 'sext' 'sext_ln58_257' <Predicate = true> <Delay = 0.00>
ST_4 : Operation 1437 [1/1] (0.00ns) (grouped into TernaryAdder)   --->   "%add_ln58_472 = add i27 %sext_ln58_257, i27 %add_ln58_469" [firmware/nnet_utils/nnet_dense_latency.h:58]   --->   Operation 1437 'add' 'add_ln58_472' <Predicate = true> <Delay = 0.00> <CoreInst = "TAddSub">   --->   Core 10 'TAddSub' <Latency = 0> <II = 1> <Delay = 0.53> <IPBlock> <Opcode : '' 'add' 'sub'> <InPorts = 3> <OutPorts = 1> <Sync> <CReg>
ST_4 : Operation 1438 [1/1] (1.45ns)   --->   "%add_ln58_473 = add i24 %mult_523, i24 %mult_551" [firmware/nnet_utils/nnet_dense_latency.h:58]   --->   Operation 1438 'add' 'add_ln58_473' <Predicate = true> <Delay = 1.45> <CoreInst = "Adder">   --->   Core 1 'Adder' <Latency = 0> <II = 1> <Delay = 1.45> <FuncUnit> <Opcode : 'add' 'sub'> <InPorts = 2> <OutPorts = 1>
ST_4 : Operation 1439 [1/1] (0.00ns)   --->   "%sext_ln58_258 = sext i24 %add_ln58_473" [firmware/nnet_utils/nnet_dense_latency.h:58]   --->   Operation 1439 'sext' 'sext_ln58_258' <Predicate = true> <Delay = 0.00>
ST_4 : Operation 1440 [1/1] (0.00ns) (grouped into TernaryAdder)   --->   "%add_ln58_474 = add i25 %sext_ln58_258, i25 %mult_561" [firmware/nnet_utils/nnet_dense_latency.h:58]   --->   Operation 1440 'add' 'add_ln58_474' <Predicate = true> <Delay = 0.00> <CoreInst = "TAddSub">   --->   Core 10 'TAddSub' <Latency = 0> <II = 1> <Delay = 0.53> <IPBlock> <Opcode : '' 'add' 'sub'> <InPorts = 3> <OutPorts = 1> <Sync> <CReg>
ST_4 : Operation 1441 [1/1] (0.00ns)   --->   "%sext_ln58_259 = sext i22 %add_ln58_475" [firmware/nnet_utils/nnet_dense_latency.h:58]   --->   Operation 1441 'sext' 'sext_ln58_259' <Predicate = true> <Delay = 0.00>
ST_4 : Operation 1442 [1/1] (1.44ns)   --->   "%add_ln58_476 = add i23 %sext_ln58_259, i23 %sext_ln17_40" [firmware/nnet_utils/nnet_dense_latency.h:58]   --->   Operation 1442 'add' 'add_ln58_476' <Predicate = true> <Delay = 1.44> <CoreInst = "Adder">   --->   Core 1 'Adder' <Latency = 0> <II = 1> <Delay = 1.44> <FuncUnit> <Opcode : 'add' 'sub'> <InPorts = 2> <OutPorts = 1>
ST_4 : Operation 1443 [1/1] (0.00ns)   --->   "%sext_ln58_260 = sext i23 %add_ln58_476" [firmware/nnet_utils/nnet_dense_latency.h:58]   --->   Operation 1443 'sext' 'sext_ln58_260' <Predicate = true> <Delay = 0.00>
ST_4 : Operation 1444 [1/1] (1.04ns) (root node of TernaryAdder)   --->   "%add_ln58_477 = add i25 %sext_ln58_260, i25 %add_ln58_474" [firmware/nnet_utils/nnet_dense_latency.h:58]   --->   Operation 1444 'add' 'add_ln58_477' <Predicate = true> <Delay = 1.04> <CoreInst = "TAddSub">   --->   Core 10 'TAddSub' <Latency = 0> <II = 1> <Delay = 0.53> <IPBlock> <Opcode : '' 'add' 'sub'> <InPorts = 3> <OutPorts = 1> <Sync> <CReg>
ST_4 : Operation 1445 [1/1] (0.00ns)   --->   "%sext_ln58_261 = sext i25 %add_ln58_477" [firmware/nnet_utils/nnet_dense_latency.h:58]   --->   Operation 1445 'sext' 'sext_ln58_261' <Predicate = true> <Delay = 0.00>
ST_4 : Operation 1446 [1/1] (1.05ns) (root node of TernaryAdder)   --->   "%add_ln58_478 = add i27 %sext_ln58_261, i27 %add_ln58_472" [firmware/nnet_utils/nnet_dense_latency.h:58]   --->   Operation 1446 'add' 'add_ln58_478' <Predicate = true> <Delay = 1.05> <CoreInst = "TAddSub">   --->   Core 10 'TAddSub' <Latency = 0> <II = 1> <Delay = 0.53> <IPBlock> <Opcode : '' 'add' 'sub'> <InPorts = 3> <OutPorts = 1> <Sync> <CReg>
ST_4 : Operation 1447 [1/1] (1.46ns)   --->   "%add_ln58_479 = add i27 %sext_ln58_156, i27 %sext_ln17_45" [firmware/nnet_utils/nnet_dense_latency.h:58]   --->   Operation 1447 'add' 'add_ln58_479' <Predicate = true> <Delay = 1.46> <CoreInst = "Adder">   --->   Core 1 'Adder' <Latency = 0> <II = 1> <Delay = 1.46> <FuncUnit> <Opcode : 'add' 'sub'> <InPorts = 2> <OutPorts = 1>
ST_4 : Operation 1448 [1/1] (0.00ns) (grouped into TernaryAdder)   --->   "%add_ln58_480 = add i25 %mult_566, i25 %sext_ln17_33" [firmware/nnet_utils/nnet_dense_latency.h:58]   --->   Operation 1448 'add' 'add_ln58_480' <Predicate = true> <Delay = 0.00> <CoreInst = "TAddSub">   --->   Core 10 'TAddSub' <Latency = 0> <II = 1> <Delay = 0.53> <IPBlock> <Opcode : '' 'add' 'sub'> <InPorts = 3> <OutPorts = 1> <Sync> <CReg>
ST_4 : Operation 1449 [1/1] (1.04ns) (root node of TernaryAdder)   --->   "%add_ln58_481 = add i25 %add_ln58_480, i25 %mult_528" [firmware/nnet_utils/nnet_dense_latency.h:58]   --->   Operation 1449 'add' 'add_ln58_481' <Predicate = true> <Delay = 1.04> <CoreInst = "TAddSub">   --->   Core 10 'TAddSub' <Latency = 0> <II = 1> <Delay = 0.53> <IPBlock> <Opcode : '' 'add' 'sub'> <InPorts = 3> <OutPorts = 1> <Sync> <CReg>
ST_4 : Operation 1450 [1/1] (0.00ns)   --->   "%sext_ln58_262 = sext i25 %add_ln58_481" [firmware/nnet_utils/nnet_dense_latency.h:58]   --->   Operation 1450 'sext' 'sext_ln58_262' <Predicate = true> <Delay = 0.00>
ST_4 : Operation 1451 [1/1] (0.00ns) (grouped into TernaryAdder)   --->   "%add_ln58_482 = add i27 %sext_ln58_262, i27 %add_ln58_479" [firmware/nnet_utils/nnet_dense_latency.h:58]   --->   Operation 1451 'add' 'add_ln58_482' <Predicate = true> <Delay = 0.00> <CoreInst = "TAddSub">   --->   Core 10 'TAddSub' <Latency = 0> <II = 1> <Delay = 0.53> <IPBlock> <Opcode : '' 'add' 'sub'> <InPorts = 3> <OutPorts = 1> <Sync> <CReg>
ST_4 : Operation 1452 [1/1] (1.45ns)   --->   "%add_ln58_483 = add i24 %mult_500, i24 %mult_518" [firmware/nnet_utils/nnet_dense_latency.h:58]   --->   Operation 1452 'add' 'add_ln58_483' <Predicate = true> <Delay = 1.45> <CoreInst = "Adder">   --->   Core 1 'Adder' <Latency = 0> <II = 1> <Delay = 1.45> <FuncUnit> <Opcode : 'add' 'sub'> <InPorts = 2> <OutPorts = 1>
ST_4 : Operation 1453 [1/1] (0.00ns)   --->   "%sext_ln58_263 = sext i24 %add_ln58_483" [firmware/nnet_utils/nnet_dense_latency.h:58]   --->   Operation 1453 'sext' 'sext_ln58_263' <Predicate = true> <Delay = 0.00>
ST_4 : Operation 1454 [1/1] (0.00ns) (grouped into TernaryAdder)   --->   "%add_ln58_484 = add i25 %sext_ln58_263, i25 %sext_ln17_37" [firmware/nnet_utils/nnet_dense_latency.h:58]   --->   Operation 1454 'add' 'add_ln58_484' <Predicate = true> <Delay = 0.00> <CoreInst = "TAddSub">   --->   Core 10 'TAddSub' <Latency = 0> <II = 1> <Delay = 0.53> <IPBlock> <Opcode : '' 'add' 'sub'> <InPorts = 3> <OutPorts = 1> <Sync> <CReg>
ST_4 : Operation 1455 [1/1] (0.00ns)   --->   "%sext_ln58_265 = sext i23 %add_ln58_486" [firmware/nnet_utils/nnet_dense_latency.h:58]   --->   Operation 1455 'sext' 'sext_ln58_265' <Predicate = true> <Delay = 0.00>
ST_4 : Operation 1456 [1/1] (1.04ns) (root node of TernaryAdder)   --->   "%add_ln58_487 = add i25 %sext_ln58_265, i25 %add_ln58_484" [firmware/nnet_utils/nnet_dense_latency.h:58]   --->   Operation 1456 'add' 'add_ln58_487' <Predicate = true> <Delay = 1.04> <CoreInst = "TAddSub">   --->   Core 10 'TAddSub' <Latency = 0> <II = 1> <Delay = 0.53> <IPBlock> <Opcode : '' 'add' 'sub'> <InPorts = 3> <OutPorts = 1> <Sync> <CReg>
ST_4 : Operation 1457 [1/1] (0.00ns)   --->   "%sext_ln58_266 = sext i25 %add_ln58_487" [firmware/nnet_utils/nnet_dense_latency.h:58]   --->   Operation 1457 'sext' 'sext_ln58_266' <Predicate = true> <Delay = 0.00>
ST_4 : Operation 1458 [1/1] (1.05ns) (root node of TernaryAdder)   --->   "%add_ln58_488 = add i27 %sext_ln58_266, i27 %add_ln58_482" [firmware/nnet_utils/nnet_dense_latency.h:58]   --->   Operation 1458 'add' 'add_ln58_488' <Predicate = true> <Delay = 1.05> <CoreInst = "TAddSub">   --->   Core 10 'TAddSub' <Latency = 0> <II = 1> <Delay = 0.53> <IPBlock> <Opcode : '' 'add' 'sub'> <InPorts = 3> <OutPorts = 1> <Sync> <CReg>
ST_4 : Operation 1459 [1/1] (1.45ns)   --->   "%add_ln58_489 = add i25 %mult_474, i25 %mult_550" [firmware/nnet_utils/nnet_dense_latency.h:58]   --->   Operation 1459 'add' 'add_ln58_489' <Predicate = true> <Delay = 1.45> <CoreInst = "Adder">   --->   Core 1 'Adder' <Latency = 0> <II = 1> <Delay = 1.45> <FuncUnit> <Opcode : 'add' 'sub'> <InPorts = 2> <OutPorts = 1>
ST_4 : Operation 1460 [1/1] (0.00ns)   --->   "%sext_ln58_267 = sext i25 %add_ln58_489" [firmware/nnet_utils/nnet_dense_latency.h:58]   --->   Operation 1460 'sext' 'sext_ln58_267' <Predicate = true> <Delay = 0.00>
ST_4 : Operation 1461 [1/1] (1.46ns)   --->   "%add_ln58_490 = add i27 %sext_ln58_267, i27 %sext_ln58_152" [firmware/nnet_utils/nnet_dense_latency.h:58]   --->   Operation 1461 'add' 'add_ln58_490' <Predicate = true> <Delay = 1.46> <CoreInst = "Adder">   --->   Core 1 'Adder' <Latency = 0> <II = 1> <Delay = 1.46> <FuncUnit> <Opcode : 'add' 'sub'> <InPorts = 2> <OutPorts = 1>
ST_4 : Operation 1462 [1/1] (1.03ns) (root node of TernaryAdder)   --->   "%add_ln58_491 = add i24 %mult_455, i24 %mult_494" [firmware/nnet_utils/nnet_dense_latency.h:58]   --->   Operation 1462 'add' 'add_ln58_491' <Predicate = true> <Delay = 1.03> <CoreInst = "TAddSub">   --->   Core 10 'TAddSub' <Latency = 0> <II = 1> <Delay = 0.53> <IPBlock> <Opcode : '' 'add' 'sub'> <InPorts = 3> <OutPorts = 1> <Sync> <CReg>
ST_4 : Operation 1463 [1/1] (0.00ns)   --->   "%sext_ln58_268 = sext i24 %add_ln58_491" [firmware/nnet_utils/nnet_dense_latency.h:58]   --->   Operation 1463 'sext' 'sext_ln58_268' <Predicate = true> <Delay = 0.00>
ST_4 : Operation 1464 [1/1] (1.45ns)   --->   "%add_ln58_492 = add i24 %mult_521, i24 %mult_531" [firmware/nnet_utils/nnet_dense_latency.h:58]   --->   Operation 1464 'add' 'add_ln58_492' <Predicate = true> <Delay = 1.45> <CoreInst = "Adder">   --->   Core 1 'Adder' <Latency = 0> <II = 1> <Delay = 1.45> <FuncUnit> <Opcode : 'add' 'sub'> <InPorts = 2> <OutPorts = 1>
ST_4 : Operation 1465 [1/1] (0.00ns)   --->   "%sext_ln58_269 = sext i24 %add_ln58_492" [firmware/nnet_utils/nnet_dense_latency.h:58]   --->   Operation 1465 'sext' 'sext_ln58_269' <Predicate = true> <Delay = 0.00>
ST_4 : Operation 1466 [1/1] (1.45ns)   --->   "%add_ln58_493 = add i25 %sext_ln58_269, i25 %sext_ln58_268" [firmware/nnet_utils/nnet_dense_latency.h:58]   --->   Operation 1466 'add' 'add_ln58_493' <Predicate = true> <Delay = 1.45> <CoreInst = "Adder">   --->   Core 1 'Adder' <Latency = 0> <II = 1> <Delay = 1.45> <FuncUnit> <Opcode : 'add' 'sub'> <InPorts = 2> <OutPorts = 1>
ST_4 : Operation 1467 [1/1] (1.44ns)   --->   "%add_ln58_495 = add i23 %mult_513, i23 %sext_ln17_34" [firmware/nnet_utils/nnet_dense_latency.h:58]   --->   Operation 1467 'add' 'add_ln58_495' <Predicate = true> <Delay = 1.44> <CoreInst = "Adder">   --->   Core 1 'Adder' <Latency = 0> <II = 1> <Delay = 1.44> <FuncUnit> <Opcode : 'add' 'sub'> <InPorts = 2> <OutPorts = 1>
ST_4 : Operation 1468 [1/1] (0.00ns)   --->   "%sext_ln58_271 = sext i23 %add_ln58_495" [firmware/nnet_utils/nnet_dense_latency.h:58]   --->   Operation 1468 'sext' 'sext_ln58_271' <Predicate = true> <Delay = 0.00>
ST_4 : Operation 1469 [1/1] (0.00ns) (grouped into TernaryAdder)   --->   "%add_ln58_496 = add i24 %sext_ln58_271, i24 %mult_567" [firmware/nnet_utils/nnet_dense_latency.h:58]   --->   Operation 1469 'add' 'add_ln58_496' <Predicate = true> <Delay = 0.00> <CoreInst = "TAddSub">   --->   Core 10 'TAddSub' <Latency = 0> <II = 1> <Delay = 0.53> <IPBlock> <Opcode : '' 'add' 'sub'> <InPorts = 3> <OutPorts = 1> <Sync> <CReg>
ST_4 : Operation 1470 [1/1] (0.00ns) (grouped into TernaryAdder)   --->   "%add_ln58_497 = add i23 %sext_ln17_62, i23 %sext_ln17_27" [firmware/nnet_utils/nnet_dense_latency.h:58]   --->   Operation 1470 'add' 'add_ln58_497' <Predicate = true> <Delay = 0.00> <CoreInst = "TAddSub">   --->   Core 10 'TAddSub' <Latency = 0> <II = 1> <Delay = 0.53> <IPBlock> <Opcode : '' 'add' 'sub'> <InPorts = 3> <OutPorts = 1> <Sync> <CReg>
ST_4 : Operation 1471 [1/1] (1.43ns)   --->   "%add_ln58_498 = add i20 %mul_ln17_17, i20 %sext_ln17_43" [firmware/nnet_utils/nnet_dense_latency.h:58]   --->   Operation 1471 'add' 'add_ln58_498' <Predicate = true> <Delay = 1.43> <CoreInst = "Adder">   --->   Core 1 'Adder' <Latency = 0> <II = 1> <Delay = 1.43> <FuncUnit> <Opcode : 'add' 'sub'> <InPorts = 2> <OutPorts = 1>
ST_4 : Operation 1472 [1/1] (0.00ns)   --->   "%sext_ln58_272 = sext i20 %add_ln58_498" [firmware/nnet_utils/nnet_dense_latency.h:58]   --->   Operation 1472 'sext' 'sext_ln58_272' <Predicate = true> <Delay = 0.00>
ST_4 : Operation 1473 [1/1] (1.03ns) (root node of TernaryAdder)   --->   "%add_ln58_499 = add i23 %sext_ln58_272, i23 %add_ln58_497" [firmware/nnet_utils/nnet_dense_latency.h:58]   --->   Operation 1473 'add' 'add_ln58_499' <Predicate = true> <Delay = 1.03> <CoreInst = "TAddSub">   --->   Core 10 'TAddSub' <Latency = 0> <II = 1> <Delay = 0.53> <IPBlock> <Opcode : '' 'add' 'sub'> <InPorts = 3> <OutPorts = 1> <Sync> <CReg>
ST_4 : Operation 1474 [1/1] (0.00ns)   --->   "%sext_ln58_273 = sext i23 %add_ln58_499" [firmware/nnet_utils/nnet_dense_latency.h:58]   --->   Operation 1474 'sext' 'sext_ln58_273' <Predicate = true> <Delay = 0.00>
ST_4 : Operation 1475 [1/1] (1.03ns) (root node of TernaryAdder)   --->   "%add_ln58_500 = add i24 %sext_ln58_273, i24 %add_ln58_496" [firmware/nnet_utils/nnet_dense_latency.h:58]   --->   Operation 1475 'add' 'add_ln58_500' <Predicate = true> <Delay = 1.03> <CoreInst = "TAddSub">   --->   Core 10 'TAddSub' <Latency = 0> <II = 1> <Delay = 0.53> <IPBlock> <Opcode : '' 'add' 'sub'> <InPorts = 3> <OutPorts = 1> <Sync> <CReg>
ST_4 : Operation 1476 [1/1] (1.46ns)   --->   "%add_ln58_502 = add i26 %mul_ln17_20, i26 %mult_508" [firmware/nnet_utils/nnet_dense_latency.h:58]   --->   Operation 1476 'add' 'add_ln58_502' <Predicate = true> <Delay = 1.46> <CoreInst = "Adder">   --->   Core 1 'Adder' <Latency = 0> <II = 1> <Delay = 1.46> <FuncUnit> <Opcode : 'add' 'sub'> <InPorts = 2> <OutPorts = 1>
ST_4 : Operation 1477 [1/1] (1.45ns)   --->   "%add_ln58_504 = add i25 %mult_516, i25 %mult_526" [firmware/nnet_utils/nnet_dense_latency.h:58]   --->   Operation 1477 'add' 'add_ln58_504' <Predicate = true> <Delay = 1.45> <CoreInst = "Adder">   --->   Core 1 'Adder' <Latency = 0> <II = 1> <Delay = 1.45> <FuncUnit> <Opcode : 'add' 'sub'> <InPorts = 2> <OutPorts = 1>
ST_4 : Operation 1478 [1/1] (0.00ns) (grouped into TernaryAdder)   --->   "%add_ln58_507 = add i25 %mult_554, i25 %sext_ln17_64" [firmware/nnet_utils/nnet_dense_latency.h:58]   --->   Operation 1478 'add' 'add_ln58_507' <Predicate = true> <Delay = 0.00> <CoreInst = "TAddSub">   --->   Core 10 'TAddSub' <Latency = 0> <II = 1> <Delay = 0.53> <IPBlock> <Opcode : '' 'add' 'sub'> <InPorts = 3> <OutPorts = 1> <Sync> <CReg>
ST_4 : Operation 1479 [1/1] (1.04ns) (root node of TernaryAdder)   --->   "%add_ln58_508 = add i25 %add_ln58_507, i25 %mult_545" [firmware/nnet_utils/nnet_dense_latency.h:58]   --->   Operation 1479 'add' 'add_ln58_508' <Predicate = true> <Delay = 1.04> <CoreInst = "TAddSub">   --->   Core 10 'TAddSub' <Latency = 0> <II = 1> <Delay = 0.53> <IPBlock> <Opcode : '' 'add' 'sub'> <InPorts = 3> <OutPorts = 1> <Sync> <CReg>
ST_4 : Operation 1480 [1/1] (0.00ns)   --->   "%sext_ln58_278 = sext i25 %add_ln58_508" [firmware/nnet_utils/nnet_dense_latency.h:58]   --->   Operation 1480 'sext' 'sext_ln58_278' <Predicate = true> <Delay = 0.00>
ST_4 : Operation 1481 [1/1] (0.00ns)   --->   "%sext_ln58_279 = sext i22 %add_ln58_509" [firmware/nnet_utils/nnet_dense_latency.h:58]   --->   Operation 1481 'sext' 'sext_ln58_279' <Predicate = true> <Delay = 0.00>
ST_4 : Operation 1482 [1/1] (1.45ns)   --->   "%add_ln58_510 = add i24 %sext_ln58_279, i24 %mult_591" [firmware/nnet_utils/nnet_dense_latency.h:58]   --->   Operation 1482 'add' 'add_ln58_510' <Predicate = true> <Delay = 1.45> <CoreInst = "Adder">   --->   Core 1 'Adder' <Latency = 0> <II = 1> <Delay = 1.45> <FuncUnit> <Opcode : 'add' 'sub'> <InPorts = 2> <OutPorts = 1>
ST_4 : Operation 1483 [1/1] (0.00ns)   --->   "%sext_ln58_280 = sext i24 %add_ln58_510" [firmware/nnet_utils/nnet_dense_latency.h:58]   --->   Operation 1483 'sext' 'sext_ln58_280' <Predicate = true> <Delay = 0.00>
ST_4 : Operation 1484 [1/1] (1.45ns)   --->   "%add_ln58_511 = add i26 %sext_ln58_280, i26 %sext_ln58_278" [firmware/nnet_utils/nnet_dense_latency.h:58]   --->   Operation 1484 'add' 'add_ln58_511' <Predicate = true> <Delay = 1.45> <CoreInst = "Adder">   --->   Core 1 'Adder' <Latency = 0> <II = 1> <Delay = 1.45> <FuncUnit> <Opcode : 'add' 'sub'> <InPorts = 2> <OutPorts = 1>
ST_4 : Operation 1485 [1/1] (1.46ns)   --->   "%add_ln58_513 = add i26 %mult_581, i26 %sext_ln17_50" [firmware/nnet_utils/nnet_dense_latency.h:58]   --->   Operation 1485 'add' 'add_ln58_513' <Predicate = true> <Delay = 1.46> <CoreInst = "Adder">   --->   Core 1 'Adder' <Latency = 0> <II = 1> <Delay = 1.46> <FuncUnit> <Opcode : 'add' 'sub'> <InPorts = 2> <OutPorts = 1>
ST_4 : Operation 1486 [1/1] (1.45ns)   --->   "%add_ln58_515 = add i25 %mult_535, i25 %mult_553" [firmware/nnet_utils/nnet_dense_latency.h:58]   --->   Operation 1486 'add' 'add_ln58_515' <Predicate = true> <Delay = 1.45> <CoreInst = "Adder">   --->   Core 1 'Adder' <Latency = 0> <II = 1> <Delay = 1.45> <FuncUnit> <Opcode : 'add' 'sub'> <InPorts = 2> <OutPorts = 1>
ST_4 : Operation 1487 [1/1] (0.00ns)   --->   "%sext_ln58_283 = sext i25 %add_ln58_515" [firmware/nnet_utils/nnet_dense_latency.h:58]   --->   Operation 1487 'sext' 'sext_ln58_283' <Predicate = true> <Delay = 0.00>
ST_4 : Operation 1488 [1/1] (1.04ns) (root node of TernaryAdder)   --->   "%add_ln58_516 = add i25 %mult_563, i25 %mult_599" [firmware/nnet_utils/nnet_dense_latency.h:58]   --->   Operation 1488 'add' 'add_ln58_516' <Predicate = true> <Delay = 1.04> <CoreInst = "TAddSub">   --->   Core 10 'TAddSub' <Latency = 0> <II = 1> <Delay = 0.53> <IPBlock> <Opcode : '' 'add' 'sub'> <InPorts = 3> <OutPorts = 1> <Sync> <CReg>
ST_4 : Operation 1489 [1/1] (0.00ns)   --->   "%sext_ln58_284 = sext i25 %add_ln58_516" [firmware/nnet_utils/nnet_dense_latency.h:58]   --->   Operation 1489 'sext' 'sext_ln58_284' <Predicate = true> <Delay = 0.00>
ST_4 : Operation 1490 [1/1] (1.45ns)   --->   "%add_ln58_517 = add i26 %sext_ln58_284, i26 %sext_ln58_283" [firmware/nnet_utils/nnet_dense_latency.h:58]   --->   Operation 1490 'add' 'add_ln58_517' <Predicate = true> <Delay = 1.45> <CoreInst = "Adder">   --->   Core 1 'Adder' <Latency = 0> <II = 1> <Delay = 1.45> <FuncUnit> <Opcode : 'add' 'sub'> <InPorts = 2> <OutPorts = 1>
ST_4 : Operation 1491 [1/1] (0.00ns) (grouped into TernaryAdder)   --->   "%add_ln58_519 = add i25 %mult_609, i25 %sext_ln17_59" [firmware/nnet_utils/nnet_dense_latency.h:58]   --->   Operation 1491 'add' 'add_ln58_519' <Predicate = true> <Delay = 0.00> <CoreInst = "TAddSub">   --->   Core 10 'TAddSub' <Latency = 0> <II = 1> <Delay = 0.53> <IPBlock> <Opcode : '' 'add' 'sub'> <InPorts = 3> <OutPorts = 1> <Sync> <CReg>
ST_4 : Operation 1492 [1/1] (1.45ns)   --->   "%add_ln58_520 = add i24 %mult_629, i24 %mult_638" [firmware/nnet_utils/nnet_dense_latency.h:58]   --->   Operation 1492 'add' 'add_ln58_520' <Predicate = true> <Delay = 1.45> <CoreInst = "Adder">   --->   Core 1 'Adder' <Latency = 0> <II = 1> <Delay = 1.45> <FuncUnit> <Opcode : 'add' 'sub'> <InPorts = 2> <OutPorts = 1>
ST_4 : Operation 1493 [1/1] (0.00ns)   --->   "%sext_ln58_286 = sext i24 %add_ln58_520" [firmware/nnet_utils/nnet_dense_latency.h:58]   --->   Operation 1493 'sext' 'sext_ln58_286' <Predicate = true> <Delay = 0.00>
ST_4 : Operation 1494 [1/1] (1.04ns) (root node of TernaryAdder)   --->   "%add_ln58_521 = add i25 %sext_ln58_286, i25 %add_ln58_519" [firmware/nnet_utils/nnet_dense_latency.h:58]   --->   Operation 1494 'add' 'add_ln58_521' <Predicate = true> <Delay = 1.04> <CoreInst = "TAddSub">   --->   Core 10 'TAddSub' <Latency = 0> <II = 1> <Delay = 0.53> <IPBlock> <Opcode : '' 'add' 'sub'> <InPorts = 3> <OutPorts = 1> <Sync> <CReg>
ST_4 : Operation 1495 [1/1] (1.03ns) (root node of TernaryAdder)   --->   "%add_ln58_522 = add i23 %mult_571, i23 %mult_590" [firmware/nnet_utils/nnet_dense_latency.h:58]   --->   Operation 1495 'add' 'add_ln58_522' <Predicate = true> <Delay = 1.03> <CoreInst = "TAddSub">   --->   Core 10 'TAddSub' <Latency = 0> <II = 1> <Delay = 0.53> <IPBlock> <Opcode : '' 'add' 'sub'> <InPorts = 3> <OutPorts = 1> <Sync> <CReg>
ST_4 : Operation 1496 [1/1] (0.00ns)   --->   "%sext_ln58_288 = sext i23 %add_ln58_522" [firmware/nnet_utils/nnet_dense_latency.h:58]   --->   Operation 1496 'sext' 'sext_ln58_288' <Predicate = true> <Delay = 0.00>
ST_4 : Operation 1497 [1/1] (1.44ns)   --->   "%add_ln58_523 = add i24 %sext_ln17_86, i24 %sext_ln17_81" [firmware/nnet_utils/nnet_dense_latency.h:58]   --->   Operation 1497 'add' 'add_ln58_523' <Predicate = true> <Delay = 1.44> <CoreInst = "Adder">   --->   Core 1 'Adder' <Latency = 0> <II = 1> <Delay = 1.44> <FuncUnit> <Opcode : 'add' 'sub'> <InPorts = 2> <OutPorts = 1>
ST_4 : Operation 1498 [1/1] (0.00ns)   --->   "%sext_ln58_289 = sext i24 %add_ln58_523" [firmware/nnet_utils/nnet_dense_latency.h:58]   --->   Operation 1498 'sext' 'sext_ln58_289' <Predicate = true> <Delay = 0.00>
ST_4 : Operation 1499 [1/1] (1.45ns)   --->   "%add_ln58_524 = add i25 %sext_ln58_289, i25 %sext_ln58_288" [firmware/nnet_utils/nnet_dense_latency.h:58]   --->   Operation 1499 'add' 'add_ln58_524' <Predicate = true> <Delay = 1.45> <CoreInst = "Adder">   --->   Core 1 'Adder' <Latency = 0> <II = 1> <Delay = 1.45> <FuncUnit> <Opcode : 'add' 'sub'> <InPorts = 2> <OutPorts = 1>
ST_4 : Operation 1500 [1/1] (1.45ns)   --->   "%add_ln58_528 = add i25 %mult_534, i25 %mult_562" [firmware/nnet_utils/nnet_dense_latency.h:58]   --->   Operation 1500 'add' 'add_ln58_528' <Predicate = true> <Delay = 1.45> <CoreInst = "Adder">   --->   Core 1 'Adder' <Latency = 0> <II = 1> <Delay = 1.45> <FuncUnit> <Opcode : 'add' 'sub'> <InPorts = 2> <OutPorts = 1>
ST_4 : Operation 1501 [1/1] (1.04ns) (root node of TernaryAdder)   --->   "%add_ln58_530 = add i25 %mult_570, i25 %mult_598" [firmware/nnet_utils/nnet_dense_latency.h:58]   --->   Operation 1501 'add' 'add_ln58_530' <Predicate = true> <Delay = 1.04> <CoreInst = "TAddSub">   --->   Core 10 'TAddSub' <Latency = 0> <II = 1> <Delay = 0.53> <IPBlock> <Opcode : '' 'add' 'sub'> <InPorts = 3> <OutPorts = 1> <Sync> <CReg>
ST_4 : Operation 1502 [1/1] (0.00ns)   --->   "%sext_ln58_293 = sext i25 %add_ln58_530" [firmware/nnet_utils/nnet_dense_latency.h:58]   --->   Operation 1502 'sext' 'sext_ln58_293' <Predicate = true> <Delay = 0.00>
ST_4 : Operation 1503 [1/1] (1.45ns)   --->   "%add_ln58_531 = add i25 %mult_608, i25 %mult_647" [firmware/nnet_utils/nnet_dense_latency.h:58]   --->   Operation 1503 'add' 'add_ln58_531' <Predicate = true> <Delay = 1.45> <CoreInst = "Adder">   --->   Core 1 'Adder' <Latency = 0> <II = 1> <Delay = 1.45> <FuncUnit> <Opcode : 'add' 'sub'> <InPorts = 2> <OutPorts = 1>
ST_4 : Operation 1504 [1/1] (0.00ns)   --->   "%sext_ln58_294 = sext i25 %add_ln58_531" [firmware/nnet_utils/nnet_dense_latency.h:58]   --->   Operation 1504 'sext' 'sext_ln58_294' <Predicate = true> <Delay = 0.00>
ST_4 : Operation 1505 [1/1] (1.45ns)   --->   "%add_ln58_532 = add i26 %sext_ln58_294, i26 %sext_ln58_293" [firmware/nnet_utils/nnet_dense_latency.h:58]   --->   Operation 1505 'add' 'add_ln58_532' <Predicate = true> <Delay = 1.45> <CoreInst = "Adder">   --->   Core 1 'Adder' <Latency = 0> <II = 1> <Delay = 1.45> <FuncUnit> <Opcode : 'add' 'sub'> <InPorts = 2> <OutPorts = 1>
ST_4 : Operation 1506 [1/1] (1.45ns)   --->   "%add_ln58_535 = add i24 %mult_589, i24 %mult_628" [firmware/nnet_utils/nnet_dense_latency.h:58]   --->   Operation 1506 'add' 'add_ln58_535' <Predicate = true> <Delay = 1.45> <CoreInst = "Adder">   --->   Core 1 'Adder' <Latency = 0> <II = 1> <Delay = 1.45> <FuncUnit> <Opcode : 'add' 'sub'> <InPorts = 2> <OutPorts = 1>
ST_4 : Operation 1507 [1/1] (1.45ns)   --->   "%add_ln58_537 = add i24 %mult_637, i24 %sext_ln17_49" [firmware/nnet_utils/nnet_dense_latency.h:58]   --->   Operation 1507 'add' 'add_ln58_537' <Predicate = true> <Delay = 1.45> <CoreInst = "Adder">   --->   Core 1 'Adder' <Latency = 0> <II = 1> <Delay = 1.45> <FuncUnit> <Opcode : 'add' 'sub'> <InPorts = 2> <OutPorts = 1>
ST_4 : Operation 1508 [1/1] (0.00ns)   --->   "%sext_ln58_298 = sext i24 %add_ln58_537" [firmware/nnet_utils/nnet_dense_latency.h:58]   --->   Operation 1508 'sext' 'sext_ln58_298' <Predicate = true> <Delay = 0.00>
ST_4 : Operation 1509 [1/1] (0.00ns)   --->   "%sext_ln58_299 = sext i22 %add_ln58_538" [firmware/nnet_utils/nnet_dense_latency.h:58]   --->   Operation 1509 'sext' 'sext_ln58_299' <Predicate = true> <Delay = 0.00>
ST_4 : Operation 1510 [1/1] (1.44ns)   --->   "%add_ln58_539 = add i23 %sext_ln58_299, i23 %mult_618" [firmware/nnet_utils/nnet_dense_latency.h:58]   --->   Operation 1510 'add' 'add_ln58_539' <Predicate = true> <Delay = 1.44> <CoreInst = "Adder">   --->   Core 1 'Adder' <Latency = 0> <II = 1> <Delay = 1.44> <FuncUnit> <Opcode : 'add' 'sub'> <InPorts = 2> <OutPorts = 1>
ST_4 : Operation 1511 [1/1] (0.00ns)   --->   "%sext_ln58_300 = sext i23 %add_ln58_539" [firmware/nnet_utils/nnet_dense_latency.h:58]   --->   Operation 1511 'sext' 'sext_ln58_300' <Predicate = true> <Delay = 0.00>
ST_4 : Operation 1512 [1/1] (1.45ns)   --->   "%add_ln58_540 = add i25 %sext_ln58_300, i25 %sext_ln58_298" [firmware/nnet_utils/nnet_dense_latency.h:58]   --->   Operation 1512 'add' 'add_ln58_540' <Predicate = true> <Delay = 1.45> <CoreInst = "Adder">   --->   Core 1 'Adder' <Latency = 0> <II = 1> <Delay = 1.45> <FuncUnit> <Opcode : 'add' 'sub'> <InPorts = 2> <OutPorts = 1>
ST_4 : Operation 1513 [1/1] (1.03ns) (root node of TernaryAdder)   --->   "%add_ln58_552 = add i24 %mult_671, i24 %mult_691" [firmware/nnet_utils/nnet_dense_latency.h:58]   --->   Operation 1513 'add' 'add_ln58_552' <Predicate = true> <Delay = 1.03> <CoreInst = "TAddSub">   --->   Core 10 'TAddSub' <Latency = 0> <II = 1> <Delay = 0.53> <IPBlock> <Opcode : '' 'add' 'sub'> <InPorts = 3> <OutPorts = 1> <Sync> <CReg>
ST_4 : Operation 1514 [1/1] (0.00ns)   --->   "%sext_ln58_309 = sext i24 %add_ln58_552" [firmware/nnet_utils/nnet_dense_latency.h:58]   --->   Operation 1514 'sext' 'sext_ln58_309' <Predicate = true> <Delay = 0.00>
ST_4 : Operation 1515 [1/1] (1.44ns)   --->   "%add_ln58_553 = add i23 %mult_612, i23 %mult_622" [firmware/nnet_utils/nnet_dense_latency.h:58]   --->   Operation 1515 'add' 'add_ln58_553' <Predicate = true> <Delay = 1.44> <CoreInst = "Adder">   --->   Core 1 'Adder' <Latency = 0> <II = 1> <Delay = 1.44> <FuncUnit> <Opcode : 'add' 'sub'> <InPorts = 2> <OutPorts = 1>
ST_4 : Operation 1516 [1/1] (0.00ns)   --->   "%sext_ln58_310 = sext i23 %add_ln58_553" [firmware/nnet_utils/nnet_dense_latency.h:58]   --->   Operation 1516 'sext' 'sext_ln58_310' <Predicate = true> <Delay = 0.00>
ST_4 : Operation 1517 [1/1] (1.45ns)   --->   "%add_ln58_554 = add i25 %sext_ln58_310, i25 %sext_ln58_309" [firmware/nnet_utils/nnet_dense_latency.h:58]   --->   Operation 1517 'add' 'add_ln58_554' <Predicate = true> <Delay = 1.45> <CoreInst = "Adder">   --->   Core 1 'Adder' <Latency = 0> <II = 1> <Delay = 1.45> <FuncUnit> <Opcode : 'add' 'sub'> <InPorts = 2> <OutPorts = 1>
ST_4 : Operation 1518 [1/1] (1.45ns)   --->   "%add_ln58_558 = add i25 %mult_603, i25 %mult_623" [firmware/nnet_utils/nnet_dense_latency.h:58]   --->   Operation 1518 'add' 'add_ln58_558' <Predicate = true> <Delay = 1.45> <CoreInst = "Adder">   --->   Core 1 'Adder' <Latency = 0> <II = 1> <Delay = 1.45> <FuncUnit> <Opcode : 'add' 'sub'> <InPorts = 2> <OutPorts = 1>
ST_4 : Operation 1519 [1/1] (0.00ns)   --->   "%sext_ln58_313 = sext i25 %add_ln58_558" [firmware/nnet_utils/nnet_dense_latency.h:58]   --->   Operation 1519 'sext' 'sext_ln58_313' <Predicate = true> <Delay = 0.00>
ST_4 : Operation 1520 [1/1] (1.45ns)   --->   "%add_ln58_559 = add i26 %sext_ln58_313, i26 %sext_ln17_56" [firmware/nnet_utils/nnet_dense_latency.h:58]   --->   Operation 1520 'add' 'add_ln58_559' <Predicate = true> <Delay = 1.45> <CoreInst = "Adder">   --->   Core 1 'Adder' <Latency = 0> <II = 1> <Delay = 1.45> <FuncUnit> <Opcode : 'add' 'sub'> <InPorts = 2> <OutPorts = 1>
ST_4 : Operation 1521 [1/1] (0.00ns) (grouped into TernaryAdder)   --->   "%add_ln58_562 = add i24 %mult_594, i24 %mult_613" [firmware/nnet_utils/nnet_dense_latency.h:58]   --->   Operation 1521 'add' 'add_ln58_562' <Predicate = true> <Delay = 0.00> <CoreInst = "TAddSub">   --->   Core 10 'TAddSub' <Latency = 0> <II = 1> <Delay = 0.53> <IPBlock> <Opcode : '' 'add' 'sub'> <InPorts = 3> <OutPorts = 1> <Sync> <CReg>
ST_4 : Operation 1522 [1/1] (1.03ns) (root node of TernaryAdder)   --->   "%add_ln58_563 = add i24 %add_ln58_562, i24 %mult_557" [firmware/nnet_utils/nnet_dense_latency.h:58]   --->   Operation 1522 'add' 'add_ln58_563' <Predicate = true> <Delay = 1.03> <CoreInst = "TAddSub">   --->   Core 10 'TAddSub' <Latency = 0> <II = 1> <Delay = 0.53> <IPBlock> <Opcode : '' 'add' 'sub'> <InPorts = 3> <OutPorts = 1> <Sync> <CReg>
ST_4 : Operation 1523 [1/1] (1.03ns) (root node of TernaryAdder)   --->   "%add_ln58_566 = add i24 %mult_632, i24 %mult_642" [firmware/nnet_utils/nnet_dense_latency.h:58]   --->   Operation 1523 'add' 'add_ln58_566' <Predicate = true> <Delay = 1.03> <CoreInst = "TAddSub">   --->   Core 10 'TAddSub' <Latency = 0> <II = 1> <Delay = 0.53> <IPBlock> <Opcode : '' 'add' 'sub'> <InPorts = 3> <OutPorts = 1> <Sync> <CReg>
ST_4 : Operation 1524 [1/1] (1.45ns)   --->   "%add_ln58_567 = add i24 %mult_672, i24 %mult_692" [firmware/nnet_utils/nnet_dense_latency.h:58]   --->   Operation 1524 'add' 'add_ln58_567' <Predicate = true> <Delay = 1.45> <CoreInst = "Adder">   --->   Core 1 'Adder' <Latency = 0> <II = 1> <Delay = 1.45> <FuncUnit> <Opcode : 'add' 'sub'> <InPorts = 2> <OutPorts = 1>
ST_4 : Operation 1525 [1/1] (1.44ns)   --->   "%add_ln58_570 = add i22 %mul_ln17_23, i22 %mult_575" [firmware/nnet_utils/nnet_dense_latency.h:58]   --->   Operation 1525 'add' 'add_ln58_570' <Predicate = true> <Delay = 1.44> <CoreInst = "Adder">   --->   Core 1 'Adder' <Latency = 0> <II = 1> <Delay = 1.44> <FuncUnit> <Opcode : 'add' 'sub'> <InPorts = 2> <OutPorts = 1>
ST_4 : Operation 1526 [1/1] (0.00ns)   --->   "%sext_ln58_321 = sext i22 %add_ln58_570" [firmware/nnet_utils/nnet_dense_latency.h:58]   --->   Operation 1526 'sext' 'sext_ln58_321' <Predicate = true> <Delay = 0.00>
ST_4 : Operation 1527 [1/1] (1.44ns)   --->   "%add_ln58_571 = add i23 %sext_ln58_321, i23 %mult_548" [firmware/nnet_utils/nnet_dense_latency.h:58]   --->   Operation 1527 'add' 'add_ln58_571' <Predicate = true> <Delay = 1.44> <CoreInst = "Adder">   --->   Core 1 'Adder' <Latency = 0> <II = 1> <Delay = 1.44> <FuncUnit> <Opcode : 'add' 'sub'> <InPorts = 2> <OutPorts = 1>
ST_4 : Operation 1528 [1/1] (0.00ns)   --->   "%sext_ln58_323 = sext i20 %shl_ln73_115" [firmware/nnet_utils/nnet_dense_latency.h:58]   --->   Operation 1528 'sext' 'sext_ln58_323' <Predicate = true> <Delay = 0.00>
ST_4 : Operation 1529 [1/1] (0.00ns)   --->   "%sext_ln58_324 = sext i21 %add_ln58_572" [firmware/nnet_utils/nnet_dense_latency.h:58]   --->   Operation 1529 'sext' 'sext_ln58_324' <Predicate = true> <Delay = 0.00>
ST_4 : Operation 1530 [1/1] (1.43ns)   --->   "%sub_ln58 = sub i22 %sext_ln58_324, i22 %sext_ln58_323" [firmware/nnet_utils/nnet_dense_latency.h:58]   --->   Operation 1530 'sub' 'sub_ln58' <Predicate = true> <Delay = 1.43> <CoreInst = "Adder">   --->   Core 1 'Adder' <Latency = 0> <II = 1> <Delay = 1.43> <FuncUnit> <Opcode : 'add' 'sub'> <InPorts = 2> <OutPorts = 1>
ST_4 : Operation 1531 [1/1] (1.45ns)   --->   "%add_ln58_581 = add i24 %mul_ln17_24, i24 %mult_573" [firmware/nnet_utils/nnet_dense_latency.h:58]   --->   Operation 1531 'add' 'add_ln58_581' <Predicate = true> <Delay = 1.45> <CoreInst = "Adder">   --->   Core 1 'Adder' <Latency = 0> <II = 1> <Delay = 1.45> <FuncUnit> <Opcode : 'add' 'sub'> <InPorts = 2> <OutPorts = 1>
ST_4 : Operation 1532 [1/1] (1.45ns)   --->   "%add_ln58_585 = add i24 %mult_582, i24 %mult_621" [firmware/nnet_utils/nnet_dense_latency.h:58]   --->   Operation 1532 'add' 'add_ln58_585' <Predicate = true> <Delay = 1.45> <CoreInst = "Adder">   --->   Core 1 'Adder' <Latency = 0> <II = 1> <Delay = 1.45> <FuncUnit> <Opcode : 'add' 'sub'> <InPorts = 2> <OutPorts = 1>
ST_4 : Operation 1533 [1/1] (0.00ns) (grouped into TernaryAdder)   --->   "%add_ln58_586 = add i24 %sext_ln17_65, i24 %sext_ln17_72" [firmware/nnet_utils/nnet_dense_latency.h:58]   --->   Operation 1533 'add' 'add_ln58_586' <Predicate = true> <Delay = 0.00> <CoreInst = "TAddSub">   --->   Core 10 'TAddSub' <Latency = 0> <II = 1> <Delay = 0.53> <IPBlock> <Opcode : '' 'add' 'sub'> <InPorts = 3> <OutPorts = 1> <Sync> <CReg>
ST_4 : Operation 1534 [1/1] (1.03ns) (root node of TernaryAdder)   --->   "%add_ln58_587 = add i24 %add_ln58_586, i24 %mult_690" [firmware/nnet_utils/nnet_dense_latency.h:58]   --->   Operation 1534 'add' 'add_ln58_587' <Predicate = true> <Delay = 1.03> <CoreInst = "TAddSub">   --->   Core 10 'TAddSub' <Latency = 0> <II = 1> <Delay = 0.53> <IPBlock> <Opcode : '' 'add' 'sub'> <InPorts = 3> <OutPorts = 1> <Sync> <CReg>
ST_4 : Operation 1535 [1/1] (1.44ns)   --->   "%add_ln58_589 = add i23 %mult_611, i23 %mult_719" [firmware/nnet_utils/nnet_dense_latency.h:58]   --->   Operation 1535 'add' 'add_ln58_589' <Predicate = true> <Delay = 1.44> <CoreInst = "Adder">   --->   Core 1 'Adder' <Latency = 0> <II = 1> <Delay = 1.44> <FuncUnit> <Opcode : 'add' 'sub'> <InPorts = 2> <OutPorts = 1>
ST_4 : Operation 1536 [1/1] (1.43ns)   --->   "%add_ln58_590 = add i21 %sext_ln42_1, i21 %sext_ln17_87" [firmware/nnet_utils/nnet_dense_latency.h:58]   --->   Operation 1536 'add' 'add_ln58_590' <Predicate = true> <Delay = 1.43> <CoreInst = "Adder">   --->   Core 1 'Adder' <Latency = 0> <II = 1> <Delay = 1.43> <FuncUnit> <Opcode : 'add' 'sub'> <InPorts = 2> <OutPorts = 1>
ST_4 : Operation 1537 [1/1] (0.00ns)   --->   "%sext_ln58_337 = sext i21 %add_ln58_590" [firmware/nnet_utils/nnet_dense_latency.h:58]   --->   Operation 1537 'sext' 'sext_ln58_337' <Predicate = true> <Delay = 0.00>
ST_4 : Operation 1538 [1/1] (1.43ns)   --->   "%add_ln58_591 = add i22 %sext_ln58_337, i22 %sext_ln17_97" [firmware/nnet_utils/nnet_dense_latency.h:58]   --->   Operation 1538 'add' 'add_ln58_591' <Predicate = true> <Delay = 1.43> <CoreInst = "Adder">   --->   Core 1 'Adder' <Latency = 0> <II = 1> <Delay = 1.43> <FuncUnit> <Opcode : 'add' 'sub'> <InPorts = 2> <OutPorts = 1>
ST_4 : Operation 1539 [1/1] (1.45ns)   --->   "%add_ln58_600 = add i24 %mult_579, i24 %mult_588" [firmware/nnet_utils/nnet_dense_latency.h:58]   --->   Operation 1539 'add' 'add_ln58_600' <Predicate = true> <Delay = 1.45> <CoreInst = "Adder">   --->   Core 1 'Adder' <Latency = 0> <II = 1> <Delay = 1.45> <FuncUnit> <Opcode : 'add' 'sub'> <InPorts = 2> <OutPorts = 1>
ST_4 : Operation 1540 [1/1] (0.00ns)   --->   "%sext_ln58_343 = sext i24 %add_ln58_600" [firmware/nnet_utils/nnet_dense_latency.h:58]   --->   Operation 1540 'sext' 'sext_ln58_343' <Predicate = true> <Delay = 0.00>
ST_4 : Operation 1541 [1/1] (1.45ns)   --->   "%add_ln58_601 = add i25 %sext_ln58_343, i25 %sext_ln17_66" [firmware/nnet_utils/nnet_dense_latency.h:58]   --->   Operation 1541 'add' 'add_ln58_601' <Predicate = true> <Delay = 1.45> <CoreInst = "Adder">   --->   Core 1 'Adder' <Latency = 0> <II = 1> <Delay = 1.45> <FuncUnit> <Opcode : 'add' 'sub'> <InPorts = 2> <OutPorts = 1>
ST_4 : Operation 1542 [1/1] (1.02ns) (root node of TernaryAdder)   --->   "%add_ln58_610 = add i21 %mult_666, i21 %sext_ln17_99" [firmware/nnet_utils/nnet_dense_latency.h:58]   --->   Operation 1542 'add' 'add_ln58_610' <Predicate = true> <Delay = 1.02> <CoreInst = "TAddSub">   --->   Core 10 'TAddSub' <Latency = 0> <II = 1> <Delay = 0.53> <IPBlock> <Opcode : '' 'add' 'sub'> <InPorts = 3> <OutPorts = 1> <Sync> <CReg>
ST_4 : Operation 1543 [1/1] (1.45ns)   --->   "%add_ln58_616 = add i25 %mult_615, i25 %mult_625" [firmware/nnet_utils/nnet_dense_latency.h:58]   --->   Operation 1543 'add' 'add_ln58_616' <Predicate = true> <Delay = 1.45> <CoreInst = "Adder">   --->   Core 1 'Adder' <Latency = 0> <II = 1> <Delay = 1.45> <FuncUnit> <Opcode : 'add' 'sub'> <InPorts = 2> <OutPorts = 1>
ST_4 : Operation 1544 [1/1] (1.02ns) (root node of TernaryAdder)   --->   "%add_ln58_628 = add i22 %mult_654, i22 %mult_664" [firmware/nnet_utils/nnet_dense_latency.h:58]   --->   Operation 1544 'add' 'add_ln58_628' <Predicate = true> <Delay = 1.02> <CoreInst = "TAddSub">   --->   Core 10 'TAddSub' <Latency = 0> <II = 1> <Delay = 0.53> <IPBlock> <Opcode : '' 'add' 'sub'> <InPorts = 3> <OutPorts = 1> <Sync> <CReg>
ST_4 : Operation 1545 [1/1] (0.00ns)   --->   "%sext_ln58_362 = sext i22 %add_ln58_628" [firmware/nnet_utils/nnet_dense_latency.h:58]   --->   Operation 1545 'sext' 'sext_ln58_362' <Predicate = true> <Delay = 0.00>
ST_4 : Operation 1546 [1/1] (1.44ns)   --->   "%add_ln58_629 = add i23 %sext_ln58_362, i23 %sext_ln17_73" [firmware/nnet_utils/nnet_dense_latency.h:58]   --->   Operation 1546 'add' 'add_ln58_629' <Predicate = true> <Delay = 1.44> <CoreInst = "Adder">   --->   Core 1 'Adder' <Latency = 0> <II = 1> <Delay = 1.44> <FuncUnit> <Opcode : 'add' 'sub'> <InPorts = 2> <OutPorts = 1>
ST_4 : Operation 1547 [1/1] (0.00ns) (grouped into TernaryAdder)   --->   "%add_ln58_630 = add i22 %sext_ln17_84, i22 %sext_ln17_96" [firmware/nnet_utils/nnet_dense_latency.h:58]   --->   Operation 1547 'add' 'add_ln58_630' <Predicate = true> <Delay = 0.00> <CoreInst = "TAddSub">   --->   Core 10 'TAddSub' <Latency = 0> <II = 1> <Delay = 0.53> <IPBlock> <Opcode : '' 'add' 'sub'> <InPorts = 3> <OutPorts = 1> <Sync> <CReg>
ST_4 : Operation 1548 [1/1] (1.02ns) (root node of TernaryAdder)   --->   "%add_ln58_631 = add i22 %add_ln58_630, i22 %mult_703" [firmware/nnet_utils/nnet_dense_latency.h:58]   --->   Operation 1548 'add' 'add_ln58_631' <Predicate = true> <Delay = 1.02> <CoreInst = "TAddSub">   --->   Core 10 'TAddSub' <Latency = 0> <II = 1> <Delay = 0.53> <IPBlock> <Opcode : '' 'add' 'sub'> <InPorts = 3> <OutPorts = 1> <Sync> <CReg>
ST_4 : Operation 1549 [1/1] (1.04ns) (root node of TernaryAdder)   --->   "%add_ln58_638 = add i25 %mult_568, i25 %mult_626" [firmware/nnet_utils/nnet_dense_latency.h:58]   --->   Operation 1549 'add' 'add_ln58_638' <Predicate = true> <Delay = 1.04> <CoreInst = "TAddSub">   --->   Core 10 'TAddSub' <Latency = 0> <II = 1> <Delay = 0.53> <IPBlock> <Opcode : '' 'add' 'sub'> <InPorts = 3> <OutPorts = 1> <Sync> <CReg>
ST_4 : Operation 1550 [1/1] (1.03ns) (root node of TernaryAdder)   --->   "%add_ln58_650 = add i24 %mult_695, i24 %mult_714" [firmware/nnet_utils/nnet_dense_latency.h:58]   --->   Operation 1550 'add' 'add_ln58_650' <Predicate = true> <Delay = 1.03> <CoreInst = "TAddSub">   --->   Core 10 'TAddSub' <Latency = 0> <II = 1> <Delay = 0.53> <IPBlock> <Opcode : '' 'add' 'sub'> <InPorts = 3> <OutPorts = 1> <Sync> <CReg>
ST_4 : Operation 1551 [1/1] (0.00ns)   --->   "%sext_ln58_376 = sext i24 %add_ln58_650" [firmware/nnet_utils/nnet_dense_latency.h:58]   --->   Operation 1551 'sext' 'sext_ln58_376' <Predicate = true> <Delay = 0.00>
ST_4 : Operation 1552 [1/1] (1.45ns)   --->   "%add_ln58_651 = add i24 %mult_724, i24 %mult_753" [firmware/nnet_utils/nnet_dense_latency.h:58]   --->   Operation 1552 'add' 'add_ln58_651' <Predicate = true> <Delay = 1.45> <CoreInst = "Adder">   --->   Core 1 'Adder' <Latency = 0> <II = 1> <Delay = 1.45> <FuncUnit> <Opcode : 'add' 'sub'> <InPorts = 2> <OutPorts = 1>
ST_4 : Operation 1553 [1/1] (0.00ns)   --->   "%sext_ln58_377 = sext i24 %add_ln58_651" [firmware/nnet_utils/nnet_dense_latency.h:58]   --->   Operation 1553 'sext' 'sext_ln58_377' <Predicate = true> <Delay = 0.00>
ST_4 : Operation 1554 [1/1] (1.45ns)   --->   "%add_ln58_652 = add i25 %sext_ln58_377, i25 %sext_ln58_376" [firmware/nnet_utils/nnet_dense_latency.h:58]   --->   Operation 1554 'add' 'add_ln58_652' <Predicate = true> <Delay = 1.45> <CoreInst = "Adder">   --->   Core 1 'Adder' <Latency = 0> <II = 1> <Delay = 1.45> <FuncUnit> <Opcode : 'add' 'sub'> <InPorts = 2> <OutPorts = 1>
ST_4 : Operation 1555 [1/1] (1.03ns) (root node of TernaryAdder)   --->   "%add_ln58_654 = add i23 %mult_616, i23 %mult_635" [firmware/nnet_utils/nnet_dense_latency.h:58]   --->   Operation 1555 'add' 'add_ln58_654' <Predicate = true> <Delay = 1.03> <CoreInst = "TAddSub">   --->   Core 10 'TAddSub' <Latency = 0> <II = 1> <Delay = 0.53> <IPBlock> <Opcode : '' 'add' 'sub'> <InPorts = 3> <OutPorts = 1> <Sync> <CReg>
ST_4 : Operation 1556 [1/1] (0.00ns)   --->   "%sext_ln58_380 = sext i23 %add_ln58_654" [firmware/nnet_utils/nnet_dense_latency.h:58]   --->   Operation 1556 'sext' 'sext_ln58_380' <Predicate = true> <Delay = 0.00>
ST_4 : Operation 1557 [1/1] (1.44ns)   --->   "%add_ln58_655 = add i24 %sext_ln58_380, i24 %sext_ln17_68" [firmware/nnet_utils/nnet_dense_latency.h:58]   --->   Operation 1557 'add' 'add_ln58_655' <Predicate = true> <Delay = 1.44> <CoreInst = "Adder">   --->   Core 1 'Adder' <Latency = 0> <II = 1> <Delay = 1.44> <FuncUnit> <Opcode : 'add' 'sub'> <InPorts = 2> <OutPorts = 1>
ST_4 : Operation 1558 [1/1] (1.43ns)   --->   "%add_ln58_657 = add i21 %mul_ln17_25, i21 %sext_ln17_77" [firmware/nnet_utils/nnet_dense_latency.h:58]   --->   Operation 1558 'add' 'add_ln58_657' <Predicate = true> <Delay = 1.43> <CoreInst = "Adder">   --->   Core 1 'Adder' <Latency = 0> <II = 1> <Delay = 1.43> <FuncUnit> <Opcode : 'add' 'sub'> <InPorts = 2> <OutPorts = 1>
ST_4 : Operation 1559 [1/1] (1.45ns)   --->   "%add_ln58_664 = add i25 %mult_630, i25 %mult_649" [firmware/nnet_utils/nnet_dense_latency.h:58]   --->   Operation 1559 'add' 'add_ln58_664' <Predicate = true> <Delay = 1.45> <CoreInst = "Adder">   --->   Core 1 'Adder' <Latency = 0> <II = 1> <Delay = 1.45> <FuncUnit> <Opcode : 'add' 'sub'> <InPorts = 2> <OutPorts = 1>
ST_4 : Operation 1560 [1/1] (1.01ns) (root node of TernaryAdder)   --->   "%add_ln58_680 = add i20 %mult_708, i20 %sext_ln17_92" [firmware/nnet_utils/nnet_dense_latency.h:58]   --->   Operation 1560 'add' 'add_ln58_680' <Predicate = true> <Delay = 1.01> <CoreInst = "TAddSub">   --->   Core 10 'TAddSub' <Latency = 0> <II = 1> <Delay = 0.53> <IPBlock> <Opcode : '' 'add' 'sub'> <InPorts = 3> <OutPorts = 1> <Sync> <CReg>
ST_4 : Operation 1561 [1/1] (1.45ns)   --->   "%add_ln58_700 = add i24 %mult_688, i24 %mult_707" [firmware/nnet_utils/nnet_dense_latency.h:58]   --->   Operation 1561 'add' 'add_ln58_700' <Predicate = true> <Delay = 1.45> <CoreInst = "Adder">   --->   Core 1 'Adder' <Latency = 0> <II = 1> <Delay = 1.45> <FuncUnit> <Opcode : 'add' 'sub'> <InPorts = 2> <OutPorts = 1>
ST_4 : Operation 1562 [1/1] (1.43ns)   --->   "%add_ln58_711 = add i21 %sext_ln17_156, i21 %sext_ln17_164" [firmware/nnet_utils/nnet_dense_latency.h:58]   --->   Operation 1562 'add' 'add_ln58_711' <Predicate = true> <Delay = 1.43> <CoreInst = "Adder">   --->   Core 1 'Adder' <Latency = 0> <II = 1> <Delay = 1.43> <FuncUnit> <Opcode : 'add' 'sub'> <InPorts = 2> <OutPorts = 1>
ST_4 : Operation 1563 [1/1] (1.42ns)   --->   "%sub_ln58_3 = sub i18 %sext_ln17_138, i18 %sext_ln73_337" [firmware/nnet_utils/nnet_dense_latency.h:58]   --->   Operation 1563 'sub' 'sub_ln58_3' <Predicate = true> <Delay = 1.42> <CoreInst = "Adder">   --->   Core 1 'Adder' <Latency = 0> <II = 1> <Delay = 1.42> <FuncUnit> <Opcode : 'add' 'sub'> <InPorts = 2> <OutPorts = 1>
ST_4 : Operation 1564 [1/1] (0.00ns)   --->   "%sext_ln58_502 = sext i18 %sub_ln58_3" [firmware/nnet_utils/nnet_dense_latency.h:58]   --->   Operation 1564 'sext' 'sext_ln58_502' <Predicate = true> <Delay = 0.00>
ST_4 : Operation 1565 [1/1] (1.01ns) (root node of TernaryAdder)   --->   "%add_ln58_812 = add i20 %sext_ln58_502, i20 %mult_677" [firmware/nnet_utils/nnet_dense_latency.h:58]   --->   Operation 1565 'add' 'add_ln58_812' <Predicate = true> <Delay = 1.01> <CoreInst = "TAddSub">   --->   Core 10 'TAddSub' <Latency = 0> <II = 1> <Delay = 0.53> <IPBlock> <Opcode : '' 'add' 'sub'> <InPorts = 3> <OutPorts = 1> <Sync> <CReg>
ST_4 : Operation 1566 [1/1] (1.45ns)   --->   "%add_ln58_930 = add i25 %mult_464, i25 %mult_520" [firmware/nnet_utils/nnet_dense_latency.h:58]   --->   Operation 1566 'add' 'add_ln58_930' <Predicate = true> <Delay = 1.45> <CoreInst = "Adder">   --->   Core 1 'Adder' <Latency = 0> <II = 1> <Delay = 1.45> <FuncUnit> <Opcode : 'add' 'sub'> <InPorts = 2> <OutPorts = 1>
ST_4 : Operation 1567 [1/1] (0.00ns) (grouped into TernaryAdder)   --->   "%add_ln58_932 = add i25 %mult_540, i25 %mult_585" [firmware/nnet_utils/nnet_dense_latency.h:58]   --->   Operation 1567 'add' 'add_ln58_932' <Predicate = true> <Delay = 0.00> <CoreInst = "TAddSub">   --->   Core 10 'TAddSub' <Latency = 0> <II = 1> <Delay = 0.53> <IPBlock> <Opcode : '' 'add' 'sub'> <InPorts = 3> <OutPorts = 1> <Sync> <CReg>
ST_4 : Operation 1568 [1/1] (1.44ns)   --->   "%add_ln58_933 = add i23 %mul_ln17_19, i23 %mult_473" [firmware/nnet_utils/nnet_dense_latency.h:58]   --->   Operation 1568 'add' 'add_ln58_933' <Predicate = true> <Delay = 1.44> <CoreInst = "Adder">   --->   Core 1 'Adder' <Latency = 0> <II = 1> <Delay = 1.44> <FuncUnit> <Opcode : 'add' 'sub'> <InPorts = 2> <OutPorts = 1>
ST_4 : Operation 1569 [1/1] (0.00ns)   --->   "%sext_ln58_596 = sext i23 %add_ln58_933" [firmware/nnet_utils/nnet_dense_latency.h:58]   --->   Operation 1569 'sext' 'sext_ln58_596' <Predicate = true> <Delay = 0.00>
ST_4 : Operation 1570 [1/1] (1.04ns) (root node of TernaryAdder)   --->   "%add_ln58_934 = add i25 %sext_ln58_596, i25 %add_ln58_932" [firmware/nnet_utils/nnet_dense_latency.h:58]   --->   Operation 1570 'add' 'add_ln58_934' <Predicate = true> <Delay = 1.04> <CoreInst = "TAddSub">   --->   Core 10 'TAddSub' <Latency = 0> <II = 1> <Delay = 0.53> <IPBlock> <Opcode : '' 'add' 'sub'> <InPorts = 3> <OutPorts = 1> <Sync> <CReg>
ST_4 : Operation 1571 [1/1] (1.03ns) (root node of TernaryAdder)   --->   "%add_ln58_936 = add i23 %mult_483, i23 %mult_502" [firmware/nnet_utils/nnet_dense_latency.h:58]   --->   Operation 1571 'add' 'add_ln58_936' <Predicate = true> <Delay = 1.03> <CoreInst = "TAddSub">   --->   Core 10 'TAddSub' <Latency = 0> <II = 1> <Delay = 0.53> <IPBlock> <Opcode : '' 'add' 'sub'> <InPorts = 3> <OutPorts = 1> <Sync> <CReg>
ST_4 : Operation 1572 [1/1] (0.00ns)   --->   "%sext_ln58_598 = sext i23 %add_ln58_936" [firmware/nnet_utils/nnet_dense_latency.h:58]   --->   Operation 1572 'sext' 'sext_ln58_598' <Predicate = true> <Delay = 0.00>
ST_4 : Operation 1573 [1/1] (0.00ns)   --->   "%sext_ln58_599 = sext i23 %add_ln58_937" [firmware/nnet_utils/nnet_dense_latency.h:58]   --->   Operation 1573 'sext' 'sext_ln58_599' <Predicate = true> <Delay = 0.00>
ST_4 : Operation 1574 [1/1] (1.44ns)   --->   "%add_ln58_938 = add i24 %sext_ln58_599, i24 %sext_ln58_598" [firmware/nnet_utils/nnet_dense_latency.h:58]   --->   Operation 1574 'add' 'add_ln58_938' <Predicate = true> <Delay = 1.44> <CoreInst = "Adder">   --->   Core 1 'Adder' <Latency = 0> <II = 1> <Delay = 1.44> <FuncUnit> <Opcode : 'add' 'sub'> <InPorts = 2> <OutPorts = 1>
ST_4 : Operation 1575 [1/1] (0.00ns) (grouped into TernaryAdder)   --->   "%add_ln58_956 = add i23 %mult_624, i23 %mult_653" [firmware/nnet_utils/nnet_dense_latency.h:58]   --->   Operation 1575 'add' 'add_ln58_956' <Predicate = true> <Delay = 0.00> <CoreInst = "TAddSub">   --->   Core 10 'TAddSub' <Latency = 0> <II = 1> <Delay = 0.53> <IPBlock> <Opcode : '' 'add' 'sub'> <InPorts = 3> <OutPorts = 1> <Sync> <CReg>
ST_4 : Operation 1576 [1/1] (1.03ns) (root node of TernaryAdder)   --->   "%add_ln58_957 = add i23 %add_ln58_956, i23 %mult_595" [firmware/nnet_utils/nnet_dense_latency.h:58]   --->   Operation 1576 'add' 'add_ln58_957' <Predicate = true> <Delay = 1.03> <CoreInst = "TAddSub">   --->   Core 10 'TAddSub' <Latency = 0> <II = 1> <Delay = 0.53> <IPBlock> <Opcode : '' 'add' 'sub'> <InPorts = 3> <OutPorts = 1> <Sync> <CReg>
ST_4 : Operation 1577 [1/1] (0.00ns) (grouped into TernaryAdder)   --->   "%add_ln58_961 = add i22 %sext_ln17_85, i22 %sext_ln17_120" [firmware/nnet_utils/nnet_dense_latency.h:58]   --->   Operation 1577 'add' 'add_ln58_961' <Predicate = true> <Delay = 0.00> <CoreInst = "TAddSub">   --->   Core 10 'TAddSub' <Latency = 0> <II = 1> <Delay = 0.53> <IPBlock> <Opcode : '' 'add' 'sub'> <InPorts = 3> <OutPorts = 1> <Sync> <CReg>
ST_4 : Operation 1578 [1/1] (1.02ns) (root node of TernaryAdder)   --->   "%add_ln58_962 = add i22 %add_ln58_961, i22 %mult_791" [firmware/nnet_utils/nnet_dense_latency.h:58]   --->   Operation 1578 'add' 'add_ln58_962' <Predicate = true> <Delay = 1.02> <CoreInst = "TAddSub">   --->   Core 10 'TAddSub' <Latency = 0> <II = 1> <Delay = 0.53> <IPBlock> <Opcode : '' 'add' 'sub'> <InPorts = 3> <OutPorts = 1> <Sync> <CReg>
ST_4 : Operation 1579 [1/1] (0.00ns)   --->   "%sext_ln58_617 = sext i20 %add_ln58_963" [firmware/nnet_utils/nnet_dense_latency.h:58]   --->   Operation 1579 'sext' 'sext_ln58_617' <Predicate = true> <Delay = 0.00>
ST_4 : Operation 1580 [1/1] (1.43ns)   --->   "%add_ln58_964 = add i20 %sext_ln17_109, i20 %sext_ln17_132" [firmware/nnet_utils/nnet_dense_latency.h:58]   --->   Operation 1580 'add' 'add_ln58_964' <Predicate = true> <Delay = 1.43> <CoreInst = "Adder">   --->   Core 1 'Adder' <Latency = 0> <II = 1> <Delay = 1.43> <FuncUnit> <Opcode : 'add' 'sub'> <InPorts = 2> <OutPorts = 1>
ST_4 : Operation 1581 [1/1] (0.00ns)   --->   "%sext_ln58_618 = sext i20 %add_ln58_964" [firmware/nnet_utils/nnet_dense_latency.h:58]   --->   Operation 1581 'sext' 'sext_ln58_618' <Predicate = true> <Delay = 0.00>
ST_4 : Operation 1582 [1/1] (1.43ns)   --->   "%add_ln58_965 = add i21 %sext_ln58_618, i21 %sext_ln58_617" [firmware/nnet_utils/nnet_dense_latency.h:58]   --->   Operation 1582 'add' 'add_ln58_965' <Predicate = true> <Delay = 1.43> <CoreInst = "Adder">   --->   Core 1 'Adder' <Latency = 0> <II = 1> <Delay = 1.43> <FuncUnit> <Opcode : 'add' 'sub'> <InPorts = 2> <OutPorts = 1>
ST_4 : Operation 1583 [1/1] (0.00ns) (grouped into TernaryAdder)   --->   "%add_ln58_986 = add i23 %sext_ln17_149, i23 %sext_ln17_155" [firmware/nnet_utils/nnet_dense_latency.h:58]   --->   Operation 1583 'add' 'add_ln58_986' <Predicate = true> <Delay = 0.00> <CoreInst = "TAddSub">   --->   Core 10 'TAddSub' <Latency = 0> <II = 1> <Delay = 0.53> <IPBlock> <Opcode : '' 'add' 'sub'> <InPorts = 3> <OutPorts = 1> <Sync> <CReg>
ST_4 : Operation 1584 [1/1] (1.03ns) (root node of TernaryAdder)   --->   "%add_ln58_987 = add i23 %add_ln58_986, i23 %sext_ln17_140" [firmware/nnet_utils/nnet_dense_latency.h:58]   --->   Operation 1584 'add' 'add_ln58_987' <Predicate = true> <Delay = 1.03> <CoreInst = "TAddSub">   --->   Core 10 'TAddSub' <Latency = 0> <II = 1> <Delay = 0.53> <IPBlock> <Opcode : '' 'add' 'sub'> <InPorts = 3> <OutPorts = 1> <Sync> <CReg>
ST_4 : Operation 1585 [1/1] (1.43ns)   --->   "%sub_ln58_7 = sub i21 %sext_ln17_125, i21 %sext_ln73_412" [firmware/nnet_utils/nnet_dense_latency.h:58]   --->   Operation 1585 'sub' 'sub_ln58_7' <Predicate = true> <Delay = 1.43> <CoreInst = "Adder">   --->   Core 1 'Adder' <Latency = 0> <II = 1> <Delay = 1.43> <FuncUnit> <Opcode : 'add' 'sub'> <InPorts = 2> <OutPorts = 1>
ST_4 : Operation 1586 [1/1] (0.00ns)   --->   "%sext_ln58_663 = sext i21 %sub_ln58_7" [firmware/nnet_utils/nnet_dense_latency.h:58]   --->   Operation 1586 'sext' 'sext_ln58_663' <Predicate = true> <Delay = 0.00>
ST_4 : Operation 1587 [1/1] (1.43ns)   --->   "%add_ln58_1019 = add i22 %sext_ln58_663, i22 %sext_ln17_150" [firmware/nnet_utils/nnet_dense_latency.h:58]   --->   Operation 1587 'add' 'add_ln58_1019' <Predicate = true> <Delay = 1.43> <CoreInst = "Adder">   --->   Core 1 'Adder' <Latency = 0> <II = 1> <Delay = 1.43> <FuncUnit> <Opcode : 'add' 'sub'> <InPorts = 2> <OutPorts = 1>

State 5 <SV = 4> <Delay = 3.58>
ST_5 : Operation 1588 [1/1] (0.00ns)   --->   "%sext_ln17_32 = sext i25 %mult_480" [firmware/nnet_utils/nnet_dense_latency.h:17]   --->   Operation 1588 'sext' 'sext_ln17_32' <Predicate = true> <Delay = 0.00>
ST_5 : Operation 1589 [1/1] (0.00ns)   --->   "%sext_ln17_41 = sext i25 %mult_498" [firmware/nnet_utils/nnet_dense_latency.h:17]   --->   Operation 1589 'sext' 'sext_ln17_41' <Predicate = true> <Delay = 0.00>
ST_5 : Operation 1590 [1/1] (0.00ns)   --->   "%sext_ln17_47 = sext i25 %mult_515" [firmware/nnet_utils/nnet_dense_latency.h:17]   --->   Operation 1590 'sext' 'sext_ln17_47' <Predicate = true> <Delay = 0.00>
ST_5 : Operation 1591 [1/1] (0.00ns)   --->   "%sext_ln17_58 = sext i24 %mult_543" [firmware/nnet_utils/nnet_dense_latency.h:17]   --->   Operation 1591 'sext' 'sext_ln17_58' <Predicate = true> <Delay = 0.00>
ST_5 : Operation 1592 [1/1] (0.00ns)   --->   "%sext_ln17_61 = sext i25 %mult_555" [firmware/nnet_utils/nnet_dense_latency.h:17]   --->   Operation 1592 'sext' 'sext_ln17_61' <Predicate = true> <Delay = 0.00>
ST_5 : Operation 1593 [1/1] (0.00ns)   --->   "%sext_ln17_63 = sext i25 %mult_560" [firmware/nnet_utils/nnet_dense_latency.h:17]   --->   Operation 1593 'sext' 'sext_ln17_63' <Predicate = true> <Delay = 0.00>
ST_5 : Operation 1594 [1/1] (0.00ns)   --->   "%sext_ln17_67 = sext i25 %mult_577" [firmware/nnet_utils/nnet_dense_latency.h:17]   --->   Operation 1594 'sext' 'sext_ln17_67' <Predicate = true> <Delay = 0.00>
ST_5 : Operation 1595 [1/1] (0.00ns)   --->   "%sext_ln17_70 = sext i26 %mult_584" [firmware/nnet_utils/nnet_dense_latency.h:17]   --->   Operation 1595 'sext' 'sext_ln17_70' <Predicate = true> <Delay = 0.00>
ST_5 : Operation 1596 [1/1] (0.00ns)   --->   "%sext_ln17_74 = sext i25 %mult_597" [firmware/nnet_utils/nnet_dense_latency.h:17]   --->   Operation 1596 'sext' 'sext_ln17_74' <Predicate = true> <Delay = 0.00>
ST_5 : Operation 1597 [1/1] (0.00ns)   --->   "%sext_ln17_75 = sext i25 %mult_600" [firmware/nnet_utils/nnet_dense_latency.h:17]   --->   Operation 1597 'sext' 'sext_ln17_75' <Predicate = true> <Delay = 0.00>
ST_5 : Operation 1598 [1/1] (0.00ns)   --->   "%sext_ln17_76 = sext i25 %mult_605" [firmware/nnet_utils/nnet_dense_latency.h:17]   --->   Operation 1598 'sext' 'sext_ln17_76' <Predicate = true> <Delay = 0.00>
ST_5 : Operation 1599 [1/1] (0.00ns)   --->   "%sext_ln17_78 = sext i21 %mult_607" [firmware/nnet_utils/nnet_dense_latency.h:17]   --->   Operation 1599 'sext' 'sext_ln17_78' <Predicate = true> <Delay = 0.00>
ST_5 : Operation 1600 [1/1] (0.00ns)   --->   "%sext_ln17_79 = sext i24 %mult_610" [firmware/nnet_utils/nnet_dense_latency.h:17]   --->   Operation 1600 'sext' 'sext_ln17_79' <Predicate = true> <Delay = 0.00>
ST_5 : Operation 1601 [1/1] (0.00ns)   --->   "%shl_ln73_129 = bitconcatenate i23 @_ssdm_op_BitConcatenate.i23.i16.i7, i16 %a_86, i7 0" [firmware/nnet_utils/nnet_mult.h:73->firmware/nnet_utils/nnet_dense_latency.h:42]   --->   Operation 1601 'bitconcatenate' 'shl_ln73_129' <Predicate = true> <Delay = 0.00>
ST_5 : Operation 1602 [1/1] (0.00ns)   --->   "%sext_ln73_277 = sext i23 %shl_ln73_129" [firmware/nnet_utils/nnet_mult.h:73->firmware/nnet_utils/nnet_dense_latency.h:42]   --->   Operation 1602 'sext' 'sext_ln73_277' <Predicate = true> <Delay = 0.00>
ST_5 : Operation 1603 [1/1] (0.00ns)   --->   "%shl_ln73_130 = bitconcatenate i20 @_ssdm_op_BitConcatenate.i20.i16.i4, i16 %a_86, i4 0" [firmware/nnet_utils/nnet_mult.h:73->firmware/nnet_utils/nnet_dense_latency.h:42]   --->   Operation 1603 'bitconcatenate' 'shl_ln73_130' <Predicate = true> <Delay = 0.00>
ST_5 : Operation 1604 [1/1] (0.00ns)   --->   "%sext_ln73_278 = sext i20 %shl_ln73_130" [firmware/nnet_utils/nnet_mult.h:73->firmware/nnet_utils/nnet_dense_latency.h:42]   --->   Operation 1604 'sext' 'sext_ln73_278' <Predicate = true> <Delay = 0.00>
ST_5 : Operation 1605 [1/1] (0.00ns) (grouped into TernaryAdder)   --->   "%mult_627 = sub i24 %sext_ln73_278, i24 %sext_ln73_277" [firmware/nnet_utils/nnet_mult.h:73->firmware/nnet_utils/nnet_dense_latency.h:42]   --->   Operation 1605 'sub' 'mult_627' <Predicate = true> <Delay = 0.00> <CoreInst = "TAddSub">   --->   Core 10 'TAddSub' <Latency = 0> <II = 1> <Delay = 0.53> <IPBlock> <Opcode : '' 'add' 'sub'> <InPorts = 3> <OutPorts = 1> <Sync> <CReg>
ST_5 : Operation 1606 [1/1] (0.00ns)   --->   "%shl_ln73_135 = bitconcatenate i23 @_ssdm_op_BitConcatenate.i23.i16.i7, i16 %a_88, i7 0" [firmware/nnet_utils/nnet_mult.h:73->firmware/nnet_utils/nnet_dense_latency.h:42]   --->   Operation 1606 'bitconcatenate' 'shl_ln73_135' <Predicate = true> <Delay = 0.00>
ST_5 : Operation 1607 [1/1] (0.00ns)   --->   "%sext_ln73_283 = sext i23 %shl_ln73_135" [firmware/nnet_utils/nnet_mult.h:73->firmware/nnet_utils/nnet_dense_latency.h:42]   --->   Operation 1607 'sext' 'sext_ln73_283' <Predicate = true> <Delay = 0.00>
ST_5 : Operation 1608 [1/1] (0.00ns)   --->   "%shl_ln73_136 = bitconcatenate i19 @_ssdm_op_BitConcatenate.i19.i16.i3, i16 %a_88, i3 0" [firmware/nnet_utils/nnet_mult.h:73->firmware/nnet_utils/nnet_dense_latency.h:42]   --->   Operation 1608 'bitconcatenate' 'shl_ln73_136' <Predicate = true> <Delay = 0.00>
ST_5 : Operation 1609 [1/1] (0.00ns)   --->   "%sext_ln73_284 = sext i19 %shl_ln73_136" [firmware/nnet_utils/nnet_mult.h:73->firmware/nnet_utils/nnet_dense_latency.h:42]   --->   Operation 1609 'sext' 'sext_ln73_284' <Predicate = true> <Delay = 0.00>
ST_5 : Operation 1610 [1/1] (0.00ns) (grouped into TernaryAdder)   --->   "%mult_639 = sub i24 %sext_ln73_283, i24 %sext_ln73_284" [firmware/nnet_utils/nnet_mult.h:73->firmware/nnet_utils/nnet_dense_latency.h:42]   --->   Operation 1610 'sub' 'mult_639' <Predicate = true> <Delay = 0.00> <CoreInst = "TAddSub">   --->   Core 10 'TAddSub' <Latency = 0> <II = 1> <Delay = 0.53> <IPBlock> <Opcode : '' 'add' 'sub'> <InPorts = 3> <OutPorts = 1> <Sync> <CReg>
ST_5 : Operation 1611 [1/1] (0.00ns)   --->   "%sext_ln17_88 = sext i24 %mult_652" [firmware/nnet_utils/nnet_dense_latency.h:17]   --->   Operation 1611 'sext' 'sext_ln17_88' <Predicate = true> <Delay = 0.00>
ST_5 : Operation 1612 [1/1] (0.00ns)   --->   "%sext_ln17_89 = sext i22 %mult_655" [firmware/nnet_utils/nnet_dense_latency.h:17]   --->   Operation 1612 'sext' 'sext_ln17_89' <Predicate = true> <Delay = 0.00>
ST_5 : Operation 1613 [1/1] (0.00ns)   --->   "%sext_ln17_90 = sext i24 %mult_656" [firmware/nnet_utils/nnet_dense_latency.h:17]   --->   Operation 1613 'sext' 'sext_ln17_90' <Predicate = true> <Delay = 0.00>
ST_5 : Operation 1614 [1/1] (3.57ns)   --->   "%mult_658 = mul i25 %sext_ln70_213, i25 211" [firmware/nnet_utils/nnet_mult.h:73->firmware/nnet_utils/nnet_dense_latency.h:42]   --->   Operation 1614 'mul' 'mult_658' <Predicate = true> <Delay = 3.57> <CoreInst = "Multiplier">   --->   Core 3 'Multiplier' <Latency = 0> <II = 1> <Delay = 3.57> <FuncUnit> <Opcode : 'mul'> <InPorts = 2> <OutPorts = 1>
ST_5 : Operation 1615 [1/1] (0.00ns)   --->   "%sext_ln17_93 = sext i24 %mult_665" [firmware/nnet_utils/nnet_dense_latency.h:17]   --->   Operation 1615 'sext' 'sext_ln17_93' <Predicate = true> <Delay = 0.00>
ST_5 : Operation 1616 [1/1] (3.57ns)   --->   "%mult_667 = mul i25 %sext_ln70_215, i25 33554206" [firmware/nnet_utils/nnet_mult.h:73->firmware/nnet_utils/nnet_dense_latency.h:42]   --->   Operation 1616 'mul' 'mult_667' <Predicate = true> <Delay = 3.57> <CoreInst = "Multiplier">   --->   Core 3 'Multiplier' <Latency = 0> <II = 1> <Delay = 3.57> <FuncUnit> <Opcode : 'mul'> <InPorts = 2> <OutPorts = 1>
ST_5 : Operation 1617 [1/1] (0.00ns)   --->   "%shl_ln73_147 = bitconcatenate i24 @_ssdm_op_BitConcatenate.i24.i16.i8, i16 %a_91, i8 0" [firmware/nnet_utils/nnet_mult.h:73->firmware/nnet_utils/nnet_dense_latency.h:42]   --->   Operation 1617 'bitconcatenate' 'shl_ln73_147' <Predicate = true> <Delay = 0.00>
ST_5 : Operation 1618 [1/1] (0.00ns)   --->   "%sext_ln73_295 = sext i24 %shl_ln73_147" [firmware/nnet_utils/nnet_mult.h:73->firmware/nnet_utils/nnet_dense_latency.h:42]   --->   Operation 1618 'sext' 'sext_ln73_295' <Predicate = true> <Delay = 0.00>
ST_5 : Operation 1619 [1/1] (0.00ns)   --->   "%shl_ln73_148 = bitconcatenate i22 @_ssdm_op_BitConcatenate.i22.i16.i6, i16 %a_91, i6 0" [firmware/nnet_utils/nnet_mult.h:73->firmware/nnet_utils/nnet_dense_latency.h:42]   --->   Operation 1619 'bitconcatenate' 'shl_ln73_148' <Predicate = true> <Delay = 0.00>
ST_5 : Operation 1620 [1/1] (0.00ns)   --->   "%sext_ln73_296 = sext i22 %shl_ln73_148" [firmware/nnet_utils/nnet_mult.h:73->firmware/nnet_utils/nnet_dense_latency.h:42]   --->   Operation 1620 'sext' 'sext_ln73_296' <Predicate = true> <Delay = 0.00>
ST_5 : Operation 1621 [1/1] (0.00ns)   --->   "%sext_ln73_297 = sext i22 %shl_ln73_148" [firmware/nnet_utils/nnet_mult.h:73->firmware/nnet_utils/nnet_dense_latency.h:42]   --->   Operation 1621 'sext' 'sext_ln73_297' <Predicate = true> <Delay = 0.00>
ST_5 : Operation 1622 [1/1] (0.00ns) (grouped into TernaryAdder)   --->   "%mult_670 = sub i25 %sext_ln73_297, i25 %sext_ln73_295" [firmware/nnet_utils/nnet_mult.h:73->firmware/nnet_utils/nnet_dense_latency.h:42]   --->   Operation 1622 'sub' 'mult_670' <Predicate = true> <Delay = 0.00> <CoreInst = "TAddSub">   --->   Core 10 'TAddSub' <Latency = 0> <II = 1> <Delay = 0.53> <IPBlock> <Opcode : '' 'add' 'sub'> <InPorts = 3> <OutPorts = 1> <Sync> <CReg>
ST_5 : Operation 1623 [1/1] (0.00ns)   --->   "%shl_ln73_151 = bitconcatenate i18 @_ssdm_op_BitConcatenate.i18.i16.i2, i16 %a_91, i2 0" [firmware/nnet_utils/nnet_mult.h:73->firmware/nnet_utils/nnet_dense_latency.h:42]   --->   Operation 1623 'bitconcatenate' 'shl_ln73_151' <Predicate = true> <Delay = 0.00>
ST_5 : Operation 1624 [1/1] (0.00ns)   --->   "%sext_ln73_301 = sext i18 %shl_ln73_151" [firmware/nnet_utils/nnet_mult.h:73->firmware/nnet_utils/nnet_dense_latency.h:42]   --->   Operation 1624 'sext' 'sext_ln73_301' <Predicate = true> <Delay = 0.00>
ST_5 : Operation 1625 [1/1] (1.44ns)   --->   "%mult_673 = sub i23 %sext_ln73_301, i23 %sext_ln73_296" [firmware/nnet_utils/nnet_mult.h:73->firmware/nnet_utils/nnet_dense_latency.h:42]   --->   Operation 1625 'sub' 'mult_673' <Predicate = true> <Delay = 1.44> <CoreInst = "Adder">   --->   Core 1 'Adder' <Latency = 0> <II = 1> <Delay = 1.44> <FuncUnit> <Opcode : 'add' 'sub'> <InPorts = 2> <OutPorts = 1>
ST_5 : Operation 1626 [1/1] (0.00ns)   --->   "%sext_ln17_95 = sext i23 %mult_673" [firmware/nnet_utils/nnet_dense_latency.h:17]   --->   Operation 1626 'sext' 'sext_ln17_95' <Predicate = true> <Delay = 0.00>
ST_5 : Operation 1627 [1/1] (0.00ns)   --->   "%sext_ln17_100 = sext i25 %mult_687" [firmware/nnet_utils/nnet_dense_latency.h:17]   --->   Operation 1627 'sext' 'sext_ln17_100' <Predicate = true> <Delay = 0.00>
ST_5 : Operation 1628 [1/1] (0.00ns)   --->   "%shl_ln73_156 = bitconcatenate i22 @_ssdm_op_BitConcatenate.i22.i16.i6, i16 %a_93, i6 0" [firmware/nnet_utils/nnet_mult.h:73->firmware/nnet_utils/nnet_dense_latency.h:42]   --->   Operation 1628 'bitconcatenate' 'shl_ln73_156' <Predicate = true> <Delay = 0.00>
ST_5 : Operation 1629 [1/1] (0.00ns)   --->   "%sext_ln73_305 = sext i22 %shl_ln73_156" [firmware/nnet_utils/nnet_mult.h:73->firmware/nnet_utils/nnet_dense_latency.h:42]   --->   Operation 1629 'sext' 'sext_ln73_305' <Predicate = true> <Delay = 0.00>
ST_5 : Operation 1630 [1/1] (0.00ns)   --->   "%sext_ln73_307 = sext i19 %shl_ln73_157" [firmware/nnet_utils/nnet_mult.h:73->firmware/nnet_utils/nnet_dense_latency.h:42]   --->   Operation 1630 'sext' 'sext_ln73_307' <Predicate = true> <Delay = 0.00>
ST_5 : Operation 1631 [1/1] (1.44ns)   --->   "%mult_693 = sub i23 %sext_ln73_305, i23 %sext_ln73_307" [firmware/nnet_utils/nnet_mult.h:73->firmware/nnet_utils/nnet_dense_latency.h:42]   --->   Operation 1631 'sub' 'mult_693' <Predicate = true> <Delay = 1.44> <CoreInst = "Adder">   --->   Core 1 'Adder' <Latency = 0> <II = 1> <Delay = 1.44> <FuncUnit> <Opcode : 'add' 'sub'> <InPorts = 2> <OutPorts = 1>
ST_5 : Operation 1632 [1/1] (0.00ns)   --->   "%sext_ln17_101 = sext i23 %mult_693" [firmware/nnet_utils/nnet_dense_latency.h:17]   --->   Operation 1632 'sext' 'sext_ln17_101' <Predicate = true> <Delay = 0.00>
ST_5 : Operation 1633 [1/1] (0.00ns)   --->   "%shl_ln73_158 = bitconcatenate i24 @_ssdm_op_BitConcatenate.i24.i16.i8, i16 %a_93, i8 0" [firmware/nnet_utils/nnet_mult.h:73->firmware/nnet_utils/nnet_dense_latency.h:42]   --->   Operation 1633 'bitconcatenate' 'shl_ln73_158' <Predicate = true> <Delay = 0.00>
ST_5 : Operation 1634 [1/1] (0.00ns)   --->   "%sext_ln73_308 = sext i24 %shl_ln73_158" [firmware/nnet_utils/nnet_mult.h:73->firmware/nnet_utils/nnet_dense_latency.h:42]   --->   Operation 1634 'sext' 'sext_ln73_308' <Predicate = true> <Delay = 0.00>
ST_5 : Operation 1635 [1/1] (0.00ns)   --->   "%shl_ln73_159 = bitconcatenate i20 @_ssdm_op_BitConcatenate.i20.i16.i4, i16 %a_93, i4 0" [firmware/nnet_utils/nnet_mult.h:73->firmware/nnet_utils/nnet_dense_latency.h:42]   --->   Operation 1635 'bitconcatenate' 'shl_ln73_159' <Predicate = true> <Delay = 0.00>
ST_5 : Operation 1636 [1/1] (0.00ns)   --->   "%sext_ln73_309 = sext i20 %shl_ln73_159" [firmware/nnet_utils/nnet_mult.h:73->firmware/nnet_utils/nnet_dense_latency.h:42]   --->   Operation 1636 'sext' 'sext_ln73_309' <Predicate = true> <Delay = 0.00>
ST_5 : Operation 1637 [1/1] (0.00ns) (grouped into TernaryAdder)   --->   "%mult_694 = sub i25 %sext_ln73_309, i25 %sext_ln73_308" [firmware/nnet_utils/nnet_mult.h:73->firmware/nnet_utils/nnet_dense_latency.h:42]   --->   Operation 1637 'sub' 'mult_694' <Predicate = true> <Delay = 0.00> <CoreInst = "TAddSub">   --->   Core 10 'TAddSub' <Latency = 0> <II = 1> <Delay = 0.53> <IPBlock> <Opcode : '' 'add' 'sub'> <InPorts = 3> <OutPorts = 1> <Sync> <CReg>
ST_5 : Operation 1638 [1/1] (0.00ns)   --->   "%sext_ln17_103 = sext i24 %mult_697" [firmware/nnet_utils/nnet_dense_latency.h:17]   --->   Operation 1638 'sext' 'sext_ln17_103' <Predicate = true> <Delay = 0.00>
ST_5 : Operation 1639 [1/1] (0.00ns)   --->   "%shl_ln73_161 = bitconcatenate i24 @_ssdm_op_BitConcatenate.i24.i16.i8, i16 %a_94, i8 0" [firmware/nnet_utils/nnet_mult.h:73->firmware/nnet_utils/nnet_dense_latency.h:42]   --->   Operation 1639 'bitconcatenate' 'shl_ln73_161' <Predicate = true> <Delay = 0.00>
ST_5 : Operation 1640 [1/1] (0.00ns)   --->   "%sext_ln73_311 = sext i24 %shl_ln73_161" [firmware/nnet_utils/nnet_mult.h:73->firmware/nnet_utils/nnet_dense_latency.h:42]   --->   Operation 1640 'sext' 'sext_ln73_311' <Predicate = true> <Delay = 0.00>
ST_5 : Operation 1641 [1/1] (0.00ns)   --->   "%shl_ln73_162 = bitconcatenate i21 @_ssdm_op_BitConcatenate.i21.i16.i5, i16 %a_94, i5 0" [firmware/nnet_utils/nnet_mult.h:73->firmware/nnet_utils/nnet_dense_latency.h:42]   --->   Operation 1641 'bitconcatenate' 'shl_ln73_162' <Predicate = true> <Delay = 0.00>
ST_5 : Operation 1642 [1/1] (0.00ns)   --->   "%sext_ln73_312 = sext i21 %shl_ln73_162" [firmware/nnet_utils/nnet_mult.h:73->firmware/nnet_utils/nnet_dense_latency.h:42]   --->   Operation 1642 'sext' 'sext_ln73_312' <Predicate = true> <Delay = 0.00>
ST_5 : Operation 1643 [1/1] (0.00ns) (grouped into TernaryAdder)   --->   "%mult_701 = sub i25 %sext_ln73_312, i25 %sext_ln73_311" [firmware/nnet_utils/nnet_mult.h:73->firmware/nnet_utils/nnet_dense_latency.h:42]   --->   Operation 1643 'sub' 'mult_701' <Predicate = true> <Delay = 0.00> <CoreInst = "TAddSub">   --->   Core 10 'TAddSub' <Latency = 0> <II = 1> <Delay = 0.53> <IPBlock> <Opcode : '' 'add' 'sub'> <InPorts = 3> <OutPorts = 1> <Sync> <CReg>
ST_5 : Operation 1644 [1/1] (0.00ns)   --->   "%sext_ln70_227 = sext i16 %a_95" [firmware/nnet_utils/nnet_mult.h:70->firmware/nnet_utils/nnet_dense_latency.h:42]   --->   Operation 1644 'sext' 'sext_ln70_227' <Predicate = true> <Delay = 0.00>
ST_5 : Operation 1645 [1/1] (0.00ns)   --->   "%shl_ln73_163 = bitconcatenate i20 @_ssdm_op_BitConcatenate.i20.i16.i4, i16 %a_95, i4 0" [firmware/nnet_utils/nnet_mult.h:73->firmware/nnet_utils/nnet_dense_latency.h:42]   --->   Operation 1645 'bitconcatenate' 'shl_ln73_163' <Predicate = true> <Delay = 0.00>
ST_5 : Operation 1646 [1/1] (0.00ns)   --->   "%sext_ln73_313 = sext i20 %shl_ln73_163" [firmware/nnet_utils/nnet_mult.h:73->firmware/nnet_utils/nnet_dense_latency.h:42]   --->   Operation 1646 'sext' 'sext_ln73_313' <Predicate = true> <Delay = 0.00>
ST_5 : Operation 1647 [1/1] (0.00ns)   --->   "%shl_ln73_164 = bitconcatenate i17 @_ssdm_op_BitConcatenate.i17.i16.i1, i16 %a_95, i1 0" [firmware/nnet_utils/nnet_mult.h:73->firmware/nnet_utils/nnet_dense_latency.h:42]   --->   Operation 1647 'bitconcatenate' 'shl_ln73_164' <Predicate = true> <Delay = 0.00>
ST_5 : Operation 1648 [1/1] (0.00ns)   --->   "%sext_ln73_314 = sext i17 %shl_ln73_164" [firmware/nnet_utils/nnet_mult.h:73->firmware/nnet_utils/nnet_dense_latency.h:42]   --->   Operation 1648 'sext' 'sext_ln73_314' <Predicate = true> <Delay = 0.00>
ST_5 : Operation 1649 [1/1] (1.43ns)   --->   "%mult_706 = sub i21 %sext_ln73_313, i21 %sext_ln73_314" [firmware/nnet_utils/nnet_mult.h:73->firmware/nnet_utils/nnet_dense_latency.h:42]   --->   Operation 1649 'sub' 'mult_706' <Predicate = true> <Delay = 1.43> <CoreInst = "Adder">   --->   Core 1 'Adder' <Latency = 0> <II = 1> <Delay = 1.43> <FuncUnit> <Opcode : 'add' 'sub'> <InPorts = 2> <OutPorts = 1>
ST_5 : Operation 1650 [1/1] (0.00ns)   --->   "%sext_ln17_104 = sext i21 %mult_706" [firmware/nnet_utils/nnet_dense_latency.h:17]   --->   Operation 1650 'sext' 'sext_ln17_104' <Predicate = true> <Delay = 0.00>
ST_5 : Operation 1651 [1/1] (3.57ns)   --->   "%mult_710 = mul i26 %sext_ln70_227, i26 67108589" [firmware/nnet_utils/nnet_mult.h:73->firmware/nnet_utils/nnet_dense_latency.h:42]   --->   Operation 1651 'mul' 'mult_710' <Predicate = true> <Delay = 3.57> <CoreInst = "Multiplier">   --->   Core 3 'Multiplier' <Latency = 0> <II = 1> <Delay = 3.57> <FuncUnit> <Opcode : 'mul'> <InPorts = 2> <OutPorts = 1>
ST_5 : Operation 1652 [1/1] (0.00ns)   --->   "%shl_ln73_166 = bitconcatenate i22 @_ssdm_op_BitConcatenate.i22.i16.i6, i16 %a_95, i6 0" [firmware/nnet_utils/nnet_mult.h:73->firmware/nnet_utils/nnet_dense_latency.h:42]   --->   Operation 1652 'bitconcatenate' 'shl_ln73_166' <Predicate = true> <Delay = 0.00>
ST_5 : Operation 1653 [1/1] (0.00ns)   --->   "%sext_ln73_316 = sext i22 %shl_ln73_166" [firmware/nnet_utils/nnet_mult.h:73->firmware/nnet_utils/nnet_dense_latency.h:42]   --->   Operation 1653 'sext' 'sext_ln73_316' <Predicate = true> <Delay = 0.00>
ST_5 : Operation 1654 [1/1] (0.00ns) (grouped into TernaryAdder)   --->   "%sub_ln73_92 = sub i23 0, i23 %sext_ln73_316" [firmware/nnet_utils/nnet_mult.h:73->firmware/nnet_utils/nnet_dense_latency.h:42]   --->   Operation 1654 'sub' 'sub_ln73_92' <Predicate = true> <Delay = 0.00> <CoreInst = "TAddSub">   --->   Core 10 'TAddSub' <Latency = 0> <II = 1> <Delay = 0.53> <IPBlock> <Opcode : '' 'add' 'sub'> <InPorts = 3> <OutPorts = 1> <Sync> <CReg>
ST_5 : Operation 1655 [1/1] (1.03ns) (root node of TernaryAdder)   --->   "%mult_712 = sub i23 %sub_ln73_92, i23 %sext_ln70_226" [firmware/nnet_utils/nnet_mult.h:73->firmware/nnet_utils/nnet_dense_latency.h:42]   --->   Operation 1655 'sub' 'mult_712' <Predicate = true> <Delay = 1.03> <CoreInst = "TAddSub">   --->   Core 10 'TAddSub' <Latency = 0> <II = 1> <Delay = 0.53> <IPBlock> <Opcode : '' 'add' 'sub'> <InPorts = 3> <OutPorts = 1> <Sync> <CReg>
ST_5 : Operation 1656 [1/1] (0.00ns)   --->   "%sext_ln17_106 = sext i23 %mult_712" [firmware/nnet_utils/nnet_dense_latency.h:17]   --->   Operation 1656 'sext' 'sext_ln17_106' <Predicate = true> <Delay = 0.00>
ST_5 : Operation 1657 [1/1] (0.00ns)   --->   "%shl_ln73_167 = bitconcatenate i18 @_ssdm_op_BitConcatenate.i18.i16.i2, i16 %a_95, i2 0" [firmware/nnet_utils/nnet_mult.h:73->firmware/nnet_utils/nnet_dense_latency.h:42]   --->   Operation 1657 'bitconcatenate' 'shl_ln73_167' <Predicate = true> <Delay = 0.00>
ST_5 : Operation 1658 [1/1] (0.00ns)   --->   "%sext_ln73_317 = sext i18 %shl_ln73_167" [firmware/nnet_utils/nnet_mult.h:73->firmware/nnet_utils/nnet_dense_latency.h:42]   --->   Operation 1658 'sext' 'sext_ln73_317' <Predicate = true> <Delay = 0.00>
ST_5 : Operation 1659 [1/1] (0.00ns) (grouped into TernaryAdder)   --->   "%mult_715 = sub i23 %sext_ln73_316, i23 %sext_ln73_317" [firmware/nnet_utils/nnet_mult.h:73->firmware/nnet_utils/nnet_dense_latency.h:42]   --->   Operation 1659 'sub' 'mult_715' <Predicate = true> <Delay = 0.00> <CoreInst = "TAddSub">   --->   Core 10 'TAddSub' <Latency = 0> <II = 1> <Delay = 0.53> <IPBlock> <Opcode : '' 'add' 'sub'> <InPorts = 3> <OutPorts = 1> <Sync> <CReg>
ST_5 : Operation 1660 [1/1] (0.00ns)   --->   "%sext_ln70_232 = sext i16 %a_96" [firmware/nnet_utils/nnet_mult.h:70->firmware/nnet_utils/nnet_dense_latency.h:42]   --->   Operation 1660 'sext' 'sext_ln70_232' <Predicate = true> <Delay = 0.00>
ST_5 : Operation 1661 [1/1] (0.00ns)   --->   "%sext_ln17_107 = sext i24 %mult_718" [firmware/nnet_utils/nnet_dense_latency.h:17]   --->   Operation 1661 'sext' 'sext_ln17_107' <Predicate = true> <Delay = 0.00>
ST_5 : Operation 1662 [1/1] (3.57ns)   --->   "%mult_720 = mul i26 %sext_ln70_232, i26 67108599" [firmware/nnet_utils/nnet_mult.h:73->firmware/nnet_utils/nnet_dense_latency.h:42]   --->   Operation 1662 'mul' 'mult_720' <Predicate = true> <Delay = 3.57> <CoreInst = "Multiplier">   --->   Core 3 'Multiplier' <Latency = 0> <II = 1> <Delay = 3.57> <FuncUnit> <Opcode : 'mul'> <InPorts = 2> <OutPorts = 1>
ST_5 : Operation 1663 [1/1] (0.00ns)   --->   "%sext_ln17_110 = sext i25 %mult_731" [firmware/nnet_utils/nnet_dense_latency.h:17]   --->   Operation 1663 'sext' 'sext_ln17_110' <Predicate = true> <Delay = 0.00>
ST_5 : Operation 1664 [1/1] (0.00ns)   --->   "%sext_ln70_240 = sext i16 %a_98" [firmware/nnet_utils/nnet_mult.h:70->firmware/nnet_utils/nnet_dense_latency.h:42]   --->   Operation 1664 'sext' 'sext_ln70_240' <Predicate = true> <Delay = 0.00>
ST_5 : Operation 1665 [1/1] (0.00ns)   --->   "%sext_ln17_111 = sext i23 %mult_738" [firmware/nnet_utils/nnet_dense_latency.h:17]   --->   Operation 1665 'sext' 'sext_ln17_111' <Predicate = true> <Delay = 0.00>
ST_5 : Operation 1666 [1/1] (0.00ns)   --->   "%shl_ln73_171 = bitconcatenate i21 @_ssdm_op_BitConcatenate.i21.i16.i5, i16 %a_98, i5 0" [firmware/nnet_utils/nnet_mult.h:73->firmware/nnet_utils/nnet_dense_latency.h:42]   --->   Operation 1666 'bitconcatenate' 'shl_ln73_171' <Predicate = true> <Delay = 0.00>
ST_5 : Operation 1667 [1/1] (0.00ns)   --->   "%sext_ln73_322 = sext i21 %shl_ln73_171" [firmware/nnet_utils/nnet_mult.h:73->firmware/nnet_utils/nnet_dense_latency.h:42]   --->   Operation 1667 'sext' 'sext_ln73_322' <Predicate = true> <Delay = 0.00>
ST_5 : Operation 1668 [1/1] (0.00ns) (grouped into TernaryAdder)   --->   "%mult_739 = add i22 %sext_ln73_322, i22 %sext_ln70_240" [firmware/nnet_utils/nnet_mult.h:73->firmware/nnet_utils/nnet_dense_latency.h:42]   --->   Operation 1668 'add' 'mult_739' <Predicate = true> <Delay = 0.00> <CoreInst = "TAddSub">   --->   Core 10 'TAddSub' <Latency = 0> <II = 1> <Delay = 0.53> <IPBlock> <Opcode : '' 'add' 'sub'> <InPorts = 3> <OutPorts = 1> <Sync> <CReg>
ST_5 : Operation 1669 [1/1] (0.00ns)   --->   "%shl_ln73_172 = bitconcatenate i20 @_ssdm_op_BitConcatenate.i20.i16.i4, i16 %a_99, i4 0" [firmware/nnet_utils/nnet_mult.h:73->firmware/nnet_utils/nnet_dense_latency.h:42]   --->   Operation 1669 'bitconcatenate' 'shl_ln73_172' <Predicate = true> <Delay = 0.00>
ST_5 : Operation 1670 [1/1] (0.00ns)   --->   "%sext_ln73_323 = sext i20 %shl_ln73_172" [firmware/nnet_utils/nnet_mult.h:73->firmware/nnet_utils/nnet_dense_latency.h:42]   --->   Operation 1670 'sext' 'sext_ln73_323' <Predicate = true> <Delay = 0.00>
ST_5 : Operation 1671 [1/1] (0.00ns)   --->   "%shl_ln73_173 = bitconcatenate i18 @_ssdm_op_BitConcatenate.i18.i16.i2, i16 %a_99, i2 0" [firmware/nnet_utils/nnet_mult.h:73->firmware/nnet_utils/nnet_dense_latency.h:42]   --->   Operation 1671 'bitconcatenate' 'shl_ln73_173' <Predicate = true> <Delay = 0.00>
ST_5 : Operation 1672 [1/1] (0.00ns)   --->   "%sext_ln73_324 = sext i18 %shl_ln73_173" [firmware/nnet_utils/nnet_mult.h:73->firmware/nnet_utils/nnet_dense_latency.h:42]   --->   Operation 1672 'sext' 'sext_ln73_324' <Predicate = true> <Delay = 0.00>
ST_5 : Operation 1673 [1/1] (0.00ns)   --->   "%sext_ln73_325 = sext i18 %shl_ln73_173" [firmware/nnet_utils/nnet_mult.h:73->firmware/nnet_utils/nnet_dense_latency.h:42]   --->   Operation 1673 'sext' 'sext_ln73_325' <Predicate = true> <Delay = 0.00>
ST_5 : Operation 1674 [1/1] (0.00ns) (grouped into TernaryAdder)   --->   "%mult_745 = sub i21 %sext_ln73_325, i21 %sext_ln73_323" [firmware/nnet_utils/nnet_mult.h:73->firmware/nnet_utils/nnet_dense_latency.h:42]   --->   Operation 1674 'sub' 'mult_745' <Predicate = true> <Delay = 0.00> <CoreInst = "TAddSub">   --->   Core 10 'TAddSub' <Latency = 0> <II = 1> <Delay = 0.53> <IPBlock> <Opcode : '' 'add' 'sub'> <InPorts = 3> <OutPorts = 1> <Sync> <CReg>
ST_5 : Operation 1675 [1/1] (0.00ns)   --->   "%sext_ln17_112 = sext i26 %mult_747" [firmware/nnet_utils/nnet_dense_latency.h:17]   --->   Operation 1675 'sext' 'sext_ln17_112' <Predicate = true> <Delay = 0.00>
ST_5 : Operation 1676 [1/1] (3.57ns)   --->   "%mult_748 = mul i25 %sext_ln70_247, i25 33554275" [firmware/nnet_utils/nnet_mult.h:73->firmware/nnet_utils/nnet_dense_latency.h:42]   --->   Operation 1676 'mul' 'mult_748' <Predicate = true> <Delay = 3.57> <CoreInst = "Multiplier">   --->   Core 3 'Multiplier' <Latency = 0> <II = 1> <Delay = 3.57> <FuncUnit> <Opcode : 'mul'> <InPorts = 2> <OutPorts = 1>
ST_5 : Operation 1677 [1/1] (0.00ns)   --->   "%shl_ln73_174 = bitconcatenate i23 @_ssdm_op_BitConcatenate.i23.i16.i7, i16 %a_99, i7 0" [firmware/nnet_utils/nnet_mult.h:73->firmware/nnet_utils/nnet_dense_latency.h:42]   --->   Operation 1677 'bitconcatenate' 'shl_ln73_174' <Predicate = true> <Delay = 0.00>
ST_5 : Operation 1678 [1/1] (0.00ns)   --->   "%sext_ln73_326 = sext i23 %shl_ln73_174" [firmware/nnet_utils/nnet_mult.h:73->firmware/nnet_utils/nnet_dense_latency.h:42]   --->   Operation 1678 'sext' 'sext_ln73_326' <Predicate = true> <Delay = 0.00>
ST_5 : Operation 1679 [1/1] (0.00ns) (grouped into TernaryAdder)   --->   "%mult_754 = sub i24 %sext_ln73_324, i24 %sext_ln73_326" [firmware/nnet_utils/nnet_mult.h:73->firmware/nnet_utils/nnet_dense_latency.h:42]   --->   Operation 1679 'sub' 'mult_754' <Predicate = true> <Delay = 0.00> <CoreInst = "TAddSub">   --->   Core 10 'TAddSub' <Latency = 0> <II = 1> <Delay = 0.53> <IPBlock> <Opcode : '' 'add' 'sub'> <InPorts = 3> <OutPorts = 1> <Sync> <CReg>
ST_5 : Operation 1680 [1/1] (0.00ns)   --->   "%sext_ln17_115 = sext i23 %mult_755" [firmware/nnet_utils/nnet_dense_latency.h:17]   --->   Operation 1680 'sext' 'sext_ln17_115' <Predicate = true> <Delay = 0.00>
ST_5 : Operation 1681 [1/1] (0.00ns)   --->   "%sext_ln17_116 = sext i22 %mult_756" [firmware/nnet_utils/nnet_dense_latency.h:17]   --->   Operation 1681 'sext' 'sext_ln17_116' <Predicate = true> <Delay = 0.00>
ST_5 : Operation 1682 [1/1] (3.57ns)   --->   "%mult_758 = mul i25 %sext_ln70_248, i25 172" [firmware/nnet_utils/nnet_mult.h:73->firmware/nnet_utils/nnet_dense_latency.h:42]   --->   Operation 1682 'mul' 'mult_758' <Predicate = true> <Delay = 3.57> <CoreInst = "Multiplier">   --->   Core 3 'Multiplier' <Latency = 0> <II = 1> <Delay = 3.57> <FuncUnit> <Opcode : 'mul'> <InPorts = 2> <OutPorts = 1>
ST_5 : Operation 1683 [1/1] (3.57ns)   --->   "%mult_764 = mul i25 %sext_ln70_248, i25 33554287" [firmware/nnet_utils/nnet_mult.h:73->firmware/nnet_utils/nnet_dense_latency.h:42]   --->   Operation 1683 'mul' 'mult_764' <Predicate = true> <Delay = 3.57> <CoreInst = "Multiplier">   --->   Core 3 'Multiplier' <Latency = 0> <II = 1> <Delay = 3.57> <FuncUnit> <Opcode : 'mul'> <InPorts = 2> <OutPorts = 1>
ST_5 : Operation 1684 [1/1] (0.00ns)   --->   "%sext_ln17_118 = sext i23 %mult_765" [firmware/nnet_utils/nnet_dense_latency.h:17]   --->   Operation 1684 'sext' 'sext_ln17_118' <Predicate = true> <Delay = 0.00>
ST_5 : Operation 1685 [1/1] (3.57ns)   --->   "%mult_768 = mul i25 %sext_ln70_251, i25 33554247" [firmware/nnet_utils/nnet_mult.h:73->firmware/nnet_utils/nnet_dense_latency.h:42]   --->   Operation 1685 'mul' 'mult_768' <Predicate = true> <Delay = 3.57> <CoreInst = "Multiplier">   --->   Core 3 'Multiplier' <Latency = 0> <II = 1> <Delay = 3.57> <FuncUnit> <Opcode : 'mul'> <InPorts = 2> <OutPorts = 1>
ST_5 : Operation 1686 [1/1] (0.00ns)   --->   "%sext_ln17_119 = sext i23 %mult_770" [firmware/nnet_utils/nnet_dense_latency.h:17]   --->   Operation 1686 'sext' 'sext_ln17_119' <Predicate = true> <Delay = 0.00>
ST_5 : Operation 1687 [1/1] (3.57ns)   --->   "%mult_772 = mul i25 %sext_ln70_251, i25 33554279" [firmware/nnet_utils/nnet_mult.h:73->firmware/nnet_utils/nnet_dense_latency.h:42]   --->   Operation 1687 'mul' 'mult_772' <Predicate = true> <Delay = 3.57> <CoreInst = "Multiplier">   --->   Core 3 'Multiplier' <Latency = 0> <II = 1> <Delay = 3.57> <FuncUnit> <Opcode : 'mul'> <InPorts = 2> <OutPorts = 1>
ST_5 : Operation 1688 [1/1] (0.00ns)   --->   "%shl_ln73_179 = bitconcatenate i24 @_ssdm_op_BitConcatenate.i24.i16.i8, i16 %a_101, i8 0" [firmware/nnet_utils/nnet_mult.h:73->firmware/nnet_utils/nnet_dense_latency.h:42]   --->   Operation 1688 'bitconcatenate' 'shl_ln73_179' <Predicate = true> <Delay = 0.00>
ST_5 : Operation 1689 [1/1] (0.00ns)   --->   "%sext_ln73_331 = sext i24 %shl_ln73_179" [firmware/nnet_utils/nnet_mult.h:73->firmware/nnet_utils/nnet_dense_latency.h:42]   --->   Operation 1689 'sext' 'sext_ln73_331' <Predicate = true> <Delay = 0.00>
ST_5 : Operation 1690 [1/1] (0.00ns)   --->   "%shl_ln73_180 = bitconcatenate i22 @_ssdm_op_BitConcatenate.i22.i16.i6, i16 %a_101, i6 0" [firmware/nnet_utils/nnet_mult.h:73->firmware/nnet_utils/nnet_dense_latency.h:42]   --->   Operation 1690 'bitconcatenate' 'shl_ln73_180' <Predicate = true> <Delay = 0.00>
ST_5 : Operation 1691 [1/1] (0.00ns)   --->   "%sext_ln73_332 = sext i22 %shl_ln73_180" [firmware/nnet_utils/nnet_mult.h:73->firmware/nnet_utils/nnet_dense_latency.h:42]   --->   Operation 1691 'sext' 'sext_ln73_332' <Predicate = true> <Delay = 0.00>
ST_5 : Operation 1692 [1/1] (1.45ns)   --->   "%mult_774 = sub i25 %sext_ln73_332, i25 %sext_ln73_331" [firmware/nnet_utils/nnet_mult.h:73->firmware/nnet_utils/nnet_dense_latency.h:42]   --->   Operation 1692 'sub' 'mult_774' <Predicate = true> <Delay = 1.45> <CoreInst = "Adder">   --->   Core 1 'Adder' <Latency = 0> <II = 1> <Delay = 1.45> <FuncUnit> <Opcode : 'add' 'sub'> <InPorts = 2> <OutPorts = 1>
ST_5 : Operation 1693 [1/1] (0.00ns)   --->   "%sext_ln17_122 = sext i25 %mult_774" [firmware/nnet_utils/nnet_dense_latency.h:17]   --->   Operation 1693 'sext' 'sext_ln17_122' <Predicate = true> <Delay = 0.00>
ST_5 : Operation 1694 [1/1] (0.00ns)   --->   "%sext_ln70_255 = sext i16 %a_102" [firmware/nnet_utils/nnet_mult.h:70->firmware/nnet_utils/nnet_dense_latency.h:42]   --->   Operation 1694 'sext' 'sext_ln70_255' <Predicate = true> <Delay = 0.00>
ST_5 : Operation 1695 [1/1] (0.00ns)   --->   "%sext_ln17_123 = sext i24 %mult_775" [firmware/nnet_utils/nnet_dense_latency.h:17]   --->   Operation 1695 'sext' 'sext_ln17_123' <Predicate = true> <Delay = 0.00>
ST_5 : Operation 1696 [1/1] (0.00ns)   --->   "%shl_ln73_181 = bitconcatenate i23 @_ssdm_op_BitConcatenate.i23.i16.i7, i16 %a_102, i7 0" [firmware/nnet_utils/nnet_mult.h:73->firmware/nnet_utils/nnet_dense_latency.h:42]   --->   Operation 1696 'bitconcatenate' 'shl_ln73_181' <Predicate = true> <Delay = 0.00>
ST_5 : Operation 1697 [1/1] (0.00ns)   --->   "%sext_ln73_333 = sext i23 %shl_ln73_181" [firmware/nnet_utils/nnet_mult.h:73->firmware/nnet_utils/nnet_dense_latency.h:42]   --->   Operation 1697 'sext' 'sext_ln73_333' <Predicate = true> <Delay = 0.00>
ST_5 : Operation 1698 [1/1] (0.00ns)   --->   "%mult_778 = bitconcatenate i17 @_ssdm_op_BitConcatenate.i17.i16.i1, i16 %a_102, i1 0" [firmware/nnet_utils/nnet_mult.h:73->firmware/nnet_utils/nnet_dense_latency.h:42]   --->   Operation 1698 'bitconcatenate' 'mult_778' <Predicate = true> <Delay = 0.00>
ST_5 : Operation 1699 [1/1] (0.00ns)   --->   "%sext_ln73_334 = sext i17 %mult_778" [firmware/nnet_utils/nnet_mult.h:73->firmware/nnet_utils/nnet_dense_latency.h:42]   --->   Operation 1699 'sext' 'sext_ln73_334' <Predicate = true> <Delay = 0.00>
ST_5 : Operation 1700 [1/1] (0.00ns) (grouped into TernaryAdder)   --->   "%mult_777 = add i24 %sext_ln73_333, i24 %sext_ln73_334" [firmware/nnet_utils/nnet_mult.h:73->firmware/nnet_utils/nnet_dense_latency.h:42]   --->   Operation 1700 'add' 'mult_777' <Predicate = true> <Delay = 0.00> <CoreInst = "TAddSub">   --->   Core 10 'TAddSub' <Latency = 0> <II = 1> <Delay = 0.53> <IPBlock> <Opcode : '' 'add' 'sub'> <InPorts = 3> <OutPorts = 1> <Sync> <CReg>
ST_5 : Operation 1701 [1/1] (0.00ns)   --->   "%sext_ln17_124 = sext i17 %mult_778" [firmware/nnet_utils/nnet_dense_latency.h:17]   --->   Operation 1701 'sext' 'sext_ln17_124' <Predicate = true> <Delay = 0.00>
ST_5 : Operation 1702 [1/1] (3.57ns)   --->   "%mult_779 = mul i26 %sext_ln70_255, i26 67108602" [firmware/nnet_utils/nnet_mult.h:73->firmware/nnet_utils/nnet_dense_latency.h:42]   --->   Operation 1702 'mul' 'mult_779' <Predicate = true> <Delay = 3.57> <CoreInst = "Multiplier">   --->   Core 3 'Multiplier' <Latency = 0> <II = 1> <Delay = 3.57> <FuncUnit> <Opcode : 'mul'> <InPorts = 2> <OutPorts = 1>
ST_5 : Operation 1703 [1/1] (0.00ns)   --->   "%sext_ln17_126 = sext i25 %mult_784" [firmware/nnet_utils/nnet_dense_latency.h:17]   --->   Operation 1703 'sext' 'sext_ln17_126' <Predicate = true> <Delay = 0.00>
ST_5 : Operation 1704 [1/1] (0.00ns)   --->   "%shl_ln73_184 = bitconcatenate i23 @_ssdm_op_BitConcatenate.i23.i16.i7, i16 %a_103, i7 0" [firmware/nnet_utils/nnet_mult.h:73->firmware/nnet_utils/nnet_dense_latency.h:42]   --->   Operation 1704 'bitconcatenate' 'shl_ln73_184' <Predicate = true> <Delay = 0.00>
ST_5 : Operation 1705 [1/1] (0.00ns)   --->   "%sext_ln73_335 = sext i23 %shl_ln73_184" [firmware/nnet_utils/nnet_mult.h:73->firmware/nnet_utils/nnet_dense_latency.h:42]   --->   Operation 1705 'sext' 'sext_ln73_335' <Predicate = true> <Delay = 0.00>
ST_5 : Operation 1706 [1/1] (0.00ns) (grouped into TernaryAdder)   --->   "%sub_ln73_101 = sub i24 0, i24 %sext_ln73_335" [firmware/nnet_utils/nnet_mult.h:73->firmware/nnet_utils/nnet_dense_latency.h:42]   --->   Operation 1706 'sub' 'sub_ln73_101' <Predicate = true> <Delay = 0.00> <CoreInst = "TAddSub">   --->   Core 10 'TAddSub' <Latency = 0> <II = 1> <Delay = 0.53> <IPBlock> <Opcode : '' 'add' 'sub'> <InPorts = 3> <OutPorts = 1> <Sync> <CReg>
ST_5 : Operation 1707 [1/1] (0.00ns)   --->   "%shl_ln73_185 = bitconcatenate i19 @_ssdm_op_BitConcatenate.i19.i16.i3, i16 %a_103, i3 0" [firmware/nnet_utils/nnet_mult.h:73->firmware/nnet_utils/nnet_dense_latency.h:42]   --->   Operation 1707 'bitconcatenate' 'shl_ln73_185' <Predicate = true> <Delay = 0.00>
ST_5 : Operation 1708 [1/1] (0.00ns)   --->   "%sext_ln73_336 = sext i19 %shl_ln73_185" [firmware/nnet_utils/nnet_mult.h:73->firmware/nnet_utils/nnet_dense_latency.h:42]   --->   Operation 1708 'sext' 'sext_ln73_336' <Predicate = true> <Delay = 0.00>
ST_5 : Operation 1709 [1/1] (1.03ns) (root node of TernaryAdder)   --->   "%mult_788 = sub i24 %sub_ln73_101, i24 %sext_ln73_336" [firmware/nnet_utils/nnet_mult.h:73->firmware/nnet_utils/nnet_dense_latency.h:42]   --->   Operation 1709 'sub' 'mult_788' <Predicate = true> <Delay = 1.03> <CoreInst = "TAddSub">   --->   Core 10 'TAddSub' <Latency = 0> <II = 1> <Delay = 0.53> <IPBlock> <Opcode : '' 'add' 'sub'> <InPorts = 3> <OutPorts = 1> <Sync> <CReg>
ST_5 : Operation 1710 [1/1] (0.00ns)   --->   "%sext_ln17_127 = sext i24 %mult_788" [firmware/nnet_utils/nnet_dense_latency.h:17]   --->   Operation 1710 'sext' 'sext_ln17_127' <Predicate = true> <Delay = 0.00>
ST_5 : Operation 1711 [1/1] (0.00ns)   --->   "%sext_ln17_128 = sext i21 %mult_794" [firmware/nnet_utils/nnet_dense_latency.h:17]   --->   Operation 1711 'sext' 'sext_ln17_128' <Predicate = true> <Delay = 0.00>
ST_5 : Operation 1712 [1/1] (0.00ns)   --->   "%shl_ln73_187 = bitconcatenate i23 @_ssdm_op_BitConcatenate.i23.i16.i7, i16 %a_104, i7 0" [firmware/nnet_utils/nnet_mult.h:73->firmware/nnet_utils/nnet_dense_latency.h:42]   --->   Operation 1712 'bitconcatenate' 'shl_ln73_187' <Predicate = true> <Delay = 0.00>
ST_5 : Operation 1713 [1/1] (0.00ns)   --->   "%sext_ln73_338 = sext i23 %shl_ln73_187" [firmware/nnet_utils/nnet_mult.h:73->firmware/nnet_utils/nnet_dense_latency.h:42]   --->   Operation 1713 'sext' 'sext_ln73_338' <Predicate = true> <Delay = 0.00>
ST_5 : Operation 1714 [1/1] (0.00ns)   --->   "%shl_ln73_188 = bitconcatenate i20 @_ssdm_op_BitConcatenate.i20.i16.i4, i16 %a_104, i4 0" [firmware/nnet_utils/nnet_mult.h:73->firmware/nnet_utils/nnet_dense_latency.h:42]   --->   Operation 1714 'bitconcatenate' 'shl_ln73_188' <Predicate = true> <Delay = 0.00>
ST_5 : Operation 1715 [1/1] (0.00ns)   --->   "%sext_ln73_339 = sext i20 %shl_ln73_188" [firmware/nnet_utils/nnet_mult.h:73->firmware/nnet_utils/nnet_dense_latency.h:42]   --->   Operation 1715 'sext' 'sext_ln73_339' <Predicate = true> <Delay = 0.00>
ST_5 : Operation 1716 [1/1] (1.44ns)   --->   "%mult_797 = sub i24 %sext_ln73_339, i24 %sext_ln73_338" [firmware/nnet_utils/nnet_mult.h:73->firmware/nnet_utils/nnet_dense_latency.h:42]   --->   Operation 1716 'sub' 'mult_797' <Predicate = true> <Delay = 1.44> <CoreInst = "Adder">   --->   Core 1 'Adder' <Latency = 0> <II = 1> <Delay = 1.44> <FuncUnit> <Opcode : 'add' 'sub'> <InPorts = 2> <OutPorts = 1>
ST_5 : Operation 1717 [1/1] (0.00ns)   --->   "%sext_ln17_130 = sext i24 %mult_797" [firmware/nnet_utils/nnet_dense_latency.h:17]   --->   Operation 1717 'sext' 'sext_ln17_130' <Predicate = true> <Delay = 0.00>
ST_5 : Operation 1718 [1/1] (0.00ns)   --->   "%sext_ln17_131 = sext i25 %mult_799" [firmware/nnet_utils/nnet_dense_latency.h:17]   --->   Operation 1718 'sext' 'sext_ln17_131' <Predicate = true> <Delay = 0.00>
ST_5 : Operation 1719 [1/1] (0.00ns)   --->   "%shl_ln73_190 = bitconcatenate i22 @_ssdm_op_BitConcatenate.i22.i16.i6, i16 %a_105, i6 0" [firmware/nnet_utils/nnet_mult.h:73->firmware/nnet_utils/nnet_dense_latency.h:42]   --->   Operation 1719 'bitconcatenate' 'shl_ln73_190' <Predicate = true> <Delay = 0.00>
ST_5 : Operation 1720 [1/1] (0.00ns)   --->   "%sext_ln73_340 = sext i22 %shl_ln73_190" [firmware/nnet_utils/nnet_mult.h:73->firmware/nnet_utils/nnet_dense_latency.h:42]   --->   Operation 1720 'sext' 'sext_ln73_340' <Predicate = true> <Delay = 0.00>
ST_5 : Operation 1721 [1/1] (0.00ns)   --->   "%shl_ln73_191 = bitconcatenate i20 @_ssdm_op_BitConcatenate.i20.i16.i4, i16 %a_105, i4 0" [firmware/nnet_utils/nnet_mult.h:73->firmware/nnet_utils/nnet_dense_latency.h:42]   --->   Operation 1721 'bitconcatenate' 'shl_ln73_191' <Predicate = true> <Delay = 0.00>
ST_5 : Operation 1722 [1/1] (0.00ns)   --->   "%sext_ln73_341 = sext i20 %shl_ln73_191" [firmware/nnet_utils/nnet_mult.h:73->firmware/nnet_utils/nnet_dense_latency.h:42]   --->   Operation 1722 'sext' 'sext_ln73_341' <Predicate = true> <Delay = 0.00>
ST_5 : Operation 1723 [1/1] (0.00ns)   --->   "%sext_ln73_342 = sext i20 %shl_ln73_191" [firmware/nnet_utils/nnet_mult.h:73->firmware/nnet_utils/nnet_dense_latency.h:42]   --->   Operation 1723 'sext' 'sext_ln73_342' <Predicate = true> <Delay = 0.00>
ST_5 : Operation 1724 [1/1] (0.00ns) (grouped into TernaryAdder)   --->   "%mult_803 = sub i23 %sext_ln73_340, i23 %sext_ln73_342" [firmware/nnet_utils/nnet_mult.h:73->firmware/nnet_utils/nnet_dense_latency.h:42]   --->   Operation 1724 'sub' 'mult_803' <Predicate = true> <Delay = 0.00> <CoreInst = "TAddSub">   --->   Core 10 'TAddSub' <Latency = 0> <II = 1> <Delay = 0.53> <IPBlock> <Opcode : '' 'add' 'sub'> <InPorts = 3> <OutPorts = 1> <Sync> <CReg>
ST_5 : Operation 1725 [1/1] (0.00ns)   --->   "%shl_ln73_192 = bitconcatenate i23 @_ssdm_op_BitConcatenate.i23.i16.i7, i16 %a_105, i7 0" [firmware/nnet_utils/nnet_mult.h:73->firmware/nnet_utils/nnet_dense_latency.h:42]   --->   Operation 1725 'bitconcatenate' 'shl_ln73_192' <Predicate = true> <Delay = 0.00>
ST_5 : Operation 1726 [1/1] (0.00ns)   --->   "%sext_ln73_343 = sext i23 %shl_ln73_192" [firmware/nnet_utils/nnet_mult.h:73->firmware/nnet_utils/nnet_dense_latency.h:42]   --->   Operation 1726 'sext' 'sext_ln73_343' <Predicate = true> <Delay = 0.00>
ST_5 : Operation 1727 [1/1] (0.00ns)   --->   "%shl_ln73_193 = bitconcatenate i19 @_ssdm_op_BitConcatenate.i19.i16.i3, i16 %a_105, i3 0" [firmware/nnet_utils/nnet_mult.h:73->firmware/nnet_utils/nnet_dense_latency.h:42]   --->   Operation 1727 'bitconcatenate' 'shl_ln73_193' <Predicate = true> <Delay = 0.00>
ST_5 : Operation 1728 [1/1] (0.00ns)   --->   "%sext_ln73_344 = sext i19 %shl_ln73_193" [firmware/nnet_utils/nnet_mult.h:73->firmware/nnet_utils/nnet_dense_latency.h:42]   --->   Operation 1728 'sext' 'sext_ln73_344' <Predicate = true> <Delay = 0.00>
ST_5 : Operation 1729 [1/1] (1.44ns)   --->   "%mult_806 = add i24 %sext_ln73_343, i24 %sext_ln73_344" [firmware/nnet_utils/nnet_mult.h:73->firmware/nnet_utils/nnet_dense_latency.h:42]   --->   Operation 1729 'add' 'mult_806' <Predicate = true> <Delay = 1.44> <CoreInst = "Adder">   --->   Core 1 'Adder' <Latency = 0> <II = 1> <Delay = 1.44> <FuncUnit> <Opcode : 'add' 'sub'> <InPorts = 2> <OutPorts = 1>
ST_5 : Operation 1730 [1/1] (0.00ns)   --->   "%sext_ln17_133 = sext i24 %mult_806" [firmware/nnet_utils/nnet_dense_latency.h:17]   --->   Operation 1730 'sext' 'sext_ln17_133' <Predicate = true> <Delay = 0.00>
ST_5 : Operation 1731 [1/1] (0.00ns) (grouped into TernaryAdder)   --->   "%mult_807 = sub i24 %sext_ln73_341, i24 %sext_ln73_343" [firmware/nnet_utils/nnet_mult.h:73->firmware/nnet_utils/nnet_dense_latency.h:42]   --->   Operation 1731 'sub' 'mult_807' <Predicate = true> <Delay = 0.00> <CoreInst = "TAddSub">   --->   Core 10 'TAddSub' <Latency = 0> <II = 1> <Delay = 0.53> <IPBlock> <Opcode : '' 'add' 'sub'> <InPorts = 3> <OutPorts = 1> <Sync> <CReg>
ST_5 : Operation 1732 [1/1] (1.44ns)   --->   "%mult_810 = add i23 %sext_ln73_340, i23 %sext_ln70_268" [firmware/nnet_utils/nnet_mult.h:73->firmware/nnet_utils/nnet_dense_latency.h:42]   --->   Operation 1732 'add' 'mult_810' <Predicate = true> <Delay = 1.44> <CoreInst = "Adder">   --->   Core 1 'Adder' <Latency = 0> <II = 1> <Delay = 1.44> <FuncUnit> <Opcode : 'add' 'sub'> <InPorts = 2> <OutPorts = 1>
ST_5 : Operation 1733 [1/1] (0.00ns)   --->   "%sext_ln17_134 = sext i23 %mult_810" [firmware/nnet_utils/nnet_dense_latency.h:17]   --->   Operation 1733 'sext' 'sext_ln17_134' <Predicate = true> <Delay = 0.00>
ST_5 : Operation 1734 [1/1] (0.00ns)   --->   "%shl_ln73_194 = bitconcatenate i21 @_ssdm_op_BitConcatenate.i21.i16.i5, i16 %a_105, i5 0" [firmware/nnet_utils/nnet_mult.h:73->firmware/nnet_utils/nnet_dense_latency.h:42]   --->   Operation 1734 'bitconcatenate' 'shl_ln73_194' <Predicate = true> <Delay = 0.00>
ST_5 : Operation 1735 [1/1] (0.00ns)   --->   "%sext_ln73_345 = sext i21 %shl_ln73_194" [firmware/nnet_utils/nnet_mult.h:73->firmware/nnet_utils/nnet_dense_latency.h:42]   --->   Operation 1735 'sext' 'sext_ln73_345' <Predicate = true> <Delay = 0.00>
ST_5 : Operation 1736 [1/1] (0.00ns)   --->   "%shl_ln73_195 = bitconcatenate i23 @_ssdm_op_BitConcatenate.i23.i16.i7, i16 %a_106, i7 0" [firmware/nnet_utils/nnet_mult.h:73->firmware/nnet_utils/nnet_dense_latency.h:42]   --->   Operation 1736 'bitconcatenate' 'shl_ln73_195' <Predicate = true> <Delay = 0.00>
ST_5 : Operation 1737 [1/1] (0.00ns)   --->   "%sext_ln73_346 = sext i23 %shl_ln73_195" [firmware/nnet_utils/nnet_mult.h:73->firmware/nnet_utils/nnet_dense_latency.h:42]   --->   Operation 1737 'sext' 'sext_ln73_346' <Predicate = true> <Delay = 0.00>
ST_5 : Operation 1738 [1/1] (0.00ns)   --->   "%shl_ln73_196 = bitconcatenate i17 @_ssdm_op_BitConcatenate.i17.i16.i1, i16 %a_106, i1 0" [firmware/nnet_utils/nnet_mult.h:73->firmware/nnet_utils/nnet_dense_latency.h:42]   --->   Operation 1738 'bitconcatenate' 'shl_ln73_196' <Predicate = true> <Delay = 0.00>
ST_5 : Operation 1739 [1/1] (0.00ns)   --->   "%sext_ln73_347 = sext i17 %shl_ln73_196" [firmware/nnet_utils/nnet_mult.h:73->firmware/nnet_utils/nnet_dense_latency.h:42]   --->   Operation 1739 'sext' 'sext_ln73_347' <Predicate = true> <Delay = 0.00>
ST_5 : Operation 1740 [1/1] (0.00ns) (grouped into TernaryAdder)   --->   "%mult_817 = add i24 %sext_ln73_346, i24 %sext_ln73_347" [firmware/nnet_utils/nnet_mult.h:73->firmware/nnet_utils/nnet_dense_latency.h:42]   --->   Operation 1740 'add' 'mult_817' <Predicate = true> <Delay = 0.00> <CoreInst = "TAddSub">   --->   Core 10 'TAddSub' <Latency = 0> <II = 1> <Delay = 0.53> <IPBlock> <Opcode : '' 'add' 'sub'> <InPorts = 3> <OutPorts = 1> <Sync> <CReg>
ST_5 : Operation 1741 [1/1] (0.00ns)   --->   "%shl_ln73_197 = bitconcatenate i22 @_ssdm_op_BitConcatenate.i22.i16.i6, i16 %a_106, i6 0" [firmware/nnet_utils/nnet_mult.h:73->firmware/nnet_utils/nnet_dense_latency.h:42]   --->   Operation 1741 'bitconcatenate' 'shl_ln73_197' <Predicate = true> <Delay = 0.00>
ST_5 : Operation 1742 [1/1] (0.00ns)   --->   "%sext_ln73_348 = sext i22 %shl_ln73_197" [firmware/nnet_utils/nnet_mult.h:73->firmware/nnet_utils/nnet_dense_latency.h:42]   --->   Operation 1742 'sext' 'sext_ln73_348' <Predicate = true> <Delay = 0.00>
ST_5 : Operation 1743 [1/1] (0.00ns) (grouped into TernaryAdder)   --->   "%sub_ln73_106 = sub i23 0, i23 %sext_ln73_348" [firmware/nnet_utils/nnet_mult.h:73->firmware/nnet_utils/nnet_dense_latency.h:42]   --->   Operation 1743 'sub' 'sub_ln73_106' <Predicate = true> <Delay = 0.00> <CoreInst = "TAddSub">   --->   Core 10 'TAddSub' <Latency = 0> <II = 1> <Delay = 0.53> <IPBlock> <Opcode : '' 'add' 'sub'> <InPorts = 3> <OutPorts = 1> <Sync> <CReg>
ST_5 : Operation 1744 [1/1] (0.00ns)   --->   "%mult_819 = bitconcatenate i20 @_ssdm_op_BitConcatenate.i20.i16.i4, i16 %a_106, i4 0" [firmware/nnet_utils/nnet_mult.h:73->firmware/nnet_utils/nnet_dense_latency.h:42]   --->   Operation 1744 'bitconcatenate' 'mult_819' <Predicate = true> <Delay = 0.00>
ST_5 : Operation 1745 [1/1] (0.00ns)   --->   "%sext_ln73_349 = sext i20 %mult_819" [firmware/nnet_utils/nnet_mult.h:73->firmware/nnet_utils/nnet_dense_latency.h:42]   --->   Operation 1745 'sext' 'sext_ln73_349' <Predicate = true> <Delay = 0.00>
ST_5 : Operation 1746 [1/1] (1.03ns) (root node of TernaryAdder)   --->   "%mult_818 = sub i23 %sub_ln73_106, i23 %sext_ln73_349" [firmware/nnet_utils/nnet_mult.h:73->firmware/nnet_utils/nnet_dense_latency.h:42]   --->   Operation 1746 'sub' 'mult_818' <Predicate = true> <Delay = 1.03> <CoreInst = "TAddSub">   --->   Core 10 'TAddSub' <Latency = 0> <II = 1> <Delay = 0.53> <IPBlock> <Opcode : '' 'add' 'sub'> <InPorts = 3> <OutPorts = 1> <Sync> <CReg>
ST_5 : Operation 1747 [1/1] (0.00ns)   --->   "%sext_ln17_135 = sext i23 %mult_818" [firmware/nnet_utils/nnet_dense_latency.h:17]   --->   Operation 1747 'sext' 'sext_ln17_135' <Predicate = true> <Delay = 0.00>
ST_5 : Operation 1748 [1/1] (0.00ns)   --->   "%sext_ln17_136 = sext i20 %mult_819" [firmware/nnet_utils/nnet_dense_latency.h:17]   --->   Operation 1748 'sext' 'sext_ln17_136' <Predicate = true> <Delay = 0.00>
ST_5 : Operation 1749 [1/1] (0.00ns)   --->   "%sext_ln70_273 = sext i16 %a_107" [firmware/nnet_utils/nnet_mult.h:70->firmware/nnet_utils/nnet_dense_latency.h:42]   --->   Operation 1749 'sext' 'sext_ln70_273' <Predicate = true> <Delay = 0.00>
ST_5 : Operation 1750 [1/1] (0.00ns)   --->   "%shl_ln73_199 = bitconcatenate i24 @_ssdm_op_BitConcatenate.i24.i16.i8, i16 %a_107, i8 0" [firmware/nnet_utils/nnet_mult.h:73->firmware/nnet_utils/nnet_dense_latency.h:42]   --->   Operation 1750 'bitconcatenate' 'shl_ln73_199' <Predicate = true> <Delay = 0.00>
ST_5 : Operation 1751 [1/1] (0.00ns)   --->   "%sext_ln73_350 = sext i24 %shl_ln73_199" [firmware/nnet_utils/nnet_mult.h:73->firmware/nnet_utils/nnet_dense_latency.h:42]   --->   Operation 1751 'sext' 'sext_ln73_350' <Predicate = true> <Delay = 0.00>
ST_5 : Operation 1752 [1/1] (0.00ns)   --->   "%shl_ln73_200 = bitconcatenate i20 @_ssdm_op_BitConcatenate.i20.i16.i4, i16 %a_107, i4 0" [firmware/nnet_utils/nnet_mult.h:73->firmware/nnet_utils/nnet_dense_latency.h:42]   --->   Operation 1752 'bitconcatenate' 'shl_ln73_200' <Predicate = true> <Delay = 0.00>
ST_5 : Operation 1753 [1/1] (0.00ns)   --->   "%sext_ln73_351 = sext i20 %shl_ln73_200" [firmware/nnet_utils/nnet_mult.h:73->firmware/nnet_utils/nnet_dense_latency.h:42]   --->   Operation 1753 'sext' 'sext_ln73_351' <Predicate = true> <Delay = 0.00>
ST_5 : Operation 1754 [1/1] (0.00ns)   --->   "%sext_ln73_352 = sext i20 %shl_ln73_200" [firmware/nnet_utils/nnet_mult.h:73->firmware/nnet_utils/nnet_dense_latency.h:42]   --->   Operation 1754 'sext' 'sext_ln73_352' <Predicate = true> <Delay = 0.00>
ST_5 : Operation 1755 [1/1] (0.00ns) (grouped into TernaryAdder)   --->   "%mult_821 = sub i25 %sext_ln73_350, i25 %sext_ln73_352" [firmware/nnet_utils/nnet_mult.h:73->firmware/nnet_utils/nnet_dense_latency.h:42]   --->   Operation 1755 'sub' 'mult_821' <Predicate = true> <Delay = 0.00> <CoreInst = "TAddSub">   --->   Core 10 'TAddSub' <Latency = 0> <II = 1> <Delay = 0.53> <IPBlock> <Opcode : '' 'add' 'sub'> <InPorts = 3> <OutPorts = 1> <Sync> <CReg>
ST_5 : Operation 1756 [1/1] (3.57ns)   --->   "%mult_822 = mul i27 %sext_ln70_273, i27 134217176" [firmware/nnet_utils/nnet_mult.h:73->firmware/nnet_utils/nnet_dense_latency.h:42]   --->   Operation 1756 'mul' 'mult_822' <Predicate = true> <Delay = 3.57> <CoreInst = "Multiplier">   --->   Core 3 'Multiplier' <Latency = 0> <II = 1> <Delay = 3.57> <FuncUnit> <Opcode : 'mul'> <InPorts = 2> <OutPorts = 1>
ST_5 : Operation 1757 [1/1] (0.00ns)   --->   "%sext_ln17_137 = sext i19 %mult_828" [firmware/nnet_utils/nnet_dense_latency.h:17]   --->   Operation 1757 'sext' 'sext_ln17_137' <Predicate = true> <Delay = 0.00>
ST_5 : Operation 1758 [1/1] (0.00ns)   --->   "%sext_ln17_139 = sext i25 %mult_831" [firmware/nnet_utils/nnet_dense_latency.h:17]   --->   Operation 1758 'sext' 'sext_ln17_139' <Predicate = true> <Delay = 0.00>
ST_5 : Operation 1759 [1/1] (0.00ns)   --->   "%sext_ln70_279 = sext i16 %a_109" [firmware/nnet_utils/nnet_mult.h:70->firmware/nnet_utils/nnet_dense_latency.h:42]   --->   Operation 1759 'sext' 'sext_ln70_279' <Predicate = true> <Delay = 0.00>
ST_5 : Operation 1760 [1/1] (0.00ns)   --->   "%sext_ln17_141 = sext i23 %mult_844" [firmware/nnet_utils/nnet_dense_latency.h:17]   --->   Operation 1760 'sext' 'sext_ln17_141' <Predicate = true> <Delay = 0.00>
ST_5 : Operation 1761 [1/1] (3.57ns)   --->   "%mult_846 = mul i26 %sext_ln70_279, i26 67108518" [firmware/nnet_utils/nnet_mult.h:73->firmware/nnet_utils/nnet_dense_latency.h:42]   --->   Operation 1761 'mul' 'mult_846' <Predicate = true> <Delay = 3.57> <CoreInst = "Multiplier">   --->   Core 3 'Multiplier' <Latency = 0> <II = 1> <Delay = 3.57> <FuncUnit> <Opcode : 'mul'> <InPorts = 2> <OutPorts = 1>
ST_5 : Operation 1762 [1/1] (0.00ns)   --->   "%shl_ln73_204 = bitconcatenate i24 @_ssdm_op_BitConcatenate.i24.i16.i8, i16 %a_109, i8 0" [firmware/nnet_utils/nnet_mult.h:73->firmware/nnet_utils/nnet_dense_latency.h:42]   --->   Operation 1762 'bitconcatenate' 'shl_ln73_204' <Predicate = true> <Delay = 0.00>
ST_5 : Operation 1763 [1/1] (0.00ns)   --->   "%sext_ln73_356 = sext i24 %shl_ln73_204" [firmware/nnet_utils/nnet_mult.h:73->firmware/nnet_utils/nnet_dense_latency.h:42]   --->   Operation 1763 'sext' 'sext_ln73_356' <Predicate = true> <Delay = 0.00>
ST_5 : Operation 1764 [1/1] (0.00ns)   --->   "%shl_ln73_205 = bitconcatenate i22 @_ssdm_op_BitConcatenate.i22.i16.i6, i16 %a_109, i6 0" [firmware/nnet_utils/nnet_mult.h:73->firmware/nnet_utils/nnet_dense_latency.h:42]   --->   Operation 1764 'bitconcatenate' 'shl_ln73_205' <Predicate = true> <Delay = 0.00>
ST_5 : Operation 1765 [1/1] (0.00ns)   --->   "%sext_ln73_357 = sext i22 %shl_ln73_205" [firmware/nnet_utils/nnet_mult.h:73->firmware/nnet_utils/nnet_dense_latency.h:42]   --->   Operation 1765 'sext' 'sext_ln73_357' <Predicate = true> <Delay = 0.00>
ST_5 : Operation 1766 [1/1] (0.00ns) (grouped into TernaryAdder)   --->   "%mult_847 = sub i25 %sext_ln73_357, i25 %sext_ln73_356" [firmware/nnet_utils/nnet_mult.h:73->firmware/nnet_utils/nnet_dense_latency.h:42]   --->   Operation 1766 'sub' 'mult_847' <Predicate = true> <Delay = 0.00> <CoreInst = "TAddSub">   --->   Core 10 'TAddSub' <Latency = 0> <II = 1> <Delay = 0.53> <IPBlock> <Opcode : '' 'add' 'sub'> <InPorts = 3> <OutPorts = 1> <Sync> <CReg>
ST_5 : Operation 1767 [1/1] (0.00ns)   --->   "%sext_ln70_284 = sext i16 %a_110" [firmware/nnet_utils/nnet_mult.h:70->firmware/nnet_utils/nnet_dense_latency.h:42]   --->   Operation 1767 'sext' 'sext_ln70_284' <Predicate = true> <Delay = 0.00>
ST_5 : Operation 1768 [1/1] (0.00ns)   --->   "%shl_ln73_206 = bitconcatenate i21 @_ssdm_op_BitConcatenate.i21.i16.i5, i16 %a_110, i5 0" [firmware/nnet_utils/nnet_mult.h:73->firmware/nnet_utils/nnet_dense_latency.h:42]   --->   Operation 1768 'bitconcatenate' 'shl_ln73_206' <Predicate = true> <Delay = 0.00>
ST_5 : Operation 1769 [1/1] (0.00ns)   --->   "%sext_ln73_358 = sext i21 %shl_ln73_206" [firmware/nnet_utils/nnet_mult.h:73->firmware/nnet_utils/nnet_dense_latency.h:42]   --->   Operation 1769 'sext' 'sext_ln73_358' <Predicate = true> <Delay = 0.00>
ST_5 : Operation 1770 [1/1] (0.00ns)   --->   "%sext_ln73_359 = sext i21 %shl_ln73_206" [firmware/nnet_utils/nnet_mult.h:73->firmware/nnet_utils/nnet_dense_latency.h:42]   --->   Operation 1770 'sext' 'sext_ln73_359' <Predicate = true> <Delay = 0.00>
ST_5 : Operation 1771 [1/1] (0.00ns)   --->   "%shl_ln73_207 = bitconcatenate i19 @_ssdm_op_BitConcatenate.i19.i16.i3, i16 %a_110, i3 0" [firmware/nnet_utils/nnet_mult.h:73->firmware/nnet_utils/nnet_dense_latency.h:42]   --->   Operation 1771 'bitconcatenate' 'shl_ln73_207' <Predicate = true> <Delay = 0.00>
ST_5 : Operation 1772 [1/1] (0.00ns)   --->   "%sext_ln73_360 = sext i19 %shl_ln73_207" [firmware/nnet_utils/nnet_mult.h:73->firmware/nnet_utils/nnet_dense_latency.h:42]   --->   Operation 1772 'sext' 'sext_ln73_360' <Predicate = true> <Delay = 0.00>
ST_5 : Operation 1773 [1/1] (0.00ns) (grouped into TernaryAdder)   --->   "%mult_849 = add i22 %sext_ln73_359, i22 %sext_ln73_360" [firmware/nnet_utils/nnet_mult.h:73->firmware/nnet_utils/nnet_dense_latency.h:42]   --->   Operation 1773 'add' 'mult_849' <Predicate = true> <Delay = 0.00> <CoreInst = "TAddSub">   --->   Core 10 'TAddSub' <Latency = 0> <II = 1> <Delay = 0.53> <IPBlock> <Opcode : '' 'add' 'sub'> <InPorts = 3> <OutPorts = 1> <Sync> <CReg>
ST_5 : Operation 1774 [1/1] (0.00ns)   --->   "%sext_ln17_142 = sext i25 %mult_852" [firmware/nnet_utils/nnet_dense_latency.h:17]   --->   Operation 1774 'sext' 'sext_ln17_142' <Predicate = true> <Delay = 0.00>
ST_5 : Operation 1775 [1/1] (0.00ns)   --->   "%shl_ln73_208 = bitconcatenate i22 @_ssdm_op_BitConcatenate.i22.i16.i6, i16 %a_110, i6 0" [firmware/nnet_utils/nnet_mult.h:73->firmware/nnet_utils/nnet_dense_latency.h:42]   --->   Operation 1775 'bitconcatenate' 'shl_ln73_208' <Predicate = true> <Delay = 0.00>
ST_5 : Operation 1776 [1/1] (0.00ns)   --->   "%sext_ln73_361 = sext i22 %shl_ln73_208" [firmware/nnet_utils/nnet_mult.h:73->firmware/nnet_utils/nnet_dense_latency.h:42]   --->   Operation 1776 'sext' 'sext_ln73_361' <Predicate = true> <Delay = 0.00>
ST_5 : Operation 1777 [1/1] (0.00ns) (grouped into TernaryAdder)   --->   "%mult_853 = sub i23 %sext_ln73_361, i23 %sext_ln70_284" [firmware/nnet_utils/nnet_mult.h:73->firmware/nnet_utils/nnet_dense_latency.h:42]   --->   Operation 1777 'sub' 'mult_853' <Predicate = true> <Delay = 0.00> <CoreInst = "TAddSub">   --->   Core 10 'TAddSub' <Latency = 0> <II = 1> <Delay = 0.53> <IPBlock> <Opcode : '' 'add' 'sub'> <InPorts = 3> <OutPorts = 1> <Sync> <CReg>
ST_5 : Operation 1778 [1/1] (0.00ns)   --->   "%shl_ln73_s = bitconcatenate i23 @_ssdm_op_BitConcatenate.i23.i16.i7, i16 %a_110, i7 0" [firmware/nnet_utils/nnet_mult.h:73->firmware/nnet_utils/nnet_dense_latency.h:42]   --->   Operation 1778 'bitconcatenate' 'shl_ln73_s' <Predicate = true> <Delay = 0.00>
ST_5 : Operation 1779 [1/1] (0.00ns)   --->   "%sext_ln73_362 = sext i23 %shl_ln73_s" [firmware/nnet_utils/nnet_mult.h:73->firmware/nnet_utils/nnet_dense_latency.h:42]   --->   Operation 1779 'sext' 'sext_ln73_362' <Predicate = true> <Delay = 0.00>
ST_5 : Operation 1780 [1/1] (1.44ns)   --->   "%mult_854 = add i24 %sext_ln73_362, i24 %sext_ln73_358" [firmware/nnet_utils/nnet_mult.h:73->firmware/nnet_utils/nnet_dense_latency.h:42]   --->   Operation 1780 'add' 'mult_854' <Predicate = true> <Delay = 1.44> <CoreInst = "Adder">   --->   Core 1 'Adder' <Latency = 0> <II = 1> <Delay = 1.44> <FuncUnit> <Opcode : 'add' 'sub'> <InPorts = 2> <OutPorts = 1>
ST_5 : Operation 1781 [1/1] (0.00ns)   --->   "%sext_ln17_144 = sext i24 %mult_857" [firmware/nnet_utils/nnet_dense_latency.h:17]   --->   Operation 1781 'sext' 'sext_ln17_144' <Predicate = true> <Delay = 0.00>
ST_5 : Operation 1782 [1/1] (0.00ns)   --->   "%sext_ln70_289 = sext i16 %a_111" [firmware/nnet_utils/nnet_mult.h:70->firmware/nnet_utils/nnet_dense_latency.h:42]   --->   Operation 1782 'sext' 'sext_ln70_289' <Predicate = true> <Delay = 0.00>
ST_5 : Operation 1783 [1/1] (0.00ns)   --->   "%shl_ln73_209 = bitconcatenate i21 @_ssdm_op_BitConcatenate.i21.i16.i5, i16 %a_111, i5 0" [firmware/nnet_utils/nnet_mult.h:73->firmware/nnet_utils/nnet_dense_latency.h:42]   --->   Operation 1783 'bitconcatenate' 'shl_ln73_209' <Predicate = true> <Delay = 0.00>
ST_5 : Operation 1784 [1/1] (0.00ns)   --->   "%sext_ln73_363 = sext i21 %shl_ln73_209" [firmware/nnet_utils/nnet_mult.h:73->firmware/nnet_utils/nnet_dense_latency.h:42]   --->   Operation 1784 'sext' 'sext_ln73_363' <Predicate = true> <Delay = 0.00>
ST_5 : Operation 1785 [1/1] (0.00ns)   --->   "%shl_ln73_210 = bitconcatenate i19 @_ssdm_op_BitConcatenate.i19.i16.i3, i16 %a_111, i3 0" [firmware/nnet_utils/nnet_mult.h:73->firmware/nnet_utils/nnet_dense_latency.h:42]   --->   Operation 1785 'bitconcatenate' 'shl_ln73_210' <Predicate = true> <Delay = 0.00>
ST_5 : Operation 1786 [1/1] (0.00ns)   --->   "%sext_ln73_364 = sext i19 %shl_ln73_210" [firmware/nnet_utils/nnet_mult.h:73->firmware/nnet_utils/nnet_dense_latency.h:42]   --->   Operation 1786 'sext' 'sext_ln73_364' <Predicate = true> <Delay = 0.00>
ST_5 : Operation 1787 [1/1] (0.00ns) (grouped into TernaryAdder)   --->   "%mult_860 = sub i22 %sext_ln73_364, i22 %sext_ln73_363" [firmware/nnet_utils/nnet_mult.h:73->firmware/nnet_utils/nnet_dense_latency.h:42]   --->   Operation 1787 'sub' 'mult_860' <Predicate = true> <Delay = 0.00> <CoreInst = "TAddSub">   --->   Core 10 'TAddSub' <Latency = 0> <II = 1> <Delay = 0.53> <IPBlock> <Opcode : '' 'add' 'sub'> <InPorts = 3> <OutPorts = 1> <Sync> <CReg>
ST_5 : Operation 1788 [1/1] (0.00ns)   --->   "%shl_ln73_211 = bitconcatenate i22 @_ssdm_op_BitConcatenate.i22.i16.i6, i16 %a_111, i6 0" [firmware/nnet_utils/nnet_mult.h:73->firmware/nnet_utils/nnet_dense_latency.h:42]   --->   Operation 1788 'bitconcatenate' 'shl_ln73_211' <Predicate = true> <Delay = 0.00>
ST_5 : Operation 1789 [1/1] (0.00ns)   --->   "%sext_ln73_365 = sext i22 %shl_ln73_211" [firmware/nnet_utils/nnet_mult.h:73->firmware/nnet_utils/nnet_dense_latency.h:42]   --->   Operation 1789 'sext' 'sext_ln73_365' <Predicate = true> <Delay = 0.00>
ST_5 : Operation 1790 [1/1] (0.00ns)   --->   "%shl_ln73_212 = bitconcatenate i18 @_ssdm_op_BitConcatenate.i18.i16.i2, i16 %a_111, i2 0" [firmware/nnet_utils/nnet_mult.h:73->firmware/nnet_utils/nnet_dense_latency.h:42]   --->   Operation 1790 'bitconcatenate' 'shl_ln73_212' <Predicate = true> <Delay = 0.00>
ST_5 : Operation 1791 [1/1] (0.00ns)   --->   "%sext_ln73_366 = sext i18 %shl_ln73_212" [firmware/nnet_utils/nnet_mult.h:73->firmware/nnet_utils/nnet_dense_latency.h:42]   --->   Operation 1791 'sext' 'sext_ln73_366' <Predicate = true> <Delay = 0.00>
ST_5 : Operation 1792 [1/1] (1.44ns)   --->   "%mult_861 = sub i23 %sext_ln73_366, i23 %sext_ln73_365" [firmware/nnet_utils/nnet_mult.h:73->firmware/nnet_utils/nnet_dense_latency.h:42]   --->   Operation 1792 'sub' 'mult_861' <Predicate = true> <Delay = 1.44> <CoreInst = "Adder">   --->   Core 1 'Adder' <Latency = 0> <II = 1> <Delay = 1.44> <FuncUnit> <Opcode : 'add' 'sub'> <InPorts = 2> <OutPorts = 1>
ST_5 : Operation 1793 [1/1] (0.00ns)   --->   "%sext_ln17_145 = sext i23 %mult_861" [firmware/nnet_utils/nnet_dense_latency.h:17]   --->   Operation 1793 'sext' 'sext_ln17_145' <Predicate = true> <Delay = 0.00>
ST_5 : Operation 1794 [1/1] (0.00ns) (grouped into TernaryAdder)   --->   "%sub_ln73_116 = sub i23 0, i23 %sext_ln73_365" [firmware/nnet_utils/nnet_mult.h:73->firmware/nnet_utils/nnet_dense_latency.h:42]   --->   Operation 1794 'sub' 'sub_ln73_116' <Predicate = true> <Delay = 0.00> <CoreInst = "TAddSub">   --->   Core 10 'TAddSub' <Latency = 0> <II = 1> <Delay = 0.53> <IPBlock> <Opcode : '' 'add' 'sub'> <InPorts = 3> <OutPorts = 1> <Sync> <CReg>
ST_5 : Operation 1795 [1/1] (1.03ns) (root node of TernaryAdder)   --->   "%mult_862 = sub i23 %sub_ln73_116, i23 %sext_ln70_290" [firmware/nnet_utils/nnet_mult.h:73->firmware/nnet_utils/nnet_dense_latency.h:42]   --->   Operation 1795 'sub' 'mult_862' <Predicate = true> <Delay = 1.03> <CoreInst = "TAddSub">   --->   Core 10 'TAddSub' <Latency = 0> <II = 1> <Delay = 0.53> <IPBlock> <Opcode : '' 'add' 'sub'> <InPorts = 3> <OutPorts = 1> <Sync> <CReg>
ST_5 : Operation 1796 [1/1] (0.00ns)   --->   "%sext_ln17_146 = sext i23 %mult_862" [firmware/nnet_utils/nnet_dense_latency.h:17]   --->   Operation 1796 'sext' 'sext_ln17_146' <Predicate = true> <Delay = 0.00>
ST_5 : Operation 1797 [1/1] (0.00ns)   --->   "%shl_ln73_213 = bitconcatenate i20 @_ssdm_op_BitConcatenate.i20.i16.i4, i16 %a_111, i4 0" [firmware/nnet_utils/nnet_mult.h:73->firmware/nnet_utils/nnet_dense_latency.h:42]   --->   Operation 1797 'bitconcatenate' 'shl_ln73_213' <Predicate = true> <Delay = 0.00>
ST_5 : Operation 1798 [1/1] (0.00ns)   --->   "%sext_ln73_367 = sext i20 %shl_ln73_213" [firmware/nnet_utils/nnet_mult.h:73->firmware/nnet_utils/nnet_dense_latency.h:42]   --->   Operation 1798 'sext' 'sext_ln73_367' <Predicate = true> <Delay = 0.00>
ST_5 : Operation 1799 [1/1] (1.44ns)   --->   "%mult_863 = sub i23 %sext_ln73_365, i23 %sext_ln73_367" [firmware/nnet_utils/nnet_mult.h:73->firmware/nnet_utils/nnet_dense_latency.h:42]   --->   Operation 1799 'sub' 'mult_863' <Predicate = true> <Delay = 1.44> <CoreInst = "Adder">   --->   Core 1 'Adder' <Latency = 0> <II = 1> <Delay = 1.44> <FuncUnit> <Opcode : 'add' 'sub'> <InPorts = 2> <OutPorts = 1>
ST_5 : Operation 1800 [1/1] (0.00ns)   --->   "%sext_ln17_147 = sext i23 %mult_863" [firmware/nnet_utils/nnet_dense_latency.h:17]   --->   Operation 1800 'sext' 'sext_ln17_147' <Predicate = true> <Delay = 0.00>
ST_5 : Operation 1801 [1/1] (3.57ns)   --->   "%mult_865 = mul i26 %sext_ln70_289, i26 389" [firmware/nnet_utils/nnet_mult.h:73->firmware/nnet_utils/nnet_dense_latency.h:42]   --->   Operation 1801 'mul' 'mult_865' <Predicate = true> <Delay = 3.57> <CoreInst = "Multiplier">   --->   Core 3 'Multiplier' <Latency = 0> <II = 1> <Delay = 3.57> <FuncUnit> <Opcode : 'mul'> <InPorts = 2> <OutPorts = 1>
ST_5 : Operation 1802 [1/1] (0.00ns)   --->   "%shl_ln73_214 = bitconcatenate i24 @_ssdm_op_BitConcatenate.i24.i16.i8, i16 %a_112, i8 0" [firmware/nnet_utils/nnet_mult.h:73->firmware/nnet_utils/nnet_dense_latency.h:42]   --->   Operation 1802 'bitconcatenate' 'shl_ln73_214' <Predicate = true> <Delay = 0.00>
ST_5 : Operation 1803 [1/1] (0.00ns)   --->   "%sext_ln73_368 = sext i24 %shl_ln73_214" [firmware/nnet_utils/nnet_mult.h:73->firmware/nnet_utils/nnet_dense_latency.h:42]   --->   Operation 1803 'sext' 'sext_ln73_368' <Predicate = true> <Delay = 0.00>
ST_5 : Operation 1804 [1/1] (0.00ns)   --->   "%shl_ln73_215 = bitconcatenate i17 @_ssdm_op_BitConcatenate.i17.i16.i1, i16 %a_112, i1 0" [firmware/nnet_utils/nnet_mult.h:73->firmware/nnet_utils/nnet_dense_latency.h:42]   --->   Operation 1804 'bitconcatenate' 'shl_ln73_215' <Predicate = true> <Delay = 0.00>
ST_5 : Operation 1805 [1/1] (0.00ns)   --->   "%sext_ln73_369 = sext i17 %shl_ln73_215" [firmware/nnet_utils/nnet_mult.h:73->firmware/nnet_utils/nnet_dense_latency.h:42]   --->   Operation 1805 'sext' 'sext_ln73_369' <Predicate = true> <Delay = 0.00>
ST_5 : Operation 1806 [1/1] (0.00ns)   --->   "%sext_ln73_370 = sext i17 %shl_ln73_215" [firmware/nnet_utils/nnet_mult.h:73->firmware/nnet_utils/nnet_dense_latency.h:42]   --->   Operation 1806 'sext' 'sext_ln73_370' <Predicate = true> <Delay = 0.00>
ST_5 : Operation 1807 [1/1] (1.45ns)   --->   "%mult_869 = sub i25 %sext_ln73_368, i25 %sext_ln73_370" [firmware/nnet_utils/nnet_mult.h:73->firmware/nnet_utils/nnet_dense_latency.h:42]   --->   Operation 1807 'sub' 'mult_869' <Predicate = true> <Delay = 1.45> <CoreInst = "Adder">   --->   Core 1 'Adder' <Latency = 0> <II = 1> <Delay = 1.45> <FuncUnit> <Opcode : 'add' 'sub'> <InPorts = 2> <OutPorts = 1>
ST_5 : Operation 1808 [1/1] (1.42ns)   --->   "%mult_875 = sub i18 0, i18 %sext_ln73_369" [firmware/nnet_utils/nnet_mult.h:73->firmware/nnet_utils/nnet_dense_latency.h:42]   --->   Operation 1808 'sub' 'mult_875' <Predicate = true> <Delay = 1.42> <CoreInst = "Adder">   --->   Core 1 'Adder' <Latency = 0> <II = 1> <Delay = 1.42> <FuncUnit> <Opcode : 'add' 'sub'> <InPorts = 2> <OutPorts = 1>
ST_5 : Operation 1809 [1/1] (0.00ns)   --->   "%sext_ln17_151 = sext i18 %mult_875" [firmware/nnet_utils/nnet_dense_latency.h:17]   --->   Operation 1809 'sext' 'sext_ln17_151' <Predicate = true> <Delay = 0.00>
ST_5 : Operation 1810 [1/1] (0.00ns)   --->   "%sext_ln70_296 = sext i16 %a_113" [firmware/nnet_utils/nnet_mult.h:70->firmware/nnet_utils/nnet_dense_latency.h:42]   --->   Operation 1810 'sext' 'sext_ln70_296' <Predicate = true> <Delay = 0.00>
ST_5 : Operation 1811 [1/1] (0.00ns)   --->   "%shl_ln73_219 = bitconcatenate i21 @_ssdm_op_BitConcatenate.i21.i16.i5, i16 %a_113, i5 0" [firmware/nnet_utils/nnet_mult.h:73->firmware/nnet_utils/nnet_dense_latency.h:42]   --->   Operation 1811 'bitconcatenate' 'shl_ln73_219' <Predicate = true> <Delay = 0.00>
ST_5 : Operation 1812 [1/1] (0.00ns)   --->   "%sext_ln73_375 = sext i21 %shl_ln73_219" [firmware/nnet_utils/nnet_mult.h:73->firmware/nnet_utils/nnet_dense_latency.h:42]   --->   Operation 1812 'sext' 'sext_ln73_375' <Predicate = true> <Delay = 0.00>
ST_5 : Operation 1813 [1/1] (0.00ns) (grouped into TernaryAdder)   --->   "%sub_ln73_124 = sub i22 0, i22 %sext_ln73_375" [firmware/nnet_utils/nnet_mult.h:73->firmware/nnet_utils/nnet_dense_latency.h:42]   --->   Operation 1813 'sub' 'sub_ln73_124' <Predicate = true> <Delay = 0.00> <CoreInst = "TAddSub">   --->   Core 10 'TAddSub' <Latency = 0> <II = 1> <Delay = 0.53> <IPBlock> <Opcode : '' 'add' 'sub'> <InPorts = 3> <OutPorts = 1> <Sync> <CReg>
ST_5 : Operation 1814 [1/1] (1.02ns) (root node of TernaryAdder)   --->   "%mult_877 = sub i22 %sub_ln73_124, i22 %sext_ln70_296" [firmware/nnet_utils/nnet_mult.h:73->firmware/nnet_utils/nnet_dense_latency.h:42]   --->   Operation 1814 'sub' 'mult_877' <Predicate = true> <Delay = 1.02> <CoreInst = "TAddSub">   --->   Core 10 'TAddSub' <Latency = 0> <II = 1> <Delay = 0.53> <IPBlock> <Opcode : '' 'add' 'sub'> <InPorts = 3> <OutPorts = 1> <Sync> <CReg>
ST_5 : Operation 1815 [1/1] (0.00ns)   --->   "%shl_ln73_220 = bitconcatenate i24 @_ssdm_op_BitConcatenate.i24.i16.i8, i16 %a_113, i8 0" [firmware/nnet_utils/nnet_mult.h:73->firmware/nnet_utils/nnet_dense_latency.h:42]   --->   Operation 1815 'bitconcatenate' 'shl_ln73_220' <Predicate = true> <Delay = 0.00>
ST_5 : Operation 1816 [1/1] (0.00ns)   --->   "%sext_ln73_376 = sext i24 %shl_ln73_220" [firmware/nnet_utils/nnet_mult.h:73->firmware/nnet_utils/nnet_dense_latency.h:42]   --->   Operation 1816 'sext' 'sext_ln73_376' <Predicate = true> <Delay = 0.00>
ST_5 : Operation 1817 [1/1] (1.45ns)   --->   "%sub_ln73_126 = sub i25 0, i25 %sext_ln73_376" [firmware/nnet_utils/nnet_mult.h:73->firmware/nnet_utils/nnet_dense_latency.h:42]   --->   Operation 1817 'sub' 'sub_ln73_126' <Predicate = true> <Delay = 1.45> <CoreInst = "Adder">   --->   Core 1 'Adder' <Latency = 0> <II = 1> <Delay = 1.45> <FuncUnit> <Opcode : 'add' 'sub'> <InPorts = 2> <OutPorts = 1>
ST_5 : Operation 1818 [1/1] (0.00ns)   --->   "%shl_ln73_221 = bitconcatenate i17 @_ssdm_op_BitConcatenate.i17.i16.i1, i16 %a_113, i1 0" [firmware/nnet_utils/nnet_mult.h:73->firmware/nnet_utils/nnet_dense_latency.h:42]   --->   Operation 1818 'bitconcatenate' 'shl_ln73_221' <Predicate = true> <Delay = 0.00>
ST_5 : Operation 1819 [1/1] (0.00ns)   --->   "%sext_ln73_377 = sext i17 %shl_ln73_221" [firmware/nnet_utils/nnet_mult.h:73->firmware/nnet_utils/nnet_dense_latency.h:42]   --->   Operation 1819 'sext' 'sext_ln73_377' <Predicate = true> <Delay = 0.00>
ST_5 : Operation 1820 [1/1] (0.00ns)   --->   "%sext_ln73_378 = sext i17 %shl_ln73_221" [firmware/nnet_utils/nnet_mult.h:73->firmware/nnet_utils/nnet_dense_latency.h:42]   --->   Operation 1820 'sext' 'sext_ln73_378' <Predicate = true> <Delay = 0.00>
ST_5 : Operation 1821 [1/1] (0.00ns)   --->   "%sext_ln73_379 = sext i17 %shl_ln73_221" [firmware/nnet_utils/nnet_mult.h:73->firmware/nnet_utils/nnet_dense_latency.h:42]   --->   Operation 1821 'sext' 'sext_ln73_379' <Predicate = true> <Delay = 0.00>
ST_5 : Operation 1822 [1/1] (0.00ns) (grouped into TernaryAdder)   --->   "%mult_879 = sub i25 %sub_ln73_126, i25 %sext_ln73_379" [firmware/nnet_utils/nnet_mult.h:73->firmware/nnet_utils/nnet_dense_latency.h:42]   --->   Operation 1822 'sub' 'mult_879' <Predicate = true> <Delay = 0.00> <CoreInst = "TAddSub">   --->   Core 10 'TAddSub' <Latency = 0> <II = 1> <Delay = 0.53> <IPBlock> <Opcode : '' 'add' 'sub'> <InPorts = 3> <OutPorts = 1> <Sync> <CReg>
ST_5 : Operation 1823 [1/1] (0.00ns)   --->   "%shl_ln73_222 = bitconcatenate i22 @_ssdm_op_BitConcatenate.i22.i16.i6, i16 %a_113, i6 0" [firmware/nnet_utils/nnet_mult.h:73->firmware/nnet_utils/nnet_dense_latency.h:42]   --->   Operation 1823 'bitconcatenate' 'shl_ln73_222' <Predicate = true> <Delay = 0.00>
ST_5 : Operation 1824 [1/1] (0.00ns)   --->   "%sext_ln73_380 = sext i22 %shl_ln73_222" [firmware/nnet_utils/nnet_mult.h:73->firmware/nnet_utils/nnet_dense_latency.h:42]   --->   Operation 1824 'sext' 'sext_ln73_380' <Predicate = true> <Delay = 0.00>
ST_5 : Operation 1825 [1/1] (0.00ns)   --->   "%shl_ln73_223 = bitconcatenate i19 @_ssdm_op_BitConcatenate.i19.i16.i3, i16 %a_113, i3 0" [firmware/nnet_utils/nnet_mult.h:73->firmware/nnet_utils/nnet_dense_latency.h:42]   --->   Operation 1825 'bitconcatenate' 'shl_ln73_223' <Predicate = true> <Delay = 0.00>
ST_5 : Operation 1826 [1/1] (0.00ns)   --->   "%sext_ln73_381 = sext i19 %shl_ln73_223" [firmware/nnet_utils/nnet_mult.h:73->firmware/nnet_utils/nnet_dense_latency.h:42]   --->   Operation 1826 'sext' 'sext_ln73_381' <Predicate = true> <Delay = 0.00>
ST_5 : Operation 1827 [1/1] (1.44ns)   --->   "%mult_881 = sub i23 %sext_ln73_381, i23 %sext_ln73_380" [firmware/nnet_utils/nnet_mult.h:73->firmware/nnet_utils/nnet_dense_latency.h:42]   --->   Operation 1827 'sub' 'mult_881' <Predicate = true> <Delay = 1.44> <CoreInst = "Adder">   --->   Core 1 'Adder' <Latency = 0> <II = 1> <Delay = 1.44> <FuncUnit> <Opcode : 'add' 'sub'> <InPorts = 2> <OutPorts = 1>
ST_5 : Operation 1828 [1/1] (0.00ns)   --->   "%sext_ln17_152 = sext i23 %mult_881" [firmware/nnet_utils/nnet_dense_latency.h:17]   --->   Operation 1828 'sext' 'sext_ln17_152' <Predicate = true> <Delay = 0.00>
ST_5 : Operation 1829 [1/1] (0.00ns) (grouped into TernaryAdder)   --->   "%mult_882 = sub i23 %sext_ln73_380, i23 %sext_ln73_378" [firmware/nnet_utils/nnet_mult.h:73->firmware/nnet_utils/nnet_dense_latency.h:42]   --->   Operation 1829 'sub' 'mult_882' <Predicate = true> <Delay = 0.00> <CoreInst = "TAddSub">   --->   Core 10 'TAddSub' <Latency = 0> <II = 1> <Delay = 0.53> <IPBlock> <Opcode : '' 'add' 'sub'> <InPorts = 3> <OutPorts = 1> <Sync> <CReg>
ST_5 : Operation 1830 [1/1] (0.00ns)   --->   "%shl_ln73_224 = bitconcatenate i23 @_ssdm_op_BitConcatenate.i23.i16.i7, i16 %a_113, i7 0" [firmware/nnet_utils/nnet_mult.h:73->firmware/nnet_utils/nnet_dense_latency.h:42]   --->   Operation 1830 'bitconcatenate' 'shl_ln73_224' <Predicate = true> <Delay = 0.00>
ST_5 : Operation 1831 [1/1] (0.00ns)   --->   "%sext_ln73_382 = sext i23 %shl_ln73_224" [firmware/nnet_utils/nnet_mult.h:73->firmware/nnet_utils/nnet_dense_latency.h:42]   --->   Operation 1831 'sext' 'sext_ln73_382' <Predicate = true> <Delay = 0.00>
ST_5 : Operation 1832 [1/1] (0.00ns) (grouped into TernaryAdder)   --->   "%mult_885 = add i24 %sext_ln73_382, i24 %sext_ln73_377" [firmware/nnet_utils/nnet_mult.h:73->firmware/nnet_utils/nnet_dense_latency.h:42]   --->   Operation 1832 'add' 'mult_885' <Predicate = true> <Delay = 0.00> <CoreInst = "TAddSub">   --->   Core 10 'TAddSub' <Latency = 0> <II = 1> <Delay = 0.53> <IPBlock> <Opcode : '' 'add' 'sub'> <InPorts = 3> <OutPorts = 1> <Sync> <CReg>
ST_5 : Operation 1833 [1/1] (0.00ns)   --->   "%sext_ln17_153 = sext i24 %mult_887" [firmware/nnet_utils/nnet_dense_latency.h:17]   --->   Operation 1833 'sext' 'sext_ln17_153' <Predicate = true> <Delay = 0.00>
ST_5 : Operation 1834 [1/1] (0.00ns)   --->   "%sext_ln17_154 = sext i21 %mult_888" [firmware/nnet_utils/nnet_dense_latency.h:17]   --->   Operation 1834 'sext' 'sext_ln17_154' <Predicate = true> <Delay = 0.00>
ST_5 : Operation 1835 [1/1] (0.00ns)   --->   "%shl_ln73_226 = bitconcatenate i23 @_ssdm_op_BitConcatenate.i23.i16.i7, i16 %a_115, i7 0" [firmware/nnet_utils/nnet_mult.h:73->firmware/nnet_utils/nnet_dense_latency.h:42]   --->   Operation 1835 'bitconcatenate' 'shl_ln73_226' <Predicate = true> <Delay = 0.00>
ST_5 : Operation 1836 [1/1] (0.00ns)   --->   "%sext_ln73_384 = sext i23 %shl_ln73_226" [firmware/nnet_utils/nnet_mult.h:73->firmware/nnet_utils/nnet_dense_latency.h:42]   --->   Operation 1836 'sext' 'sext_ln73_384' <Predicate = true> <Delay = 0.00>
ST_5 : Operation 1837 [1/1] (0.00ns)   --->   "%shl_ln73_227 = bitconcatenate i18 @_ssdm_op_BitConcatenate.i18.i16.i2, i16 %a_115, i2 0" [firmware/nnet_utils/nnet_mult.h:73->firmware/nnet_utils/nnet_dense_latency.h:42]   --->   Operation 1837 'bitconcatenate' 'shl_ln73_227' <Predicate = true> <Delay = 0.00>
ST_5 : Operation 1838 [1/1] (0.00ns)   --->   "%sext_ln73_385 = sext i18 %shl_ln73_227" [firmware/nnet_utils/nnet_mult.h:73->firmware/nnet_utils/nnet_dense_latency.h:42]   --->   Operation 1838 'sext' 'sext_ln73_385' <Predicate = true> <Delay = 0.00>
ST_5 : Operation 1839 [1/1] (0.00ns) (grouped into TernaryAdder)   --->   "%mult_897 = add i24 %sext_ln73_384, i24 %sext_ln73_385" [firmware/nnet_utils/nnet_mult.h:73->firmware/nnet_utils/nnet_dense_latency.h:42]   --->   Operation 1839 'add' 'mult_897' <Predicate = true> <Delay = 0.00> <CoreInst = "TAddSub">   --->   Core 10 'TAddSub' <Latency = 0> <II = 1> <Delay = 0.53> <IPBlock> <Opcode : '' 'add' 'sub'> <InPorts = 3> <OutPorts = 1> <Sync> <CReg>
ST_5 : Operation 1840 [1/1] (0.00ns)   --->   "%sext_ln73_387 = sext i17 %shl_ln73_229" [firmware/nnet_utils/nnet_mult.h:73->firmware/nnet_utils/nnet_dense_latency.h:42]   --->   Operation 1840 'sext' 'sext_ln73_387' <Predicate = true> <Delay = 0.00>
ST_5 : Operation 1841 [1/1] (0.00ns)   --->   "%sext_ln17_157 = sext i24 %mult_899" [firmware/nnet_utils/nnet_dense_latency.h:17]   --->   Operation 1841 'sext' 'sext_ln17_157' <Predicate = true> <Delay = 0.00>
ST_5 : Operation 1842 [1/1] (0.00ns)   --->   "%shl_ln73_230 = bitconcatenate i20 @_ssdm_op_BitConcatenate.i20.i16.i4, i16 %a_115, i4 0" [firmware/nnet_utils/nnet_mult.h:73->firmware/nnet_utils/nnet_dense_latency.h:42]   --->   Operation 1842 'bitconcatenate' 'shl_ln73_230' <Predicate = true> <Delay = 0.00>
ST_5 : Operation 1843 [1/1] (0.00ns)   --->   "%sext_ln73_389 = sext i20 %shl_ln73_230" [firmware/nnet_utils/nnet_mult.h:73->firmware/nnet_utils/nnet_dense_latency.h:42]   --->   Operation 1843 'sext' 'sext_ln73_389' <Predicate = true> <Delay = 0.00>
ST_5 : Operation 1844 [1/1] (0.00ns) (grouped into TernaryAdder)   --->   "%mult_900 = sub i21 %sext_ln73_389, i21 %sext_ln73_387" [firmware/nnet_utils/nnet_mult.h:73->firmware/nnet_utils/nnet_dense_latency.h:42]   --->   Operation 1844 'sub' 'mult_900' <Predicate = true> <Delay = 0.00> <CoreInst = "TAddSub">   --->   Core 10 'TAddSub' <Latency = 0> <II = 1> <Delay = 0.53> <IPBlock> <Opcode : '' 'add' 'sub'> <InPorts = 3> <OutPorts = 1> <Sync> <CReg>
ST_5 : Operation 1845 [1/1] (0.00ns)   --->   "%sext_ln17_158 = sext i25 %mult_905" [firmware/nnet_utils/nnet_dense_latency.h:17]   --->   Operation 1845 'sext' 'sext_ln17_158' <Predicate = true> <Delay = 0.00>
ST_5 : Operation 1846 [1/1] (0.00ns)   --->   "%mult_913 = bitconcatenate i21 @_ssdm_op_BitConcatenate.i21.i16.i5, i16 %a_116, i5 0" [firmware/nnet_utils/nnet_mult.h:73->firmware/nnet_utils/nnet_dense_latency.h:42]   --->   Operation 1846 'bitconcatenate' 'mult_913' <Predicate = true> <Delay = 0.00>
ST_5 : Operation 1847 [1/1] (0.00ns)   --->   "%sext_ln17_160 = sext i22 %mult_919" [firmware/nnet_utils/nnet_dense_latency.h:17]   --->   Operation 1847 'sext' 'sext_ln17_160' <Predicate = true> <Delay = 0.00>
ST_5 : Operation 1848 [1/1] (0.00ns)   --->   "%shl_ln73_231 = bitconcatenate i23 @_ssdm_op_BitConcatenate.i23.i16.i7, i16 %a_117, i7 0" [firmware/nnet_utils/nnet_mult.h:73->firmware/nnet_utils/nnet_dense_latency.h:42]   --->   Operation 1848 'bitconcatenate' 'shl_ln73_231' <Predicate = true> <Delay = 0.00>
ST_5 : Operation 1849 [1/1] (0.00ns)   --->   "%sext_ln73_390 = sext i23 %shl_ln73_231" [firmware/nnet_utils/nnet_mult.h:73->firmware/nnet_utils/nnet_dense_latency.h:42]   --->   Operation 1849 'sext' 'sext_ln73_390' <Predicate = true> <Delay = 0.00>
ST_5 : Operation 1850 [1/1] (0.00ns)   --->   "%shl_ln73_232 = bitconcatenate i17 @_ssdm_op_BitConcatenate.i17.i16.i1, i16 %a_117, i1 0" [firmware/nnet_utils/nnet_mult.h:73->firmware/nnet_utils/nnet_dense_latency.h:42]   --->   Operation 1850 'bitconcatenate' 'shl_ln73_232' <Predicate = true> <Delay = 0.00>
ST_5 : Operation 1851 [1/1] (0.00ns)   --->   "%sext_ln73_391 = sext i17 %shl_ln73_232" [firmware/nnet_utils/nnet_mult.h:73->firmware/nnet_utils/nnet_dense_latency.h:42]   --->   Operation 1851 'sext' 'sext_ln73_391' <Predicate = true> <Delay = 0.00>
ST_5 : Operation 1852 [1/1] (0.00ns) (grouped into TernaryAdder)   --->   "%mult_922 = sub i24 %sext_ln73_390, i24 %sext_ln73_391" [firmware/nnet_utils/nnet_mult.h:73->firmware/nnet_utils/nnet_dense_latency.h:42]   --->   Operation 1852 'sub' 'mult_922' <Predicate = true> <Delay = 0.00> <CoreInst = "TAddSub">   --->   Core 10 'TAddSub' <Latency = 0> <II = 1> <Delay = 0.53> <IPBlock> <Opcode : '' 'add' 'sub'> <InPorts = 3> <OutPorts = 1> <Sync> <CReg>
ST_5 : Operation 1853 [1/1] (0.00ns)   --->   "%sext_ln17_161 = sext i24 %mult_923" [firmware/nnet_utils/nnet_dense_latency.h:17]   --->   Operation 1853 'sext' 'sext_ln17_161' <Predicate = true> <Delay = 0.00>
ST_5 : Operation 1854 [1/1] (0.00ns)   --->   "%shl_ln73_233 = bitconcatenate i20 @_ssdm_op_BitConcatenate.i20.i16.i4, i16 %a_118, i4 0" [firmware/nnet_utils/nnet_mult.h:73->firmware/nnet_utils/nnet_dense_latency.h:42]   --->   Operation 1854 'bitconcatenate' 'shl_ln73_233' <Predicate = true> <Delay = 0.00>
ST_5 : Operation 1855 [1/1] (0.00ns)   --->   "%sext_ln73_392 = sext i20 %shl_ln73_233" [firmware/nnet_utils/nnet_mult.h:73->firmware/nnet_utils/nnet_dense_latency.h:42]   --->   Operation 1855 'sext' 'sext_ln73_392' <Predicate = true> <Delay = 0.00>
ST_5 : Operation 1856 [1/1] (0.00ns) (grouped into TernaryAdder)   --->   "%sub_ln73_135 = sub i21 0, i21 %sext_ln73_392" [firmware/nnet_utils/nnet_mult.h:73->firmware/nnet_utils/nnet_dense_latency.h:42]   --->   Operation 1856 'sub' 'sub_ln73_135' <Predicate = true> <Delay = 0.00> <CoreInst = "TAddSub">   --->   Core 10 'TAddSub' <Latency = 0> <II = 1> <Delay = 0.53> <IPBlock> <Opcode : '' 'add' 'sub'> <InPorts = 3> <OutPorts = 1> <Sync> <CReg>
ST_5 : Operation 1857 [1/1] (0.00ns)   --->   "%shl_ln73_234 = bitconcatenate i17 @_ssdm_op_BitConcatenate.i17.i16.i1, i16 %a_118, i1 0" [firmware/nnet_utils/nnet_mult.h:73->firmware/nnet_utils/nnet_dense_latency.h:42]   --->   Operation 1857 'bitconcatenate' 'shl_ln73_234' <Predicate = true> <Delay = 0.00>
ST_5 : Operation 1858 [1/1] (0.00ns)   --->   "%sext_ln73_393 = sext i17 %shl_ln73_234" [firmware/nnet_utils/nnet_mult.h:73->firmware/nnet_utils/nnet_dense_latency.h:42]   --->   Operation 1858 'sext' 'sext_ln73_393' <Predicate = true> <Delay = 0.00>
ST_5 : Operation 1859 [1/1] (1.02ns) (root node of TernaryAdder)   --->   "%mult_929 = sub i21 %sub_ln73_135, i21 %sext_ln73_393" [firmware/nnet_utils/nnet_mult.h:73->firmware/nnet_utils/nnet_dense_latency.h:42]   --->   Operation 1859 'sub' 'mult_929' <Predicate = true> <Delay = 1.02> <CoreInst = "TAddSub">   --->   Core 10 'TAddSub' <Latency = 0> <II = 1> <Delay = 0.53> <IPBlock> <Opcode : '' 'add' 'sub'> <InPorts = 3> <OutPorts = 1> <Sync> <CReg>
ST_5 : Operation 1860 [1/1] (0.00ns)   --->   "%sext_ln17_162 = sext i21 %mult_929" [firmware/nnet_utils/nnet_dense_latency.h:17]   --->   Operation 1860 'sext' 'sext_ln17_162' <Predicate = true> <Delay = 0.00>
ST_5 : Operation 1861 [1/1] (0.00ns)   --->   "%sext_ln17_163 = sext i23 %mult_936" [firmware/nnet_utils/nnet_dense_latency.h:17]   --->   Operation 1861 'sext' 'sext_ln17_163' <Predicate = true> <Delay = 0.00>
ST_5 : Operation 1862 [1/1] (0.00ns)   --->   "%sext_ln17_165 = sext i22 %mult_946" [firmware/nnet_utils/nnet_dense_latency.h:17]   --->   Operation 1862 'sext' 'sext_ln17_165' <Predicate = true> <Delay = 0.00>
ST_5 : Operation 1863 [1/1] (0.00ns)   --->   "%shl_ln73_235 = bitconcatenate i21 @_ssdm_op_BitConcatenate.i21.i16.i5, i16 %a_120, i5 0" [firmware/nnet_utils/nnet_mult.h:73->firmware/nnet_utils/nnet_dense_latency.h:42]   --->   Operation 1863 'bitconcatenate' 'shl_ln73_235' <Predicate = true> <Delay = 0.00>
ST_5 : Operation 1864 [1/1] (0.00ns)   --->   "%sext_ln73_394 = sext i21 %shl_ln73_235" [firmware/nnet_utils/nnet_mult.h:73->firmware/nnet_utils/nnet_dense_latency.h:42]   --->   Operation 1864 'sext' 'sext_ln73_394' <Predicate = true> <Delay = 0.00>
ST_5 : Operation 1865 [1/1] (0.00ns)   --->   "%shl_ln73_236 = bitconcatenate i18 @_ssdm_op_BitConcatenate.i18.i16.i2, i16 %a_120, i2 0" [firmware/nnet_utils/nnet_mult.h:73->firmware/nnet_utils/nnet_dense_latency.h:42]   --->   Operation 1865 'bitconcatenate' 'shl_ln73_236' <Predicate = true> <Delay = 0.00>
ST_5 : Operation 1866 [1/1] (0.00ns)   --->   "%sext_ln73_395 = sext i18 %shl_ln73_236" [firmware/nnet_utils/nnet_mult.h:73->firmware/nnet_utils/nnet_dense_latency.h:42]   --->   Operation 1866 'sext' 'sext_ln73_395' <Predicate = true> <Delay = 0.00>
ST_5 : Operation 1867 [1/1] (1.43ns)   --->   "%mult_952 = add i22 %sext_ln73_394, i22 %sext_ln73_395" [firmware/nnet_utils/nnet_mult.h:73->firmware/nnet_utils/nnet_dense_latency.h:42]   --->   Operation 1867 'add' 'mult_952' <Predicate = true> <Delay = 1.43> <CoreInst = "Adder">   --->   Core 1 'Adder' <Latency = 0> <II = 1> <Delay = 1.43> <FuncUnit> <Opcode : 'add' 'sub'> <InPorts = 2> <OutPorts = 1>
ST_5 : Operation 1868 [1/1] (0.00ns)   --->   "%sext_ln17_166 = sext i22 %mult_952" [firmware/nnet_utils/nnet_dense_latency.h:17]   --->   Operation 1868 'sext' 'sext_ln17_166' <Predicate = true> <Delay = 0.00>
ST_5 : Operation 1869 [1/1] (0.00ns)   --->   "%shl_ln73_237 = bitconcatenate i23 @_ssdm_op_BitConcatenate.i23.i16.i7, i16 %a_121, i7 0" [firmware/nnet_utils/nnet_mult.h:73->firmware/nnet_utils/nnet_dense_latency.h:42]   --->   Operation 1869 'bitconcatenate' 'shl_ln73_237' <Predicate = true> <Delay = 0.00>
ST_5 : Operation 1870 [1/1] (0.00ns)   --->   "%sext_ln73_396 = sext i23 %shl_ln73_237" [firmware/nnet_utils/nnet_mult.h:73->firmware/nnet_utils/nnet_dense_latency.h:42]   --->   Operation 1870 'sext' 'sext_ln73_396' <Predicate = true> <Delay = 0.00>
ST_5 : Operation 1871 [1/1] (0.00ns)   --->   "%shl_ln73_238 = bitconcatenate i21 @_ssdm_op_BitConcatenate.i21.i16.i5, i16 %a_121, i5 0" [firmware/nnet_utils/nnet_mult.h:73->firmware/nnet_utils/nnet_dense_latency.h:42]   --->   Operation 1871 'bitconcatenate' 'shl_ln73_238' <Predicate = true> <Delay = 0.00>
ST_5 : Operation 1872 [1/1] (0.00ns)   --->   "%sext_ln73_397 = sext i21 %shl_ln73_238" [firmware/nnet_utils/nnet_mult.h:73->firmware/nnet_utils/nnet_dense_latency.h:42]   --->   Operation 1872 'sext' 'sext_ln73_397' <Predicate = true> <Delay = 0.00>
ST_5 : Operation 1873 [1/1] (0.00ns)   --->   "%sext_ln73_398 = sext i21 %shl_ln73_238" [firmware/nnet_utils/nnet_mult.h:73->firmware/nnet_utils/nnet_dense_latency.h:42]   --->   Operation 1873 'sext' 'sext_ln73_398' <Predicate = true> <Delay = 0.00>
ST_5 : Operation 1874 [1/1] (1.44ns)   --->   "%mult_956 = sub i24 %sext_ln73_396, i24 %sext_ln73_398" [firmware/nnet_utils/nnet_mult.h:73->firmware/nnet_utils/nnet_dense_latency.h:42]   --->   Operation 1874 'sub' 'mult_956' <Predicate = true> <Delay = 1.44> <CoreInst = "Adder">   --->   Core 1 'Adder' <Latency = 0> <II = 1> <Delay = 1.44> <FuncUnit> <Opcode : 'add' 'sub'> <InPorts = 2> <OutPorts = 1>
ST_5 : Operation 1875 [1/1] (0.00ns)   --->   "%sext_ln17_167 = sext i24 %mult_956" [firmware/nnet_utils/nnet_dense_latency.h:17]   --->   Operation 1875 'sext' 'sext_ln17_167' <Predicate = true> <Delay = 0.00>
ST_5 : Operation 1876 [1/1] (0.00ns)   --->   "%sext_ln17_168 = sext i24 %mult_957" [firmware/nnet_utils/nnet_dense_latency.h:17]   --->   Operation 1876 'sext' 'sext_ln17_168' <Predicate = true> <Delay = 0.00>
ST_5 : Operation 1877 [1/1] (0.00ns) (grouped into TernaryAdder)   --->   "%mult_963 = sub i22 %sext_ln73_397, i22 %sext_ln70_323" [firmware/nnet_utils/nnet_mult.h:73->firmware/nnet_utils/nnet_dense_latency.h:42]   --->   Operation 1877 'sub' 'mult_963' <Predicate = true> <Delay = 0.00> <CoreInst = "TAddSub">   --->   Core 10 'TAddSub' <Latency = 0> <II = 1> <Delay = 0.53> <IPBlock> <Opcode : '' 'add' 'sub'> <InPorts = 3> <OutPorts = 1> <Sync> <CReg>
ST_5 : Operation 1878 [1/1] (0.00ns)   --->   "%shl_ln73_239 = bitconcatenate i24 @_ssdm_op_BitConcatenate.i24.i16.i8, i16 %a_121, i8 0" [firmware/nnet_utils/nnet_mult.h:73->firmware/nnet_utils/nnet_dense_latency.h:42]   --->   Operation 1878 'bitconcatenate' 'shl_ln73_239' <Predicate = true> <Delay = 0.00>
ST_5 : Operation 1879 [1/1] (0.00ns)   --->   "%sext_ln73_399 = sext i24 %shl_ln73_239" [firmware/nnet_utils/nnet_mult.h:73->firmware/nnet_utils/nnet_dense_latency.h:42]   --->   Operation 1879 'sext' 'sext_ln73_399' <Predicate = true> <Delay = 0.00>
ST_5 : Operation 1880 [1/1] (0.00ns)   --->   "%shl_ln73_240 = bitconcatenate i20 @_ssdm_op_BitConcatenate.i20.i16.i4, i16 %a_121, i4 0" [firmware/nnet_utils/nnet_mult.h:73->firmware/nnet_utils/nnet_dense_latency.h:42]   --->   Operation 1880 'bitconcatenate' 'shl_ln73_240' <Predicate = true> <Delay = 0.00>
ST_5 : Operation 1881 [1/1] (0.00ns)   --->   "%sext_ln73_400 = sext i20 %shl_ln73_240" [firmware/nnet_utils/nnet_mult.h:73->firmware/nnet_utils/nnet_dense_latency.h:42]   --->   Operation 1881 'sext' 'sext_ln73_400' <Predicate = true> <Delay = 0.00>
ST_5 : Operation 1882 [1/1] (1.45ns)   --->   "%mult_964 = sub i25 %sext_ln73_400, i25 %sext_ln73_399" [firmware/nnet_utils/nnet_mult.h:73->firmware/nnet_utils/nnet_dense_latency.h:42]   --->   Operation 1882 'sub' 'mult_964' <Predicate = true> <Delay = 1.45> <CoreInst = "Adder">   --->   Core 1 'Adder' <Latency = 0> <II = 1> <Delay = 1.45> <FuncUnit> <Opcode : 'add' 'sub'> <InPorts = 2> <OutPorts = 1>
ST_5 : Operation 1883 [1/1] (0.00ns)   --->   "%sext_ln17_169 = sext i25 %mult_964" [firmware/nnet_utils/nnet_dense_latency.h:17]   --->   Operation 1883 'sext' 'sext_ln17_169' <Predicate = true> <Delay = 0.00>
ST_5 : Operation 1884 [1/1] (0.00ns)   --->   "%sext_ln17_170 = sext i25 %mult_968" [firmware/nnet_utils/nnet_dense_latency.h:17]   --->   Operation 1884 'sext' 'sext_ln17_170' <Predicate = true> <Delay = 0.00>
ST_5 : Operation 1885 [1/1] (0.00ns)   --->   "%shl_ln73_241 = bitconcatenate i21 @_ssdm_op_BitConcatenate.i21.i16.i5, i16 %a_122, i5 0" [firmware/nnet_utils/nnet_mult.h:73->firmware/nnet_utils/nnet_dense_latency.h:42]   --->   Operation 1885 'bitconcatenate' 'shl_ln73_241' <Predicate = true> <Delay = 0.00>
ST_5 : Operation 1886 [1/1] (0.00ns)   --->   "%sext_ln73_401 = sext i21 %shl_ln73_241" [firmware/nnet_utils/nnet_mult.h:73->firmware/nnet_utils/nnet_dense_latency.h:42]   --->   Operation 1886 'sext' 'sext_ln73_401' <Predicate = true> <Delay = 0.00>
ST_5 : Operation 1887 [1/1] (0.00ns)   --->   "%mult_970 = bitconcatenate i19 @_ssdm_op_BitConcatenate.i19.i16.i3, i16 %a_122, i3 0" [firmware/nnet_utils/nnet_mult.h:73->firmware/nnet_utils/nnet_dense_latency.h:42]   --->   Operation 1887 'bitconcatenate' 'mult_970' <Predicate = true> <Delay = 0.00>
ST_5 : Operation 1888 [1/1] (0.00ns)   --->   "%sext_ln73_402 = sext i19 %mult_970" [firmware/nnet_utils/nnet_mult.h:73->firmware/nnet_utils/nnet_dense_latency.h:42]   --->   Operation 1888 'sext' 'sext_ln73_402' <Predicate = true> <Delay = 0.00>
ST_5 : Operation 1889 [1/1] (1.43ns)   --->   "%mult_969 = sub i22 %sext_ln73_401, i22 %sext_ln73_402" [firmware/nnet_utils/nnet_mult.h:73->firmware/nnet_utils/nnet_dense_latency.h:42]   --->   Operation 1889 'sub' 'mult_969' <Predicate = true> <Delay = 1.43> <CoreInst = "Adder">   --->   Core 1 'Adder' <Latency = 0> <II = 1> <Delay = 1.43> <FuncUnit> <Opcode : 'add' 'sub'> <InPorts = 2> <OutPorts = 1>
ST_5 : Operation 1890 [1/1] (0.00ns)   --->   "%sext_ln17_171 = sext i22 %mult_969" [firmware/nnet_utils/nnet_dense_latency.h:17]   --->   Operation 1890 'sext' 'sext_ln17_171' <Predicate = true> <Delay = 0.00>
ST_5 : Operation 1891 [1/1] (0.00ns)   --->   "%sext_ln17_172 = sext i19 %mult_970" [firmware/nnet_utils/nnet_dense_latency.h:17]   --->   Operation 1891 'sext' 'sext_ln17_172' <Predicate = true> <Delay = 0.00>
ST_5 : Operation 1892 [1/1] (0.00ns)   --->   "%sext_ln17_173 = sext i25 %mult_972" [firmware/nnet_utils/nnet_dense_latency.h:17]   --->   Operation 1892 'sext' 'sext_ln17_173' <Predicate = true> <Delay = 0.00>
ST_5 : Operation 1893 [1/1] (0.00ns)   --->   "%shl_ln73_242 = bitconcatenate i22 @_ssdm_op_BitConcatenate.i22.i16.i6, i16 %a_122, i6 0" [firmware/nnet_utils/nnet_mult.h:73->firmware/nnet_utils/nnet_dense_latency.h:42]   --->   Operation 1893 'bitconcatenate' 'shl_ln73_242' <Predicate = true> <Delay = 0.00>
ST_5 : Operation 1894 [1/1] (0.00ns)   --->   "%sext_ln73_403 = sext i22 %shl_ln73_242" [firmware/nnet_utils/nnet_mult.h:73->firmware/nnet_utils/nnet_dense_latency.h:42]   --->   Operation 1894 'sext' 'sext_ln73_403' <Predicate = true> <Delay = 0.00>
ST_5 : Operation 1895 [1/1] (0.00ns)   --->   "%shl_ln73_243 = bitconcatenate i18 @_ssdm_op_BitConcatenate.i18.i16.i2, i16 %a_122, i2 0" [firmware/nnet_utils/nnet_mult.h:73->firmware/nnet_utils/nnet_dense_latency.h:42]   --->   Operation 1895 'bitconcatenate' 'shl_ln73_243' <Predicate = true> <Delay = 0.00>
ST_5 : Operation 1896 [1/1] (0.00ns)   --->   "%sext_ln73_404 = sext i18 %shl_ln73_243" [firmware/nnet_utils/nnet_mult.h:73->firmware/nnet_utils/nnet_dense_latency.h:42]   --->   Operation 1896 'sext' 'sext_ln73_404' <Predicate = true> <Delay = 0.00>
ST_5 : Operation 1897 [1/1] (0.00ns) (grouped into TernaryAdder)   --->   "%mult_973 = add i23 %sext_ln73_403, i23 %sext_ln73_404" [firmware/nnet_utils/nnet_mult.h:73->firmware/nnet_utils/nnet_dense_latency.h:42]   --->   Operation 1897 'add' 'mult_973' <Predicate = true> <Delay = 0.00> <CoreInst = "TAddSub">   --->   Core 10 'TAddSub' <Latency = 0> <II = 1> <Delay = 0.53> <IPBlock> <Opcode : '' 'add' 'sub'> <InPorts = 3> <OutPorts = 1> <Sync> <CReg>
ST_5 : Operation 1898 [1/1] (0.00ns)   --->   "%sext_ln17_174 = sext i24 %mult_974" [firmware/nnet_utils/nnet_dense_latency.h:17]   --->   Operation 1898 'sext' 'sext_ln17_174' <Predicate = true> <Delay = 0.00>
ST_5 : Operation 1899 [1/1] (0.00ns)   --->   "%shl_ln73_244 = bitconcatenate i21 @_ssdm_op_BitConcatenate.i21.i16.i5, i16 %a_123, i5 0" [firmware/nnet_utils/nnet_mult.h:73->firmware/nnet_utils/nnet_dense_latency.h:42]   --->   Operation 1899 'bitconcatenate' 'shl_ln73_244' <Predicate = true> <Delay = 0.00>
ST_5 : Operation 1900 [1/1] (0.00ns)   --->   "%sext_ln73_405 = sext i21 %shl_ln73_244" [firmware/nnet_utils/nnet_mult.h:73->firmware/nnet_utils/nnet_dense_latency.h:42]   --->   Operation 1900 'sext' 'sext_ln73_405' <Predicate = true> <Delay = 0.00>
ST_5 : Operation 1901 [1/1] (0.00ns)   --->   "%shl_ln73_245 = bitconcatenate i17 @_ssdm_op_BitConcatenate.i17.i16.i1, i16 %a_123, i1 0" [firmware/nnet_utils/nnet_mult.h:73->firmware/nnet_utils/nnet_dense_latency.h:42]   --->   Operation 1901 'bitconcatenate' 'shl_ln73_245' <Predicate = true> <Delay = 0.00>
ST_5 : Operation 1902 [1/1] (0.00ns)   --->   "%sext_ln73_406 = sext i17 %shl_ln73_245" [firmware/nnet_utils/nnet_mult.h:73->firmware/nnet_utils/nnet_dense_latency.h:42]   --->   Operation 1902 'sext' 'sext_ln73_406' <Predicate = true> <Delay = 0.00>
ST_5 : Operation 1903 [1/1] (0.00ns) (grouped into TernaryAdder)   --->   "%mult_976 = add i22 %sext_ln73_405, i22 %sext_ln73_406" [firmware/nnet_utils/nnet_mult.h:73->firmware/nnet_utils/nnet_dense_latency.h:42]   --->   Operation 1903 'add' 'mult_976' <Predicate = true> <Delay = 0.00> <CoreInst = "TAddSub">   --->   Core 10 'TAddSub' <Latency = 0> <II = 1> <Delay = 0.53> <IPBlock> <Opcode : '' 'add' 'sub'> <InPorts = 3> <OutPorts = 1> <Sync> <CReg>
ST_5 : Operation 1904 [1/1] (0.00ns)   --->   "%shl_ln73_246 = bitconcatenate i23 @_ssdm_op_BitConcatenate.i23.i16.i7, i16 %a_123, i7 0" [firmware/nnet_utils/nnet_mult.h:73->firmware/nnet_utils/nnet_dense_latency.h:42]   --->   Operation 1904 'bitconcatenate' 'shl_ln73_246' <Predicate = true> <Delay = 0.00>
ST_5 : Operation 1905 [1/1] (0.00ns)   --->   "%sext_ln73_407 = sext i23 %shl_ln73_246" [firmware/nnet_utils/nnet_mult.h:73->firmware/nnet_utils/nnet_dense_latency.h:42]   --->   Operation 1905 'sext' 'sext_ln73_407' <Predicate = true> <Delay = 0.00>
ST_5 : Operation 1906 [1/1] (0.00ns)   --->   "%shl_ln73_247 = bitconcatenate i19 @_ssdm_op_BitConcatenate.i19.i16.i3, i16 %a_123, i3 0" [firmware/nnet_utils/nnet_mult.h:73->firmware/nnet_utils/nnet_dense_latency.h:42]   --->   Operation 1906 'bitconcatenate' 'shl_ln73_247' <Predicate = true> <Delay = 0.00>
ST_5 : Operation 1907 [1/1] (0.00ns)   --->   "%sext_ln73_408 = sext i19 %shl_ln73_247" [firmware/nnet_utils/nnet_mult.h:73->firmware/nnet_utils/nnet_dense_latency.h:42]   --->   Operation 1907 'sext' 'sext_ln73_408' <Predicate = true> <Delay = 0.00>
ST_5 : Operation 1908 [1/1] (0.00ns) (grouped into TernaryAdder)   --->   "%mult_979 = add i24 %sext_ln73_407, i24 %sext_ln73_408" [firmware/nnet_utils/nnet_mult.h:73->firmware/nnet_utils/nnet_dense_latency.h:42]   --->   Operation 1908 'add' 'mult_979' <Predicate = true> <Delay = 0.00> <CoreInst = "TAddSub">   --->   Core 10 'TAddSub' <Latency = 0> <II = 1> <Delay = 0.53> <IPBlock> <Opcode : '' 'add' 'sub'> <InPorts = 3> <OutPorts = 1> <Sync> <CReg>
ST_5 : Operation 1909 [1/1] (0.00ns)   --->   "%sext_ln17_175 = sext i23 %mult_980" [firmware/nnet_utils/nnet_dense_latency.h:17]   --->   Operation 1909 'sext' 'sext_ln17_175' <Predicate = true> <Delay = 0.00>
ST_5 : Operation 1910 [1/1] (1.44ns)   --->   "%sub_ln73_141 = sub i24 0, i24 %sext_ln73_407" [firmware/nnet_utils/nnet_mult.h:73->firmware/nnet_utils/nnet_dense_latency.h:42]   --->   Operation 1910 'sub' 'sub_ln73_141' <Predicate = true> <Delay = 1.44> <CoreInst = "Adder">   --->   Core 1 'Adder' <Latency = 0> <II = 1> <Delay = 1.44> <FuncUnit> <Opcode : 'add' 'sub'> <InPorts = 2> <OutPorts = 1>
ST_5 : Operation 1911 [1/1] (0.00ns)   --->   "%shl_ln73_248 = bitconcatenate i20 @_ssdm_op_BitConcatenate.i20.i16.i4, i16 %a_123, i4 0" [firmware/nnet_utils/nnet_mult.h:73->firmware/nnet_utils/nnet_dense_latency.h:42]   --->   Operation 1911 'bitconcatenate' 'shl_ln73_248' <Predicate = true> <Delay = 0.00>
ST_5 : Operation 1912 [1/1] (0.00ns)   --->   "%sext_ln73_409 = sext i20 %shl_ln73_248" [firmware/nnet_utils/nnet_mult.h:73->firmware/nnet_utils/nnet_dense_latency.h:42]   --->   Operation 1912 'sext' 'sext_ln73_409' <Predicate = true> <Delay = 0.00>
ST_5 : Operation 1913 [1/1] (0.00ns) (grouped into TernaryAdder)   --->   "%mult_981 = sub i24 %sub_ln73_141, i24 %sext_ln73_409" [firmware/nnet_utils/nnet_mult.h:73->firmware/nnet_utils/nnet_dense_latency.h:42]   --->   Operation 1913 'sub' 'mult_981' <Predicate = true> <Delay = 0.00> <CoreInst = "TAddSub">   --->   Core 10 'TAddSub' <Latency = 0> <II = 1> <Delay = 0.53> <IPBlock> <Opcode : '' 'add' 'sub'> <InPorts = 3> <OutPorts = 1> <Sync> <CReg>
ST_5 : Operation 1914 [1/1] (0.00ns)   --->   "%sext_ln17_176 = sext i22 %mult_985" [firmware/nnet_utils/nnet_dense_latency.h:17]   --->   Operation 1914 'sext' 'sext_ln17_176' <Predicate = true> <Delay = 0.00>
ST_5 : Operation 1915 [1/1] (0.00ns)   --->   "%shl_ln73_249 = bitconcatenate i22 @_ssdm_op_BitConcatenate.i22.i16.i6, i16 %a_124, i6 0" [firmware/nnet_utils/nnet_mult.h:73->firmware/nnet_utils/nnet_dense_latency.h:42]   --->   Operation 1915 'bitconcatenate' 'shl_ln73_249' <Predicate = true> <Delay = 0.00>
ST_5 : Operation 1916 [1/1] (0.00ns)   --->   "%sext_ln73_410 = sext i22 %shl_ln73_249" [firmware/nnet_utils/nnet_mult.h:73->firmware/nnet_utils/nnet_dense_latency.h:42]   --->   Operation 1916 'sext' 'sext_ln73_410' <Predicate = true> <Delay = 0.00>
ST_5 : Operation 1917 [1/1] (0.00ns)   --->   "%shl_ln73_250 = bitconcatenate i19 @_ssdm_op_BitConcatenate.i19.i16.i3, i16 %a_124, i3 0" [firmware/nnet_utils/nnet_mult.h:73->firmware/nnet_utils/nnet_dense_latency.h:42]   --->   Operation 1917 'bitconcatenate' 'shl_ln73_250' <Predicate = true> <Delay = 0.00>
ST_5 : Operation 1918 [1/1] (0.00ns)   --->   "%sext_ln73_411 = sext i19 %shl_ln73_250" [firmware/nnet_utils/nnet_mult.h:73->firmware/nnet_utils/nnet_dense_latency.h:42]   --->   Operation 1918 'sext' 'sext_ln73_411' <Predicate = true> <Delay = 0.00>
ST_5 : Operation 1919 [1/1] (0.00ns) (grouped into TernaryAdder)   --->   "%mult_987 = sub i23 %sext_ln73_410, i23 %sext_ln73_411" [firmware/nnet_utils/nnet_mult.h:73->firmware/nnet_utils/nnet_dense_latency.h:42]   --->   Operation 1919 'sub' 'mult_987' <Predicate = true> <Delay = 0.00> <CoreInst = "TAddSub">   --->   Core 10 'TAddSub' <Latency = 0> <II = 1> <Delay = 0.53> <IPBlock> <Opcode : '' 'add' 'sub'> <InPorts = 3> <OutPorts = 1> <Sync> <CReg>
ST_5 : Operation 1920 [1/1] (0.00ns)   --->   "%sext_ln17_177 = sext i25 %mult_993" [firmware/nnet_utils/nnet_dense_latency.h:17]   --->   Operation 1920 'sext' 'sext_ln17_177' <Predicate = true> <Delay = 0.00>
ST_5 : Operation 1921 [1/1] (0.00ns)   --->   "%sext_ln17_178 = sext i23 %mult_995" [firmware/nnet_utils/nnet_dense_latency.h:17]   --->   Operation 1921 'sext' 'sext_ln17_178' <Predicate = true> <Delay = 0.00>
ST_5 : Operation 1922 [1/1] (0.00ns)   --->   "%shl_ln73_252 = bitconcatenate i19 @_ssdm_op_BitConcatenate.i19.i16.i3, i16 %a_125, i3 0" [firmware/nnet_utils/nnet_mult.h:73->firmware/nnet_utils/nnet_dense_latency.h:42]   --->   Operation 1922 'bitconcatenate' 'shl_ln73_252' <Predicate = true> <Delay = 0.00>
ST_5 : Operation 1923 [1/1] (0.00ns)   --->   "%sext_ln73_413 = sext i19 %shl_ln73_252" [firmware/nnet_utils/nnet_mult.h:73->firmware/nnet_utils/nnet_dense_latency.h:42]   --->   Operation 1923 'sext' 'sext_ln73_413' <Predicate = true> <Delay = 0.00>
ST_5 : Operation 1924 [1/1] (0.00ns)   --->   "%shl_ln73_253 = bitconcatenate i17 @_ssdm_op_BitConcatenate.i17.i16.i1, i16 %a_125, i1 0" [firmware/nnet_utils/nnet_mult.h:73->firmware/nnet_utils/nnet_dense_latency.h:42]   --->   Operation 1924 'bitconcatenate' 'shl_ln73_253' <Predicate = true> <Delay = 0.00>
ST_5 : Operation 1925 [1/1] (0.00ns)   --->   "%sext_ln73_414 = sext i17 %shl_ln73_253" [firmware/nnet_utils/nnet_mult.h:73->firmware/nnet_utils/nnet_dense_latency.h:42]   --->   Operation 1925 'sext' 'sext_ln73_414' <Predicate = true> <Delay = 0.00>
ST_5 : Operation 1926 [1/1] (0.00ns) (grouped into TernaryAdder)   --->   "%mult_1000 = sub i20 %sext_ln73_414, i20 %sext_ln73_413" [firmware/nnet_utils/nnet_mult.h:73->firmware/nnet_utils/nnet_dense_latency.h:42]   --->   Operation 1926 'sub' 'mult_1000' <Predicate = true> <Delay = 0.00> <CoreInst = "TAddSub">   --->   Core 10 'TAddSub' <Latency = 0> <II = 1> <Delay = 0.53> <IPBlock> <Opcode : '' 'add' 'sub'> <InPorts = 3> <OutPorts = 1> <Sync> <CReg>
ST_5 : Operation 1927 [1/1] (0.00ns)   --->   "%sext_ln70_338 = sext i16 %a_126" [firmware/nnet_utils/nnet_mult.h:70->firmware/nnet_utils/nnet_dense_latency.h:42]   --->   Operation 1927 'sext' 'sext_ln70_338' <Predicate = true> <Delay = 0.00>
ST_5 : Operation 1928 [1/1] (0.00ns)   --->   "%shl_ln73_254 = bitconcatenate i21 @_ssdm_op_BitConcatenate.i21.i16.i5, i16 %a_126, i5 0" [firmware/nnet_utils/nnet_mult.h:73->firmware/nnet_utils/nnet_dense_latency.h:42]   --->   Operation 1928 'bitconcatenate' 'shl_ln73_254' <Predicate = true> <Delay = 0.00>
ST_5 : Operation 1929 [1/1] (0.00ns)   --->   "%sext_ln73_415 = sext i21 %shl_ln73_254" [firmware/nnet_utils/nnet_mult.h:73->firmware/nnet_utils/nnet_dense_latency.h:42]   --->   Operation 1929 'sext' 'sext_ln73_415' <Predicate = true> <Delay = 0.00>
ST_5 : Operation 1930 [1/1] (0.00ns)   --->   "%sext_ln73_416 = sext i21 %shl_ln73_254" [firmware/nnet_utils/nnet_mult.h:73->firmware/nnet_utils/nnet_dense_latency.h:42]   --->   Operation 1930 'sext' 'sext_ln73_416' <Predicate = true> <Delay = 0.00>
ST_5 : Operation 1931 [1/1] (0.00ns) (grouped into TernaryAdder)   --->   "%sub_ln73_145 = sub i22 0, i22 %sext_ln73_416" [firmware/nnet_utils/nnet_mult.h:73->firmware/nnet_utils/nnet_dense_latency.h:42]   --->   Operation 1931 'sub' 'sub_ln73_145' <Predicate = true> <Delay = 0.00> <CoreInst = "TAddSub">   --->   Core 10 'TAddSub' <Latency = 0> <II = 1> <Delay = 0.53> <IPBlock> <Opcode : '' 'add' 'sub'> <InPorts = 3> <OutPorts = 1> <Sync> <CReg>
ST_5 : Operation 1932 [1/1] (1.02ns) (root node of TernaryAdder)   --->   "%mult_1002 = sub i22 %sub_ln73_145, i22 %sext_ln70_339" [firmware/nnet_utils/nnet_mult.h:73->firmware/nnet_utils/nnet_dense_latency.h:42]   --->   Operation 1932 'sub' 'mult_1002' <Predicate = true> <Delay = 1.02> <CoreInst = "TAddSub">   --->   Core 10 'TAddSub' <Latency = 0> <II = 1> <Delay = 0.53> <IPBlock> <Opcode : '' 'add' 'sub'> <InPorts = 3> <OutPorts = 1> <Sync> <CReg>
ST_5 : Operation 1933 [1/1] (0.00ns)   --->   "%sext_ln17_179 = sext i22 %mult_1002" [firmware/nnet_utils/nnet_dense_latency.h:17]   --->   Operation 1933 'sext' 'sext_ln17_179' <Predicate = true> <Delay = 0.00>
ST_5 : Operation 1934 [1/1] (0.00ns)   --->   "%shl_ln73_255 = bitconcatenate i19 @_ssdm_op_BitConcatenate.i19.i16.i3, i16 %a_126, i3 0" [firmware/nnet_utils/nnet_mult.h:73->firmware/nnet_utils/nnet_dense_latency.h:42]   --->   Operation 1934 'bitconcatenate' 'shl_ln73_255' <Predicate = true> <Delay = 0.00>
ST_5 : Operation 1935 [1/1] (0.00ns)   --->   "%sext_ln73_417 = sext i19 %shl_ln73_255" [firmware/nnet_utils/nnet_mult.h:73->firmware/nnet_utils/nnet_dense_latency.h:42]   --->   Operation 1935 'sext' 'sext_ln73_417' <Predicate = true> <Delay = 0.00>
ST_5 : Operation 1936 [1/1] (0.00ns)   --->   "%sext_ln73_418 = sext i19 %shl_ln73_255" [firmware/nnet_utils/nnet_mult.h:73->firmware/nnet_utils/nnet_dense_latency.h:42]   --->   Operation 1936 'sext' 'sext_ln73_418' <Predicate = true> <Delay = 0.00>
ST_5 : Operation 1937 [1/1] (1.43ns)   --->   "%mult_1003 = sub i20 0, i20 %sext_ln73_418" [firmware/nnet_utils/nnet_mult.h:73->firmware/nnet_utils/nnet_dense_latency.h:42]   --->   Operation 1937 'sub' 'mult_1003' <Predicate = true> <Delay = 1.43> <CoreInst = "Adder">   --->   Core 1 'Adder' <Latency = 0> <II = 1> <Delay = 1.43> <FuncUnit> <Opcode : 'add' 'sub'> <InPorts = 2> <OutPorts = 1>
ST_5 : Operation 1938 [1/1] (0.00ns)   --->   "%sext_ln17_180 = sext i20 %mult_1003" [firmware/nnet_utils/nnet_dense_latency.h:17]   --->   Operation 1938 'sext' 'sext_ln17_180' <Predicate = true> <Delay = 0.00>
ST_5 : Operation 1939 [1/1] (0.00ns)   --->   "%shl_ln73_256 = bitconcatenate i22 @_ssdm_op_BitConcatenate.i22.i16.i6, i16 %a_126, i6 0" [firmware/nnet_utils/nnet_mult.h:73->firmware/nnet_utils/nnet_dense_latency.h:42]   --->   Operation 1939 'bitconcatenate' 'shl_ln73_256' <Predicate = true> <Delay = 0.00>
ST_5 : Operation 1940 [1/1] (0.00ns)   --->   "%sext_ln73_419 = sext i22 %shl_ln73_256" [firmware/nnet_utils/nnet_mult.h:73->firmware/nnet_utils/nnet_dense_latency.h:42]   --->   Operation 1940 'sext' 'sext_ln73_419' <Predicate = true> <Delay = 0.00>
ST_5 : Operation 1941 [1/1] (0.00ns)   --->   "%shl_ln73_257 = bitconcatenate i18 @_ssdm_op_BitConcatenate.i18.i16.i2, i16 %a_126, i2 0" [firmware/nnet_utils/nnet_mult.h:73->firmware/nnet_utils/nnet_dense_latency.h:42]   --->   Operation 1941 'bitconcatenate' 'shl_ln73_257' <Predicate = true> <Delay = 0.00>
ST_5 : Operation 1942 [1/1] (0.00ns)   --->   "%sext_ln73_420 = sext i18 %shl_ln73_257" [firmware/nnet_utils/nnet_mult.h:73->firmware/nnet_utils/nnet_dense_latency.h:42]   --->   Operation 1942 'sext' 'sext_ln73_420' <Predicate = true> <Delay = 0.00>
ST_5 : Operation 1943 [1/1] (0.00ns) (grouped into TernaryAdder)   --->   "%mult_1004 = sub i23 %sext_ln73_420, i23 %sext_ln73_419" [firmware/nnet_utils/nnet_mult.h:73->firmware/nnet_utils/nnet_dense_latency.h:42]   --->   Operation 1943 'sub' 'mult_1004' <Predicate = true> <Delay = 0.00> <CoreInst = "TAddSub">   --->   Core 10 'TAddSub' <Latency = 0> <II = 1> <Delay = 0.53> <IPBlock> <Opcode : '' 'add' 'sub'> <InPorts = 3> <OutPorts = 1> <Sync> <CReg>
ST_5 : Operation 1944 [1/1] (0.00ns)   --->   "%shl_ln73_258 = bitconcatenate i17 @_ssdm_op_BitConcatenate.i17.i16.i1, i16 %a_126, i1 0" [firmware/nnet_utils/nnet_mult.h:73->firmware/nnet_utils/nnet_dense_latency.h:42]   --->   Operation 1944 'bitconcatenate' 'shl_ln73_258' <Predicate = true> <Delay = 0.00>
ST_5 : Operation 1945 [1/1] (0.00ns)   --->   "%sext_ln73_421 = sext i17 %shl_ln73_258" [firmware/nnet_utils/nnet_mult.h:73->firmware/nnet_utils/nnet_dense_latency.h:42]   --->   Operation 1945 'sext' 'sext_ln73_421' <Predicate = true> <Delay = 0.00>
ST_5 : Operation 1946 [1/1] (0.00ns)   --->   "%sext_ln73_422 = sext i17 %shl_ln73_258" [firmware/nnet_utils/nnet_mult.h:73->firmware/nnet_utils/nnet_dense_latency.h:42]   --->   Operation 1946 'sext' 'sext_ln73_422' <Predicate = true> <Delay = 0.00>
ST_5 : Operation 1947 [1/1] (0.00ns)   --->   "%shl_ln73_259 = bitconcatenate i24 @_ssdm_op_BitConcatenate.i24.i16.i8, i16 %a_126, i8 0" [firmware/nnet_utils/nnet_mult.h:73->firmware/nnet_utils/nnet_dense_latency.h:42]   --->   Operation 1947 'bitconcatenate' 'shl_ln73_259' <Predicate = true> <Delay = 0.00>
ST_5 : Operation 1948 [1/1] (0.00ns)   --->   "%sext_ln73_423 = sext i24 %shl_ln73_259" [firmware/nnet_utils/nnet_mult.h:73->firmware/nnet_utils/nnet_dense_latency.h:42]   --->   Operation 1948 'sext' 'sext_ln73_423' <Predicate = true> <Delay = 0.00>
ST_5 : Operation 1949 [1/1] (1.45ns)   --->   "%mult_1005 = sub i25 %sext_ln73_415, i25 %sext_ln73_423" [firmware/nnet_utils/nnet_mult.h:73->firmware/nnet_utils/nnet_dense_latency.h:42]   --->   Operation 1949 'sub' 'mult_1005' <Predicate = true> <Delay = 1.45> <CoreInst = "Adder">   --->   Core 1 'Adder' <Latency = 0> <II = 1> <Delay = 1.45> <FuncUnit> <Opcode : 'add' 'sub'> <InPorts = 2> <OutPorts = 1>
ST_5 : Operation 1950 [1/1] (0.00ns)   --->   "%sext_ln17_181 = sext i25 %mult_1005" [firmware/nnet_utils/nnet_dense_latency.h:17]   --->   Operation 1950 'sext' 'sext_ln17_181' <Predicate = true> <Delay = 0.00>
ST_5 : Operation 1951 [1/1] (3.57ns)   --->   "%mult_1006 = mul i25 %sext_ln70_338, i25 151" [firmware/nnet_utils/nnet_mult.h:73->firmware/nnet_utils/nnet_dense_latency.h:42]   --->   Operation 1951 'mul' 'mult_1006' <Predicate = true> <Delay = 3.57> <CoreInst = "Multiplier">   --->   Core 3 'Multiplier' <Latency = 0> <II = 1> <Delay = 3.57> <FuncUnit> <Opcode : 'mul'> <InPorts = 2> <OutPorts = 1>
ST_5 : Operation 1952 [1/1] (1.43ns)   --->   "%mult_1007 = sub i22 %sext_ln73_416, i22 %sext_ln73_421" [firmware/nnet_utils/nnet_mult.h:73->firmware/nnet_utils/nnet_dense_latency.h:42]   --->   Operation 1952 'sub' 'mult_1007' <Predicate = true> <Delay = 1.43> <CoreInst = "Adder">   --->   Core 1 'Adder' <Latency = 0> <II = 1> <Delay = 1.43> <FuncUnit> <Opcode : 'add' 'sub'> <InPorts = 2> <OutPorts = 1>
ST_5 : Operation 1953 [1/1] (0.00ns)   --->   "%sext_ln17_182 = sext i22 %mult_1007" [firmware/nnet_utils/nnet_dense_latency.h:17]   --->   Operation 1953 'sext' 'sext_ln17_182' <Predicate = true> <Delay = 0.00>
ST_5 : Operation 1954 [1/1] (3.57ns)   --->   "%mult_1009 = mul i25 %sext_ln70_338, i25 172" [firmware/nnet_utils/nnet_mult.h:73->firmware/nnet_utils/nnet_dense_latency.h:42]   --->   Operation 1954 'mul' 'mult_1009' <Predicate = true> <Delay = 3.57> <CoreInst = "Multiplier">   --->   Core 3 'Multiplier' <Latency = 0> <II = 1> <Delay = 3.57> <FuncUnit> <Opcode : 'mul'> <InPorts = 2> <OutPorts = 1>
ST_5 : Operation 1955 [1/1] (0.00ns)   --->   "%shl_ln73_260 = bitconcatenate i23 @_ssdm_op_BitConcatenate.i23.i16.i7, i16 %a_126, i7 0" [firmware/nnet_utils/nnet_mult.h:73->firmware/nnet_utils/nnet_dense_latency.h:42]   --->   Operation 1955 'bitconcatenate' 'shl_ln73_260' <Predicate = true> <Delay = 0.00>
ST_5 : Operation 1956 [1/1] (0.00ns)   --->   "%sext_ln73_424 = sext i23 %shl_ln73_260" [firmware/nnet_utils/nnet_mult.h:73->firmware/nnet_utils/nnet_dense_latency.h:42]   --->   Operation 1956 'sext' 'sext_ln73_424' <Predicate = true> <Delay = 0.00>
ST_5 : Operation 1957 [1/1] (1.44ns)   --->   "%sub_ln73_151 = sub i24 0, i24 %sext_ln73_424" [firmware/nnet_utils/nnet_mult.h:73->firmware/nnet_utils/nnet_dense_latency.h:42]   --->   Operation 1957 'sub' 'sub_ln73_151' <Predicate = true> <Delay = 1.44> <CoreInst = "Adder">   --->   Core 1 'Adder' <Latency = 0> <II = 1> <Delay = 1.44> <FuncUnit> <Opcode : 'add' 'sub'> <InPorts = 2> <OutPorts = 1>
ST_5 : Operation 1958 [1/1] (0.00ns) (grouped into TernaryAdder)   --->   "%mult_1010 = sub i24 %sub_ln73_151, i24 %sext_ln73_417" [firmware/nnet_utils/nnet_mult.h:73->firmware/nnet_utils/nnet_dense_latency.h:42]   --->   Operation 1958 'sub' 'mult_1010' <Predicate = true> <Delay = 0.00> <CoreInst = "TAddSub">   --->   Core 10 'TAddSub' <Latency = 0> <II = 1> <Delay = 0.53> <IPBlock> <Opcode : '' 'add' 'sub'> <InPorts = 3> <OutPorts = 1> <Sync> <CReg>
ST_5 : Operation 1959 [1/1] (0.00ns) (grouped into TernaryAdder)   --->   "%mult_1011 = sub i23 %sub_ln73_153, i23 %sext_ln70_342" [firmware/nnet_utils/nnet_mult.h:73->firmware/nnet_utils/nnet_dense_latency.h:42]   --->   Operation 1959 'sub' 'mult_1011' <Predicate = true> <Delay = 0.00> <CoreInst = "TAddSub">   --->   Core 10 'TAddSub' <Latency = 0> <II = 1> <Delay = 0.53> <IPBlock> <Opcode : '' 'add' 'sub'> <InPorts = 3> <OutPorts = 1> <Sync> <CReg>
ST_5 : Operation 1960 [1/1] (0.00ns)   --->   "%mult_1016 = bitconcatenate i17 @_ssdm_op_BitConcatenate.i17.i16.i1, i16 %a_127, i1 0" [firmware/nnet_utils/nnet_mult.h:73->firmware/nnet_utils/nnet_dense_latency.h:42]   --->   Operation 1960 'bitconcatenate' 'mult_1016' <Predicate = true> <Delay = 0.00>
ST_5 : Operation 1961 [1/1] (0.00ns)   --->   "%sext_ln17_184 = sext i17 %mult_1016" [firmware/nnet_utils/nnet_dense_latency.h:17]   --->   Operation 1961 'sext' 'sext_ln17_184' <Predicate = true> <Delay = 0.00>
ST_5 : Operation 1962 [1/1] (0.00ns)   --->   "%shl_ln73_262 = bitconcatenate i21 @_ssdm_op_BitConcatenate.i21.i16.i5, i16 %a_127, i5 0" [firmware/nnet_utils/nnet_mult.h:73->firmware/nnet_utils/nnet_dense_latency.h:42]   --->   Operation 1962 'bitconcatenate' 'shl_ln73_262' <Predicate = true> <Delay = 0.00>
ST_5 : Operation 1963 [1/1] (0.00ns)   --->   "%sext_ln73_426 = sext i21 %shl_ln73_262" [firmware/nnet_utils/nnet_mult.h:73->firmware/nnet_utils/nnet_dense_latency.h:42]   --->   Operation 1963 'sext' 'sext_ln73_426' <Predicate = true> <Delay = 0.00>
ST_5 : Operation 1964 [1/1] (0.00ns)   --->   "%shl_ln73_263 = bitconcatenate i19 @_ssdm_op_BitConcatenate.i19.i16.i3, i16 %a_127, i3 0" [firmware/nnet_utils/nnet_mult.h:73->firmware/nnet_utils/nnet_dense_latency.h:42]   --->   Operation 1964 'bitconcatenate' 'shl_ln73_263' <Predicate = true> <Delay = 0.00>
ST_5 : Operation 1965 [1/1] (0.00ns)   --->   "%sext_ln73_427 = sext i19 %shl_ln73_263" [firmware/nnet_utils/nnet_mult.h:73->firmware/nnet_utils/nnet_dense_latency.h:42]   --->   Operation 1965 'sext' 'sext_ln73_427' <Predicate = true> <Delay = 0.00>
ST_5 : Operation 1966 [1/1] (0.00ns) (grouped into TernaryAdder)   --->   "%mult_1019 = sub i22 %sext_ln73_426, i22 %sext_ln73_427" [firmware/nnet_utils/nnet_mult.h:73->firmware/nnet_utils/nnet_dense_latency.h:42]   --->   Operation 1966 'sub' 'mult_1019' <Predicate = true> <Delay = 0.00> <CoreInst = "TAddSub">   --->   Core 10 'TAddSub' <Latency = 0> <II = 1> <Delay = 0.53> <IPBlock> <Opcode : '' 'add' 'sub'> <InPorts = 3> <OutPorts = 1> <Sync> <CReg>
ST_5 : Operation 1967 [1/1] (0.00ns)   --->   "%sext_ln17_185 = sext i16 %a_128" [firmware/nnet_utils/nnet_dense_latency.h:17]   --->   Operation 1967 'sext' 'sext_ln17_185' <Predicate = true> <Delay = 0.00>
ST_5 : Operation 1968 [1/1] (0.00ns)   --->   "%shl_ln73_264 = bitconcatenate i23 @_ssdm_op_BitConcatenate.i23.i16.i7, i16 %a_128, i7 0" [firmware/nnet_utils/nnet_mult.h:73->firmware/nnet_utils/nnet_dense_latency.h:42]   --->   Operation 1968 'bitconcatenate' 'shl_ln73_264' <Predicate = true> <Delay = 0.00>
ST_5 : Operation 1969 [1/1] (0.00ns)   --->   "%sext_ln73_428 = sext i23 %shl_ln73_264" [firmware/nnet_utils/nnet_mult.h:73->firmware/nnet_utils/nnet_dense_latency.h:42]   --->   Operation 1969 'sext' 'sext_ln73_428' <Predicate = true> <Delay = 0.00>
ST_5 : Operation 1970 [1/1] (0.00ns) (grouped into TernaryAdder)   --->   "%sub_ln73_156 = sub i24 0, i24 %sext_ln73_428" [firmware/nnet_utils/nnet_mult.h:73->firmware/nnet_utils/nnet_dense_latency.h:42]   --->   Operation 1970 'sub' 'sub_ln73_156' <Predicate = true> <Delay = 0.00> <CoreInst = "TAddSub">   --->   Core 10 'TAddSub' <Latency = 0> <II = 1> <Delay = 0.53> <IPBlock> <Opcode : '' 'add' 'sub'> <InPorts = 3> <OutPorts = 1> <Sync> <CReg>
ST_5 : Operation 1971 [1/1] (0.00ns)   --->   "%shl_ln73_265 = bitconcatenate i20 @_ssdm_op_BitConcatenate.i20.i16.i4, i16 %a_128, i4 0" [firmware/nnet_utils/nnet_mult.h:73->firmware/nnet_utils/nnet_dense_latency.h:42]   --->   Operation 1971 'bitconcatenate' 'shl_ln73_265' <Predicate = true> <Delay = 0.00>
ST_5 : Operation 1972 [1/1] (0.00ns)   --->   "%sext_ln73_429 = sext i20 %shl_ln73_265" [firmware/nnet_utils/nnet_mult.h:73->firmware/nnet_utils/nnet_dense_latency.h:42]   --->   Operation 1972 'sext' 'sext_ln73_429' <Predicate = true> <Delay = 0.00>
ST_5 : Operation 1973 [1/1] (0.00ns)   --->   "%sext_ln73_430 = sext i20 %shl_ln73_265" [firmware/nnet_utils/nnet_mult.h:73->firmware/nnet_utils/nnet_dense_latency.h:42]   --->   Operation 1973 'sext' 'sext_ln73_430' <Predicate = true> <Delay = 0.00>
ST_5 : Operation 1974 [1/1] (1.03ns) (root node of TernaryAdder)   --->   "%mult_1021 = sub i24 %sub_ln73_156, i24 %sext_ln73_430" [firmware/nnet_utils/nnet_mult.h:73->firmware/nnet_utils/nnet_dense_latency.h:42]   --->   Operation 1974 'sub' 'mult_1021' <Predicate = true> <Delay = 1.03> <CoreInst = "TAddSub">   --->   Core 10 'TAddSub' <Latency = 0> <II = 1> <Delay = 0.53> <IPBlock> <Opcode : '' 'add' 'sub'> <InPorts = 3> <OutPorts = 1> <Sync> <CReg>
ST_5 : Operation 1975 [1/1] (0.00ns)   --->   "%sext_ln17_186 = sext i24 %mult_1021" [firmware/nnet_utils/nnet_dense_latency.h:17]   --->   Operation 1975 'sext' 'sext_ln17_186' <Predicate = true> <Delay = 0.00>
ST_5 : Operation 1976 [1/1] (0.00ns)   --->   "%shl_ln73_266 = bitconcatenate i22 @_ssdm_op_BitConcatenate.i22.i16.i6, i16 %a_128, i6 0" [firmware/nnet_utils/nnet_mult.h:73->firmware/nnet_utils/nnet_dense_latency.h:42]   --->   Operation 1976 'bitconcatenate' 'shl_ln73_266' <Predicate = true> <Delay = 0.00>
ST_5 : Operation 1977 [1/1] (0.00ns)   --->   "%sext_ln73_431 = sext i22 %shl_ln73_266" [firmware/nnet_utils/nnet_mult.h:73->firmware/nnet_utils/nnet_dense_latency.h:42]   --->   Operation 1977 'sext' 'sext_ln73_431' <Predicate = true> <Delay = 0.00>
ST_5 : Operation 1978 [1/1] (0.00ns) (grouped into TernaryAdder)   --->   "%mult_1024 = add i23 %sext_ln73_431, i23 %sext_ln73_429" [firmware/nnet_utils/nnet_mult.h:73->firmware/nnet_utils/nnet_dense_latency.h:42]   --->   Operation 1978 'add' 'mult_1024' <Predicate = true> <Delay = 0.00> <CoreInst = "TAddSub">   --->   Core 10 'TAddSub' <Latency = 0> <II = 1> <Delay = 0.53> <IPBlock> <Opcode : '' 'add' 'sub'> <InPorts = 3> <OutPorts = 1> <Sync> <CReg>
ST_5 : Operation 1979 [1/1] (3.57ns)   --->   "%mul_ln17_27 = mul i25 %sext_ln17_185, i25 33554165" [firmware/nnet_utils/nnet_dense_latency.h:17]   --->   Operation 1979 'mul' 'mul_ln17_27' <Predicate = true> <Delay = 3.57> <CoreInst = "Multiplier">   --->   Core 3 'Multiplier' <Latency = 0> <II = 1> <Delay = 3.57> <FuncUnit> <Opcode : 'mul'> <InPorts = 2> <OutPorts = 1>
ST_5 : Operation 1980 [1/1] (0.00ns)   --->   "%shl_ln73_267 = bitconcatenate i17 @_ssdm_op_BitConcatenate.i17.i16.i1, i16 %a_128, i1 0" [firmware/nnet_utils/nnet_mult.h:73->firmware/nnet_utils/nnet_dense_latency.h:42]   --->   Operation 1980 'bitconcatenate' 'shl_ln73_267' <Predicate = true> <Delay = 0.00>
ST_5 : Operation 1981 [1/1] (0.00ns)   --->   "%sext_ln73_432 = sext i17 %shl_ln73_267" [firmware/nnet_utils/nnet_mult.h:73->firmware/nnet_utils/nnet_dense_latency.h:42]   --->   Operation 1981 'sext' 'sext_ln73_432' <Predicate = true> <Delay = 0.00>
ST_5 : Operation 1982 [1/1] (1.44ns)   --->   "%mult_1028 = sub i24 %sext_ln73_432, i24 %sext_ln73_428" [firmware/nnet_utils/nnet_mult.h:73->firmware/nnet_utils/nnet_dense_latency.h:42]   --->   Operation 1982 'sub' 'mult_1028' <Predicate = true> <Delay = 1.44> <CoreInst = "Adder">   --->   Core 1 'Adder' <Latency = 0> <II = 1> <Delay = 1.44> <FuncUnit> <Opcode : 'add' 'sub'> <InPorts = 2> <OutPorts = 1>
ST_5 : Operation 1983 [1/1] (0.00ns)   --->   "%sext_ln17_187 = sext i24 %mult_1028" [firmware/nnet_utils/nnet_dense_latency.h:17]   --->   Operation 1983 'sext' 'sext_ln17_187' <Predicate = true> <Delay = 0.00>
ST_5 : Operation 1984 [1/1] (0.00ns)   --->   "%sext_ln17_188 = sext i24 %mult_1029" [firmware/nnet_utils/nnet_dense_latency.h:17]   --->   Operation 1984 'sext' 'sext_ln17_188' <Predicate = true> <Delay = 0.00>
ST_5 : Operation 1985 [1/1] (0.00ns)   --->   "%sext_ln70_345 = sext i16 %a_129" [firmware/nnet_utils/nnet_mult.h:70->firmware/nnet_utils/nnet_dense_latency.h:42]   --->   Operation 1985 'sext' 'sext_ln70_345' <Predicate = true> <Delay = 0.00>
ST_5 : Operation 1986 [1/1] (0.00ns)   --->   "%sext_ln70_346 = sext i16 %a_129" [firmware/nnet_utils/nnet_mult.h:70->firmware/nnet_utils/nnet_dense_latency.h:42]   --->   Operation 1986 'sext' 'sext_ln70_346' <Predicate = true> <Delay = 0.00>
ST_5 : Operation 1987 [1/1] (0.00ns)   --->   "%sext_ln70_347 = sext i16 %a_129" [firmware/nnet_utils/nnet_mult.h:70->firmware/nnet_utils/nnet_dense_latency.h:42]   --->   Operation 1987 'sext' 'sext_ln70_347' <Predicate = true> <Delay = 0.00>
ST_5 : Operation 1988 [1/1] (3.57ns)   --->   "%mult_1032 = mul i27 %sext_ln70_347, i27 615" [firmware/nnet_utils/nnet_mult.h:73->firmware/nnet_utils/nnet_dense_latency.h:42]   --->   Operation 1988 'mul' 'mult_1032' <Predicate = true> <Delay = 3.57> <CoreInst = "Multiplier">   --->   Core 3 'Multiplier' <Latency = 0> <II = 1> <Delay = 3.57> <FuncUnit> <Opcode : 'mul'> <InPorts = 2> <OutPorts = 1>
ST_5 : Operation 1989 [1/1] (0.00ns)   --->   "%shl_ln73_268 = bitconcatenate i21 @_ssdm_op_BitConcatenate.i21.i16.i5, i16 %a_129, i5 0" [firmware/nnet_utils/nnet_mult.h:73->firmware/nnet_utils/nnet_dense_latency.h:42]   --->   Operation 1989 'bitconcatenate' 'shl_ln73_268' <Predicate = true> <Delay = 0.00>
ST_5 : Operation 1990 [1/1] (0.00ns)   --->   "%sext_ln73_433 = sext i21 %shl_ln73_268" [firmware/nnet_utils/nnet_mult.h:73->firmware/nnet_utils/nnet_dense_latency.h:42]   --->   Operation 1990 'sext' 'sext_ln73_433' <Predicate = true> <Delay = 0.00>
ST_5 : Operation 1991 [1/1] (1.43ns)   --->   "%mult_1033 = add i22 %sext_ln73_433, i22 %sext_ln70_346" [firmware/nnet_utils/nnet_mult.h:73->firmware/nnet_utils/nnet_dense_latency.h:42]   --->   Operation 1991 'add' 'mult_1033' <Predicate = true> <Delay = 1.43> <CoreInst = "Adder">   --->   Core 1 'Adder' <Latency = 0> <II = 1> <Delay = 1.43> <FuncUnit> <Opcode : 'add' 'sub'> <InPorts = 2> <OutPorts = 1>
ST_5 : Operation 1992 [1/1] (0.00ns)   --->   "%sext_ln17_189 = sext i22 %mult_1033" [firmware/nnet_utils/nnet_dense_latency.h:17]   --->   Operation 1992 'sext' 'sext_ln17_189' <Predicate = true> <Delay = 0.00>
ST_5 : Operation 1993 [1/1] (3.57ns)   --->   "%mult_1034 = mul i25 %sext_ln70_345, i25 33554264" [firmware/nnet_utils/nnet_mult.h:73->firmware/nnet_utils/nnet_dense_latency.h:42]   --->   Operation 1993 'mul' 'mult_1034' <Predicate = true> <Delay = 3.57> <CoreInst = "Multiplier">   --->   Core 3 'Multiplier' <Latency = 0> <II = 1> <Delay = 3.57> <FuncUnit> <Opcode : 'mul'> <InPorts = 2> <OutPorts = 1>
ST_5 : Operation 1994 [1/1] (3.57ns)   --->   "%mult_1035 = mul i25 %sext_ln70_345, i25 33554294" [firmware/nnet_utils/nnet_mult.h:73->firmware/nnet_utils/nnet_dense_latency.h:42]   --->   Operation 1994 'mul' 'mult_1035' <Predicate = true> <Delay = 3.57> <CoreInst = "Multiplier">   --->   Core 3 'Multiplier' <Latency = 0> <II = 1> <Delay = 3.57> <FuncUnit> <Opcode : 'mul'> <InPorts = 2> <OutPorts = 1>
ST_5 : Operation 1995 [1/1] (3.57ns)   --->   "%mult_1036 = mul i25 %sext_ln70_345, i25 33554261" [firmware/nnet_utils/nnet_mult.h:73->firmware/nnet_utils/nnet_dense_latency.h:42]   --->   Operation 1995 'mul' 'mult_1036' <Predicate = true> <Delay = 3.57> <CoreInst = "Multiplier">   --->   Core 3 'Multiplier' <Latency = 0> <II = 1> <Delay = 3.57> <FuncUnit> <Opcode : 'mul'> <InPorts = 2> <OutPorts = 1>
ST_5 : Operation 1996 [1/1] (0.00ns)   --->   "%shl_ln73_269 = bitconcatenate i20 @_ssdm_op_BitConcatenate.i20.i16.i4, i16 %a_129, i4 0" [firmware/nnet_utils/nnet_mult.h:73->firmware/nnet_utils/nnet_dense_latency.h:42]   --->   Operation 1996 'bitconcatenate' 'shl_ln73_269' <Predicate = true> <Delay = 0.00>
ST_5 : Operation 1997 [1/1] (0.00ns)   --->   "%sext_ln73_434 = sext i20 %shl_ln73_269" [firmware/nnet_utils/nnet_mult.h:73->firmware/nnet_utils/nnet_dense_latency.h:42]   --->   Operation 1997 'sext' 'sext_ln73_434' <Predicate = true> <Delay = 0.00>
ST_5 : Operation 1998 [1/1] (0.00ns)   --->   "%shl_ln73_270 = bitconcatenate i18 @_ssdm_op_BitConcatenate.i18.i16.i2, i16 %a_129, i2 0" [firmware/nnet_utils/nnet_mult.h:73->firmware/nnet_utils/nnet_dense_latency.h:42]   --->   Operation 1998 'bitconcatenate' 'shl_ln73_270' <Predicate = true> <Delay = 0.00>
ST_5 : Operation 1999 [1/1] (0.00ns)   --->   "%sext_ln73_435 = sext i18 %shl_ln73_270" [firmware/nnet_utils/nnet_mult.h:73->firmware/nnet_utils/nnet_dense_latency.h:42]   --->   Operation 1999 'sext' 'sext_ln73_435' <Predicate = true> <Delay = 0.00>
ST_5 : Operation 2000 [1/1] (1.43ns)   --->   "%mult_1038 = sub i21 %sext_ln73_434, i21 %sext_ln73_435" [firmware/nnet_utils/nnet_mult.h:73->firmware/nnet_utils/nnet_dense_latency.h:42]   --->   Operation 2000 'sub' 'mult_1038' <Predicate = true> <Delay = 1.43> <CoreInst = "Adder">   --->   Core 1 'Adder' <Latency = 0> <II = 1> <Delay = 1.43> <FuncUnit> <Opcode : 'add' 'sub'> <InPorts = 2> <OutPorts = 1>
ST_5 : Operation 2001 [1/1] (0.00ns)   --->   "%sext_ln17_190 = sext i21 %mult_1038" [firmware/nnet_utils/nnet_dense_latency.h:17]   --->   Operation 2001 'sext' 'sext_ln17_190' <Predicate = true> <Delay = 0.00>
ST_5 : Operation 2002 [1/1] (0.00ns)   --->   "%shl_ln73_271 = bitconcatenate i23 @_ssdm_op_BitConcatenate.i23.i16.i7, i16 %a_129, i7 0" [firmware/nnet_utils/nnet_mult.h:73->firmware/nnet_utils/nnet_dense_latency.h:42]   --->   Operation 2002 'bitconcatenate' 'shl_ln73_271' <Predicate = true> <Delay = 0.00>
ST_5 : Operation 2003 [1/1] (0.00ns)   --->   "%sext_ln73_436 = sext i23 %shl_ln73_271" [firmware/nnet_utils/nnet_mult.h:73->firmware/nnet_utils/nnet_dense_latency.h:42]   --->   Operation 2003 'sext' 'sext_ln73_436' <Predicate = true> <Delay = 0.00>
ST_5 : Operation 2004 [1/1] (0.00ns)   --->   "%shl_ln73_272 = bitconcatenate i19 @_ssdm_op_BitConcatenate.i19.i16.i3, i16 %a_129, i3 0" [firmware/nnet_utils/nnet_mult.h:73->firmware/nnet_utils/nnet_dense_latency.h:42]   --->   Operation 2004 'bitconcatenate' 'shl_ln73_272' <Predicate = true> <Delay = 0.00>
ST_5 : Operation 2005 [1/1] (0.00ns)   --->   "%sext_ln73_437 = sext i19 %shl_ln73_272" [firmware/nnet_utils/nnet_mult.h:73->firmware/nnet_utils/nnet_dense_latency.h:42]   --->   Operation 2005 'sext' 'sext_ln73_437' <Predicate = true> <Delay = 0.00>
ST_5 : Operation 2006 [1/1] (1.44ns)   --->   "%mult_1039 = add i24 %sext_ln73_436, i24 %sext_ln73_437" [firmware/nnet_utils/nnet_mult.h:73->firmware/nnet_utils/nnet_dense_latency.h:42]   --->   Operation 2006 'add' 'mult_1039' <Predicate = true> <Delay = 1.44> <CoreInst = "Adder">   --->   Core 1 'Adder' <Latency = 0> <II = 1> <Delay = 1.44> <FuncUnit> <Opcode : 'add' 'sub'> <InPorts = 2> <OutPorts = 1>
ST_5 : Operation 2007 [1/1] (0.00ns)   --->   "%sext_ln17_191 = sext i24 %mult_1039" [firmware/nnet_utils/nnet_dense_latency.h:17]   --->   Operation 2007 'sext' 'sext_ln17_191' <Predicate = true> <Delay = 0.00>
ST_5 : Operation 2008 [1/1] (0.00ns)   --->   "%shl_ln73_273 = bitconcatenate i24 @_ssdm_op_BitConcatenate.i24.i16.i8, i16 %a_130, i8 0" [firmware/nnet_utils/nnet_mult.h:73->firmware/nnet_utils/nnet_dense_latency.h:42]   --->   Operation 2008 'bitconcatenate' 'shl_ln73_273' <Predicate = true> <Delay = 0.00>
ST_5 : Operation 2009 [1/1] (0.00ns)   --->   "%sext_ln73_438 = sext i24 %shl_ln73_273" [firmware/nnet_utils/nnet_mult.h:73->firmware/nnet_utils/nnet_dense_latency.h:42]   --->   Operation 2009 'sext' 'sext_ln73_438' <Predicate = true> <Delay = 0.00>
ST_5 : Operation 2010 [1/1] (0.00ns)   --->   "%shl_ln73_274 = bitconcatenate i21 @_ssdm_op_BitConcatenate.i21.i16.i5, i16 %a_130, i5 0" [firmware/nnet_utils/nnet_mult.h:73->firmware/nnet_utils/nnet_dense_latency.h:42]   --->   Operation 2010 'bitconcatenate' 'shl_ln73_274' <Predicate = true> <Delay = 0.00>
ST_5 : Operation 2011 [1/1] (0.00ns)   --->   "%sext_ln73_439 = sext i21 %shl_ln73_274" [firmware/nnet_utils/nnet_mult.h:73->firmware/nnet_utils/nnet_dense_latency.h:42]   --->   Operation 2011 'sext' 'sext_ln73_439' <Predicate = true> <Delay = 0.00>
ST_5 : Operation 2012 [1/1] (0.00ns) (grouped into TernaryAdder)   --->   "%mult_1040 = sub i25 %sext_ln73_439, i25 %sext_ln73_438" [firmware/nnet_utils/nnet_mult.h:73->firmware/nnet_utils/nnet_dense_latency.h:42]   --->   Operation 2012 'sub' 'mult_1040' <Predicate = true> <Delay = 0.00> <CoreInst = "TAddSub">   --->   Core 10 'TAddSub' <Latency = 0> <II = 1> <Delay = 0.53> <IPBlock> <Opcode : '' 'add' 'sub'> <InPorts = 3> <OutPorts = 1> <Sync> <CReg>
ST_5 : Operation 2013 [1/1] (3.57ns)   --->   "%mult_1043 = mul i25 %sext_ln70_350, i25 33554299" [firmware/nnet_utils/nnet_mult.h:73->firmware/nnet_utils/nnet_dense_latency.h:42]   --->   Operation 2013 'mul' 'mult_1043' <Predicate = true> <Delay = 3.57> <CoreInst = "Multiplier">   --->   Core 3 'Multiplier' <Latency = 0> <II = 1> <Delay = 3.57> <FuncUnit> <Opcode : 'mul'> <InPorts = 2> <OutPorts = 1>
ST_5 : Operation 2014 [1/1] (3.57ns)   --->   "%mult_1044 = mul i24 %sext_ln70_351, i24 16777107" [firmware/nnet_utils/nnet_mult.h:73->firmware/nnet_utils/nnet_dense_latency.h:42]   --->   Operation 2014 'mul' 'mult_1044' <Predicate = true> <Delay = 3.57> <CoreInst = "Multiplier">   --->   Core 3 'Multiplier' <Latency = 0> <II = 1> <Delay = 3.57> <FuncUnit> <Opcode : 'mul'> <InPorts = 2> <OutPorts = 1>
ST_5 : Operation 2015 [1/1] (0.00ns)   --->   "%shl_ln73_275 = bitconcatenate i23 @_ssdm_op_BitConcatenate.i23.i16.i7, i16 %a_130, i7 0" [firmware/nnet_utils/nnet_mult.h:73->firmware/nnet_utils/nnet_dense_latency.h:42]   --->   Operation 2015 'bitconcatenate' 'shl_ln73_275' <Predicate = true> <Delay = 0.00>
ST_5 : Operation 2016 [1/1] (0.00ns)   --->   "%sext_ln73_440 = sext i23 %shl_ln73_275" [firmware/nnet_utils/nnet_mult.h:73->firmware/nnet_utils/nnet_dense_latency.h:42]   --->   Operation 2016 'sext' 'sext_ln73_440' <Predicate = true> <Delay = 0.00>
ST_5 : Operation 2017 [1/1] (0.00ns) (grouped into TernaryAdder)   --->   "%mult_1046 = sub i24 %sext_ln70_351, i24 %sext_ln73_440" [firmware/nnet_utils/nnet_mult.h:73->firmware/nnet_utils/nnet_dense_latency.h:42]   --->   Operation 2017 'sub' 'mult_1046' <Predicate = true> <Delay = 0.00> <CoreInst = "TAddSub">   --->   Core 10 'TAddSub' <Latency = 0> <II = 1> <Delay = 0.53> <IPBlock> <Opcode : '' 'add' 'sub'> <InPorts = 3> <OutPorts = 1> <Sync> <CReg>
ST_5 : Operation 2018 [1/1] (3.57ns)   --->   "%mult_1048 = mul i25 %sext_ln70_350, i25 230" [firmware/nnet_utils/nnet_mult.h:73->firmware/nnet_utils/nnet_dense_latency.h:42]   --->   Operation 2018 'mul' 'mult_1048' <Predicate = true> <Delay = 3.57> <CoreInst = "Multiplier">   --->   Core 3 'Multiplier' <Latency = 0> <II = 1> <Delay = 3.57> <FuncUnit> <Opcode : 'mul'> <InPorts = 2> <OutPorts = 1>
ST_5 : Operation 2019 [1/1] (0.00ns)   --->   "%sext_ln70_353 = sext i16 %a_131" [firmware/nnet_utils/nnet_mult.h:70->firmware/nnet_utils/nnet_dense_latency.h:42]   --->   Operation 2019 'sext' 'sext_ln70_353' <Predicate = true> <Delay = 0.00>
ST_5 : Operation 2020 [1/1] (0.00ns)   --->   "%mult_1050 = bitconcatenate i22 @_ssdm_op_BitConcatenate.i22.i16.i6, i16 %a_131, i6 0" [firmware/nnet_utils/nnet_mult.h:73->firmware/nnet_utils/nnet_dense_latency.h:42]   --->   Operation 2020 'bitconcatenate' 'mult_1050' <Predicate = true> <Delay = 0.00>
ST_5 : Operation 2021 [1/1] (0.00ns)   --->   "%sext_ln17_192 = sext i22 %mult_1050" [firmware/nnet_utils/nnet_dense_latency.h:17]   --->   Operation 2021 'sext' 'sext_ln17_192' <Predicate = true> <Delay = 0.00>
ST_5 : Operation 2022 [1/1] (0.00ns)   --->   "%shl_ln73_276 = bitconcatenate i21 @_ssdm_op_BitConcatenate.i21.i16.i5, i16 %a_131, i5 0" [firmware/nnet_utils/nnet_mult.h:73->firmware/nnet_utils/nnet_dense_latency.h:42]   --->   Operation 2022 'bitconcatenate' 'shl_ln73_276' <Predicate = true> <Delay = 0.00>
ST_5 : Operation 2023 [1/1] (0.00ns)   --->   "%sext_ln73_441 = sext i21 %shl_ln73_276" [firmware/nnet_utils/nnet_mult.h:73->firmware/nnet_utils/nnet_dense_latency.h:42]   --->   Operation 2023 'sext' 'sext_ln73_441' <Predicate = true> <Delay = 0.00>
ST_5 : Operation 2024 [1/1] (0.00ns)   --->   "%shl_ln73_277 = bitconcatenate i19 @_ssdm_op_BitConcatenate.i19.i16.i3, i16 %a_131, i3 0" [firmware/nnet_utils/nnet_mult.h:73->firmware/nnet_utils/nnet_dense_latency.h:42]   --->   Operation 2024 'bitconcatenate' 'shl_ln73_277' <Predicate = true> <Delay = 0.00>
ST_5 : Operation 2025 [1/1] (0.00ns)   --->   "%sext_ln73_442 = sext i19 %shl_ln73_277" [firmware/nnet_utils/nnet_mult.h:73->firmware/nnet_utils/nnet_dense_latency.h:42]   --->   Operation 2025 'sext' 'sext_ln73_442' <Predicate = true> <Delay = 0.00>
ST_5 : Operation 2026 [1/1] (0.00ns) (grouped into TernaryAdder)   --->   "%mult_1051 = add i22 %sext_ln73_441, i22 %sext_ln73_442" [firmware/nnet_utils/nnet_mult.h:73->firmware/nnet_utils/nnet_dense_latency.h:42]   --->   Operation 2026 'add' 'mult_1051' <Predicate = true> <Delay = 0.00> <CoreInst = "TAddSub">   --->   Core 10 'TAddSub' <Latency = 0> <II = 1> <Delay = 0.53> <IPBlock> <Opcode : '' 'add' 'sub'> <InPorts = 3> <OutPorts = 1> <Sync> <CReg>
ST_5 : Operation 2027 [1/1] (3.57ns)   --->   "%mult_1053 = mul i25 %sext_ln70_353, i25 33554250" [firmware/nnet_utils/nnet_mult.h:73->firmware/nnet_utils/nnet_dense_latency.h:42]   --->   Operation 2027 'mul' 'mult_1053' <Predicate = true> <Delay = 3.57> <CoreInst = "Multiplier">   --->   Core 3 'Multiplier' <Latency = 0> <II = 1> <Delay = 3.57> <FuncUnit> <Opcode : 'mul'> <InPorts = 2> <OutPorts = 1>
ST_5 : Operation 2028 [1/1] (3.57ns)   --->   "%mult_1056 = mul i25 %sext_ln70_353, i25 33554270" [firmware/nnet_utils/nnet_mult.h:73->firmware/nnet_utils/nnet_dense_latency.h:42]   --->   Operation 2028 'mul' 'mult_1056' <Predicate = true> <Delay = 3.57> <CoreInst = "Multiplier">   --->   Core 3 'Multiplier' <Latency = 0> <II = 1> <Delay = 3.57> <FuncUnit> <Opcode : 'mul'> <InPorts = 2> <OutPorts = 1>
ST_5 : Operation 2029 [1/1] (3.57ns)   --->   "%mult_1057 = mul i25 %sext_ln70_353, i25 33554251" [firmware/nnet_utils/nnet_mult.h:73->firmware/nnet_utils/nnet_dense_latency.h:42]   --->   Operation 2029 'mul' 'mult_1057' <Predicate = true> <Delay = 3.57> <CoreInst = "Multiplier">   --->   Core 3 'Multiplier' <Latency = 0> <II = 1> <Delay = 3.57> <FuncUnit> <Opcode : 'mul'> <InPorts = 2> <OutPorts = 1>
ST_5 : Operation 2030 [1/1] (0.00ns)   --->   "%sext_ln70_355 = sext i16 %a_132" [firmware/nnet_utils/nnet_mult.h:70->firmware/nnet_utils/nnet_dense_latency.h:42]   --->   Operation 2030 'sext' 'sext_ln70_355' <Predicate = true> <Delay = 0.00>
ST_5 : Operation 2031 [1/1] (0.00ns)   --->   "%shl_ln73_278 = bitconcatenate i22 @_ssdm_op_BitConcatenate.i22.i16.i6, i16 %a_132, i6 0" [firmware/nnet_utils/nnet_mult.h:73->firmware/nnet_utils/nnet_dense_latency.h:42]   --->   Operation 2031 'bitconcatenate' 'shl_ln73_278' <Predicate = true> <Delay = 0.00>
ST_5 : Operation 2032 [1/1] (0.00ns)   --->   "%sext_ln73_443 = sext i22 %shl_ln73_278" [firmware/nnet_utils/nnet_mult.h:73->firmware/nnet_utils/nnet_dense_latency.h:42]   --->   Operation 2032 'sext' 'sext_ln73_443' <Predicate = true> <Delay = 0.00>
ST_5 : Operation 2033 [1/1] (0.00ns)   --->   "%shl_ln73_279 = bitconcatenate i19 @_ssdm_op_BitConcatenate.i19.i16.i3, i16 %a_132, i3 0" [firmware/nnet_utils/nnet_mult.h:73->firmware/nnet_utils/nnet_dense_latency.h:42]   --->   Operation 2033 'bitconcatenate' 'shl_ln73_279' <Predicate = true> <Delay = 0.00>
ST_5 : Operation 2034 [1/1] (0.00ns)   --->   "%sext_ln73_444 = sext i19 %shl_ln73_279" [firmware/nnet_utils/nnet_mult.h:73->firmware/nnet_utils/nnet_dense_latency.h:42]   --->   Operation 2034 'sext' 'sext_ln73_444' <Predicate = true> <Delay = 0.00>
ST_5 : Operation 2035 [1/1] (0.00ns) (grouped into TernaryAdder)   --->   "%mult_1058 = sub i23 %sext_ln73_443, i23 %sext_ln73_444" [firmware/nnet_utils/nnet_mult.h:73->firmware/nnet_utils/nnet_dense_latency.h:42]   --->   Operation 2035 'sub' 'mult_1058' <Predicate = true> <Delay = 0.00> <CoreInst = "TAddSub">   --->   Core 10 'TAddSub' <Latency = 0> <II = 1> <Delay = 0.53> <IPBlock> <Opcode : '' 'add' 'sub'> <InPorts = 3> <OutPorts = 1> <Sync> <CReg>
ST_5 : Operation 2036 [1/1] (3.57ns)   --->   "%mult_1059 = mul i24 %sext_ln70_357, i24 92" [firmware/nnet_utils/nnet_mult.h:73->firmware/nnet_utils/nnet_dense_latency.h:42]   --->   Operation 2036 'mul' 'mult_1059' <Predicate = true> <Delay = 3.57> <CoreInst = "Multiplier">   --->   Core 3 'Multiplier' <Latency = 0> <II = 1> <Delay = 3.57> <FuncUnit> <Opcode : 'mul'> <InPorts = 2> <OutPorts = 1>
ST_5 : Operation 2037 [1/1] (3.57ns)   --->   "%mult_1062 = mul i23 %sext_ln70_355, i23 41" [firmware/nnet_utils/nnet_mult.h:73->firmware/nnet_utils/nnet_dense_latency.h:42]   --->   Operation 2037 'mul' 'mult_1062' <Predicate = true> <Delay = 3.57> <CoreInst = "Multiplier">   --->   Core 3 'Multiplier' <Latency = 0> <II = 1> <Delay = 3.57> <FuncUnit> <Opcode : 'mul'> <InPorts = 2> <OutPorts = 1>
ST_5 : Operation 2038 [1/1] (0.00ns)   --->   "%shl_ln73_280 = bitconcatenate i23 @_ssdm_op_BitConcatenate.i23.i16.i7, i16 %a_132, i7 0" [firmware/nnet_utils/nnet_mult.h:73->firmware/nnet_utils/nnet_dense_latency.h:42]   --->   Operation 2038 'bitconcatenate' 'shl_ln73_280' <Predicate = true> <Delay = 0.00>
ST_5 : Operation 2039 [1/1] (0.00ns)   --->   "%sext_ln73_445 = sext i23 %shl_ln73_280" [firmware/nnet_utils/nnet_mult.h:73->firmware/nnet_utils/nnet_dense_latency.h:42]   --->   Operation 2039 'sext' 'sext_ln73_445' <Predicate = true> <Delay = 0.00>
ST_5 : Operation 2040 [1/1] (0.00ns) (grouped into TernaryAdder)   --->   "%mult_1063 = sub i24 %sext_ln73_445, i24 %sext_ln70_357" [firmware/nnet_utils/nnet_mult.h:73->firmware/nnet_utils/nnet_dense_latency.h:42]   --->   Operation 2040 'sub' 'mult_1063' <Predicate = true> <Delay = 0.00> <CoreInst = "TAddSub">   --->   Core 10 'TAddSub' <Latency = 0> <II = 1> <Delay = 0.53> <IPBlock> <Opcode : '' 'add' 'sub'> <InPorts = 3> <OutPorts = 1> <Sync> <CReg>
ST_5 : Operation 2041 [1/1] (3.57ns)   --->   "%mult_1064 = mul i25 %sext_ln70_356, i25 141" [firmware/nnet_utils/nnet_mult.h:73->firmware/nnet_utils/nnet_dense_latency.h:42]   --->   Operation 2041 'mul' 'mult_1064' <Predicate = true> <Delay = 3.57> <CoreInst = "Multiplier">   --->   Core 3 'Multiplier' <Latency = 0> <II = 1> <Delay = 3.57> <FuncUnit> <Opcode : 'mul'> <InPorts = 2> <OutPorts = 1>
ST_5 : Operation 2042 [1/1] (0.00ns)   --->   "%shl_ln73_281 = bitconcatenate i17 @_ssdm_op_BitConcatenate.i17.i16.i1, i16 %a_132, i1 0" [firmware/nnet_utils/nnet_mult.h:73->firmware/nnet_utils/nnet_dense_latency.h:42]   --->   Operation 2042 'bitconcatenate' 'shl_ln73_281' <Predicate = true> <Delay = 0.00>
ST_5 : Operation 2043 [1/1] (0.00ns)   --->   "%sext_ln73_446 = sext i17 %shl_ln73_281" [firmware/nnet_utils/nnet_mult.h:73->firmware/nnet_utils/nnet_dense_latency.h:42]   --->   Operation 2043 'sext' 'sext_ln73_446' <Predicate = true> <Delay = 0.00>
ST_5 : Operation 2044 [1/1] (1.44ns)   --->   "%mult_1065 = sub i24 %sext_ln73_445, i24 %sext_ln73_446" [firmware/nnet_utils/nnet_mult.h:73->firmware/nnet_utils/nnet_dense_latency.h:42]   --->   Operation 2044 'sub' 'mult_1065' <Predicate = true> <Delay = 1.44> <CoreInst = "Adder">   --->   Core 1 'Adder' <Latency = 0> <II = 1> <Delay = 1.44> <FuncUnit> <Opcode : 'add' 'sub'> <InPorts = 2> <OutPorts = 1>
ST_5 : Operation 2045 [1/1] (0.00ns)   --->   "%sext_ln17_194 = sext i24 %mult_1065" [firmware/nnet_utils/nnet_dense_latency.h:17]   --->   Operation 2045 'sext' 'sext_ln17_194' <Predicate = true> <Delay = 0.00>
ST_5 : Operation 2046 [1/1] (3.57ns)   --->   "%mult_1066 = mul i25 %sext_ln70_356, i25 33554254" [firmware/nnet_utils/nnet_mult.h:73->firmware/nnet_utils/nnet_dense_latency.h:42]   --->   Operation 2046 'mul' 'mult_1066' <Predicate = true> <Delay = 3.57> <CoreInst = "Multiplier">   --->   Core 3 'Multiplier' <Latency = 0> <II = 1> <Delay = 3.57> <FuncUnit> <Opcode : 'mul'> <InPorts = 2> <OutPorts = 1>
ST_5 : Operation 2047 [1/1] (0.00ns)   --->   "%sext_ln58_153 = sext i26 %add_ln58_398" [firmware/nnet_utils/nnet_dense_latency.h:58]   --->   Operation 2047 'sext' 'sext_ln58_153' <Predicate = true> <Delay = 0.00>
ST_5 : Operation 2048 [1/1] (0.00ns)   --->   "%sext_ln58_154 = sext i26 %add_ln58_403" [firmware/nnet_utils/nnet_dense_latency.h:58]   --->   Operation 2048 'sext' 'sext_ln58_154' <Predicate = true> <Delay = 0.00>
ST_5 : Operation 2049 [1/1] (0.00ns)   --->   "%sext_ln58_157 = sext i27 %add_ln58_421" [firmware/nnet_utils/nnet_dense_latency.h:58]   --->   Operation 2049 'sext' 'sext_ln58_157' <Predicate = true> <Delay = 0.00>
ST_5 : Operation 2050 [1/1] (0.00ns)   --->   "%sext_ln58_158 = sext i27 %add_ln58_428" [firmware/nnet_utils/nnet_dense_latency.h:58]   --->   Operation 2050 'sext' 'sext_ln58_158' <Predicate = true> <Delay = 0.00>
ST_5 : Operation 2051 [1/1] (0.00ns)   --->   "%sext_ln58_230 = sext i25 %add_ln58_431" [firmware/nnet_utils/nnet_dense_latency.h:58]   --->   Operation 2051 'sext' 'sext_ln58_230' <Predicate = true> <Delay = 0.00>
ST_5 : Operation 2052 [1/1] (0.00ns) (grouped into TernaryAdder)   --->   "%add_ln58_432 = add i27 %sext_ln58_230, i27 %add_ln58_429" [firmware/nnet_utils/nnet_dense_latency.h:58]   --->   Operation 2052 'add' 'add_ln58_432' <Predicate = true> <Delay = 0.00> <CoreInst = "TAddSub">   --->   Core 10 'TAddSub' <Latency = 0> <II = 1> <Delay = 0.53> <IPBlock> <Opcode : '' 'add' 'sub'> <InPorts = 3> <OutPorts = 1> <Sync> <CReg>
ST_5 : Operation 2053 [1/1] (0.00ns)   --->   "%sext_ln58_234 = sext i25 %add_ln58_436" [firmware/nnet_utils/nnet_dense_latency.h:58]   --->   Operation 2053 'sext' 'sext_ln58_234' <Predicate = true> <Delay = 0.00>
ST_5 : Operation 2054 [1/1] (1.05ns) (root node of TernaryAdder)   --->   "%add_ln58_437 = add i27 %sext_ln58_234, i27 %add_ln58_432" [firmware/nnet_utils/nnet_dense_latency.h:58]   --->   Operation 2054 'add' 'add_ln58_437' <Predicate = true> <Delay = 1.05> <CoreInst = "TAddSub">   --->   Core 10 'TAddSub' <Latency = 0> <II = 1> <Delay = 0.53> <IPBlock> <Opcode : '' 'add' 'sub'> <InPorts = 3> <OutPorts = 1> <Sync> <CReg>
ST_5 : Operation 2055 [1/1] (0.00ns)   --->   "%sext_ln58_159 = sext i27 %add_ln58_437" [firmware/nnet_utils/nnet_dense_latency.h:58]   --->   Operation 2055 'sext' 'sext_ln58_159' <Predicate = true> <Delay = 0.00>
ST_5 : Operation 2056 [1/1] (0.00ns)   --->   "%sext_ln58_236 = sext i25 %add_ln58_440" [firmware/nnet_utils/nnet_dense_latency.h:58]   --->   Operation 2056 'sext' 'sext_ln58_236' <Predicate = true> <Delay = 0.00>
ST_5 : Operation 2057 [1/1] (0.00ns) (grouped into TernaryAdder)   --->   "%add_ln58_441 = add i27 %sext_ln58_236, i27 %add_ln58_438" [firmware/nnet_utils/nnet_dense_latency.h:58]   --->   Operation 2057 'add' 'add_ln58_441' <Predicate = true> <Delay = 0.00> <CoreInst = "TAddSub">   --->   Core 10 'TAddSub' <Latency = 0> <II = 1> <Delay = 0.53> <IPBlock> <Opcode : '' 'add' 'sub'> <InPorts = 3> <OutPorts = 1> <Sync> <CReg>
ST_5 : Operation 2058 [1/1] (0.00ns)   --->   "%sext_ln58_240 = sext i25 %add_ln58_445" [firmware/nnet_utils/nnet_dense_latency.h:58]   --->   Operation 2058 'sext' 'sext_ln58_240' <Predicate = true> <Delay = 0.00>
ST_5 : Operation 2059 [1/1] (1.05ns) (root node of TernaryAdder)   --->   "%add_ln58_446 = add i27 %sext_ln58_240, i27 %add_ln58_441" [firmware/nnet_utils/nnet_dense_latency.h:58]   --->   Operation 2059 'add' 'add_ln58_446' <Predicate = true> <Delay = 1.05> <CoreInst = "TAddSub">   --->   Core 10 'TAddSub' <Latency = 0> <II = 1> <Delay = 0.53> <IPBlock> <Opcode : '' 'add' 'sub'> <InPorts = 3> <OutPorts = 1> <Sync> <CReg>
ST_5 : Operation 2060 [1/1] (0.00ns)   --->   "%sext_ln58_160 = sext i27 %add_ln58_446" [firmware/nnet_utils/nnet_dense_latency.h:58]   --->   Operation 2060 'sext' 'sext_ln58_160' <Predicate = true> <Delay = 0.00>
ST_5 : Operation 2061 [1/1] (1.46ns)   --->   "%add_ln58_447 = add i27 %sext_ln58_154, i27 %sext_ln17_32" [firmware/nnet_utils/nnet_dense_latency.h:58]   --->   Operation 2061 'add' 'add_ln58_447' <Predicate = true> <Delay = 1.46> <CoreInst = "Adder">   --->   Core 1 'Adder' <Latency = 0> <II = 1> <Delay = 1.46> <FuncUnit> <Opcode : 'add' 'sub'> <InPorts = 2> <OutPorts = 1>
ST_5 : Operation 2062 [1/1] (0.00ns)   --->   "%sext_ln58_242 = sext i26 %add_ln58_449" [firmware/nnet_utils/nnet_dense_latency.h:58]   --->   Operation 2062 'sext' 'sext_ln58_242' <Predicate = true> <Delay = 0.00>
ST_5 : Operation 2063 [1/1] (0.00ns) (grouped into TernaryAdder)   --->   "%add_ln58_450 = add i27 %sext_ln58_242, i27 %add_ln58_447" [firmware/nnet_utils/nnet_dense_latency.h:58]   --->   Operation 2063 'add' 'add_ln58_450' <Predicate = true> <Delay = 0.00> <CoreInst = "TAddSub">   --->   Core 10 'TAddSub' <Latency = 0> <II = 1> <Delay = 0.53> <IPBlock> <Opcode : '' 'add' 'sub'> <InPorts = 3> <OutPorts = 1> <Sync> <CReg>
ST_5 : Operation 2064 [1/1] (0.00ns)   --->   "%sext_ln58_243 = sext i24 %add_ln58_451" [firmware/nnet_utils/nnet_dense_latency.h:58]   --->   Operation 2064 'sext' 'sext_ln58_243' <Predicate = true> <Delay = 0.00>
ST_5 : Operation 2065 [1/1] (0.00ns)   --->   "%sext_ln58_245 = sext i24 %add_ln58_453" [firmware/nnet_utils/nnet_dense_latency.h:58]   --->   Operation 2065 'sext' 'sext_ln58_245' <Predicate = true> <Delay = 0.00>
ST_5 : Operation 2066 [1/1] (1.45ns)   --->   "%add_ln58_454 = add i25 %sext_ln58_245, i25 %sext_ln58_243" [firmware/nnet_utils/nnet_dense_latency.h:58]   --->   Operation 2066 'add' 'add_ln58_454' <Predicate = true> <Delay = 1.45> <CoreInst = "Adder">   --->   Core 1 'Adder' <Latency = 0> <II = 1> <Delay = 1.45> <FuncUnit> <Opcode : 'add' 'sub'> <InPorts = 2> <OutPorts = 1>
ST_5 : Operation 2067 [1/1] (0.00ns)   --->   "%sext_ln58_246 = sext i25 %add_ln58_454" [firmware/nnet_utils/nnet_dense_latency.h:58]   --->   Operation 2067 'sext' 'sext_ln58_246' <Predicate = true> <Delay = 0.00>
ST_5 : Operation 2068 [1/1] (1.05ns) (root node of TernaryAdder)   --->   "%add_ln58_455 = add i27 %sext_ln58_246, i27 %add_ln58_450" [firmware/nnet_utils/nnet_dense_latency.h:58]   --->   Operation 2068 'add' 'add_ln58_455' <Predicate = true> <Delay = 1.05> <CoreInst = "TAddSub">   --->   Core 10 'TAddSub' <Latency = 0> <II = 1> <Delay = 0.53> <IPBlock> <Opcode : '' 'add' 'sub'> <InPorts = 3> <OutPorts = 1> <Sync> <CReg>
ST_5 : Operation 2069 [1/1] (0.00ns)   --->   "%sext_ln58_161 = sext i27 %add_ln58_455" [firmware/nnet_utils/nnet_dense_latency.h:58]   --->   Operation 2069 'sext' 'sext_ln58_161' <Predicate = true> <Delay = 0.00>
ST_5 : Operation 2070 [1/1] (0.00ns)   --->   "%sext_ln58_250 = sext i26 %add_ln58_460" [firmware/nnet_utils/nnet_dense_latency.h:58]   --->   Operation 2070 'sext' 'sext_ln58_250' <Predicate = true> <Delay = 0.00>
ST_5 : Operation 2071 [1/1] (0.00ns) (grouped into TernaryAdder)   --->   "%add_ln58_461 = add i28 %sext_ln58_250, i28 %add_ln58_457" [firmware/nnet_utils/nnet_dense_latency.h:58]   --->   Operation 2071 'add' 'add_ln58_461' <Predicate = true> <Delay = 0.00> <CoreInst = "TAddSub">   --->   Core 10 'TAddSub' <Latency = 0> <II = 1> <Delay = 0.53> <IPBlock> <Opcode : '' 'add' 'sub'> <InPorts = 3> <OutPorts = 1> <Sync> <CReg>
ST_5 : Operation 2072 [1/1] (0.00ns)   --->   "%sext_ln58_252 = sext i25 %add_ln58_463" [firmware/nnet_utils/nnet_dense_latency.h:58]   --->   Operation 2072 'sext' 'sext_ln58_252' <Predicate = true> <Delay = 0.00>
ST_5 : Operation 2073 [1/1] (0.00ns)   --->   "%sext_ln58_255 = sext i25 %add_ln58_466" [firmware/nnet_utils/nnet_dense_latency.h:58]   --->   Operation 2073 'sext' 'sext_ln58_255' <Predicate = true> <Delay = 0.00>
ST_5 : Operation 2074 [1/1] (1.45ns)   --->   "%add_ln58_467 = add i26 %sext_ln58_255, i26 %sext_ln58_252" [firmware/nnet_utils/nnet_dense_latency.h:58]   --->   Operation 2074 'add' 'add_ln58_467' <Predicate = true> <Delay = 1.45> <CoreInst = "Adder">   --->   Core 1 'Adder' <Latency = 0> <II = 1> <Delay = 1.45> <FuncUnit> <Opcode : 'add' 'sub'> <InPorts = 2> <OutPorts = 1>
ST_5 : Operation 2075 [1/1] (0.00ns)   --->   "%sext_ln58_256 = sext i26 %add_ln58_467" [firmware/nnet_utils/nnet_dense_latency.h:58]   --->   Operation 2075 'sext' 'sext_ln58_256' <Predicate = true> <Delay = 0.00>
ST_5 : Operation 2076 [1/1] (1.05ns) (root node of TernaryAdder)   --->   "%add_ln58_468 = add i28 %sext_ln58_256, i28 %add_ln58_461" [firmware/nnet_utils/nnet_dense_latency.h:58]   --->   Operation 2076 'add' 'add_ln58_468' <Predicate = true> <Delay = 1.05> <CoreInst = "TAddSub">   --->   Core 10 'TAddSub' <Latency = 0> <II = 1> <Delay = 0.53> <IPBlock> <Opcode : '' 'add' 'sub'> <InPorts = 3> <OutPorts = 1> <Sync> <CReg>
ST_5 : Operation 2077 [1/1] (0.00ns)   --->   "%sext_ln58_162 = sext i28 %add_ln58_468" [firmware/nnet_utils/nnet_dense_latency.h:58]   --->   Operation 2077 'sext' 'sext_ln58_162' <Predicate = true> <Delay = 0.00>
ST_5 : Operation 2078 [1/1] (0.00ns)   --->   "%sext_ln58_163 = sext i27 %add_ln58_478" [firmware/nnet_utils/nnet_dense_latency.h:58]   --->   Operation 2078 'sext' 'sext_ln58_163' <Predicate = true> <Delay = 0.00>
ST_5 : Operation 2079 [1/1] (0.00ns)   --->   "%sext_ln58_164 = sext i27 %add_ln58_488" [firmware/nnet_utils/nnet_dense_latency.h:58]   --->   Operation 2079 'sext' 'sext_ln58_164' <Predicate = true> <Delay = 0.00>
ST_5 : Operation 2080 [1/1] (0.00ns)   --->   "%sext_ln58_270 = sext i25 %add_ln58_493" [firmware/nnet_utils/nnet_dense_latency.h:58]   --->   Operation 2080 'sext' 'sext_ln58_270' <Predicate = true> <Delay = 0.00>
ST_5 : Operation 2081 [1/1] (0.00ns) (grouped into TernaryAdder)   --->   "%add_ln58_494 = add i27 %sext_ln58_270, i27 %add_ln58_490" [firmware/nnet_utils/nnet_dense_latency.h:58]   --->   Operation 2081 'add' 'add_ln58_494' <Predicate = true> <Delay = 0.00> <CoreInst = "TAddSub">   --->   Core 10 'TAddSub' <Latency = 0> <II = 1> <Delay = 0.53> <IPBlock> <Opcode : '' 'add' 'sub'> <InPorts = 3> <OutPorts = 1> <Sync> <CReg>
ST_5 : Operation 2082 [1/1] (0.00ns)   --->   "%sext_ln58_274 = sext i24 %add_ln58_500" [firmware/nnet_utils/nnet_dense_latency.h:58]   --->   Operation 2082 'sext' 'sext_ln58_274' <Predicate = true> <Delay = 0.00>
ST_5 : Operation 2083 [1/1] (1.05ns) (root node of TernaryAdder)   --->   "%add_ln58_501 = add i27 %sext_ln58_274, i27 %add_ln58_494" [firmware/nnet_utils/nnet_dense_latency.h:58]   --->   Operation 2083 'add' 'add_ln58_501' <Predicate = true> <Delay = 1.05> <CoreInst = "TAddSub">   --->   Core 10 'TAddSub' <Latency = 0> <II = 1> <Delay = 0.53> <IPBlock> <Opcode : '' 'add' 'sub'> <InPorts = 3> <OutPorts = 1> <Sync> <CReg>
ST_5 : Operation 2084 [1/1] (0.00ns)   --->   "%sext_ln58_165 = sext i27 %add_ln58_501" [firmware/nnet_utils/nnet_dense_latency.h:58]   --->   Operation 2084 'sext' 'sext_ln58_165' <Predicate = true> <Delay = 0.00>
ST_5 : Operation 2085 [1/1] (0.00ns)   --->   "%sext_ln58_275 = sext i26 %add_ln58_502" [firmware/nnet_utils/nnet_dense_latency.h:58]   --->   Operation 2085 'sext' 'sext_ln58_275' <Predicate = true> <Delay = 0.00>
ST_5 : Operation 2086 [1/1] (1.46ns)   --->   "%add_ln58_503 = add i28 %sext_ln58_275, i28 %sext_ln58_157" [firmware/nnet_utils/nnet_dense_latency.h:58]   --->   Operation 2086 'add' 'add_ln58_503' <Predicate = true> <Delay = 1.46> <CoreInst = "Adder">   --->   Core 1 'Adder' <Latency = 0> <II = 1> <Delay = 1.46> <FuncUnit> <Opcode : 'add' 'sub'> <InPorts = 2> <OutPorts = 1>
ST_5 : Operation 2087 [1/1] (0.00ns)   --->   "%sext_ln58_276 = sext i25 %add_ln58_504" [firmware/nnet_utils/nnet_dense_latency.h:58]   --->   Operation 2087 'sext' 'sext_ln58_276' <Predicate = true> <Delay = 0.00>
ST_5 : Operation 2088 [1/1] (1.45ns)   --->   "%add_ln58_505 = add i26 %sext_ln58_276, i26 %sext_ln17_41" [firmware/nnet_utils/nnet_dense_latency.h:58]   --->   Operation 2088 'add' 'add_ln58_505' <Predicate = true> <Delay = 1.45> <CoreInst = "Adder">   --->   Core 1 'Adder' <Latency = 0> <II = 1> <Delay = 1.45> <FuncUnit> <Opcode : 'add' 'sub'> <InPorts = 2> <OutPorts = 1>
ST_5 : Operation 2089 [1/1] (0.00ns)   --->   "%sext_ln58_277 = sext i26 %add_ln58_505" [firmware/nnet_utils/nnet_dense_latency.h:58]   --->   Operation 2089 'sext' 'sext_ln58_277' <Predicate = true> <Delay = 0.00>
ST_5 : Operation 2090 [1/1] (0.00ns) (grouped into TernaryAdder)   --->   "%add_ln58_506 = add i28 %sext_ln58_277, i28 %add_ln58_503" [firmware/nnet_utils/nnet_dense_latency.h:58]   --->   Operation 2090 'add' 'add_ln58_506' <Predicate = true> <Delay = 0.00> <CoreInst = "TAddSub">   --->   Core 10 'TAddSub' <Latency = 0> <II = 1> <Delay = 0.53> <IPBlock> <Opcode : '' 'add' 'sub'> <InPorts = 3> <OutPorts = 1> <Sync> <CReg>
ST_5 : Operation 2091 [1/1] (0.00ns)   --->   "%sext_ln58_281 = sext i26 %add_ln58_511" [firmware/nnet_utils/nnet_dense_latency.h:58]   --->   Operation 2091 'sext' 'sext_ln58_281' <Predicate = true> <Delay = 0.00>
ST_5 : Operation 2092 [1/1] (1.05ns) (root node of TernaryAdder)   --->   "%add_ln58_512 = add i28 %sext_ln58_281, i28 %add_ln58_506" [firmware/nnet_utils/nnet_dense_latency.h:58]   --->   Operation 2092 'add' 'add_ln58_512' <Predicate = true> <Delay = 1.05> <CoreInst = "TAddSub">   --->   Core 10 'TAddSub' <Latency = 0> <II = 1> <Delay = 0.53> <IPBlock> <Opcode : '' 'add' 'sub'> <InPorts = 3> <OutPorts = 1> <Sync> <CReg>
ST_5 : Operation 2093 [1/1] (0.00ns)   --->   "%sext_ln58_166 = sext i28 %add_ln58_512" [firmware/nnet_utils/nnet_dense_latency.h:58]   --->   Operation 2093 'sext' 'sext_ln58_166' <Predicate = true> <Delay = 0.00>
ST_5 : Operation 2094 [1/1] (0.00ns)   --->   "%sext_ln58_282 = sext i26 %add_ln58_513" [firmware/nnet_utils/nnet_dense_latency.h:58]   --->   Operation 2094 'sext' 'sext_ln58_282' <Predicate = true> <Delay = 0.00>
ST_5 : Operation 2095 [1/1] (1.46ns)   --->   "%add_ln58_514 = add i28 %sext_ln58_282, i28 %sext_ln58_159" [firmware/nnet_utils/nnet_dense_latency.h:58]   --->   Operation 2095 'add' 'add_ln58_514' <Predicate = true> <Delay = 1.46> <CoreInst = "Adder">   --->   Core 1 'Adder' <Latency = 0> <II = 1> <Delay = 1.46> <FuncUnit> <Opcode : 'add' 'sub'> <InPorts = 2> <OutPorts = 1>
ST_5 : Operation 2096 [1/1] (0.00ns)   --->   "%sext_ln58_285 = sext i26 %add_ln58_517" [firmware/nnet_utils/nnet_dense_latency.h:58]   --->   Operation 2096 'sext' 'sext_ln58_285' <Predicate = true> <Delay = 0.00>
ST_5 : Operation 2097 [1/1] (0.00ns) (grouped into TernaryAdder)   --->   "%add_ln58_518 = add i28 %sext_ln58_285, i28 %add_ln58_514" [firmware/nnet_utils/nnet_dense_latency.h:58]   --->   Operation 2097 'add' 'add_ln58_518' <Predicate = true> <Delay = 0.00> <CoreInst = "TAddSub">   --->   Core 10 'TAddSub' <Latency = 0> <II = 1> <Delay = 0.53> <IPBlock> <Opcode : '' 'add' 'sub'> <InPorts = 3> <OutPorts = 1> <Sync> <CReg>
ST_5 : Operation 2098 [1/1] (0.00ns)   --->   "%sext_ln58_287 = sext i25 %add_ln58_521" [firmware/nnet_utils/nnet_dense_latency.h:58]   --->   Operation 2098 'sext' 'sext_ln58_287' <Predicate = true> <Delay = 0.00>
ST_5 : Operation 2099 [1/1] (0.00ns)   --->   "%sext_ln58_290 = sext i25 %add_ln58_524" [firmware/nnet_utils/nnet_dense_latency.h:58]   --->   Operation 2099 'sext' 'sext_ln58_290' <Predicate = true> <Delay = 0.00>
ST_5 : Operation 2100 [1/1] (1.45ns)   --->   "%add_ln58_525 = add i26 %sext_ln58_290, i26 %sext_ln58_287" [firmware/nnet_utils/nnet_dense_latency.h:58]   --->   Operation 2100 'add' 'add_ln58_525' <Predicate = true> <Delay = 1.45> <CoreInst = "Adder">   --->   Core 1 'Adder' <Latency = 0> <II = 1> <Delay = 1.45> <FuncUnit> <Opcode : 'add' 'sub'> <InPorts = 2> <OutPorts = 1>
ST_5 : Operation 2101 [1/1] (0.00ns)   --->   "%sext_ln58_291 = sext i26 %add_ln58_525" [firmware/nnet_utils/nnet_dense_latency.h:58]   --->   Operation 2101 'sext' 'sext_ln58_291' <Predicate = true> <Delay = 0.00>
ST_5 : Operation 2102 [1/1] (1.05ns) (root node of TernaryAdder)   --->   "%add_ln58_526 = add i28 %sext_ln58_291, i28 %add_ln58_518" [firmware/nnet_utils/nnet_dense_latency.h:58]   --->   Operation 2102 'add' 'add_ln58_526' <Predicate = true> <Delay = 1.05> <CoreInst = "TAddSub">   --->   Core 10 'TAddSub' <Latency = 0> <II = 1> <Delay = 0.53> <IPBlock> <Opcode : '' 'add' 'sub'> <InPorts = 3> <OutPorts = 1> <Sync> <CReg>
ST_5 : Operation 2103 [1/1] (0.00ns) (grouped into TernaryAdder)   --->   "%add_ln58_527 = add i28 %sext_ln58_158, i28 %sext_ln17_47" [firmware/nnet_utils/nnet_dense_latency.h:58]   --->   Operation 2103 'add' 'add_ln58_527' <Predicate = true> <Delay = 0.00> <CoreInst = "TAddSub">   --->   Core 10 'TAddSub' <Latency = 0> <II = 1> <Delay = 0.53> <IPBlock> <Opcode : '' 'add' 'sub'> <InPorts = 3> <OutPorts = 1> <Sync> <CReg>
ST_5 : Operation 2104 [1/1] (0.00ns)   --->   "%sext_ln58_292 = sext i25 %add_ln58_528" [firmware/nnet_utils/nnet_dense_latency.h:58]   --->   Operation 2104 'sext' 'sext_ln58_292' <Predicate = true> <Delay = 0.00>
ST_5 : Operation 2105 [1/1] (1.05ns) (root node of TernaryAdder)   --->   "%add_ln58_529 = add i28 %sext_ln58_292, i28 %add_ln58_527" [firmware/nnet_utils/nnet_dense_latency.h:58]   --->   Operation 2105 'add' 'add_ln58_529' <Predicate = true> <Delay = 1.05> <CoreInst = "TAddSub">   --->   Core 10 'TAddSub' <Latency = 0> <II = 1> <Delay = 0.53> <IPBlock> <Opcode : '' 'add' 'sub'> <InPorts = 3> <OutPorts = 1> <Sync> <CReg>
ST_5 : Operation 2106 [1/1] (0.00ns)   --->   "%sext_ln58_295 = sext i26 %add_ln58_532" [firmware/nnet_utils/nnet_dense_latency.h:58]   --->   Operation 2106 'sext' 'sext_ln58_295' <Predicate = true> <Delay = 0.00>
ST_5 : Operation 2107 [1/1] (0.00ns) (grouped into TernaryAdder)   --->   "%add_ln58_533 = add i28 %sext_ln58_295, i28 %add_ln58_529" [firmware/nnet_utils/nnet_dense_latency.h:58]   --->   Operation 2107 'add' 'add_ln58_533' <Predicate = true> <Delay = 0.00> <CoreInst = "TAddSub">   --->   Core 10 'TAddSub' <Latency = 0> <II = 1> <Delay = 0.53> <IPBlock> <Opcode : '' 'add' 'sub'> <InPorts = 3> <OutPorts = 1> <Sync> <CReg>
ST_5 : Operation 2108 [1/1] (1.45ns)   --->   "%add_ln58_534 = add i25 %mult_657, i25 %sext_ln17_58" [firmware/nnet_utils/nnet_dense_latency.h:58]   --->   Operation 2108 'add' 'add_ln58_534' <Predicate = true> <Delay = 1.45> <CoreInst = "Adder">   --->   Core 1 'Adder' <Latency = 0> <II = 1> <Delay = 1.45> <FuncUnit> <Opcode : 'add' 'sub'> <InPorts = 2> <OutPorts = 1>
ST_5 : Operation 2109 [1/1] (0.00ns)   --->   "%sext_ln58_296 = sext i25 %add_ln58_534" [firmware/nnet_utils/nnet_dense_latency.h:58]   --->   Operation 2109 'sext' 'sext_ln58_296' <Predicate = true> <Delay = 0.00>
ST_5 : Operation 2110 [1/1] (0.00ns)   --->   "%sext_ln58_297 = sext i24 %add_ln58_535" [firmware/nnet_utils/nnet_dense_latency.h:58]   --->   Operation 2110 'sext' 'sext_ln58_297' <Predicate = true> <Delay = 0.00>
ST_5 : Operation 2111 [1/1] (0.00ns) (grouped into TernaryAdder)   --->   "%add_ln58_536 = add i26 %sext_ln58_297, i26 %sext_ln58_296" [firmware/nnet_utils/nnet_dense_latency.h:58]   --->   Operation 2111 'add' 'add_ln58_536' <Predicate = true> <Delay = 0.00> <CoreInst = "TAddSub">   --->   Core 10 'TAddSub' <Latency = 0> <II = 1> <Delay = 0.53> <IPBlock> <Opcode : '' 'add' 'sub'> <InPorts = 3> <OutPorts = 1> <Sync> <CReg>
ST_5 : Operation 2112 [1/1] (0.00ns)   --->   "%sext_ln58_301 = sext i25 %add_ln58_540" [firmware/nnet_utils/nnet_dense_latency.h:58]   --->   Operation 2112 'sext' 'sext_ln58_301' <Predicate = true> <Delay = 0.00>
ST_5 : Operation 2113 [1/1] (1.04ns) (root node of TernaryAdder)   --->   "%add_ln58_541 = add i26 %sext_ln58_301, i26 %add_ln58_536" [firmware/nnet_utils/nnet_dense_latency.h:58]   --->   Operation 2113 'add' 'add_ln58_541' <Predicate = true> <Delay = 1.04> <CoreInst = "TAddSub">   --->   Core 10 'TAddSub' <Latency = 0> <II = 1> <Delay = 0.53> <IPBlock> <Opcode : '' 'add' 'sub'> <InPorts = 3> <OutPorts = 1> <Sync> <CReg>
ST_5 : Operation 2114 [1/1] (0.00ns)   --->   "%sext_ln58_302 = sext i26 %add_ln58_541" [firmware/nnet_utils/nnet_dense_latency.h:58]   --->   Operation 2114 'sext' 'sext_ln58_302' <Predicate = true> <Delay = 0.00>
ST_5 : Operation 2115 [1/1] (1.05ns) (root node of TernaryAdder)   --->   "%add_ln58_542 = add i28 %sext_ln58_302, i28 %add_ln58_533" [firmware/nnet_utils/nnet_dense_latency.h:58]   --->   Operation 2115 'add' 'add_ln58_542' <Predicate = true> <Delay = 1.05> <CoreInst = "TAddSub">   --->   Core 10 'TAddSub' <Latency = 0> <II = 1> <Delay = 0.53> <IPBlock> <Opcode : '' 'add' 'sub'> <InPorts = 3> <OutPorts = 1> <Sync> <CReg>
ST_5 : Operation 2116 [1/1] (1.45ns)   --->   "%add_ln58_543 = add i25 %mul_ln17_22, i25 %mult_574" [firmware/nnet_utils/nnet_dense_latency.h:58]   --->   Operation 2116 'add' 'add_ln58_543' <Predicate = true> <Delay = 1.45> <CoreInst = "Adder">   --->   Core 1 'Adder' <Latency = 0> <II = 1> <Delay = 1.45> <FuncUnit> <Opcode : 'add' 'sub'> <InPorts = 2> <OutPorts = 1>
ST_5 : Operation 2117 [1/1] (0.00ns)   --->   "%sext_ln58_303 = sext i25 %add_ln58_543" [firmware/nnet_utils/nnet_dense_latency.h:58]   --->   Operation 2117 'sext' 'sext_ln58_303' <Predicate = true> <Delay = 0.00>
ST_5 : Operation 2118 [1/1] (1.46ns)   --->   "%add_ln58_544 = add i28 %sext_ln58_303, i28 %sext_ln58_164" [firmware/nnet_utils/nnet_dense_latency.h:58]   --->   Operation 2118 'add' 'add_ln58_544' <Predicate = true> <Delay = 1.46> <CoreInst = "Adder">   --->   Core 1 'Adder' <Latency = 0> <II = 1> <Delay = 1.46> <FuncUnit> <Opcode : 'add' 'sub'> <InPorts = 2> <OutPorts = 1>
ST_5 : Operation 2119 [1/1] (1.45ns)   --->   "%add_ln58_545 = add i25 %mult_593, i25 %mult_602" [firmware/nnet_utils/nnet_dense_latency.h:58]   --->   Operation 2119 'add' 'add_ln58_545' <Predicate = true> <Delay = 1.45> <CoreInst = "Adder">   --->   Core 1 'Adder' <Latency = 0> <II = 1> <Delay = 1.45> <FuncUnit> <Opcode : 'add' 'sub'> <InPorts = 2> <OutPorts = 1>
ST_5 : Operation 2120 [1/1] (0.00ns)   --->   "%sext_ln58_304 = sext i25 %add_ln58_545" [firmware/nnet_utils/nnet_dense_latency.h:58]   --->   Operation 2120 'sext' 'sext_ln58_304' <Predicate = true> <Delay = 0.00>
ST_5 : Operation 2121 [1/1] (1.45ns)   --->   "%add_ln58_546 = add i25 %mult_651, i25 %mult_661" [firmware/nnet_utils/nnet_dense_latency.h:58]   --->   Operation 2121 'add' 'add_ln58_546' <Predicate = true> <Delay = 1.45> <CoreInst = "Adder">   --->   Core 1 'Adder' <Latency = 0> <II = 1> <Delay = 1.45> <FuncUnit> <Opcode : 'add' 'sub'> <InPorts = 2> <OutPorts = 1>
ST_5 : Operation 2122 [1/1] (0.00ns)   --->   "%sext_ln58_305 = sext i25 %add_ln58_546" [firmware/nnet_utils/nnet_dense_latency.h:58]   --->   Operation 2122 'sext' 'sext_ln58_305' <Predicate = true> <Delay = 0.00>
ST_5 : Operation 2123 [1/1] (1.45ns)   --->   "%add_ln58_547 = add i26 %sext_ln58_305, i26 %sext_ln58_304" [firmware/nnet_utils/nnet_dense_latency.h:58]   --->   Operation 2123 'add' 'add_ln58_547' <Predicate = true> <Delay = 1.45> <CoreInst = "Adder">   --->   Core 1 'Adder' <Latency = 0> <II = 1> <Delay = 1.45> <FuncUnit> <Opcode : 'add' 'sub'> <InPorts = 2> <OutPorts = 1>
ST_5 : Operation 2124 [1/1] (1.04ns) (root node of TernaryAdder)   --->   "%add_ln58_549 = add i25 %mult_681, i25 %mult_701" [firmware/nnet_utils/nnet_dense_latency.h:58]   --->   Operation 2124 'add' 'add_ln58_549' <Predicate = true> <Delay = 1.04> <CoreInst = "TAddSub">   --->   Core 10 'TAddSub' <Latency = 0> <II = 1> <Delay = 0.53> <IPBlock> <Opcode : '' 'add' 'sub'> <InPorts = 3> <OutPorts = 1> <Sync> <CReg>
ST_5 : Operation 2125 [1/1] (0.00ns)   --->   "%sext_ln58_307 = sext i25 %add_ln58_549" [firmware/nnet_utils/nnet_dense_latency.h:58]   --->   Operation 2125 'sext' 'sext_ln58_307' <Predicate = true> <Delay = 0.00>
ST_5 : Operation 2126 [1/1] (1.45ns)   --->   "%add_ln58_550 = add i24 %mult_583, i24 %mult_641" [firmware/nnet_utils/nnet_dense_latency.h:58]   --->   Operation 2126 'add' 'add_ln58_550' <Predicate = true> <Delay = 1.45> <CoreInst = "Adder">   --->   Core 1 'Adder' <Latency = 0> <II = 1> <Delay = 1.45> <FuncUnit> <Opcode : 'add' 'sub'> <InPorts = 2> <OutPorts = 1>
ST_5 : Operation 2127 [1/1] (0.00ns)   --->   "%sext_ln58_308 = sext i24 %add_ln58_550" [firmware/nnet_utils/nnet_dense_latency.h:58]   --->   Operation 2127 'sext' 'sext_ln58_308' <Predicate = true> <Delay = 0.00>
ST_5 : Operation 2128 [1/1] (0.00ns) (grouped into TernaryAdder)   --->   "%add_ln58_551 = add i26 %sext_ln58_308, i26 %sext_ln58_307" [firmware/nnet_utils/nnet_dense_latency.h:58]   --->   Operation 2128 'add' 'add_ln58_551' <Predicate = true> <Delay = 0.00> <CoreInst = "TAddSub">   --->   Core 10 'TAddSub' <Latency = 0> <II = 1> <Delay = 0.53> <IPBlock> <Opcode : '' 'add' 'sub'> <InPorts = 3> <OutPorts = 1> <Sync> <CReg>
ST_5 : Operation 2129 [1/1] (0.00ns)   --->   "%sext_ln58_311 = sext i25 %add_ln58_554" [firmware/nnet_utils/nnet_dense_latency.h:58]   --->   Operation 2129 'sext' 'sext_ln58_311' <Predicate = true> <Delay = 0.00>
ST_5 : Operation 2130 [1/1] (1.04ns) (root node of TernaryAdder)   --->   "%add_ln58_555 = add i26 %sext_ln58_311, i26 %add_ln58_551" [firmware/nnet_utils/nnet_dense_latency.h:58]   --->   Operation 2130 'add' 'add_ln58_555' <Predicate = true> <Delay = 1.04> <CoreInst = "TAddSub">   --->   Core 10 'TAddSub' <Latency = 0> <II = 1> <Delay = 0.53> <IPBlock> <Opcode : '' 'add' 'sub'> <InPorts = 3> <OutPorts = 1> <Sync> <CReg>
ST_5 : Operation 2131 [1/1] (0.00ns) (grouped into TernaryAdder)   --->   "%add_ln58_557 = add i28 %sext_ln58_160, i28 %sext_ln17_70" [firmware/nnet_utils/nnet_dense_latency.h:58]   --->   Operation 2131 'add' 'add_ln58_557' <Predicate = true> <Delay = 0.00> <CoreInst = "TAddSub">   --->   Core 10 'TAddSub' <Latency = 0> <II = 1> <Delay = 0.53> <IPBlock> <Opcode : '' 'add' 'sub'> <InPorts = 3> <OutPorts = 1> <Sync> <CReg>
ST_5 : Operation 2132 [1/1] (0.00ns)   --->   "%sext_ln58_314 = sext i26 %add_ln58_559" [firmware/nnet_utils/nnet_dense_latency.h:58]   --->   Operation 2132 'sext' 'sext_ln58_314' <Predicate = true> <Delay = 0.00>
ST_5 : Operation 2133 [1/1] (1.05ns) (root node of TernaryAdder)   --->   "%add_ln58_560 = add i28 %sext_ln58_314, i28 %add_ln58_557" [firmware/nnet_utils/nnet_dense_latency.h:58]   --->   Operation 2133 'add' 'add_ln58_560' <Predicate = true> <Delay = 1.05> <CoreInst = "TAddSub">   --->   Core 10 'TAddSub' <Latency = 0> <II = 1> <Delay = 0.53> <IPBlock> <Opcode : '' 'add' 'sub'> <InPorts = 3> <OutPorts = 1> <Sync> <CReg>
ST_5 : Operation 2134 [1/1] (1.45ns)   --->   "%add_ln58_561 = add i25 %mult_662, i25 %mult_711" [firmware/nnet_utils/nnet_dense_latency.h:58]   --->   Operation 2134 'add' 'add_ln58_561' <Predicate = true> <Delay = 1.45> <CoreInst = "Adder">   --->   Core 1 'Adder' <Latency = 0> <II = 1> <Delay = 1.45> <FuncUnit> <Opcode : 'add' 'sub'> <InPorts = 2> <OutPorts = 1>
ST_5 : Operation 2135 [1/1] (0.00ns)   --->   "%sext_ln58_315 = sext i25 %add_ln58_561" [firmware/nnet_utils/nnet_dense_latency.h:58]   --->   Operation 2135 'sext' 'sext_ln58_315' <Predicate = true> <Delay = 0.00>
ST_5 : Operation 2136 [1/1] (0.00ns)   --->   "%sext_ln58_316 = sext i24 %add_ln58_563" [firmware/nnet_utils/nnet_dense_latency.h:58]   --->   Operation 2136 'sext' 'sext_ln58_316' <Predicate = true> <Delay = 0.00>
ST_5 : Operation 2137 [1/1] (1.45ns)   --->   "%add_ln58_564 = add i26 %sext_ln58_316, i26 %sext_ln58_315" [firmware/nnet_utils/nnet_dense_latency.h:58]   --->   Operation 2137 'add' 'add_ln58_564' <Predicate = true> <Delay = 1.45> <CoreInst = "Adder">   --->   Core 1 'Adder' <Latency = 0> <II = 1> <Delay = 1.45> <FuncUnit> <Opcode : 'add' 'sub'> <InPorts = 2> <OutPorts = 1>
ST_5 : Operation 2138 [1/1] (0.00ns)   --->   "%sext_ln58_318 = sext i24 %add_ln58_566" [firmware/nnet_utils/nnet_dense_latency.h:58]   --->   Operation 2138 'sext' 'sext_ln58_318' <Predicate = true> <Delay = 0.00>
ST_5 : Operation 2139 [1/1] (0.00ns)   --->   "%sext_ln58_319 = sext i24 %add_ln58_567" [firmware/nnet_utils/nnet_dense_latency.h:58]   --->   Operation 2139 'sext' 'sext_ln58_319' <Predicate = true> <Delay = 0.00>
ST_5 : Operation 2140 [1/1] (0.00ns) (grouped into TernaryAdder)   --->   "%add_ln58_568 = add i25 %sext_ln58_319, i25 %sext_ln17_88" [firmware/nnet_utils/nnet_dense_latency.h:58]   --->   Operation 2140 'add' 'add_ln58_568' <Predicate = true> <Delay = 0.00> <CoreInst = "TAddSub">   --->   Core 10 'TAddSub' <Latency = 0> <II = 1> <Delay = 0.53> <IPBlock> <Opcode : '' 'add' 'sub'> <InPorts = 3> <OutPorts = 1> <Sync> <CReg>
ST_5 : Operation 2141 [1/1] (1.04ns) (root node of TernaryAdder)   --->   "%add_ln58_569 = add i25 %add_ln58_568, i25 %sext_ln58_318" [firmware/nnet_utils/nnet_dense_latency.h:58]   --->   Operation 2141 'add' 'add_ln58_569' <Predicate = true> <Delay = 1.04> <CoreInst = "TAddSub">   --->   Core 10 'TAddSub' <Latency = 0> <II = 1> <Delay = 0.53> <IPBlock> <Opcode : '' 'add' 'sub'> <InPorts = 3> <OutPorts = 1> <Sync> <CReg>
ST_5 : Operation 2142 [1/1] (0.00ns)   --->   "%sext_ln58_320 = sext i25 %add_ln58_569" [firmware/nnet_utils/nnet_dense_latency.h:58]   --->   Operation 2142 'sext' 'sext_ln58_320' <Predicate = true> <Delay = 0.00>
ST_5 : Operation 2143 [1/1] (0.00ns)   --->   "%sext_ln58_322 = sext i23 %add_ln58_571" [firmware/nnet_utils/nnet_dense_latency.h:58]   --->   Operation 2143 'sext' 'sext_ln58_322' <Predicate = true> <Delay = 0.00>
ST_5 : Operation 2144 [1/1] (0.00ns)   --->   "%sext_ln58_325 = sext i22 %sub_ln58" [firmware/nnet_utils/nnet_dense_latency.h:58]   --->   Operation 2144 'sext' 'sext_ln58_325' <Predicate = true> <Delay = 0.00>
ST_5 : Operation 2145 [1/1] (1.44ns)   --->   "%add_ln58_573 = add i24 %sext_ln58_325, i24 %sext_ln58_322" [firmware/nnet_utils/nnet_dense_latency.h:58]   --->   Operation 2145 'add' 'add_ln58_573' <Predicate = true> <Delay = 1.44> <CoreInst = "Adder">   --->   Core 1 'Adder' <Latency = 0> <II = 1> <Delay = 1.44> <FuncUnit> <Opcode : 'add' 'sub'> <InPorts = 2> <OutPorts = 1>
ST_5 : Operation 2146 [1/1] (0.00ns)   --->   "%sext_ln58_326 = sext i24 %add_ln58_573" [firmware/nnet_utils/nnet_dense_latency.h:58]   --->   Operation 2146 'sext' 'sext_ln58_326' <Predicate = true> <Delay = 0.00>
ST_5 : Operation 2147 [1/1] (1.45ns)   --->   "%add_ln58_574 = add i26 %sext_ln58_326, i26 %sext_ln58_320" [firmware/nnet_utils/nnet_dense_latency.h:58]   --->   Operation 2147 'add' 'add_ln58_574' <Predicate = true> <Delay = 1.45> <CoreInst = "Adder">   --->   Core 1 'Adder' <Latency = 0> <II = 1> <Delay = 1.45> <FuncUnit> <Opcode : 'add' 'sub'> <InPorts = 2> <OutPorts = 1>
ST_5 : Operation 2148 [1/1] (0.00ns) (grouped into TernaryAdder)   --->   "%add_ln58_576 = add i28 %sext_ln58_161, i28 %sext_ln17_61" [firmware/nnet_utils/nnet_dense_latency.h:58]   --->   Operation 2148 'add' 'add_ln58_576' <Predicate = true> <Delay = 0.00> <CoreInst = "TAddSub">   --->   Core 10 'TAddSub' <Latency = 0> <II = 1> <Delay = 0.53> <IPBlock> <Opcode : '' 'add' 'sub'> <InPorts = 3> <OutPorts = 1> <Sync> <CReg>
ST_5 : Operation 2149 [1/1] (0.00ns) (grouped into TernaryAdder)   --->   "%add_ln58_577 = add i25 %mult_640, i25 %mult_660" [firmware/nnet_utils/nnet_dense_latency.h:58]   --->   Operation 2149 'add' 'add_ln58_577' <Predicate = true> <Delay = 0.00> <CoreInst = "TAddSub">   --->   Core 10 'TAddSub' <Latency = 0> <II = 1> <Delay = 0.53> <IPBlock> <Opcode : '' 'add' 'sub'> <InPorts = 3> <OutPorts = 1> <Sync> <CReg>
ST_5 : Operation 2150 [1/1] (1.04ns) (root node of TernaryAdder)   --->   "%add_ln58_578 = add i25 %add_ln58_577, i25 %mult_601" [firmware/nnet_utils/nnet_dense_latency.h:58]   --->   Operation 2150 'add' 'add_ln58_578' <Predicate = true> <Delay = 1.04> <CoreInst = "TAddSub">   --->   Core 10 'TAddSub' <Latency = 0> <II = 1> <Delay = 0.53> <IPBlock> <Opcode : '' 'add' 'sub'> <InPorts = 3> <OutPorts = 1> <Sync> <CReg>
ST_5 : Operation 2151 [1/1] (0.00ns)   --->   "%sext_ln58_328 = sext i25 %add_ln58_578" [firmware/nnet_utils/nnet_dense_latency.h:58]   --->   Operation 2151 'sext' 'sext_ln58_328' <Predicate = true> <Delay = 0.00>
ST_5 : Operation 2152 [1/1] (1.05ns) (root node of TernaryAdder)   --->   "%add_ln58_579 = add i28 %sext_ln58_328, i28 %add_ln58_576" [firmware/nnet_utils/nnet_dense_latency.h:58]   --->   Operation 2152 'add' 'add_ln58_579' <Predicate = true> <Delay = 1.05> <CoreInst = "TAddSub">   --->   Core 10 'TAddSub' <Latency = 0> <II = 1> <Delay = 0.53> <IPBlock> <Opcode : '' 'add' 'sub'> <InPorts = 3> <OutPorts = 1> <Sync> <CReg>
ST_5 : Operation 2153 [1/1] (1.04ns) (root node of TernaryAdder)   --->   "%add_ln58_580 = add i25 %mult_670, i25 %mult_700" [firmware/nnet_utils/nnet_dense_latency.h:58]   --->   Operation 2153 'add' 'add_ln58_580' <Predicate = true> <Delay = 1.04> <CoreInst = "TAddSub">   --->   Core 10 'TAddSub' <Latency = 0> <II = 1> <Delay = 0.53> <IPBlock> <Opcode : '' 'add' 'sub'> <InPorts = 3> <OutPorts = 1> <Sync> <CReg>
ST_5 : Operation 2154 [1/1] (0.00ns)   --->   "%sext_ln58_329 = sext i25 %add_ln58_580" [firmware/nnet_utils/nnet_dense_latency.h:58]   --->   Operation 2154 'sext' 'sext_ln58_329' <Predicate = true> <Delay = 0.00>
ST_5 : Operation 2155 [1/1] (0.00ns)   --->   "%sext_ln58_330 = sext i24 %add_ln58_581" [firmware/nnet_utils/nnet_dense_latency.h:58]   --->   Operation 2155 'sext' 'sext_ln58_330' <Predicate = true> <Delay = 0.00>
ST_5 : Operation 2156 [1/1] (1.45ns)   --->   "%add_ln58_582 = add i25 %sext_ln58_330, i25 %mult_709" [firmware/nnet_utils/nnet_dense_latency.h:58]   --->   Operation 2156 'add' 'add_ln58_582' <Predicate = true> <Delay = 1.45> <CoreInst = "Adder">   --->   Core 1 'Adder' <Latency = 0> <II = 1> <Delay = 1.45> <FuncUnit> <Opcode : 'add' 'sub'> <InPorts = 2> <OutPorts = 1>
ST_5 : Operation 2157 [1/1] (0.00ns)   --->   "%sext_ln58_331 = sext i25 %add_ln58_582" [firmware/nnet_utils/nnet_dense_latency.h:58]   --->   Operation 2157 'sext' 'sext_ln58_331' <Predicate = true> <Delay = 0.00>
ST_5 : Operation 2158 [1/1] (1.45ns)   --->   "%add_ln58_583 = add i26 %sext_ln58_331, i26 %sext_ln58_329" [firmware/nnet_utils/nnet_dense_latency.h:58]   --->   Operation 2158 'add' 'add_ln58_583' <Predicate = true> <Delay = 1.45> <CoreInst = "Adder">   --->   Core 1 'Adder' <Latency = 0> <II = 1> <Delay = 1.45> <FuncUnit> <Opcode : 'add' 'sub'> <InPorts = 2> <OutPorts = 1>
ST_5 : Operation 2159 [1/1] (0.00ns)   --->   "%sext_ln58_333 = sext i24 %add_ln58_585" [firmware/nnet_utils/nnet_dense_latency.h:58]   --->   Operation 2159 'sext' 'sext_ln58_333' <Predicate = true> <Delay = 0.00>
ST_5 : Operation 2160 [1/1] (0.00ns)   --->   "%sext_ln58_334 = sext i24 %add_ln58_587" [firmware/nnet_utils/nnet_dense_latency.h:58]   --->   Operation 2160 'sext' 'sext_ln58_334' <Predicate = true> <Delay = 0.00>
ST_5 : Operation 2161 [1/1] (1.45ns)   --->   "%add_ln58_588 = add i25 %sext_ln58_334, i25 %sext_ln58_333" [firmware/nnet_utils/nnet_dense_latency.h:58]   --->   Operation 2161 'add' 'add_ln58_588' <Predicate = true> <Delay = 1.45> <CoreInst = "Adder">   --->   Core 1 'Adder' <Latency = 0> <II = 1> <Delay = 1.45> <FuncUnit> <Opcode : 'add' 'sub'> <InPorts = 2> <OutPorts = 1>
ST_5 : Operation 2162 [1/1] (0.00ns)   --->   "%sext_ln58_335 = sext i25 %add_ln58_588" [firmware/nnet_utils/nnet_dense_latency.h:58]   --->   Operation 2162 'sext' 'sext_ln58_335' <Predicate = true> <Delay = 0.00>
ST_5 : Operation 2163 [1/1] (0.00ns)   --->   "%sext_ln58_336 = sext i23 %add_ln58_589" [firmware/nnet_utils/nnet_dense_latency.h:58]   --->   Operation 2163 'sext' 'sext_ln58_336' <Predicate = true> <Delay = 0.00>
ST_5 : Operation 2164 [1/1] (0.00ns)   --->   "%sext_ln58_338 = sext i22 %add_ln58_591" [firmware/nnet_utils/nnet_dense_latency.h:58]   --->   Operation 2164 'sext' 'sext_ln58_338' <Predicate = true> <Delay = 0.00>
ST_5 : Operation 2165 [1/1] (1.44ns)   --->   "%add_ln58_592 = add i24 %sext_ln58_338, i24 %sext_ln58_336" [firmware/nnet_utils/nnet_dense_latency.h:58]   --->   Operation 2165 'add' 'add_ln58_592' <Predicate = true> <Delay = 1.44> <CoreInst = "Adder">   --->   Core 1 'Adder' <Latency = 0> <II = 1> <Delay = 1.44> <FuncUnit> <Opcode : 'add' 'sub'> <InPorts = 2> <OutPorts = 1>
ST_5 : Operation 2166 [1/1] (0.00ns)   --->   "%sext_ln58_339 = sext i24 %add_ln58_592" [firmware/nnet_utils/nnet_dense_latency.h:58]   --->   Operation 2166 'sext' 'sext_ln58_339' <Predicate = true> <Delay = 0.00>
ST_5 : Operation 2167 [1/1] (1.45ns)   --->   "%add_ln58_593 = add i26 %sext_ln58_339, i26 %sext_ln58_335" [firmware/nnet_utils/nnet_dense_latency.h:58]   --->   Operation 2167 'add' 'add_ln58_593' <Predicate = true> <Delay = 1.45> <CoreInst = "Adder">   --->   Core 1 'Adder' <Latency = 0> <II = 1> <Delay = 1.45> <FuncUnit> <Opcode : 'add' 'sub'> <InPorts = 2> <OutPorts = 1>
ST_5 : Operation 2168 [1/1] (0.00ns) (grouped into TernaryAdder)   --->   "%add_ln58_595 = add i28 %sext_ln58_163, i28 %sext_ln17_74" [firmware/nnet_utils/nnet_dense_latency.h:58]   --->   Operation 2168 'add' 'add_ln58_595' <Predicate = true> <Delay = 0.00> <CoreInst = "TAddSub">   --->   Core 10 'TAddSub' <Latency = 0> <II = 1> <Delay = 0.53> <IPBlock> <Opcode : '' 'add' 'sub'> <InPorts = 3> <OutPorts = 1> <Sync> <CReg>
ST_5 : Operation 2169 [1/1] (0.00ns) (grouped into TernaryAdder)   --->   "%add_ln58_596 = add i25 %mult_646, i25 %mult_676" [firmware/nnet_utils/nnet_dense_latency.h:58]   --->   Operation 2169 'add' 'add_ln58_596' <Predicate = true> <Delay = 0.00> <CoreInst = "TAddSub">   --->   Core 10 'TAddSub' <Latency = 0> <II = 1> <Delay = 0.53> <IPBlock> <Opcode : '' 'add' 'sub'> <InPorts = 3> <OutPorts = 1> <Sync> <CReg>
ST_5 : Operation 2170 [1/1] (1.04ns) (root node of TernaryAdder)   --->   "%add_ln58_597 = add i25 %add_ln58_596, i25 %mult_636" [firmware/nnet_utils/nnet_dense_latency.h:58]   --->   Operation 2170 'add' 'add_ln58_597' <Predicate = true> <Delay = 1.04> <CoreInst = "TAddSub">   --->   Core 10 'TAddSub' <Latency = 0> <II = 1> <Delay = 0.53> <IPBlock> <Opcode : '' 'add' 'sub'> <InPorts = 3> <OutPorts = 1> <Sync> <CReg>
ST_5 : Operation 2171 [1/1] (0.00ns)   --->   "%sext_ln58_341 = sext i25 %add_ln58_597" [firmware/nnet_utils/nnet_dense_latency.h:58]   --->   Operation 2171 'sext' 'sext_ln58_341' <Predicate = true> <Delay = 0.00>
ST_5 : Operation 2172 [1/1] (1.05ns) (root node of TernaryAdder)   --->   "%add_ln58_598 = add i28 %sext_ln58_341, i28 %add_ln58_595" [firmware/nnet_utils/nnet_dense_latency.h:58]   --->   Operation 2172 'add' 'add_ln58_598' <Predicate = true> <Delay = 1.05> <CoreInst = "TAddSub">   --->   Core 10 'TAddSub' <Latency = 0> <II = 1> <Delay = 0.53> <IPBlock> <Opcode : '' 'add' 'sub'> <InPorts = 3> <OutPorts = 1> <Sync> <CReg>
ST_5 : Operation 2173 [1/1] (1.45ns)   --->   "%add_ln58_599 = add i25 %mult_696, i25 %mult_725" [firmware/nnet_utils/nnet_dense_latency.h:58]   --->   Operation 2173 'add' 'add_ln58_599' <Predicate = true> <Delay = 1.45> <CoreInst = "Adder">   --->   Core 1 'Adder' <Latency = 0> <II = 1> <Delay = 1.45> <FuncUnit> <Opcode : 'add' 'sub'> <InPorts = 2> <OutPorts = 1>
ST_5 : Operation 2174 [1/1] (0.00ns)   --->   "%sext_ln58_342 = sext i25 %add_ln58_599" [firmware/nnet_utils/nnet_dense_latency.h:58]   --->   Operation 2174 'sext' 'sext_ln58_342' <Predicate = true> <Delay = 0.00>
ST_5 : Operation 2175 [1/1] (0.00ns)   --->   "%sext_ln58_344 = sext i25 %add_ln58_601" [firmware/nnet_utils/nnet_dense_latency.h:58]   --->   Operation 2175 'sext' 'sext_ln58_344' <Predicate = true> <Delay = 0.00>
ST_5 : Operation 2176 [1/1] (1.45ns)   --->   "%add_ln58_602 = add i26 %sext_ln58_344, i26 %sext_ln58_342" [firmware/nnet_utils/nnet_dense_latency.h:58]   --->   Operation 2176 'add' 'add_ln58_602' <Predicate = true> <Delay = 1.45> <CoreInst = "Adder">   --->   Core 1 'Adder' <Latency = 0> <II = 1> <Delay = 1.45> <FuncUnit> <Opcode : 'add' 'sub'> <InPorts = 2> <OutPorts = 1>
ST_5 : Operation 2177 [1/1] (1.03ns) (root node of TernaryAdder)   --->   "%add_ln58_604 = add i24 %mult_617, i24 %mult_627" [firmware/nnet_utils/nnet_dense_latency.h:58]   --->   Operation 2177 'add' 'add_ln58_604' <Predicate = true> <Delay = 1.03> <CoreInst = "TAddSub">   --->   Core 10 'TAddSub' <Latency = 0> <II = 1> <Delay = 0.53> <IPBlock> <Opcode : '' 'add' 'sub'> <InPorts = 3> <OutPorts = 1> <Sync> <CReg>
ST_5 : Operation 2178 [1/1] (1.45ns)   --->   "%add_ln58_605 = add i24 %mult_705, i24 %mult_734" [firmware/nnet_utils/nnet_dense_latency.h:58]   --->   Operation 2178 'add' 'add_ln58_605' <Predicate = true> <Delay = 1.45> <CoreInst = "Adder">   --->   Core 1 'Adder' <Latency = 0> <II = 1> <Delay = 1.45> <FuncUnit> <Opcode : 'add' 'sub'> <InPorts = 2> <OutPorts = 1>
ST_5 : Operation 2179 [1/1] (0.00ns)   --->   "%sext_ln58_347 = sext i24 %add_ln58_605" [firmware/nnet_utils/nnet_dense_latency.h:58]   --->   Operation 2179 'sext' 'sext_ln58_347' <Predicate = true> <Delay = 0.00>
ST_5 : Operation 2180 [1/1] (1.45ns)   --->   "%add_ln58_606 = add i25 %sext_ln58_347, i25 %sext_ln17_90" [firmware/nnet_utils/nnet_dense_latency.h:58]   --->   Operation 2180 'add' 'add_ln58_606' <Predicate = true> <Delay = 1.45> <CoreInst = "Adder">   --->   Core 1 'Adder' <Latency = 0> <II = 1> <Delay = 1.45> <FuncUnit> <Opcode : 'add' 'sub'> <InPorts = 2> <OutPorts = 1>
ST_5 : Operation 2181 [1/1] (1.03ns) (root node of TernaryAdder)   --->   "%add_ln58_608 = add i23 %mult_715, i23 %mult_744" [firmware/nnet_utils/nnet_dense_latency.h:58]   --->   Operation 2181 'add' 'add_ln58_608' <Predicate = true> <Delay = 1.03> <CoreInst = "TAddSub">   --->   Core 10 'TAddSub' <Latency = 0> <II = 1> <Delay = 0.53> <IPBlock> <Opcode : '' 'add' 'sub'> <InPorts = 3> <OutPorts = 1> <Sync> <CReg>
ST_5 : Operation 2182 [1/1] (0.00ns)   --->   "%sext_ln58_349 = sext i23 %add_ln58_608" [firmware/nnet_utils/nnet_dense_latency.h:58]   --->   Operation 2182 'sext' 'sext_ln58_349' <Predicate = true> <Delay = 0.00>
ST_5 : Operation 2183 [1/1] (1.03ns) (root node of TernaryAdder)   --->   "%add_ln58_609 = add i24 %sext_ln58_349, i24 %mult_754" [firmware/nnet_utils/nnet_dense_latency.h:58]   --->   Operation 2183 'add' 'add_ln58_609' <Predicate = true> <Delay = 1.03> <CoreInst = "TAddSub">   --->   Core 10 'TAddSub' <Latency = 0> <II = 1> <Delay = 0.53> <IPBlock> <Opcode : '' 'add' 'sub'> <InPorts = 3> <OutPorts = 1> <Sync> <CReg>
ST_5 : Operation 2184 [1/1] (0.00ns)   --->   "%sext_ln58_350 = sext i24 %add_ln58_609" [firmware/nnet_utils/nnet_dense_latency.h:58]   --->   Operation 2184 'sext' 'sext_ln58_350' <Predicate = true> <Delay = 0.00>
ST_5 : Operation 2185 [1/1] (0.00ns)   --->   "%sext_ln58_351 = sext i21 %add_ln58_610" [firmware/nnet_utils/nnet_dense_latency.h:58]   --->   Operation 2185 'sext' 'sext_ln58_351' <Predicate = true> <Delay = 0.00>
ST_5 : Operation 2186 [1/1] (1.43ns)   --->   "%add_ln58_611 = add i22 %sext_ln58_351, i22 %sext_ln17_78" [firmware/nnet_utils/nnet_dense_latency.h:58]   --->   Operation 2186 'add' 'add_ln58_611' <Predicate = true> <Delay = 1.43> <CoreInst = "Adder">   --->   Core 1 'Adder' <Latency = 0> <II = 1> <Delay = 1.43> <FuncUnit> <Opcode : 'add' 'sub'> <InPorts = 2> <OutPorts = 1>
ST_5 : Operation 2187 [1/1] (0.00ns)   --->   "%sext_ln58_352 = sext i22 %add_ln58_611" [firmware/nnet_utils/nnet_dense_latency.h:58]   --->   Operation 2187 'sext' 'sext_ln58_352' <Predicate = true> <Delay = 0.00>
ST_5 : Operation 2188 [1/1] (1.45ns)   --->   "%add_ln58_612 = add i25 %sext_ln58_352, i25 %sext_ln58_350" [firmware/nnet_utils/nnet_dense_latency.h:58]   --->   Operation 2188 'add' 'add_ln58_612' <Predicate = true> <Delay = 1.45> <CoreInst = "Adder">   --->   Core 1 'Adder' <Latency = 0> <II = 1> <Delay = 1.45> <FuncUnit> <Opcode : 'add' 'sub'> <InPorts = 2> <OutPorts = 1>
ST_5 : Operation 2189 [1/1] (0.00ns) (grouped into TernaryAdder)   --->   "%add_ln58_615 = add i28 %sext_ln58_165, i28 %sext_ln17_67" [firmware/nnet_utils/nnet_dense_latency.h:58]   --->   Operation 2189 'add' 'add_ln58_615' <Predicate = true> <Delay = 0.00> <CoreInst = "TAddSub">   --->   Core 10 'TAddSub' <Latency = 0> <II = 1> <Delay = 0.53> <IPBlock> <Opcode : '' 'add' 'sub'> <InPorts = 3> <OutPorts = 1> <Sync> <CReg>
ST_5 : Operation 2190 [1/1] (0.00ns)   --->   "%sext_ln58_355 = sext i25 %add_ln58_616" [firmware/nnet_utils/nnet_dense_latency.h:58]   --->   Operation 2190 'sext' 'sext_ln58_355' <Predicate = true> <Delay = 0.00>
ST_5 : Operation 2191 [1/1] (1.45ns)   --->   "%add_ln58_617 = add i26 %sext_ln58_355, i26 %sext_ln17_76" [firmware/nnet_utils/nnet_dense_latency.h:58]   --->   Operation 2191 'add' 'add_ln58_617' <Predicate = true> <Delay = 1.45> <CoreInst = "Adder">   --->   Core 1 'Adder' <Latency = 0> <II = 1> <Delay = 1.45> <FuncUnit> <Opcode : 'add' 'sub'> <InPorts = 2> <OutPorts = 1>
ST_5 : Operation 2192 [1/1] (0.00ns)   --->   "%sext_ln58_356 = sext i26 %add_ln58_617" [firmware/nnet_utils/nnet_dense_latency.h:58]   --->   Operation 2192 'sext' 'sext_ln58_356' <Predicate = true> <Delay = 0.00>
ST_5 : Operation 2193 [1/1] (1.05ns) (root node of TernaryAdder)   --->   "%add_ln58_618 = add i28 %sext_ln58_356, i28 %add_ln58_615" [firmware/nnet_utils/nnet_dense_latency.h:58]   --->   Operation 2193 'add' 'add_ln58_618' <Predicate = true> <Delay = 1.05> <CoreInst = "TAddSub">   --->   Core 10 'TAddSub' <Latency = 0> <II = 1> <Delay = 0.53> <IPBlock> <Opcode : '' 'add' 'sub'> <InPorts = 3> <OutPorts = 1> <Sync> <CReg>
ST_5 : Operation 2194 [1/1] (1.04ns) (root node of TernaryAdder)   --->   "%add_ln58_619 = add i25 %mult_694, i25 %mult_742" [firmware/nnet_utils/nnet_dense_latency.h:58]   --->   Operation 2194 'add' 'add_ln58_619' <Predicate = true> <Delay = 1.04> <CoreInst = "TAddSub">   --->   Core 10 'TAddSub' <Latency = 0> <II = 1> <Delay = 0.53> <IPBlock> <Opcode : '' 'add' 'sub'> <InPorts = 3> <OutPorts = 1> <Sync> <CReg>
ST_5 : Operation 2195 [1/1] (0.00ns)   --->   "%sext_ln58_357 = sext i25 %add_ln58_619" [firmware/nnet_utils/nnet_dense_latency.h:58]   --->   Operation 2195 'sext' 'sext_ln58_357' <Predicate = true> <Delay = 0.00>
ST_5 : Operation 2196 [1/1] (0.00ns) (grouped into TernaryAdder)   --->   "%add_ln58_620 = add i24 %mult_644, i24 %mult_684" [firmware/nnet_utils/nnet_dense_latency.h:58]   --->   Operation 2196 'add' 'add_ln58_620' <Predicate = true> <Delay = 0.00> <CoreInst = "TAddSub">   --->   Core 10 'TAddSub' <Latency = 0> <II = 1> <Delay = 0.53> <IPBlock> <Opcode : '' 'add' 'sub'> <InPorts = 3> <OutPorts = 1> <Sync> <CReg>
ST_5 : Operation 2197 [1/1] (1.03ns) (root node of TernaryAdder)   --->   "%add_ln58_621 = add i24 %add_ln58_620, i24 %mult_586" [firmware/nnet_utils/nnet_dense_latency.h:58]   --->   Operation 2197 'add' 'add_ln58_621' <Predicate = true> <Delay = 1.03> <CoreInst = "TAddSub">   --->   Core 10 'TAddSub' <Latency = 0> <II = 1> <Delay = 0.53> <IPBlock> <Opcode : '' 'add' 'sub'> <InPorts = 3> <OutPorts = 1> <Sync> <CReg>
ST_5 : Operation 2198 [1/1] (0.00ns)   --->   "%sext_ln58_358 = sext i24 %add_ln58_621" [firmware/nnet_utils/nnet_dense_latency.h:58]   --->   Operation 2198 'sext' 'sext_ln58_358' <Predicate = true> <Delay = 0.00>
ST_5 : Operation 2199 [1/1] (1.45ns)   --->   "%add_ln58_622 = add i26 %sext_ln58_358, i26 %sext_ln58_357" [firmware/nnet_utils/nnet_dense_latency.h:58]   --->   Operation 2199 'add' 'add_ln58_622' <Predicate = true> <Delay = 1.45> <CoreInst = "Adder">   --->   Core 1 'Adder' <Latency = 0> <II = 1> <Delay = 1.45> <FuncUnit> <Opcode : 'add' 'sub'> <InPorts = 2> <OutPorts = 1>
ST_5 : Operation 2200 [1/1] (0.00ns)   --->   "%sext_ln58_359 = sext i26 %add_ln58_622" [firmware/nnet_utils/nnet_dense_latency.h:58]   --->   Operation 2200 'sext' 'sext_ln58_359' <Predicate = true> <Delay = 0.00>
ST_5 : Operation 2201 [1/1] (0.00ns) (grouped into TernaryAdder)   --->   "%add_ln58_623 = add i28 %sext_ln58_359, i28 %add_ln58_618" [firmware/nnet_utils/nnet_dense_latency.h:58]   --->   Operation 2201 'add' 'add_ln58_623' <Predicate = true> <Delay = 0.00> <CoreInst = "TAddSub">   --->   Core 10 'TAddSub' <Latency = 0> <II = 1> <Delay = 0.53> <IPBlock> <Opcode : '' 'add' 'sub'> <InPorts = 3> <OutPorts = 1> <Sync> <CReg>
ST_5 : Operation 2202 [1/1] (1.45ns)   --->   "%add_ln58_624 = add i24 %mult_723, i24 %mult_732" [firmware/nnet_utils/nnet_dense_latency.h:58]   --->   Operation 2202 'add' 'add_ln58_624' <Predicate = true> <Delay = 1.45> <CoreInst = "Adder">   --->   Core 1 'Adder' <Latency = 0> <II = 1> <Delay = 1.45> <FuncUnit> <Opcode : 'add' 'sub'> <InPorts = 2> <OutPorts = 1>
ST_5 : Operation 2203 [1/1] (0.00ns)   --->   "%sext_ln58_360 = sext i24 %add_ln58_624" [firmware/nnet_utils/nnet_dense_latency.h:58]   --->   Operation 2203 'sext' 'sext_ln58_360' <Predicate = true> <Delay = 0.00>
ST_5 : Operation 2204 [1/1] (0.00ns) (grouped into TernaryAdder)   --->   "%add_ln58_625 = add i23 %mult_752, i23 %mult_762" [firmware/nnet_utils/nnet_dense_latency.h:58]   --->   Operation 2204 'add' 'add_ln58_625' <Predicate = true> <Delay = 0.00> <CoreInst = "TAddSub">   --->   Core 10 'TAddSub' <Latency = 0> <II = 1> <Delay = 0.53> <IPBlock> <Opcode : '' 'add' 'sub'> <InPorts = 3> <OutPorts = 1> <Sync> <CReg>
ST_5 : Operation 2205 [1/1] (1.03ns) (root node of TernaryAdder)   --->   "%add_ln58_626 = add i23 %add_ln58_625, i23 %mult_713" [firmware/nnet_utils/nnet_dense_latency.h:58]   --->   Operation 2205 'add' 'add_ln58_626' <Predicate = true> <Delay = 1.03> <CoreInst = "TAddSub">   --->   Core 10 'TAddSub' <Latency = 0> <II = 1> <Delay = 0.53> <IPBlock> <Opcode : '' 'add' 'sub'> <InPorts = 3> <OutPorts = 1> <Sync> <CReg>
ST_5 : Operation 2206 [1/1] (0.00ns)   --->   "%sext_ln58_361 = sext i23 %add_ln58_626" [firmware/nnet_utils/nnet_dense_latency.h:58]   --->   Operation 2206 'sext' 'sext_ln58_361' <Predicate = true> <Delay = 0.00>
ST_5 : Operation 2207 [1/1] (0.00ns) (grouped into TernaryAdder)   --->   "%add_ln58_627 = add i25 %sext_ln58_361, i25 %sext_ln58_360" [firmware/nnet_utils/nnet_dense_latency.h:58]   --->   Operation 2207 'add' 'add_ln58_627' <Predicate = true> <Delay = 0.00> <CoreInst = "TAddSub">   --->   Core 10 'TAddSub' <Latency = 0> <II = 1> <Delay = 0.53> <IPBlock> <Opcode : '' 'add' 'sub'> <InPorts = 3> <OutPorts = 1> <Sync> <CReg>
ST_5 : Operation 2208 [1/1] (0.00ns)   --->   "%sext_ln58_363 = sext i23 %add_ln58_629" [firmware/nnet_utils/nnet_dense_latency.h:58]   --->   Operation 2208 'sext' 'sext_ln58_363' <Predicate = true> <Delay = 0.00>
ST_5 : Operation 2209 [1/1] (0.00ns)   --->   "%sext_ln58_364 = sext i22 %add_ln58_631" [firmware/nnet_utils/nnet_dense_latency.h:58]   --->   Operation 2209 'sext' 'sext_ln58_364' <Predicate = true> <Delay = 0.00>
ST_5 : Operation 2210 [1/1] (1.44ns)   --->   "%add_ln58_632 = add i24 %sext_ln58_364, i24 %sext_ln58_363" [firmware/nnet_utils/nnet_dense_latency.h:58]   --->   Operation 2210 'add' 'add_ln58_632' <Predicate = true> <Delay = 1.44> <CoreInst = "Adder">   --->   Core 1 'Adder' <Latency = 0> <II = 1> <Delay = 1.44> <FuncUnit> <Opcode : 'add' 'sub'> <InPorts = 2> <OutPorts = 1>
ST_5 : Operation 2211 [1/1] (0.00ns)   --->   "%sext_ln58_365 = sext i24 %add_ln58_632" [firmware/nnet_utils/nnet_dense_latency.h:58]   --->   Operation 2211 'sext' 'sext_ln58_365' <Predicate = true> <Delay = 0.00>
ST_5 : Operation 2212 [1/1] (1.04ns) (root node of TernaryAdder)   --->   "%add_ln58_633 = add i25 %sext_ln58_365, i25 %add_ln58_627" [firmware/nnet_utils/nnet_dense_latency.h:58]   --->   Operation 2212 'add' 'add_ln58_633' <Predicate = true> <Delay = 1.04> <CoreInst = "TAddSub">   --->   Core 10 'TAddSub' <Latency = 0> <II = 1> <Delay = 0.53> <IPBlock> <Opcode : '' 'add' 'sub'> <InPorts = 3> <OutPorts = 1> <Sync> <CReg>
ST_5 : Operation 2213 [1/1] (0.00ns)   --->   "%sext_ln58_366 = sext i25 %add_ln58_633" [firmware/nnet_utils/nnet_dense_latency.h:58]   --->   Operation 2213 'sext' 'sext_ln58_366' <Predicate = true> <Delay = 0.00>
ST_5 : Operation 2214 [1/1] (1.05ns) (root node of TernaryAdder)   --->   "%add_ln58_634 = add i28 %sext_ln58_366, i28 %add_ln58_623" [firmware/nnet_utils/nnet_dense_latency.h:58]   --->   Operation 2214 'add' 'add_ln58_634' <Predicate = true> <Delay = 1.05> <CoreInst = "TAddSub">   --->   Core 10 'TAddSub' <Latency = 0> <II = 1> <Delay = 0.53> <IPBlock> <Opcode : '' 'add' 'sub'> <InPorts = 3> <OutPorts = 1> <Sync> <CReg>
ST_5 : Operation 2215 [1/1] (1.46ns)   --->   "%add_ln58_635 = add i26 %mul_ln17_21, i26 %mult_587" [firmware/nnet_utils/nnet_dense_latency.h:58]   --->   Operation 2215 'add' 'add_ln58_635' <Predicate = true> <Delay = 1.46> <CoreInst = "Adder">   --->   Core 1 'Adder' <Latency = 0> <II = 1> <Delay = 1.46> <FuncUnit> <Opcode : 'add' 'sub'> <InPorts = 2> <OutPorts = 1>
ST_5 : Operation 2216 [1/1] (0.00ns)   --->   "%sext_ln58_367 = sext i26 %add_ln58_635" [firmware/nnet_utils/nnet_dense_latency.h:58]   --->   Operation 2216 'sext' 'sext_ln58_367' <Predicate = true> <Delay = 0.00>
ST_5 : Operation 2217 [1/1] (0.00ns) (grouped into TernaryAdder)   --->   "%add_ln58_636 = add i29 %sext_ln58_367, i29 %sext_ln58_162" [firmware/nnet_utils/nnet_dense_latency.h:58]   --->   Operation 2217 'add' 'add_ln58_636' <Predicate = true> <Delay = 0.00> <CoreInst = "TAddSub">   --->   Core 10 'TAddSub' <Latency = 0> <II = 1> <Delay = 0.53> <IPBlock> <Opcode : '' 'add' 'sub'> <InPorts = 3> <OutPorts = 1> <Sync> <CReg>
ST_5 : Operation 2218 [1/1] (0.00ns) (grouped into TernaryAdder)   --->   "%add_ln58_637 = add i26 %mult_811, i26 %sext_ln17_63" [firmware/nnet_utils/nnet_dense_latency.h:58]   --->   Operation 2218 'add' 'add_ln58_637' <Predicate = true> <Delay = 0.00> <CoreInst = "TAddSub">   --->   Core 10 'TAddSub' <Latency = 0> <II = 1> <Delay = 0.53> <IPBlock> <Opcode : '' 'add' 'sub'> <InPorts = 3> <OutPorts = 1> <Sync> <CReg>
ST_5 : Operation 2219 [1/1] (0.00ns)   --->   "%sext_ln58_368 = sext i25 %add_ln58_638" [firmware/nnet_utils/nnet_dense_latency.h:58]   --->   Operation 2219 'sext' 'sext_ln58_368' <Predicate = true> <Delay = 0.00>
ST_5 : Operation 2220 [1/1] (1.04ns) (root node of TernaryAdder)   --->   "%add_ln58_639 = add i26 %sext_ln58_368, i26 %add_ln58_637" [firmware/nnet_utils/nnet_dense_latency.h:58]   --->   Operation 2220 'add' 'add_ln58_639' <Predicate = true> <Delay = 1.04> <CoreInst = "TAddSub">   --->   Core 10 'TAddSub' <Latency = 0> <II = 1> <Delay = 0.53> <IPBlock> <Opcode : '' 'add' 'sub'> <InPorts = 3> <OutPorts = 1> <Sync> <CReg>
ST_5 : Operation 2221 [1/1] (0.00ns)   --->   "%sext_ln58_369 = sext i26 %add_ln58_639" [firmware/nnet_utils/nnet_dense_latency.h:58]   --->   Operation 2221 'sext' 'sext_ln58_369' <Predicate = true> <Delay = 0.00>
ST_5 : Operation 2222 [1/1] (1.06ns) (root node of TernaryAdder)   --->   "%add_ln58_640 = add i29 %sext_ln58_369, i29 %add_ln58_636" [firmware/nnet_utils/nnet_dense_latency.h:58]   --->   Operation 2222 'add' 'add_ln58_640' <Predicate = true> <Delay = 1.06> <CoreInst = "TAddSub">   --->   Core 10 'TAddSub' <Latency = 0> <II = 1> <Delay = 0.53> <IPBlock> <Opcode : '' 'add' 'sub'> <InPorts = 3> <OutPorts = 1> <Sync> <CReg>
ST_5 : Operation 2223 [1/1] (0.00ns) (grouped into TernaryAdder)   --->   "%add_ln58_641 = add i25 %mult_675, i25 %mult_685" [firmware/nnet_utils/nnet_dense_latency.h:58]   --->   Operation 2223 'add' 'add_ln58_641' <Predicate = true> <Delay = 0.00> <CoreInst = "TAddSub">   --->   Core 10 'TAddSub' <Latency = 0> <II = 1> <Delay = 0.53> <IPBlock> <Opcode : '' 'add' 'sub'> <InPorts = 3> <OutPorts = 1> <Sync> <CReg>
ST_5 : Operation 2224 [1/1] (1.04ns) (root node of TernaryAdder)   --->   "%add_ln58_642 = add i25 %add_ln58_641, i25 %mult_645" [firmware/nnet_utils/nnet_dense_latency.h:58]   --->   Operation 2224 'add' 'add_ln58_642' <Predicate = true> <Delay = 1.04> <CoreInst = "TAddSub">   --->   Core 10 'TAddSub' <Latency = 0> <II = 1> <Delay = 0.53> <IPBlock> <Opcode : '' 'add' 'sub'> <InPorts = 3> <OutPorts = 1> <Sync> <CReg>
ST_5 : Operation 2225 [1/1] (1.45ns)   --->   "%add_ln58_643 = add i25 %mult_704, i25 %mult_733" [firmware/nnet_utils/nnet_dense_latency.h:58]   --->   Operation 2225 'add' 'add_ln58_643' <Predicate = true> <Delay = 1.45> <CoreInst = "Adder">   --->   Core 1 'Adder' <Latency = 0> <II = 1> <Delay = 1.45> <FuncUnit> <Opcode : 'add' 'sub'> <InPorts = 2> <OutPorts = 1>
ST_5 : Operation 2226 [1/1] (0.00ns)   --->   "%sext_ln58_371 = sext i25 %add_ln58_643" [firmware/nnet_utils/nnet_dense_latency.h:58]   --->   Operation 2226 'sext' 'sext_ln58_371' <Predicate = true> <Delay = 0.00>
ST_5 : Operation 2227 [1/1] (1.45ns)   --->   "%add_ln58_644 = add i25 %mult_763, i25 %mult_773" [firmware/nnet_utils/nnet_dense_latency.h:58]   --->   Operation 2227 'add' 'add_ln58_644' <Predicate = true> <Delay = 1.45> <CoreInst = "Adder">   --->   Core 1 'Adder' <Latency = 0> <II = 1> <Delay = 1.45> <FuncUnit> <Opcode : 'add' 'sub'> <InPorts = 2> <OutPorts = 1>
ST_5 : Operation 2228 [1/1] (0.00ns)   --->   "%sext_ln58_372 = sext i25 %add_ln58_644" [firmware/nnet_utils/nnet_dense_latency.h:58]   --->   Operation 2228 'sext' 'sext_ln58_372' <Predicate = true> <Delay = 0.00>
ST_5 : Operation 2229 [1/1] (1.45ns)   --->   "%add_ln58_645 = add i26 %sext_ln58_372, i26 %sext_ln58_371" [firmware/nnet_utils/nnet_dense_latency.h:58]   --->   Operation 2229 'add' 'add_ln58_645' <Predicate = true> <Delay = 1.45> <CoreInst = "Adder">   --->   Core 1 'Adder' <Latency = 0> <II = 1> <Delay = 1.45> <FuncUnit> <Opcode : 'add' 'sub'> <InPorts = 2> <OutPorts = 1>
ST_5 : Operation 2230 [1/1] (0.00ns) (grouped into TernaryAdder)   --->   "%add_ln58_648 = add i25 %mult_793, i25 %sext_ln17_93" [firmware/nnet_utils/nnet_dense_latency.h:58]   --->   Operation 2230 'add' 'add_ln58_648' <Predicate = true> <Delay = 0.00> <CoreInst = "TAddSub">   --->   Core 10 'TAddSub' <Latency = 0> <II = 1> <Delay = 0.53> <IPBlock> <Opcode : '' 'add' 'sub'> <InPorts = 3> <OutPorts = 1> <Sync> <CReg>
ST_5 : Operation 2231 [1/1] (1.04ns) (root node of TernaryAdder)   --->   "%add_ln58_649 = add i25 %add_ln58_648, i25 %mult_783" [firmware/nnet_utils/nnet_dense_latency.h:58]   --->   Operation 2231 'add' 'add_ln58_649' <Predicate = true> <Delay = 1.04> <CoreInst = "TAddSub">   --->   Core 10 'TAddSub' <Latency = 0> <II = 1> <Delay = 0.53> <IPBlock> <Opcode : '' 'add' 'sub'> <InPorts = 3> <OutPorts = 1> <Sync> <CReg>
ST_5 : Operation 2232 [1/1] (0.00ns)   --->   "%sext_ln58_375 = sext i25 %add_ln58_649" [firmware/nnet_utils/nnet_dense_latency.h:58]   --->   Operation 2232 'sext' 'sext_ln58_375' <Predicate = true> <Delay = 0.00>
ST_5 : Operation 2233 [1/1] (0.00ns)   --->   "%sext_ln58_378 = sext i25 %add_ln58_652" [firmware/nnet_utils/nnet_dense_latency.h:58]   --->   Operation 2233 'sext' 'sext_ln58_378' <Predicate = true> <Delay = 0.00>
ST_5 : Operation 2234 [1/1] (1.45ns)   --->   "%add_ln58_653 = add i26 %sext_ln58_378, i26 %sext_ln58_375" [firmware/nnet_utils/nnet_dense_latency.h:58]   --->   Operation 2234 'add' 'add_ln58_653' <Predicate = true> <Delay = 1.45> <CoreInst = "Adder">   --->   Core 1 'Adder' <Latency = 0> <II = 1> <Delay = 1.45> <FuncUnit> <Opcode : 'add' 'sub'> <InPorts = 2> <OutPorts = 1>
ST_5 : Operation 2235 [1/1] (0.00ns)   --->   "%sext_ln58_381 = sext i24 %add_ln58_655" [firmware/nnet_utils/nnet_dense_latency.h:58]   --->   Operation 2235 'sext' 'sext_ln58_381' <Predicate = true> <Delay = 0.00>
ST_5 : Operation 2236 [1/1] (0.00ns) (grouped into TernaryAdder)   --->   "%add_ln58_656 = add i23 %mult_743, i23 %sext_ln17_89" [firmware/nnet_utils/nnet_dense_latency.h:58]   --->   Operation 2236 'add' 'add_ln58_656' <Predicate = true> <Delay = 0.00> <CoreInst = "TAddSub">   --->   Core 10 'TAddSub' <Latency = 0> <II = 1> <Delay = 0.53> <IPBlock> <Opcode : '' 'add' 'sub'> <InPorts = 3> <OutPorts = 1> <Sync> <CReg>
ST_5 : Operation 2237 [1/1] (0.00ns)   --->   "%sext_ln58_382 = sext i21 %add_ln58_657" [firmware/nnet_utils/nnet_dense_latency.h:58]   --->   Operation 2237 'sext' 'sext_ln58_382' <Predicate = true> <Delay = 0.00>
ST_5 : Operation 2238 [1/1] (1.03ns) (root node of TernaryAdder)   --->   "%add_ln58_658 = add i23 %sext_ln58_382, i23 %add_ln58_656" [firmware/nnet_utils/nnet_dense_latency.h:58]   --->   Operation 2238 'add' 'add_ln58_658' <Predicate = true> <Delay = 1.03> <CoreInst = "TAddSub">   --->   Core 10 'TAddSub' <Latency = 0> <II = 1> <Delay = 0.53> <IPBlock> <Opcode : '' 'add' 'sub'> <InPorts = 3> <OutPorts = 1> <Sync> <CReg>
ST_5 : Operation 2239 [1/1] (0.00ns)   --->   "%sext_ln58_383 = sext i23 %add_ln58_658" [firmware/nnet_utils/nnet_dense_latency.h:58]   --->   Operation 2239 'sext' 'sext_ln58_383' <Predicate = true> <Delay = 0.00>
ST_5 : Operation 2240 [1/1] (1.45ns)   --->   "%add_ln58_659 = add i25 %sext_ln58_383, i25 %sext_ln58_381" [firmware/nnet_utils/nnet_dense_latency.h:58]   --->   Operation 2240 'add' 'add_ln58_659' <Predicate = true> <Delay = 1.45> <CoreInst = "Adder">   --->   Core 1 'Adder' <Latency = 0> <II = 1> <Delay = 1.45> <FuncUnit> <Opcode : 'add' 'sub'> <InPorts = 2> <OutPorts = 1>
ST_5 : Operation 2241 [1/1] (1.46ns)   --->   "%add_ln58_662 = add i27 %mult_620, i27 %sext_ln17_112" [firmware/nnet_utils/nnet_dense_latency.h:58]   --->   Operation 2241 'add' 'add_ln58_662' <Predicate = true> <Delay = 1.46> <CoreInst = "Adder">   --->   Core 1 'Adder' <Latency = 0> <II = 1> <Delay = 1.46> <FuncUnit> <Opcode : 'add' 'sub'> <InPorts = 2> <OutPorts = 1>
ST_5 : Operation 2242 [1/1] (0.00ns)   --->   "%sext_ln58_386 = sext i27 %add_ln58_662" [firmware/nnet_utils/nnet_dense_latency.h:58]   --->   Operation 2242 'sext' 'sext_ln58_386' <Predicate = true> <Delay = 0.00>
ST_5 : Operation 2243 [1/1] (0.00ns) (grouped into TernaryAdder)   --->   "%add_ln58_663 = add i29 %sext_ln58_386, i29 %sext_ln58_166" [firmware/nnet_utils/nnet_dense_latency.h:58]   --->   Operation 2243 'add' 'add_ln58_663' <Predicate = true> <Delay = 0.00> <CoreInst = "TAddSub">   --->   Core 10 'TAddSub' <Latency = 0> <II = 1> <Delay = 0.53> <IPBlock> <Opcode : '' 'add' 'sub'> <InPorts = 3> <OutPorts = 1> <Sync> <CReg>
ST_5 : Operation 2244 [1/1] (0.00ns)   --->   "%sext_ln58_387 = sext i25 %add_ln58_664" [firmware/nnet_utils/nnet_dense_latency.h:58]   --->   Operation 2244 'sext' 'sext_ln58_387' <Predicate = true> <Delay = 0.00>
ST_5 : Operation 2245 [1/1] (1.45ns)   --->   "%add_ln58_665 = add i26 %sext_ln58_387, i26 %sext_ln17_75" [firmware/nnet_utils/nnet_dense_latency.h:58]   --->   Operation 2245 'add' 'add_ln58_665' <Predicate = true> <Delay = 1.45> <CoreInst = "Adder">   --->   Core 1 'Adder' <Latency = 0> <II = 1> <Delay = 1.45> <FuncUnit> <Opcode : 'add' 'sub'> <InPorts = 2> <OutPorts = 1>
ST_5 : Operation 2246 [1/1] (0.00ns)   --->   "%sext_ln58_388 = sext i26 %add_ln58_665" [firmware/nnet_utils/nnet_dense_latency.h:58]   --->   Operation 2246 'sext' 'sext_ln58_388' <Predicate = true> <Delay = 0.00>
ST_5 : Operation 2247 [1/1] (1.06ns) (root node of TernaryAdder)   --->   "%add_ln58_666 = add i29 %sext_ln58_388, i29 %add_ln58_663" [firmware/nnet_utils/nnet_dense_latency.h:58]   --->   Operation 2247 'add' 'add_ln58_666' <Predicate = true> <Delay = 1.06> <CoreInst = "TAddSub">   --->   Core 10 'TAddSub' <Latency = 0> <II = 1> <Delay = 0.53> <IPBlock> <Opcode : '' 'add' 'sub'> <InPorts = 3> <OutPorts = 1> <Sync> <CReg>
ST_5 : Operation 2248 [1/1] (0.00ns) (grouped into TernaryAdder)   --->   "%add_ln58_667 = add i25 %mult_679, i25 %mult_689" [firmware/nnet_utils/nnet_dense_latency.h:58]   --->   Operation 2248 'add' 'add_ln58_667' <Predicate = true> <Delay = 0.00> <CoreInst = "TAddSub">   --->   Core 10 'TAddSub' <Latency = 0> <II = 1> <Delay = 0.53> <IPBlock> <Opcode : '' 'add' 'sub'> <InPorts = 3> <OutPorts = 1> <Sync> <CReg>
ST_5 : Operation 2249 [1/1] (1.04ns) (root node of TernaryAdder)   --->   "%add_ln58_668 = add i25 %add_ln58_667, i25 %mult_669" [firmware/nnet_utils/nnet_dense_latency.h:58]   --->   Operation 2249 'add' 'add_ln58_668' <Predicate = true> <Delay = 1.04> <CoreInst = "TAddSub">   --->   Core 10 'TAddSub' <Latency = 0> <II = 1> <Delay = 0.53> <IPBlock> <Opcode : '' 'add' 'sub'> <InPorts = 3> <OutPorts = 1> <Sync> <CReg>
ST_5 : Operation 2250 [1/1] (0.00ns)   --->   "%sext_ln58_389 = sext i25 %add_ln58_668" [firmware/nnet_utils/nnet_dense_latency.h:58]   --->   Operation 2250 'sext' 'sext_ln58_389' <Predicate = true> <Delay = 0.00>
ST_5 : Operation 2251 [1/1] (0.00ns) (grouped into TernaryAdder)   --->   "%add_ln58_669 = add i25 %mult_805, i25 %mult_814" [firmware/nnet_utils/nnet_dense_latency.h:58]   --->   Operation 2251 'add' 'add_ln58_669' <Predicate = true> <Delay = 0.00> <CoreInst = "TAddSub">   --->   Core 10 'TAddSub' <Latency = 0> <II = 1> <Delay = 0.53> <IPBlock> <Opcode : '' 'add' 'sub'> <InPorts = 3> <OutPorts = 1> <Sync> <CReg>
ST_5 : Operation 2252 [1/1] (1.04ns) (root node of TernaryAdder)   --->   "%add_ln58_670 = add i25 %add_ln58_669, i25 %mult_767" [firmware/nnet_utils/nnet_dense_latency.h:58]   --->   Operation 2252 'add' 'add_ln58_670' <Predicate = true> <Delay = 1.04> <CoreInst = "TAddSub">   --->   Core 10 'TAddSub' <Latency = 0> <II = 1> <Delay = 0.53> <IPBlock> <Opcode : '' 'add' 'sub'> <InPorts = 3> <OutPorts = 1> <Sync> <CReg>
ST_5 : Operation 2253 [1/1] (0.00ns)   --->   "%sext_ln58_390 = sext i25 %add_ln58_670" [firmware/nnet_utils/nnet_dense_latency.h:58]   --->   Operation 2253 'sext' 'sext_ln58_390' <Predicate = true> <Delay = 0.00>
ST_5 : Operation 2254 [1/1] (1.45ns)   --->   "%add_ln58_671 = add i26 %sext_ln58_390, i26 %sext_ln58_389" [firmware/nnet_utils/nnet_dense_latency.h:58]   --->   Operation 2254 'add' 'add_ln58_671' <Predicate = true> <Delay = 1.45> <CoreInst = "Adder">   --->   Core 1 'Adder' <Latency = 0> <II = 1> <Delay = 1.45> <FuncUnit> <Opcode : 'add' 'sub'> <InPorts = 2> <OutPorts = 1>
ST_5 : Operation 2255 [1/1] (1.03ns) (root node of TernaryAdder)   --->   "%add_ln58_673 = add i24 %mult_639, i24 %mult_699" [firmware/nnet_utils/nnet_dense_latency.h:58]   --->   Operation 2255 'add' 'add_ln58_673' <Predicate = true> <Delay = 1.03> <CoreInst = "TAddSub">   --->   Core 10 'TAddSub' <Latency = 0> <II = 1> <Delay = 0.53> <IPBlock> <Opcode : '' 'add' 'sub'> <InPorts = 3> <OutPorts = 1> <Sync> <CReg>
ST_5 : Operation 2256 [1/1] (0.00ns)   --->   "%sext_ln58_392 = sext i24 %add_ln58_673" [firmware/nnet_utils/nnet_dense_latency.h:58]   --->   Operation 2256 'sext' 'sext_ln58_392' <Predicate = true> <Delay = 0.00>
ST_5 : Operation 2257 [1/1] (1.45ns)   --->   "%add_ln58_674 = add i25 %sext_ln58_392, i25 %sext_ln17_79" [firmware/nnet_utils/nnet_dense_latency.h:58]   --->   Operation 2257 'add' 'add_ln58_674' <Predicate = true> <Delay = 1.45> <CoreInst = "Adder">   --->   Core 1 'Adder' <Latency = 0> <II = 1> <Delay = 1.45> <FuncUnit> <Opcode : 'add' 'sub'> <InPorts = 2> <OutPorts = 1>
ST_5 : Operation 2258 [1/1] (0.00ns)   --->   "%sext_ln58_393 = sext i25 %add_ln58_674" [firmware/nnet_utils/nnet_dense_latency.h:58]   --->   Operation 2258 'sext' 'sext_ln58_393' <Predicate = true> <Delay = 0.00>
ST_5 : Operation 2259 [1/1] (1.03ns) (root node of TernaryAdder)   --->   "%add_ln58_675 = add i24 %mult_757, i24 %mult_777" [firmware/nnet_utils/nnet_dense_latency.h:58]   --->   Operation 2259 'add' 'add_ln58_675' <Predicate = true> <Delay = 1.03> <CoreInst = "TAddSub">   --->   Core 10 'TAddSub' <Latency = 0> <II = 1> <Delay = 0.53> <IPBlock> <Opcode : '' 'add' 'sub'> <InPorts = 3> <OutPorts = 1> <Sync> <CReg>
ST_5 : Operation 2260 [1/1] (0.00ns)   --->   "%sext_ln58_394 = sext i24 %add_ln58_675" [firmware/nnet_utils/nnet_dense_latency.h:58]   --->   Operation 2260 'sext' 'sext_ln58_394' <Predicate = true> <Delay = 0.00>
ST_5 : Operation 2261 [1/1] (1.45ns)   --->   "%add_ln58_676 = add i25 %sext_ln58_394, i25 %sext_ln17_107" [firmware/nnet_utils/nnet_dense_latency.h:58]   --->   Operation 2261 'add' 'add_ln58_676' <Predicate = true> <Delay = 1.45> <CoreInst = "Adder">   --->   Core 1 'Adder' <Latency = 0> <II = 1> <Delay = 1.45> <FuncUnit> <Opcode : 'add' 'sub'> <InPorts = 2> <OutPorts = 1>
ST_5 : Operation 2262 [1/1] (0.00ns)   --->   "%sext_ln58_395 = sext i25 %add_ln58_676" [firmware/nnet_utils/nnet_dense_latency.h:58]   --->   Operation 2262 'sext' 'sext_ln58_395' <Predicate = true> <Delay = 0.00>
ST_5 : Operation 2263 [1/1] (0.00ns) (grouped into TernaryAdder)   --->   "%add_ln58_677 = add i26 %sext_ln58_395, i26 %sext_ln58_393" [firmware/nnet_utils/nnet_dense_latency.h:58]   --->   Operation 2263 'add' 'add_ln58_677' <Predicate = true> <Delay = 0.00> <CoreInst = "TAddSub">   --->   Core 10 'TAddSub' <Latency = 0> <II = 1> <Delay = 0.53> <IPBlock> <Opcode : '' 'add' 'sub'> <InPorts = 3> <OutPorts = 1> <Sync> <CReg>
ST_5 : Operation 2264 [1/1] (1.44ns)   --->   "%add_ln58_678 = add i23 %mult_728, i23 %mult_737" [firmware/nnet_utils/nnet_dense_latency.h:58]   --->   Operation 2264 'add' 'add_ln58_678' <Predicate = true> <Delay = 1.44> <CoreInst = "Adder">   --->   Core 1 'Adder' <Latency = 0> <II = 1> <Delay = 1.44> <FuncUnit> <Opcode : 'add' 'sub'> <InPorts = 2> <OutPorts = 1>
ST_5 : Operation 2265 [1/1] (0.00ns)   --->   "%sext_ln58_396 = sext i23 %add_ln58_678" [firmware/nnet_utils/nnet_dense_latency.h:58]   --->   Operation 2265 'sext' 'sext_ln58_396' <Predicate = true> <Delay = 0.00>
ST_5 : Operation 2266 [1/1] (0.00ns) (grouped into TernaryAdder)   --->   "%add_ln58_679 = add i24 %sext_ln58_396, i24 %mult_796" [firmware/nnet_utils/nnet_dense_latency.h:58]   --->   Operation 2266 'add' 'add_ln58_679' <Predicate = true> <Delay = 0.00> <CoreInst = "TAddSub">   --->   Core 10 'TAddSub' <Latency = 0> <II = 1> <Delay = 0.53> <IPBlock> <Opcode : '' 'add' 'sub'> <InPorts = 3> <OutPorts = 1> <Sync> <CReg>
ST_5 : Operation 2267 [1/1] (0.00ns)   --->   "%sext_ln58_397 = sext i20 %add_ln58_680" [firmware/nnet_utils/nnet_dense_latency.h:58]   --->   Operation 2267 'sext' 'sext_ln58_397' <Predicate = true> <Delay = 0.00>
ST_5 : Operation 2268 [1/1] (1.44ns)   --->   "%add_ln58_681 = add i23 %sext_ln58_397, i23 %mult_787" [firmware/nnet_utils/nnet_dense_latency.h:58]   --->   Operation 2268 'add' 'add_ln58_681' <Predicate = true> <Delay = 1.44> <CoreInst = "Adder">   --->   Core 1 'Adder' <Latency = 0> <II = 1> <Delay = 1.44> <FuncUnit> <Opcode : 'add' 'sub'> <InPorts = 2> <OutPorts = 1>
ST_5 : Operation 2269 [1/1] (0.00ns)   --->   "%sext_ln58_398 = sext i23 %add_ln58_681" [firmware/nnet_utils/nnet_dense_latency.h:58]   --->   Operation 2269 'sext' 'sext_ln58_398' <Predicate = true> <Delay = 0.00>
ST_5 : Operation 2270 [1/1] (1.03ns) (root node of TernaryAdder)   --->   "%add_ln58_682 = add i24 %sext_ln58_398, i24 %add_ln58_679" [firmware/nnet_utils/nnet_dense_latency.h:58]   --->   Operation 2270 'add' 'add_ln58_682' <Predicate = true> <Delay = 1.03> <CoreInst = "TAddSub">   --->   Core 10 'TAddSub' <Latency = 0> <II = 1> <Delay = 0.53> <IPBlock> <Opcode : '' 'add' 'sub'> <InPorts = 3> <OutPorts = 1> <Sync> <CReg>
ST_5 : Operation 2271 [1/1] (0.00ns)   --->   "%sext_ln58_399 = sext i24 %add_ln58_682" [firmware/nnet_utils/nnet_dense_latency.h:58]   --->   Operation 2271 'sext' 'sext_ln58_399' <Predicate = true> <Delay = 0.00>
ST_5 : Operation 2272 [1/1] (1.04ns) (root node of TernaryAdder)   --->   "%add_ln58_683 = add i26 %sext_ln58_399, i26 %add_ln58_677" [firmware/nnet_utils/nnet_dense_latency.h:58]   --->   Operation 2272 'add' 'add_ln58_683' <Predicate = true> <Delay = 1.04> <CoreInst = "TAddSub">   --->   Core 10 'TAddSub' <Latency = 0> <II = 1> <Delay = 0.53> <IPBlock> <Opcode : '' 'add' 'sub'> <InPorts = 3> <OutPorts = 1> <Sync> <CReg>
ST_5 : Operation 2273 [1/1] (1.45ns)   --->   "%add_ln58_686 = add i25 %mult_668, i25 %mult_678" [firmware/nnet_utils/nnet_dense_latency.h:58]   --->   Operation 2273 'add' 'add_ln58_686' <Predicate = true> <Delay = 1.45> <CoreInst = "Adder">   --->   Core 1 'Adder' <Latency = 0> <II = 1> <Delay = 1.45> <FuncUnit> <Opcode : 'add' 'sub'> <InPorts = 2> <OutPorts = 1>
ST_5 : Operation 2274 [1/1] (1.45ns)   --->   "%add_ln58_688 = add i25 %mult_698, i25 %mult_717" [firmware/nnet_utils/nnet_dense_latency.h:58]   --->   Operation 2274 'add' 'add_ln58_688' <Predicate = true> <Delay = 1.45> <CoreInst = "Adder">   --->   Core 1 'Adder' <Latency = 0> <II = 1> <Delay = 1.45> <FuncUnit> <Opcode : 'add' 'sub'> <InPorts = 2> <OutPorts = 1>
ST_5 : Operation 2275 [1/1] (0.00ns)   --->   "%sext_ln58_402 = sext i25 %add_ln58_688" [firmware/nnet_utils/nnet_dense_latency.h:58]   --->   Operation 2275 'sext' 'sext_ln58_402' <Predicate = true> <Delay = 0.00>
ST_5 : Operation 2276 [1/1] (1.45ns)   --->   "%add_ln58_689 = add i25 %mult_727, i25 %mult_736" [firmware/nnet_utils/nnet_dense_latency.h:58]   --->   Operation 2276 'add' 'add_ln58_689' <Predicate = true> <Delay = 1.45> <CoreInst = "Adder">   --->   Core 1 'Adder' <Latency = 0> <II = 1> <Delay = 1.45> <FuncUnit> <Opcode : 'add' 'sub'> <InPorts = 2> <OutPorts = 1>
ST_5 : Operation 2277 [1/1] (0.00ns)   --->   "%sext_ln58_403 = sext i25 %add_ln58_689" [firmware/nnet_utils/nnet_dense_latency.h:58]   --->   Operation 2277 'sext' 'sext_ln58_403' <Predicate = true> <Delay = 0.00>
ST_5 : Operation 2278 [1/1] (1.45ns)   --->   "%add_ln58_690 = add i26 %sext_ln58_403, i26 %sext_ln58_402" [firmware/nnet_utils/nnet_dense_latency.h:58]   --->   Operation 2278 'add' 'add_ln58_690' <Predicate = true> <Delay = 1.45> <CoreInst = "Adder">   --->   Core 1 'Adder' <Latency = 0> <II = 1> <Delay = 1.45> <FuncUnit> <Opcode : 'add' 'sub'> <InPorts = 2> <OutPorts = 1>
ST_5 : Operation 2279 [1/1] (1.45ns)   --->   "%add_ln58_692 = add i25 %mult_746, i25 %mult_813" [firmware/nnet_utils/nnet_dense_latency.h:58]   --->   Operation 2279 'add' 'add_ln58_692' <Predicate = true> <Delay = 1.45> <CoreInst = "Adder">   --->   Core 1 'Adder' <Latency = 0> <II = 1> <Delay = 1.45> <FuncUnit> <Opcode : 'add' 'sub'> <InPorts = 2> <OutPorts = 1>
ST_5 : Operation 2280 [1/1] (0.00ns)   --->   "%sext_ln58_405 = sext i25 %add_ln58_692" [firmware/nnet_utils/nnet_dense_latency.h:58]   --->   Operation 2280 'sext' 'sext_ln58_405' <Predicate = true> <Delay = 0.00>
ST_5 : Operation 2281 [1/1] (1.04ns) (root node of TernaryAdder)   --->   "%add_ln58_693 = add i25 %mult_821, i25 %mult_839" [firmware/nnet_utils/nnet_dense_latency.h:58]   --->   Operation 2281 'add' 'add_ln58_693' <Predicate = true> <Delay = 1.04> <CoreInst = "TAddSub">   --->   Core 10 'TAddSub' <Latency = 0> <II = 1> <Delay = 0.53> <IPBlock> <Opcode : '' 'add' 'sub'> <InPorts = 3> <OutPorts = 1> <Sync> <CReg>
ST_5 : Operation 2282 [1/1] (0.00ns)   --->   "%sext_ln58_406 = sext i25 %add_ln58_693" [firmware/nnet_utils/nnet_dense_latency.h:58]   --->   Operation 2282 'sext' 'sext_ln58_406' <Predicate = true> <Delay = 0.00>
ST_5 : Operation 2283 [1/1] (1.45ns)   --->   "%add_ln58_694 = add i26 %sext_ln58_406, i26 %sext_ln58_405" [firmware/nnet_utils/nnet_dense_latency.h:58]   --->   Operation 2283 'add' 'add_ln58_694' <Predicate = true> <Delay = 1.45> <CoreInst = "Adder">   --->   Core 1 'Adder' <Latency = 0> <II = 1> <Delay = 1.45> <FuncUnit> <Opcode : 'add' 'sub'> <InPorts = 2> <OutPorts = 1>
ST_5 : Operation 2284 [1/1] (1.45ns)   --->   "%add_ln58_695 = add i25 %mult_858, i25 %mult_878" [firmware/nnet_utils/nnet_dense_latency.h:58]   --->   Operation 2284 'add' 'add_ln58_695' <Predicate = true> <Delay = 1.45> <CoreInst = "Adder">   --->   Core 1 'Adder' <Latency = 0> <II = 1> <Delay = 1.45> <FuncUnit> <Opcode : 'add' 'sub'> <InPorts = 2> <OutPorts = 1>
ST_5 : Operation 2285 [1/1] (0.00ns)   --->   "%sext_ln58_408 = sext i25 %add_ln58_695" [firmware/nnet_utils/nnet_dense_latency.h:58]   --->   Operation 2285 'sext' 'sext_ln58_408' <Predicate = true> <Delay = 0.00>
ST_5 : Operation 2286 [1/1] (1.45ns)   --->   "%add_ln58_696 = add i25 %mult_928, i25 %mult_947" [firmware/nnet_utils/nnet_dense_latency.h:58]   --->   Operation 2286 'add' 'add_ln58_696' <Predicate = true> <Delay = 1.45> <CoreInst = "Adder">   --->   Core 1 'Adder' <Latency = 0> <II = 1> <Delay = 1.45> <FuncUnit> <Opcode : 'add' 'sub'> <InPorts = 2> <OutPorts = 1>
ST_5 : Operation 2287 [1/1] (0.00ns)   --->   "%sext_ln58_409 = sext i25 %add_ln58_696" [firmware/nnet_utils/nnet_dense_latency.h:58]   --->   Operation 2287 'sext' 'sext_ln58_409' <Predicate = true> <Delay = 0.00>
ST_5 : Operation 2288 [1/1] (1.45ns)   --->   "%add_ln58_697 = add i26 %sext_ln58_409, i26 %sext_ln58_408" [firmware/nnet_utils/nnet_dense_latency.h:58]   --->   Operation 2288 'add' 'add_ln58_697' <Predicate = true> <Delay = 1.45> <CoreInst = "Adder">   --->   Core 1 'Adder' <Latency = 0> <II = 1> <Delay = 1.45> <FuncUnit> <Opcode : 'add' 'sub'> <InPorts = 2> <OutPorts = 1>
ST_5 : Operation 2289 [1/1] (0.00ns)   --->   "%sext_ln58_412 = sext i24 %add_ln58_700" [firmware/nnet_utils/nnet_dense_latency.h:58]   --->   Operation 2289 'sext' 'sext_ln58_412' <Predicate = true> <Delay = 0.00>
ST_5 : Operation 2290 [1/1] (1.45ns)   --->   "%add_ln58_701 = add i24 %mult_766, i24 %mult_776" [firmware/nnet_utils/nnet_dense_latency.h:58]   --->   Operation 2290 'add' 'add_ln58_701' <Predicate = true> <Delay = 1.45> <CoreInst = "Adder">   --->   Core 1 'Adder' <Latency = 0> <II = 1> <Delay = 1.45> <FuncUnit> <Opcode : 'add' 'sub'> <InPorts = 2> <OutPorts = 1>
ST_5 : Operation 2291 [1/1] (0.00ns)   --->   "%sext_ln58_413 = sext i24 %add_ln58_701" [firmware/nnet_utils/nnet_dense_latency.h:58]   --->   Operation 2291 'sext' 'sext_ln58_413' <Predicate = true> <Delay = 0.00>
ST_5 : Operation 2292 [1/1] (1.45ns)   --->   "%add_ln58_702 = add i25 %sext_ln58_413, i25 %sext_ln58_412" [firmware/nnet_utils/nnet_dense_latency.h:58]   --->   Operation 2292 'add' 'add_ln58_702' <Predicate = true> <Delay = 1.45> <CoreInst = "Adder">   --->   Core 1 'Adder' <Latency = 0> <II = 1> <Delay = 1.45> <FuncUnit> <Opcode : 'add' 'sub'> <InPorts = 2> <OutPorts = 1>
ST_5 : Operation 2293 [1/1] (1.45ns)   --->   "%add_ln58_703 = add i24 %mult_786, i24 %mult_795" [firmware/nnet_utils/nnet_dense_latency.h:58]   --->   Operation 2293 'add' 'add_ln58_703' <Predicate = true> <Delay = 1.45> <CoreInst = "Adder">   --->   Core 1 'Adder' <Latency = 0> <II = 1> <Delay = 1.45> <FuncUnit> <Opcode : 'add' 'sub'> <InPorts = 2> <OutPorts = 1>
ST_5 : Operation 2294 [1/1] (0.00ns)   --->   "%sext_ln58_415 = sext i24 %add_ln58_703" [firmware/nnet_utils/nnet_dense_latency.h:58]   --->   Operation 2294 'sext' 'sext_ln58_415' <Predicate = true> <Delay = 0.00>
ST_5 : Operation 2295 [1/1] (1.45ns)   --->   "%add_ln58_704 = add i24 %mult_830, i24 %mult_868" [firmware/nnet_utils/nnet_dense_latency.h:58]   --->   Operation 2295 'add' 'add_ln58_704' <Predicate = true> <Delay = 1.45> <CoreInst = "Adder">   --->   Core 1 'Adder' <Latency = 0> <II = 1> <Delay = 1.45> <FuncUnit> <Opcode : 'add' 'sub'> <InPorts = 2> <OutPorts = 1>
ST_5 : Operation 2296 [1/1] (0.00ns)   --->   "%sext_ln58_416 = sext i24 %add_ln58_704" [firmware/nnet_utils/nnet_dense_latency.h:58]   --->   Operation 2296 'sext' 'sext_ln58_416' <Predicate = true> <Delay = 0.00>
ST_5 : Operation 2297 [1/1] (1.45ns)   --->   "%add_ln58_705 = add i25 %sext_ln58_416, i25 %sext_ln58_415" [firmware/nnet_utils/nnet_dense_latency.h:58]   --->   Operation 2297 'add' 'add_ln58_705' <Predicate = true> <Delay = 1.45> <CoreInst = "Adder">   --->   Core 1 'Adder' <Latency = 0> <II = 1> <Delay = 1.45> <FuncUnit> <Opcode : 'add' 'sub'> <InPorts = 2> <OutPorts = 1>
ST_5 : Operation 2298 [1/1] (1.45ns)   --->   "%add_ln58_707 = add i24 %mult_908, i24 %mult_918" [firmware/nnet_utils/nnet_dense_latency.h:58]   --->   Operation 2298 'add' 'add_ln58_707' <Predicate = true> <Delay = 1.45> <CoreInst = "Adder">   --->   Core 1 'Adder' <Latency = 0> <II = 1> <Delay = 1.45> <FuncUnit> <Opcode : 'add' 'sub'> <InPorts = 2> <OutPorts = 1>
ST_5 : Operation 2299 [1/1] (0.00ns)   --->   "%sext_ln58_419 = sext i24 %add_ln58_707" [firmware/nnet_utils/nnet_dense_latency.h:58]   --->   Operation 2299 'sext' 'sext_ln58_419' <Predicate = true> <Delay = 0.00>
ST_5 : Operation 2300 [1/1] (1.44ns)   --->   "%add_ln58_708 = add i23 %mult_804, i23 %sext_ln17_116" [firmware/nnet_utils/nnet_dense_latency.h:58]   --->   Operation 2300 'add' 'add_ln58_708' <Predicate = true> <Delay = 1.44> <CoreInst = "Adder">   --->   Core 1 'Adder' <Latency = 0> <II = 1> <Delay = 1.44> <FuncUnit> <Opcode : 'add' 'sub'> <InPorts = 2> <OutPorts = 1>
ST_5 : Operation 2301 [1/1] (0.00ns)   --->   "%sext_ln58_420 = sext i23 %add_ln58_708" [firmware/nnet_utils/nnet_dense_latency.h:58]   --->   Operation 2301 'sext' 'sext_ln58_420' <Predicate = true> <Delay = 0.00>
ST_5 : Operation 2302 [1/1] (0.00ns) (grouped into TernaryAdder)   --->   "%add_ln58_709 = add i25 %sext_ln58_420, i25 %sext_ln58_419" [firmware/nnet_utils/nnet_dense_latency.h:58]   --->   Operation 2302 'add' 'add_ln58_709' <Predicate = true> <Delay = 0.00> <CoreInst = "TAddSub">   --->   Core 10 'TAddSub' <Latency = 0> <II = 1> <Delay = 0.53> <IPBlock> <Opcode : '' 'add' 'sub'> <InPorts = 3> <OutPorts = 1> <Sync> <CReg>
ST_5 : Operation 2303 [1/1] (1.02ns) (root node of TernaryAdder)   --->   "%add_ln58_710 = add i22 %mult_849, i22 %sext_ln17_154" [firmware/nnet_utils/nnet_dense_latency.h:58]   --->   Operation 2303 'add' 'add_ln58_710' <Predicate = true> <Delay = 1.02> <CoreInst = "TAddSub">   --->   Core 10 'TAddSub' <Latency = 0> <II = 1> <Delay = 0.53> <IPBlock> <Opcode : '' 'add' 'sub'> <InPorts = 3> <OutPorts = 1> <Sync> <CReg>
ST_5 : Operation 2304 [1/1] (0.00ns)   --->   "%sext_ln58_421 = sext i22 %add_ln58_710" [firmware/nnet_utils/nnet_dense_latency.h:58]   --->   Operation 2304 'sext' 'sext_ln58_421' <Predicate = true> <Delay = 0.00>
ST_5 : Operation 2305 [1/1] (0.00ns)   --->   "%sext_ln58_422 = sext i21 %add_ln58_711" [firmware/nnet_utils/nnet_dense_latency.h:58]   --->   Operation 2305 'sext' 'sext_ln58_422' <Predicate = true> <Delay = 0.00>
ST_5 : Operation 2306 [1/1] (1.44ns)   --->   "%add_ln58_712 = add i23 %sext_ln58_422, i23 %sext_ln58_421" [firmware/nnet_utils/nnet_dense_latency.h:58]   --->   Operation 2306 'add' 'add_ln58_712' <Predicate = true> <Delay = 1.44> <CoreInst = "Adder">   --->   Core 1 'Adder' <Latency = 0> <II = 1> <Delay = 1.44> <FuncUnit> <Opcode : 'add' 'sub'> <InPorts = 2> <OutPorts = 1>
ST_5 : Operation 2307 [1/1] (0.00ns)   --->   "%sext_ln58_423 = sext i23 %add_ln58_712" [firmware/nnet_utils/nnet_dense_latency.h:58]   --->   Operation 2307 'sext' 'sext_ln58_423' <Predicate = true> <Delay = 0.00>
ST_5 : Operation 2308 [1/1] (1.04ns) (root node of TernaryAdder)   --->   "%add_ln58_713 = add i25 %sext_ln58_423, i25 %add_ln58_709" [firmware/nnet_utils/nnet_dense_latency.h:58]   --->   Operation 2308 'add' 'add_ln58_713' <Predicate = true> <Delay = 1.04> <CoreInst = "TAddSub">   --->   Core 10 'TAddSub' <Latency = 0> <II = 1> <Delay = 0.53> <IPBlock> <Opcode : '' 'add' 'sub'> <InPorts = 3> <OutPorts = 1> <Sync> <CReg>
ST_5 : Operation 2309 [1/1] (1.45ns)   --->   "%add_ln58_719 = add i25 %mul_ln17_26, i25 %mult_729" [firmware/nnet_utils/nnet_dense_latency.h:58]   --->   Operation 2309 'add' 'add_ln58_719' <Predicate = true> <Delay = 1.45> <CoreInst = "Adder">   --->   Core 1 'Adder' <Latency = 0> <II = 1> <Delay = 1.45> <FuncUnit> <Opcode : 'add' 'sub'> <InPorts = 2> <OutPorts = 1>
ST_5 : Operation 2310 [1/1] (0.00ns)   --->   "%sext_ln58_427 = sext i25 %add_ln58_719" [firmware/nnet_utils/nnet_dense_latency.h:58]   --->   Operation 2310 'sext' 'sext_ln58_427' <Predicate = true> <Delay = 0.00>
ST_5 : Operation 2311 [1/1] (1.45ns)   --->   "%add_ln58_720 = add i25 %mult_769, i25 %mult_789" [firmware/nnet_utils/nnet_dense_latency.h:58]   --->   Operation 2311 'add' 'add_ln58_720' <Predicate = true> <Delay = 1.45> <CoreInst = "Adder">   --->   Core 1 'Adder' <Latency = 0> <II = 1> <Delay = 1.45> <FuncUnit> <Opcode : 'add' 'sub'> <InPorts = 2> <OutPorts = 1>
ST_5 : Operation 2312 [1/1] (0.00ns)   --->   "%sext_ln58_428 = sext i25 %add_ln58_720" [firmware/nnet_utils/nnet_dense_latency.h:58]   --->   Operation 2312 'sext' 'sext_ln58_428' <Predicate = true> <Delay = 0.00>
ST_5 : Operation 2313 [1/1] (1.45ns)   --->   "%add_ln58_721 = add i26 %sext_ln58_428, i26 %sext_ln58_427" [firmware/nnet_utils/nnet_dense_latency.h:58]   --->   Operation 2313 'add' 'add_ln58_721' <Predicate = true> <Delay = 1.45> <CoreInst = "Adder">   --->   Core 1 'Adder' <Latency = 0> <II = 1> <Delay = 1.45> <FuncUnit> <Opcode : 'add' 'sub'> <InPorts = 2> <OutPorts = 1>
ST_5 : Operation 2314 [1/1] (1.45ns)   --->   "%add_ln58_723 = add i25 %mult_798, i25 %mult_824" [firmware/nnet_utils/nnet_dense_latency.h:58]   --->   Operation 2314 'add' 'add_ln58_723' <Predicate = true> <Delay = 1.45> <CoreInst = "Adder">   --->   Core 1 'Adder' <Latency = 0> <II = 1> <Delay = 1.45> <FuncUnit> <Opcode : 'add' 'sub'> <InPorts = 2> <OutPorts = 1>
ST_5 : Operation 2315 [1/1] (0.00ns)   --->   "%sext_ln58_430 = sext i25 %add_ln58_723" [firmware/nnet_utils/nnet_dense_latency.h:58]   --->   Operation 2315 'sext' 'sext_ln58_430' <Predicate = true> <Delay = 0.00>
ST_5 : Operation 2316 [1/1] (0.00ns) (grouped into TernaryAdder)   --->   "%add_ln58_724 = add i26 %sext_ln17_142, i26 %sext_ln17_181" [firmware/nnet_utils/nnet_dense_latency.h:58]   --->   Operation 2316 'add' 'add_ln58_724' <Predicate = true> <Delay = 0.00> <CoreInst = "TAddSub">   --->   Core 10 'TAddSub' <Latency = 0> <II = 1> <Delay = 0.53> <IPBlock> <Opcode : '' 'add' 'sub'> <InPorts = 3> <OutPorts = 1> <Sync> <CReg>
ST_5 : Operation 2317 [1/1] (1.04ns) (root node of TernaryAdder)   --->   "%add_ln58_725 = add i26 %add_ln58_724, i26 %sext_ln58_430" [firmware/nnet_utils/nnet_dense_latency.h:58]   --->   Operation 2317 'add' 'add_ln58_725' <Predicate = true> <Delay = 1.04> <CoreInst = "TAddSub">   --->   Core 10 'TAddSub' <Latency = 0> <II = 1> <Delay = 0.53> <IPBlock> <Opcode : '' 'add' 'sub'> <InPorts = 3> <OutPorts = 1> <Sync> <CReg>
ST_5 : Operation 2318 [1/1] (1.45ns)   --->   "%add_ln58_726 = add i24 %mult_749, i24 %mult_759" [firmware/nnet_utils/nnet_dense_latency.h:58]   --->   Operation 2318 'add' 'add_ln58_726' <Predicate = true> <Delay = 1.45> <CoreInst = "Adder">   --->   Core 1 'Adder' <Latency = 0> <II = 1> <Delay = 1.45> <FuncUnit> <Opcode : 'add' 'sub'> <InPorts = 2> <OutPorts = 1>
ST_5 : Operation 2319 [1/1] (0.00ns)   --->   "%sext_ln58_432 = sext i24 %add_ln58_726" [firmware/nnet_utils/nnet_dense_latency.h:58]   --->   Operation 2319 'sext' 'sext_ln58_432' <Predicate = true> <Delay = 0.00>
ST_5 : Operation 2320 [1/1] (1.03ns) (root node of TernaryAdder)   --->   "%add_ln58_727 = add i24 %mult_807, i24 %mul_ln73_624" [firmware/nnet_utils/nnet_dense_latency.h:58]   --->   Operation 2320 'add' 'add_ln58_727' <Predicate = true> <Delay = 1.03> <CoreInst = "TAddSub">   --->   Core 10 'TAddSub' <Latency = 0> <II = 1> <Delay = 0.53> <IPBlock> <Opcode : '' 'add' 'sub'> <InPorts = 3> <OutPorts = 1> <Sync> <CReg>
ST_5 : Operation 2321 [1/1] (0.00ns)   --->   "%sext_ln58_433 = sext i24 %add_ln58_727" [firmware/nnet_utils/nnet_dense_latency.h:58]   --->   Operation 2321 'sext' 'sext_ln58_433' <Predicate = true> <Delay = 0.00>
ST_5 : Operation 2322 [1/1] (1.45ns)   --->   "%add_ln58_728 = add i25 %sext_ln58_433, i25 %sext_ln58_432" [firmware/nnet_utils/nnet_dense_latency.h:58]   --->   Operation 2322 'add' 'add_ln58_728' <Predicate = true> <Delay = 1.45> <CoreInst = "Adder">   --->   Core 1 'Adder' <Latency = 0> <II = 1> <Delay = 1.45> <FuncUnit> <Opcode : 'add' 'sub'> <InPorts = 2> <OutPorts = 1>
ST_5 : Operation 2323 [1/1] (1.45ns)   --->   "%add_ln58_731 = add i24 %mult_842, i24 %mult_871" [firmware/nnet_utils/nnet_dense_latency.h:58]   --->   Operation 2323 'add' 'add_ln58_731' <Predicate = true> <Delay = 1.45> <CoreInst = "Adder">   --->   Core 1 'Adder' <Latency = 0> <II = 1> <Delay = 1.45> <FuncUnit> <Opcode : 'add' 'sub'> <InPorts = 2> <OutPorts = 1>
ST_5 : Operation 2324 [1/1] (0.00ns)   --->   "%sext_ln58_436 = sext i24 %add_ln58_731" [firmware/nnet_utils/nnet_dense_latency.h:58]   --->   Operation 2324 'sext' 'sext_ln58_436' <Predicate = true> <Delay = 0.00>
ST_5 : Operation 2325 [1/1] (1.45ns)   --->   "%add_ln58_732 = add i24 %mult_891, i24 %mult_901" [firmware/nnet_utils/nnet_dense_latency.h:58]   --->   Operation 2325 'add' 'add_ln58_732' <Predicate = true> <Delay = 1.45> <CoreInst = "Adder">   --->   Core 1 'Adder' <Latency = 0> <II = 1> <Delay = 1.45> <FuncUnit> <Opcode : 'add' 'sub'> <InPorts = 2> <OutPorts = 1>
ST_5 : Operation 2326 [1/1] (0.00ns)   --->   "%sext_ln58_437 = sext i24 %add_ln58_732" [firmware/nnet_utils/nnet_dense_latency.h:58]   --->   Operation 2326 'sext' 'sext_ln58_437' <Predicate = true> <Delay = 0.00>
ST_5 : Operation 2327 [1/1] (1.45ns)   --->   "%add_ln58_733 = add i25 %sext_ln58_437, i25 %sext_ln58_436" [firmware/nnet_utils/nnet_dense_latency.h:58]   --->   Operation 2327 'add' 'add_ln58_733' <Predicate = true> <Delay = 1.45> <CoreInst = "Adder">   --->   Core 1 'Adder' <Latency = 0> <II = 1> <Delay = 1.45> <FuncUnit> <Opcode : 'add' 'sub'> <InPorts = 2> <OutPorts = 1>
ST_5 : Operation 2328 [1/1] (1.45ns)   --->   "%add_ln58_734 = add i24 %mult_911, i24 %mult_921" [firmware/nnet_utils/nnet_dense_latency.h:58]   --->   Operation 2328 'add' 'add_ln58_734' <Predicate = true> <Delay = 1.45> <CoreInst = "Adder">   --->   Core 1 'Adder' <Latency = 0> <II = 1> <Delay = 1.45> <FuncUnit> <Opcode : 'add' 'sub'> <InPorts = 2> <OutPorts = 1>
ST_5 : Operation 2329 [1/1] (0.00ns)   --->   "%sext_ln58_439 = sext i24 %add_ln58_734" [firmware/nnet_utils/nnet_dense_latency.h:58]   --->   Operation 2329 'sext' 'sext_ln58_439' <Predicate = true> <Delay = 0.00>
ST_5 : Operation 2330 [1/1] (1.45ns)   --->   "%add_ln58_735 = add i24 %mult_940, i24 %mult_950" [firmware/nnet_utils/nnet_dense_latency.h:58]   --->   Operation 2330 'add' 'add_ln58_735' <Predicate = true> <Delay = 1.45> <CoreInst = "Adder">   --->   Core 1 'Adder' <Latency = 0> <II = 1> <Delay = 1.45> <FuncUnit> <Opcode : 'add' 'sub'> <InPorts = 2> <OutPorts = 1>
ST_5 : Operation 2331 [1/1] (0.00ns)   --->   "%sext_ln58_440 = sext i24 %add_ln58_735" [firmware/nnet_utils/nnet_dense_latency.h:58]   --->   Operation 2331 'sext' 'sext_ln58_440' <Predicate = true> <Delay = 0.00>
ST_5 : Operation 2332 [1/1] (1.45ns)   --->   "%add_ln58_736 = add i25 %sext_ln58_440, i25 %sext_ln58_439" [firmware/nnet_utils/nnet_dense_latency.h:58]   --->   Operation 2332 'add' 'add_ln58_736' <Predicate = true> <Delay = 1.45> <CoreInst = "Adder">   --->   Core 1 'Adder' <Latency = 0> <II = 1> <Delay = 1.45> <FuncUnit> <Opcode : 'add' 'sub'> <InPorts = 2> <OutPorts = 1>
ST_5 : Operation 2333 [1/1] (1.45ns)   --->   "%add_ln58_738 = add i24 %mult_960, i24 %mult_997" [firmware/nnet_utils/nnet_dense_latency.h:58]   --->   Operation 2333 'add' 'add_ln58_738' <Predicate = true> <Delay = 1.45> <CoreInst = "Adder">   --->   Core 1 'Adder' <Latency = 0> <II = 1> <Delay = 1.45> <FuncUnit> <Opcode : 'add' 'sub'> <InPorts = 2> <OutPorts = 1>
ST_5 : Operation 2334 [1/1] (1.44ns)   --->   "%add_ln58_739 = add i24 %sext_ln17_145, i24 %sext_ln17_152" [firmware/nnet_utils/nnet_dense_latency.h:58]   --->   Operation 2334 'add' 'add_ln58_739' <Predicate = true> <Delay = 1.44> <CoreInst = "Adder">   --->   Core 1 'Adder' <Latency = 0> <II = 1> <Delay = 1.44> <FuncUnit> <Opcode : 'add' 'sub'> <InPorts = 2> <OutPorts = 1>
ST_5 : Operation 2335 [1/1] (1.44ns)   --->   "%add_ln58_741 = add i23 %mul_ln73_742, i23 %mult_978" [firmware/nnet_utils/nnet_dense_latency.h:58]   --->   Operation 2335 'add' 'add_ln58_741' <Predicate = true> <Delay = 1.44> <CoreInst = "Adder">   --->   Core 1 'Adder' <Latency = 0> <II = 1> <Delay = 1.44> <FuncUnit> <Opcode : 'add' 'sub'> <InPorts = 2> <OutPorts = 1>
ST_5 : Operation 2336 [1/1] (0.00ns)   --->   "%sext_ln58_446 = sext i23 %add_ln58_741" [firmware/nnet_utils/nnet_dense_latency.h:58]   --->   Operation 2336 'sext' 'sext_ln58_446' <Predicate = true> <Delay = 0.00>
ST_5 : Operation 2337 [1/1] (1.02ns) (root node of TernaryAdder)   --->   "%add_ln58_742 = add i22 %mult_739, i22 %mult_988" [firmware/nnet_utils/nnet_dense_latency.h:58]   --->   Operation 2337 'add' 'add_ln58_742' <Predicate = true> <Delay = 1.02> <CoreInst = "TAddSub">   --->   Core 10 'TAddSub' <Latency = 0> <II = 1> <Delay = 0.53> <IPBlock> <Opcode : '' 'add' 'sub'> <InPorts = 3> <OutPorts = 1> <Sync> <CReg>
ST_5 : Operation 2338 [1/1] (0.00ns)   --->   "%sext_ln58_447 = sext i22 %add_ln58_742" [firmware/nnet_utils/nnet_dense_latency.h:58]   --->   Operation 2338 'sext' 'sext_ln58_447' <Predicate = true> <Delay = 0.00>
ST_5 : Operation 2339 [1/1] (1.44ns)   --->   "%add_ln58_743 = add i24 %sext_ln58_447, i24 %sext_ln58_446" [firmware/nnet_utils/nnet_dense_latency.h:58]   --->   Operation 2339 'add' 'add_ln58_743' <Predicate = true> <Delay = 1.44> <CoreInst = "Adder">   --->   Core 1 'Adder' <Latency = 0> <II = 1> <Delay = 1.44> <FuncUnit> <Opcode : 'add' 'sub'> <InPorts = 2> <OutPorts = 1>
ST_5 : Operation 2340 [1/1] (1.45ns)   --->   "%add_ln58_748 = add i26 %sext_ln17_122, i26 %sext_ln17_126" [firmware/nnet_utils/nnet_dense_latency.h:58]   --->   Operation 2340 'add' 'add_ln58_748' <Predicate = true> <Delay = 1.45> <CoreInst = "Adder">   --->   Core 1 'Adder' <Latency = 0> <II = 1> <Delay = 1.45> <FuncUnit> <Opcode : 'add' 'sub'> <InPorts = 2> <OutPorts = 1>
ST_5 : Operation 2341 [1/1] (1.45ns)   --->   "%add_ln58_750 = add i25 %mult_802, i25 %mult_837" [firmware/nnet_utils/nnet_dense_latency.h:58]   --->   Operation 2341 'add' 'add_ln58_750' <Predicate = true> <Delay = 1.45> <CoreInst = "Adder">   --->   Core 1 'Adder' <Latency = 0> <II = 1> <Delay = 1.45> <FuncUnit> <Opcode : 'add' 'sub'> <InPorts = 2> <OutPorts = 1>
ST_5 : Operation 2342 [1/1] (0.00ns)   --->   "%sext_ln58_452 = sext i25 %add_ln58_750" [firmware/nnet_utils/nnet_dense_latency.h:58]   --->   Operation 2342 'sext' 'sext_ln58_452' <Predicate = true> <Delay = 0.00>
ST_5 : Operation 2343 [1/1] (1.04ns) (root node of TernaryAdder)   --->   "%add_ln58_751 = add i25 %mult_847, i25 %mult_876" [firmware/nnet_utils/nnet_dense_latency.h:58]   --->   Operation 2343 'add' 'add_ln58_751' <Predicate = true> <Delay = 1.04> <CoreInst = "TAddSub">   --->   Core 10 'TAddSub' <Latency = 0> <II = 1> <Delay = 0.53> <IPBlock> <Opcode : '' 'add' 'sub'> <InPorts = 3> <OutPorts = 1> <Sync> <CReg>
ST_5 : Operation 2344 [1/1] (0.00ns)   --->   "%sext_ln58_453 = sext i25 %add_ln58_751" [firmware/nnet_utils/nnet_dense_latency.h:58]   --->   Operation 2344 'sext' 'sext_ln58_453' <Predicate = true> <Delay = 0.00>
ST_5 : Operation 2345 [1/1] (1.45ns)   --->   "%add_ln58_752 = add i26 %sext_ln58_453, i26 %sext_ln58_452" [firmware/nnet_utils/nnet_dense_latency.h:58]   --->   Operation 2345 'add' 'add_ln58_752' <Predicate = true> <Delay = 1.45> <CoreInst = "Adder">   --->   Core 1 'Adder' <Latency = 0> <II = 1> <Delay = 1.45> <FuncUnit> <Opcode : 'add' 'sub'> <InPorts = 2> <OutPorts = 1>
ST_5 : Operation 2346 [1/1] (1.45ns)   --->   "%add_ln58_754 = add i25 %mult_886, i25 %mult_896" [firmware/nnet_utils/nnet_dense_latency.h:58]   --->   Operation 2346 'add' 'add_ln58_754' <Predicate = true> <Delay = 1.45> <CoreInst = "Adder">   --->   Core 1 'Adder' <Latency = 0> <II = 1> <Delay = 1.45> <FuncUnit> <Opcode : 'add' 'sub'> <InPorts = 2> <OutPorts = 1>
ST_5 : Operation 2347 [1/1] (0.00ns)   --->   "%sext_ln58_455 = sext i25 %add_ln58_754" [firmware/nnet_utils/nnet_dense_latency.h:58]   --->   Operation 2347 'sext' 'sext_ln58_455' <Predicate = true> <Delay = 0.00>
ST_5 : Operation 2348 [1/1] (1.45ns)   --->   "%add_ln58_755 = add i25 %mult_916, i25 %mult_926" [firmware/nnet_utils/nnet_dense_latency.h:58]   --->   Operation 2348 'add' 'add_ln58_755' <Predicate = true> <Delay = 1.45> <CoreInst = "Adder">   --->   Core 1 'Adder' <Latency = 0> <II = 1> <Delay = 1.45> <FuncUnit> <Opcode : 'add' 'sub'> <InPorts = 2> <OutPorts = 1>
ST_5 : Operation 2349 [1/1] (0.00ns)   --->   "%sext_ln58_456 = sext i25 %add_ln58_755" [firmware/nnet_utils/nnet_dense_latency.h:58]   --->   Operation 2349 'sext' 'sext_ln58_456' <Predicate = true> <Delay = 0.00>
ST_5 : Operation 2350 [1/1] (1.45ns)   --->   "%add_ln58_756 = add i26 %sext_ln58_456, i26 %sext_ln58_455" [firmware/nnet_utils/nnet_dense_latency.h:58]   --->   Operation 2350 'add' 'add_ln58_756' <Predicate = true> <Delay = 1.45> <CoreInst = "Adder">   --->   Core 1 'Adder' <Latency = 0> <II = 1> <Delay = 1.45> <FuncUnit> <Opcode : 'add' 'sub'> <InPorts = 2> <OutPorts = 1>
ST_5 : Operation 2351 [1/1] (1.45ns)   --->   "%add_ln58_757 = add i25 %mult_935, i25 %mult_945" [firmware/nnet_utils/nnet_dense_latency.h:58]   --->   Operation 2351 'add' 'add_ln58_757' <Predicate = true> <Delay = 1.45> <CoreInst = "Adder">   --->   Core 1 'Adder' <Latency = 0> <II = 1> <Delay = 1.45> <FuncUnit> <Opcode : 'add' 'sub'> <InPorts = 2> <OutPorts = 1>
ST_5 : Operation 2352 [1/1] (0.00ns)   --->   "%sext_ln58_458 = sext i25 %add_ln58_757" [firmware/nnet_utils/nnet_dense_latency.h:58]   --->   Operation 2352 'sext' 'sext_ln58_458' <Predicate = true> <Delay = 0.00>
ST_5 : Operation 2353 [1/1] (1.45ns)   --->   "%add_ln58_758 = add i25 %mult_955, i25 %mult_965" [firmware/nnet_utils/nnet_dense_latency.h:58]   --->   Operation 2353 'add' 'add_ln58_758' <Predicate = true> <Delay = 1.45> <CoreInst = "Adder">   --->   Core 1 'Adder' <Latency = 0> <II = 1> <Delay = 1.45> <FuncUnit> <Opcode : 'add' 'sub'> <InPorts = 2> <OutPorts = 1>
ST_5 : Operation 2354 [1/1] (0.00ns)   --->   "%sext_ln58_459 = sext i25 %add_ln58_758" [firmware/nnet_utils/nnet_dense_latency.h:58]   --->   Operation 2354 'sext' 'sext_ln58_459' <Predicate = true> <Delay = 0.00>
ST_5 : Operation 2355 [1/1] (1.45ns)   --->   "%add_ln58_759 = add i26 %sext_ln58_459, i26 %sext_ln58_458" [firmware/nnet_utils/nnet_dense_latency.h:58]   --->   Operation 2355 'add' 'add_ln58_759' <Predicate = true> <Delay = 1.45> <CoreInst = "Adder">   --->   Core 1 'Adder' <Latency = 0> <II = 1> <Delay = 1.45> <FuncUnit> <Opcode : 'add' 'sub'> <InPorts = 2> <OutPorts = 1>
ST_5 : Operation 2356 [1/1] (0.00ns) (grouped into TernaryAdder)   --->   "%add_ln58_762 = add i25 %mult_1049, i25 %sext_ln17_144" [firmware/nnet_utils/nnet_dense_latency.h:58]   --->   Operation 2356 'add' 'add_ln58_762' <Predicate = true> <Delay = 0.00> <CoreInst = "TAddSub">   --->   Core 10 'TAddSub' <Latency = 0> <II = 1> <Delay = 0.53> <IPBlock> <Opcode : '' 'add' 'sub'> <InPorts = 3> <OutPorts = 1> <Sync> <CReg>
ST_5 : Operation 2357 [1/1] (1.45ns)   --->   "%add_ln58_763 = add i24 %mult_866, i24 %mult_983" [firmware/nnet_utils/nnet_dense_latency.h:58]   --->   Operation 2357 'add' 'add_ln58_763' <Predicate = true> <Delay = 1.45> <CoreInst = "Adder">   --->   Core 1 'Adder' <Latency = 0> <II = 1> <Delay = 1.45> <FuncUnit> <Opcode : 'add' 'sub'> <InPorts = 2> <OutPorts = 1>
ST_5 : Operation 2358 [1/1] (0.00ns)   --->   "%sext_ln58_462 = sext i24 %add_ln58_763" [firmware/nnet_utils/nnet_dense_latency.h:58]   --->   Operation 2358 'sext' 'sext_ln58_462' <Predicate = true> <Delay = 0.00>
ST_5 : Operation 2359 [1/1] (1.04ns) (root node of TernaryAdder)   --->   "%add_ln58_764 = add i25 %sext_ln58_462, i25 %add_ln58_762" [firmware/nnet_utils/nnet_dense_latency.h:58]   --->   Operation 2359 'add' 'add_ln58_764' <Predicate = true> <Delay = 1.04> <CoreInst = "TAddSub">   --->   Core 10 'TAddSub' <Latency = 0> <II = 1> <Delay = 0.53> <IPBlock> <Opcode : '' 'add' 'sub'> <InPorts = 3> <OutPorts = 1> <Sync> <CReg>
ST_5 : Operation 2360 [1/1] (1.03ns) (root node of TernaryAdder)   --->   "%add_ln58_765 = add i24 %mult_1001, i24 %mult_1010" [firmware/nnet_utils/nnet_dense_latency.h:58]   --->   Operation 2360 'add' 'add_ln58_765' <Predicate = true> <Delay = 1.03> <CoreInst = "TAddSub">   --->   Core 10 'TAddSub' <Latency = 0> <II = 1> <Delay = 0.53> <IPBlock> <Opcode : '' 'add' 'sub'> <InPorts = 3> <OutPorts = 1> <Sync> <CReg>
ST_5 : Operation 2361 [1/1] (0.00ns)   --->   "%sext_ln58_464 = sext i24 %add_ln58_765" [firmware/nnet_utils/nnet_dense_latency.h:58]   --->   Operation 2361 'sext' 'sext_ln58_464' <Predicate = true> <Delay = 0.00>
ST_5 : Operation 2362 [1/1] (0.00ns) (grouped into TernaryAdder)   --->   "%add_ln58_766 = add i25 %sext_ln17_188, i25 %sext_ln17_191" [firmware/nnet_utils/nnet_dense_latency.h:58]   --->   Operation 2362 'add' 'add_ln58_766' <Predicate = true> <Delay = 0.00> <CoreInst = "TAddSub">   --->   Core 10 'TAddSub' <Latency = 0> <II = 1> <Delay = 0.53> <IPBlock> <Opcode : '' 'add' 'sub'> <InPorts = 3> <OutPorts = 1> <Sync> <CReg>
ST_5 : Operation 2363 [1/1] (1.04ns) (root node of TernaryAdder)   --->   "%add_ln58_767 = add i25 %add_ln58_766, i25 %sext_ln58_464" [firmware/nnet_utils/nnet_dense_latency.h:58]   --->   Operation 2363 'add' 'add_ln58_767' <Predicate = true> <Delay = 1.04> <CoreInst = "TAddSub">   --->   Core 10 'TAddSub' <Latency = 0> <II = 1> <Delay = 0.53> <IPBlock> <Opcode : '' 'add' 'sub'> <InPorts = 3> <OutPorts = 1> <Sync> <CReg>
ST_5 : Operation 2364 [1/1] (1.03ns) (root node of TernaryAdder)   --->   "%add_ln58_769 = add i23 %mult_906, i23 %mult_973" [firmware/nnet_utils/nnet_dense_latency.h:58]   --->   Operation 2364 'add' 'add_ln58_769' <Predicate = true> <Delay = 1.03> <CoreInst = "TAddSub">   --->   Core 10 'TAddSub' <Latency = 0> <II = 1> <Delay = 0.53> <IPBlock> <Opcode : '' 'add' 'sub'> <InPorts = 3> <OutPorts = 1> <Sync> <CReg>
ST_5 : Operation 2365 [1/1] (0.00ns)   --->   "%sext_ln58_467 = sext i23 %add_ln58_769" [firmware/nnet_utils/nnet_dense_latency.h:58]   --->   Operation 2365 'sext' 'sext_ln58_467' <Predicate = true> <Delay = 0.00>
ST_5 : Operation 2366 [1/1] (1.44ns)   --->   "%add_ln58_770 = add i23 %mult_992, i23 %mult_1020" [firmware/nnet_utils/nnet_dense_latency.h:58]   --->   Operation 2366 'add' 'add_ln58_770' <Predicate = true> <Delay = 1.44> <CoreInst = "Adder">   --->   Core 1 'Adder' <Latency = 0> <II = 1> <Delay = 1.44> <FuncUnit> <Opcode : 'add' 'sub'> <InPorts = 2> <OutPorts = 1>
ST_5 : Operation 2367 [1/1] (0.00ns)   --->   "%sext_ln58_468 = sext i23 %add_ln58_770" [firmware/nnet_utils/nnet_dense_latency.h:58]   --->   Operation 2367 'sext' 'sext_ln58_468' <Predicate = true> <Delay = 0.00>
ST_5 : Operation 2368 [1/1] (1.44ns)   --->   "%add_ln58_771 = add i24 %sext_ln58_468, i24 %sext_ln58_467" [firmware/nnet_utils/nnet_dense_latency.h:58]   --->   Operation 2368 'add' 'add_ln58_771' <Predicate = true> <Delay = 1.44> <CoreInst = "Adder">   --->   Core 1 'Adder' <Latency = 0> <II = 1> <Delay = 1.44> <FuncUnit> <Opcode : 'add' 'sub'> <InPorts = 2> <OutPorts = 1>
ST_5 : Operation 2369 [1/1] (1.43ns)   --->   "%sub_ln58_1 = sub i22 %sext_ln17_128, i22 %sext_ln73_345" [firmware/nnet_utils/nnet_dense_latency.h:58]   --->   Operation 2369 'sub' 'sub_ln58_1' <Predicate = true> <Delay = 1.43> <CoreInst = "Adder">   --->   Core 1 'Adder' <Latency = 0> <II = 1> <Delay = 1.43> <FuncUnit> <Opcode : 'add' 'sub'> <InPorts = 2> <OutPorts = 1>
ST_5 : Operation 2370 [1/1] (0.00ns)   --->   "%sext_ln58_470 = sext i22 %sub_ln58_1" [firmware/nnet_utils/nnet_dense_latency.h:58]   --->   Operation 2370 'sext' 'sext_ln58_470' <Predicate = true> <Delay = 0.00>
ST_5 : Operation 2371 [1/1] (1.43ns)   --->   "%add_ln58_772 = add i21 %sext_ln17_136, i21 %sext_ln17_137" [firmware/nnet_utils/nnet_dense_latency.h:58]   --->   Operation 2371 'add' 'add_ln58_772' <Predicate = true> <Delay = 1.43> <CoreInst = "Adder">   --->   Core 1 'Adder' <Latency = 0> <II = 1> <Delay = 1.43> <FuncUnit> <Opcode : 'add' 'sub'> <InPorts = 2> <OutPorts = 1>
ST_5 : Operation 2372 [1/1] (0.00ns)   --->   "%sext_ln58_471 = sext i21 %add_ln58_772" [firmware/nnet_utils/nnet_dense_latency.h:58]   --->   Operation 2372 'sext' 'sext_ln58_471' <Predicate = true> <Delay = 0.00>
ST_5 : Operation 2373 [1/1] (1.44ns)   --->   "%add_ln58_773 = add i23 %sext_ln58_471, i23 %sext_ln58_470" [firmware/nnet_utils/nnet_dense_latency.h:58]   --->   Operation 2373 'add' 'add_ln58_773' <Predicate = true> <Delay = 1.44> <CoreInst = "Adder">   --->   Core 1 'Adder' <Latency = 0> <II = 1> <Delay = 1.44> <FuncUnit> <Opcode : 'add' 'sub'> <InPorts = 2> <OutPorts = 1>
ST_5 : Operation 2374 [1/1] (1.45ns)   --->   "%add_ln58_778 = add i25 %mult_785, i25 %mult_820" [firmware/nnet_utils/nnet_dense_latency.h:58]   --->   Operation 2374 'add' 'add_ln58_778' <Predicate = true> <Delay = 1.45> <CoreInst = "Adder">   --->   Core 1 'Adder' <Latency = 0> <II = 1> <Delay = 1.45> <FuncUnit> <Opcode : 'add' 'sub'> <InPorts = 2> <OutPorts = 1>
ST_5 : Operation 2375 [1/1] (0.00ns)   --->   "%sext_ln58_475 = sext i25 %add_ln58_778" [firmware/nnet_utils/nnet_dense_latency.h:58]   --->   Operation 2375 'sext' 'sext_ln58_475' <Predicate = true> <Delay = 0.00>
ST_5 : Operation 2376 [1/1] (1.45ns)   --->   "%add_ln58_779 = add i26 %sext_ln58_475, i26 %sext_ln17_100" [firmware/nnet_utils/nnet_dense_latency.h:58]   --->   Operation 2376 'add' 'add_ln58_779' <Predicate = true> <Delay = 1.45> <CoreInst = "Adder">   --->   Core 1 'Adder' <Latency = 0> <II = 1> <Delay = 1.45> <FuncUnit> <Opcode : 'add' 'sub'> <InPorts = 2> <OutPorts = 1>
ST_5 : Operation 2377 [1/1] (1.45ns)   --->   "%add_ln58_781 = add i25 %mult_917, i25 %mult_966" [firmware/nnet_utils/nnet_dense_latency.h:58]   --->   Operation 2377 'add' 'add_ln58_781' <Predicate = true> <Delay = 1.45> <CoreInst = "Adder">   --->   Core 1 'Adder' <Latency = 0> <II = 1> <Delay = 1.45> <FuncUnit> <Opcode : 'add' 'sub'> <InPorts = 2> <OutPorts = 1>
ST_5 : Operation 2378 [1/1] (0.00ns)   --->   "%sext_ln58_477 = sext i25 %add_ln58_781" [firmware/nnet_utils/nnet_dense_latency.h:58]   --->   Operation 2378 'sext' 'sext_ln58_477' <Predicate = true> <Delay = 0.00>
ST_5 : Operation 2379 [1/1] (1.04ns) (root node of TernaryAdder)   --->   "%add_ln58_782 = add i25 %mult_1040, i25 %sext_ln17_103" [firmware/nnet_utils/nnet_dense_latency.h:58]   --->   Operation 2379 'add' 'add_ln58_782' <Predicate = true> <Delay = 1.04> <CoreInst = "TAddSub">   --->   Core 10 'TAddSub' <Latency = 0> <II = 1> <Delay = 0.53> <IPBlock> <Opcode : '' 'add' 'sub'> <InPorts = 3> <OutPorts = 1> <Sync> <CReg>
ST_5 : Operation 2380 [1/1] (0.00ns)   --->   "%sext_ln58_478 = sext i25 %add_ln58_782" [firmware/nnet_utils/nnet_dense_latency.h:58]   --->   Operation 2380 'sext' 'sext_ln58_478' <Predicate = true> <Delay = 0.00>
ST_5 : Operation 2381 [1/1] (0.00ns) (grouped into TernaryAdder)   --->   "%add_ln58_783 = add i26 %sext_ln58_478, i26 %sext_ln17_177" [firmware/nnet_utils/nnet_dense_latency.h:58]   --->   Operation 2381 'add' 'add_ln58_783' <Predicate = true> <Delay = 0.00> <CoreInst = "TAddSub">   --->   Core 10 'TAddSub' <Latency = 0> <II = 1> <Delay = 0.53> <IPBlock> <Opcode : '' 'add' 'sub'> <InPorts = 3> <OutPorts = 1> <Sync> <CReg>
ST_5 : Operation 2382 [1/1] (1.04ns) (root node of TernaryAdder)   --->   "%add_ln58_784 = add i26 %add_ln58_783, i26 %sext_ln58_477" [firmware/nnet_utils/nnet_dense_latency.h:58]   --->   Operation 2382 'add' 'add_ln58_784' <Predicate = true> <Delay = 1.04> <CoreInst = "TAddSub">   --->   Core 10 'TAddSub' <Latency = 0> <II = 1> <Delay = 0.53> <IPBlock> <Opcode : '' 'add' 'sub'> <InPorts = 3> <OutPorts = 1> <Sync> <CReg>
ST_5 : Operation 2383 [1/1] (1.45ns)   --->   "%add_ln58_786 = add i24 %mult_726, i24 %mult_735" [firmware/nnet_utils/nnet_dense_latency.h:58]   --->   Operation 2383 'add' 'add_ln58_786' <Predicate = true> <Delay = 1.45> <CoreInst = "Adder">   --->   Core 1 'Adder' <Latency = 0> <II = 1> <Delay = 1.45> <FuncUnit> <Opcode : 'add' 'sub'> <InPorts = 2> <OutPorts = 1>
ST_5 : Operation 2384 [1/1] (0.00ns)   --->   "%sext_ln58_480 = sext i24 %add_ln58_786" [firmware/nnet_utils/nnet_dense_latency.h:58]   --->   Operation 2384 'sext' 'sext_ln58_480' <Predicate = true> <Delay = 0.00>
ST_5 : Operation 2385 [1/1] (1.45ns)   --->   "%add_ln58_787 = add i24 %mult_848, i24 %mult_867" [firmware/nnet_utils/nnet_dense_latency.h:58]   --->   Operation 2385 'add' 'add_ln58_787' <Predicate = true> <Delay = 1.45> <CoreInst = "Adder">   --->   Core 1 'Adder' <Latency = 0> <II = 1> <Delay = 1.45> <FuncUnit> <Opcode : 'add' 'sub'> <InPorts = 2> <OutPorts = 1>
ST_5 : Operation 2386 [1/1] (0.00ns)   --->   "%sext_ln58_481 = sext i24 %add_ln58_787" [firmware/nnet_utils/nnet_dense_latency.h:58]   --->   Operation 2386 'sext' 'sext_ln58_481' <Predicate = true> <Delay = 0.00>
ST_5 : Operation 2387 [1/1] (0.00ns) (grouped into TernaryAdder)   --->   "%add_ln58_788 = add i25 %sext_ln58_481, i25 %sext_ln17_123" [firmware/nnet_utils/nnet_dense_latency.h:58]   --->   Operation 2387 'add' 'add_ln58_788' <Predicate = true> <Delay = 0.00> <CoreInst = "TAddSub">   --->   Core 10 'TAddSub' <Latency = 0> <II = 1> <Delay = 0.53> <IPBlock> <Opcode : '' 'add' 'sub'> <InPorts = 3> <OutPorts = 1> <Sync> <CReg>
ST_5 : Operation 2388 [1/1] (1.04ns) (root node of TernaryAdder)   --->   "%add_ln58_789 = add i25 %add_ln58_788, i25 %sext_ln58_480" [firmware/nnet_utils/nnet_dense_latency.h:58]   --->   Operation 2388 'add' 'add_ln58_789' <Predicate = true> <Delay = 1.04> <CoreInst = "TAddSub">   --->   Core 10 'TAddSub' <Latency = 0> <II = 1> <Delay = 0.53> <IPBlock> <Opcode : '' 'add' 'sub'> <InPorts = 3> <OutPorts = 1> <Sync> <CReg>
ST_5 : Operation 2389 [1/1] (1.03ns) (root node of TernaryAdder)   --->   "%add_ln58_790 = add i24 %mult_897, i24 %mult_927" [firmware/nnet_utils/nnet_dense_latency.h:58]   --->   Operation 2389 'add' 'add_ln58_790' <Predicate = true> <Delay = 1.03> <CoreInst = "TAddSub">   --->   Core 10 'TAddSub' <Latency = 0> <II = 1> <Delay = 0.53> <IPBlock> <Opcode : '' 'add' 'sub'> <InPorts = 3> <OutPorts = 1> <Sync> <CReg>
ST_5 : Operation 2390 [1/1] (0.00ns)   --->   "%sext_ln58_483 = sext i24 %add_ln58_790" [firmware/nnet_utils/nnet_dense_latency.h:58]   --->   Operation 2390 'sext' 'sext_ln58_483' <Predicate = true> <Delay = 0.00>
ST_5 : Operation 2391 [1/1] (1.45ns)   --->   "%add_ln58_791 = add i25 %sext_ln58_483, i25 %sext_ln17_153" [firmware/nnet_utils/nnet_dense_latency.h:58]   --->   Operation 2391 'add' 'add_ln58_791' <Predicate = true> <Delay = 1.45> <CoreInst = "Adder">   --->   Core 1 'Adder' <Latency = 0> <II = 1> <Delay = 1.45> <FuncUnit> <Opcode : 'add' 'sub'> <InPorts = 2> <OutPorts = 1>
ST_5 : Operation 2392 [1/1] (0.00ns) (grouped into TernaryAdder)   --->   "%add_ln58_792 = add i25 %sext_ln17_174, i25 %sext_ln17_186" [firmware/nnet_utils/nnet_dense_latency.h:58]   --->   Operation 2392 'add' 'add_ln58_792' <Predicate = true> <Delay = 0.00> <CoreInst = "TAddSub">   --->   Core 10 'TAddSub' <Latency = 0> <II = 1> <Delay = 0.53> <IPBlock> <Opcode : '' 'add' 'sub'> <InPorts = 3> <OutPorts = 1> <Sync> <CReg>
ST_5 : Operation 2393 [1/1] (1.04ns) (root node of TernaryAdder)   --->   "%add_ln58_793 = add i25 %add_ln58_792, i25 %sext_ln17_167" [firmware/nnet_utils/nnet_dense_latency.h:58]   --->   Operation 2393 'add' 'add_ln58_793' <Predicate = true> <Delay = 1.04> <CoreInst = "TAddSub">   --->   Core 10 'TAddSub' <Latency = 0> <II = 1> <Delay = 0.53> <IPBlock> <Opcode : '' 'add' 'sub'> <InPorts = 3> <OutPorts = 1> <Sync> <CReg>
ST_5 : Operation 2394 [1/1] (1.45ns)   --->   "%add_ln58_797 = add i24 %mult_1030, i24 %sext_ln17_115" [firmware/nnet_utils/nnet_dense_latency.h:58]   --->   Operation 2394 'add' 'add_ln58_797' <Predicate = true> <Delay = 1.45> <CoreInst = "Adder">   --->   Core 1 'Adder' <Latency = 0> <II = 1> <Delay = 1.45> <FuncUnit> <Opcode : 'add' 'sub'> <InPorts = 2> <OutPorts = 1>
ST_5 : Operation 2395 [1/1] (1.03ns) (root node of TernaryAdder)   --->   "%add_ln58_798 = add i23 %mult_803, i23 %mult_812" [firmware/nnet_utils/nnet_dense_latency.h:58]   --->   Operation 2395 'add' 'add_ln58_798' <Predicate = true> <Delay = 1.03> <CoreInst = "TAddSub">   --->   Core 10 'TAddSub' <Latency = 0> <II = 1> <Delay = 0.53> <IPBlock> <Opcode : '' 'add' 'sub'> <InPorts = 3> <OutPorts = 1> <Sync> <CReg>
ST_5 : Operation 2396 [1/1] (0.00ns)   --->   "%sext_ln58_489 = sext i23 %add_ln58_798" [firmware/nnet_utils/nnet_dense_latency.h:58]   --->   Operation 2396 'sext' 'sext_ln58_489' <Predicate = true> <Delay = 0.00>
ST_5 : Operation 2397 [1/1] (1.44ns)   --->   "%add_ln58_799 = add i24 %sext_ln58_489, i24 %sext_ln17_118" [firmware/nnet_utils/nnet_dense_latency.h:58]   --->   Operation 2397 'add' 'add_ln58_799' <Predicate = true> <Delay = 1.44> <CoreInst = "Adder">   --->   Core 1 'Adder' <Latency = 0> <II = 1> <Delay = 1.44> <FuncUnit> <Opcode : 'add' 'sub'> <InPorts = 2> <OutPorts = 1>
ST_5 : Operation 2398 [1/1] (1.03ns) (root node of TernaryAdder)   --->   "%add_ln58_801 = add i23 %mult_984, i23 %mult_1011" [firmware/nnet_utils/nnet_dense_latency.h:58]   --->   Operation 2398 'add' 'add_ln58_801' <Predicate = true> <Delay = 1.03> <CoreInst = "TAddSub">   --->   Core 10 'TAddSub' <Latency = 0> <II = 1> <Delay = 0.53> <IPBlock> <Opcode : '' 'add' 'sub'> <InPorts = 3> <OutPorts = 1> <Sync> <CReg>
ST_5 : Operation 2399 [1/1] (0.00ns)   --->   "%sext_ln58_492 = sext i23 %add_ln58_801" [firmware/nnet_utils/nnet_dense_latency.h:58]   --->   Operation 2399 'sext' 'sext_ln58_492' <Predicate = true> <Delay = 0.00>
ST_5 : Operation 2400 [1/1] (1.44ns)   --->   "%add_ln58_802 = add i24 %sext_ln58_492, i24 %sext_ln17_163" [firmware/nnet_utils/nnet_dense_latency.h:58]   --->   Operation 2400 'add' 'add_ln58_802' <Predicate = true> <Delay = 1.44> <CoreInst = "Adder">   --->   Core 1 'Adder' <Latency = 0> <II = 1> <Delay = 1.44> <FuncUnit> <Opcode : 'add' 'sub'> <InPorts = 2> <OutPorts = 1>
ST_5 : Operation 2401 [1/1] (1.44ns)   --->   "%add_ln58_803 = add i22 %mult_716, i22 %mult_838" [firmware/nnet_utils/nnet_dense_latency.h:58]   --->   Operation 2401 'add' 'add_ln58_803' <Predicate = true> <Delay = 1.44> <CoreInst = "Adder">   --->   Core 1 'Adder' <Latency = 0> <II = 1> <Delay = 1.44> <FuncUnit> <Opcode : 'add' 'sub'> <InPorts = 2> <OutPorts = 1>
ST_5 : Operation 2402 [1/1] (0.00ns)   --->   "%sext_ln58_494 = sext i22 %add_ln58_803" [firmware/nnet_utils/nnet_dense_latency.h:58]   --->   Operation 2402 'sext' 'sext_ln58_494' <Predicate = true> <Delay = 0.00>
ST_5 : Operation 2403 [1/1] (1.03ns) (root node of TernaryAdder)   --->   "%add_ln58_804 = add i23 %sext_ln58_494, i23 %mult_1058" [firmware/nnet_utils/nnet_dense_latency.h:58]   --->   Operation 2403 'add' 'add_ln58_804' <Predicate = true> <Delay = 1.03> <CoreInst = "TAddSub">   --->   Core 10 'TAddSub' <Latency = 0> <II = 1> <Delay = 0.53> <IPBlock> <Opcode : '' 'add' 'sub'> <InPorts = 3> <OutPorts = 1> <Sync> <CReg>
ST_5 : Operation 2404 [1/1] (0.00ns)   --->   "%sext_ln58_497 = sext i21 %shl_ln73_209" [firmware/nnet_utils/nnet_dense_latency.h:58]   --->   Operation 2404 'sext' 'sext_ln58_497' <Predicate = true> <Delay = 0.00>
ST_5 : Operation 2405 [1/1] (0.00ns)   --->   "%sext_ln58_498 = sext i22 %mult_877" [firmware/nnet_utils/nnet_dense_latency.h:58]   --->   Operation 2405 'sext' 'sext_ln58_498' <Predicate = true> <Delay = 0.00>
ST_5 : Operation 2406 [1/1] (1.44ns)   --->   "%sub_ln58_2 = sub i23 %sext_ln58_498, i23 %sext_ln58_497" [firmware/nnet_utils/nnet_dense_latency.h:58]   --->   Operation 2406 'sub' 'sub_ln58_2' <Predicate = true> <Delay = 1.44> <CoreInst = "Adder">   --->   Core 1 'Adder' <Latency = 0> <II = 1> <Delay = 1.44> <FuncUnit> <Opcode : 'add' 'sub'> <InPorts = 2> <OutPorts = 1>
ST_5 : Operation 2407 [1/1] (0.00ns)   --->   "%sext_ln58_499 = sext i23 %sub_ln58_2" [firmware/nnet_utils/nnet_dense_latency.h:58]   --->   Operation 2407 'sext' 'sext_ln58_499' <Predicate = true> <Delay = 0.00>
ST_5 : Operation 2408 [1/1] (0.00ns) (grouped into TernaryAdder)   --->   "%add_ln58_807 = add i23 %sext_ln17_179, i23 %sext_ln17_192" [firmware/nnet_utils/nnet_dense_latency.h:58]   --->   Operation 2408 'add' 'add_ln58_807' <Predicate = true> <Delay = 0.00> <CoreInst = "TAddSub">   --->   Core 10 'TAddSub' <Latency = 0> <II = 1> <Delay = 0.53> <IPBlock> <Opcode : '' 'add' 'sub'> <InPorts = 3> <OutPorts = 1> <Sync> <CReg>
ST_5 : Operation 2409 [1/1] (1.03ns) (root node of TernaryAdder)   --->   "%add_ln58_808 = add i23 %add_ln58_807, i23 %sext_ln17_165" [firmware/nnet_utils/nnet_dense_latency.h:58]   --->   Operation 2409 'add' 'add_ln58_808' <Predicate = true> <Delay = 1.03> <CoreInst = "TAddSub">   --->   Core 10 'TAddSub' <Latency = 0> <II = 1> <Delay = 0.53> <IPBlock> <Opcode : '' 'add' 'sub'> <InPorts = 3> <OutPorts = 1> <Sync> <CReg>
ST_5 : Operation 2410 [1/1] (0.00ns)   --->   "%sext_ln58_500 = sext i23 %add_ln58_808" [firmware/nnet_utils/nnet_dense_latency.h:58]   --->   Operation 2410 'sext' 'sext_ln58_500' <Predicate = true> <Delay = 0.00>
ST_5 : Operation 2411 [1/1] (0.00ns) (grouped into TernaryAdder)   --->   "%add_ln58_809 = add i24 %sext_ln58_500, i24 %sext_ln58_499" [firmware/nnet_utils/nnet_dense_latency.h:58]   --->   Operation 2411 'add' 'add_ln58_809' <Predicate = true> <Delay = 0.00> <CoreInst = "TAddSub">   --->   Core 10 'TAddSub' <Latency = 0> <II = 1> <Delay = 0.53> <IPBlock> <Opcode : '' 'add' 'sub'> <InPorts = 3> <OutPorts = 1> <Sync> <CReg>
ST_5 : Operation 2412 [1/1] (1.02ns) (root node of TernaryAdder)   --->   "%add_ln58_810 = add i21 %mult_745, i21 %mult_907" [firmware/nnet_utils/nnet_dense_latency.h:58]   --->   Operation 2412 'add' 'add_ln58_810' <Predicate = true> <Delay = 1.02> <CoreInst = "TAddSub">   --->   Core 10 'TAddSub' <Latency = 0> <II = 1> <Delay = 0.53> <IPBlock> <Opcode : '' 'add' 'sub'> <InPorts = 3> <OutPorts = 1> <Sync> <CReg>
ST_5 : Operation 2413 [1/1] (0.00ns)   --->   "%sext_ln58_501 = sext i21 %add_ln58_810" [firmware/nnet_utils/nnet_dense_latency.h:58]   --->   Operation 2413 'sext' 'sext_ln58_501' <Predicate = true> <Delay = 0.00>
ST_5 : Operation 2414 [1/1] (0.00ns) (grouped into TernaryAdder)   --->   "%add_ln58_811 = add i22 %sext_ln58_501, i22 %sext_ln17_104" [firmware/nnet_utils/nnet_dense_latency.h:58]   --->   Operation 2414 'add' 'add_ln58_811' <Predicate = true> <Delay = 0.00> <CoreInst = "TAddSub">   --->   Core 10 'TAddSub' <Latency = 0> <II = 1> <Delay = 0.53> <IPBlock> <Opcode : '' 'add' 'sub'> <InPorts = 3> <OutPorts = 1> <Sync> <CReg>
ST_5 : Operation 2415 [1/1] (0.00ns)   --->   "%sext_ln58_503 = sext i20 %add_ln58_812" [firmware/nnet_utils/nnet_dense_latency.h:58]   --->   Operation 2415 'sext' 'sext_ln58_503' <Predicate = true> <Delay = 0.00>
ST_5 : Operation 2416 [1/1] (1.02ns) (root node of TernaryAdder)   --->   "%add_ln58_813 = add i22 %sext_ln58_503, i22 %add_ln58_811" [firmware/nnet_utils/nnet_dense_latency.h:58]   --->   Operation 2416 'add' 'add_ln58_813' <Predicate = true> <Delay = 1.02> <CoreInst = "TAddSub">   --->   Core 10 'TAddSub' <Latency = 0> <II = 1> <Delay = 0.53> <IPBlock> <Opcode : '' 'add' 'sub'> <InPorts = 3> <OutPorts = 1> <Sync> <CReg>
ST_5 : Operation 2417 [1/1] (0.00ns)   --->   "%sext_ln58_504 = sext i22 %add_ln58_813" [firmware/nnet_utils/nnet_dense_latency.h:58]   --->   Operation 2417 'sext' 'sext_ln58_504' <Predicate = true> <Delay = 0.00>
ST_5 : Operation 2418 [1/1] (1.03ns) (root node of TernaryAdder)   --->   "%add_ln58_814 = add i24 %sext_ln58_504, i24 %add_ln58_809" [firmware/nnet_utils/nnet_dense_latency.h:58]   --->   Operation 2418 'add' 'add_ln58_814' <Predicate = true> <Delay = 1.03> <CoreInst = "TAddSub">   --->   Core 10 'TAddSub' <Latency = 0> <II = 1> <Delay = 0.53> <IPBlock> <Opcode : '' 'add' 'sub'> <InPorts = 3> <OutPorts = 1> <Sync> <CReg>
ST_5 : Operation 2419 [1/1] (1.45ns)   --->   "%add_ln58_817 = add i25 %mult_975, i25 %mult_994" [firmware/nnet_utils/nnet_dense_latency.h:58]   --->   Operation 2419 'add' 'add_ln58_817' <Predicate = true> <Delay = 1.45> <CoreInst = "Adder">   --->   Core 1 'Adder' <Latency = 0> <II = 1> <Delay = 1.45> <FuncUnit> <Opcode : 'add' 'sub'> <InPorts = 2> <OutPorts = 1>
ST_5 : Operation 2420 [1/1] (1.45ns)   --->   "%add_ln58_819 = add i24 %mult_1012, i24 %mult_1041" [firmware/nnet_utils/nnet_dense_latency.h:58]   --->   Operation 2420 'add' 'add_ln58_819' <Predicate = true> <Delay = 1.45> <CoreInst = "Adder">   --->   Core 1 'Adder' <Latency = 0> <II = 1> <Delay = 1.45> <FuncUnit> <Opcode : 'add' 'sub'> <InPorts = 2> <OutPorts = 1>
ST_5 : Operation 2421 [1/1] (0.00ns)   --->   "%sext_ln58_508 = sext i24 %add_ln58_819" [firmware/nnet_utils/nnet_dense_latency.h:58]   --->   Operation 2421 'sext' 'sext_ln58_508' <Predicate = true> <Delay = 0.00>
ST_5 : Operation 2422 [1/1] (1.45ns)   --->   "%add_ln58_820 = add i25 %sext_ln58_508, i25 %sext_ln17_168" [firmware/nnet_utils/nnet_dense_latency.h:58]   --->   Operation 2422 'add' 'add_ln58_820' <Predicate = true> <Delay = 1.45> <CoreInst = "Adder">   --->   Core 1 'Adder' <Latency = 0> <II = 1> <Delay = 1.45> <FuncUnit> <Opcode : 'add' 'sub'> <InPorts = 2> <OutPorts = 1>
ST_5 : Operation 2423 [1/1] (1.44ns)   --->   "%add_ln58_822 = add i23 %mult_967, i23 %mult_1022" [firmware/nnet_utils/nnet_dense_latency.h:58]   --->   Operation 2423 'add' 'add_ln58_822' <Predicate = true> <Delay = 1.44> <CoreInst = "Adder">   --->   Core 1 'Adder' <Latency = 0> <II = 1> <Delay = 1.44> <FuncUnit> <Opcode : 'add' 'sub'> <InPorts = 2> <OutPorts = 1>
ST_5 : Operation 2424 [1/1] (0.00ns) (grouped into TernaryAdder)   --->   "%add_ln58_824 = add i23 %mult_1031, i23 %sext_ln17_176" [firmware/nnet_utils/nnet_dense_latency.h:58]   --->   Operation 2424 'add' 'add_ln58_824' <Predicate = true> <Delay = 0.00> <CoreInst = "TAddSub">   --->   Core 10 'TAddSub' <Latency = 0> <II = 1> <Delay = 0.53> <IPBlock> <Opcode : '' 'add' 'sub'> <InPorts = 3> <OutPorts = 1> <Sync> <CReg>
ST_5 : Operation 2425 [1/1] (1.02ns) (root node of TernaryAdder)   --->   "%add_ln58_825 = add i22 %mult_1051, i22 %sext_ln17_180" [firmware/nnet_utils/nnet_dense_latency.h:58]   --->   Operation 2425 'add' 'add_ln58_825' <Predicate = true> <Delay = 1.02> <CoreInst = "TAddSub">   --->   Core 10 'TAddSub' <Latency = 0> <II = 1> <Delay = 0.53> <IPBlock> <Opcode : '' 'add' 'sub'> <InPorts = 3> <OutPorts = 1> <Sync> <CReg>
ST_5 : Operation 2426 [1/1] (0.00ns)   --->   "%sext_ln58_512 = sext i22 %add_ln58_825" [firmware/nnet_utils/nnet_dense_latency.h:58]   --->   Operation 2426 'sext' 'sext_ln58_512' <Predicate = true> <Delay = 0.00>
ST_5 : Operation 2427 [1/1] (1.03ns) (root node of TernaryAdder)   --->   "%add_ln58_826 = add i23 %sext_ln58_512, i23 %add_ln58_824" [firmware/nnet_utils/nnet_dense_latency.h:58]   --->   Operation 2427 'add' 'add_ln58_826' <Predicate = true> <Delay = 1.03> <CoreInst = "TAddSub">   --->   Core 10 'TAddSub' <Latency = 0> <II = 1> <Delay = 0.53> <IPBlock> <Opcode : '' 'add' 'sub'> <InPorts = 3> <OutPorts = 1> <Sync> <CReg>
ST_5 : Operation 2428 [1/1] (1.45ns)   --->   "%add_ln58_831 = add i25 %mult_850, i25 %mult_859" [firmware/nnet_utils/nnet_dense_latency.h:58]   --->   Operation 2428 'add' 'add_ln58_831' <Predicate = true> <Delay = 1.45> <CoreInst = "Adder">   --->   Core 1 'Adder' <Latency = 0> <II = 1> <Delay = 1.45> <FuncUnit> <Opcode : 'add' 'sub'> <InPorts = 2> <OutPorts = 1>
ST_5 : Operation 2429 [1/1] (0.00ns)   --->   "%sext_ln58_516 = sext i25 %add_ln58_831" [firmware/nnet_utils/nnet_dense_latency.h:58]   --->   Operation 2429 'sext' 'sext_ln58_516' <Predicate = true> <Delay = 0.00>
ST_5 : Operation 2430 [1/1] (1.45ns)   --->   "%add_ln58_832 = add i26 %sext_ln58_516, i26 %sext_ln17_139" [firmware/nnet_utils/nnet_dense_latency.h:58]   --->   Operation 2430 'add' 'add_ln58_832' <Predicate = true> <Delay = 1.45> <CoreInst = "Adder">   --->   Core 1 'Adder' <Latency = 0> <II = 1> <Delay = 1.45> <FuncUnit> <Opcode : 'add' 'sub'> <InPorts = 2> <OutPorts = 1>
ST_5 : Operation 2431 [1/1] (1.04ns) (root node of TernaryAdder)   --->   "%add_ln58_834 = add i25 %mult_879, i25 %mult_889" [firmware/nnet_utils/nnet_dense_latency.h:58]   --->   Operation 2431 'add' 'add_ln58_834' <Predicate = true> <Delay = 1.04> <CoreInst = "TAddSub">   --->   Core 10 'TAddSub' <Latency = 0> <II = 1> <Delay = 0.53> <IPBlock> <Opcode : '' 'add' 'sub'> <InPorts = 3> <OutPorts = 1> <Sync> <CReg>
ST_5 : Operation 2432 [1/1] (1.45ns)   --->   "%add_ln58_836 = add i25 %mult_909, i25 %mult_938" [firmware/nnet_utils/nnet_dense_latency.h:58]   --->   Operation 2432 'add' 'add_ln58_836' <Predicate = true> <Delay = 1.45> <CoreInst = "Adder">   --->   Core 1 'Adder' <Latency = 0> <II = 1> <Delay = 1.45> <FuncUnit> <Opcode : 'add' 'sub'> <InPorts = 2> <OutPorts = 1>
ST_5 : Operation 2433 [1/1] (0.00ns)   --->   "%sext_ln58_520 = sext i25 %add_ln58_836" [firmware/nnet_utils/nnet_dense_latency.h:58]   --->   Operation 2433 'sext' 'sext_ln58_520' <Predicate = true> <Delay = 0.00>
ST_5 : Operation 2434 [1/1] (1.45ns)   --->   "%add_ln58_837 = add i25 %mult_948, i25 %mult_958" [firmware/nnet_utils/nnet_dense_latency.h:58]   --->   Operation 2434 'add' 'add_ln58_837' <Predicate = true> <Delay = 1.45> <CoreInst = "Adder">   --->   Core 1 'Adder' <Latency = 0> <II = 1> <Delay = 1.45> <FuncUnit> <Opcode : 'add' 'sub'> <InPorts = 2> <OutPorts = 1>
ST_5 : Operation 2435 [1/1] (0.00ns)   --->   "%sext_ln58_521 = sext i25 %add_ln58_837" [firmware/nnet_utils/nnet_dense_latency.h:58]   --->   Operation 2435 'sext' 'sext_ln58_521' <Predicate = true> <Delay = 0.00>
ST_5 : Operation 2436 [1/1] (1.45ns)   --->   "%add_ln58_838 = add i26 %sext_ln58_521, i26 %sext_ln58_520" [firmware/nnet_utils/nnet_dense_latency.h:58]   --->   Operation 2436 'add' 'add_ln58_838' <Predicate = true> <Delay = 1.45> <CoreInst = "Adder">   --->   Core 1 'Adder' <Latency = 0> <II = 1> <Delay = 1.45> <FuncUnit> <Opcode : 'add' 'sub'> <InPorts = 2> <OutPorts = 1>
ST_5 : Operation 2437 [1/1] (1.45ns)   --->   "%add_ln58_841 = add i25 %mult_1013, i25 %mult_1042" [firmware/nnet_utils/nnet_dense_latency.h:58]   --->   Operation 2437 'add' 'add_ln58_841' <Predicate = true> <Delay = 1.45> <CoreInst = "Adder">   --->   Core 1 'Adder' <Latency = 0> <II = 1> <Delay = 1.45> <FuncUnit> <Opcode : 'add' 'sub'> <InPorts = 2> <OutPorts = 1>
ST_5 : Operation 2438 [1/1] (0.00ns)   --->   "%sext_ln58_524 = sext i25 %add_ln58_841" [firmware/nnet_utils/nnet_dense_latency.h:58]   --->   Operation 2438 'sext' 'sext_ln58_524' <Predicate = true> <Delay = 0.00>
ST_5 : Operation 2439 [1/1] (0.00ns) (grouped into TernaryAdder)   --->   "%add_ln58_842 = add i26 %sext_ln58_524, i26 %sext_ln17_170" [firmware/nnet_utils/nnet_dense_latency.h:58]   --->   Operation 2439 'add' 'add_ln58_842' <Predicate = true> <Delay = 0.00> <CoreInst = "TAddSub">   --->   Core 10 'TAddSub' <Latency = 0> <II = 1> <Delay = 0.53> <IPBlock> <Opcode : '' 'add' 'sub'> <InPorts = 3> <OutPorts = 1> <Sync> <CReg>
ST_5 : Operation 2440 [1/1] (0.00ns) (grouped into TernaryAdder)   --->   "%add_ln58_843 = add i25 %mult_1060, i25 %sext_ln17_157" [firmware/nnet_utils/nnet_dense_latency.h:58]   --->   Operation 2440 'add' 'add_ln58_843' <Predicate = true> <Delay = 0.00> <CoreInst = "TAddSub">   --->   Core 10 'TAddSub' <Latency = 0> <II = 1> <Delay = 0.53> <IPBlock> <Opcode : '' 'add' 'sub'> <InPorts = 3> <OutPorts = 1> <Sync> <CReg>
ST_5 : Operation 2441 [1/1] (1.44ns)   --->   "%add_ln58_844 = add i23 %mult_840, i23 %mult_986" [firmware/nnet_utils/nnet_dense_latency.h:58]   --->   Operation 2441 'add' 'add_ln58_844' <Predicate = true> <Delay = 1.44> <CoreInst = "Adder">   --->   Core 1 'Adder' <Latency = 0> <II = 1> <Delay = 1.44> <FuncUnit> <Opcode : 'add' 'sub'> <InPorts = 2> <OutPorts = 1>
ST_5 : Operation 2442 [1/1] (0.00ns)   --->   "%sext_ln58_525 = sext i23 %add_ln58_844" [firmware/nnet_utils/nnet_dense_latency.h:58]   --->   Operation 2442 'sext' 'sext_ln58_525' <Predicate = true> <Delay = 0.00>
ST_5 : Operation 2443 [1/1] (1.04ns) (root node of TernaryAdder)   --->   "%add_ln58_845 = add i25 %sext_ln58_525, i25 %add_ln58_843" [firmware/nnet_utils/nnet_dense_latency.h:58]   --->   Operation 2443 'add' 'add_ln58_845' <Predicate = true> <Delay = 1.04> <CoreInst = "TAddSub">   --->   Core 10 'TAddSub' <Latency = 0> <II = 1> <Delay = 0.53> <IPBlock> <Opcode : '' 'add' 'sub'> <InPorts = 3> <OutPorts = 1> <Sync> <CReg>
ST_5 : Operation 2444 [1/1] (0.00ns)   --->   "%sext_ln58_526 = sext i25 %add_ln58_845" [firmware/nnet_utils/nnet_dense_latency.h:58]   --->   Operation 2444 'sext' 'sext_ln58_526' <Predicate = true> <Delay = 0.00>
ST_5 : Operation 2445 [1/1] (1.04ns) (root node of TernaryAdder)   --->   "%add_ln58_846 = add i26 %sext_ln58_526, i26 %add_ln58_842" [firmware/nnet_utils/nnet_dense_latency.h:58]   --->   Operation 2445 'add' 'add_ln58_846' <Predicate = true> <Delay = 1.04> <CoreInst = "TAddSub">   --->   Core 10 'TAddSub' <Latency = 0> <II = 1> <Delay = 0.53> <IPBlock> <Opcode : '' 'add' 'sub'> <InPorts = 3> <OutPorts = 1> <Sync> <CReg>
ST_5 : Operation 2446 [1/1] (1.03ns) (root node of TernaryAdder)   --->   "%add_ln58_847 = add i23 %mult_1004, i23 %mult_1023" [firmware/nnet_utils/nnet_dense_latency.h:58]   --->   Operation 2446 'add' 'add_ln58_847' <Predicate = true> <Delay = 1.03> <CoreInst = "TAddSub">   --->   Core 10 'TAddSub' <Latency = 0> <II = 1> <Delay = 0.53> <IPBlock> <Opcode : '' 'add' 'sub'> <InPorts = 3> <OutPorts = 1> <Sync> <CReg>
ST_5 : Operation 2447 [1/1] (0.00ns)   --->   "%sext_ln58_528 = sext i23 %add_ln58_847" [firmware/nnet_utils/nnet_dense_latency.h:58]   --->   Operation 2447 'sext' 'sext_ln58_528' <Predicate = true> <Delay = 0.00>
ST_5 : Operation 2448 [1/1] (1.44ns)   --->   "%add_ln58_848 = add i24 %sext_ln58_528, i24 %sext_ln17_178" [firmware/nnet_utils/nnet_dense_latency.h:58]   --->   Operation 2448 'add' 'add_ln58_848' <Predicate = true> <Delay = 1.44> <CoreInst = "Adder">   --->   Core 1 'Adder' <Latency = 0> <II = 1> <Delay = 1.44> <FuncUnit> <Opcode : 'add' 'sub'> <InPorts = 2> <OutPorts = 1>
ST_5 : Operation 2449 [1/1] (1.44ns)   --->   "%add_ln58_849 = add i23 %mult_1052, i23 %sext_ln17_160" [firmware/nnet_utils/nnet_dense_latency.h:58]   --->   Operation 2449 'add' 'add_ln58_849' <Predicate = true> <Delay = 1.44> <CoreInst = "Adder">   --->   Core 1 'Adder' <Latency = 0> <II = 1> <Delay = 1.44> <FuncUnit> <Opcode : 'add' 'sub'> <InPorts = 2> <OutPorts = 1>
ST_5 : Operation 2450 [1/1] (0.00ns)   --->   "%sext_ln58_530 = sext i23 %add_ln58_849" [firmware/nnet_utils/nnet_dense_latency.h:58]   --->   Operation 2450 'sext' 'sext_ln58_530' <Predicate = true> <Delay = 0.00>
ST_5 : Operation 2451 [1/1] (1.02ns) (root node of TernaryAdder)   --->   "%add_ln58_850 = add i22 %mult_976, i22 %sext_ln17_162" [firmware/nnet_utils/nnet_dense_latency.h:58]   --->   Operation 2451 'add' 'add_ln58_850' <Predicate = true> <Delay = 1.02> <CoreInst = "TAddSub">   --->   Core 10 'TAddSub' <Latency = 0> <II = 1> <Delay = 0.53> <IPBlock> <Opcode : '' 'add' 'sub'> <InPorts = 3> <OutPorts = 1> <Sync> <CReg>
ST_5 : Operation 2452 [1/1] (0.00ns)   --->   "%sext_ln58_531 = sext i22 %add_ln58_850" [firmware/nnet_utils/nnet_dense_latency.h:58]   --->   Operation 2452 'sext' 'sext_ln58_531' <Predicate = true> <Delay = 0.00>
ST_5 : Operation 2453 [1/1] (1.44ns)   --->   "%add_ln58_851 = add i24 %sext_ln58_531, i24 %sext_ln58_530" [firmware/nnet_utils/nnet_dense_latency.h:58]   --->   Operation 2453 'add' 'add_ln58_851' <Predicate = true> <Delay = 1.44> <CoreInst = "Adder">   --->   Core 1 'Adder' <Latency = 0> <II = 1> <Delay = 1.44> <FuncUnit> <Opcode : 'add' 'sub'> <InPorts = 2> <OutPorts = 1>
ST_5 : Operation 2454 [1/1] (1.45ns)   --->   "%add_ln58_858 = add i25 %mult_823, i25 %mult_832" [firmware/nnet_utils/nnet_dense_latency.h:58]   --->   Operation 2454 'add' 'add_ln58_858' <Predicate = true> <Delay = 1.45> <CoreInst = "Adder">   --->   Core 1 'Adder' <Latency = 0> <II = 1> <Delay = 1.45> <FuncUnit> <Opcode : 'add' 'sub'> <InPorts = 2> <OutPorts = 1>
ST_5 : Operation 2455 [1/1] (0.00ns)   --->   "%sext_ln58_536 = sext i25 %add_ln58_858" [firmware/nnet_utils/nnet_dense_latency.h:58]   --->   Operation 2455 'sext' 'sext_ln58_536' <Predicate = true> <Delay = 0.00>
ST_5 : Operation 2456 [1/1] (0.00ns) (grouped into TernaryAdder)   --->   "%add_ln58_859 = add i25 %mult_920, i25 %mult_930" [firmware/nnet_utils/nnet_dense_latency.h:58]   --->   Operation 2456 'add' 'add_ln58_859' <Predicate = true> <Delay = 0.00> <CoreInst = "TAddSub">   --->   Core 10 'TAddSub' <Latency = 0> <II = 1> <Delay = 0.53> <IPBlock> <Opcode : '' 'add' 'sub'> <InPorts = 3> <OutPorts = 1> <Sync> <CReg>
ST_5 : Operation 2457 [1/1] (1.04ns) (root node of TernaryAdder)   --->   "%add_ln58_860 = add i25 %add_ln58_859, i25 %mult_880" [firmware/nnet_utils/nnet_dense_latency.h:58]   --->   Operation 2457 'add' 'add_ln58_860' <Predicate = true> <Delay = 1.04> <CoreInst = "TAddSub">   --->   Core 10 'TAddSub' <Latency = 0> <II = 1> <Delay = 0.53> <IPBlock> <Opcode : '' 'add' 'sub'> <InPorts = 3> <OutPorts = 1> <Sync> <CReg>
ST_5 : Operation 2458 [1/1] (0.00ns)   --->   "%sext_ln58_537 = sext i25 %add_ln58_860" [firmware/nnet_utils/nnet_dense_latency.h:58]   --->   Operation 2458 'sext' 'sext_ln58_537' <Predicate = true> <Delay = 0.00>
ST_5 : Operation 2459 [1/1] (1.45ns)   --->   "%add_ln58_861 = add i26 %sext_ln58_537, i26 %sext_ln58_536" [firmware/nnet_utils/nnet_dense_latency.h:58]   --->   Operation 2459 'add' 'add_ln58_861' <Predicate = true> <Delay = 1.45> <CoreInst = "Adder">   --->   Core 1 'Adder' <Latency = 0> <II = 1> <Delay = 1.45> <FuncUnit> <Opcode : 'add' 'sub'> <InPorts = 2> <OutPorts = 1>
ST_5 : Operation 2460 [1/1] (1.45ns)   --->   "%add_ln58_863 = add i25 %mult_939, i25 %mult_949" [firmware/nnet_utils/nnet_dense_latency.h:58]   --->   Operation 2460 'add' 'add_ln58_863' <Predicate = true> <Delay = 1.45> <CoreInst = "Adder">   --->   Core 1 'Adder' <Latency = 0> <II = 1> <Delay = 1.45> <FuncUnit> <Opcode : 'add' 'sub'> <InPorts = 2> <OutPorts = 1>
ST_5 : Operation 2461 [1/1] (0.00ns)   --->   "%sext_ln58_539 = sext i25 %add_ln58_863" [firmware/nnet_utils/nnet_dense_latency.h:58]   --->   Operation 2461 'sext' 'sext_ln58_539' <Predicate = true> <Delay = 0.00>
ST_5 : Operation 2462 [1/1] (1.45ns)   --->   "%add_ln58_864 = add i25 %mult_959, i25 %mult_996" [firmware/nnet_utils/nnet_dense_latency.h:58]   --->   Operation 2462 'add' 'add_ln58_864' <Predicate = true> <Delay = 1.45> <CoreInst = "Adder">   --->   Core 1 'Adder' <Latency = 0> <II = 1> <Delay = 1.45> <FuncUnit> <Opcode : 'add' 'sub'> <InPorts = 2> <OutPorts = 1>
ST_5 : Operation 2463 [1/1] (0.00ns)   --->   "%sext_ln58_540 = sext i25 %add_ln58_864" [firmware/nnet_utils/nnet_dense_latency.h:58]   --->   Operation 2463 'sext' 'sext_ln58_540' <Predicate = true> <Delay = 0.00>
ST_5 : Operation 2464 [1/1] (1.45ns)   --->   "%add_ln58_865 = add i26 %sext_ln58_540, i26 %sext_ln58_539" [firmware/nnet_utils/nnet_dense_latency.h:58]   --->   Operation 2464 'add' 'add_ln58_865' <Predicate = true> <Delay = 1.45> <CoreInst = "Adder">   --->   Core 1 'Adder' <Latency = 0> <II = 1> <Delay = 1.45> <FuncUnit> <Opcode : 'add' 'sub'> <InPorts = 2> <OutPorts = 1>
ST_5 : Operation 2465 [1/1] (0.00ns) (grouped into TernaryAdder)   --->   "%add_ln58_867 = add i25 %sext_ln17_130, i25 %sext_ln17_133" [firmware/nnet_utils/nnet_dense_latency.h:58]   --->   Operation 2465 'add' 'add_ln58_867' <Predicate = true> <Delay = 0.00> <CoreInst = "TAddSub">   --->   Core 10 'TAddSub' <Latency = 0> <II = 1> <Delay = 0.53> <IPBlock> <Opcode : '' 'add' 'sub'> <InPorts = 3> <OutPorts = 1> <Sync> <CReg>
ST_5 : Operation 2466 [1/1] (1.04ns) (root node of TernaryAdder)   --->   "%add_ln58_868 = add i25 %add_ln58_867, i25 %sext_ln17_127" [firmware/nnet_utils/nnet_dense_latency.h:58]   --->   Operation 2466 'add' 'add_ln58_868' <Predicate = true> <Delay = 1.04> <CoreInst = "TAddSub">   --->   Core 10 'TAddSub' <Latency = 0> <II = 1> <Delay = 0.53> <IPBlock> <Opcode : '' 'add' 'sub'> <InPorts = 3> <OutPorts = 1> <Sync> <CReg>
ST_5 : Operation 2467 [1/1] (1.45ns)   --->   "%add_ln58_872 = add i24 %mult_815, i24 %mult_841" [firmware/nnet_utils/nnet_dense_latency.h:58]   --->   Operation 2467 'add' 'add_ln58_872' <Predicate = true> <Delay = 1.45> <CoreInst = "Adder">   --->   Core 1 'Adder' <Latency = 0> <II = 1> <Delay = 1.45> <FuncUnit> <Opcode : 'add' 'sub'> <InPorts = 2> <OutPorts = 1>
ST_5 : Operation 2468 [1/1] (0.00ns)   --->   "%sext_ln58_546 = sext i24 %add_ln58_872" [firmware/nnet_utils/nnet_dense_latency.h:58]   --->   Operation 2468 'sext' 'sext_ln58_546' <Predicate = true> <Delay = 0.00>
ST_5 : Operation 2469 [1/1] (1.45ns)   --->   "%add_ln58_873 = add i24 %mult_870, i24 %mult_890" [firmware/nnet_utils/nnet_dense_latency.h:58]   --->   Operation 2469 'add' 'add_ln58_873' <Predicate = true> <Delay = 1.45> <CoreInst = "Adder">   --->   Core 1 'Adder' <Latency = 0> <II = 1> <Delay = 1.45> <FuncUnit> <Opcode : 'add' 'sub'> <InPorts = 2> <OutPorts = 1>
ST_5 : Operation 2470 [1/1] (0.00ns)   --->   "%sext_ln58_547 = sext i24 %add_ln58_873" [firmware/nnet_utils/nnet_dense_latency.h:58]   --->   Operation 2470 'sext' 'sext_ln58_547' <Predicate = true> <Delay = 0.00>
ST_5 : Operation 2471 [1/1] (1.45ns)   --->   "%add_ln58_874 = add i25 %sext_ln58_547, i25 %sext_ln58_546" [firmware/nnet_utils/nnet_dense_latency.h:58]   --->   Operation 2471 'add' 'add_ln58_874' <Predicate = true> <Delay = 1.45> <CoreInst = "Adder">   --->   Core 1 'Adder' <Latency = 0> <II = 1> <Delay = 1.45> <FuncUnit> <Opcode : 'add' 'sub'> <InPorts = 2> <OutPorts = 1>
ST_5 : Operation 2472 [1/1] (1.45ns)   --->   "%add_ln58_875 = add i24 %mult_910, i24 %mult_1061" [firmware/nnet_utils/nnet_dense_latency.h:58]   --->   Operation 2472 'add' 'add_ln58_875' <Predicate = true> <Delay = 1.45> <CoreInst = "Adder">   --->   Core 1 'Adder' <Latency = 0> <II = 1> <Delay = 1.45> <FuncUnit> <Opcode : 'add' 'sub'> <InPorts = 2> <OutPorts = 1>
ST_5 : Operation 2473 [1/1] (1.03ns) (root node of TernaryAdder)   --->   "%add_ln58_876 = add i23 %mult_977, i23 %mult_987" [firmware/nnet_utils/nnet_dense_latency.h:58]   --->   Operation 2473 'add' 'add_ln58_876' <Predicate = true> <Delay = 1.03> <CoreInst = "TAddSub">   --->   Core 10 'TAddSub' <Latency = 0> <II = 1> <Delay = 0.53> <IPBlock> <Opcode : '' 'add' 'sub'> <InPorts = 3> <OutPorts = 1> <Sync> <CReg>
ST_5 : Operation 2474 [1/1] (0.00ns)   --->   "%sext_ln58_550 = sext i23 %add_ln58_876" [firmware/nnet_utils/nnet_dense_latency.h:58]   --->   Operation 2474 'sext' 'sext_ln58_550' <Predicate = true> <Delay = 0.00>
ST_5 : Operation 2475 [1/1] (1.44ns)   --->   "%add_ln58_877 = add i24 %sext_ln58_550, i24 %sext_ln17_111" [firmware/nnet_utils/nnet_dense_latency.h:58]   --->   Operation 2475 'add' 'add_ln58_877' <Predicate = true> <Delay = 1.44> <CoreInst = "Adder">   --->   Core 1 'Adder' <Latency = 0> <II = 1> <Delay = 1.44> <FuncUnit> <Opcode : 'add' 'sub'> <InPorts = 2> <OutPorts = 1>
ST_5 : Operation 2476 [1/1] (1.03ns) (root node of TernaryAdder)   --->   "%add_ln58_880 = add i23 %mult_1014, i23 %mult_1024" [firmware/nnet_utils/nnet_dense_latency.h:58]   --->   Operation 2476 'add' 'add_ln58_880' <Predicate = true> <Delay = 1.03> <CoreInst = "TAddSub">   --->   Core 10 'TAddSub' <Latency = 0> <II = 1> <Delay = 0.53> <IPBlock> <Opcode : '' 'add' 'sub'> <InPorts = 3> <OutPorts = 1> <Sync> <CReg>
ST_5 : Operation 2477 [1/1] (0.00ns)   --->   "%sext_ln58_554 = sext i23 %add_ln58_880" [firmware/nnet_utils/nnet_dense_latency.h:58]   --->   Operation 2477 'sext' 'sext_ln58_554' <Predicate = true> <Delay = 0.00>
ST_5 : Operation 2478 [1/1] (1.02ns) (root node of TernaryAdder)   --->   "%add_ln58_881 = add i22 %mult_851, i22 %mult_860" [firmware/nnet_utils/nnet_dense_latency.h:58]   --->   Operation 2478 'add' 'add_ln58_881' <Predicate = true> <Delay = 1.02> <CoreInst = "TAddSub">   --->   Core 10 'TAddSub' <Latency = 0> <II = 1> <Delay = 0.53> <IPBlock> <Opcode : '' 'add' 'sub'> <InPorts = 3> <OutPorts = 1> <Sync> <CReg>
ST_5 : Operation 2479 [1/1] (0.00ns)   --->   "%sext_ln58_555 = sext i22 %add_ln58_881" [firmware/nnet_utils/nnet_dense_latency.h:58]   --->   Operation 2479 'sext' 'sext_ln58_555' <Predicate = true> <Delay = 0.00>
ST_5 : Operation 2480 [1/1] (1.44ns)   --->   "%add_ln58_882 = add i24 %sext_ln58_555, i24 %sext_ln58_554" [firmware/nnet_utils/nnet_dense_latency.h:58]   --->   Operation 2480 'add' 'add_ln58_882' <Predicate = true> <Delay = 1.44> <CoreInst = "Adder">   --->   Core 1 'Adder' <Latency = 0> <II = 1> <Delay = 1.44> <FuncUnit> <Opcode : 'add' 'sub'> <InPorts = 2> <OutPorts = 1>
ST_5 : Operation 2481 [1/1] (0.00ns) (grouped into TernaryAdder)   --->   "%add_ln58_883 = add i23 %sext_ln17_171, i23 %sext_ln17_189" [firmware/nnet_utils/nnet_dense_latency.h:58]   --->   Operation 2481 'add' 'add_ln58_883' <Predicate = true> <Delay = 0.00> <CoreInst = "TAddSub">   --->   Core 10 'TAddSub' <Latency = 0> <II = 1> <Delay = 0.53> <IPBlock> <Opcode : '' 'add' 'sub'> <InPorts = 3> <OutPorts = 1> <Sync> <CReg>
ST_5 : Operation 2482 [1/1] (1.42ns)   --->   "%sub_ln58_4 = sub i18 %sext_ln17_124, i18 %sext_ln73_422" [firmware/nnet_utils/nnet_dense_latency.h:58]   --->   Operation 2482 'sub' 'sub_ln58_4' <Predicate = true> <Delay = 1.42> <CoreInst = "Adder">   --->   Core 1 'Adder' <Latency = 0> <II = 1> <Delay = 1.42> <FuncUnit> <Opcode : 'add' 'sub'> <InPorts = 2> <OutPorts = 1>
ST_5 : Operation 2483 [1/1] (0.00ns)   --->   "%sext_ln58_557 = sext i18 %sub_ln58_4" [firmware/nnet_utils/nnet_dense_latency.h:58]   --->   Operation 2483 'sext' 'sext_ln58_557' <Predicate = true> <Delay = 0.00>
ST_5 : Operation 2484 [1/1] (1.02ns) (root node of TernaryAdder)   --->   "%add_ln58_884 = add i21 %sext_ln58_557, i21 %mult_900" [firmware/nnet_utils/nnet_dense_latency.h:58]   --->   Operation 2484 'add' 'add_ln58_884' <Predicate = true> <Delay = 1.02> <CoreInst = "TAddSub">   --->   Core 10 'TAddSub' <Latency = 0> <II = 1> <Delay = 0.53> <IPBlock> <Opcode : '' 'add' 'sub'> <InPorts = 3> <OutPorts = 1> <Sync> <CReg>
ST_5 : Operation 2485 [1/1] (0.00ns)   --->   "%sext_ln58_558 = sext i21 %add_ln58_884" [firmware/nnet_utils/nnet_dense_latency.h:58]   --->   Operation 2485 'sext' 'sext_ln58_558' <Predicate = true> <Delay = 0.00>
ST_5 : Operation 2486 [1/1] (1.03ns) (root node of TernaryAdder)   --->   "%add_ln58_885 = add i23 %sext_ln58_558, i23 %add_ln58_883" [firmware/nnet_utils/nnet_dense_latency.h:58]   --->   Operation 2486 'add' 'add_ln58_885' <Predicate = true> <Delay = 1.03> <CoreInst = "TAddSub">   --->   Core 10 'TAddSub' <Latency = 0> <II = 1> <Delay = 0.53> <IPBlock> <Opcode : '' 'add' 'sub'> <InPorts = 3> <OutPorts = 1> <Sync> <CReg>
ST_5 : Operation 2487 [1/1] (1.45ns)   --->   "%add_ln58_891 = add i24 %mul_ln17_28, i24 %mult_1015" [firmware/nnet_utils/nnet_dense_latency.h:58]   --->   Operation 2487 'add' 'add_ln58_891' <Predicate = true> <Delay = 1.45> <CoreInst = "Adder">   --->   Core 1 'Adder' <Latency = 0> <II = 1> <Delay = 1.45> <FuncUnit> <Opcode : 'add' 'sub'> <InPorts = 2> <OutPorts = 1>
ST_5 : Operation 2488 [1/1] (1.45ns)   --->   "%add_ln58_896 = add i25 %mult_730, i25 %mult_740" [firmware/nnet_utils/nnet_dense_latency.h:58]   --->   Operation 2488 'add' 'add_ln58_896' <Predicate = true> <Delay = 1.45> <CoreInst = "Adder">   --->   Core 1 'Adder' <Latency = 0> <II = 1> <Delay = 1.45> <FuncUnit> <Opcode : 'add' 'sub'> <InPorts = 2> <OutPorts = 1>
ST_5 : Operation 2489 [1/1] (1.45ns)   --->   "%add_ln58_898 = add i25 %mult_760, i25 %mult_780" [firmware/nnet_utils/nnet_dense_latency.h:58]   --->   Operation 2489 'add' 'add_ln58_898' <Predicate = true> <Delay = 1.45> <CoreInst = "Adder">   --->   Core 1 'Adder' <Latency = 0> <II = 1> <Delay = 1.45> <FuncUnit> <Opcode : 'add' 'sub'> <InPorts = 2> <OutPorts = 1>
ST_5 : Operation 2490 [1/1] (0.00ns)   --->   "%sext_ln58_567 = sext i25 %add_ln58_898" [firmware/nnet_utils/nnet_dense_latency.h:58]   --->   Operation 2490 'sext' 'sext_ln58_567' <Predicate = true> <Delay = 0.00>
ST_5 : Operation 2491 [1/1] (1.45ns)   --->   "%add_ln58_899 = add i25 %mult_833, i25 %mult_892" [firmware/nnet_utils/nnet_dense_latency.h:58]   --->   Operation 2491 'add' 'add_ln58_899' <Predicate = true> <Delay = 1.45> <CoreInst = "Adder">   --->   Core 1 'Adder' <Latency = 0> <II = 1> <Delay = 1.45> <FuncUnit> <Opcode : 'add' 'sub'> <InPorts = 2> <OutPorts = 1>
ST_5 : Operation 2492 [1/1] (0.00ns)   --->   "%sext_ln58_568 = sext i25 %add_ln58_899" [firmware/nnet_utils/nnet_dense_latency.h:58]   --->   Operation 2492 'sext' 'sext_ln58_568' <Predicate = true> <Delay = 0.00>
ST_5 : Operation 2493 [1/1] (0.00ns) (grouped into TernaryAdder)   --->   "%add_ln58_900 = add i26 %sext_ln58_568, i26 %sext_ln17_131" [firmware/nnet_utils/nnet_dense_latency.h:58]   --->   Operation 2493 'add' 'add_ln58_900' <Predicate = true> <Delay = 0.00> <CoreInst = "TAddSub">   --->   Core 10 'TAddSub' <Latency = 0> <II = 1> <Delay = 0.53> <IPBlock> <Opcode : '' 'add' 'sub'> <InPorts = 3> <OutPorts = 1> <Sync> <CReg>
ST_5 : Operation 2494 [1/1] (1.04ns) (root node of TernaryAdder)   --->   "%add_ln58_901 = add i26 %add_ln58_900, i26 %sext_ln58_567" [firmware/nnet_utils/nnet_dense_latency.h:58]   --->   Operation 2494 'add' 'add_ln58_901' <Predicate = true> <Delay = 1.04> <CoreInst = "TAddSub">   --->   Core 10 'TAddSub' <Latency = 0> <II = 1> <Delay = 0.53> <IPBlock> <Opcode : '' 'add' 'sub'> <InPorts = 3> <OutPorts = 1> <Sync> <CReg>
ST_5 : Operation 2495 [1/1] (1.45ns)   --->   "%add_ln58_903 = add i25 %mult_902, i25 %mult_912" [firmware/nnet_utils/nnet_dense_latency.h:58]   --->   Operation 2495 'add' 'add_ln58_903' <Predicate = true> <Delay = 1.45> <CoreInst = "Adder">   --->   Core 1 'Adder' <Latency = 0> <II = 1> <Delay = 1.45> <FuncUnit> <Opcode : 'add' 'sub'> <InPorts = 2> <OutPorts = 1>
ST_5 : Operation 2496 [1/1] (0.00ns)   --->   "%sext_ln58_570 = sext i25 %add_ln58_903" [firmware/nnet_utils/nnet_dense_latency.h:58]   --->   Operation 2496 'sext' 'sext_ln58_570' <Predicate = true> <Delay = 0.00>
ST_5 : Operation 2497 [1/1] (1.45ns)   --->   "%add_ln58_904 = add i25 %mult_931, i25 %mult_951" [firmware/nnet_utils/nnet_dense_latency.h:58]   --->   Operation 2497 'add' 'add_ln58_904' <Predicate = true> <Delay = 1.45> <CoreInst = "Adder">   --->   Core 1 'Adder' <Latency = 0> <II = 1> <Delay = 1.45> <FuncUnit> <Opcode : 'add' 'sub'> <InPorts = 2> <OutPorts = 1>
ST_5 : Operation 2498 [1/1] (0.00ns)   --->   "%sext_ln58_571 = sext i25 %add_ln58_904" [firmware/nnet_utils/nnet_dense_latency.h:58]   --->   Operation 2498 'sext' 'sext_ln58_571' <Predicate = true> <Delay = 0.00>
ST_5 : Operation 2499 [1/1] (1.45ns)   --->   "%add_ln58_905 = add i26 %sext_ln58_571, i26 %sext_ln58_570" [firmware/nnet_utils/nnet_dense_latency.h:58]   --->   Operation 2499 'add' 'add_ln58_905' <Predicate = true> <Delay = 1.45> <CoreInst = "Adder">   --->   Core 1 'Adder' <Latency = 0> <II = 1> <Delay = 1.45> <FuncUnit> <Opcode : 'add' 'sub'> <InPorts = 2> <OutPorts = 1>
ST_5 : Operation 2500 [1/1] (1.45ns)   --->   "%add_ln58_907 = add i24 %mult_808, i24 %mult_872" [firmware/nnet_utils/nnet_dense_latency.h:58]   --->   Operation 2500 'add' 'add_ln58_907' <Predicate = true> <Delay = 1.45> <CoreInst = "Adder">   --->   Core 1 'Adder' <Latency = 0> <II = 1> <Delay = 1.45> <FuncUnit> <Opcode : 'add' 'sub'> <InPorts = 2> <OutPorts = 1>
ST_5 : Operation 2501 [1/1] (1.03ns) (root node of TernaryAdder)   --->   "%add_ln58_912 = add i24 %mult_922, i24 %mult_941" [firmware/nnet_utils/nnet_dense_latency.h:58]   --->   Operation 2501 'add' 'add_ln58_912' <Predicate = true> <Delay = 1.03> <CoreInst = "TAddSub">   --->   Core 10 'TAddSub' <Latency = 0> <II = 1> <Delay = 0.53> <IPBlock> <Opcode : '' 'add' 'sub'> <InPorts = 3> <OutPorts = 1> <Sync> <CReg>
ST_5 : Operation 2502 [1/1] (0.00ns)   --->   "%sext_ln58_578 = sext i24 %add_ln58_912" [firmware/nnet_utils/nnet_dense_latency.h:58]   --->   Operation 2502 'sext' 'sext_ln58_578' <Predicate = true> <Delay = 0.00>
ST_5 : Operation 2503 [1/1] (1.03ns) (root node of TernaryAdder)   --->   "%add_ln58_913 = add i24 %mult_979, i24 %mult_1025" [firmware/nnet_utils/nnet_dense_latency.h:58]   --->   Operation 2503 'add' 'add_ln58_913' <Predicate = true> <Delay = 1.03> <CoreInst = "TAddSub">   --->   Core 10 'TAddSub' <Latency = 0> <II = 1> <Delay = 0.53> <IPBlock> <Opcode : '' 'add' 'sub'> <InPorts = 3> <OutPorts = 1> <Sync> <CReg>
ST_5 : Operation 2504 [1/1] (0.00ns)   --->   "%sext_ln58_579 = sext i24 %add_ln58_913" [firmware/nnet_utils/nnet_dense_latency.h:58]   --->   Operation 2504 'sext' 'sext_ln58_579' <Predicate = true> <Delay = 0.00>
ST_5 : Operation 2505 [1/1] (1.45ns)   --->   "%add_ln58_914 = add i25 %sext_ln58_579, i25 %sext_ln58_578" [firmware/nnet_utils/nnet_dense_latency.h:58]   --->   Operation 2505 'add' 'add_ln58_914' <Predicate = true> <Delay = 1.45> <CoreInst = "Adder">   --->   Core 1 'Adder' <Latency = 0> <II = 1> <Delay = 1.45> <FuncUnit> <Opcode : 'add' 'sub'> <InPorts = 2> <OutPorts = 1>
ST_5 : Operation 2506 [1/1] (1.03ns) (root node of TernaryAdder)   --->   "%add_ln58_915 = add i24 %mult_1045, i24 %mult_1063" [firmware/nnet_utils/nnet_dense_latency.h:58]   --->   Operation 2506 'add' 'add_ln58_915' <Predicate = true> <Delay = 1.03> <CoreInst = "TAddSub">   --->   Core 10 'TAddSub' <Latency = 0> <II = 1> <Delay = 0.53> <IPBlock> <Opcode : '' 'add' 'sub'> <InPorts = 3> <OutPorts = 1> <Sync> <CReg>
ST_5 : Operation 2507 [1/1] (1.44ns)   --->   "%add_ln58_916 = add i23 %mult_790, i23 %mult_816" [firmware/nnet_utils/nnet_dense_latency.h:58]   --->   Operation 2507 'add' 'add_ln58_916' <Predicate = true> <Delay = 1.44> <CoreInst = "Adder">   --->   Core 1 'Adder' <Latency = 0> <II = 1> <Delay = 1.44> <FuncUnit> <Opcode : 'add' 'sub'> <InPorts = 2> <OutPorts = 1>
ST_5 : Operation 2508 [1/1] (0.00ns)   --->   "%sext_ln58_582 = sext i23 %add_ln58_916" [firmware/nnet_utils/nnet_dense_latency.h:58]   --->   Operation 2508 'sext' 'sext_ln58_582' <Predicate = true> <Delay = 0.00>
ST_5 : Operation 2509 [1/1] (1.44ns)   --->   "%add_ln58_917 = add i24 %sext_ln58_582, i24 %sext_ln17_119" [firmware/nnet_utils/nnet_dense_latency.h:58]   --->   Operation 2509 'add' 'add_ln58_917' <Predicate = true> <Delay = 1.44> <CoreInst = "Adder">   --->   Core 1 'Adder' <Latency = 0> <II = 1> <Delay = 1.44> <FuncUnit> <Opcode : 'add' 'sub'> <InPorts = 2> <OutPorts = 1>
ST_5 : Operation 2510 [1/1] (1.03ns) (root node of TernaryAdder)   --->   "%add_ln58_920 = add i23 %mult_843, i23 %mult_853" [firmware/nnet_utils/nnet_dense_latency.h:58]   --->   Operation 2510 'add' 'add_ln58_920' <Predicate = true> <Delay = 1.03> <CoreInst = "TAddSub">   --->   Core 10 'TAddSub' <Latency = 0> <II = 1> <Delay = 0.53> <IPBlock> <Opcode : '' 'add' 'sub'> <InPorts = 3> <OutPorts = 1> <Sync> <CReg>
ST_5 : Operation 2511 [1/1] (1.03ns) (root node of TernaryAdder)   --->   "%add_ln58_921 = add i23 %mult_882, i23 %mult_1054" [firmware/nnet_utils/nnet_dense_latency.h:58]   --->   Operation 2511 'add' 'add_ln58_921' <Predicate = true> <Delay = 1.03> <CoreInst = "TAddSub">   --->   Core 10 'TAddSub' <Latency = 0> <II = 1> <Delay = 0.53> <IPBlock> <Opcode : '' 'add' 'sub'> <InPorts = 3> <OutPorts = 1> <Sync> <CReg>
ST_5 : Operation 2512 [1/1] (0.00ns)   --->   "%sext_ln58_587 = sext i23 %add_ln58_921" [firmware/nnet_utils/nnet_dense_latency.h:58]   --->   Operation 2512 'sext' 'sext_ln58_587' <Predicate = true> <Delay = 0.00>
ST_5 : Operation 2513 [1/1] (1.44ns)   --->   "%add_ln58_922 = add i24 %sext_ln58_587, i24 %sext_ln17_146" [firmware/nnet_utils/nnet_dense_latency.h:58]   --->   Operation 2513 'add' 'add_ln58_922' <Predicate = true> <Delay = 1.44> <CoreInst = "Adder">   --->   Core 1 'Adder' <Latency = 0> <II = 1> <Delay = 1.44> <FuncUnit> <Opcode : 'add' 'sub'> <InPorts = 2> <OutPorts = 1>
ST_5 : Operation 2514 [1/1] (1.44ns)   --->   "%add_ln58_924 = add i22 %mult_961, i22 %mult_989" [firmware/nnet_utils/nnet_dense_latency.h:58]   --->   Operation 2514 'add' 'add_ln58_924' <Predicate = true> <Delay = 1.44> <CoreInst = "Adder">   --->   Core 1 'Adder' <Latency = 0> <II = 1> <Delay = 1.44> <FuncUnit> <Opcode : 'add' 'sub'> <InPorts = 2> <OutPorts = 1>
ST_5 : Operation 2515 [1/1] (1.43ns)   --->   "%add_ln58_925 = add i20 %sext_ln17_172, i20 %sext_ln17_184" [firmware/nnet_utils/nnet_dense_latency.h:58]   --->   Operation 2515 'add' 'add_ln58_925' <Predicate = true> <Delay = 1.43> <CoreInst = "Adder">   --->   Core 1 'Adder' <Latency = 0> <II = 1> <Delay = 1.43> <FuncUnit> <Opcode : 'add' 'sub'> <InPorts = 2> <OutPorts = 1>
ST_5 : Operation 2516 [1/1] (0.00ns)   --->   "%sext_ln58_590 = sext i20 %add_ln58_925" [firmware/nnet_utils/nnet_dense_latency.h:58]   --->   Operation 2516 'sext' 'sext_ln58_590' <Predicate = true> <Delay = 0.00>
ST_5 : Operation 2517 [1/1] (1.43ns)   --->   "%sub_ln58_5 = sub i21 %sext_ln58_590, i21 %sext_ln73_351" [firmware/nnet_utils/nnet_dense_latency.h:58]   --->   Operation 2517 'sub' 'sub_ln58_5' <Predicate = true> <Delay = 1.43> <CoreInst = "Adder">   --->   Core 1 'Adder' <Latency = 0> <II = 1> <Delay = 1.43> <FuncUnit> <Opcode : 'add' 'sub'> <InPorts = 2> <OutPorts = 1>
ST_5 : Operation 2518 [1/1] (0.00ns)   --->   "%sext_ln58_595 = sext i25 %add_ln58_930" [firmware/nnet_utils/nnet_dense_latency.h:58]   --->   Operation 2518 'sext' 'sext_ln58_595' <Predicate = true> <Delay = 0.00>
ST_5 : Operation 2519 [1/1] (1.46ns)   --->   "%add_ln58_931 = add i27 %sext_ln58_595, i27 %sext_ln58_153" [firmware/nnet_utils/nnet_dense_latency.h:58]   --->   Operation 2519 'add' 'add_ln58_931' <Predicate = true> <Delay = 1.46> <CoreInst = "Adder">   --->   Core 1 'Adder' <Latency = 0> <II = 1> <Delay = 1.46> <FuncUnit> <Opcode : 'add' 'sub'> <InPorts = 2> <OutPorts = 1>
ST_5 : Operation 2520 [1/1] (0.00ns)   --->   "%sext_ln58_597 = sext i25 %add_ln58_934" [firmware/nnet_utils/nnet_dense_latency.h:58]   --->   Operation 2520 'sext' 'sext_ln58_597' <Predicate = true> <Delay = 0.00>
ST_5 : Operation 2521 [1/1] (0.00ns) (grouped into TernaryAdder)   --->   "%add_ln58_935 = add i27 %sext_ln58_597, i27 %add_ln58_931" [firmware/nnet_utils/nnet_dense_latency.h:58]   --->   Operation 2521 'add' 'add_ln58_935' <Predicate = true> <Delay = 0.00> <CoreInst = "TAddSub">   --->   Core 10 'TAddSub' <Latency = 0> <II = 1> <Delay = 0.53> <IPBlock> <Opcode : '' 'add' 'sub'> <InPorts = 3> <OutPorts = 1> <Sync> <CReg>
ST_5 : Operation 2522 [1/1] (0.00ns)   --->   "%sext_ln58_600 = sext i24 %add_ln58_938" [firmware/nnet_utils/nnet_dense_latency.h:58]   --->   Operation 2522 'sext' 'sext_ln58_600' <Predicate = true> <Delay = 0.00>
ST_5 : Operation 2523 [1/1] (0.00ns)   --->   "%sext_ln58_603 = sext i23 %add_ln58_941" [firmware/nnet_utils/nnet_dense_latency.h:58]   --->   Operation 2523 'sext' 'sext_ln58_603' <Predicate = true> <Delay = 0.00>
ST_5 : Operation 2524 [1/1] (1.45ns)   --->   "%add_ln58_942 = add i25 %sext_ln58_603, i25 %sext_ln58_600" [firmware/nnet_utils/nnet_dense_latency.h:58]   --->   Operation 2524 'add' 'add_ln58_942' <Predicate = true> <Delay = 1.45> <CoreInst = "Adder">   --->   Core 1 'Adder' <Latency = 0> <II = 1> <Delay = 1.45> <FuncUnit> <Opcode : 'add' 'sub'> <InPorts = 2> <OutPorts = 1>
ST_5 : Operation 2525 [1/1] (0.00ns)   --->   "%sext_ln58_604 = sext i25 %add_ln58_942" [firmware/nnet_utils/nnet_dense_latency.h:58]   --->   Operation 2525 'sext' 'sext_ln58_604' <Predicate = true> <Delay = 0.00>
ST_5 : Operation 2526 [1/1] (1.05ns) (root node of TernaryAdder)   --->   "%add_ln58_943 = add i27 %sext_ln58_604, i27 %add_ln58_935" [firmware/nnet_utils/nnet_dense_latency.h:58]   --->   Operation 2526 'add' 'add_ln58_943' <Predicate = true> <Delay = 1.05> <CoreInst = "TAddSub">   --->   Core 10 'TAddSub' <Latency = 0> <II = 1> <Delay = 0.53> <IPBlock> <Opcode : '' 'add' 'sub'> <InPorts = 3> <OutPorts = 1> <Sync> <CReg>
ST_5 : Operation 2527 [1/1] (1.45ns)   --->   "%add_ln58_944 = add i25 %mult_633, i25 %mult_663" [firmware/nnet_utils/nnet_dense_latency.h:58]   --->   Operation 2527 'add' 'add_ln58_944' <Predicate = true> <Delay = 1.45> <CoreInst = "Adder">   --->   Core 1 'Adder' <Latency = 0> <II = 1> <Delay = 1.45> <FuncUnit> <Opcode : 'add' 'sub'> <InPorts = 2> <OutPorts = 1>
ST_5 : Operation 2528 [1/1] (1.45ns)   --->   "%add_ln58_946 = add i25 %mult_761, i25 %mult_781" [firmware/nnet_utils/nnet_dense_latency.h:58]   --->   Operation 2528 'add' 'add_ln58_946' <Predicate = true> <Delay = 1.45> <CoreInst = "Adder">   --->   Core 1 'Adder' <Latency = 0> <II = 1> <Delay = 1.45> <FuncUnit> <Opcode : 'add' 'sub'> <InPorts = 2> <OutPorts = 1>
ST_5 : Operation 2529 [1/1] (0.00ns)   --->   "%sext_ln58_606 = sext i25 %add_ln58_946" [firmware/nnet_utils/nnet_dense_latency.h:58]   --->   Operation 2529 'sext' 'sext_ln58_606' <Predicate = true> <Delay = 0.00>
ST_5 : Operation 2530 [1/1] (1.45ns)   --->   "%add_ln58_947 = add i26 %sext_ln58_606, i26 %sext_ln17_110" [firmware/nnet_utils/nnet_dense_latency.h:58]   --->   Operation 2530 'add' 'add_ln58_947' <Predicate = true> <Delay = 1.45> <CoreInst = "Adder">   --->   Core 1 'Adder' <Latency = 0> <II = 1> <Delay = 1.45> <FuncUnit> <Opcode : 'add' 'sub'> <InPorts = 2> <OutPorts = 1>
ST_5 : Operation 2531 [1/1] (1.45ns)   --->   "%add_ln58_949 = add i24 %mult_604, i24 %mult_683" [firmware/nnet_utils/nnet_dense_latency.h:58]   --->   Operation 2531 'add' 'add_ln58_949' <Predicate = true> <Delay = 1.45> <CoreInst = "Adder">   --->   Core 1 'Adder' <Latency = 0> <II = 1> <Delay = 1.45> <FuncUnit> <Opcode : 'add' 'sub'> <InPorts = 2> <OutPorts = 1>
ST_5 : Operation 2532 [1/1] (0.00ns)   --->   "%sext_ln58_608 = sext i24 %add_ln58_949" [firmware/nnet_utils/nnet_dense_latency.h:58]   --->   Operation 2532 'sext' 'sext_ln58_608' <Predicate = true> <Delay = 0.00>
ST_5 : Operation 2533 [1/1] (1.45ns)   --->   "%add_ln58_950 = add i25 %sext_ln58_608, i25 %mult_809" [firmware/nnet_utils/nnet_dense_latency.h:58]   --->   Operation 2533 'add' 'add_ln58_950' <Predicate = true> <Delay = 1.45> <CoreInst = "Adder">   --->   Core 1 'Adder' <Latency = 0> <II = 1> <Delay = 1.45> <FuncUnit> <Opcode : 'add' 'sub'> <InPorts = 2> <OutPorts = 1>
ST_5 : Operation 2534 [1/1] (1.45ns)   --->   "%add_ln58_951 = add i24 %mult_702, i24 %mult_741" [firmware/nnet_utils/nnet_dense_latency.h:58]   --->   Operation 2534 'add' 'add_ln58_951' <Predicate = true> <Delay = 1.45> <CoreInst = "Adder">   --->   Core 1 'Adder' <Latency = 0> <II = 1> <Delay = 1.45> <FuncUnit> <Opcode : 'add' 'sub'> <InPorts = 2> <OutPorts = 1>
ST_5 : Operation 2535 [1/1] (0.00ns)   --->   "%sext_ln58_610 = sext i24 %add_ln58_951" [firmware/nnet_utils/nnet_dense_latency.h:58]   --->   Operation 2535 'sext' 'sext_ln58_610' <Predicate = true> <Delay = 0.00>
ST_5 : Operation 2536 [1/1] (1.03ns) (root node of TernaryAdder)   --->   "%add_ln58_952 = add i24 %mult_751, i24 %mult_817" [firmware/nnet_utils/nnet_dense_latency.h:58]   --->   Operation 2536 'add' 'add_ln58_952' <Predicate = true> <Delay = 1.03> <CoreInst = "TAddSub">   --->   Core 10 'TAddSub' <Latency = 0> <II = 1> <Delay = 0.53> <IPBlock> <Opcode : '' 'add' 'sub'> <InPorts = 3> <OutPorts = 1> <Sync> <CReg>
ST_5 : Operation 2537 [1/1] (0.00ns)   --->   "%sext_ln58_611 = sext i24 %add_ln58_952" [firmware/nnet_utils/nnet_dense_latency.h:58]   --->   Operation 2537 'sext' 'sext_ln58_611' <Predicate = true> <Delay = 0.00>
ST_5 : Operation 2538 [1/1] (1.45ns)   --->   "%add_ln58_953 = add i25 %sext_ln58_611, i25 %sext_ln58_610" [firmware/nnet_utils/nnet_dense_latency.h:58]   --->   Operation 2538 'add' 'add_ln58_953' <Predicate = true> <Delay = 1.45> <CoreInst = "Adder">   --->   Core 1 'Adder' <Latency = 0> <II = 1> <Delay = 1.45> <FuncUnit> <Opcode : 'add' 'sub'> <InPorts = 2> <OutPorts = 1>
ST_5 : Operation 2539 [1/1] (0.00ns)   --->   "%sext_ln58_614 = sext i23 %add_ln58_957" [firmware/nnet_utils/nnet_dense_latency.h:58]   --->   Operation 2539 'sext' 'sext_ln58_614' <Predicate = true> <Delay = 0.00>
ST_5 : Operation 2540 [1/1] (0.00ns) (grouped into TernaryAdder)   --->   "%add_ln58_958 = add i24 %sext_ln17_101, i24 %sext_ln17_106" [firmware/nnet_utils/nnet_dense_latency.h:58]   --->   Operation 2540 'add' 'add_ln58_958' <Predicate = true> <Delay = 0.00> <CoreInst = "TAddSub">   --->   Core 10 'TAddSub' <Latency = 0> <II = 1> <Delay = 0.53> <IPBlock> <Opcode : '' 'add' 'sub'> <InPorts = 3> <OutPorts = 1> <Sync> <CReg>
ST_5 : Operation 2541 [1/1] (1.03ns) (root node of TernaryAdder)   --->   "%add_ln58_959 = add i24 %add_ln58_958, i24 %sext_ln17_95" [firmware/nnet_utils/nnet_dense_latency.h:58]   --->   Operation 2541 'add' 'add_ln58_959' <Predicate = true> <Delay = 1.03> <CoreInst = "TAddSub">   --->   Core 10 'TAddSub' <Latency = 0> <II = 1> <Delay = 0.53> <IPBlock> <Opcode : '' 'add' 'sub'> <InPorts = 3> <OutPorts = 1> <Sync> <CReg>
ST_5 : Operation 2542 [1/1] (0.00ns)   --->   "%sext_ln58_615 = sext i24 %add_ln58_959" [firmware/nnet_utils/nnet_dense_latency.h:58]   --->   Operation 2542 'sext' 'sext_ln58_615' <Predicate = true> <Delay = 0.00>
ST_5 : Operation 2543 [1/1] (0.00ns) (grouped into TernaryAdder)   --->   "%add_ln58_960 = add i25 %sext_ln58_615, i25 %sext_ln58_614" [firmware/nnet_utils/nnet_dense_latency.h:58]   --->   Operation 2543 'add' 'add_ln58_960' <Predicate = true> <Delay = 0.00> <CoreInst = "TAddSub">   --->   Core 10 'TAddSub' <Latency = 0> <II = 1> <Delay = 0.53> <IPBlock> <Opcode : '' 'add' 'sub'> <InPorts = 3> <OutPorts = 1> <Sync> <CReg>
ST_5 : Operation 2544 [1/1] (0.00ns)   --->   "%sext_ln58_616 = sext i22 %add_ln58_962" [firmware/nnet_utils/nnet_dense_latency.h:58]   --->   Operation 2544 'sext' 'sext_ln58_616' <Predicate = true> <Delay = 0.00>
ST_5 : Operation 2545 [1/1] (0.00ns)   --->   "%sext_ln58_619 = sext i21 %add_ln58_965" [firmware/nnet_utils/nnet_dense_latency.h:58]   --->   Operation 2545 'sext' 'sext_ln58_619' <Predicate = true> <Delay = 0.00>
ST_5 : Operation 2546 [1/1] (1.44ns)   --->   "%add_ln58_966 = add i23 %sext_ln58_619, i23 %sext_ln58_616" [firmware/nnet_utils/nnet_dense_latency.h:58]   --->   Operation 2546 'add' 'add_ln58_966' <Predicate = true> <Delay = 1.44> <CoreInst = "Adder">   --->   Core 1 'Adder' <Latency = 0> <II = 1> <Delay = 1.44> <FuncUnit> <Opcode : 'add' 'sub'> <InPorts = 2> <OutPorts = 1>
ST_5 : Operation 2547 [1/1] (0.00ns)   --->   "%sext_ln58_620 = sext i23 %add_ln58_966" [firmware/nnet_utils/nnet_dense_latency.h:58]   --->   Operation 2547 'sext' 'sext_ln58_620' <Predicate = true> <Delay = 0.00>
ST_5 : Operation 2548 [1/1] (1.04ns) (root node of TernaryAdder)   --->   "%add_ln58_967 = add i25 %sext_ln58_620, i25 %add_ln58_960" [firmware/nnet_utils/nnet_dense_latency.h:58]   --->   Operation 2548 'add' 'add_ln58_967' <Predicate = true> <Delay = 1.04> <CoreInst = "TAddSub">   --->   Core 10 'TAddSub' <Latency = 0> <II = 1> <Delay = 0.53> <IPBlock> <Opcode : '' 'add' 'sub'> <InPorts = 3> <OutPorts = 1> <Sync> <CReg>
ST_5 : Operation 2549 [1/1] (1.45ns)   --->   "%add_ln58_969 = add i25 %mult_903, i25 %mult_942" [firmware/nnet_utils/nnet_dense_latency.h:58]   --->   Operation 2549 'add' 'add_ln58_969' <Predicate = true> <Delay = 1.45> <CoreInst = "Adder">   --->   Core 1 'Adder' <Latency = 0> <II = 1> <Delay = 1.45> <FuncUnit> <Opcode : 'add' 'sub'> <InPorts = 2> <OutPorts = 1>
ST_5 : Operation 2550 [1/1] (1.45ns)   --->   "%add_ln58_974 = add i24 %mult_932, i24 %mult_962" [firmware/nnet_utils/nnet_dense_latency.h:58]   --->   Operation 2550 'add' 'add_ln58_974' <Predicate = true> <Delay = 1.45> <CoreInst = "Adder">   --->   Core 1 'Adder' <Latency = 0> <II = 1> <Delay = 1.45> <FuncUnit> <Opcode : 'add' 'sub'> <InPorts = 2> <OutPorts = 1>
ST_5 : Operation 2551 [1/1] (0.00ns)   --->   "%sext_ln58_624 = sext i24 %add_ln58_974" [firmware/nnet_utils/nnet_dense_latency.h:58]   --->   Operation 2551 'sext' 'sext_ln58_624' <Predicate = true> <Delay = 0.00>
ST_5 : Operation 2552 [1/1] (1.45ns)   --->   "%add_ln58_975 = add i25 %sext_ln58_624, i25 %sext_ln17_161" [firmware/nnet_utils/nnet_dense_latency.h:58]   --->   Operation 2552 'add' 'add_ln58_975' <Predicate = true> <Delay = 1.45> <CoreInst = "Adder">   --->   Core 1 'Adder' <Latency = 0> <II = 1> <Delay = 1.45> <FuncUnit> <Opcode : 'add' 'sub'> <InPorts = 2> <OutPorts = 1>
ST_5 : Operation 2553 [1/1] (1.03ns) (root node of TernaryAdder)   --->   "%add_ln58_976 = add i24 %mult_1017, i24 %mult_1046" [firmware/nnet_utils/nnet_dense_latency.h:58]   --->   Operation 2553 'add' 'add_ln58_976' <Predicate = true> <Delay = 1.03> <CoreInst = "TAddSub">   --->   Core 10 'TAddSub' <Latency = 0> <II = 1> <Delay = 0.53> <IPBlock> <Opcode : '' 'add' 'sub'> <InPorts = 3> <OutPorts = 1> <Sync> <CReg>
ST_5 : Operation 2554 [1/1] (0.00ns)   --->   "%sext_ln58_626 = sext i24 %add_ln58_976" [firmware/nnet_utils/nnet_dense_latency.h:58]   --->   Operation 2554 'sext' 'sext_ln58_626' <Predicate = true> <Delay = 0.00>
ST_5 : Operation 2555 [1/1] (1.45ns)   --->   "%add_ln58_977 = add i24 %mult_1055, i24 %sext_ln17_141" [firmware/nnet_utils/nnet_dense_latency.h:58]   --->   Operation 2555 'add' 'add_ln58_977' <Predicate = true> <Delay = 1.45> <CoreInst = "Adder">   --->   Core 1 'Adder' <Latency = 0> <II = 1> <Delay = 1.45> <FuncUnit> <Opcode : 'add' 'sub'> <InPorts = 2> <OutPorts = 1>
ST_5 : Operation 2556 [1/1] (0.00ns)   --->   "%sext_ln58_627 = sext i24 %add_ln58_977" [firmware/nnet_utils/nnet_dense_latency.h:58]   --->   Operation 2556 'sext' 'sext_ln58_627' <Predicate = true> <Delay = 0.00>
ST_5 : Operation 2557 [1/1] (1.45ns)   --->   "%add_ln58_978 = add i25 %sext_ln58_627, i25 %sext_ln58_626" [firmware/nnet_utils/nnet_dense_latency.h:58]   --->   Operation 2557 'add' 'add_ln58_978' <Predicate = true> <Delay = 1.45> <CoreInst = "Adder">   --->   Core 1 'Adder' <Latency = 0> <II = 1> <Delay = 1.45> <FuncUnit> <Opcode : 'add' 'sub'> <InPorts = 2> <OutPorts = 1>
ST_5 : Operation 2558 [1/1] (1.44ns)   --->   "%add_ln58_981 = add i23 %mult_883, i23 %mul_ln73_742" [firmware/nnet_utils/nnet_dense_latency.h:58]   --->   Operation 2558 'add' 'add_ln58_981' <Predicate = true> <Delay = 1.44> <CoreInst = "Adder">   --->   Core 1 'Adder' <Latency = 0> <II = 1> <Delay = 1.44> <FuncUnit> <Opcode : 'add' 'sub'> <InPorts = 2> <OutPorts = 1>
ST_5 : Operation 2559 [1/1] (0.00ns)   --->   "%sext_ln58_630 = sext i23 %add_ln58_981" [firmware/nnet_utils/nnet_dense_latency.h:58]   --->   Operation 2559 'sext' 'sext_ln58_630' <Predicate = true> <Delay = 0.00>
ST_5 : Operation 2560 [1/1] (1.44ns)   --->   "%add_ln58_982 = add i24 %sext_ln58_630, i24 %sext_ln17_147" [firmware/nnet_utils/nnet_dense_latency.h:58]   --->   Operation 2560 'add' 'add_ln58_982' <Predicate = true> <Delay = 1.44> <CoreInst = "Adder">   --->   Core 1 'Adder' <Latency = 0> <II = 1> <Delay = 1.44> <FuncUnit> <Opcode : 'add' 'sub'> <InPorts = 2> <OutPorts = 1>
ST_5 : Operation 2561 [1/1] (1.44ns)   --->   "%add_ln58_983 = add i23 %mult_999, i23 %mult_1026" [firmware/nnet_utils/nnet_dense_latency.h:58]   --->   Operation 2561 'add' 'add_ln58_983' <Predicate = true> <Delay = 1.44> <CoreInst = "Adder">   --->   Core 1 'Adder' <Latency = 0> <II = 1> <Delay = 1.44> <FuncUnit> <Opcode : 'add' 'sub'> <InPorts = 2> <OutPorts = 1>
ST_5 : Operation 2562 [1/1] (0.00ns)   --->   "%sext_ln58_632 = sext i23 %add_ln58_983" [firmware/nnet_utils/nnet_dense_latency.h:58]   --->   Operation 2562 'sext' 'sext_ln58_632' <Predicate = true> <Delay = 0.00>
ST_5 : Operation 2563 [1/1] (1.44ns)   --->   "%add_ln58_984 = add i24 %sext_ln58_632, i24 %sext_ln17_175" [firmware/nnet_utils/nnet_dense_latency.h:58]   --->   Operation 2563 'add' 'add_ln58_984' <Predicate = true> <Delay = 1.44> <CoreInst = "Adder">   --->   Core 1 'Adder' <Latency = 0> <II = 1> <Delay = 1.44> <FuncUnit> <Opcode : 'add' 'sub'> <InPorts = 2> <OutPorts = 1>
ST_5 : Operation 2564 [1/1] (0.00ns) (grouped into TernaryAdder)   --->   "%add_ln58_988 = add i23 %sext_ln17_166, i23 %sext_ln17_182" [firmware/nnet_utils/nnet_dense_latency.h:58]   --->   Operation 2564 'add' 'add_ln58_988' <Predicate = true> <Delay = 0.00> <CoreInst = "TAddSub">   --->   Core 10 'TAddSub' <Latency = 0> <II = 1> <Delay = 0.53> <IPBlock> <Opcode : '' 'add' 'sub'> <InPorts = 3> <OutPorts = 1> <Sync> <CReg>
ST_5 : Operation 2565 [1/1] (0.00ns)   --->   "%sext_ln58_636 = sext i19 %shl_ln73_250" [firmware/nnet_utils/nnet_dense_latency.h:58]   --->   Operation 2565 'sext' 'sext_ln58_636' <Predicate = true> <Delay = 0.00>
ST_5 : Operation 2566 [1/1] (0.00ns)   --->   "%sext_ln58_637 = sext i21 %mult_913" [firmware/nnet_utils/nnet_dense_latency.h:58]   --->   Operation 2566 'sext' 'sext_ln58_637' <Predicate = true> <Delay = 0.00>
ST_5 : Operation 2567 [1/1] (1.43ns)   --->   "%sub_ln58_6 = sub i22 %sext_ln58_637, i22 %sext_ln58_636" [firmware/nnet_utils/nnet_dense_latency.h:58]   --->   Operation 2567 'sub' 'sub_ln58_6' <Predicate = true> <Delay = 1.43> <CoreInst = "Adder">   --->   Core 1 'Adder' <Latency = 0> <II = 1> <Delay = 1.43> <FuncUnit> <Opcode : 'add' 'sub'> <InPorts = 2> <OutPorts = 1>
ST_5 : Operation 2568 [1/1] (0.00ns)   --->   "%sext_ln58_638 = sext i22 %sub_ln58_6" [firmware/nnet_utils/nnet_dense_latency.h:58]   --->   Operation 2568 'sext' 'sext_ln58_638' <Predicate = true> <Delay = 0.00>
ST_5 : Operation 2569 [1/1] (1.03ns) (root node of TernaryAdder)   --->   "%add_ln58_989 = add i23 %sext_ln58_638, i23 %add_ln58_988" [firmware/nnet_utils/nnet_dense_latency.h:58]   --->   Operation 2569 'add' 'add_ln58_989' <Predicate = true> <Delay = 1.03> <CoreInst = "TAddSub">   --->   Core 10 'TAddSub' <Latency = 0> <II = 1> <Delay = 0.53> <IPBlock> <Opcode : '' 'add' 'sub'> <InPorts = 3> <OutPorts = 1> <Sync> <CReg>
ST_5 : Operation 2570 [1/1] (1.45ns)   --->   "%add_ln58_994 = add i25 %mult_792, i25 %mult_826" [firmware/nnet_utils/nnet_dense_latency.h:58]   --->   Operation 2570 'add' 'add_ln58_994' <Predicate = true> <Delay = 1.45> <CoreInst = "Adder">   --->   Core 1 'Adder' <Latency = 0> <II = 1> <Delay = 1.45> <FuncUnit> <Opcode : 'add' 'sub'> <InPorts = 2> <OutPorts = 1>
ST_5 : Operation 2571 [1/1] (1.45ns)   --->   "%add_ln58_996 = add i25 %mult_845, i25 %mult_884" [firmware/nnet_utils/nnet_dense_latency.h:58]   --->   Operation 2571 'add' 'add_ln58_996' <Predicate = true> <Delay = 1.45> <CoreInst = "Adder">   --->   Core 1 'Adder' <Latency = 0> <II = 1> <Delay = 1.45> <FuncUnit> <Opcode : 'add' 'sub'> <InPorts = 2> <OutPorts = 1>
ST_5 : Operation 2572 [1/1] (0.00ns)   --->   "%sext_ln58_643 = sext i25 %add_ln58_996" [firmware/nnet_utils/nnet_dense_latency.h:58]   --->   Operation 2572 'sext' 'sext_ln58_643' <Predicate = true> <Delay = 0.00>
ST_5 : Operation 2573 [1/1] (1.45ns)   --->   "%add_ln58_997 = add i25 %mult_1018, i25 %mult_1047" [firmware/nnet_utils/nnet_dense_latency.h:58]   --->   Operation 2573 'add' 'add_ln58_997' <Predicate = true> <Delay = 1.45> <CoreInst = "Adder">   --->   Core 1 'Adder' <Latency = 0> <II = 1> <Delay = 1.45> <FuncUnit> <Opcode : 'add' 'sub'> <InPorts = 2> <OutPorts = 1>
ST_5 : Operation 2574 [1/1] (0.00ns)   --->   "%sext_ln58_644 = sext i25 %add_ln58_997" [firmware/nnet_utils/nnet_dense_latency.h:58]   --->   Operation 2574 'sext' 'sext_ln58_644' <Predicate = true> <Delay = 0.00>
ST_5 : Operation 2575 [1/1] (1.45ns)   --->   "%add_ln58_998 = add i26 %sext_ln58_644, i26 %sext_ln58_643" [firmware/nnet_utils/nnet_dense_latency.h:58]   --->   Operation 2575 'add' 'add_ln58_998' <Predicate = true> <Delay = 1.45> <CoreInst = "Adder">   --->   Core 1 'Adder' <Latency = 0> <II = 1> <Delay = 1.45> <FuncUnit> <Opcode : 'add' 'sub'> <InPorts = 2> <OutPorts = 1>
ST_5 : Operation 2576 [1/1] (1.45ns)   --->   "%add_ln58_1000 = add i24 %mul_ln17_30, i24 %mult_835" [firmware/nnet_utils/nnet_dense_latency.h:58]   --->   Operation 2576 'add' 'add_ln58_1000' <Predicate = true> <Delay = 1.45> <CoreInst = "Adder">   --->   Core 1 'Adder' <Latency = 0> <II = 1> <Delay = 1.45> <FuncUnit> <Opcode : 'add' 'sub'> <InPorts = 2> <OutPorts = 1>
ST_5 : Operation 2577 [1/1] (0.00ns)   --->   "%sext_ln58_646 = sext i24 %add_ln58_1000" [firmware/nnet_utils/nnet_dense_latency.h:58]   --->   Operation 2577 'sext' 'sext_ln58_646' <Predicate = true> <Delay = 0.00>
ST_5 : Operation 2578 [1/1] (1.45ns)   --->   "%add_ln58_1001 = add i24 %mult_855, i24 %mult_924" [firmware/nnet_utils/nnet_dense_latency.h:58]   --->   Operation 2578 'add' 'add_ln58_1001' <Predicate = true> <Delay = 1.45> <CoreInst = "Adder">   --->   Core 1 'Adder' <Latency = 0> <II = 1> <Delay = 1.45> <FuncUnit> <Opcode : 'add' 'sub'> <InPorts = 2> <OutPorts = 1>
ST_5 : Operation 2579 [1/1] (0.00ns)   --->   "%sext_ln58_647 = sext i24 %add_ln58_1001" [firmware/nnet_utils/nnet_dense_latency.h:58]   --->   Operation 2579 'sext' 'sext_ln58_647' <Predicate = true> <Delay = 0.00>
ST_5 : Operation 2580 [1/1] (1.45ns)   --->   "%add_ln58_1002 = add i25 %sext_ln58_647, i25 %sext_ln58_646" [firmware/nnet_utils/nnet_dense_latency.h:58]   --->   Operation 2580 'add' 'add_ln58_1002' <Predicate = true> <Delay = 1.45> <CoreInst = "Adder">   --->   Core 1 'Adder' <Latency = 0> <II = 1> <Delay = 1.45> <FuncUnit> <Opcode : 'add' 'sub'> <InPorts = 2> <OutPorts = 1>
ST_5 : Operation 2581 [1/1] (1.03ns) (root node of TernaryAdder)   --->   "%add_ln58_1003 = add i24 %mult_953, i24 %mult_981" [firmware/nnet_utils/nnet_dense_latency.h:58]   --->   Operation 2581 'add' 'add_ln58_1003' <Predicate = true> <Delay = 1.03> <CoreInst = "TAddSub">   --->   Core 10 'TAddSub' <Latency = 0> <II = 1> <Delay = 0.53> <IPBlock> <Opcode : '' 'add' 'sub'> <InPorts = 3> <OutPorts = 1> <Sync> <CReg>
ST_5 : Operation 2582 [1/1] (1.45ns)   --->   "%add_ln58_1004 = add i24 %mult_990, i24 %mult_1037" [firmware/nnet_utils/nnet_dense_latency.h:58]   --->   Operation 2582 'add' 'add_ln58_1004' <Predicate = true> <Delay = 1.45> <CoreInst = "Adder">   --->   Core 1 'Adder' <Latency = 0> <II = 1> <Delay = 1.45> <FuncUnit> <Opcode : 'add' 'sub'> <InPorts = 2> <OutPorts = 1>
ST_5 : Operation 2583 [1/1] (1.44ns)   --->   "%add_ln58_1008 = add i23 %mul_ln17_29, i23 %mult_801" [firmware/nnet_utils/nnet_dense_latency.h:58]   --->   Operation 2583 'add' 'add_ln58_1008' <Predicate = true> <Delay = 1.44> <CoreInst = "Adder">   --->   Core 1 'Adder' <Latency = 0> <II = 1> <Delay = 1.44> <FuncUnit> <Opcode : 'add' 'sub'> <InPorts = 2> <OutPorts = 1>
ST_5 : Operation 2584 [1/1] (1.44ns)   --->   "%add_ln58_1009 = add i24 %sext_ln17_134, i24 %sext_ln17_135" [firmware/nnet_utils/nnet_dense_latency.h:58]   --->   Operation 2584 'add' 'add_ln58_1009' <Predicate = true> <Delay = 1.44> <CoreInst = "Adder">   --->   Core 1 'Adder' <Latency = 0> <II = 1> <Delay = 1.44> <FuncUnit> <Opcode : 'add' 'sub'> <InPorts = 2> <OutPorts = 1>
ST_5 : Operation 2585 [1/1] (1.44ns)   --->   "%add_ln58_1011 = add i23 %mult_864, i23 %mult_894" [firmware/nnet_utils/nnet_dense_latency.h:58]   --->   Operation 2585 'add' 'add_ln58_1011' <Predicate = true> <Delay = 1.44> <CoreInst = "Adder">   --->   Core 1 'Adder' <Latency = 0> <II = 1> <Delay = 1.44> <FuncUnit> <Opcode : 'add' 'sub'> <InPorts = 2> <OutPorts = 1>
ST_5 : Operation 2586 [1/1] (0.00ns)   --->   "%sext_ln58_655 = sext i23 %add_ln58_1011" [firmware/nnet_utils/nnet_dense_latency.h:58]   --->   Operation 2586 'sext' 'sext_ln58_655' <Predicate = true> <Delay = 0.00>
ST_5 : Operation 2587 [1/1] (1.44ns)   --->   "%add_ln58_1012 = add i23 %mult_904, i23 %mult_914" [firmware/nnet_utils/nnet_dense_latency.h:58]   --->   Operation 2587 'add' 'add_ln58_1012' <Predicate = true> <Delay = 1.44> <CoreInst = "Adder">   --->   Core 1 'Adder' <Latency = 0> <II = 1> <Delay = 1.44> <FuncUnit> <Opcode : 'add' 'sub'> <InPorts = 2> <OutPorts = 1>
ST_5 : Operation 2588 [1/1] (0.00ns)   --->   "%sext_ln58_656 = sext i23 %add_ln58_1012" [firmware/nnet_utils/nnet_dense_latency.h:58]   --->   Operation 2588 'sext' 'sext_ln58_656' <Predicate = true> <Delay = 0.00>
ST_5 : Operation 2589 [1/1] (1.44ns)   --->   "%add_ln58_1013 = add i24 %sext_ln58_656, i24 %sext_ln58_655" [firmware/nnet_utils/nnet_dense_latency.h:58]   --->   Operation 2589 'add' 'add_ln58_1013' <Predicate = true> <Delay = 1.44> <CoreInst = "Adder">   --->   Core 1 'Adder' <Latency = 0> <II = 1> <Delay = 1.44> <FuncUnit> <Opcode : 'add' 'sub'> <InPorts = 2> <OutPorts = 1>
ST_5 : Operation 2590 [1/1] (1.44ns)   --->   "%add_ln58_1015 = add i23 %mult_933, i23 %mult_943" [firmware/nnet_utils/nnet_dense_latency.h:58]   --->   Operation 2590 'add' 'add_ln58_1015' <Predicate = true> <Delay = 1.44> <CoreInst = "Adder">   --->   Core 1 'Adder' <Latency = 0> <II = 1> <Delay = 1.44> <FuncUnit> <Opcode : 'add' 'sub'> <InPorts = 2> <OutPorts = 1>
ST_5 : Operation 2591 [1/1] (0.00ns)   --->   "%sext_ln58_659 = sext i23 %add_ln58_1015" [firmware/nnet_utils/nnet_dense_latency.h:58]   --->   Operation 2591 'sext' 'sext_ln58_659' <Predicate = true> <Delay = 0.00>
ST_5 : Operation 2592 [1/1] (1.44ns)   --->   "%add_ln58_1016 = add i23 %mult_971, i23 %mult_1027" [firmware/nnet_utils/nnet_dense_latency.h:58]   --->   Operation 2592 'add' 'add_ln58_1016' <Predicate = true> <Delay = 1.44> <CoreInst = "Adder">   --->   Core 1 'Adder' <Latency = 0> <II = 1> <Delay = 1.44> <FuncUnit> <Opcode : 'add' 'sub'> <InPorts = 2> <OutPorts = 1>
ST_5 : Operation 2593 [1/1] (0.00ns)   --->   "%sext_ln58_660 = sext i23 %add_ln58_1016" [firmware/nnet_utils/nnet_dense_latency.h:58]   --->   Operation 2593 'sext' 'sext_ln58_660' <Predicate = true> <Delay = 0.00>
ST_5 : Operation 2594 [1/1] (1.44ns)   --->   "%add_ln58_1017 = add i24 %sext_ln58_660, i24 %sext_ln58_659" [firmware/nnet_utils/nnet_dense_latency.h:58]   --->   Operation 2594 'add' 'add_ln58_1017' <Predicate = true> <Delay = 1.44> <CoreInst = "Adder">   --->   Core 1 'Adder' <Latency = 0> <II = 1> <Delay = 1.44> <FuncUnit> <Opcode : 'add' 'sub'> <InPorts = 2> <OutPorts = 1>
ST_5 : Operation 2595 [1/1] (1.02ns) (root node of TernaryAdder)   --->   "%add_ln58_1018 = add i22 %mult_963, i22 %mult_1008" [firmware/nnet_utils/nnet_dense_latency.h:58]   --->   Operation 2595 'add' 'add_ln58_1018' <Predicate = true> <Delay = 1.02> <CoreInst = "TAddSub">   --->   Core 10 'TAddSub' <Latency = 0> <II = 1> <Delay = 0.53> <IPBlock> <Opcode : '' 'add' 'sub'> <InPorts = 3> <OutPorts = 1> <Sync> <CReg>
ST_5 : Operation 2596 [1/1] (0.00ns)   --->   "%sext_ln58_662 = sext i22 %add_ln58_1018" [firmware/nnet_utils/nnet_dense_latency.h:58]   --->   Operation 2596 'sext' 'sext_ln58_662' <Predicate = true> <Delay = 0.00>
ST_5 : Operation 2597 [1/1] (0.00ns)   --->   "%sext_ln58_664 = sext i22 %add_ln58_1019" [firmware/nnet_utils/nnet_dense_latency.h:58]   --->   Operation 2597 'sext' 'sext_ln58_664' <Predicate = true> <Delay = 0.00>
ST_5 : Operation 2598 [1/1] (1.44ns)   --->   "%add_ln58_1020 = add i23 %sext_ln58_664, i23 %sext_ln58_662" [firmware/nnet_utils/nnet_dense_latency.h:58]   --->   Operation 2598 'add' 'add_ln58_1020' <Predicate = true> <Delay = 1.44> <CoreInst = "Adder">   --->   Core 1 'Adder' <Latency = 0> <II = 1> <Delay = 1.44> <FuncUnit> <Opcode : 'add' 'sub'> <InPorts = 2> <OutPorts = 1>
ST_5 : Operation 2599 [1/1] (1.46ns)   --->   "%add_ln58_1026 = add i26 %mult_934, i26 %mult_944" [firmware/nnet_utils/nnet_dense_latency.h:58]   --->   Operation 2599 'add' 'add_ln58_1026' <Predicate = true> <Delay = 1.46> <CoreInst = "Adder">   --->   Core 1 'Adder' <Latency = 0> <II = 1> <Delay = 1.46> <FuncUnit> <Opcode : 'add' 'sub'> <InPorts = 2> <OutPorts = 1>
ST_5 : Operation 2600 [1/1] (0.00ns)   --->   "%sext_ln58_669 = sext i26 %add_ln58_1026" [firmware/nnet_utils/nnet_dense_latency.h:58]   --->   Operation 2600 'sext' 'sext_ln58_669' <Predicate = true> <Delay = 0.00>
ST_5 : Operation 2601 [1/1] (1.45ns)   --->   "%add_ln58_1027 = add i25 %mult_827, i25 %mult_856" [firmware/nnet_utils/nnet_dense_latency.h:58]   --->   Operation 2601 'add' 'add_ln58_1027' <Predicate = true> <Delay = 1.45> <CoreInst = "Adder">   --->   Core 1 'Adder' <Latency = 0> <II = 1> <Delay = 1.45> <FuncUnit> <Opcode : 'add' 'sub'> <InPorts = 2> <OutPorts = 1>
ST_5 : Operation 2602 [1/1] (0.00ns)   --->   "%sext_ln58_670 = sext i25 %add_ln58_1027" [firmware/nnet_utils/nnet_dense_latency.h:58]   --->   Operation 2602 'sext' 'sext_ln58_670' <Predicate = true> <Delay = 0.00>
ST_5 : Operation 2603 [1/1] (1.46ns)   --->   "%add_ln58_1028 = add i27 %sext_ln58_670, i27 %sext_ln58_669" [firmware/nnet_utils/nnet_dense_latency.h:58]   --->   Operation 2603 'add' 'add_ln58_1028' <Predicate = true> <Delay = 1.46> <CoreInst = "Adder">   --->   Core 1 'Adder' <Latency = 0> <II = 1> <Delay = 1.46> <FuncUnit> <Opcode : 'add' 'sub'> <InPorts = 2> <OutPorts = 1>
ST_5 : Operation 2604 [1/1] (1.45ns)   --->   "%add_ln58_1030 = add i25 %mult_925, i25 %mult_954" [firmware/nnet_utils/nnet_dense_latency.h:58]   --->   Operation 2604 'add' 'add_ln58_1030' <Predicate = true> <Delay = 1.45> <CoreInst = "Adder">   --->   Core 1 'Adder' <Latency = 0> <II = 1> <Delay = 1.45> <FuncUnit> <Opcode : 'add' 'sub'> <InPorts = 2> <OutPorts = 1>
ST_5 : Operation 2605 [1/1] (0.00ns)   --->   "%sext_ln58_672 = sext i25 %add_ln58_1030" [firmware/nnet_utils/nnet_dense_latency.h:58]   --->   Operation 2605 'sext' 'sext_ln58_672' <Predicate = true> <Delay = 0.00>
ST_5 : Operation 2606 [1/1] (1.45ns)   --->   "%add_ln58_1031 = add i26 %sext_ln58_672, i26 %sext_ln17_158" [firmware/nnet_utils/nnet_dense_latency.h:58]   --->   Operation 2606 'add' 'add_ln58_1031' <Predicate = true> <Delay = 1.45> <CoreInst = "Adder">   --->   Core 1 'Adder' <Latency = 0> <II = 1> <Delay = 1.45> <FuncUnit> <Opcode : 'add' 'sub'> <InPorts = 2> <OutPorts = 1>
ST_5 : Operation 2607 [1/1] (0.00ns) (grouped into TernaryAdder)   --->   "%add_ln58_1032 = add i26 %sext_ln17_169, i26 %sext_ln17_173" [firmware/nnet_utils/nnet_dense_latency.h:58]   --->   Operation 2607 'add' 'add_ln58_1032' <Predicate = true> <Delay = 0.00> <CoreInst = "TAddSub">   --->   Core 10 'TAddSub' <Latency = 0> <II = 1> <Delay = 0.53> <IPBlock> <Opcode : '' 'add' 'sub'> <InPorts = 3> <OutPorts = 1> <Sync> <CReg>
ST_5 : Operation 2608 [1/1] (1.45ns)   --->   "%add_ln58_1033 = add i25 %mult_982, i25 %mult_991" [firmware/nnet_utils/nnet_dense_latency.h:58]   --->   Operation 2608 'add' 'add_ln58_1033' <Predicate = true> <Delay = 1.45> <CoreInst = "Adder">   --->   Core 1 'Adder' <Latency = 0> <II = 1> <Delay = 1.45> <FuncUnit> <Opcode : 'add' 'sub'> <InPorts = 2> <OutPorts = 1>
ST_5 : Operation 2609 [1/1] (0.00ns)   --->   "%sext_ln58_674 = sext i25 %add_ln58_1033" [firmware/nnet_utils/nnet_dense_latency.h:58]   --->   Operation 2609 'sext' 'sext_ln58_674' <Predicate = true> <Delay = 0.00>
ST_5 : Operation 2610 [1/1] (1.04ns) (root node of TernaryAdder)   --->   "%add_ln58_1034 = add i26 %sext_ln58_674, i26 %add_ln58_1032" [firmware/nnet_utils/nnet_dense_latency.h:58]   --->   Operation 2610 'add' 'add_ln58_1034' <Predicate = true> <Delay = 1.04> <CoreInst = "TAddSub">   --->   Core 10 'TAddSub' <Latency = 0> <II = 1> <Delay = 0.53> <IPBlock> <Opcode : '' 'add' 'sub'> <InPorts = 3> <OutPorts = 1> <Sync> <CReg>
ST_5 : Operation 2611 [1/1] (1.45ns)   --->   "%add_ln58_1039 = add i24 %mul_ln73_624, i24 %mult_836" [firmware/nnet_utils/nnet_dense_latency.h:58]   --->   Operation 2611 'add' 'add_ln58_1039' <Predicate = true> <Delay = 1.45> <CoreInst = "Adder">   --->   Core 1 'Adder' <Latency = 0> <II = 1> <Delay = 1.45> <FuncUnit> <Opcode : 'add' 'sub'> <InPorts = 2> <OutPorts = 1>
ST_5 : Operation 2612 [1/1] (0.00ns)   --->   "%sext_ln58_678 = sext i24 %add_ln58_1039" [firmware/nnet_utils/nnet_dense_latency.h:58]   --->   Operation 2612 'sext' 'sext_ln58_678' <Predicate = true> <Delay = 0.00>
ST_5 : Operation 2613 [1/1] (1.03ns) (root node of TernaryAdder)   --->   "%add_ln58_1040 = add i24 %mult_885, i24 %mult_895" [firmware/nnet_utils/nnet_dense_latency.h:58]   --->   Operation 2613 'add' 'add_ln58_1040' <Predicate = true> <Delay = 1.03> <CoreInst = "TAddSub">   --->   Core 10 'TAddSub' <Latency = 0> <II = 1> <Delay = 0.53> <IPBlock> <Opcode : '' 'add' 'sub'> <InPorts = 3> <OutPorts = 1> <Sync> <CReg>
ST_5 : Operation 2614 [1/1] (0.00ns)   --->   "%sext_ln58_679 = sext i24 %add_ln58_1040" [firmware/nnet_utils/nnet_dense_latency.h:58]   --->   Operation 2614 'sext' 'sext_ln58_679' <Predicate = true> <Delay = 0.00>
ST_5 : Operation 2615 [1/1] (1.45ns)   --->   "%add_ln58_1041 = add i25 %sext_ln58_679, i25 %sext_ln58_678" [firmware/nnet_utils/nnet_dense_latency.h:58]   --->   Operation 2615 'add' 'add_ln58_1041' <Predicate = true> <Delay = 1.45> <CoreInst = "Adder">   --->   Core 1 'Adder' <Latency = 0> <II = 1> <Delay = 1.45> <FuncUnit> <Opcode : 'add' 'sub'> <InPorts = 2> <OutPorts = 1>
ST_5 : Operation 2616 [1/1] (1.45ns)   --->   "%add_ln58_1043 = add i25 %sext_ln17_187, i25 %sext_ln17_194" [firmware/nnet_utils/nnet_dense_latency.h:58]   --->   Operation 2616 'add' 'add_ln58_1043' <Predicate = true> <Delay = 1.45> <CoreInst = "Adder">   --->   Core 1 'Adder' <Latency = 0> <II = 1> <Delay = 1.45> <FuncUnit> <Opcode : 'add' 'sub'> <InPorts = 2> <OutPorts = 1>
ST_5 : Operation 2617 [1/1] (1.02ns) (root node of TernaryAdder)   --->   "%add_ln58_1045 = add i22 %mult_1019, i22 %sext_ln17_190" [firmware/nnet_utils/nnet_dense_latency.h:58]   --->   Operation 2617 'add' 'add_ln58_1045' <Predicate = true> <Delay = 1.02> <CoreInst = "TAddSub">   --->   Core 10 'TAddSub' <Latency = 0> <II = 1> <Delay = 0.53> <IPBlock> <Opcode : '' 'add' 'sub'> <InPorts = 3> <OutPorts = 1> <Sync> <CReg>
ST_5 : Operation 2618 [1/1] (1.01ns) (root node of TernaryAdder)   --->   "%add_ln58_1046 = add i20 %mult_1000, i20 %sext_ln17_151" [firmware/nnet_utils/nnet_dense_latency.h:58]   --->   Operation 2618 'add' 'add_ln58_1046' <Predicate = true> <Delay = 1.01> <CoreInst = "TAddSub">   --->   Core 10 'TAddSub' <Latency = 0> <II = 1> <Delay = 0.53> <IPBlock> <Opcode : '' 'add' 'sub'> <InPorts = 3> <OutPorts = 1> <Sync> <CReg>

State 6 <SV = 5> <Delay = 3.59>
ST_6 : Operation 2619 [1/1] (0.00ns)   --->   "%sext_ln17_91 = sext i25 %mult_658" [firmware/nnet_utils/nnet_dense_latency.h:17]   --->   Operation 2619 'sext' 'sext_ln17_91' <Predicate = true> <Delay = 0.00>
ST_6 : Operation 2620 [1/1] (0.00ns)   --->   "%sext_ln17_94 = sext i25 %mult_667" [firmware/nnet_utils/nnet_dense_latency.h:17]   --->   Operation 2620 'sext' 'sext_ln17_94' <Predicate = true> <Delay = 0.00>
ST_6 : Operation 2621 [1/1] (0.00ns)   --->   "%sext_ln17_105 = sext i26 %mult_710" [firmware/nnet_utils/nnet_dense_latency.h:17]   --->   Operation 2621 'sext' 'sext_ln17_105' <Predicate = true> <Delay = 0.00>
ST_6 : Operation 2622 [1/1] (0.00ns)   --->   "%sext_ln17_113 = sext i25 %mult_748" [firmware/nnet_utils/nnet_dense_latency.h:17]   --->   Operation 2622 'sext' 'sext_ln17_113' <Predicate = true> <Delay = 0.00>
ST_6 : Operation 2623 [1/1] (0.00ns)   --->   "%sext_ln17_114 = sext i26 %mult_750" [firmware/nnet_utils/nnet_dense_latency.h:17]   --->   Operation 2623 'sext' 'sext_ln17_114' <Predicate = true> <Delay = 0.00>
ST_6 : Operation 2624 [1/1] (0.00ns)   --->   "%sext_ln17_117 = sext i25 %mult_764" [firmware/nnet_utils/nnet_dense_latency.h:17]   --->   Operation 2624 'sext' 'sext_ln17_117' <Predicate = true> <Delay = 0.00>
ST_6 : Operation 2625 [1/1] (0.00ns)   --->   "%sext_ln17_121 = sext i25 %mult_772" [firmware/nnet_utils/nnet_dense_latency.h:17]   --->   Operation 2625 'sext' 'sext_ln17_121' <Predicate = true> <Delay = 0.00>
ST_6 : Operation 2626 [1/1] (0.00ns)   --->   "%sext_ln17_143 = sext i24 %mult_854" [firmware/nnet_utils/nnet_dense_latency.h:17]   --->   Operation 2626 'sext' 'sext_ln17_143' <Predicate = true> <Delay = 0.00>
ST_6 : Operation 2627 [1/1] (0.00ns)   --->   "%sext_ln17_148 = sext i25 %mult_869" [firmware/nnet_utils/nnet_dense_latency.h:17]   --->   Operation 2627 'sext' 'sext_ln17_148' <Predicate = true> <Delay = 0.00>
ST_6 : Operation 2628 [1/1] (0.00ns)   --->   "%sext_ln17_159 = sext i24 %mult_915" [firmware/nnet_utils/nnet_dense_latency.h:17]   --->   Operation 2628 'sext' 'sext_ln17_159' <Predicate = true> <Delay = 0.00>
ST_6 : Operation 2629 [1/1] (0.00ns)   --->   "%sext_ln17_183 = sext i25 %mult_1009" [firmware/nnet_utils/nnet_dense_latency.h:17]   --->   Operation 2629 'sext' 'sext_ln17_183' <Predicate = true> <Delay = 0.00>
ST_6 : Operation 2630 [1/1] (0.00ns)   --->   "%sext_ln17_193 = sext i23 %mult_1062" [firmware/nnet_utils/nnet_dense_latency.h:17]   --->   Operation 2630 'sext' 'sext_ln17_193' <Predicate = true> <Delay = 0.00>
ST_6 : Operation 2631 [1/1] (0.00ns)   --->   "%sext_ln58_167 = sext i28 %add_ln58_526" [firmware/nnet_utils/nnet_dense_latency.h:58]   --->   Operation 2631 'sext' 'sext_ln58_167' <Predicate = true> <Delay = 0.00>
ST_6 : Operation 2632 [1/1] (0.00ns)   --->   "%sext_ln58_168 = sext i28 %add_ln58_542" [firmware/nnet_utils/nnet_dense_latency.h:58]   --->   Operation 2632 'sext' 'sext_ln58_168' <Predicate = true> <Delay = 0.00>
ST_6 : Operation 2633 [1/1] (0.00ns)   --->   "%sext_ln58_306 = sext i26 %add_ln58_547" [firmware/nnet_utils/nnet_dense_latency.h:58]   --->   Operation 2633 'sext' 'sext_ln58_306' <Predicate = true> <Delay = 0.00>
ST_6 : Operation 2634 [1/1] (0.00ns) (grouped into TernaryAdder)   --->   "%add_ln58_548 = add i28 %sext_ln58_306, i28 %add_ln58_544" [firmware/nnet_utils/nnet_dense_latency.h:58]   --->   Operation 2634 'add' 'add_ln58_548' <Predicate = true> <Delay = 0.00> <CoreInst = "TAddSub">   --->   Core 10 'TAddSub' <Latency = 0> <II = 1> <Delay = 0.53> <IPBlock> <Opcode : '' 'add' 'sub'> <InPorts = 3> <OutPorts = 1> <Sync> <CReg>
ST_6 : Operation 2635 [1/1] (0.00ns)   --->   "%sext_ln58_312 = sext i26 %add_ln58_555" [firmware/nnet_utils/nnet_dense_latency.h:58]   --->   Operation 2635 'sext' 'sext_ln58_312' <Predicate = true> <Delay = 0.00>
ST_6 : Operation 2636 [1/1] (1.05ns) (root node of TernaryAdder)   --->   "%add_ln58_556 = add i28 %sext_ln58_312, i28 %add_ln58_548" [firmware/nnet_utils/nnet_dense_latency.h:58]   --->   Operation 2636 'add' 'add_ln58_556' <Predicate = true> <Delay = 1.05> <CoreInst = "TAddSub">   --->   Core 10 'TAddSub' <Latency = 0> <II = 1> <Delay = 0.53> <IPBlock> <Opcode : '' 'add' 'sub'> <InPorts = 3> <OutPorts = 1> <Sync> <CReg>
ST_6 : Operation 2637 [1/1] (0.00ns)   --->   "%sext_ln58_169 = sext i28 %add_ln58_556" [firmware/nnet_utils/nnet_dense_latency.h:58]   --->   Operation 2637 'sext' 'sext_ln58_169' <Predicate = true> <Delay = 0.00>
ST_6 : Operation 2638 [1/1] (0.00ns)   --->   "%sext_ln58_317 = sext i26 %add_ln58_564" [firmware/nnet_utils/nnet_dense_latency.h:58]   --->   Operation 2638 'sext' 'sext_ln58_317' <Predicate = true> <Delay = 0.00>
ST_6 : Operation 2639 [1/1] (0.00ns) (grouped into TernaryAdder)   --->   "%add_ln58_565 = add i28 %sext_ln58_317, i28 %add_ln58_560" [firmware/nnet_utils/nnet_dense_latency.h:58]   --->   Operation 2639 'add' 'add_ln58_565' <Predicate = true> <Delay = 0.00> <CoreInst = "TAddSub">   --->   Core 10 'TAddSub' <Latency = 0> <II = 1> <Delay = 0.53> <IPBlock> <Opcode : '' 'add' 'sub'> <InPorts = 3> <OutPorts = 1> <Sync> <CReg>
ST_6 : Operation 2640 [1/1] (0.00ns)   --->   "%sext_ln58_327 = sext i26 %add_ln58_574" [firmware/nnet_utils/nnet_dense_latency.h:58]   --->   Operation 2640 'sext' 'sext_ln58_327' <Predicate = true> <Delay = 0.00>
ST_6 : Operation 2641 [1/1] (1.05ns) (root node of TernaryAdder)   --->   "%add_ln58_575 = add i28 %sext_ln58_327, i28 %add_ln58_565" [firmware/nnet_utils/nnet_dense_latency.h:58]   --->   Operation 2641 'add' 'add_ln58_575' <Predicate = true> <Delay = 1.05> <CoreInst = "TAddSub">   --->   Core 10 'TAddSub' <Latency = 0> <II = 1> <Delay = 0.53> <IPBlock> <Opcode : '' 'add' 'sub'> <InPorts = 3> <OutPorts = 1> <Sync> <CReg>
ST_6 : Operation 2642 [1/1] (0.00ns)   --->   "%sext_ln58_170 = sext i28 %add_ln58_575" [firmware/nnet_utils/nnet_dense_latency.h:58]   --->   Operation 2642 'sext' 'sext_ln58_170' <Predicate = true> <Delay = 0.00>
ST_6 : Operation 2643 [1/1] (0.00ns)   --->   "%sext_ln58_332 = sext i26 %add_ln58_583" [firmware/nnet_utils/nnet_dense_latency.h:58]   --->   Operation 2643 'sext' 'sext_ln58_332' <Predicate = true> <Delay = 0.00>
ST_6 : Operation 2644 [1/1] (0.00ns) (grouped into TernaryAdder)   --->   "%add_ln58_584 = add i28 %sext_ln58_332, i28 %add_ln58_579" [firmware/nnet_utils/nnet_dense_latency.h:58]   --->   Operation 2644 'add' 'add_ln58_584' <Predicate = true> <Delay = 0.00> <CoreInst = "TAddSub">   --->   Core 10 'TAddSub' <Latency = 0> <II = 1> <Delay = 0.53> <IPBlock> <Opcode : '' 'add' 'sub'> <InPorts = 3> <OutPorts = 1> <Sync> <CReg>
ST_6 : Operation 2645 [1/1] (0.00ns)   --->   "%sext_ln58_340 = sext i26 %add_ln58_593" [firmware/nnet_utils/nnet_dense_latency.h:58]   --->   Operation 2645 'sext' 'sext_ln58_340' <Predicate = true> <Delay = 0.00>
ST_6 : Operation 2646 [1/1] (1.05ns) (root node of TernaryAdder)   --->   "%add_ln58_594 = add i28 %sext_ln58_340, i28 %add_ln58_584" [firmware/nnet_utils/nnet_dense_latency.h:58]   --->   Operation 2646 'add' 'add_ln58_594' <Predicate = true> <Delay = 1.05> <CoreInst = "TAddSub">   --->   Core 10 'TAddSub' <Latency = 0> <II = 1> <Delay = 0.53> <IPBlock> <Opcode : '' 'add' 'sub'> <InPorts = 3> <OutPorts = 1> <Sync> <CReg>
ST_6 : Operation 2647 [1/1] (0.00ns)   --->   "%sext_ln58_171 = sext i28 %add_ln58_594" [firmware/nnet_utils/nnet_dense_latency.h:58]   --->   Operation 2647 'sext' 'sext_ln58_171' <Predicate = true> <Delay = 0.00>
ST_6 : Operation 2648 [1/1] (0.00ns)   --->   "%sext_ln58_345 = sext i26 %add_ln58_602" [firmware/nnet_utils/nnet_dense_latency.h:58]   --->   Operation 2648 'sext' 'sext_ln58_345' <Predicate = true> <Delay = 0.00>
ST_6 : Operation 2649 [1/1] (0.00ns) (grouped into TernaryAdder)   --->   "%add_ln58_603 = add i28 %sext_ln58_345, i28 %add_ln58_598" [firmware/nnet_utils/nnet_dense_latency.h:58]   --->   Operation 2649 'add' 'add_ln58_603' <Predicate = true> <Delay = 0.00> <CoreInst = "TAddSub">   --->   Core 10 'TAddSub' <Latency = 0> <II = 1> <Delay = 0.53> <IPBlock> <Opcode : '' 'add' 'sub'> <InPorts = 3> <OutPorts = 1> <Sync> <CReg>
ST_6 : Operation 2650 [1/1] (0.00ns)   --->   "%sext_ln58_346 = sext i24 %add_ln58_604" [firmware/nnet_utils/nnet_dense_latency.h:58]   --->   Operation 2650 'sext' 'sext_ln58_346' <Predicate = true> <Delay = 0.00>
ST_6 : Operation 2651 [1/1] (0.00ns)   --->   "%sext_ln58_348 = sext i25 %add_ln58_606" [firmware/nnet_utils/nnet_dense_latency.h:58]   --->   Operation 2651 'sext' 'sext_ln58_348' <Predicate = true> <Delay = 0.00>
ST_6 : Operation 2652 [1/1] (0.00ns) (grouped into TernaryAdder)   --->   "%add_ln58_607 = add i26 %sext_ln58_348, i26 %sext_ln58_346" [firmware/nnet_utils/nnet_dense_latency.h:58]   --->   Operation 2652 'add' 'add_ln58_607' <Predicate = true> <Delay = 0.00> <CoreInst = "TAddSub">   --->   Core 10 'TAddSub' <Latency = 0> <II = 1> <Delay = 0.53> <IPBlock> <Opcode : '' 'add' 'sub'> <InPorts = 3> <OutPorts = 1> <Sync> <CReg>
ST_6 : Operation 2653 [1/1] (0.00ns)   --->   "%sext_ln58_353 = sext i25 %add_ln58_612" [firmware/nnet_utils/nnet_dense_latency.h:58]   --->   Operation 2653 'sext' 'sext_ln58_353' <Predicate = true> <Delay = 0.00>
ST_6 : Operation 2654 [1/1] (1.04ns) (root node of TernaryAdder)   --->   "%add_ln58_613 = add i26 %sext_ln58_353, i26 %add_ln58_607" [firmware/nnet_utils/nnet_dense_latency.h:58]   --->   Operation 2654 'add' 'add_ln58_613' <Predicate = true> <Delay = 1.04> <CoreInst = "TAddSub">   --->   Core 10 'TAddSub' <Latency = 0> <II = 1> <Delay = 0.53> <IPBlock> <Opcode : '' 'add' 'sub'> <InPorts = 3> <OutPorts = 1> <Sync> <CReg>
ST_6 : Operation 2655 [1/1] (0.00ns)   --->   "%sext_ln58_354 = sext i26 %add_ln58_613" [firmware/nnet_utils/nnet_dense_latency.h:58]   --->   Operation 2655 'sext' 'sext_ln58_354' <Predicate = true> <Delay = 0.00>
ST_6 : Operation 2656 [1/1] (1.05ns) (root node of TernaryAdder)   --->   "%add_ln58_614 = add i28 %sext_ln58_354, i28 %add_ln58_603" [firmware/nnet_utils/nnet_dense_latency.h:58]   --->   Operation 2656 'add' 'add_ln58_614' <Predicate = true> <Delay = 1.05> <CoreInst = "TAddSub">   --->   Core 10 'TAddSub' <Latency = 0> <II = 1> <Delay = 0.53> <IPBlock> <Opcode : '' 'add' 'sub'> <InPorts = 3> <OutPorts = 1> <Sync> <CReg>
ST_6 : Operation 2657 [1/1] (0.00ns)   --->   "%sext_ln58_172 = sext i28 %add_ln58_614" [firmware/nnet_utils/nnet_dense_latency.h:58]   --->   Operation 2657 'sext' 'sext_ln58_172' <Predicate = true> <Delay = 0.00>
ST_6 : Operation 2658 [1/1] (0.00ns)   --->   "%sext_ln58_173 = sext i28 %add_ln58_634" [firmware/nnet_utils/nnet_dense_latency.h:58]   --->   Operation 2658 'sext' 'sext_ln58_173' <Predicate = true> <Delay = 0.00>
ST_6 : Operation 2659 [1/1] (0.00ns)   --->   "%sext_ln58_370 = sext i25 %add_ln58_642" [firmware/nnet_utils/nnet_dense_latency.h:58]   --->   Operation 2659 'sext' 'sext_ln58_370' <Predicate = true> <Delay = 0.00>
ST_6 : Operation 2660 [1/1] (0.00ns)   --->   "%sext_ln58_373 = sext i26 %add_ln58_645" [firmware/nnet_utils/nnet_dense_latency.h:58]   --->   Operation 2660 'sext' 'sext_ln58_373' <Predicate = true> <Delay = 0.00>
ST_6 : Operation 2661 [1/1] (1.46ns)   --->   "%add_ln58_646 = add i27 %sext_ln58_373, i27 %sext_ln58_370" [firmware/nnet_utils/nnet_dense_latency.h:58]   --->   Operation 2661 'add' 'add_ln58_646' <Predicate = true> <Delay = 1.46> <CoreInst = "Adder">   --->   Core 1 'Adder' <Latency = 0> <II = 1> <Delay = 1.46> <FuncUnit> <Opcode : 'add' 'sub'> <InPorts = 2> <OutPorts = 1>
ST_6 : Operation 2662 [1/1] (0.00ns)   --->   "%sext_ln58_374 = sext i27 %add_ln58_646" [firmware/nnet_utils/nnet_dense_latency.h:58]   --->   Operation 2662 'sext' 'sext_ln58_374' <Predicate = true> <Delay = 0.00>
ST_6 : Operation 2663 [1/1] (0.00ns) (grouped into TernaryAdder)   --->   "%add_ln58_647 = add i29 %sext_ln58_374, i29 %add_ln58_640" [firmware/nnet_utils/nnet_dense_latency.h:58]   --->   Operation 2663 'add' 'add_ln58_647' <Predicate = true> <Delay = 0.00> <CoreInst = "TAddSub">   --->   Core 10 'TAddSub' <Latency = 0> <II = 1> <Delay = 0.53> <IPBlock> <Opcode : '' 'add' 'sub'> <InPorts = 3> <OutPorts = 1> <Sync> <CReg>
ST_6 : Operation 2664 [1/1] (0.00ns)   --->   "%sext_ln58_379 = sext i26 %add_ln58_653" [firmware/nnet_utils/nnet_dense_latency.h:58]   --->   Operation 2664 'sext' 'sext_ln58_379' <Predicate = true> <Delay = 0.00>
ST_6 : Operation 2665 [1/1] (0.00ns)   --->   "%sext_ln58_384 = sext i25 %add_ln58_659" [firmware/nnet_utils/nnet_dense_latency.h:58]   --->   Operation 2665 'sext' 'sext_ln58_384' <Predicate = true> <Delay = 0.00>
ST_6 : Operation 2666 [1/1] (1.46ns)   --->   "%add_ln58_660 = add i27 %sext_ln58_384, i27 %sext_ln58_379" [firmware/nnet_utils/nnet_dense_latency.h:58]   --->   Operation 2666 'add' 'add_ln58_660' <Predicate = true> <Delay = 1.46> <CoreInst = "Adder">   --->   Core 1 'Adder' <Latency = 0> <II = 1> <Delay = 1.46> <FuncUnit> <Opcode : 'add' 'sub'> <InPorts = 2> <OutPorts = 1>
ST_6 : Operation 2667 [1/1] (0.00ns)   --->   "%sext_ln58_385 = sext i27 %add_ln58_660" [firmware/nnet_utils/nnet_dense_latency.h:58]   --->   Operation 2667 'sext' 'sext_ln58_385' <Predicate = true> <Delay = 0.00>
ST_6 : Operation 2668 [1/1] (1.06ns) (root node of TernaryAdder)   --->   "%add_ln58_661 = add i29 %sext_ln58_385, i29 %add_ln58_647" [firmware/nnet_utils/nnet_dense_latency.h:58]   --->   Operation 2668 'add' 'add_ln58_661' <Predicate = true> <Delay = 1.06> <CoreInst = "TAddSub">   --->   Core 10 'TAddSub' <Latency = 0> <II = 1> <Delay = 0.53> <IPBlock> <Opcode : '' 'add' 'sub'> <InPorts = 3> <OutPorts = 1> <Sync> <CReg>
ST_6 : Operation 2669 [1/1] (0.00ns)   --->   "%sext_ln58_174 = sext i29 %add_ln58_661" [firmware/nnet_utils/nnet_dense_latency.h:58]   --->   Operation 2669 'sext' 'sext_ln58_174' <Predicate = true> <Delay = 0.00>
ST_6 : Operation 2670 [1/1] (0.00ns)   --->   "%sext_ln58_391 = sext i26 %add_ln58_671" [firmware/nnet_utils/nnet_dense_latency.h:58]   --->   Operation 2670 'sext' 'sext_ln58_391' <Predicate = true> <Delay = 0.00>
ST_6 : Operation 2671 [1/1] (0.00ns) (grouped into TernaryAdder)   --->   "%add_ln58_672 = add i29 %sext_ln58_391, i29 %add_ln58_666" [firmware/nnet_utils/nnet_dense_latency.h:58]   --->   Operation 2671 'add' 'add_ln58_672' <Predicate = true> <Delay = 0.00> <CoreInst = "TAddSub">   --->   Core 10 'TAddSub' <Latency = 0> <II = 1> <Delay = 0.53> <IPBlock> <Opcode : '' 'add' 'sub'> <InPorts = 3> <OutPorts = 1> <Sync> <CReg>
ST_6 : Operation 2672 [1/1] (0.00ns)   --->   "%sext_ln58_400 = sext i26 %add_ln58_683" [firmware/nnet_utils/nnet_dense_latency.h:58]   --->   Operation 2672 'sext' 'sext_ln58_400' <Predicate = true> <Delay = 0.00>
ST_6 : Operation 2673 [1/1] (1.06ns) (root node of TernaryAdder)   --->   "%add_ln58_684 = add i29 %sext_ln58_400, i29 %add_ln58_672" [firmware/nnet_utils/nnet_dense_latency.h:58]   --->   Operation 2673 'add' 'add_ln58_684' <Predicate = true> <Delay = 1.06> <CoreInst = "TAddSub">   --->   Core 10 'TAddSub' <Latency = 0> <II = 1> <Delay = 0.53> <IPBlock> <Opcode : '' 'add' 'sub'> <InPorts = 3> <OutPorts = 1> <Sync> <CReg>
ST_6 : Operation 2674 [1/1] (0.00ns)   --->   "%sext_ln58_175 = sext i29 %add_ln58_684" [firmware/nnet_utils/nnet_dense_latency.h:58]   --->   Operation 2674 'sext' 'sext_ln58_175' <Predicate = true> <Delay = 0.00>
ST_6 : Operation 2675 [1/1] (1.46ns)   --->   "%add_ln58_685 = add i29 %sext_ln58_167, i29 %sext_ln17_91" [firmware/nnet_utils/nnet_dense_latency.h:58]   --->   Operation 2675 'add' 'add_ln58_685' <Predicate = true> <Delay = 1.46> <CoreInst = "Adder">   --->   Core 1 'Adder' <Latency = 0> <II = 1> <Delay = 1.46> <FuncUnit> <Opcode : 'add' 'sub'> <InPorts = 2> <OutPorts = 1>
ST_6 : Operation 2676 [1/1] (0.00ns)   --->   "%sext_ln58_401 = sext i25 %add_ln58_686" [firmware/nnet_utils/nnet_dense_latency.h:58]   --->   Operation 2676 'sext' 'sext_ln58_401' <Predicate = true> <Delay = 0.00>
ST_6 : Operation 2677 [1/1] (0.00ns) (grouped into TernaryAdder)   --->   "%add_ln58_687 = add i29 %sext_ln58_401, i29 %add_ln58_685" [firmware/nnet_utils/nnet_dense_latency.h:58]   --->   Operation 2677 'add' 'add_ln58_687' <Predicate = true> <Delay = 0.00> <CoreInst = "TAddSub">   --->   Core 10 'TAddSub' <Latency = 0> <II = 1> <Delay = 0.53> <IPBlock> <Opcode : '' 'add' 'sub'> <InPorts = 3> <OutPorts = 1> <Sync> <CReg>
ST_6 : Operation 2678 [1/1] (0.00ns)   --->   "%sext_ln58_404 = sext i26 %add_ln58_690" [firmware/nnet_utils/nnet_dense_latency.h:58]   --->   Operation 2678 'sext' 'sext_ln58_404' <Predicate = true> <Delay = 0.00>
ST_6 : Operation 2679 [1/1] (1.06ns) (root node of TernaryAdder)   --->   "%add_ln58_691 = add i29 %sext_ln58_404, i29 %add_ln58_687" [firmware/nnet_utils/nnet_dense_latency.h:58]   --->   Operation 2679 'add' 'add_ln58_691' <Predicate = true> <Delay = 1.06> <CoreInst = "TAddSub">   --->   Core 10 'TAddSub' <Latency = 0> <II = 1> <Delay = 0.53> <IPBlock> <Opcode : '' 'add' 'sub'> <InPorts = 3> <OutPorts = 1> <Sync> <CReg>
ST_6 : Operation 2680 [1/1] (0.00ns)   --->   "%sext_ln58_407 = sext i26 %add_ln58_694" [firmware/nnet_utils/nnet_dense_latency.h:58]   --->   Operation 2680 'sext' 'sext_ln58_407' <Predicate = true> <Delay = 0.00>
ST_6 : Operation 2681 [1/1] (0.00ns)   --->   "%sext_ln58_410 = sext i26 %add_ln58_697" [firmware/nnet_utils/nnet_dense_latency.h:58]   --->   Operation 2681 'sext' 'sext_ln58_410' <Predicate = true> <Delay = 0.00>
ST_6 : Operation 2682 [1/1] (1.46ns)   --->   "%add_ln58_698 = add i27 %sext_ln58_410, i27 %sext_ln58_407" [firmware/nnet_utils/nnet_dense_latency.h:58]   --->   Operation 2682 'add' 'add_ln58_698' <Predicate = true> <Delay = 1.46> <CoreInst = "Adder">   --->   Core 1 'Adder' <Latency = 0> <II = 1> <Delay = 1.46> <FuncUnit> <Opcode : 'add' 'sub'> <InPorts = 2> <OutPorts = 1>
ST_6 : Operation 2683 [1/1] (0.00ns)   --->   "%sext_ln58_414 = sext i25 %add_ln58_702" [firmware/nnet_utils/nnet_dense_latency.h:58]   --->   Operation 2683 'sext' 'sext_ln58_414' <Predicate = true> <Delay = 0.00>
ST_6 : Operation 2684 [1/1] (0.00ns)   --->   "%sext_ln58_417 = sext i25 %add_ln58_705" [firmware/nnet_utils/nnet_dense_latency.h:58]   --->   Operation 2684 'sext' 'sext_ln58_417' <Predicate = true> <Delay = 0.00>
ST_6 : Operation 2685 [1/1] (1.45ns)   --->   "%add_ln58_706 = add i26 %sext_ln58_417, i26 %sext_ln58_414" [firmware/nnet_utils/nnet_dense_latency.h:58]   --->   Operation 2685 'add' 'add_ln58_706' <Predicate = true> <Delay = 1.45> <CoreInst = "Adder">   --->   Core 1 'Adder' <Latency = 0> <II = 1> <Delay = 1.45> <FuncUnit> <Opcode : 'add' 'sub'> <InPorts = 2> <OutPorts = 1>
ST_6 : Operation 2686 [1/1] (0.00ns)   --->   "%sext_ln58_418 = sext i26 %add_ln58_706" [firmware/nnet_utils/nnet_dense_latency.h:58]   --->   Operation 2686 'sext' 'sext_ln58_418' <Predicate = true> <Delay = 0.00>
ST_6 : Operation 2687 [1/1] (0.00ns)   --->   "%sext_ln58_424 = sext i25 %add_ln58_713" [firmware/nnet_utils/nnet_dense_latency.h:58]   --->   Operation 2687 'sext' 'sext_ln58_424' <Predicate = true> <Delay = 0.00>
ST_6 : Operation 2688 [1/1] (1.46ns)   --->   "%add_ln58_714 = add i27 %sext_ln58_424, i27 %sext_ln58_418" [firmware/nnet_utils/nnet_dense_latency.h:58]   --->   Operation 2688 'add' 'add_ln58_714' <Predicate = true> <Delay = 1.46> <CoreInst = "Adder">   --->   Core 1 'Adder' <Latency = 0> <II = 1> <Delay = 1.46> <FuncUnit> <Opcode : 'add' 'sub'> <InPorts = 2> <OutPorts = 1>
ST_6 : Operation 2689 [1/1] (1.46ns)   --->   "%add_ln58_716 = add i29 %sext_ln58_169, i29 %sext_ln17_105" [firmware/nnet_utils/nnet_dense_latency.h:58]   --->   Operation 2689 'add' 'add_ln58_716' <Predicate = true> <Delay = 1.46> <CoreInst = "Adder">   --->   Core 1 'Adder' <Latency = 0> <II = 1> <Delay = 1.46> <FuncUnit> <Opcode : 'add' 'sub'> <InPorts = 2> <OutPorts = 1>
ST_6 : Operation 2690 [1/1] (1.46ns)   --->   "%add_ln58_717 = add i26 %mult_720, i26 %mult_779" [firmware/nnet_utils/nnet_dense_latency.h:58]   --->   Operation 2690 'add' 'add_ln58_717' <Predicate = true> <Delay = 1.46> <CoreInst = "Adder">   --->   Core 1 'Adder' <Latency = 0> <II = 1> <Delay = 1.46> <FuncUnit> <Opcode : 'add' 'sub'> <InPorts = 2> <OutPorts = 1>
ST_6 : Operation 2691 [1/1] (0.00ns)   --->   "%sext_ln58_426 = sext i26 %add_ln58_717" [firmware/nnet_utils/nnet_dense_latency.h:58]   --->   Operation 2691 'sext' 'sext_ln58_426' <Predicate = true> <Delay = 0.00>
ST_6 : Operation 2692 [1/1] (0.00ns) (grouped into TernaryAdder)   --->   "%add_ln58_718 = add i29 %sext_ln58_426, i29 %add_ln58_716" [firmware/nnet_utils/nnet_dense_latency.h:58]   --->   Operation 2692 'add' 'add_ln58_718' <Predicate = true> <Delay = 0.00> <CoreInst = "TAddSub">   --->   Core 10 'TAddSub' <Latency = 0> <II = 1> <Delay = 0.53> <IPBlock> <Opcode : '' 'add' 'sub'> <InPorts = 3> <OutPorts = 1> <Sync> <CReg>
ST_6 : Operation 2693 [1/1] (0.00ns)   --->   "%sext_ln58_429 = sext i26 %add_ln58_721" [firmware/nnet_utils/nnet_dense_latency.h:58]   --->   Operation 2693 'sext' 'sext_ln58_429' <Predicate = true> <Delay = 0.00>
ST_6 : Operation 2694 [1/1] (1.06ns) (root node of TernaryAdder)   --->   "%add_ln58_722 = add i29 %sext_ln58_429, i29 %add_ln58_718" [firmware/nnet_utils/nnet_dense_latency.h:58]   --->   Operation 2694 'add' 'add_ln58_722' <Predicate = true> <Delay = 1.06> <CoreInst = "TAddSub">   --->   Core 10 'TAddSub' <Latency = 0> <II = 1> <Delay = 0.53> <IPBlock> <Opcode : '' 'add' 'sub'> <InPorts = 3> <OutPorts = 1> <Sync> <CReg>
ST_6 : Operation 2695 [1/1] (0.00ns)   --->   "%sext_ln58_431 = sext i26 %add_ln58_725" [firmware/nnet_utils/nnet_dense_latency.h:58]   --->   Operation 2695 'sext' 'sext_ln58_431' <Predicate = true> <Delay = 0.00>
ST_6 : Operation 2696 [1/1] (0.00ns)   --->   "%sext_ln58_434 = sext i25 %add_ln58_728" [firmware/nnet_utils/nnet_dense_latency.h:58]   --->   Operation 2696 'sext' 'sext_ln58_434' <Predicate = true> <Delay = 0.00>
ST_6 : Operation 2697 [1/1] (1.46ns)   --->   "%add_ln58_729 = add i27 %sext_ln58_434, i27 %sext_ln58_431" [firmware/nnet_utils/nnet_dense_latency.h:58]   --->   Operation 2697 'add' 'add_ln58_729' <Predicate = true> <Delay = 1.46> <CoreInst = "Adder">   --->   Core 1 'Adder' <Latency = 0> <II = 1> <Delay = 1.46> <FuncUnit> <Opcode : 'add' 'sub'> <InPorts = 2> <OutPorts = 1>
ST_6 : Operation 2698 [1/1] (0.00ns)   --->   "%sext_ln58_438 = sext i25 %add_ln58_733" [firmware/nnet_utils/nnet_dense_latency.h:58]   --->   Operation 2698 'sext' 'sext_ln58_438' <Predicate = true> <Delay = 0.00>
ST_6 : Operation 2699 [1/1] (0.00ns)   --->   "%sext_ln58_441 = sext i25 %add_ln58_736" [firmware/nnet_utils/nnet_dense_latency.h:58]   --->   Operation 2699 'sext' 'sext_ln58_441' <Predicate = true> <Delay = 0.00>
ST_6 : Operation 2700 [1/1] (1.45ns)   --->   "%add_ln58_737 = add i26 %sext_ln58_441, i26 %sext_ln58_438" [firmware/nnet_utils/nnet_dense_latency.h:58]   --->   Operation 2700 'add' 'add_ln58_737' <Predicate = true> <Delay = 1.45> <CoreInst = "Adder">   --->   Core 1 'Adder' <Latency = 0> <II = 1> <Delay = 1.45> <FuncUnit> <Opcode : 'add' 'sub'> <InPorts = 2> <OutPorts = 1>
ST_6 : Operation 2701 [1/1] (0.00ns)   --->   "%sext_ln58_443 = sext i24 %add_ln58_738" [firmware/nnet_utils/nnet_dense_latency.h:58]   --->   Operation 2701 'sext' 'sext_ln58_443' <Predicate = true> <Delay = 0.00>
ST_6 : Operation 2702 [1/1] (0.00ns)   --->   "%sext_ln58_444 = sext i24 %add_ln58_739" [firmware/nnet_utils/nnet_dense_latency.h:58]   --->   Operation 2702 'sext' 'sext_ln58_444' <Predicate = true> <Delay = 0.00>
ST_6 : Operation 2703 [1/1] (1.45ns)   --->   "%add_ln58_740 = add i25 %sext_ln58_444, i25 %sext_ln58_443" [firmware/nnet_utils/nnet_dense_latency.h:58]   --->   Operation 2703 'add' 'add_ln58_740' <Predicate = true> <Delay = 1.45> <CoreInst = "Adder">   --->   Core 1 'Adder' <Latency = 0> <II = 1> <Delay = 1.45> <FuncUnit> <Opcode : 'add' 'sub'> <InPorts = 2> <OutPorts = 1>
ST_6 : Operation 2704 [1/1] (0.00ns)   --->   "%sext_ln58_445 = sext i25 %add_ln58_740" [firmware/nnet_utils/nnet_dense_latency.h:58]   --->   Operation 2704 'sext' 'sext_ln58_445' <Predicate = true> <Delay = 0.00>
ST_6 : Operation 2705 [1/1] (0.00ns)   --->   "%sext_ln58_448 = sext i24 %add_ln58_743" [firmware/nnet_utils/nnet_dense_latency.h:58]   --->   Operation 2705 'sext' 'sext_ln58_448' <Predicate = true> <Delay = 0.00>
ST_6 : Operation 2706 [1/1] (1.45ns)   --->   "%add_ln58_744 = add i26 %sext_ln58_448, i26 %sext_ln58_445" [firmware/nnet_utils/nnet_dense_latency.h:58]   --->   Operation 2706 'add' 'add_ln58_744' <Predicate = true> <Delay = 1.45> <CoreInst = "Adder">   --->   Core 1 'Adder' <Latency = 0> <II = 1> <Delay = 1.45> <FuncUnit> <Opcode : 'add' 'sub'> <InPorts = 2> <OutPorts = 1>
ST_6 : Operation 2707 [1/1] (1.46ns)   --->   "%add_ln58_747 = add i29 %sext_ln58_172, i29 %sext_ln17_117" [firmware/nnet_utils/nnet_dense_latency.h:58]   --->   Operation 2707 'add' 'add_ln58_747' <Predicate = true> <Delay = 1.46> <CoreInst = "Adder">   --->   Core 1 'Adder' <Latency = 0> <II = 1> <Delay = 1.46> <FuncUnit> <Opcode : 'add' 'sub'> <InPorts = 2> <OutPorts = 1>
ST_6 : Operation 2708 [1/1] (0.00ns)   --->   "%sext_ln58_457 = sext i26 %add_ln58_756" [firmware/nnet_utils/nnet_dense_latency.h:58]   --->   Operation 2708 'sext' 'sext_ln58_457' <Predicate = true> <Delay = 0.00>
ST_6 : Operation 2709 [1/1] (0.00ns)   --->   "%sext_ln58_460 = sext i26 %add_ln58_759" [firmware/nnet_utils/nnet_dense_latency.h:58]   --->   Operation 2709 'sext' 'sext_ln58_460' <Predicate = true> <Delay = 0.00>
ST_6 : Operation 2710 [1/1] (1.46ns)   --->   "%add_ln58_760 = add i27 %sext_ln58_460, i27 %sext_ln58_457" [firmware/nnet_utils/nnet_dense_latency.h:58]   --->   Operation 2710 'add' 'add_ln58_760' <Predicate = true> <Delay = 1.46> <CoreInst = "Adder">   --->   Core 1 'Adder' <Latency = 0> <II = 1> <Delay = 1.46> <FuncUnit> <Opcode : 'add' 'sub'> <InPorts = 2> <OutPorts = 1>
ST_6 : Operation 2711 [1/1] (0.00ns)   --->   "%sext_ln58_463 = sext i25 %add_ln58_764" [firmware/nnet_utils/nnet_dense_latency.h:58]   --->   Operation 2711 'sext' 'sext_ln58_463' <Predicate = true> <Delay = 0.00>
ST_6 : Operation 2712 [1/1] (0.00ns)   --->   "%sext_ln58_465 = sext i25 %add_ln58_767" [firmware/nnet_utils/nnet_dense_latency.h:58]   --->   Operation 2712 'sext' 'sext_ln58_465' <Predicate = true> <Delay = 0.00>
ST_6 : Operation 2713 [1/1] (1.45ns)   --->   "%add_ln58_768 = add i26 %sext_ln58_465, i26 %sext_ln58_463" [firmware/nnet_utils/nnet_dense_latency.h:58]   --->   Operation 2713 'add' 'add_ln58_768' <Predicate = true> <Delay = 1.45> <CoreInst = "Adder">   --->   Core 1 'Adder' <Latency = 0> <II = 1> <Delay = 1.45> <FuncUnit> <Opcode : 'add' 'sub'> <InPorts = 2> <OutPorts = 1>
ST_6 : Operation 2714 [1/1] (0.00ns)   --->   "%sext_ln58_466 = sext i26 %add_ln58_768" [firmware/nnet_utils/nnet_dense_latency.h:58]   --->   Operation 2714 'sext' 'sext_ln58_466' <Predicate = true> <Delay = 0.00>
ST_6 : Operation 2715 [1/1] (0.00ns)   --->   "%sext_ln58_469 = sext i24 %add_ln58_771" [firmware/nnet_utils/nnet_dense_latency.h:58]   --->   Operation 2715 'sext' 'sext_ln58_469' <Predicate = true> <Delay = 0.00>
ST_6 : Operation 2716 [1/1] (0.00ns)   --->   "%sext_ln58_472 = sext i23 %add_ln58_773" [firmware/nnet_utils/nnet_dense_latency.h:58]   --->   Operation 2716 'sext' 'sext_ln58_472' <Predicate = true> <Delay = 0.00>
ST_6 : Operation 2717 [1/1] (1.45ns)   --->   "%add_ln58_774 = add i25 %sext_ln58_472, i25 %sext_ln58_469" [firmware/nnet_utils/nnet_dense_latency.h:58]   --->   Operation 2717 'add' 'add_ln58_774' <Predicate = true> <Delay = 1.45> <CoreInst = "Adder">   --->   Core 1 'Adder' <Latency = 0> <II = 1> <Delay = 1.45> <FuncUnit> <Opcode : 'add' 'sub'> <InPorts = 2> <OutPorts = 1>
ST_6 : Operation 2718 [1/1] (0.00ns)   --->   "%sext_ln58_473 = sext i25 %add_ln58_774" [firmware/nnet_utils/nnet_dense_latency.h:58]   --->   Operation 2718 'sext' 'sext_ln58_473' <Predicate = true> <Delay = 0.00>
ST_6 : Operation 2719 [1/1] (1.46ns)   --->   "%add_ln58_775 = add i27 %sext_ln58_473, i27 %sext_ln58_466" [firmware/nnet_utils/nnet_dense_latency.h:58]   --->   Operation 2719 'add' 'add_ln58_775' <Predicate = true> <Delay = 1.46> <CoreInst = "Adder">   --->   Core 1 'Adder' <Latency = 0> <II = 1> <Delay = 1.46> <FuncUnit> <Opcode : 'add' 'sub'> <InPorts = 2> <OutPorts = 1>
ST_6 : Operation 2720 [1/1] (1.46ns)   --->   "%add_ln58_777 = add i29 %sext_ln58_168, i29 %sext_ln17_94" [firmware/nnet_utils/nnet_dense_latency.h:58]   --->   Operation 2720 'add' 'add_ln58_777' <Predicate = true> <Delay = 1.46> <CoreInst = "Adder">   --->   Core 1 'Adder' <Latency = 0> <II = 1> <Delay = 1.46> <FuncUnit> <Opcode : 'add' 'sub'> <InPorts = 2> <OutPorts = 1>
ST_6 : Operation 2721 [1/1] (0.00ns)   --->   "%sext_ln58_476 = sext i26 %add_ln58_779" [firmware/nnet_utils/nnet_dense_latency.h:58]   --->   Operation 2721 'sext' 'sext_ln58_476' <Predicate = true> <Delay = 0.00>
ST_6 : Operation 2722 [1/1] (0.00ns) (grouped into TernaryAdder)   --->   "%add_ln58_780 = add i29 %sext_ln58_476, i29 %add_ln58_777" [firmware/nnet_utils/nnet_dense_latency.h:58]   --->   Operation 2722 'add' 'add_ln58_780' <Predicate = true> <Delay = 0.00> <CoreInst = "TAddSub">   --->   Core 10 'TAddSub' <Latency = 0> <II = 1> <Delay = 0.53> <IPBlock> <Opcode : '' 'add' 'sub'> <InPorts = 3> <OutPorts = 1> <Sync> <CReg>
ST_6 : Operation 2723 [1/1] (0.00ns)   --->   "%sext_ln58_479 = sext i26 %add_ln58_784" [firmware/nnet_utils/nnet_dense_latency.h:58]   --->   Operation 2723 'sext' 'sext_ln58_479' <Predicate = true> <Delay = 0.00>
ST_6 : Operation 2724 [1/1] (1.06ns) (root node of TernaryAdder)   --->   "%add_ln58_785 = add i29 %sext_ln58_479, i29 %add_ln58_780" [firmware/nnet_utils/nnet_dense_latency.h:58]   --->   Operation 2724 'add' 'add_ln58_785' <Predicate = true> <Delay = 1.06> <CoreInst = "TAddSub">   --->   Core 10 'TAddSub' <Latency = 0> <II = 1> <Delay = 0.53> <IPBlock> <Opcode : '' 'add' 'sub'> <InPorts = 3> <OutPorts = 1> <Sync> <CReg>
ST_6 : Operation 2725 [1/1] (0.00ns)   --->   "%sext_ln58_482 = sext i25 %add_ln58_789" [firmware/nnet_utils/nnet_dense_latency.h:58]   --->   Operation 2725 'sext' 'sext_ln58_482' <Predicate = true> <Delay = 0.00>
ST_6 : Operation 2726 [1/1] (0.00ns)   --->   "%sext_ln58_484 = sext i25 %add_ln58_791" [firmware/nnet_utils/nnet_dense_latency.h:58]   --->   Operation 2726 'sext' 'sext_ln58_484' <Predicate = true> <Delay = 0.00>
ST_6 : Operation 2727 [1/1] (0.00ns)   --->   "%sext_ln58_485 = sext i25 %add_ln58_793" [firmware/nnet_utils/nnet_dense_latency.h:58]   --->   Operation 2727 'sext' 'sext_ln58_485' <Predicate = true> <Delay = 0.00>
ST_6 : Operation 2728 [1/1] (1.45ns)   --->   "%add_ln58_794 = add i26 %sext_ln58_485, i26 %sext_ln58_484" [firmware/nnet_utils/nnet_dense_latency.h:58]   --->   Operation 2728 'add' 'add_ln58_794' <Predicate = true> <Delay = 1.45> <CoreInst = "Adder">   --->   Core 1 'Adder' <Latency = 0> <II = 1> <Delay = 1.45> <FuncUnit> <Opcode : 'add' 'sub'> <InPorts = 2> <OutPorts = 1>
ST_6 : Operation 2729 [1/1] (0.00ns)   --->   "%sext_ln58_486 = sext i26 %add_ln58_794" [firmware/nnet_utils/nnet_dense_latency.h:58]   --->   Operation 2729 'sext' 'sext_ln58_486' <Predicate = true> <Delay = 0.00>
ST_6 : Operation 2730 [1/1] (1.46ns)   --->   "%add_ln58_795 = add i27 %sext_ln58_486, i27 %sext_ln58_482" [firmware/nnet_utils/nnet_dense_latency.h:58]   --->   Operation 2730 'add' 'add_ln58_795' <Predicate = true> <Delay = 1.46> <CoreInst = "Adder">   --->   Core 1 'Adder' <Latency = 0> <II = 1> <Delay = 1.46> <FuncUnit> <Opcode : 'add' 'sub'> <InPorts = 2> <OutPorts = 1>
ST_6 : Operation 2731 [1/1] (0.00ns)   --->   "%sext_ln58_488 = sext i24 %add_ln58_797" [firmware/nnet_utils/nnet_dense_latency.h:58]   --->   Operation 2731 'sext' 'sext_ln58_488' <Predicate = true> <Delay = 0.00>
ST_6 : Operation 2732 [1/1] (0.00ns)   --->   "%sext_ln58_490 = sext i24 %add_ln58_799" [firmware/nnet_utils/nnet_dense_latency.h:58]   --->   Operation 2732 'sext' 'sext_ln58_490' <Predicate = true> <Delay = 0.00>
ST_6 : Operation 2733 [1/1] (1.45ns)   --->   "%add_ln58_800 = add i25 %sext_ln58_490, i25 %sext_ln58_488" [firmware/nnet_utils/nnet_dense_latency.h:58]   --->   Operation 2733 'add' 'add_ln58_800' <Predicate = true> <Delay = 1.45> <CoreInst = "Adder">   --->   Core 1 'Adder' <Latency = 0> <II = 1> <Delay = 1.45> <FuncUnit> <Opcode : 'add' 'sub'> <InPorts = 2> <OutPorts = 1>
ST_6 : Operation 2734 [1/1] (0.00ns)   --->   "%sext_ln58_491 = sext i25 %add_ln58_800" [firmware/nnet_utils/nnet_dense_latency.h:58]   --->   Operation 2734 'sext' 'sext_ln58_491' <Predicate = true> <Delay = 0.00>
ST_6 : Operation 2735 [1/1] (0.00ns)   --->   "%sext_ln58_493 = sext i24 %add_ln58_802" [firmware/nnet_utils/nnet_dense_latency.h:58]   --->   Operation 2735 'sext' 'sext_ln58_493' <Predicate = true> <Delay = 0.00>
ST_6 : Operation 2736 [1/1] (0.00ns)   --->   "%sext_ln58_495 = sext i23 %add_ln58_804" [firmware/nnet_utils/nnet_dense_latency.h:58]   --->   Operation 2736 'sext' 'sext_ln58_495' <Predicate = true> <Delay = 0.00>
ST_6 : Operation 2737 [1/1] (1.45ns)   --->   "%add_ln58_805 = add i25 %sext_ln58_495, i25 %sext_ln58_493" [firmware/nnet_utils/nnet_dense_latency.h:58]   --->   Operation 2737 'add' 'add_ln58_805' <Predicate = true> <Delay = 1.45> <CoreInst = "Adder">   --->   Core 1 'Adder' <Latency = 0> <II = 1> <Delay = 1.45> <FuncUnit> <Opcode : 'add' 'sub'> <InPorts = 2> <OutPorts = 1>
ST_6 : Operation 2738 [1/1] (0.00ns)   --->   "%sext_ln58_496 = sext i25 %add_ln58_805" [firmware/nnet_utils/nnet_dense_latency.h:58]   --->   Operation 2738 'sext' 'sext_ln58_496' <Predicate = true> <Delay = 0.00>
ST_6 : Operation 2739 [1/1] (0.00ns) (grouped into TernaryAdder)   --->   "%add_ln58_806 = add i26 %sext_ln58_496, i26 %sext_ln58_491" [firmware/nnet_utils/nnet_dense_latency.h:58]   --->   Operation 2739 'add' 'add_ln58_806' <Predicate = true> <Delay = 0.00> <CoreInst = "TAddSub">   --->   Core 10 'TAddSub' <Latency = 0> <II = 1> <Delay = 0.53> <IPBlock> <Opcode : '' 'add' 'sub'> <InPorts = 3> <OutPorts = 1> <Sync> <CReg>
ST_6 : Operation 2740 [1/1] (0.00ns)   --->   "%sext_ln58_505 = sext i24 %add_ln58_814" [firmware/nnet_utils/nnet_dense_latency.h:58]   --->   Operation 2740 'sext' 'sext_ln58_505' <Predicate = true> <Delay = 0.00>
ST_6 : Operation 2741 [1/1] (1.04ns) (root node of TernaryAdder)   --->   "%add_ln58_815 = add i26 %sext_ln58_505, i26 %add_ln58_806" [firmware/nnet_utils/nnet_dense_latency.h:58]   --->   Operation 2741 'add' 'add_ln58_815' <Predicate = true> <Delay = 1.04> <CoreInst = "TAddSub">   --->   Core 10 'TAddSub' <Latency = 0> <II = 1> <Delay = 0.53> <IPBlock> <Opcode : '' 'add' 'sub'> <InPorts = 3> <OutPorts = 1> <Sync> <CReg>
ST_6 : Operation 2742 [1/1] (0.00ns)   --->   "%sext_ln58_510 = sext i23 %add_ln58_822" [firmware/nnet_utils/nnet_dense_latency.h:58]   --->   Operation 2742 'sext' 'sext_ln58_510' <Predicate = true> <Delay = 0.00>
ST_6 : Operation 2743 [1/1] (1.45ns)   --->   "%add_ln58_823 = add i24 %sext_ln58_510, i24 %mult_1059" [firmware/nnet_utils/nnet_dense_latency.h:58]   --->   Operation 2743 'add' 'add_ln58_823' <Predicate = true> <Delay = 1.45> <CoreInst = "Adder">   --->   Core 1 'Adder' <Latency = 0> <II = 1> <Delay = 1.45> <FuncUnit> <Opcode : 'add' 'sub'> <InPorts = 2> <OutPorts = 1>
ST_6 : Operation 2744 [1/1] (0.00ns)   --->   "%sext_ln58_511 = sext i24 %add_ln58_823" [firmware/nnet_utils/nnet_dense_latency.h:58]   --->   Operation 2744 'sext' 'sext_ln58_511' <Predicate = true> <Delay = 0.00>
ST_6 : Operation 2745 [1/1] (0.00ns)   --->   "%sext_ln58_513 = sext i23 %add_ln58_826" [firmware/nnet_utils/nnet_dense_latency.h:58]   --->   Operation 2745 'sext' 'sext_ln58_513' <Predicate = true> <Delay = 0.00>
ST_6 : Operation 2746 [1/1] (1.45ns)   --->   "%add_ln58_827 = add i25 %sext_ln58_513, i25 %sext_ln58_511" [firmware/nnet_utils/nnet_dense_latency.h:58]   --->   Operation 2746 'add' 'add_ln58_827' <Predicate = true> <Delay = 1.45> <CoreInst = "Adder">   --->   Core 1 'Adder' <Latency = 0> <II = 1> <Delay = 1.45> <FuncUnit> <Opcode : 'add' 'sub'> <InPorts = 2> <OutPorts = 1>
ST_6 : Operation 2747 [1/1] (1.46ns)   --->   "%add_ln58_829 = add i27 %mult_822, i27 %mult_1032" [firmware/nnet_utils/nnet_dense_latency.h:58]   --->   Operation 2747 'add' 'add_ln58_829' <Predicate = true> <Delay = 1.46> <CoreInst = "Adder">   --->   Core 1 'Adder' <Latency = 0> <II = 1> <Delay = 1.46> <FuncUnit> <Opcode : 'add' 'sub'> <InPorts = 2> <OutPorts = 1>
ST_6 : Operation 2748 [1/1] (0.00ns)   --->   "%sext_ln58_515 = sext i27 %add_ln58_829" [firmware/nnet_utils/nnet_dense_latency.h:58]   --->   Operation 2748 'sext' 'sext_ln58_515' <Predicate = true> <Delay = 0.00>
ST_6 : Operation 2749 [1/1] (0.00ns) (grouped into TernaryAdder)   --->   "%add_ln58_830 = add i30 %sext_ln58_515, i30 %sext_ln58_175" [firmware/nnet_utils/nnet_dense_latency.h:58]   --->   Operation 2749 'add' 'add_ln58_830' <Predicate = true> <Delay = 0.00> <CoreInst = "TAddSub">   --->   Core 10 'TAddSub' <Latency = 0> <II = 1> <Delay = 0.53> <IPBlock> <Opcode : '' 'add' 'sub'> <InPorts = 3> <OutPorts = 1> <Sync> <CReg>
ST_6 : Operation 2750 [1/1] (0.00ns)   --->   "%sext_ln58_517 = sext i26 %add_ln58_832" [firmware/nnet_utils/nnet_dense_latency.h:58]   --->   Operation 2750 'sext' 'sext_ln58_517' <Predicate = true> <Delay = 0.00>
ST_6 : Operation 2751 [1/1] (1.06ns) (root node of TernaryAdder)   --->   "%add_ln58_833 = add i30 %sext_ln58_517, i30 %add_ln58_830" [firmware/nnet_utils/nnet_dense_latency.h:58]   --->   Operation 2751 'add' 'add_ln58_833' <Predicate = true> <Delay = 1.06> <CoreInst = "TAddSub">   --->   Core 10 'TAddSub' <Latency = 0> <II = 1> <Delay = 0.53> <IPBlock> <Opcode : '' 'add' 'sub'> <InPorts = 3> <OutPorts = 1> <Sync> <CReg>
ST_6 : Operation 2752 [1/1] (0.00ns)   --->   "%sext_ln58_518 = sext i25 %add_ln58_834" [firmware/nnet_utils/nnet_dense_latency.h:58]   --->   Operation 2752 'sext' 'sext_ln58_518' <Predicate = true> <Delay = 0.00>
ST_6 : Operation 2753 [1/1] (1.45ns)   --->   "%add_ln58_835 = add i26 %sext_ln58_518, i26 %sext_ln17_148" [firmware/nnet_utils/nnet_dense_latency.h:58]   --->   Operation 2753 'add' 'add_ln58_835' <Predicate = true> <Delay = 1.45> <CoreInst = "Adder">   --->   Core 1 'Adder' <Latency = 0> <II = 1> <Delay = 1.45> <FuncUnit> <Opcode : 'add' 'sub'> <InPorts = 2> <OutPorts = 1>
ST_6 : Operation 2754 [1/1] (0.00ns)   --->   "%sext_ln58_519 = sext i26 %add_ln58_835" [firmware/nnet_utils/nnet_dense_latency.h:58]   --->   Operation 2754 'sext' 'sext_ln58_519' <Predicate = true> <Delay = 0.00>
ST_6 : Operation 2755 [1/1] (0.00ns)   --->   "%sext_ln58_522 = sext i26 %add_ln58_838" [firmware/nnet_utils/nnet_dense_latency.h:58]   --->   Operation 2755 'sext' 'sext_ln58_522' <Predicate = true> <Delay = 0.00>
ST_6 : Operation 2756 [1/1] (1.46ns)   --->   "%add_ln58_839 = add i27 %sext_ln58_522, i27 %sext_ln58_519" [firmware/nnet_utils/nnet_dense_latency.h:58]   --->   Operation 2756 'add' 'add_ln58_839' <Predicate = true> <Delay = 1.46> <CoreInst = "Adder">   --->   Core 1 'Adder' <Latency = 0> <II = 1> <Delay = 1.46> <FuncUnit> <Opcode : 'add' 'sub'> <InPorts = 2> <OutPorts = 1>
ST_6 : Operation 2757 [1/1] (0.00ns)   --->   "%sext_ln58_527 = sext i26 %add_ln58_846" [firmware/nnet_utils/nnet_dense_latency.h:58]   --->   Operation 2757 'sext' 'sext_ln58_527' <Predicate = true> <Delay = 0.00>
ST_6 : Operation 2758 [1/1] (0.00ns)   --->   "%sext_ln58_529 = sext i24 %add_ln58_848" [firmware/nnet_utils/nnet_dense_latency.h:58]   --->   Operation 2758 'sext' 'sext_ln58_529' <Predicate = true> <Delay = 0.00>
ST_6 : Operation 2759 [1/1] (0.00ns)   --->   "%sext_ln58_532 = sext i24 %add_ln58_851" [firmware/nnet_utils/nnet_dense_latency.h:58]   --->   Operation 2759 'sext' 'sext_ln58_532' <Predicate = true> <Delay = 0.00>
ST_6 : Operation 2760 [1/1] (1.45ns)   --->   "%add_ln58_852 = add i25 %sext_ln58_532, i25 %sext_ln58_529" [firmware/nnet_utils/nnet_dense_latency.h:58]   --->   Operation 2760 'add' 'add_ln58_852' <Predicate = true> <Delay = 1.45> <CoreInst = "Adder">   --->   Core 1 'Adder' <Latency = 0> <II = 1> <Delay = 1.45> <FuncUnit> <Opcode : 'add' 'sub'> <InPorts = 2> <OutPorts = 1>
ST_6 : Operation 2761 [1/1] (0.00ns)   --->   "%sext_ln58_533 = sext i25 %add_ln58_852" [firmware/nnet_utils/nnet_dense_latency.h:58]   --->   Operation 2761 'sext' 'sext_ln58_533' <Predicate = true> <Delay = 0.00>
ST_6 : Operation 2762 [1/1] (1.46ns)   --->   "%add_ln58_853 = add i27 %sext_ln58_533, i27 %sext_ln58_527" [firmware/nnet_utils/nnet_dense_latency.h:58]   --->   Operation 2762 'add' 'add_ln58_853' <Predicate = true> <Delay = 1.46> <CoreInst = "Adder">   --->   Core 1 'Adder' <Latency = 0> <II = 1> <Delay = 1.46> <FuncUnit> <Opcode : 'add' 'sub'> <InPorts = 2> <OutPorts = 1>
ST_6 : Operation 2763 [1/1] (1.46ns)   --->   "%add_ln58_855 = add i29 %sext_ln58_171, i29 %sext_ln17_113" [firmware/nnet_utils/nnet_dense_latency.h:58]   --->   Operation 2763 'add' 'add_ln58_855' <Predicate = true> <Delay = 1.46> <CoreInst = "Adder">   --->   Core 1 'Adder' <Latency = 0> <II = 1> <Delay = 1.46> <FuncUnit> <Opcode : 'add' 'sub'> <InPorts = 2> <OutPorts = 1>
ST_6 : Operation 2764 [1/1] (1.45ns)   --->   "%add_ln58_856 = add i25 %mult_758, i25 %mult_768" [firmware/nnet_utils/nnet_dense_latency.h:58]   --->   Operation 2764 'add' 'add_ln58_856' <Predicate = true> <Delay = 1.45> <CoreInst = "Adder">   --->   Core 1 'Adder' <Latency = 0> <II = 1> <Delay = 1.45> <FuncUnit> <Opcode : 'add' 'sub'> <InPorts = 2> <OutPorts = 1>
ST_6 : Operation 2765 [1/1] (0.00ns)   --->   "%sext_ln58_535 = sext i25 %add_ln58_856" [firmware/nnet_utils/nnet_dense_latency.h:58]   --->   Operation 2765 'sext' 'sext_ln58_535' <Predicate = true> <Delay = 0.00>
ST_6 : Operation 2766 [1/1] (0.00ns) (grouped into TernaryAdder)   --->   "%add_ln58_857 = add i29 %sext_ln58_535, i29 %add_ln58_855" [firmware/nnet_utils/nnet_dense_latency.h:58]   --->   Operation 2766 'add' 'add_ln58_857' <Predicate = true> <Delay = 0.00> <CoreInst = "TAddSub">   --->   Core 10 'TAddSub' <Latency = 0> <II = 1> <Delay = 0.53> <IPBlock> <Opcode : '' 'add' 'sub'> <InPorts = 3> <OutPorts = 1> <Sync> <CReg>
ST_6 : Operation 2767 [1/1] (0.00ns)   --->   "%sext_ln58_538 = sext i26 %add_ln58_861" [firmware/nnet_utils/nnet_dense_latency.h:58]   --->   Operation 2767 'sext' 'sext_ln58_538' <Predicate = true> <Delay = 0.00>
ST_6 : Operation 2768 [1/1] (1.06ns) (root node of TernaryAdder)   --->   "%add_ln58_862 = add i29 %sext_ln58_538, i29 %add_ln58_857" [firmware/nnet_utils/nnet_dense_latency.h:58]   --->   Operation 2768 'add' 'add_ln58_862' <Predicate = true> <Delay = 1.06> <CoreInst = "TAddSub">   --->   Core 10 'TAddSub' <Latency = 0> <II = 1> <Delay = 0.53> <IPBlock> <Opcode : '' 'add' 'sub'> <InPorts = 3> <OutPorts = 1> <Sync> <CReg>
ST_6 : Operation 2769 [1/1] (1.45ns)   --->   "%add_ln58_866 = add i25 %mult_1043, i25 %mult_1053" [firmware/nnet_utils/nnet_dense_latency.h:58]   --->   Operation 2769 'add' 'add_ln58_866' <Predicate = true> <Delay = 1.45> <CoreInst = "Adder">   --->   Core 1 'Adder' <Latency = 0> <II = 1> <Delay = 1.45> <FuncUnit> <Opcode : 'add' 'sub'> <InPorts = 2> <OutPorts = 1>
ST_6 : Operation 2770 [1/1] (0.00ns)   --->   "%sext_ln58_542 = sext i25 %add_ln58_866" [firmware/nnet_utils/nnet_dense_latency.h:58]   --->   Operation 2770 'sext' 'sext_ln58_542' <Predicate = true> <Delay = 0.00>
ST_6 : Operation 2771 [1/1] (0.00ns)   --->   "%sext_ln58_543 = sext i25 %add_ln58_868" [firmware/nnet_utils/nnet_dense_latency.h:58]   --->   Operation 2771 'sext' 'sext_ln58_543' <Predicate = true> <Delay = 0.00>
ST_6 : Operation 2772 [1/1] (1.45ns)   --->   "%add_ln58_869 = add i26 %sext_ln58_543, i26 %sext_ln58_542" [firmware/nnet_utils/nnet_dense_latency.h:58]   --->   Operation 2772 'add' 'add_ln58_869' <Predicate = true> <Delay = 1.45> <CoreInst = "Adder">   --->   Core 1 'Adder' <Latency = 0> <II = 1> <Delay = 1.45> <FuncUnit> <Opcode : 'add' 'sub'> <InPorts = 2> <OutPorts = 1>
ST_6 : Operation 2773 [1/1] (0.00ns)   --->   "%sext_ln58_548 = sext i25 %add_ln58_874" [firmware/nnet_utils/nnet_dense_latency.h:58]   --->   Operation 2773 'sext' 'sext_ln58_548' <Predicate = true> <Delay = 0.00>
ST_6 : Operation 2774 [1/1] (0.00ns)   --->   "%sext_ln58_549 = sext i24 %add_ln58_875" [firmware/nnet_utils/nnet_dense_latency.h:58]   --->   Operation 2774 'sext' 'sext_ln58_549' <Predicate = true> <Delay = 0.00>
ST_6 : Operation 2775 [1/1] (0.00ns)   --->   "%sext_ln58_551 = sext i24 %add_ln58_877" [firmware/nnet_utils/nnet_dense_latency.h:58]   --->   Operation 2775 'sext' 'sext_ln58_551' <Predicate = true> <Delay = 0.00>
ST_6 : Operation 2776 [1/1] (1.45ns)   --->   "%add_ln58_878 = add i25 %sext_ln58_551, i25 %sext_ln58_549" [firmware/nnet_utils/nnet_dense_latency.h:58]   --->   Operation 2776 'add' 'add_ln58_878' <Predicate = true> <Delay = 1.45> <CoreInst = "Adder">   --->   Core 1 'Adder' <Latency = 0> <II = 1> <Delay = 1.45> <FuncUnit> <Opcode : 'add' 'sub'> <InPorts = 2> <OutPorts = 1>
ST_6 : Operation 2777 [1/1] (0.00ns)   --->   "%sext_ln58_552 = sext i25 %add_ln58_878" [firmware/nnet_utils/nnet_dense_latency.h:58]   --->   Operation 2777 'sext' 'sext_ln58_552' <Predicate = true> <Delay = 0.00>
ST_6 : Operation 2778 [1/1] (1.45ns)   --->   "%add_ln58_879 = add i26 %sext_ln58_552, i26 %sext_ln58_548" [firmware/nnet_utils/nnet_dense_latency.h:58]   --->   Operation 2778 'add' 'add_ln58_879' <Predicate = true> <Delay = 1.45> <CoreInst = "Adder">   --->   Core 1 'Adder' <Latency = 0> <II = 1> <Delay = 1.45> <FuncUnit> <Opcode : 'add' 'sub'> <InPorts = 2> <OutPorts = 1>
ST_6 : Operation 2779 [1/1] (0.00ns)   --->   "%sext_ln58_556 = sext i24 %add_ln58_882" [firmware/nnet_utils/nnet_dense_latency.h:58]   --->   Operation 2779 'sext' 'sext_ln58_556' <Predicate = true> <Delay = 0.00>
ST_6 : Operation 2780 [1/1] (0.00ns)   --->   "%sext_ln58_559 = sext i23 %add_ln58_885" [firmware/nnet_utils/nnet_dense_latency.h:58]   --->   Operation 2780 'sext' 'sext_ln58_559' <Predicate = true> <Delay = 0.00>
ST_6 : Operation 2781 [1/1] (1.45ns)   --->   "%add_ln58_886 = add i25 %sext_ln58_559, i25 %sext_ln58_556" [firmware/nnet_utils/nnet_dense_latency.h:58]   --->   Operation 2781 'add' 'add_ln58_886' <Predicate = true> <Delay = 1.45> <CoreInst = "Adder">   --->   Core 1 'Adder' <Latency = 0> <II = 1> <Delay = 1.45> <FuncUnit> <Opcode : 'add' 'sub'> <InPorts = 2> <OutPorts = 1>
ST_6 : Operation 2782 [1/1] (1.45ns)   --->   "%add_ln58_889 = add i25 %mul_ln17_27, i25 %mult_1034" [firmware/nnet_utils/nnet_dense_latency.h:58]   --->   Operation 2782 'add' 'add_ln58_889' <Predicate = true> <Delay = 1.45> <CoreInst = "Adder">   --->   Core 1 'Adder' <Latency = 0> <II = 1> <Delay = 1.45> <FuncUnit> <Opcode : 'add' 'sub'> <InPorts = 2> <OutPorts = 1>
ST_6 : Operation 2783 [1/1] (0.00ns)   --->   "%sext_ln58_563 = sext i24 %add_ln58_891" [firmware/nnet_utils/nnet_dense_latency.h:58]   --->   Operation 2783 'sext' 'sext_ln58_563' <Predicate = true> <Delay = 0.00>
ST_6 : Operation 2784 [1/1] (1.45ns)   --->   "%add_ln58_892 = add i24 %mult_1044, i24 %sext_ln17_193" [firmware/nnet_utils/nnet_dense_latency.h:58]   --->   Operation 2784 'add' 'add_ln58_892' <Predicate = true> <Delay = 1.45> <CoreInst = "Adder">   --->   Core 1 'Adder' <Latency = 0> <II = 1> <Delay = 1.45> <FuncUnit> <Opcode : 'add' 'sub'> <InPorts = 2> <OutPorts = 1>
ST_6 : Operation 2785 [1/1] (0.00ns)   --->   "%sext_ln58_564 = sext i24 %add_ln58_892" [firmware/nnet_utils/nnet_dense_latency.h:58]   --->   Operation 2785 'sext' 'sext_ln58_564' <Predicate = true> <Delay = 0.00>
ST_6 : Operation 2786 [1/1] (1.45ns)   --->   "%add_ln58_893 = add i25 %sext_ln58_564, i25 %sext_ln58_563" [firmware/nnet_utils/nnet_dense_latency.h:58]   --->   Operation 2786 'add' 'add_ln58_893' <Predicate = true> <Delay = 1.45> <CoreInst = "Adder">   --->   Core 1 'Adder' <Latency = 0> <II = 1> <Delay = 1.45> <FuncUnit> <Opcode : 'add' 'sub'> <InPorts = 2> <OutPorts = 1>
ST_6 : Operation 2787 [1/1] (1.46ns)   --->   "%add_ln58_895 = add i29 %sext_ln58_170, i29 %sext_ln17_114" [firmware/nnet_utils/nnet_dense_latency.h:58]   --->   Operation 2787 'add' 'add_ln58_895' <Predicate = true> <Delay = 1.46> <CoreInst = "Adder">   --->   Core 1 'Adder' <Latency = 0> <II = 1> <Delay = 1.46> <FuncUnit> <Opcode : 'add' 'sub'> <InPorts = 2> <OutPorts = 1>
ST_6 : Operation 2788 [1/1] (0.00ns)   --->   "%sext_ln58_566 = sext i25 %add_ln58_896" [firmware/nnet_utils/nnet_dense_latency.h:58]   --->   Operation 2788 'sext' 'sext_ln58_566' <Predicate = true> <Delay = 0.00>
ST_6 : Operation 2789 [1/1] (0.00ns) (grouped into TernaryAdder)   --->   "%add_ln58_897 = add i29 %sext_ln58_566, i29 %add_ln58_895" [firmware/nnet_utils/nnet_dense_latency.h:58]   --->   Operation 2789 'add' 'add_ln58_897' <Predicate = true> <Delay = 0.00> <CoreInst = "TAddSub">   --->   Core 10 'TAddSub' <Latency = 0> <II = 1> <Delay = 0.53> <IPBlock> <Opcode : '' 'add' 'sub'> <InPorts = 3> <OutPorts = 1> <Sync> <CReg>
ST_6 : Operation 2790 [1/1] (0.00ns)   --->   "%sext_ln58_569 = sext i26 %add_ln58_901" [firmware/nnet_utils/nnet_dense_latency.h:58]   --->   Operation 2790 'sext' 'sext_ln58_569' <Predicate = true> <Delay = 0.00>
ST_6 : Operation 2791 [1/1] (1.06ns) (root node of TernaryAdder)   --->   "%add_ln58_902 = add i29 %sext_ln58_569, i29 %add_ln58_897" [firmware/nnet_utils/nnet_dense_latency.h:58]   --->   Operation 2791 'add' 'add_ln58_902' <Predicate = true> <Delay = 1.06> <CoreInst = "TAddSub">   --->   Core 10 'TAddSub' <Latency = 0> <II = 1> <Delay = 0.53> <IPBlock> <Opcode : '' 'add' 'sub'> <InPorts = 3> <OutPorts = 1> <Sync> <CReg>
ST_6 : Operation 2792 [1/1] (1.45ns)   --->   "%add_ln58_906 = add i25 %mult_998, i25 %mult_1006" [firmware/nnet_utils/nnet_dense_latency.h:58]   --->   Operation 2792 'add' 'add_ln58_906' <Predicate = true> <Delay = 1.45> <CoreInst = "Adder">   --->   Core 1 'Adder' <Latency = 0> <II = 1> <Delay = 1.45> <FuncUnit> <Opcode : 'add' 'sub'> <InPorts = 2> <OutPorts = 1>
ST_6 : Operation 2793 [1/1] (0.00ns)   --->   "%sext_ln58_573 = sext i25 %add_ln58_906" [firmware/nnet_utils/nnet_dense_latency.h:58]   --->   Operation 2793 'sext' 'sext_ln58_573' <Predicate = true> <Delay = 0.00>
ST_6 : Operation 2794 [1/1] (0.00ns)   --->   "%sext_ln58_574 = sext i24 %add_ln58_907" [firmware/nnet_utils/nnet_dense_latency.h:58]   --->   Operation 2794 'sext' 'sext_ln58_574' <Predicate = true> <Delay = 0.00>
ST_6 : Operation 2795 [1/1] (1.45ns)   --->   "%add_ln58_908 = add i25 %sext_ln58_574, i25 %mult_1035" [firmware/nnet_utils/nnet_dense_latency.h:58]   --->   Operation 2795 'add' 'add_ln58_908' <Predicate = true> <Delay = 1.45> <CoreInst = "Adder">   --->   Core 1 'Adder' <Latency = 0> <II = 1> <Delay = 1.45> <FuncUnit> <Opcode : 'add' 'sub'> <InPorts = 2> <OutPorts = 1>
ST_6 : Operation 2796 [1/1] (0.00ns)   --->   "%sext_ln58_575 = sext i25 %add_ln58_908" [firmware/nnet_utils/nnet_dense_latency.h:58]   --->   Operation 2796 'sext' 'sext_ln58_575' <Predicate = true> <Delay = 0.00>
ST_6 : Operation 2797 [1/1] (1.45ns)   --->   "%add_ln58_909 = add i26 %sext_ln58_575, i26 %sext_ln58_573" [firmware/nnet_utils/nnet_dense_latency.h:58]   --->   Operation 2797 'add' 'add_ln58_909' <Predicate = true> <Delay = 1.45> <CoreInst = "Adder">   --->   Core 1 'Adder' <Latency = 0> <II = 1> <Delay = 1.45> <FuncUnit> <Opcode : 'add' 'sub'> <InPorts = 2> <OutPorts = 1>
ST_6 : Operation 2798 [1/1] (0.00ns)   --->   "%sext_ln58_580 = sext i25 %add_ln58_914" [firmware/nnet_utils/nnet_dense_latency.h:58]   --->   Operation 2798 'sext' 'sext_ln58_580' <Predicate = true> <Delay = 0.00>
ST_6 : Operation 2799 [1/1] (0.00ns)   --->   "%sext_ln58_581 = sext i24 %add_ln58_915" [firmware/nnet_utils/nnet_dense_latency.h:58]   --->   Operation 2799 'sext' 'sext_ln58_581' <Predicate = true> <Delay = 0.00>
ST_6 : Operation 2800 [1/1] (0.00ns)   --->   "%sext_ln58_583 = sext i24 %add_ln58_917" [firmware/nnet_utils/nnet_dense_latency.h:58]   --->   Operation 2800 'sext' 'sext_ln58_583' <Predicate = true> <Delay = 0.00>
ST_6 : Operation 2801 [1/1] (1.45ns)   --->   "%add_ln58_918 = add i25 %sext_ln58_583, i25 %sext_ln58_581" [firmware/nnet_utils/nnet_dense_latency.h:58]   --->   Operation 2801 'add' 'add_ln58_918' <Predicate = true> <Delay = 1.45> <CoreInst = "Adder">   --->   Core 1 'Adder' <Latency = 0> <II = 1> <Delay = 1.45> <FuncUnit> <Opcode : 'add' 'sub'> <InPorts = 2> <OutPorts = 1>
ST_6 : Operation 2802 [1/1] (0.00ns)   --->   "%sext_ln58_584 = sext i25 %add_ln58_918" [firmware/nnet_utils/nnet_dense_latency.h:58]   --->   Operation 2802 'sext' 'sext_ln58_584' <Predicate = true> <Delay = 0.00>
ST_6 : Operation 2803 [1/1] (1.45ns)   --->   "%add_ln58_919 = add i26 %sext_ln58_584, i26 %sext_ln58_580" [firmware/nnet_utils/nnet_dense_latency.h:58]   --->   Operation 2803 'add' 'add_ln58_919' <Predicate = true> <Delay = 1.45> <CoreInst = "Adder">   --->   Core 1 'Adder' <Latency = 0> <II = 1> <Delay = 1.45> <FuncUnit> <Opcode : 'add' 'sub'> <InPorts = 2> <OutPorts = 1>
ST_6 : Operation 2804 [1/1] (0.00ns)   --->   "%sext_ln58_586 = sext i23 %add_ln58_920" [firmware/nnet_utils/nnet_dense_latency.h:58]   --->   Operation 2804 'sext' 'sext_ln58_586' <Predicate = true> <Delay = 0.00>
ST_6 : Operation 2805 [1/1] (0.00ns)   --->   "%sext_ln58_588 = sext i24 %add_ln58_922" [firmware/nnet_utils/nnet_dense_latency.h:58]   --->   Operation 2805 'sext' 'sext_ln58_588' <Predicate = true> <Delay = 0.00>
ST_6 : Operation 2806 [1/1] (0.00ns) (grouped into TernaryAdder)   --->   "%add_ln58_923 = add i25 %sext_ln58_588, i25 %sext_ln58_586" [firmware/nnet_utils/nnet_dense_latency.h:58]   --->   Operation 2806 'add' 'add_ln58_923' <Predicate = true> <Delay = 0.00> <CoreInst = "TAddSub">   --->   Core 10 'TAddSub' <Latency = 0> <II = 1> <Delay = 0.53> <IPBlock> <Opcode : '' 'add' 'sub'> <InPorts = 3> <OutPorts = 1> <Sync> <CReg>
ST_6 : Operation 2807 [1/1] (0.00ns)   --->   "%sext_ln58_589 = sext i22 %add_ln58_924" [firmware/nnet_utils/nnet_dense_latency.h:58]   --->   Operation 2807 'sext' 'sext_ln58_589' <Predicate = true> <Delay = 0.00>
ST_6 : Operation 2808 [1/1] (0.00ns)   --->   "%sext_ln58_591 = sext i21 %sub_ln58_5" [firmware/nnet_utils/nnet_dense_latency.h:58]   --->   Operation 2808 'sext' 'sext_ln58_591' <Predicate = true> <Delay = 0.00>
ST_6 : Operation 2809 [1/1] (1.44ns)   --->   "%add_ln58_926 = add i23 %sext_ln58_591, i23 %sext_ln58_589" [firmware/nnet_utils/nnet_dense_latency.h:58]   --->   Operation 2809 'add' 'add_ln58_926' <Predicate = true> <Delay = 1.44> <CoreInst = "Adder">   --->   Core 1 'Adder' <Latency = 0> <II = 1> <Delay = 1.44> <FuncUnit> <Opcode : 'add' 'sub'> <InPorts = 2> <OutPorts = 1>
ST_6 : Operation 2810 [1/1] (0.00ns)   --->   "%sext_ln58_592 = sext i23 %add_ln58_926" [firmware/nnet_utils/nnet_dense_latency.h:58]   --->   Operation 2810 'sext' 'sext_ln58_592' <Predicate = true> <Delay = 0.00>
ST_6 : Operation 2811 [1/1] (1.04ns) (root node of TernaryAdder)   --->   "%add_ln58_927 = add i25 %sext_ln58_592, i25 %add_ln58_923" [firmware/nnet_utils/nnet_dense_latency.h:58]   --->   Operation 2811 'add' 'add_ln58_927' <Predicate = true> <Delay = 1.04> <CoreInst = "TAddSub">   --->   Core 10 'TAddSub' <Latency = 0> <II = 1> <Delay = 0.53> <IPBlock> <Opcode : '' 'add' 'sub'> <InPorts = 3> <OutPorts = 1> <Sync> <CReg>
ST_6 : Operation 2812 [1/1] (0.00ns)   --->   "%sext_ln58_188 = sext i27 %add_ln58_943" [firmware/nnet_utils/nnet_dense_latency.h:58]   --->   Operation 2812 'sext' 'sext_ln58_188' <Predicate = true> <Delay = 0.00>
ST_6 : Operation 2813 [1/1] (0.00ns)   --->   "%sext_ln58_605 = sext i25 %add_ln58_944" [firmware/nnet_utils/nnet_dense_latency.h:58]   --->   Operation 2813 'sext' 'sext_ln58_605' <Predicate = true> <Delay = 0.00>
ST_6 : Operation 2814 [1/1] (0.00ns) (grouped into TernaryAdder)   --->   "%add_ln58_945 = add i28 %sext_ln58_605, i28 %sext_ln58_188" [firmware/nnet_utils/nnet_dense_latency.h:58]   --->   Operation 2814 'add' 'add_ln58_945' <Predicate = true> <Delay = 0.00> <CoreInst = "TAddSub">   --->   Core 10 'TAddSub' <Latency = 0> <II = 1> <Delay = 0.53> <IPBlock> <Opcode : '' 'add' 'sub'> <InPorts = 3> <OutPorts = 1> <Sync> <CReg>
ST_6 : Operation 2815 [1/1] (0.00ns)   --->   "%sext_ln58_607 = sext i26 %add_ln58_947" [firmware/nnet_utils/nnet_dense_latency.h:58]   --->   Operation 2815 'sext' 'sext_ln58_607' <Predicate = true> <Delay = 0.00>
ST_6 : Operation 2816 [1/1] (1.05ns) (root node of TernaryAdder)   --->   "%add_ln58_948 = add i28 %sext_ln58_607, i28 %add_ln58_945" [firmware/nnet_utils/nnet_dense_latency.h:58]   --->   Operation 2816 'add' 'add_ln58_948' <Predicate = true> <Delay = 1.05> <CoreInst = "TAddSub">   --->   Core 10 'TAddSub' <Latency = 0> <II = 1> <Delay = 0.53> <IPBlock> <Opcode : '' 'add' 'sub'> <InPorts = 3> <OutPorts = 1> <Sync> <CReg>
ST_6 : Operation 2817 [1/1] (0.00ns)   --->   "%sext_ln58_609 = sext i25 %add_ln58_950" [firmware/nnet_utils/nnet_dense_latency.h:58]   --->   Operation 2817 'sext' 'sext_ln58_609' <Predicate = true> <Delay = 0.00>
ST_6 : Operation 2818 [1/1] (0.00ns)   --->   "%sext_ln58_612 = sext i25 %add_ln58_953" [firmware/nnet_utils/nnet_dense_latency.h:58]   --->   Operation 2818 'sext' 'sext_ln58_612' <Predicate = true> <Delay = 0.00>
ST_6 : Operation 2819 [1/1] (1.45ns)   --->   "%add_ln58_954 = add i26 %sext_ln58_612, i26 %sext_ln58_609" [firmware/nnet_utils/nnet_dense_latency.h:58]   --->   Operation 2819 'add' 'add_ln58_954' <Predicate = true> <Delay = 1.45> <CoreInst = "Adder">   --->   Core 1 'Adder' <Latency = 0> <II = 1> <Delay = 1.45> <FuncUnit> <Opcode : 'add' 'sub'> <InPorts = 2> <OutPorts = 1>
ST_6 : Operation 2820 [1/1] (0.00ns)   --->   "%sext_ln58_613 = sext i26 %add_ln58_954" [firmware/nnet_utils/nnet_dense_latency.h:58]   --->   Operation 2820 'sext' 'sext_ln58_613' <Predicate = true> <Delay = 0.00>
ST_6 : Operation 2821 [1/1] (0.00ns) (grouped into TernaryAdder)   --->   "%add_ln58_955 = add i28 %sext_ln58_613, i28 %add_ln58_948" [firmware/nnet_utils/nnet_dense_latency.h:58]   --->   Operation 2821 'add' 'add_ln58_955' <Predicate = true> <Delay = 0.00> <CoreInst = "TAddSub">   --->   Core 10 'TAddSub' <Latency = 0> <II = 1> <Delay = 0.53> <IPBlock> <Opcode : '' 'add' 'sub'> <InPorts = 3> <OutPorts = 1> <Sync> <CReg>
ST_6 : Operation 2822 [1/1] (0.00ns)   --->   "%sext_ln58_621 = sext i25 %add_ln58_967" [firmware/nnet_utils/nnet_dense_latency.h:58]   --->   Operation 2822 'sext' 'sext_ln58_621' <Predicate = true> <Delay = 0.00>
ST_6 : Operation 2823 [1/1] (1.05ns) (root node of TernaryAdder)   --->   "%add_ln58_968 = add i28 %sext_ln58_621, i28 %add_ln58_955" [firmware/nnet_utils/nnet_dense_latency.h:58]   --->   Operation 2823 'add' 'add_ln58_968' <Predicate = true> <Delay = 1.05> <CoreInst = "TAddSub">   --->   Core 10 'TAddSub' <Latency = 0> <II = 1> <Delay = 0.53> <IPBlock> <Opcode : '' 'add' 'sub'> <InPorts = 3> <OutPorts = 1> <Sync> <CReg>
ST_6 : Operation 2824 [1/1] (0.00ns)   --->   "%sext_ln58_189 = sext i28 %add_ln58_968" [firmware/nnet_utils/nnet_dense_latency.h:58]   --->   Operation 2824 'sext' 'sext_ln58_189' <Predicate = true> <Delay = 0.00>
ST_6 : Operation 2825 [1/1] (0.00ns)   --->   "%sext_ln58_622 = sext i25 %add_ln58_969" [firmware/nnet_utils/nnet_dense_latency.h:58]   --->   Operation 2825 'sext' 'sext_ln58_622' <Predicate = true> <Delay = 0.00>
ST_6 : Operation 2826 [1/1] (0.00ns) (grouped into TernaryAdder)   --->   "%add_ln58_970 = add i29 %sext_ln58_622, i29 %sext_ln58_189" [firmware/nnet_utils/nnet_dense_latency.h:58]   --->   Operation 2826 'add' 'add_ln58_970' <Predicate = true> <Delay = 0.00> <CoreInst = "TAddSub">   --->   Core 10 'TAddSub' <Latency = 0> <II = 1> <Delay = 0.53> <IPBlock> <Opcode : '' 'add' 'sub'> <InPorts = 3> <OutPorts = 1> <Sync> <CReg>
ST_6 : Operation 2827 [1/1] (0.00ns) (grouped into TernaryAdder)   --->   "%add_ln58_971 = add i25 %mult_1064, i25 %sext_ln17_143" [firmware/nnet_utils/nnet_dense_latency.h:58]   --->   Operation 2827 'add' 'add_ln58_971' <Predicate = true> <Delay = 0.00> <CoreInst = "TAddSub">   --->   Core 10 'TAddSub' <Latency = 0> <II = 1> <Delay = 0.53> <IPBlock> <Opcode : '' 'add' 'sub'> <InPorts = 3> <OutPorts = 1> <Sync> <CReg>
ST_6 : Operation 2828 [1/1] (1.04ns) (root node of TernaryAdder)   --->   "%add_ln58_972 = add i25 %add_ln58_971, i25 %mult_1036" [firmware/nnet_utils/nnet_dense_latency.h:58]   --->   Operation 2828 'add' 'add_ln58_972' <Predicate = true> <Delay = 1.04> <CoreInst = "TAddSub">   --->   Core 10 'TAddSub' <Latency = 0> <II = 1> <Delay = 0.53> <IPBlock> <Opcode : '' 'add' 'sub'> <InPorts = 3> <OutPorts = 1> <Sync> <CReg>
ST_6 : Operation 2829 [1/1] (0.00ns)   --->   "%sext_ln58_623 = sext i25 %add_ln58_972" [firmware/nnet_utils/nnet_dense_latency.h:58]   --->   Operation 2829 'sext' 'sext_ln58_623' <Predicate = true> <Delay = 0.00>
ST_6 : Operation 2830 [1/1] (1.06ns) (root node of TernaryAdder)   --->   "%add_ln58_973 = add i29 %sext_ln58_623, i29 %add_ln58_970" [firmware/nnet_utils/nnet_dense_latency.h:58]   --->   Operation 2830 'add' 'add_ln58_973' <Predicate = true> <Delay = 1.06> <CoreInst = "TAddSub">   --->   Core 10 'TAddSub' <Latency = 0> <II = 1> <Delay = 0.53> <IPBlock> <Opcode : '' 'add' 'sub'> <InPorts = 3> <OutPorts = 1> <Sync> <CReg>
ST_6 : Operation 2831 [1/1] (0.00ns)   --->   "%sext_ln58_625 = sext i25 %add_ln58_975" [firmware/nnet_utils/nnet_dense_latency.h:58]   --->   Operation 2831 'sext' 'sext_ln58_625' <Predicate = true> <Delay = 0.00>
ST_6 : Operation 2832 [1/1] (0.00ns)   --->   "%sext_ln58_628 = sext i25 %add_ln58_978" [firmware/nnet_utils/nnet_dense_latency.h:58]   --->   Operation 2832 'sext' 'sext_ln58_628' <Predicate = true> <Delay = 0.00>
ST_6 : Operation 2833 [1/1] (1.45ns)   --->   "%add_ln58_979 = add i26 %sext_ln58_628, i26 %sext_ln58_625" [firmware/nnet_utils/nnet_dense_latency.h:58]   --->   Operation 2833 'add' 'add_ln58_979' <Predicate = true> <Delay = 1.45> <CoreInst = "Adder">   --->   Core 1 'Adder' <Latency = 0> <II = 1> <Delay = 1.45> <FuncUnit> <Opcode : 'add' 'sub'> <InPorts = 2> <OutPorts = 1>
ST_6 : Operation 2834 [1/1] (0.00ns)   --->   "%sext_ln58_631 = sext i24 %add_ln58_982" [firmware/nnet_utils/nnet_dense_latency.h:58]   --->   Operation 2834 'sext' 'sext_ln58_631' <Predicate = true> <Delay = 0.00>
ST_6 : Operation 2835 [1/1] (0.00ns)   --->   "%sext_ln58_633 = sext i24 %add_ln58_984" [firmware/nnet_utils/nnet_dense_latency.h:58]   --->   Operation 2835 'sext' 'sext_ln58_633' <Predicate = true> <Delay = 0.00>
ST_6 : Operation 2836 [1/1] (1.45ns)   --->   "%add_ln58_985 = add i25 %sext_ln58_633, i25 %sext_ln58_631" [firmware/nnet_utils/nnet_dense_latency.h:58]   --->   Operation 2836 'add' 'add_ln58_985' <Predicate = true> <Delay = 1.45> <CoreInst = "Adder">   --->   Core 1 'Adder' <Latency = 0> <II = 1> <Delay = 1.45> <FuncUnit> <Opcode : 'add' 'sub'> <InPorts = 2> <OutPorts = 1>
ST_6 : Operation 2837 [1/1] (0.00ns)   --->   "%sext_ln58_634 = sext i25 %add_ln58_985" [firmware/nnet_utils/nnet_dense_latency.h:58]   --->   Operation 2837 'sext' 'sext_ln58_634' <Predicate = true> <Delay = 0.00>
ST_6 : Operation 2838 [1/1] (0.00ns)   --->   "%sext_ln58_635 = sext i23 %add_ln58_987" [firmware/nnet_utils/nnet_dense_latency.h:58]   --->   Operation 2838 'sext' 'sext_ln58_635' <Predicate = true> <Delay = 0.00>
ST_6 : Operation 2839 [1/1] (0.00ns)   --->   "%sext_ln58_639 = sext i23 %add_ln58_989" [firmware/nnet_utils/nnet_dense_latency.h:58]   --->   Operation 2839 'sext' 'sext_ln58_639' <Predicate = true> <Delay = 0.00>
ST_6 : Operation 2840 [1/1] (1.44ns)   --->   "%add_ln58_990 = add i24 %sext_ln58_639, i24 %sext_ln58_635" [firmware/nnet_utils/nnet_dense_latency.h:58]   --->   Operation 2840 'add' 'add_ln58_990' <Predicate = true> <Delay = 1.44> <CoreInst = "Adder">   --->   Core 1 'Adder' <Latency = 0> <II = 1> <Delay = 1.44> <FuncUnit> <Opcode : 'add' 'sub'> <InPorts = 2> <OutPorts = 1>
ST_6 : Operation 2841 [1/1] (0.00ns)   --->   "%sext_ln58_640 = sext i24 %add_ln58_990" [firmware/nnet_utils/nnet_dense_latency.h:58]   --->   Operation 2841 'sext' 'sext_ln58_640' <Predicate = true> <Delay = 0.00>
ST_6 : Operation 2842 [1/1] (1.45ns)   --->   "%add_ln58_991 = add i26 %sext_ln58_640, i26 %sext_ln58_634" [firmware/nnet_utils/nnet_dense_latency.h:58]   --->   Operation 2842 'add' 'add_ln58_991' <Predicate = true> <Delay = 1.45> <CoreInst = "Adder">   --->   Core 1 'Adder' <Latency = 0> <II = 1> <Delay = 1.45> <FuncUnit> <Opcode : 'add' 'sub'> <InPorts = 2> <OutPorts = 1>
ST_6 : Operation 2843 [1/1] (1.46ns)   --->   "%add_ln58_993 = add i29 %sext_ln58_173, i29 %sext_ln17_121" [firmware/nnet_utils/nnet_dense_latency.h:58]   --->   Operation 2843 'add' 'add_ln58_993' <Predicate = true> <Delay = 1.46> <CoreInst = "Adder">   --->   Core 1 'Adder' <Latency = 0> <II = 1> <Delay = 1.46> <FuncUnit> <Opcode : 'add' 'sub'> <InPorts = 2> <OutPorts = 1>
ST_6 : Operation 2844 [1/1] (0.00ns)   --->   "%sext_ln58_642 = sext i25 %add_ln58_994" [firmware/nnet_utils/nnet_dense_latency.h:58]   --->   Operation 2844 'sext' 'sext_ln58_642' <Predicate = true> <Delay = 0.00>
ST_6 : Operation 2845 [1/1] (0.00ns) (grouped into TernaryAdder)   --->   "%add_ln58_995 = add i29 %sext_ln58_642, i29 %add_ln58_993" [firmware/nnet_utils/nnet_dense_latency.h:58]   --->   Operation 2845 'add' 'add_ln58_995' <Predicate = true> <Delay = 0.00> <CoreInst = "TAddSub">   --->   Core 10 'TAddSub' <Latency = 0> <II = 1> <Delay = 0.53> <IPBlock> <Opcode : '' 'add' 'sub'> <InPorts = 3> <OutPorts = 1> <Sync> <CReg>
ST_6 : Operation 2846 [1/1] (0.00ns)   --->   "%sext_ln58_645 = sext i26 %add_ln58_998" [firmware/nnet_utils/nnet_dense_latency.h:58]   --->   Operation 2846 'sext' 'sext_ln58_645' <Predicate = true> <Delay = 0.00>
ST_6 : Operation 2847 [1/1] (1.06ns) (root node of TernaryAdder)   --->   "%add_ln58_999 = add i29 %sext_ln58_645, i29 %add_ln58_995" [firmware/nnet_utils/nnet_dense_latency.h:58]   --->   Operation 2847 'add' 'add_ln58_999' <Predicate = true> <Delay = 1.06> <CoreInst = "TAddSub">   --->   Core 10 'TAddSub' <Latency = 0> <II = 1> <Delay = 0.53> <IPBlock> <Opcode : '' 'add' 'sub'> <InPorts = 3> <OutPorts = 1> <Sync> <CReg>
ST_6 : Operation 2848 [1/1] (0.00ns)   --->   "%sext_ln58_648 = sext i25 %add_ln58_1002" [firmware/nnet_utils/nnet_dense_latency.h:58]   --->   Operation 2848 'sext' 'sext_ln58_648' <Predicate = true> <Delay = 0.00>
ST_6 : Operation 2849 [1/1] (0.00ns)   --->   "%sext_ln58_649 = sext i24 %add_ln58_1003" [firmware/nnet_utils/nnet_dense_latency.h:58]   --->   Operation 2849 'sext' 'sext_ln58_649' <Predicate = true> <Delay = 0.00>
ST_6 : Operation 2850 [1/1] (0.00ns)   --->   "%sext_ln58_650 = sext i24 %add_ln58_1004" [firmware/nnet_utils/nnet_dense_latency.h:58]   --->   Operation 2850 'sext' 'sext_ln58_650' <Predicate = true> <Delay = 0.00>
ST_6 : Operation 2851 [1/1] (1.45ns)   --->   "%add_ln58_1005 = add i25 %sext_ln58_650, i25 %sext_ln58_649" [firmware/nnet_utils/nnet_dense_latency.h:58]   --->   Operation 2851 'add' 'add_ln58_1005' <Predicate = true> <Delay = 1.45> <CoreInst = "Adder">   --->   Core 1 'Adder' <Latency = 0> <II = 1> <Delay = 1.45> <FuncUnit> <Opcode : 'add' 'sub'> <InPorts = 2> <OutPorts = 1>
ST_6 : Operation 2852 [1/1] (0.00ns)   --->   "%sext_ln58_651 = sext i25 %add_ln58_1005" [firmware/nnet_utils/nnet_dense_latency.h:58]   --->   Operation 2852 'sext' 'sext_ln58_651' <Predicate = true> <Delay = 0.00>
ST_6 : Operation 2853 [1/1] (1.45ns)   --->   "%add_ln58_1006 = add i26 %sext_ln58_651, i26 %sext_ln58_648" [firmware/nnet_utils/nnet_dense_latency.h:58]   --->   Operation 2853 'add' 'add_ln58_1006' <Predicate = true> <Delay = 1.45> <CoreInst = "Adder">   --->   Core 1 'Adder' <Latency = 0> <II = 1> <Delay = 1.45> <FuncUnit> <Opcode : 'add' 'sub'> <InPorts = 2> <OutPorts = 1>
ST_6 : Operation 2854 [1/1] (0.00ns)   --->   "%sext_ln58_653 = sext i23 %add_ln58_1008" [firmware/nnet_utils/nnet_dense_latency.h:58]   --->   Operation 2854 'sext' 'sext_ln58_653' <Predicate = true> <Delay = 0.00>
ST_6 : Operation 2855 [1/1] (0.00ns)   --->   "%sext_ln58_654 = sext i24 %add_ln58_1009" [firmware/nnet_utils/nnet_dense_latency.h:58]   --->   Operation 2855 'sext' 'sext_ln58_654' <Predicate = true> <Delay = 0.00>
ST_6 : Operation 2856 [1/1] (0.00ns) (grouped into TernaryAdder)   --->   "%add_ln58_1010 = add i25 %sext_ln58_654, i25 %sext_ln58_653" [firmware/nnet_utils/nnet_dense_latency.h:58]   --->   Operation 2856 'add' 'add_ln58_1010' <Predicate = true> <Delay = 0.00> <CoreInst = "TAddSub">   --->   Core 10 'TAddSub' <Latency = 0> <II = 1> <Delay = 0.53> <IPBlock> <Opcode : '' 'add' 'sub'> <InPorts = 3> <OutPorts = 1> <Sync> <CReg>
ST_6 : Operation 2857 [1/1] (0.00ns)   --->   "%sext_ln58_657 = sext i24 %add_ln58_1013" [firmware/nnet_utils/nnet_dense_latency.h:58]   --->   Operation 2857 'sext' 'sext_ln58_657' <Predicate = true> <Delay = 0.00>
ST_6 : Operation 2858 [1/1] (1.04ns) (root node of TernaryAdder)   --->   "%add_ln58_1014 = add i25 %sext_ln58_657, i25 %add_ln58_1010" [firmware/nnet_utils/nnet_dense_latency.h:58]   --->   Operation 2858 'add' 'add_ln58_1014' <Predicate = true> <Delay = 1.04> <CoreInst = "TAddSub">   --->   Core 10 'TAddSub' <Latency = 0> <II = 1> <Delay = 0.53> <IPBlock> <Opcode : '' 'add' 'sub'> <InPorts = 3> <OutPorts = 1> <Sync> <CReg>
ST_6 : Operation 2859 [1/1] (0.00ns)   --->   "%sext_ln58_658 = sext i25 %add_ln58_1014" [firmware/nnet_utils/nnet_dense_latency.h:58]   --->   Operation 2859 'sext' 'sext_ln58_658' <Predicate = true> <Delay = 0.00>
ST_6 : Operation 2860 [1/1] (0.00ns)   --->   "%sext_ln58_661 = sext i24 %add_ln58_1017" [firmware/nnet_utils/nnet_dense_latency.h:58]   --->   Operation 2860 'sext' 'sext_ln58_661' <Predicate = true> <Delay = 0.00>
ST_6 : Operation 2861 [1/1] (0.00ns)   --->   "%sext_ln58_665 = sext i23 %add_ln58_1020" [firmware/nnet_utils/nnet_dense_latency.h:58]   --->   Operation 2861 'sext' 'sext_ln58_665' <Predicate = true> <Delay = 0.00>
ST_6 : Operation 2862 [1/1] (1.45ns)   --->   "%add_ln58_1021 = add i25 %sext_ln58_665, i25 %sext_ln58_661" [firmware/nnet_utils/nnet_dense_latency.h:58]   --->   Operation 2862 'add' 'add_ln58_1021' <Predicate = true> <Delay = 1.45> <CoreInst = "Adder">   --->   Core 1 'Adder' <Latency = 0> <II = 1> <Delay = 1.45> <FuncUnit> <Opcode : 'add' 'sub'> <InPorts = 2> <OutPorts = 1>
ST_6 : Operation 2863 [1/1] (0.00ns)   --->   "%sext_ln58_666 = sext i25 %add_ln58_1021" [firmware/nnet_utils/nnet_dense_latency.h:58]   --->   Operation 2863 'sext' 'sext_ln58_666' <Predicate = true> <Delay = 0.00>
ST_6 : Operation 2864 [1/1] (1.45ns)   --->   "%add_ln58_1022 = add i26 %sext_ln58_666, i26 %sext_ln58_658" [firmware/nnet_utils/nnet_dense_latency.h:58]   --->   Operation 2864 'add' 'add_ln58_1022' <Predicate = true> <Delay = 1.45> <CoreInst = "Adder">   --->   Core 1 'Adder' <Latency = 0> <II = 1> <Delay = 1.45> <FuncUnit> <Opcode : 'add' 'sub'> <InPorts = 2> <OutPorts = 1>
ST_6 : Operation 2865 [1/1] (1.46ns)   --->   "%add_ln58_1024 = add i26 %mult_846, i26 %mult_865" [firmware/nnet_utils/nnet_dense_latency.h:58]   --->   Operation 2865 'add' 'add_ln58_1024' <Predicate = true> <Delay = 1.46> <CoreInst = "Adder">   --->   Core 1 'Adder' <Latency = 0> <II = 1> <Delay = 1.46> <FuncUnit> <Opcode : 'add' 'sub'> <InPorts = 2> <OutPorts = 1>
ST_6 : Operation 2866 [1/1] (0.00ns)   --->   "%sext_ln58_668 = sext i26 %add_ln58_1024" [firmware/nnet_utils/nnet_dense_latency.h:58]   --->   Operation 2866 'sext' 'sext_ln58_668' <Predicate = true> <Delay = 0.00>
ST_6 : Operation 2867 [1/1] (0.00ns) (grouped into TernaryAdder)   --->   "%add_ln58_1025 = add i30 %sext_ln58_668, i30 %sext_ln58_174" [firmware/nnet_utils/nnet_dense_latency.h:58]   --->   Operation 2867 'add' 'add_ln58_1025' <Predicate = true> <Delay = 0.00> <CoreInst = "TAddSub">   --->   Core 10 'TAddSub' <Latency = 0> <II = 1> <Delay = 0.53> <IPBlock> <Opcode : '' 'add' 'sub'> <InPorts = 3> <OutPorts = 1> <Sync> <CReg>
ST_6 : Operation 2868 [1/1] (0.00ns)   --->   "%sext_ln58_671 = sext i27 %add_ln58_1028" [firmware/nnet_utils/nnet_dense_latency.h:58]   --->   Operation 2868 'sext' 'sext_ln58_671' <Predicate = true> <Delay = 0.00>
ST_6 : Operation 2869 [1/1] (1.06ns) (root node of TernaryAdder)   --->   "%add_ln58_1029 = add i30 %sext_ln58_671, i30 %add_ln58_1025" [firmware/nnet_utils/nnet_dense_latency.h:58]   --->   Operation 2869 'add' 'add_ln58_1029' <Predicate = true> <Delay = 1.06> <CoreInst = "TAddSub">   --->   Core 10 'TAddSub' <Latency = 0> <II = 1> <Delay = 0.53> <IPBlock> <Opcode : '' 'add' 'sub'> <InPorts = 3> <OutPorts = 1> <Sync> <CReg>
ST_6 : Operation 2870 [1/1] (0.00ns)   --->   "%sext_ln58_673 = sext i26 %add_ln58_1031" [firmware/nnet_utils/nnet_dense_latency.h:58]   --->   Operation 2870 'sext' 'sext_ln58_673' <Predicate = true> <Delay = 0.00>
ST_6 : Operation 2871 [1/1] (0.00ns)   --->   "%sext_ln58_675 = sext i26 %add_ln58_1034" [firmware/nnet_utils/nnet_dense_latency.h:58]   --->   Operation 2871 'sext' 'sext_ln58_675' <Predicate = true> <Delay = 0.00>
ST_6 : Operation 2872 [1/1] (1.46ns)   --->   "%add_ln58_1035 = add i27 %sext_ln58_675, i27 %sext_ln58_673" [firmware/nnet_utils/nnet_dense_latency.h:58]   --->   Operation 2872 'add' 'add_ln58_1035' <Predicate = true> <Delay = 1.46> <CoreInst = "Adder">   --->   Core 1 'Adder' <Latency = 0> <II = 1> <Delay = 1.46> <FuncUnit> <Opcode : 'add' 'sub'> <InPorts = 2> <OutPorts = 1>
ST_6 : Operation 2873 [1/1] (1.45ns)   --->   "%add_ln58_1037 = add i25 %mult_1048, i25 %mult_1056" [firmware/nnet_utils/nnet_dense_latency.h:58]   --->   Operation 2873 'add' 'add_ln58_1037' <Predicate = true> <Delay = 1.45> <CoreInst = "Adder">   --->   Core 1 'Adder' <Latency = 0> <II = 1> <Delay = 1.45> <FuncUnit> <Opcode : 'add' 'sub'> <InPorts = 2> <OutPorts = 1>
ST_6 : Operation 2874 [1/1] (0.00ns)   --->   "%sext_ln58_677 = sext i25 %add_ln58_1037" [firmware/nnet_utils/nnet_dense_latency.h:58]   --->   Operation 2874 'sext' 'sext_ln58_677' <Predicate = true> <Delay = 0.00>
ST_6 : Operation 2875 [1/1] (0.00ns) (grouped into TernaryAdder)   --->   "%add_ln58_1038 = add i26 %sext_ln58_677, i26 %sext_ln17_183" [firmware/nnet_utils/nnet_dense_latency.h:58]   --->   Operation 2875 'add' 'add_ln58_1038' <Predicate = true> <Delay = 0.00> <CoreInst = "TAddSub">   --->   Core 10 'TAddSub' <Latency = 0> <II = 1> <Delay = 0.53> <IPBlock> <Opcode : '' 'add' 'sub'> <InPorts = 3> <OutPorts = 1> <Sync> <CReg>
ST_6 : Operation 2876 [1/1] (0.00ns)   --->   "%sext_ln58_680 = sext i25 %add_ln58_1041" [firmware/nnet_utils/nnet_dense_latency.h:58]   --->   Operation 2876 'sext' 'sext_ln58_680' <Predicate = true> <Delay = 0.00>
ST_6 : Operation 2877 [1/1] (1.04ns) (root node of TernaryAdder)   --->   "%add_ln58_1042 = add i26 %sext_ln58_680, i26 %add_ln58_1038" [firmware/nnet_utils/nnet_dense_latency.h:58]   --->   Operation 2877 'add' 'add_ln58_1042' <Predicate = true> <Delay = 1.04> <CoreInst = "TAddSub">   --->   Core 10 'TAddSub' <Latency = 0> <II = 1> <Delay = 0.53> <IPBlock> <Opcode : '' 'add' 'sub'> <InPorts = 3> <OutPorts = 1> <Sync> <CReg>
ST_6 : Operation 2878 [1/1] (0.00ns) (grouped into TernaryAdder)   --->   "%add_ln58_1044 = add i25 %add_ln58_1043, i25 %sext_ln17_159" [firmware/nnet_utils/nnet_dense_latency.h:58]   --->   Operation 2878 'add' 'add_ln58_1044' <Predicate = true> <Delay = 0.00> <CoreInst = "TAddSub">   --->   Core 10 'TAddSub' <Latency = 0> <II = 1> <Delay = 0.53> <IPBlock> <Opcode : '' 'add' 'sub'> <InPorts = 3> <OutPorts = 1> <Sync> <CReg>
ST_6 : Operation 2879 [1/1] (0.00ns)   --->   "%sext_ln58_682 = sext i22 %add_ln58_1045" [firmware/nnet_utils/nnet_dense_latency.h:58]   --->   Operation 2879 'sext' 'sext_ln58_682' <Predicate = true> <Delay = 0.00>
ST_6 : Operation 2880 [1/1] (0.00ns)   --->   "%sext_ln58_683 = sext i20 %add_ln58_1046" [firmware/nnet_utils/nnet_dense_latency.h:58]   --->   Operation 2880 'sext' 'sext_ln58_683' <Predicate = true> <Delay = 0.00>
ST_6 : Operation 2881 [1/1] (1.44ns)   --->   "%add_ln58_1047 = add i23 %sext_ln58_683, i23 %sext_ln58_682" [firmware/nnet_utils/nnet_dense_latency.h:58]   --->   Operation 2881 'add' 'add_ln58_1047' <Predicate = true> <Delay = 1.44> <CoreInst = "Adder">   --->   Core 1 'Adder' <Latency = 0> <II = 1> <Delay = 1.44> <FuncUnit> <Opcode : 'add' 'sub'> <InPorts = 2> <OutPorts = 1>
ST_6 : Operation 2882 [1/1] (0.00ns)   --->   "%sext_ln58_684 = sext i23 %add_ln58_1047" [firmware/nnet_utils/nnet_dense_latency.h:58]   --->   Operation 2882 'sext' 'sext_ln58_684' <Predicate = true> <Delay = 0.00>
ST_6 : Operation 2883 [1/1] (1.04ns) (root node of TernaryAdder)   --->   "%add_ln58_1048 = add i25 %sext_ln58_684, i25 %add_ln58_1044" [firmware/nnet_utils/nnet_dense_latency.h:58]   --->   Operation 2883 'add' 'add_ln58_1048' <Predicate = true> <Delay = 1.04> <CoreInst = "TAddSub">   --->   Core 10 'TAddSub' <Latency = 0> <II = 1> <Delay = 0.53> <IPBlock> <Opcode : '' 'add' 'sub'> <InPorts = 3> <OutPorts = 1> <Sync> <CReg>
ST_6 : Operation 2884 [1/1] (1.45ns)   --->   "%add_ln58_1051 = add i25 %mult_1057, i25 %mult_1066" [firmware/nnet_utils/nnet_dense_latency.h:58]   --->   Operation 2884 'add' 'add_ln58_1051' <Predicate = true> <Delay = 1.45> <CoreInst = "Adder">   --->   Core 1 'Adder' <Latency = 0> <II = 1> <Delay = 1.45> <FuncUnit> <Opcode : 'add' 'sub'> <InPorts = 2> <OutPorts = 1>

State 7 <SV = 6> <Delay = 3.60>
ST_7 : Operation 2885 [1/1] (0.00ns)   --->   "%specpipeline_ln33 = specpipeline void @_ssdm_op_SpecPipeline, i32 1, i32 0, i32 0, i32 0, void @empty_1" [firmware/nnet_utils/nnet_dense_latency.h:33]   --->   Operation 2885 'specpipeline' 'specpipeline_ln33' <Predicate = true> <Delay = 0.00>
ST_7 : Operation 2886 [1/1] (0.00ns)   --->   "%specresourcelimit_ln33 = specresourcelimit void @_ssdm_op_SpecResourceLimit, i64 720, void @empty_3, void @empty_1, void @empty_1, void @empty_1" [firmware/nnet_utils/nnet_dense_latency.h:33]   --->   Operation 2886 'specresourcelimit' 'specresourcelimit_ln33' <Predicate = true> <Delay = 0.00>
ST_7 : Operation 2887 [1/1] (0.00ns)   --->   "%sext_ln58_411 = sext i27 %add_ln58_698" [firmware/nnet_utils/nnet_dense_latency.h:58]   --->   Operation 2887 'sext' 'sext_ln58_411' <Predicate = true> <Delay = 0.00>
ST_7 : Operation 2888 [1/1] (0.00ns) (grouped into TernaryAdder)   --->   "%add_ln58_699 = add i29 %sext_ln58_411, i29 %add_ln58_691" [firmware/nnet_utils/nnet_dense_latency.h:58]   --->   Operation 2888 'add' 'add_ln58_699' <Predicate = true> <Delay = 0.00> <CoreInst = "TAddSub">   --->   Core 10 'TAddSub' <Latency = 0> <II = 1> <Delay = 0.53> <IPBlock> <Opcode : '' 'add' 'sub'> <InPorts = 3> <OutPorts = 1> <Sync> <CReg>
ST_7 : Operation 2889 [1/1] (0.00ns)   --->   "%sext_ln58_425 = sext i27 %add_ln58_714" [firmware/nnet_utils/nnet_dense_latency.h:58]   --->   Operation 2889 'sext' 'sext_ln58_425' <Predicate = true> <Delay = 0.00>
ST_7 : Operation 2890 [1/1] (1.06ns) (root node of TernaryAdder)   --->   "%add_ln58_715 = add i29 %sext_ln58_425, i29 %add_ln58_699" [firmware/nnet_utils/nnet_dense_latency.h:58]   --->   Operation 2890 'add' 'add_ln58_715' <Predicate = true> <Delay = 1.06> <CoreInst = "TAddSub">   --->   Core 10 'TAddSub' <Latency = 0> <II = 1> <Delay = 0.53> <IPBlock> <Opcode : '' 'add' 'sub'> <InPorts = 3> <OutPorts = 1> <Sync> <CReg>
ST_7 : Operation 2891 [1/1] (0.00ns)   --->   "%sext_ln58_178 = sext i29 %add_ln58_715" [firmware/nnet_utils/nnet_dense_latency.h:58]   --->   Operation 2891 'sext' 'sext_ln58_178' <Predicate = true> <Delay = 0.00>
ST_7 : Operation 2892 [1/1] (0.00ns)   --->   "%sext_ln58_435 = sext i27 %add_ln58_729" [firmware/nnet_utils/nnet_dense_latency.h:58]   --->   Operation 2892 'sext' 'sext_ln58_435' <Predicate = true> <Delay = 0.00>
ST_7 : Operation 2893 [1/1] (0.00ns) (grouped into TernaryAdder)   --->   "%add_ln58_730 = add i29 %sext_ln58_435, i29 %add_ln58_722" [firmware/nnet_utils/nnet_dense_latency.h:58]   --->   Operation 2893 'add' 'add_ln58_730' <Predicate = true> <Delay = 0.00> <CoreInst = "TAddSub">   --->   Core 10 'TAddSub' <Latency = 0> <II = 1> <Delay = 0.53> <IPBlock> <Opcode : '' 'add' 'sub'> <InPorts = 3> <OutPorts = 1> <Sync> <CReg>
ST_7 : Operation 2894 [1/1] (0.00ns)   --->   "%sext_ln58_442 = sext i26 %add_ln58_737" [firmware/nnet_utils/nnet_dense_latency.h:58]   --->   Operation 2894 'sext' 'sext_ln58_442' <Predicate = true> <Delay = 0.00>
ST_7 : Operation 2895 [1/1] (0.00ns)   --->   "%sext_ln58_449 = sext i26 %add_ln58_744" [firmware/nnet_utils/nnet_dense_latency.h:58]   --->   Operation 2895 'sext' 'sext_ln58_449' <Predicate = true> <Delay = 0.00>
ST_7 : Operation 2896 [1/1] (1.46ns)   --->   "%add_ln58_745 = add i27 %sext_ln58_449, i27 %sext_ln58_442" [firmware/nnet_utils/nnet_dense_latency.h:58]   --->   Operation 2896 'add' 'add_ln58_745' <Predicate = true> <Delay = 1.46> <CoreInst = "Adder">   --->   Core 1 'Adder' <Latency = 0> <II = 1> <Delay = 1.46> <FuncUnit> <Opcode : 'add' 'sub'> <InPorts = 2> <OutPorts = 1>
ST_7 : Operation 2897 [1/1] (0.00ns)   --->   "%sext_ln58_450 = sext i27 %add_ln58_745" [firmware/nnet_utils/nnet_dense_latency.h:58]   --->   Operation 2897 'sext' 'sext_ln58_450' <Predicate = true> <Delay = 0.00>
ST_7 : Operation 2898 [1/1] (1.06ns) (root node of TernaryAdder)   --->   "%add_ln58_746 = add i29 %sext_ln58_450, i29 %add_ln58_730" [firmware/nnet_utils/nnet_dense_latency.h:58]   --->   Operation 2898 'add' 'add_ln58_746' <Predicate = true> <Delay = 1.06> <CoreInst = "TAddSub">   --->   Core 10 'TAddSub' <Latency = 0> <II = 1> <Delay = 0.53> <IPBlock> <Opcode : '' 'add' 'sub'> <InPorts = 3> <OutPorts = 1> <Sync> <CReg>
ST_7 : Operation 2899 [1/1] (0.00ns)   --->   "%sext_ln58_180 = sext i29 %add_ln58_746" [firmware/nnet_utils/nnet_dense_latency.h:58]   --->   Operation 2899 'sext' 'sext_ln58_180' <Predicate = true> <Delay = 0.00>
ST_7 : Operation 2900 [1/1] (0.00ns)   --->   "%sext_ln58_451 = sext i26 %add_ln58_748" [firmware/nnet_utils/nnet_dense_latency.h:58]   --->   Operation 2900 'sext' 'sext_ln58_451' <Predicate = true> <Delay = 0.00>
ST_7 : Operation 2901 [1/1] (0.00ns) (grouped into TernaryAdder)   --->   "%add_ln58_749 = add i29 %sext_ln58_451, i29 %add_ln58_747" [firmware/nnet_utils/nnet_dense_latency.h:58]   --->   Operation 2901 'add' 'add_ln58_749' <Predicate = true> <Delay = 0.00> <CoreInst = "TAddSub">   --->   Core 10 'TAddSub' <Latency = 0> <II = 1> <Delay = 0.53> <IPBlock> <Opcode : '' 'add' 'sub'> <InPorts = 3> <OutPorts = 1> <Sync> <CReg>
ST_7 : Operation 2902 [1/1] (0.00ns)   --->   "%sext_ln58_454 = sext i26 %add_ln58_752" [firmware/nnet_utils/nnet_dense_latency.h:58]   --->   Operation 2902 'sext' 'sext_ln58_454' <Predicate = true> <Delay = 0.00>
ST_7 : Operation 2903 [1/1] (1.06ns) (root node of TernaryAdder)   --->   "%add_ln58_753 = add i29 %sext_ln58_454, i29 %add_ln58_749" [firmware/nnet_utils/nnet_dense_latency.h:58]   --->   Operation 2903 'add' 'add_ln58_753' <Predicate = true> <Delay = 1.06> <CoreInst = "TAddSub">   --->   Core 10 'TAddSub' <Latency = 0> <II = 1> <Delay = 0.53> <IPBlock> <Opcode : '' 'add' 'sub'> <InPorts = 3> <OutPorts = 1> <Sync> <CReg>
ST_7 : Operation 2904 [1/1] (0.00ns)   --->   "%sext_ln58_461 = sext i27 %add_ln58_760" [firmware/nnet_utils/nnet_dense_latency.h:58]   --->   Operation 2904 'sext' 'sext_ln58_461' <Predicate = true> <Delay = 0.00>
ST_7 : Operation 2905 [1/1] (0.00ns) (grouped into TernaryAdder)   --->   "%add_ln58_761 = add i29 %sext_ln58_461, i29 %add_ln58_753" [firmware/nnet_utils/nnet_dense_latency.h:58]   --->   Operation 2905 'add' 'add_ln58_761' <Predicate = true> <Delay = 0.00> <CoreInst = "TAddSub">   --->   Core 10 'TAddSub' <Latency = 0> <II = 1> <Delay = 0.53> <IPBlock> <Opcode : '' 'add' 'sub'> <InPorts = 3> <OutPorts = 1> <Sync> <CReg>
ST_7 : Operation 2906 [1/1] (0.00ns)   --->   "%sext_ln58_474 = sext i27 %add_ln58_775" [firmware/nnet_utils/nnet_dense_latency.h:58]   --->   Operation 2906 'sext' 'sext_ln58_474' <Predicate = true> <Delay = 0.00>
ST_7 : Operation 2907 [1/1] (1.06ns) (root node of TernaryAdder)   --->   "%add_ln58_776 = add i29 %sext_ln58_474, i29 %add_ln58_761" [firmware/nnet_utils/nnet_dense_latency.h:58]   --->   Operation 2907 'add' 'add_ln58_776' <Predicate = true> <Delay = 1.06> <CoreInst = "TAddSub">   --->   Core 10 'TAddSub' <Latency = 0> <II = 1> <Delay = 0.53> <IPBlock> <Opcode : '' 'add' 'sub'> <InPorts = 3> <OutPorts = 1> <Sync> <CReg>
ST_7 : Operation 2908 [1/1] (0.00ns)   --->   "%sext_ln58_181 = sext i29 %add_ln58_776" [firmware/nnet_utils/nnet_dense_latency.h:58]   --->   Operation 2908 'sext' 'sext_ln58_181' <Predicate = true> <Delay = 0.00>
ST_7 : Operation 2909 [1/1] (0.00ns)   --->   "%sext_ln58_487 = sext i27 %add_ln58_795" [firmware/nnet_utils/nnet_dense_latency.h:58]   --->   Operation 2909 'sext' 'sext_ln58_487' <Predicate = true> <Delay = 0.00>
ST_7 : Operation 2910 [1/1] (0.00ns) (grouped into TernaryAdder)   --->   "%add_ln58_796 = add i29 %sext_ln58_487, i29 %add_ln58_785" [firmware/nnet_utils/nnet_dense_latency.h:58]   --->   Operation 2910 'add' 'add_ln58_796' <Predicate = true> <Delay = 0.00> <CoreInst = "TAddSub">   --->   Core 10 'TAddSub' <Latency = 0> <II = 1> <Delay = 0.53> <IPBlock> <Opcode : '' 'add' 'sub'> <InPorts = 3> <OutPorts = 1> <Sync> <CReg>
ST_7 : Operation 2911 [1/1] (0.00ns)   --->   "%sext_ln58_506 = sext i26 %add_ln58_815" [firmware/nnet_utils/nnet_dense_latency.h:58]   --->   Operation 2911 'sext' 'sext_ln58_506' <Predicate = true> <Delay = 0.00>
ST_7 : Operation 2912 [1/1] (1.06ns) (root node of TernaryAdder)   --->   "%add_ln58_816 = add i29 %sext_ln58_506, i29 %add_ln58_796" [firmware/nnet_utils/nnet_dense_latency.h:58]   --->   Operation 2912 'add' 'add_ln58_816' <Predicate = true> <Delay = 1.06> <CoreInst = "TAddSub">   --->   Core 10 'TAddSub' <Latency = 0> <II = 1> <Delay = 0.53> <IPBlock> <Opcode : '' 'add' 'sub'> <InPorts = 3> <OutPorts = 1> <Sync> <CReg>
ST_7 : Operation 2913 [1/1] (0.00ns)   --->   "%sext_ln58_182 = sext i29 %add_ln58_816" [firmware/nnet_utils/nnet_dense_latency.h:58]   --->   Operation 2913 'sext' 'sext_ln58_182' <Predicate = true> <Delay = 0.00>
ST_7 : Operation 2914 [1/1] (0.00ns)   --->   "%sext_ln58_507 = sext i25 %add_ln58_817" [firmware/nnet_utils/nnet_dense_latency.h:58]   --->   Operation 2914 'sext' 'sext_ln58_507' <Predicate = true> <Delay = 0.00>
ST_7 : Operation 2915 [1/1] (1.47ns)   --->   "%add_ln58_818 = add i30 %sext_ln58_507, i30 %sext_ln58_178" [firmware/nnet_utils/nnet_dense_latency.h:58]   --->   Operation 2915 'add' 'add_ln58_818' <Predicate = true> <Delay = 1.47> <CoreInst = "Adder">   --->   Core 1 'Adder' <Latency = 0> <II = 1> <Delay = 1.47> <FuncUnit> <Opcode : 'add' 'sub'> <InPorts = 2> <OutPorts = 1>
ST_7 : Operation 2916 [1/1] (0.00ns)   --->   "%sext_ln58_509 = sext i25 %add_ln58_820" [firmware/nnet_utils/nnet_dense_latency.h:58]   --->   Operation 2916 'sext' 'sext_ln58_509' <Predicate = true> <Delay = 0.00>
ST_7 : Operation 2917 [1/1] (0.00ns) (grouped into TernaryAdder)   --->   "%add_ln58_821 = add i30 %sext_ln58_509, i30 %add_ln58_818" [firmware/nnet_utils/nnet_dense_latency.h:58]   --->   Operation 2917 'add' 'add_ln58_821' <Predicate = true> <Delay = 0.00> <CoreInst = "TAddSub">   --->   Core 10 'TAddSub' <Latency = 0> <II = 1> <Delay = 0.53> <IPBlock> <Opcode : '' 'add' 'sub'> <InPorts = 3> <OutPorts = 1> <Sync> <CReg>
ST_7 : Operation 2918 [1/1] (0.00ns)   --->   "%sext_ln58_514 = sext i25 %add_ln58_827" [firmware/nnet_utils/nnet_dense_latency.h:58]   --->   Operation 2918 'sext' 'sext_ln58_514' <Predicate = true> <Delay = 0.00>
ST_7 : Operation 2919 [1/1] (1.06ns) (root node of TernaryAdder)   --->   "%add_ln58_828 = add i30 %sext_ln58_514, i30 %add_ln58_821" [firmware/nnet_utils/nnet_dense_latency.h:58]   --->   Operation 2919 'add' 'add_ln58_828' <Predicate = true> <Delay = 1.06> <CoreInst = "TAddSub">   --->   Core 10 'TAddSub' <Latency = 0> <II = 1> <Delay = 0.53> <IPBlock> <Opcode : '' 'add' 'sub'> <InPorts = 3> <OutPorts = 1> <Sync> <CReg>
ST_7 : Operation 2920 [1/1] (0.00ns)   --->   "%sext_ln58_183 = sext i30 %add_ln58_828" [firmware/nnet_utils/nnet_dense_latency.h:58]   --->   Operation 2920 'sext' 'sext_ln58_183' <Predicate = true> <Delay = 0.00>
ST_7 : Operation 2921 [1/1] (0.00ns)   --->   "%sext_ln58_523 = sext i27 %add_ln58_839" [firmware/nnet_utils/nnet_dense_latency.h:58]   --->   Operation 2921 'sext' 'sext_ln58_523' <Predicate = true> <Delay = 0.00>
ST_7 : Operation 2922 [1/1] (0.00ns) (grouped into TernaryAdder)   --->   "%add_ln58_840 = add i30 %sext_ln58_523, i30 %add_ln58_833" [firmware/nnet_utils/nnet_dense_latency.h:58]   --->   Operation 2922 'add' 'add_ln58_840' <Predicate = true> <Delay = 0.00> <CoreInst = "TAddSub">   --->   Core 10 'TAddSub' <Latency = 0> <II = 1> <Delay = 0.53> <IPBlock> <Opcode : '' 'add' 'sub'> <InPorts = 3> <OutPorts = 1> <Sync> <CReg>
ST_7 : Operation 2923 [1/1] (0.00ns)   --->   "%sext_ln58_534 = sext i27 %add_ln58_853" [firmware/nnet_utils/nnet_dense_latency.h:58]   --->   Operation 2923 'sext' 'sext_ln58_534' <Predicate = true> <Delay = 0.00>
ST_7 : Operation 2924 [1/1] (1.06ns) (root node of TernaryAdder)   --->   "%add_ln58_854 = add i30 %sext_ln58_534, i30 %add_ln58_840" [firmware/nnet_utils/nnet_dense_latency.h:58]   --->   Operation 2924 'add' 'add_ln58_854' <Predicate = true> <Delay = 1.06> <CoreInst = "TAddSub">   --->   Core 10 'TAddSub' <Latency = 0> <II = 1> <Delay = 0.53> <IPBlock> <Opcode : '' 'add' 'sub'> <InPorts = 3> <OutPorts = 1> <Sync> <CReg>
ST_7 : Operation 2925 [1/1] (0.00ns)   --->   "%sext_ln58_184 = sext i30 %add_ln58_854" [firmware/nnet_utils/nnet_dense_latency.h:58]   --->   Operation 2925 'sext' 'sext_ln58_184' <Predicate = true> <Delay = 0.00>
ST_7 : Operation 2926 [1/1] (0.00ns)   --->   "%sext_ln58_541 = sext i26 %add_ln58_865" [firmware/nnet_utils/nnet_dense_latency.h:58]   --->   Operation 2926 'sext' 'sext_ln58_541' <Predicate = true> <Delay = 0.00>
ST_7 : Operation 2927 [1/1] (0.00ns)   --->   "%sext_ln58_544 = sext i26 %add_ln58_869" [firmware/nnet_utils/nnet_dense_latency.h:58]   --->   Operation 2927 'sext' 'sext_ln58_544' <Predicate = true> <Delay = 0.00>
ST_7 : Operation 2928 [1/1] (1.46ns)   --->   "%add_ln58_870 = add i27 %sext_ln58_544, i27 %sext_ln58_541" [firmware/nnet_utils/nnet_dense_latency.h:58]   --->   Operation 2928 'add' 'add_ln58_870' <Predicate = true> <Delay = 1.46> <CoreInst = "Adder">   --->   Core 1 'Adder' <Latency = 0> <II = 1> <Delay = 1.46> <FuncUnit> <Opcode : 'add' 'sub'> <InPorts = 2> <OutPorts = 1>
ST_7 : Operation 2929 [1/1] (0.00ns)   --->   "%sext_ln58_545 = sext i27 %add_ln58_870" [firmware/nnet_utils/nnet_dense_latency.h:58]   --->   Operation 2929 'sext' 'sext_ln58_545' <Predicate = true> <Delay = 0.00>
ST_7 : Operation 2930 [1/1] (0.00ns) (grouped into TernaryAdder)   --->   "%add_ln58_871 = add i29 %sext_ln58_545, i29 %add_ln58_862" [firmware/nnet_utils/nnet_dense_latency.h:58]   --->   Operation 2930 'add' 'add_ln58_871' <Predicate = true> <Delay = 0.00> <CoreInst = "TAddSub">   --->   Core 10 'TAddSub' <Latency = 0> <II = 1> <Delay = 0.53> <IPBlock> <Opcode : '' 'add' 'sub'> <InPorts = 3> <OutPorts = 1> <Sync> <CReg>
ST_7 : Operation 2931 [1/1] (0.00ns)   --->   "%sext_ln58_553 = sext i26 %add_ln58_879" [firmware/nnet_utils/nnet_dense_latency.h:58]   --->   Operation 2931 'sext' 'sext_ln58_553' <Predicate = true> <Delay = 0.00>
ST_7 : Operation 2932 [1/1] (0.00ns)   --->   "%sext_ln58_560 = sext i25 %add_ln58_886" [firmware/nnet_utils/nnet_dense_latency.h:58]   --->   Operation 2932 'sext' 'sext_ln58_560' <Predicate = true> <Delay = 0.00>
ST_7 : Operation 2933 [1/1] (1.46ns)   --->   "%add_ln58_887 = add i27 %sext_ln58_560, i27 %sext_ln58_553" [firmware/nnet_utils/nnet_dense_latency.h:58]   --->   Operation 2933 'add' 'add_ln58_887' <Predicate = true> <Delay = 1.46> <CoreInst = "Adder">   --->   Core 1 'Adder' <Latency = 0> <II = 1> <Delay = 1.46> <FuncUnit> <Opcode : 'add' 'sub'> <InPorts = 2> <OutPorts = 1>
ST_7 : Operation 2934 [1/1] (0.00ns)   --->   "%sext_ln58_561 = sext i27 %add_ln58_887" [firmware/nnet_utils/nnet_dense_latency.h:58]   --->   Operation 2934 'sext' 'sext_ln58_561' <Predicate = true> <Delay = 0.00>
ST_7 : Operation 2935 [1/1] (1.06ns) (root node of TernaryAdder)   --->   "%add_ln58_888 = add i29 %sext_ln58_561, i29 %add_ln58_871" [firmware/nnet_utils/nnet_dense_latency.h:58]   --->   Operation 2935 'add' 'add_ln58_888' <Predicate = true> <Delay = 1.06> <CoreInst = "TAddSub">   --->   Core 10 'TAddSub' <Latency = 0> <II = 1> <Delay = 0.53> <IPBlock> <Opcode : '' 'add' 'sub'> <InPorts = 3> <OutPorts = 1> <Sync> <CReg>
ST_7 : Operation 2936 [1/1] (0.00ns)   --->   "%sext_ln58_185 = sext i29 %add_ln58_888" [firmware/nnet_utils/nnet_dense_latency.h:58]   --->   Operation 2936 'sext' 'sext_ln58_185' <Predicate = true> <Delay = 0.00>
ST_7 : Operation 2937 [1/1] (0.00ns)   --->   "%sext_ln58_562 = sext i25 %add_ln58_889" [firmware/nnet_utils/nnet_dense_latency.h:58]   --->   Operation 2937 'sext' 'sext_ln58_562' <Predicate = true> <Delay = 0.00>
ST_7 : Operation 2938 [1/1] (0.00ns) (grouped into TernaryAdder)   --->   "%add_ln58_890 = add i30 %sext_ln58_562, i30 %sext_ln58_180" [firmware/nnet_utils/nnet_dense_latency.h:58]   --->   Operation 2938 'add' 'add_ln58_890' <Predicate = true> <Delay = 0.00> <CoreInst = "TAddSub">   --->   Core 10 'TAddSub' <Latency = 0> <II = 1> <Delay = 0.53> <IPBlock> <Opcode : '' 'add' 'sub'> <InPorts = 3> <OutPorts = 1> <Sync> <CReg>
ST_7 : Operation 2939 [1/1] (0.00ns)   --->   "%sext_ln58_565 = sext i25 %add_ln58_893" [firmware/nnet_utils/nnet_dense_latency.h:58]   --->   Operation 2939 'sext' 'sext_ln58_565' <Predicate = true> <Delay = 0.00>
ST_7 : Operation 2940 [1/1] (1.06ns) (root node of TernaryAdder)   --->   "%add_ln58_894 = add i30 %sext_ln58_565, i30 %add_ln58_890" [firmware/nnet_utils/nnet_dense_latency.h:58]   --->   Operation 2940 'add' 'add_ln58_894' <Predicate = true> <Delay = 1.06> <CoreInst = "TAddSub">   --->   Core 10 'TAddSub' <Latency = 0> <II = 1> <Delay = 0.53> <IPBlock> <Opcode : '' 'add' 'sub'> <InPorts = 3> <OutPorts = 1> <Sync> <CReg>
ST_7 : Operation 2941 [1/1] (0.00ns)   --->   "%sext_ln58_186 = sext i30 %add_ln58_894" [firmware/nnet_utils/nnet_dense_latency.h:58]   --->   Operation 2941 'sext' 'sext_ln58_186' <Predicate = true> <Delay = 0.00>
ST_7 : Operation 2942 [1/1] (0.00ns)   --->   "%sext_ln58_572 = sext i26 %add_ln58_905" [firmware/nnet_utils/nnet_dense_latency.h:58]   --->   Operation 2942 'sext' 'sext_ln58_572' <Predicate = true> <Delay = 0.00>
ST_7 : Operation 2943 [1/1] (0.00ns)   --->   "%sext_ln58_576 = sext i26 %add_ln58_909" [firmware/nnet_utils/nnet_dense_latency.h:58]   --->   Operation 2943 'sext' 'sext_ln58_576' <Predicate = true> <Delay = 0.00>
ST_7 : Operation 2944 [1/1] (1.46ns)   --->   "%add_ln58_910 = add i27 %sext_ln58_576, i27 %sext_ln58_572" [firmware/nnet_utils/nnet_dense_latency.h:58]   --->   Operation 2944 'add' 'add_ln58_910' <Predicate = true> <Delay = 1.46> <CoreInst = "Adder">   --->   Core 1 'Adder' <Latency = 0> <II = 1> <Delay = 1.46> <FuncUnit> <Opcode : 'add' 'sub'> <InPorts = 2> <OutPorts = 1>
ST_7 : Operation 2945 [1/1] (0.00ns)   --->   "%sext_ln58_577 = sext i27 %add_ln58_910" [firmware/nnet_utils/nnet_dense_latency.h:58]   --->   Operation 2945 'sext' 'sext_ln58_577' <Predicate = true> <Delay = 0.00>
ST_7 : Operation 2946 [1/1] (0.00ns) (grouped into TernaryAdder)   --->   "%add_ln58_911 = add i29 %sext_ln58_577, i29 %add_ln58_902" [firmware/nnet_utils/nnet_dense_latency.h:58]   --->   Operation 2946 'add' 'add_ln58_911' <Predicate = true> <Delay = 0.00> <CoreInst = "TAddSub">   --->   Core 10 'TAddSub' <Latency = 0> <II = 1> <Delay = 0.53> <IPBlock> <Opcode : '' 'add' 'sub'> <InPorts = 3> <OutPorts = 1> <Sync> <CReg>
ST_7 : Operation 2947 [1/1] (0.00ns)   --->   "%sext_ln58_585 = sext i26 %add_ln58_919" [firmware/nnet_utils/nnet_dense_latency.h:58]   --->   Operation 2947 'sext' 'sext_ln58_585' <Predicate = true> <Delay = 0.00>
ST_7 : Operation 2948 [1/1] (0.00ns)   --->   "%sext_ln58_593 = sext i25 %add_ln58_927" [firmware/nnet_utils/nnet_dense_latency.h:58]   --->   Operation 2948 'sext' 'sext_ln58_593' <Predicate = true> <Delay = 0.00>
ST_7 : Operation 2949 [1/1] (1.46ns)   --->   "%add_ln58_928 = add i27 %sext_ln58_593, i27 %sext_ln58_585" [firmware/nnet_utils/nnet_dense_latency.h:58]   --->   Operation 2949 'add' 'add_ln58_928' <Predicate = true> <Delay = 1.46> <CoreInst = "Adder">   --->   Core 1 'Adder' <Latency = 0> <II = 1> <Delay = 1.46> <FuncUnit> <Opcode : 'add' 'sub'> <InPorts = 2> <OutPorts = 1>
ST_7 : Operation 2950 [1/1] (0.00ns)   --->   "%sext_ln58_594 = sext i27 %add_ln58_928" [firmware/nnet_utils/nnet_dense_latency.h:58]   --->   Operation 2950 'sext' 'sext_ln58_594' <Predicate = true> <Delay = 0.00>
ST_7 : Operation 2951 [1/1] (1.06ns) (root node of TernaryAdder)   --->   "%add_ln58_929 = add i29 %sext_ln58_594, i29 %add_ln58_911" [firmware/nnet_utils/nnet_dense_latency.h:58]   --->   Operation 2951 'add' 'add_ln58_929' <Predicate = true> <Delay = 1.06> <CoreInst = "TAddSub">   --->   Core 10 'TAddSub' <Latency = 0> <II = 1> <Delay = 0.53> <IPBlock> <Opcode : '' 'add' 'sub'> <InPorts = 3> <OutPorts = 1> <Sync> <CReg>
ST_7 : Operation 2952 [1/1] (0.00ns)   --->   "%sext_ln58_187 = sext i29 %add_ln58_929" [firmware/nnet_utils/nnet_dense_latency.h:58]   --->   Operation 2952 'sext' 'sext_ln58_187' <Predicate = true> <Delay = 0.00>
ST_7 : Operation 2953 [1/1] (0.00ns)   --->   "%sext_ln58_629 = sext i26 %add_ln58_979" [firmware/nnet_utils/nnet_dense_latency.h:58]   --->   Operation 2953 'sext' 'sext_ln58_629' <Predicate = true> <Delay = 0.00>
ST_7 : Operation 2954 [1/1] (0.00ns) (grouped into TernaryAdder)   --->   "%add_ln58_980 = add i29 %sext_ln58_629, i29 %add_ln58_973" [firmware/nnet_utils/nnet_dense_latency.h:58]   --->   Operation 2954 'add' 'add_ln58_980' <Predicate = true> <Delay = 0.00> <CoreInst = "TAddSub">   --->   Core 10 'TAddSub' <Latency = 0> <II = 1> <Delay = 0.53> <IPBlock> <Opcode : '' 'add' 'sub'> <InPorts = 3> <OutPorts = 1> <Sync> <CReg>
ST_7 : Operation 2955 [1/1] (0.00ns)   --->   "%sext_ln58_641 = sext i26 %add_ln58_991" [firmware/nnet_utils/nnet_dense_latency.h:58]   --->   Operation 2955 'sext' 'sext_ln58_641' <Predicate = true> <Delay = 0.00>
ST_7 : Operation 2956 [1/1] (1.06ns) (root node of TernaryAdder)   --->   "%add_ln58_992 = add i29 %sext_ln58_641, i29 %add_ln58_980" [firmware/nnet_utils/nnet_dense_latency.h:58]   --->   Operation 2956 'add' 'add_ln58_992' <Predicate = true> <Delay = 1.06> <CoreInst = "TAddSub">   --->   Core 10 'TAddSub' <Latency = 0> <II = 1> <Delay = 0.53> <IPBlock> <Opcode : '' 'add' 'sub'> <InPorts = 3> <OutPorts = 1> <Sync> <CReg>
ST_7 : Operation 2957 [1/1] (0.00ns)   --->   "%sext_ln58_190 = sext i29 %add_ln58_992" [firmware/nnet_utils/nnet_dense_latency.h:58]   --->   Operation 2957 'sext' 'sext_ln58_190' <Predicate = true> <Delay = 0.00>
ST_7 : Operation 2958 [1/1] (0.00ns)   --->   "%sext_ln58_652 = sext i26 %add_ln58_1006" [firmware/nnet_utils/nnet_dense_latency.h:58]   --->   Operation 2958 'sext' 'sext_ln58_652' <Predicate = true> <Delay = 0.00>
ST_7 : Operation 2959 [1/1] (0.00ns) (grouped into TernaryAdder)   --->   "%add_ln58_1007 = add i29 %sext_ln58_652, i29 %add_ln58_999" [firmware/nnet_utils/nnet_dense_latency.h:58]   --->   Operation 2959 'add' 'add_ln58_1007' <Predicate = true> <Delay = 0.00> <CoreInst = "TAddSub">   --->   Core 10 'TAddSub' <Latency = 0> <II = 1> <Delay = 0.53> <IPBlock> <Opcode : '' 'add' 'sub'> <InPorts = 3> <OutPorts = 1> <Sync> <CReg>
ST_7 : Operation 2960 [1/1] (0.00ns)   --->   "%sext_ln58_667 = sext i26 %add_ln58_1022" [firmware/nnet_utils/nnet_dense_latency.h:58]   --->   Operation 2960 'sext' 'sext_ln58_667' <Predicate = true> <Delay = 0.00>
ST_7 : Operation 2961 [1/1] (1.06ns) (root node of TernaryAdder)   --->   "%add_ln58_1023 = add i29 %sext_ln58_667, i29 %add_ln58_1007" [firmware/nnet_utils/nnet_dense_latency.h:58]   --->   Operation 2961 'add' 'add_ln58_1023' <Predicate = true> <Delay = 1.06> <CoreInst = "TAddSub">   --->   Core 10 'TAddSub' <Latency = 0> <II = 1> <Delay = 0.53> <IPBlock> <Opcode : '' 'add' 'sub'> <InPorts = 3> <OutPorts = 1> <Sync> <CReg>
ST_7 : Operation 2962 [1/1] (0.00ns)   --->   "%sext_ln58_191 = sext i29 %add_ln58_1023" [firmware/nnet_utils/nnet_dense_latency.h:58]   --->   Operation 2962 'sext' 'sext_ln58_191' <Predicate = true> <Delay = 0.00>
ST_7 : Operation 2963 [1/1] (0.00ns)   --->   "%sext_ln58_676 = sext i27 %add_ln58_1035" [firmware/nnet_utils/nnet_dense_latency.h:58]   --->   Operation 2963 'sext' 'sext_ln58_676' <Predicate = true> <Delay = 0.00>
ST_7 : Operation 2964 [1/1] (0.00ns) (grouped into TernaryAdder)   --->   "%add_ln58_1036 = add i30 %sext_ln58_676, i30 %add_ln58_1029" [firmware/nnet_utils/nnet_dense_latency.h:58]   --->   Operation 2964 'add' 'add_ln58_1036' <Predicate = true> <Delay = 0.00> <CoreInst = "TAddSub">   --->   Core 10 'TAddSub' <Latency = 0> <II = 1> <Delay = 0.53> <IPBlock> <Opcode : '' 'add' 'sub'> <InPorts = 3> <OutPorts = 1> <Sync> <CReg>
ST_7 : Operation 2965 [1/1] (0.00ns)   --->   "%sext_ln58_681 = sext i26 %add_ln58_1042" [firmware/nnet_utils/nnet_dense_latency.h:58]   --->   Operation 2965 'sext' 'sext_ln58_681' <Predicate = true> <Delay = 0.00>
ST_7 : Operation 2966 [1/1] (0.00ns)   --->   "%sext_ln58_685 = sext i25 %add_ln58_1048" [firmware/nnet_utils/nnet_dense_latency.h:58]   --->   Operation 2966 'sext' 'sext_ln58_685' <Predicate = true> <Delay = 0.00>
ST_7 : Operation 2967 [1/1] (1.46ns)   --->   "%add_ln58_1049 = add i27 %sext_ln58_685, i27 %sext_ln58_681" [firmware/nnet_utils/nnet_dense_latency.h:58]   --->   Operation 2967 'add' 'add_ln58_1049' <Predicate = true> <Delay = 1.46> <CoreInst = "Adder">   --->   Core 1 'Adder' <Latency = 0> <II = 1> <Delay = 1.46> <FuncUnit> <Opcode : 'add' 'sub'> <InPorts = 2> <OutPorts = 1>
ST_7 : Operation 2968 [1/1] (0.00ns)   --->   "%sext_ln58_686 = sext i27 %add_ln58_1049" [firmware/nnet_utils/nnet_dense_latency.h:58]   --->   Operation 2968 'sext' 'sext_ln58_686' <Predicate = true> <Delay = 0.00>
ST_7 : Operation 2969 [1/1] (1.06ns) (root node of TernaryAdder)   --->   "%add_ln58_1050 = add i30 %sext_ln58_686, i30 %add_ln58_1036" [firmware/nnet_utils/nnet_dense_latency.h:58]   --->   Operation 2969 'add' 'add_ln58_1050' <Predicate = true> <Delay = 1.06> <CoreInst = "TAddSub">   --->   Core 10 'TAddSub' <Latency = 0> <II = 1> <Delay = 0.53> <IPBlock> <Opcode : '' 'add' 'sub'> <InPorts = 3> <OutPorts = 1> <Sync> <CReg>
ST_7 : Operation 2970 [1/1] (0.00ns)   --->   "%sext_ln58_192 = sext i30 %add_ln58_1050" [firmware/nnet_utils/nnet_dense_latency.h:58]   --->   Operation 2970 'sext' 'sext_ln58_192' <Predicate = true> <Delay = 0.00>
ST_7 : Operation 2971 [1/1] (0.00ns)   --->   "%sext_ln58_687 = sext i25 %add_ln58_1051" [firmware/nnet_utils/nnet_dense_latency.h:58]   --->   Operation 2971 'sext' 'sext_ln58_687' <Predicate = true> <Delay = 0.00>
ST_7 : Operation 2972 [1/1] (1.47ns)   --->   "%add_ln58_1052 = add i30 %sext_ln58_687, i30 %sext_ln58_181" [firmware/nnet_utils/nnet_dense_latency.h:58]   --->   Operation 2972 'add' 'add_ln58_1052' <Predicate = true> <Delay = 1.47> <CoreInst = "Adder">   --->   Core 1 'Adder' <Latency = 0> <II = 1> <Delay = 1.47> <FuncUnit> <Opcode : 'add' 'sub'> <InPorts = 2> <OutPorts = 1>
ST_7 : Operation 2973 [1/1] (0.00ns)   --->   "%sext_ln68 = sext i30 %add_ln58_1052" [firmware/nnet_utils/nnet_dense_latency.h:68]   --->   Operation 2973 'sext' 'sext_ln68' <Predicate = true> <Delay = 0.00>
ST_7 : Operation 2974 [1/1] (0.00ns)   --->   "%mrv_i = insertvalue i400 <undef>, i40 %sext_ln58_182" [firmware/nnet_utils/nnet_dense_latency.h:68]   --->   Operation 2974 'insertvalue' 'mrv_i' <Predicate = true> <Delay = 0.00>
ST_7 : Operation 2975 [1/1] (0.00ns)   --->   "%mrv_1_i = insertvalue i400 %mrv_i, i40 %sext_ln58_183" [firmware/nnet_utils/nnet_dense_latency.h:68]   --->   Operation 2975 'insertvalue' 'mrv_1_i' <Predicate = true> <Delay = 0.00>
ST_7 : Operation 2976 [1/1] (0.00ns)   --->   "%mrv_2_i = insertvalue i400 %mrv_1_i, i40 %sext_ln58_184" [firmware/nnet_utils/nnet_dense_latency.h:68]   --->   Operation 2976 'insertvalue' 'mrv_2_i' <Predicate = true> <Delay = 0.00>
ST_7 : Operation 2977 [1/1] (0.00ns)   --->   "%mrv_3_i = insertvalue i400 %mrv_2_i, i40 %sext_ln58_185" [firmware/nnet_utils/nnet_dense_latency.h:68]   --->   Operation 2977 'insertvalue' 'mrv_3_i' <Predicate = true> <Delay = 0.00>
ST_7 : Operation 2978 [1/1] (0.00ns)   --->   "%mrv_4_i = insertvalue i400 %mrv_3_i, i40 %sext_ln58_186" [firmware/nnet_utils/nnet_dense_latency.h:68]   --->   Operation 2978 'insertvalue' 'mrv_4_i' <Predicate = true> <Delay = 0.00>
ST_7 : Operation 2979 [1/1] (0.00ns)   --->   "%mrv_5_i = insertvalue i400 %mrv_4_i, i40 %sext_ln58_187" [firmware/nnet_utils/nnet_dense_latency.h:68]   --->   Operation 2979 'insertvalue' 'mrv_5_i' <Predicate = true> <Delay = 0.00>
ST_7 : Operation 2980 [1/1] (0.00ns)   --->   "%mrv_6_i = insertvalue i400 %mrv_5_i, i40 %sext_ln58_190" [firmware/nnet_utils/nnet_dense_latency.h:68]   --->   Operation 2980 'insertvalue' 'mrv_6_i' <Predicate = true> <Delay = 0.00>
ST_7 : Operation 2981 [1/1] (0.00ns)   --->   "%mrv_7_i = insertvalue i400 %mrv_6_i, i40 %sext_ln58_191" [firmware/nnet_utils/nnet_dense_latency.h:68]   --->   Operation 2981 'insertvalue' 'mrv_7_i' <Predicate = true> <Delay = 0.00>
ST_7 : Operation 2982 [1/1] (0.00ns)   --->   "%mrv_8_i = insertvalue i400 %mrv_7_i, i40 %sext_ln58_192" [firmware/nnet_utils/nnet_dense_latency.h:68]   --->   Operation 2982 'insertvalue' 'mrv_8_i' <Predicate = true> <Delay = 0.00>
ST_7 : Operation 2983 [1/1] (0.00ns)   --->   "%mrv_9_i = insertvalue i400 %mrv_8_i, i40 %sext_ln68" [firmware/nnet_utils/nnet_dense_latency.h:68]   --->   Operation 2983 'insertvalue' 'mrv_9_i' <Predicate = true> <Delay = 0.00>
ST_7 : Operation 2984 [1/1] (0.00ns)   --->   "%ret_ln33 = ret i400 %mrv_9_i" [firmware/nnet_utils/nnet_dense_latency.h:33]   --->   Operation 2984 'ret' 'ret_ln33' <Predicate = true> <Delay = 0.00>


============================================================
+ Verbose Summary: Timing violations
============================================================
Target clock period: 5.000ns, clock uncertainty: 1.350ns.

 <State 1>: 3.570ns
The critical path consists of the following:
	'load' operation 16 bit ('a') on static variable 'void_compute_output_buffer_2d_array_const_ap_shift_reg_n_chan_stream_weig_9' [75]  (0.000 ns)
	'mul' operation 22 bit ('mul_ln17', firmware/nnet_utils/nnet_dense_latency.h:17) [79]  (3.570 ns)

 <State 2>: 3.570ns
The critical path consists of the following:
	'mul' operation 24 bit ('mul_ln17_1', firmware/nnet_utils/nnet_dense_latency.h:17) [81]  (3.570 ns)

 <State 3>: 3.570ns
The critical path consists of the following:
	'mul' operation 25 bit ('mult', firmware/nnet_utils/nnet_mult.h:73->firmware/nnet_utils/nnet_dense_latency.h:42) [165]  (3.570 ns)

 <State 4>: 3.570ns
The critical path consists of the following:
	'mul' operation 25 bit ('mult', firmware/nnet_utils/nnet_mult.h:73->firmware/nnet_utils/nnet_dense_latency.h:42) [359]  (3.570 ns)

 <State 5>: 3.590ns
The critical path consists of the following:
	'add' operation 28 bit ('add_ln58_503', firmware/nnet_utils/nnet_dense_latency.h:58) [2044]  (1.465 ns)
	'add' operation 28 bit ('add_ln58_506', firmware/nnet_utils/nnet_dense_latency.h:58) [2049]  (0.000 ns)
	'add' operation 28 bit ('add_ln58_512', firmware/nnet_utils/nnet_dense_latency.h:58) [2059]  (1.060 ns)
	'add' operation 29 bit ('add_ln58_663', firmware/nnet_utils/nnet_dense_latency.h:58) [2325]  (0.000 ns)
	'add' operation 29 bit ('add_ln58_666', firmware/nnet_utils/nnet_dense_latency.h:58) [2330]  (1.065 ns)

 <State 6>: 3.596ns
The critical path consists of the following:
	'add' operation 27 bit ('add_ln58_646', firmware/nnet_utils/nnet_dense_latency.h:58) [2294]  (1.461 ns)
	'add' operation 29 bit ('add_ln58_647', firmware/nnet_utils/nnet_dense_latency.h:58) [2296]  (0.000 ns)
	'add' operation 29 bit ('add_ln58_661', firmware/nnet_utils/nnet_dense_latency.h:58) [2321]  (1.065 ns)
	'add' operation 30 bit ('add_ln58_1025', firmware/nnet_utils/nnet_dense_latency.h:58) [2990]  (0.000 ns)
	'add' operation 30 bit ('add_ln58_1029', firmware/nnet_utils/nnet_dense_latency.h:58) [2997]  (1.070 ns)

 <State 7>: 3.608ns
The critical path consists of the following:
	'add' operation 29 bit ('add_ln58_699', firmware/nnet_utils/nnet_dense_latency.h:58) [2387]  (0.000 ns)
	'add' operation 29 bit ('add_ln58_715', firmware/nnet_utils/nnet_dense_latency.h:58) [2417]  (1.065 ns)
	'add' operation 30 bit ('add_ln58_818', firmware/nnet_utils/nnet_dense_latency.h:58) [2609]  (1.473 ns)
	'add' operation 30 bit ('add_ln58_821', firmware/nnet_utils/nnet_dense_latency.h:58) [2614]  (0.000 ns)
	'add' operation 30 bit ('add_ln58_828', firmware/nnet_utils/nnet_dense_latency.h:58) [2626]  (1.070 ns)


============================================================
+ Verbose Summary: Binding
============================================================
N/A
* FSMD analyzer results:
  - Output states:
 - Input state : 
  - Chain level:
	State 1
	State 2
	State 3
	State 4
	State 5
	State 6
	State 7


============================================================
+ Verbose Summary: Datapath Resource usage 
============================================================
N/A
