

================================================================
== Vitis HLS Report for 'pooling2d_cl_array_array_ap_fixed_16_6_5_3_0_10u_config13_s'
================================================================
* Date:           Sun Apr  5 17:32:20 2026

* Version:        2023.2 (Build 4023990 on Oct 11 2023)
* Project:        gaussian_prj
* Solution:       solution1 (Vivado IP Flow Target)
* Product family: kintexu
* Target device:  xcku035-fbva676-2-e


================================================================
== Performance Estimates
================================================================
+ Timing: 
    * Summary: 
    +--------+---------+----------+------------+
    |  Clock |  Target | Estimated| Uncertainty|
    +--------+---------+----------+------------+
    |ap_clk  |  5.00 ns|  3.847 ns|     1.35 ns|
    +--------+---------+----------+------------+

+ Latency: 
    * Summary: 
    +---------+---------+-----------+-----------+-----+-----+---------+
    |  Latency (cycles) |   Latency (absolute)  |  Interval | Pipeline|
    |   min   |   max   |    min    |    max    | min | max |   Type  |
    +---------+---------+-----------+-----------+-----+-----+---------+
    |       11|       11|  55.000 ns|  55.000 ns|   11|   11|       no|
    +---------+---------+-----------+-----------+-----+-----+---------+

    + Detail: 
        * Instance: 
        N/A

        * Loop: 
        +----------------------------------+---------+---------+----------+-----------+-----------+------+----------+
        |                                  |  Latency (cycles) | Iteration|  Initiation Interval  | Trip |          |
        |             Loop Name            |   min   |   max   |  Latency |  achieved |   target  | Count| Pipelined|
        +----------------------------------+---------+---------+----------+-----------+-----------+------+----------+
        |- ReadInputHeight_ReadInputWidth  |        9|        9|         4|          2|          1|     4|       yes|
        +----------------------------------+---------+---------+----------+-----------+-----------+------+----------+

============================================================
+ Verbose Summary: Synthesis Manager
============================================================
InlineROM: 1
ExposeGlobal: 0
============================================================
+ Verbose Summary: CDFG Model
============================================================
IsTopModel: 0
ResetActiveHigh: 1
IsCombinational: 2
IsDatapathOnly: 0
HasWiredReturn: 1
HasMFsm: 2
HasVarLatency: 1
IsPipeline: 0
IsRtlPipelined: 0
IsInstanceOverlapped: 0
IsDontTouch: 0
HasImplIP: 0
IsGatedGlobalClock: 0

+ Individual pipeline summary: 
  * Pipeline-0: initiation interval (II) = 2, depth = 4


============================================================
+ Verbose Summary: Schedule
============================================================
* Number of FSM states : 4
* Pipeline : 1
  Pipeline-0 : II = 2, D = 4, States = { 1 2 3 4 }
* Dataflow Pipeline: 0

* FSM state transitions: 
1 --> 2 
2 --> 3 
3 --> 4 
4 --> 

* FSM state operations: 

State 1 <SV = 0> <Delay = 3.84>
ST_1 : Operation 7 [1/1] (0.00ns)   --->   "%indvar_flatten = alloca i32 1"   --->   Operation 7 'alloca' 'indvar_flatten' <Predicate = true> <Delay = 0.00>
ST_1 : Operation 8 [1/1] (0.00ns)   --->   "%specinterface_ln0 = specinterface void @_ssdm_op_SpecInterface, i160 %layer13_out, void @empty_2, i32 0, i32 0, void @empty_1, i32 0, i32 0, void @empty_1, void @empty_1, void @empty_1, i32 0, i32 0, i32 0, i32 0, void @empty_1, void @empty_1, i32 4294967295, i32 0"   --->   Operation 8 'specinterface' 'specinterface_ln0' <Predicate = true> <Delay = 0.00>
ST_1 : Operation 9 [1/1] (0.00ns)   --->   "%specinterface_ln0 = specinterface void @_ssdm_op_SpecInterface, i160 %layer12_out, void @empty_2, i32 0, i32 0, void @empty_1, i32 0, i32 0, void @empty_1, void @empty_1, void @empty_1, i32 0, i32 0, i32 0, i32 0, void @empty_1, void @empty_1, i32 4294967295, i32 0"   --->   Operation 9 'specinterface' 'specinterface_ln0' <Predicate = true> <Delay = 0.00>
ST_1 : Operation 10 [1/1] (0.53ns)   --->   "%store_ln0 = store i3 0, i3 %indvar_flatten"   --->   Operation 10 'store' 'store_ln0' <Predicate = true> <Delay = 0.53>
ST_1 : Operation 11 [1/1] (0.00ns)   --->   "%br_ln109 = br void %for.body14" [firmware/nnet_utils/nnet_pooling_stream.h:109]   --->   Operation 11 'br' 'br_ln109' <Predicate = true> <Delay = 0.00>
ST_1 : Operation 12 [1/1] (0.00ns)   --->   "%indvar_flatten_load = load i3 %indvar_flatten" [firmware/nnet_utils/nnet_pooling_stream.h:109]   --->   Operation 12 'load' 'indvar_flatten_load' <Predicate = true> <Delay = 0.00>
ST_1 : Operation 13 [1/1] (0.83ns)   --->   "%icmp_ln109 = icmp_eq  i3 %indvar_flatten_load, i3 4" [firmware/nnet_utils/nnet_pooling_stream.h:109]   --->   Operation 13 'icmp' 'icmp_ln109' <Predicate = true> <Delay = 0.83> <CoreInst = "Cmp">   --->   Core 9 'Cmp' <Latency = 0> <II = 1> <Delay = 0.83> <FuncUnit> <Opcode : 'icmp'> <InPorts = 2> <OutPorts = 1>
ST_1 : Operation 14 [1/1] (0.83ns)   --->   "%add_ln109 = add i3 %indvar_flatten_load, i3 1" [firmware/nnet_utils/nnet_pooling_stream.h:109]   --->   Operation 14 'add' 'add_ln109' <Predicate = true> <Delay = 0.83> <CoreInst = "Adder">   --->   Core 1 'Adder' <Latency = 0> <II = 1> <Delay = 0.83> <FuncUnit> <Opcode : 'add' 'sub'> <InPorts = 2> <OutPorts = 1>
ST_1 : Operation 15 [1/1] (0.00ns)   --->   "%br_ln109 = br i1 %icmp_ln109, void %for.inc15, void %for.end17" [firmware/nnet_utils/nnet_pooling_stream.h:109]   --->   Operation 15 'br' 'br_ln109' <Predicate = true> <Delay = 0.00>
ST_1 : Operation 16 [1/1] (0.00ns)   --->   "%sX_2_load = load i32 %sX_2" [firmware/nnet_utils/nnet_pooling_stream.h:55->firmware/nnet_utils/nnet_pooling_stream.h:115]   --->   Operation 16 'load' 'sX_2_load' <Predicate = (!icmp_ln109)> <Delay = 0.00>
ST_1 : Operation 17 [1/1] (1.48ns)   --->   "%icmp_ln55 = icmp_eq  i32 %sX_2_load, i32 1" [firmware/nnet_utils/nnet_pooling_stream.h:55->firmware/nnet_utils/nnet_pooling_stream.h:115]   --->   Operation 17 'icmp' 'icmp_ln55' <Predicate = (!icmp_ln109)> <Delay = 1.48> <CoreInst = "Cmp">   --->   Core 9 'Cmp' <Latency = 0> <II = 1> <Delay = 1.48> <FuncUnit> <Opcode : 'icmp'> <InPorts = 2> <OutPorts = 1>
ST_1 : Operation 18 [1/1] (0.00ns)   --->   "%pX_2_load = load i32 %pX_2" [firmware/nnet_utils/nnet_pooling_stream.h:76->firmware/nnet_utils/nnet_pooling_stream.h:115]   --->   Operation 18 'load' 'pX_2_load' <Predicate = (!icmp_ln109)> <Delay = 0.00>
ST_1 : Operation 19 [1/1] (0.00ns)   --->   "%br_ln55 = br i1 %icmp_ln55, void %if.end.i, void %land.lhs.true.i" [firmware/nnet_utils/nnet_pooling_stream.h:55->firmware/nnet_utils/nnet_pooling_stream.h:115]   --->   Operation 19 'br' 'br_ln55' <Predicate = (!icmp_ln109)> <Delay = 0.00>
ST_1 : Operation 20 [1/1] (0.00ns)   --->   "%sY_2_load = load i32 %sY_2" [firmware/nnet_utils/nnet_pooling_stream.h:55->firmware/nnet_utils/nnet_pooling_stream.h:115]   --->   Operation 20 'load' 'sY_2_load' <Predicate = (!icmp_ln109 & icmp_ln55)> <Delay = 0.00>
ST_1 : Operation 21 [1/1] (1.48ns)   --->   "%icmp_ln55_7 = icmp_eq  i32 %sY_2_load, i32 1" [firmware/nnet_utils/nnet_pooling_stream.h:55->firmware/nnet_utils/nnet_pooling_stream.h:115]   --->   Operation 21 'icmp' 'icmp_ln55_7' <Predicate = (!icmp_ln109 & icmp_ln55)> <Delay = 1.48> <CoreInst = "Cmp">   --->   Core 9 'Cmp' <Latency = 0> <II = 1> <Delay = 1.48> <FuncUnit> <Opcode : 'icmp'> <InPorts = 2> <OutPorts = 1>
ST_1 : Operation 22 [1/1] (0.00ns)   --->   "%pY_2_load = load i32 %pY_2" [firmware/nnet_utils/nnet_pooling_stream.h:55->firmware/nnet_utils/nnet_pooling_stream.h:115]   --->   Operation 22 'load' 'pY_2_load' <Predicate = (!icmp_ln109 & icmp_ln55)> <Delay = 0.00>
ST_1 : Operation 23 [1/1] (1.48ns)   --->   "%icmp_ln55_8 = icmp_sgt  i32 %pY_2_load, i32 0" [firmware/nnet_utils/nnet_pooling_stream.h:55->firmware/nnet_utils/nnet_pooling_stream.h:115]   --->   Operation 23 'icmp' 'icmp_ln55_8' <Predicate = (!icmp_ln109 & icmp_ln55)> <Delay = 1.48> <CoreInst = "Cmp">   --->   Core 9 'Cmp' <Latency = 0> <II = 1> <Delay = 1.48> <FuncUnit> <Opcode : 'icmp'> <InPorts = 2> <OutPorts = 1>
ST_1 : Operation 24 [1/1] (1.48ns)   --->   "%icmp_ln55_9 = icmp_sgt  i32 %pX_2_load, i32 0" [firmware/nnet_utils/nnet_pooling_stream.h:55->firmware/nnet_utils/nnet_pooling_stream.h:115]   --->   Operation 24 'icmp' 'icmp_ln55_9' <Predicate = (!icmp_ln109 & icmp_ln55)> <Delay = 1.48> <CoreInst = "Cmp">   --->   Core 9 'Cmp' <Latency = 0> <II = 1> <Delay = 1.48> <FuncUnit> <Opcode : 'icmp'> <InPorts = 2> <OutPorts = 1>
ST_1 : Operation 25 [1/1] (0.00ns) (grouped into LUT with out node and_ln55_3)   --->   "%and_ln55 = and i1 %icmp_ln55_8, i1 %icmp_ln55_9" [firmware/nnet_utils/nnet_pooling_stream.h:55->firmware/nnet_utils/nnet_pooling_stream.h:115]   --->   Operation 25 'and' 'and_ln55' <Predicate = (!icmp_ln109 & icmp_ln55)> <Delay = 0.00> <CoreInst = "LogicGate">   --->   Core 74 'LogicGate' <Latency = 0> <II = 1> <Delay = 0.33> <FuncUnit> <Opcode : 'and' 'or' 'xor'> <InPorts = 2> <OutPorts = 1>
ST_1 : Operation 26 [1/1] (0.33ns) (out node of the LUT)   --->   "%and_ln55_3 = and i1 %and_ln55, i1 %icmp_ln55_7" [firmware/nnet_utils/nnet_pooling_stream.h:55->firmware/nnet_utils/nnet_pooling_stream.h:115]   --->   Operation 26 'and' 'and_ln55_3' <Predicate = (!icmp_ln109 & icmp_ln55)> <Delay = 0.33> <CoreInst = "LogicGate">   --->   Core 74 'LogicGate' <Latency = 0> <II = 1> <Delay = 0.33> <FuncUnit> <Opcode : 'and' 'or' 'xor'> <InPorts = 2> <OutPorts = 1>
ST_1 : Operation 27 [1/1] (0.00ns)   --->   "%br_ln55 = br i1 %and_ln55_3, void %if.end.i, void %for.body11.i" [firmware/nnet_utils/nnet_pooling_stream.h:55->firmware/nnet_utils/nnet_pooling_stream.h:115]   --->   Operation 27 'br' 'br_ln55' <Predicate = (!icmp_ln109 & icmp_ln55)> <Delay = 0.00>
ST_1 : Operation 28 [1/1] (1.48ns)   --->   "%add_ln76 = add i32 %pX_2_load, i32 1" [firmware/nnet_utils/nnet_pooling_stream.h:76->firmware/nnet_utils/nnet_pooling_stream.h:115]   --->   Operation 28 'add' 'add_ln76' <Predicate = (!icmp_ln109)> <Delay = 1.48> <CoreInst = "Adder">   --->   Core 1 'Adder' <Latency = 0> <II = 1> <Delay = 1.48> <FuncUnit> <Opcode : 'add' 'sub'> <InPorts = 2> <OutPorts = 1>
ST_1 : Operation 29 [1/1] (1.48ns)   --->   "%icmp_ln76 = icmp_eq  i32 %add_ln76, i32 2" [firmware/nnet_utils/nnet_pooling_stream.h:76->firmware/nnet_utils/nnet_pooling_stream.h:115]   --->   Operation 29 'icmp' 'icmp_ln76' <Predicate = (!icmp_ln109)> <Delay = 1.48> <CoreInst = "Cmp">   --->   Core 9 'Cmp' <Latency = 0> <II = 1> <Delay = 1.48> <FuncUnit> <Opcode : 'icmp'> <InPorts = 2> <OutPorts = 1>
ST_1 : Operation 30 [1/1] (0.00ns)   --->   "%br_ln76 = br i1 %icmp_ln76, void %if.else30.i, void %if.then19.i" [firmware/nnet_utils/nnet_pooling_stream.h:76->firmware/nnet_utils/nnet_pooling_stream.h:115]   --->   Operation 30 'br' 'br_ln76' <Predicate = (!icmp_ln109)> <Delay = 0.00>
ST_1 : Operation 31 [1/1] (0.53ns)   --->   "%store_ln89 = store i32 %add_ln76, i32 %pX_2" [firmware/nnet_utils/nnet_pooling_stream.h:89->firmware/nnet_utils/nnet_pooling_stream.h:115]   --->   Operation 31 'store' 'store_ln89' <Predicate = (!icmp_ln109 & !icmp_ln76)> <Delay = 0.53>
ST_1 : Operation 32 [1/1] (0.00ns) (grouped into LUT with out node add_ln91)   --->   "%select_ln91 = select i1 %icmp_ln55, i32 4294967295, i32 1" [firmware/nnet_utils/nnet_pooling_stream.h:91->firmware/nnet_utils/nnet_pooling_stream.h:115]   --->   Operation 32 'select' 'select_ln91' <Predicate = (!icmp_ln109 & !icmp_ln76)> <Delay = 0.00> <CoreInst = "Sel">   --->   Core 73 'Sel' <Latency = 0> <II = 1> <Delay = 0.41> <FuncUnit> <Opcode : 'select'> <InPorts = 3> <OutPorts = 1>
ST_1 : Operation 33 [1/1] (1.48ns) (out node of the LUT)   --->   "%add_ln91 = add i32 %sX_2_load, i32 %select_ln91" [firmware/nnet_utils/nnet_pooling_stream.h:91->firmware/nnet_utils/nnet_pooling_stream.h:115]   --->   Operation 33 'add' 'add_ln91' <Predicate = (!icmp_ln109 & !icmp_ln76)> <Delay = 1.48> <CoreInst = "Adder">   --->   Core 1 'Adder' <Latency = 0> <II = 1> <Delay = 1.48> <FuncUnit> <Opcode : 'add' 'sub'> <InPorts = 2> <OutPorts = 1>
ST_1 : Operation 34 [1/1] (0.53ns)   --->   "%store_ln91 = store i32 %add_ln91, i32 %sX_2" [firmware/nnet_utils/nnet_pooling_stream.h:91->firmware/nnet_utils/nnet_pooling_stream.h:115]   --->   Operation 34 'store' 'store_ln91' <Predicate = (!icmp_ln109 & !icmp_ln76)> <Delay = 0.53>
ST_1 : Operation 35 [1/1] (0.00ns)   --->   "%br_ln0 = br void %for.inc"   --->   Operation 35 'br' 'br_ln0' <Predicate = (!icmp_ln109 & !icmp_ln76)> <Delay = 0.00>
ST_1 : Operation 36 [1/1] (0.53ns)   --->   "%store_ln78 = store i32 0, i32 %pX_2" [firmware/nnet_utils/nnet_pooling_stream.h:78->firmware/nnet_utils/nnet_pooling_stream.h:115]   --->   Operation 36 'store' 'store_ln78' <Predicate = (!icmp_ln109 & icmp_ln76)> <Delay = 0.53>
ST_1 : Operation 37 [1/1] (0.53ns)   --->   "%store_ln79 = store i32 0, i32 %sX_2" [firmware/nnet_utils/nnet_pooling_stream.h:79->firmware/nnet_utils/nnet_pooling_stream.h:115]   --->   Operation 37 'store' 'store_ln79' <Predicate = (!icmp_ln109 & icmp_ln76)> <Delay = 0.53>
ST_1 : Operation 38 [1/1] (0.00ns)   --->   "%pY_2_load_1 = load i32 %pY_2" [firmware/nnet_utils/nnet_pooling_stream.h:80->firmware/nnet_utils/nnet_pooling_stream.h:115]   --->   Operation 38 'load' 'pY_2_load_1' <Predicate = (!icmp_ln109 & icmp_ln76)> <Delay = 0.00>
ST_1 : Operation 39 [1/1] (1.48ns)   --->   "%add_ln80 = add i32 %pY_2_load_1, i32 1" [firmware/nnet_utils/nnet_pooling_stream.h:80->firmware/nnet_utils/nnet_pooling_stream.h:115]   --->   Operation 39 'add' 'add_ln80' <Predicate = (!icmp_ln109 & icmp_ln76)> <Delay = 1.48> <CoreInst = "Adder">   --->   Core 1 'Adder' <Latency = 0> <II = 1> <Delay = 1.48> <FuncUnit> <Opcode : 'add' 'sub'> <InPorts = 2> <OutPorts = 1>
ST_1 : Operation 40 [1/1] (1.48ns)   --->   "%icmp_ln80 = icmp_eq  i32 %add_ln80, i32 2" [firmware/nnet_utils/nnet_pooling_stream.h:80->firmware/nnet_utils/nnet_pooling_stream.h:115]   --->   Operation 40 'icmp' 'icmp_ln80' <Predicate = (!icmp_ln109 & icmp_ln76)> <Delay = 1.48> <CoreInst = "Cmp">   --->   Core 9 'Cmp' <Latency = 0> <II = 1> <Delay = 1.48> <FuncUnit> <Opcode : 'icmp'> <InPorts = 2> <OutPorts = 1>
ST_1 : Operation 41 [1/1] (0.00ns)   --->   "%br_ln80 = br i1 %icmp_ln80, void %if.else.i, void %if.then22.i" [firmware/nnet_utils/nnet_pooling_stream.h:80->firmware/nnet_utils/nnet_pooling_stream.h:115]   --->   Operation 41 'br' 'br_ln80' <Predicate = (!icmp_ln109 & icmp_ln76)> <Delay = 0.00>
ST_1 : Operation 42 [1/1] (0.53ns)   --->   "%store_ln84 = store i32 %add_ln80, i32 %pY_2" [firmware/nnet_utils/nnet_pooling_stream.h:84->firmware/nnet_utils/nnet_pooling_stream.h:115]   --->   Operation 42 'store' 'store_ln84' <Predicate = (!icmp_ln109 & icmp_ln76 & !icmp_ln80)> <Delay = 0.53>
ST_1 : Operation 43 [1/1] (0.00ns)   --->   "%sY_2_load_1 = load i32 %sY_2" [firmware/nnet_utils/nnet_pooling_stream.h:86->firmware/nnet_utils/nnet_pooling_stream.h:115]   --->   Operation 43 'load' 'sY_2_load_1' <Predicate = (!icmp_ln109 & icmp_ln76 & !icmp_ln80)> <Delay = 0.00>
ST_1 : Operation 44 [1/1] (1.48ns)   --->   "%icmp_ln86 = icmp_eq  i32 %sY_2_load_1, i32 1" [firmware/nnet_utils/nnet_pooling_stream.h:86->firmware/nnet_utils/nnet_pooling_stream.h:115]   --->   Operation 44 'icmp' 'icmp_ln86' <Predicate = (!icmp_ln109 & icmp_ln76 & !icmp_ln80)> <Delay = 1.48> <CoreInst = "Cmp">   --->   Core 9 'Cmp' <Latency = 0> <II = 1> <Delay = 1.48> <FuncUnit> <Opcode : 'icmp'> <InPorts = 2> <OutPorts = 1>
ST_1 : Operation 45 [1/1] (0.00ns) (grouped into LUT with out node add_ln86)   --->   "%select_ln86 = select i1 %icmp_ln86, i32 4294967295, i32 1" [firmware/nnet_utils/nnet_pooling_stream.h:86->firmware/nnet_utils/nnet_pooling_stream.h:115]   --->   Operation 45 'select' 'select_ln86' <Predicate = (!icmp_ln109 & icmp_ln76 & !icmp_ln80)> <Delay = 0.00> <CoreInst = "Sel">   --->   Core 73 'Sel' <Latency = 0> <II = 1> <Delay = 0.41> <FuncUnit> <Opcode : 'select'> <InPorts = 3> <OutPorts = 1>
ST_1 : Operation 46 [1/1] (1.48ns) (out node of the LUT)   --->   "%add_ln86 = add i32 %sY_2_load_1, i32 %select_ln86" [firmware/nnet_utils/nnet_pooling_stream.h:86->firmware/nnet_utils/nnet_pooling_stream.h:115]   --->   Operation 46 'add' 'add_ln86' <Predicate = (!icmp_ln109 & icmp_ln76 & !icmp_ln80)> <Delay = 1.48> <CoreInst = "Adder">   --->   Core 1 'Adder' <Latency = 0> <II = 1> <Delay = 1.48> <FuncUnit> <Opcode : 'add' 'sub'> <InPorts = 2> <OutPorts = 1>
ST_1 : Operation 47 [1/1] (0.53ns)   --->   "%br_ln0 = br void %if.end29.i"   --->   Operation 47 'br' 'br_ln0' <Predicate = (!icmp_ln109 & icmp_ln76 & !icmp_ln80)> <Delay = 0.53>
ST_1 : Operation 48 [1/1] (0.53ns)   --->   "%store_ln81 = store i32 0, i32 %pY_2" [firmware/nnet_utils/nnet_pooling_stream.h:81->firmware/nnet_utils/nnet_pooling_stream.h:115]   --->   Operation 48 'store' 'store_ln81' <Predicate = (!icmp_ln109 & icmp_ln76 & icmp_ln80)> <Delay = 0.53>
ST_1 : Operation 49 [1/1] (0.53ns)   --->   "%br_ln83 = br void %if.end29.i" [firmware/nnet_utils/nnet_pooling_stream.h:83->firmware/nnet_utils/nnet_pooling_stream.h:115]   --->   Operation 49 'br' 'br_ln83' <Predicate = (!icmp_ln109 & icmp_ln76 & icmp_ln80)> <Delay = 0.53>
ST_1 : Operation 50 [1/1] (0.53ns)   --->   "%store_ln109 = store i3 %add_ln109, i3 %indvar_flatten" [firmware/nnet_utils/nnet_pooling_stream.h:109]   --->   Operation 50 'store' 'store_ln109' <Predicate = (!icmp_ln109)> <Delay = 0.53>
ST_1 : Operation 51 [1/1] (0.00ns)   --->   "%br_ln111 = br void %for.body14" [firmware/nnet_utils/nnet_pooling_stream.h:111]   --->   Operation 51 'br' 'br_ln111' <Predicate = (!icmp_ln109)> <Delay = 0.00>

State 2 <SV = 1> <Delay = 2.40>
ST_2 : Operation 52 [1/1] (0.00ns)   --->   "%specloopname_ln0 = specloopname void @_ssdm_op_SpecLoopName, void @ReadInputHeight_ReadInputWidth_str"   --->   Operation 52 'specloopname' 'specloopname_ln0' <Predicate = (!icmp_ln109)> <Delay = 0.00>
ST_2 : Operation 53 [1/1] (0.00ns)   --->   "%speclooptripcount_ln0 = speclooptripcount void @_ssdm_op_SpecLoopTripCount, i64 4, i64 4, i64 4"   --->   Operation 53 'speclooptripcount' 'speclooptripcount_ln0' <Predicate = (!icmp_ln109)> <Delay = 0.00>
ST_2 : Operation 54 [1/1] (0.00ns)   --->   "%specpipeline_ln113 = specpipeline void @_ssdm_op_SpecPipeline, i32 4294967295, i32 0, i32 0, i32 0, void @empty_1" [firmware/nnet_utils/nnet_pooling_stream.h:113]   --->   Operation 54 'specpipeline' 'specpipeline_ln113' <Predicate = (!icmp_ln109)> <Delay = 0.00>
ST_2 : Operation 55 [1/1] (1.82ns)   --->   "%layer12_out_read = read i160 @_ssdm_op_Read.ap_fifo.volatile.i160P0A, i160 %layer12_out" [firmware/nnet_utils/nnet_pooling_stream.h:115]   --->   Operation 55 'read' 'layer12_out_read' <Predicate = (!icmp_ln109)> <Delay = 1.82> <CoreInst = "FIFO_SRL">   --->   Core 81 'FIFO_SRL' <Latency = 0> <II = 1> <Delay = 2.26> <Storage> <Opcode : 'read' 'write' 'nbread' 'nbwrite'> <Ports = 0> <Width = 160> <Depth = 4> <FIFO>
ST_2 : Operation 56 [1/1] (0.00ns)   --->   "%trunc_ln115 = trunc i160 %layer12_out_read" [firmware/nnet_utils/nnet_pooling_stream.h:115]   --->   Operation 56 'trunc' 'trunc_ln115' <Predicate = (!icmp_ln109)> <Delay = 0.00>
ST_2 : Operation 57 [1/1] (0.00ns)   --->   "%trunc_ln115_s = partselect i16 @_ssdm_op_PartSelect.i16.i160.i32.i32, i160 %layer12_out_read, i32 16, i32 31" [firmware/nnet_utils/nnet_pooling_stream.h:115]   --->   Operation 57 'partselect' 'trunc_ln115_s' <Predicate = (!icmp_ln109)> <Delay = 0.00>
ST_2 : Operation 58 [1/1] (0.00ns)   --->   "%trunc_ln115_3 = partselect i16 @_ssdm_op_PartSelect.i16.i160.i32.i32, i160 %layer12_out_read, i32 32, i32 47" [firmware/nnet_utils/nnet_pooling_stream.h:115]   --->   Operation 58 'partselect' 'trunc_ln115_3' <Predicate = (!icmp_ln109)> <Delay = 0.00>
ST_2 : Operation 59 [1/1] (0.00ns)   --->   "%trunc_ln115_4 = partselect i16 @_ssdm_op_PartSelect.i16.i160.i32.i32, i160 %layer12_out_read, i32 48, i32 63" [firmware/nnet_utils/nnet_pooling_stream.h:115]   --->   Operation 59 'partselect' 'trunc_ln115_4' <Predicate = (!icmp_ln109)> <Delay = 0.00>
ST_2 : Operation 60 [1/1] (0.00ns)   --->   "%trunc_ln115_5 = partselect i16 @_ssdm_op_PartSelect.i16.i160.i32.i32, i160 %layer12_out_read, i32 64, i32 79" [firmware/nnet_utils/nnet_pooling_stream.h:115]   --->   Operation 60 'partselect' 'trunc_ln115_5' <Predicate = (!icmp_ln109)> <Delay = 0.00>
ST_2 : Operation 61 [1/1] (0.00ns)   --->   "%trunc_ln115_6 = partselect i16 @_ssdm_op_PartSelect.i16.i160.i32.i32, i160 %layer12_out_read, i32 80, i32 95" [firmware/nnet_utils/nnet_pooling_stream.h:115]   --->   Operation 61 'partselect' 'trunc_ln115_6' <Predicate = (!icmp_ln109)> <Delay = 0.00>
ST_2 : Operation 62 [1/1] (0.00ns)   --->   "%trunc_ln115_7 = partselect i16 @_ssdm_op_PartSelect.i16.i160.i32.i32, i160 %layer12_out_read, i32 96, i32 111" [firmware/nnet_utils/nnet_pooling_stream.h:115]   --->   Operation 62 'partselect' 'trunc_ln115_7' <Predicate = (!icmp_ln109)> <Delay = 0.00>
ST_2 : Operation 63 [1/1] (0.00ns)   --->   "%trunc_ln115_8 = partselect i16 @_ssdm_op_PartSelect.i16.i160.i32.i32, i160 %layer12_out_read, i32 112, i32 127" [firmware/nnet_utils/nnet_pooling_stream.h:115]   --->   Operation 63 'partselect' 'trunc_ln115_8' <Predicate = (!icmp_ln109)> <Delay = 0.00>
ST_2 : Operation 64 [1/1] (0.00ns)   --->   "%trunc_ln115_9 = partselect i16 @_ssdm_op_PartSelect.i16.i160.i32.i32, i160 %layer12_out_read, i32 128, i32 143" [firmware/nnet_utils/nnet_pooling_stream.h:115]   --->   Operation 64 'partselect' 'trunc_ln115_9' <Predicate = (!icmp_ln109)> <Delay = 0.00>
ST_2 : Operation 65 [1/1] (0.00ns)   --->   "%trunc_ln115_1 = partselect i16 @_ssdm_op_PartSelect.i16.i160.i32.i32, i160 %layer12_out_read, i32 144, i32 159" [firmware/nnet_utils/nnet_pooling_stream.h:115]   --->   Operation 65 'partselect' 'trunc_ln115_1' <Predicate = (!icmp_ln109)> <Delay = 0.00>
ST_2 : Operation 66 [1/1] (0.57ns)   --->   "%call_ln52 = call void @shift_line_buffer<array<ap_fixed<16, 6, 5, 3, 0>, 10u>, config13>, i16 %trunc_ln115, i16 %trunc_ln115_s, i16 %trunc_ln115_3, i16 %trunc_ln115_4, i16 %trunc_ln115_5, i16 %trunc_ln115_6, i16 %trunc_ln115_7, i16 %trunc_ln115_8, i16 %trunc_ln115_9, i16 %trunc_ln115_1, i16 %p_ZZN4nnet22compute_pool_buffer_2dINS_5arrayI8ap_fixedILi16ELi6EL9ap_q_mode5EL9ap_137, i16 %void_compute_pool_buffer_2d_array_const_ap_shift_reg_n_filt_stream_kernel_29, i16 %p_ZZN4nnet22compute_pool_buffer_2dINS_5arrayI8ap_fixedILi16ELi6EL9ap_q_mode5EL9ap_138, i16 %void_compute_pool_buffer_2d_array_const_ap_shift_reg_n_filt_stream_kernel_28, i16 %p_ZZN4nnet22compute_pool_buffer_2dINS_5arrayI8ap_fixedILi16ELi6EL9ap_q_mode5EL9ap_139, i16 %void_compute_pool_buffer_2d_array_const_ap_shift_reg_n_filt_stream_kernel_27, i16 %p_ZZN4nnet22compute_pool_buffer_2dINS_5arrayI8ap_fixedILi16ELi6EL9ap_q_mode5EL9ap_140, i16 %void_compute_pool_buffer_2d_array_const_ap_shift_reg_n_filt_stream_kernel_26, i16 %p_ZZN4nnet22compute_pool_buffer_2dINS_5arrayI8ap_fixedILi16ELi6EL9ap_q_mode5EL9ap_141, i16 %void_compute_pool_buffer_2d_array_const_ap_shift_reg_n_filt_stream_kernel_25, i16 %p_ZZN4nnet22compute_pool_buffer_2dINS_5arrayI8ap_fixedILi16ELi6EL9ap_q_mode5EL9ap_142, i16 %void_compute_pool_buffer_2d_array_const_ap_shift_reg_n_filt_stream_kernel_24, i16 %p_ZZN4nnet22compute_pool_buffer_2dINS_5arrayI8ap_fixedILi16ELi6EL9ap_q_mode5EL9ap_143, i16 %void_compute_pool_buffer_2d_array_const_ap_shift_reg_n_filt_stream_kernel_23, i16 %p_ZZN4nnet22compute_pool_buffer_2dINS_5arrayI8ap_fixedILi16ELi6EL9ap_q_mode5EL9ap_144, i16 %void_compute_pool_buffer_2d_array_const_ap_shift_reg_n_filt_stream_kernel_22, i16 %p_ZZN4nnet22compute_pool_buffer_2dINS_5arrayI8ap_fixedILi16ELi6EL9ap_q_mode5EL9ap_145, i16 %void_compute_pool_buffer_2d_array_const_ap_shift_reg_n_filt_stream_kernel_21, i16 %p_ZZN4nnet22compute_pool_buffer_2dINS_5arrayI8ap_fixedILi16ELi6EL9ap_q_mode5EL9ap_146, i16 %void_compute_pool_buffer_2d_array_const_ap_shift_reg_n_filt_stream_kernel_20, i16 %p_ZZN4nnet22compute_pool_buffer_2dINS_5arrayI8ap_fixedILi16ELi6EL9ap_q_mode5EL9ap_157, i16 %p_ZZN4nnet22compute_pool_buffer_2dINS_5arrayI8ap_fixedILi16ELi6EL9ap_q_mode5EL9ap_147, i16 %p_ZZN4nnet22compute_pool_buffer_2dINS_5arrayI8ap_fixedILi16ELi6EL9ap_q_mode5EL9ap_158, i16 %p_ZZN4nnet22compute_pool_buffer_2dINS_5arrayI8ap_fixedILi16ELi6EL9ap_q_mode5EL9ap_148, i16 %p_ZZN4nnet22compute_pool_buffer_2dINS_5arrayI8ap_fixedILi16ELi6EL9ap_q_mode5EL9ap_159, i16 %p_ZZN4nnet22compute_pool_buffer_2dINS_5arrayI8ap_fixedILi16ELi6EL9ap_q_mode5EL9ap_149, i16 %p_ZZN4nnet22compute_pool_buffer_2dINS_5arrayI8ap_fixedILi16ELi6EL9ap_q_mode5EL9ap_160, i16 %p_ZZN4nnet22compute_pool_buffer_2dINS_5arrayI8ap_fixedILi16ELi6EL9ap_q_mode5EL9ap_150, i16 %p_ZZN4nnet22compute_pool_buffer_2dINS_5arrayI8ap_fixedILi16ELi6EL9ap_q_mode5EL9ap_161, i16 %p_ZZN4nnet22compute_pool_buffer_2dINS_5arrayI8ap_fixedILi16ELi6EL9ap_q_mode5EL9ap_151, i16 %p_ZZN4nnet22compute_pool_buffer_2dINS_5arrayI8ap_fixedILi16ELi6EL9ap_q_mode5EL9ap_162, i16 %p_ZZN4nnet22compute_pool_buffer_2dINS_5arrayI8ap_fixedILi16ELi6EL9ap_q_mode5EL9ap_152, i16 %p_ZZN4nnet22compute_pool_buffer_2dINS_5arrayI8ap_fixedILi16ELi6EL9ap_q_mode5EL9ap_163, i16 %p_ZZN4nnet22compute_pool_buffer_2dINS_5arrayI8ap_fixedILi16ELi6EL9ap_q_mode5EL9ap_153, i16 %p_ZZN4nnet22compute_pool_buffer_2dINS_5arrayI8ap_fixedILi16ELi6EL9ap_q_mode5EL9ap_164, i16 %p_ZZN4nnet22compute_pool_buffer_2dINS_5arrayI8ap_fixedILi16ELi6EL9ap_q_mode5EL9ap_154, i16 %p_ZZN4nnet22compute_pool_buffer_2dINS_5arrayI8ap_fixedILi16ELi6EL9ap_q_mode5EL9ap_165, i16 %p_ZZN4nnet22compute_pool_buffer_2dINS_5arrayI8ap_fixedILi16ELi6EL9ap_q_mode5EL9ap_155, i16 %p_ZZN4nnet22compute_pool_buffer_2dINS_5arrayI8ap_fixedILi16ELi6EL9ap_q_mode5EL9ap_166, i16 %p_ZZN4nnet22compute_pool_buffer_2dINS_5arrayI8ap_fixedILi16ELi6EL9ap_q_mode5EL9ap_156, i16 %void_pooling2d_cl_stream_stream_array_ap_fixed_10u_0_line_buffer_9, i16 %void_pooling2d_cl_stream_stream_array_ap_fixed_10u_0_line_buffer_8, i16 %void_pooling2d_cl_stream_stream_array_ap_fixed_10u_0_line_buffer_7, i16 %void_pooling2d_cl_stream_stream_array_ap_fixed_10u_0_line_buffer_6, i16 %void_pooling2d_cl_stream_stream_array_ap_fixed_10u_0_line_buffer_5, i16 %void_pooling2d_cl_stream_stream_array_ap_fixed_10u_0_line_buffer_4, i16 %void_pooling2d_cl_stream_stream_array_ap_fixed_10u_0_line_buffer_3, i16 %void_pooling2d_cl_stream_stream_array_ap_fixed_10u_0_line_buffer_2, i16 %void_pooling2d_cl_stream_stream_array_ap_fixed_10u_0_line_buffer_1, i16 %void_pooling2d_cl_stream_stream_array_ap_fixed_10u_0_line_buffer" [firmware/nnet_utils/nnet_pooling_stream.h:52->firmware/nnet_utils/nnet_pooling_stream.h:115]   --->   Operation 66 'call' 'call_ln52' <Predicate = (!icmp_ln109)> <Delay = 0.57> <CoreType = "Generic">   --->   Core 0 '' <Latency = 0> <II = 1> <Delay = 1.00> <Generic> <Opcode : >
ST_2 : Operation 67 [1/1] (0.00ns)   --->   "%storemerge = phi i32 %add_ln86, void %if.else.i, i32 0, void %if.then22.i" [firmware/nnet_utils/nnet_pooling_stream.h:86->firmware/nnet_utils/nnet_pooling_stream.h:115]   --->   Operation 67 'phi' 'storemerge' <Predicate = (!icmp_ln109 & icmp_ln76)> <Delay = 0.00>
ST_2 : Operation 68 [1/1] (0.00ns)   --->   "%store_ln82 = store i32 %storemerge, i32 %sY_2" [firmware/nnet_utils/nnet_pooling_stream.h:82->firmware/nnet_utils/nnet_pooling_stream.h:115]   --->   Operation 68 'store' 'store_ln82' <Predicate = (!icmp_ln109 & icmp_ln76)> <Delay = 0.00>
ST_2 : Operation 69 [1/1] (0.00ns)   --->   "%br_ln88 = br void %for.inc" [firmware/nnet_utils/nnet_pooling_stream.h:88->firmware/nnet_utils/nnet_pooling_stream.h:115]   --->   Operation 69 'br' 'br_ln88' <Predicate = (!icmp_ln109 & icmp_ln76)> <Delay = 0.00>
ST_2 : Operation 203 [1/1] (0.00ns)   --->   "%ret_ln118 = ret" [firmware/nnet_utils/nnet_pooling_stream.h:118]   --->   Operation 203 'ret' 'ret_ln118' <Predicate = (icmp_ln109)> <Delay = 0.00>

State 3 <SV = 2> <Delay = 3.24>
ST_3 : Operation 70 [1/1] (0.00ns)   --->   "%void_compute_pool_buffer_2d_array_const_ap_shift_reg_n_filt_stream_kernel_56 = load i16 %void_compute_pool_buffer_2d_array_const_ap_shift_reg_n_filt_stream_kernel_29" [firmware/nnet_utils/nnet_pooling_stream.h:63->firmware/nnet_utils/nnet_pooling_stream.h:115]   --->   Operation 70 'load' 'void_compute_pool_buffer_2d_array_const_ap_shift_reg_n_filt_stream_kernel_56' <Predicate = (icmp_ln55 & and_ln55_3)> <Delay = 0.00>
ST_3 : Operation 71 [1/1] (0.00ns)   --->   "%p_ZZN4nnet22compute_pool_buffer_2dINS_5arrayI8ap_fixedILi16ELi6EL9ap_q_mode5EL9ap_385 = load i16 %p_ZZN4nnet22compute_pool_buffer_2dINS_5arrayI8ap_fixedILi16ELi6EL9ap_q_mode5EL9ap_137" [firmware/nnet_utils/nnet_pooling_stream.h:63->firmware/nnet_utils/nnet_pooling_stream.h:115]   --->   Operation 71 'load' 'p_ZZN4nnet22compute_pool_buffer_2dINS_5arrayI8ap_fixedILi16ELi6EL9ap_q_mode5EL9ap_385' <Predicate = (icmp_ln55 & and_ln55_3)> <Delay = 0.00>
ST_3 : Operation 72 [1/1] (0.00ns)   --->   "%p_ZZN4nnet22compute_pool_buffer_2dINS_5arrayI8ap_fixedILi16ELi6EL9ap_q_mode5EL9ap_386 = load i16 %p_ZZN4nnet22compute_pool_buffer_2dINS_5arrayI8ap_fixedILi16ELi6EL9ap_q_mode5EL9ap_147" [firmware/nnet_utils/nnet_pooling_stream.h:63->firmware/nnet_utils/nnet_pooling_stream.h:115]   --->   Operation 72 'load' 'p_ZZN4nnet22compute_pool_buffer_2dINS_5arrayI8ap_fixedILi16ELi6EL9ap_q_mode5EL9ap_386' <Predicate = (icmp_ln55 & and_ln55_3)> <Delay = 0.00>
ST_3 : Operation 73 [1/1] (0.00ns)   --->   "%p_ZZN4nnet22compute_pool_buffer_2dINS_5arrayI8ap_fixedILi16ELi6EL9ap_q_mode5EL9ap_387 = load i16 %p_ZZN4nnet22compute_pool_buffer_2dINS_5arrayI8ap_fixedILi16ELi6EL9ap_q_mode5EL9ap_157" [firmware/nnet_utils/nnet_pooling_stream.h:63->firmware/nnet_utils/nnet_pooling_stream.h:115]   --->   Operation 73 'load' 'p_ZZN4nnet22compute_pool_buffer_2dINS_5arrayI8ap_fixedILi16ELi6EL9ap_q_mode5EL9ap_387' <Predicate = (icmp_ln55 & and_ln55_3)> <Delay = 0.00>
ST_3 : Operation 74 [1/1] (1.41ns)   --->   "%icmp_ln66 = icmp_slt  i16 %void_compute_pool_buffer_2d_array_const_ap_shift_reg_n_filt_stream_kernel_56, i16 %p_ZZN4nnet22compute_pool_buffer_2dINS_5arrayI8ap_fixedILi16ELi6EL9ap_q_mode5EL9ap_385" [firmware/nnet_utils/nnet_common.h:66->firmware/nnet_utils/nnet_common.h:44->firmware/nnet_utils/nnet_common.h:46->firmware/nnet_utils/nnet_pooling_stream.h:21->firmware/nnet_utils/nnet_pooling_stream.h:68->firmware/nnet_utils/nnet_pooling_stream.h:115]   --->   Operation 74 'icmp' 'icmp_ln66' <Predicate = (icmp_ln55 & and_ln55_3)> <Delay = 1.41> <CoreInst = "Cmp">   --->   Core 9 'Cmp' <Latency = 0> <II = 1> <Delay = 1.41> <FuncUnit> <Opcode : 'icmp'> <InPorts = 2> <OutPorts = 1>
ST_3 : Operation 75 [1/1] (0.00ns) (grouped into LUT with out node select_ln0)   --->   "%xor_ln66 = xor i1 %icmp_ln66, i1 1" [firmware/nnet_utils/nnet_common.h:66->firmware/nnet_utils/nnet_common.h:44->firmware/nnet_utils/nnet_common.h:46->firmware/nnet_utils/nnet_pooling_stream.h:21->firmware/nnet_utils/nnet_pooling_stream.h:68->firmware/nnet_utils/nnet_pooling_stream.h:115]   --->   Operation 75 'xor' 'xor_ln66' <Predicate = (icmp_ln55 & and_ln55_3)> <Delay = 0.00> <CoreInst = "LogicGate">   --->   Core 74 'LogicGate' <Latency = 0> <II = 1> <Delay = 0.33> <FuncUnit> <Opcode : 'and' 'or' 'xor'> <InPorts = 2> <OutPorts = 1>
ST_3 : Operation 76 [1/1] (0.41ns) (out node of the LUT)   --->   "%select_ln0 = select i1 %xor_ln66, i16 %void_compute_pool_buffer_2d_array_const_ap_shift_reg_n_filt_stream_kernel_56, i16 %p_ZZN4nnet22compute_pool_buffer_2dINS_5arrayI8ap_fixedILi16ELi6EL9ap_q_mode5EL9ap_385" [firmware/nnet_utils/nnet_common.h:0->firmware/nnet_utils/nnet_common.h:46->firmware/nnet_utils/nnet_pooling_stream.h:21->firmware/nnet_utils/nnet_pooling_stream.h:68->firmware/nnet_utils/nnet_pooling_stream.h:115]   --->   Operation 76 'select' 'select_ln0' <Predicate = (icmp_ln55 & and_ln55_3)> <Delay = 0.41> <CoreInst = "Sel">   --->   Core 73 'Sel' <Latency = 0> <II = 1> <Delay = 0.41> <FuncUnit> <Opcode : 'select'> <InPorts = 3> <OutPorts = 1>
ST_3 : Operation 77 [1/1] (1.41ns)   --->   "%icmp_ln66_113 = icmp_slt  i16 %p_ZZN4nnet22compute_pool_buffer_2dINS_5arrayI8ap_fixedILi16ELi6EL9ap_q_mode5EL9ap_386, i16 %p_ZZN4nnet22compute_pool_buffer_2dINS_5arrayI8ap_fixedILi16ELi6EL9ap_q_mode5EL9ap_387" [firmware/nnet_utils/nnet_common.h:66->firmware/nnet_utils/nnet_common.h:44->firmware/nnet_utils/nnet_common.h:46->firmware/nnet_utils/nnet_pooling_stream.h:21->firmware/nnet_utils/nnet_pooling_stream.h:68->firmware/nnet_utils/nnet_pooling_stream.h:115]   --->   Operation 77 'icmp' 'icmp_ln66_113' <Predicate = (icmp_ln55 & and_ln55_3)> <Delay = 1.41> <CoreInst = "Cmp">   --->   Core 9 'Cmp' <Latency = 0> <II = 1> <Delay = 1.41> <FuncUnit> <Opcode : 'icmp'> <InPorts = 2> <OutPorts = 1>
ST_3 : Operation 78 [1/1] (0.00ns) (grouped into LUT with out node select_ln0_99)   --->   "%xor_ln66_113 = xor i1 %icmp_ln66_113, i1 1" [firmware/nnet_utils/nnet_common.h:66->firmware/nnet_utils/nnet_common.h:44->firmware/nnet_utils/nnet_common.h:46->firmware/nnet_utils/nnet_pooling_stream.h:21->firmware/nnet_utils/nnet_pooling_stream.h:68->firmware/nnet_utils/nnet_pooling_stream.h:115]   --->   Operation 78 'xor' 'xor_ln66_113' <Predicate = (icmp_ln55 & and_ln55_3)> <Delay = 0.00> <CoreInst = "LogicGate">   --->   Core 74 'LogicGate' <Latency = 0> <II = 1> <Delay = 0.33> <FuncUnit> <Opcode : 'and' 'or' 'xor'> <InPorts = 2> <OutPorts = 1>
ST_3 : Operation 79 [1/1] (0.41ns) (out node of the LUT)   --->   "%select_ln0_99 = select i1 %xor_ln66_113, i16 %p_ZZN4nnet22compute_pool_buffer_2dINS_5arrayI8ap_fixedILi16ELi6EL9ap_q_mode5EL9ap_386, i16 %p_ZZN4nnet22compute_pool_buffer_2dINS_5arrayI8ap_fixedILi16ELi6EL9ap_q_mode5EL9ap_387" [firmware/nnet_utils/nnet_common.h:0->firmware/nnet_utils/nnet_common.h:46->firmware/nnet_utils/nnet_pooling_stream.h:21->firmware/nnet_utils/nnet_pooling_stream.h:68->firmware/nnet_utils/nnet_pooling_stream.h:115]   --->   Operation 79 'select' 'select_ln0_99' <Predicate = (icmp_ln55 & and_ln55_3)> <Delay = 0.41> <CoreInst = "Sel">   --->   Core 73 'Sel' <Latency = 0> <II = 1> <Delay = 0.41> <FuncUnit> <Opcode : 'select'> <InPorts = 3> <OutPorts = 1>
ST_3 : Operation 80 [1/1] (1.41ns)   --->   "%icmp_ln66_114 = icmp_slt  i16 %select_ln0, i16 %select_ln0_99" [firmware/nnet_utils/nnet_common.h:66->firmware/nnet_utils/nnet_common.h:46->firmware/nnet_utils/nnet_pooling_stream.h:21->firmware/nnet_utils/nnet_pooling_stream.h:68->firmware/nnet_utils/nnet_pooling_stream.h:115]   --->   Operation 80 'icmp' 'icmp_ln66_114' <Predicate = (icmp_ln55 & and_ln55_3)> <Delay = 1.41> <CoreInst = "Cmp">   --->   Core 9 'Cmp' <Latency = 0> <II = 1> <Delay = 1.41> <FuncUnit> <Opcode : 'icmp'> <InPorts = 2> <OutPorts = 1>
ST_3 : Operation 81 [1/1] (0.00ns)   --->   "%void_compute_pool_buffer_2d_array_const_ap_shift_reg_n_filt_stream_kernel_57 = load i16 %void_compute_pool_buffer_2d_array_const_ap_shift_reg_n_filt_stream_kernel_28" [firmware/nnet_utils/nnet_pooling_stream.h:63->firmware/nnet_utils/nnet_pooling_stream.h:115]   --->   Operation 81 'load' 'void_compute_pool_buffer_2d_array_const_ap_shift_reg_n_filt_stream_kernel_57' <Predicate = (icmp_ln55 & and_ln55_3)> <Delay = 0.00>
ST_3 : Operation 82 [1/1] (0.00ns)   --->   "%p_ZZN4nnet22compute_pool_buffer_2dINS_5arrayI8ap_fixedILi16ELi6EL9ap_q_mode5EL9ap_388 = load i16 %p_ZZN4nnet22compute_pool_buffer_2dINS_5arrayI8ap_fixedILi16ELi6EL9ap_q_mode5EL9ap_138" [firmware/nnet_utils/nnet_pooling_stream.h:63->firmware/nnet_utils/nnet_pooling_stream.h:115]   --->   Operation 82 'load' 'p_ZZN4nnet22compute_pool_buffer_2dINS_5arrayI8ap_fixedILi16ELi6EL9ap_q_mode5EL9ap_388' <Predicate = (icmp_ln55 & and_ln55_3)> <Delay = 0.00>
ST_3 : Operation 83 [1/1] (0.00ns)   --->   "%p_ZZN4nnet22compute_pool_buffer_2dINS_5arrayI8ap_fixedILi16ELi6EL9ap_q_mode5EL9ap_389 = load i16 %p_ZZN4nnet22compute_pool_buffer_2dINS_5arrayI8ap_fixedILi16ELi6EL9ap_q_mode5EL9ap_148" [firmware/nnet_utils/nnet_pooling_stream.h:63->firmware/nnet_utils/nnet_pooling_stream.h:115]   --->   Operation 83 'load' 'p_ZZN4nnet22compute_pool_buffer_2dINS_5arrayI8ap_fixedILi16ELi6EL9ap_q_mode5EL9ap_389' <Predicate = (icmp_ln55 & and_ln55_3)> <Delay = 0.00>
ST_3 : Operation 84 [1/1] (0.00ns)   --->   "%p_ZZN4nnet22compute_pool_buffer_2dINS_5arrayI8ap_fixedILi16ELi6EL9ap_q_mode5EL9ap_390 = load i16 %p_ZZN4nnet22compute_pool_buffer_2dINS_5arrayI8ap_fixedILi16ELi6EL9ap_q_mode5EL9ap_158" [firmware/nnet_utils/nnet_pooling_stream.h:63->firmware/nnet_utils/nnet_pooling_stream.h:115]   --->   Operation 84 'load' 'p_ZZN4nnet22compute_pool_buffer_2dINS_5arrayI8ap_fixedILi16ELi6EL9ap_q_mode5EL9ap_390' <Predicate = (icmp_ln55 & and_ln55_3)> <Delay = 0.00>
ST_3 : Operation 85 [1/1] (1.41ns)   --->   "%icmp_ln66_115 = icmp_slt  i16 %void_compute_pool_buffer_2d_array_const_ap_shift_reg_n_filt_stream_kernel_57, i16 %p_ZZN4nnet22compute_pool_buffer_2dINS_5arrayI8ap_fixedILi16ELi6EL9ap_q_mode5EL9ap_388" [firmware/nnet_utils/nnet_common.h:66->firmware/nnet_utils/nnet_common.h:44->firmware/nnet_utils/nnet_common.h:46->firmware/nnet_utils/nnet_pooling_stream.h:21->firmware/nnet_utils/nnet_pooling_stream.h:68->firmware/nnet_utils/nnet_pooling_stream.h:115]   --->   Operation 85 'icmp' 'icmp_ln66_115' <Predicate = (icmp_ln55 & and_ln55_3)> <Delay = 1.41> <CoreInst = "Cmp">   --->   Core 9 'Cmp' <Latency = 0> <II = 1> <Delay = 1.41> <FuncUnit> <Opcode : 'icmp'> <InPorts = 2> <OutPorts = 1>
ST_3 : Operation 86 [1/1] (0.00ns) (grouped into LUT with out node select_ln0_100)   --->   "%xor_ln66_115 = xor i1 %icmp_ln66_115, i1 1" [firmware/nnet_utils/nnet_common.h:66->firmware/nnet_utils/nnet_common.h:44->firmware/nnet_utils/nnet_common.h:46->firmware/nnet_utils/nnet_pooling_stream.h:21->firmware/nnet_utils/nnet_pooling_stream.h:68->firmware/nnet_utils/nnet_pooling_stream.h:115]   --->   Operation 86 'xor' 'xor_ln66_115' <Predicate = (icmp_ln55 & and_ln55_3)> <Delay = 0.00> <CoreInst = "LogicGate">   --->   Core 74 'LogicGate' <Latency = 0> <II = 1> <Delay = 0.33> <FuncUnit> <Opcode : 'and' 'or' 'xor'> <InPorts = 2> <OutPorts = 1>
ST_3 : Operation 87 [1/1] (0.41ns) (out node of the LUT)   --->   "%select_ln0_100 = select i1 %xor_ln66_115, i16 %void_compute_pool_buffer_2d_array_const_ap_shift_reg_n_filt_stream_kernel_57, i16 %p_ZZN4nnet22compute_pool_buffer_2dINS_5arrayI8ap_fixedILi16ELi6EL9ap_q_mode5EL9ap_388" [firmware/nnet_utils/nnet_common.h:0->firmware/nnet_utils/nnet_common.h:46->firmware/nnet_utils/nnet_pooling_stream.h:21->firmware/nnet_utils/nnet_pooling_stream.h:68->firmware/nnet_utils/nnet_pooling_stream.h:115]   --->   Operation 87 'select' 'select_ln0_100' <Predicate = (icmp_ln55 & and_ln55_3)> <Delay = 0.41> <CoreInst = "Sel">   --->   Core 73 'Sel' <Latency = 0> <II = 1> <Delay = 0.41> <FuncUnit> <Opcode : 'select'> <InPorts = 3> <OutPorts = 1>
ST_3 : Operation 88 [1/1] (1.41ns)   --->   "%icmp_ln66_116 = icmp_slt  i16 %p_ZZN4nnet22compute_pool_buffer_2dINS_5arrayI8ap_fixedILi16ELi6EL9ap_q_mode5EL9ap_389, i16 %p_ZZN4nnet22compute_pool_buffer_2dINS_5arrayI8ap_fixedILi16ELi6EL9ap_q_mode5EL9ap_390" [firmware/nnet_utils/nnet_common.h:66->firmware/nnet_utils/nnet_common.h:44->firmware/nnet_utils/nnet_common.h:46->firmware/nnet_utils/nnet_pooling_stream.h:21->firmware/nnet_utils/nnet_pooling_stream.h:68->firmware/nnet_utils/nnet_pooling_stream.h:115]   --->   Operation 88 'icmp' 'icmp_ln66_116' <Predicate = (icmp_ln55 & and_ln55_3)> <Delay = 1.41> <CoreInst = "Cmp">   --->   Core 9 'Cmp' <Latency = 0> <II = 1> <Delay = 1.41> <FuncUnit> <Opcode : 'icmp'> <InPorts = 2> <OutPorts = 1>
ST_3 : Operation 89 [1/1] (0.00ns) (grouped into LUT with out node select_ln0_101)   --->   "%xor_ln66_116 = xor i1 %icmp_ln66_116, i1 1" [firmware/nnet_utils/nnet_common.h:66->firmware/nnet_utils/nnet_common.h:44->firmware/nnet_utils/nnet_common.h:46->firmware/nnet_utils/nnet_pooling_stream.h:21->firmware/nnet_utils/nnet_pooling_stream.h:68->firmware/nnet_utils/nnet_pooling_stream.h:115]   --->   Operation 89 'xor' 'xor_ln66_116' <Predicate = (icmp_ln55 & and_ln55_3)> <Delay = 0.00> <CoreInst = "LogicGate">   --->   Core 74 'LogicGate' <Latency = 0> <II = 1> <Delay = 0.33> <FuncUnit> <Opcode : 'and' 'or' 'xor'> <InPorts = 2> <OutPorts = 1>
ST_3 : Operation 90 [1/1] (0.41ns) (out node of the LUT)   --->   "%select_ln0_101 = select i1 %xor_ln66_116, i16 %p_ZZN4nnet22compute_pool_buffer_2dINS_5arrayI8ap_fixedILi16ELi6EL9ap_q_mode5EL9ap_389, i16 %p_ZZN4nnet22compute_pool_buffer_2dINS_5arrayI8ap_fixedILi16ELi6EL9ap_q_mode5EL9ap_390" [firmware/nnet_utils/nnet_common.h:0->firmware/nnet_utils/nnet_common.h:46->firmware/nnet_utils/nnet_pooling_stream.h:21->firmware/nnet_utils/nnet_pooling_stream.h:68->firmware/nnet_utils/nnet_pooling_stream.h:115]   --->   Operation 90 'select' 'select_ln0_101' <Predicate = (icmp_ln55 & and_ln55_3)> <Delay = 0.41> <CoreInst = "Sel">   --->   Core 73 'Sel' <Latency = 0> <II = 1> <Delay = 0.41> <FuncUnit> <Opcode : 'select'> <InPorts = 3> <OutPorts = 1>
ST_3 : Operation 91 [1/1] (1.41ns)   --->   "%icmp_ln66_117 = icmp_slt  i16 %select_ln0_100, i16 %select_ln0_101" [firmware/nnet_utils/nnet_common.h:66->firmware/nnet_utils/nnet_common.h:46->firmware/nnet_utils/nnet_pooling_stream.h:21->firmware/nnet_utils/nnet_pooling_stream.h:68->firmware/nnet_utils/nnet_pooling_stream.h:115]   --->   Operation 91 'icmp' 'icmp_ln66_117' <Predicate = (icmp_ln55 & and_ln55_3)> <Delay = 1.41> <CoreInst = "Cmp">   --->   Core 9 'Cmp' <Latency = 0> <II = 1> <Delay = 1.41> <FuncUnit> <Opcode : 'icmp'> <InPorts = 2> <OutPorts = 1>
ST_3 : Operation 92 [1/1] (0.00ns)   --->   "%void_compute_pool_buffer_2d_array_const_ap_shift_reg_n_filt_stream_kernel_58 = load i16 %void_compute_pool_buffer_2d_array_const_ap_shift_reg_n_filt_stream_kernel_27" [firmware/nnet_utils/nnet_pooling_stream.h:63->firmware/nnet_utils/nnet_pooling_stream.h:115]   --->   Operation 92 'load' 'void_compute_pool_buffer_2d_array_const_ap_shift_reg_n_filt_stream_kernel_58' <Predicate = (icmp_ln55 & and_ln55_3)> <Delay = 0.00>
ST_3 : Operation 93 [1/1] (0.00ns)   --->   "%p_ZZN4nnet22compute_pool_buffer_2dINS_5arrayI8ap_fixedILi16ELi6EL9ap_q_mode5EL9ap_391 = load i16 %p_ZZN4nnet22compute_pool_buffer_2dINS_5arrayI8ap_fixedILi16ELi6EL9ap_q_mode5EL9ap_139" [firmware/nnet_utils/nnet_pooling_stream.h:63->firmware/nnet_utils/nnet_pooling_stream.h:115]   --->   Operation 93 'load' 'p_ZZN4nnet22compute_pool_buffer_2dINS_5arrayI8ap_fixedILi16ELi6EL9ap_q_mode5EL9ap_391' <Predicate = (icmp_ln55 & and_ln55_3)> <Delay = 0.00>
ST_3 : Operation 94 [1/1] (0.00ns)   --->   "%p_ZZN4nnet22compute_pool_buffer_2dINS_5arrayI8ap_fixedILi16ELi6EL9ap_q_mode5EL9ap_392 = load i16 %p_ZZN4nnet22compute_pool_buffer_2dINS_5arrayI8ap_fixedILi16ELi6EL9ap_q_mode5EL9ap_149" [firmware/nnet_utils/nnet_pooling_stream.h:63->firmware/nnet_utils/nnet_pooling_stream.h:115]   --->   Operation 94 'load' 'p_ZZN4nnet22compute_pool_buffer_2dINS_5arrayI8ap_fixedILi16ELi6EL9ap_q_mode5EL9ap_392' <Predicate = (icmp_ln55 & and_ln55_3)> <Delay = 0.00>
ST_3 : Operation 95 [1/1] (0.00ns)   --->   "%p_ZZN4nnet22compute_pool_buffer_2dINS_5arrayI8ap_fixedILi16ELi6EL9ap_q_mode5EL9ap_393 = load i16 %p_ZZN4nnet22compute_pool_buffer_2dINS_5arrayI8ap_fixedILi16ELi6EL9ap_q_mode5EL9ap_159" [firmware/nnet_utils/nnet_pooling_stream.h:63->firmware/nnet_utils/nnet_pooling_stream.h:115]   --->   Operation 95 'load' 'p_ZZN4nnet22compute_pool_buffer_2dINS_5arrayI8ap_fixedILi16ELi6EL9ap_q_mode5EL9ap_393' <Predicate = (icmp_ln55 & and_ln55_3)> <Delay = 0.00>
ST_3 : Operation 96 [1/1] (1.41ns)   --->   "%icmp_ln66_118 = icmp_slt  i16 %void_compute_pool_buffer_2d_array_const_ap_shift_reg_n_filt_stream_kernel_58, i16 %p_ZZN4nnet22compute_pool_buffer_2dINS_5arrayI8ap_fixedILi16ELi6EL9ap_q_mode5EL9ap_391" [firmware/nnet_utils/nnet_common.h:66->firmware/nnet_utils/nnet_common.h:44->firmware/nnet_utils/nnet_common.h:46->firmware/nnet_utils/nnet_pooling_stream.h:21->firmware/nnet_utils/nnet_pooling_stream.h:68->firmware/nnet_utils/nnet_pooling_stream.h:115]   --->   Operation 96 'icmp' 'icmp_ln66_118' <Predicate = (icmp_ln55 & and_ln55_3)> <Delay = 1.41> <CoreInst = "Cmp">   --->   Core 9 'Cmp' <Latency = 0> <II = 1> <Delay = 1.41> <FuncUnit> <Opcode : 'icmp'> <InPorts = 2> <OutPorts = 1>
ST_3 : Operation 97 [1/1] (0.00ns) (grouped into LUT with out node select_ln0_102)   --->   "%xor_ln66_118 = xor i1 %icmp_ln66_118, i1 1" [firmware/nnet_utils/nnet_common.h:66->firmware/nnet_utils/nnet_common.h:44->firmware/nnet_utils/nnet_common.h:46->firmware/nnet_utils/nnet_pooling_stream.h:21->firmware/nnet_utils/nnet_pooling_stream.h:68->firmware/nnet_utils/nnet_pooling_stream.h:115]   --->   Operation 97 'xor' 'xor_ln66_118' <Predicate = (icmp_ln55 & and_ln55_3)> <Delay = 0.00> <CoreInst = "LogicGate">   --->   Core 74 'LogicGate' <Latency = 0> <II = 1> <Delay = 0.33> <FuncUnit> <Opcode : 'and' 'or' 'xor'> <InPorts = 2> <OutPorts = 1>
ST_3 : Operation 98 [1/1] (0.41ns) (out node of the LUT)   --->   "%select_ln0_102 = select i1 %xor_ln66_118, i16 %void_compute_pool_buffer_2d_array_const_ap_shift_reg_n_filt_stream_kernel_58, i16 %p_ZZN4nnet22compute_pool_buffer_2dINS_5arrayI8ap_fixedILi16ELi6EL9ap_q_mode5EL9ap_391" [firmware/nnet_utils/nnet_common.h:0->firmware/nnet_utils/nnet_common.h:46->firmware/nnet_utils/nnet_pooling_stream.h:21->firmware/nnet_utils/nnet_pooling_stream.h:68->firmware/nnet_utils/nnet_pooling_stream.h:115]   --->   Operation 98 'select' 'select_ln0_102' <Predicate = (icmp_ln55 & and_ln55_3)> <Delay = 0.41> <CoreInst = "Sel">   --->   Core 73 'Sel' <Latency = 0> <II = 1> <Delay = 0.41> <FuncUnit> <Opcode : 'select'> <InPorts = 3> <OutPorts = 1>
ST_3 : Operation 99 [1/1] (1.41ns)   --->   "%icmp_ln66_119 = icmp_slt  i16 %p_ZZN4nnet22compute_pool_buffer_2dINS_5arrayI8ap_fixedILi16ELi6EL9ap_q_mode5EL9ap_392, i16 %p_ZZN4nnet22compute_pool_buffer_2dINS_5arrayI8ap_fixedILi16ELi6EL9ap_q_mode5EL9ap_393" [firmware/nnet_utils/nnet_common.h:66->firmware/nnet_utils/nnet_common.h:44->firmware/nnet_utils/nnet_common.h:46->firmware/nnet_utils/nnet_pooling_stream.h:21->firmware/nnet_utils/nnet_pooling_stream.h:68->firmware/nnet_utils/nnet_pooling_stream.h:115]   --->   Operation 99 'icmp' 'icmp_ln66_119' <Predicate = (icmp_ln55 & and_ln55_3)> <Delay = 1.41> <CoreInst = "Cmp">   --->   Core 9 'Cmp' <Latency = 0> <II = 1> <Delay = 1.41> <FuncUnit> <Opcode : 'icmp'> <InPorts = 2> <OutPorts = 1>
ST_3 : Operation 100 [1/1] (0.00ns) (grouped into LUT with out node select_ln0_103)   --->   "%xor_ln66_119 = xor i1 %icmp_ln66_119, i1 1" [firmware/nnet_utils/nnet_common.h:66->firmware/nnet_utils/nnet_common.h:44->firmware/nnet_utils/nnet_common.h:46->firmware/nnet_utils/nnet_pooling_stream.h:21->firmware/nnet_utils/nnet_pooling_stream.h:68->firmware/nnet_utils/nnet_pooling_stream.h:115]   --->   Operation 100 'xor' 'xor_ln66_119' <Predicate = (icmp_ln55 & and_ln55_3)> <Delay = 0.00> <CoreInst = "LogicGate">   --->   Core 74 'LogicGate' <Latency = 0> <II = 1> <Delay = 0.33> <FuncUnit> <Opcode : 'and' 'or' 'xor'> <InPorts = 2> <OutPorts = 1>
ST_3 : Operation 101 [1/1] (0.41ns) (out node of the LUT)   --->   "%select_ln0_103 = select i1 %xor_ln66_119, i16 %p_ZZN4nnet22compute_pool_buffer_2dINS_5arrayI8ap_fixedILi16ELi6EL9ap_q_mode5EL9ap_392, i16 %p_ZZN4nnet22compute_pool_buffer_2dINS_5arrayI8ap_fixedILi16ELi6EL9ap_q_mode5EL9ap_393" [firmware/nnet_utils/nnet_common.h:0->firmware/nnet_utils/nnet_common.h:46->firmware/nnet_utils/nnet_pooling_stream.h:21->firmware/nnet_utils/nnet_pooling_stream.h:68->firmware/nnet_utils/nnet_pooling_stream.h:115]   --->   Operation 101 'select' 'select_ln0_103' <Predicate = (icmp_ln55 & and_ln55_3)> <Delay = 0.41> <CoreInst = "Sel">   --->   Core 73 'Sel' <Latency = 0> <II = 1> <Delay = 0.41> <FuncUnit> <Opcode : 'select'> <InPorts = 3> <OutPorts = 1>
ST_3 : Operation 102 [1/1] (1.41ns)   --->   "%icmp_ln66_120 = icmp_slt  i16 %select_ln0_102, i16 %select_ln0_103" [firmware/nnet_utils/nnet_common.h:66->firmware/nnet_utils/nnet_common.h:46->firmware/nnet_utils/nnet_pooling_stream.h:21->firmware/nnet_utils/nnet_pooling_stream.h:68->firmware/nnet_utils/nnet_pooling_stream.h:115]   --->   Operation 102 'icmp' 'icmp_ln66_120' <Predicate = (icmp_ln55 & and_ln55_3)> <Delay = 1.41> <CoreInst = "Cmp">   --->   Core 9 'Cmp' <Latency = 0> <II = 1> <Delay = 1.41> <FuncUnit> <Opcode : 'icmp'> <InPorts = 2> <OutPorts = 1>
ST_3 : Operation 103 [1/1] (0.00ns)   --->   "%void_compute_pool_buffer_2d_array_const_ap_shift_reg_n_filt_stream_kernel_59 = load i16 %void_compute_pool_buffer_2d_array_const_ap_shift_reg_n_filt_stream_kernel_26" [firmware/nnet_utils/nnet_pooling_stream.h:63->firmware/nnet_utils/nnet_pooling_stream.h:115]   --->   Operation 103 'load' 'void_compute_pool_buffer_2d_array_const_ap_shift_reg_n_filt_stream_kernel_59' <Predicate = (icmp_ln55 & and_ln55_3)> <Delay = 0.00>
ST_3 : Operation 104 [1/1] (0.00ns)   --->   "%p_ZZN4nnet22compute_pool_buffer_2dINS_5arrayI8ap_fixedILi16ELi6EL9ap_q_mode5EL9ap_394 = load i16 %p_ZZN4nnet22compute_pool_buffer_2dINS_5arrayI8ap_fixedILi16ELi6EL9ap_q_mode5EL9ap_140" [firmware/nnet_utils/nnet_pooling_stream.h:63->firmware/nnet_utils/nnet_pooling_stream.h:115]   --->   Operation 104 'load' 'p_ZZN4nnet22compute_pool_buffer_2dINS_5arrayI8ap_fixedILi16ELi6EL9ap_q_mode5EL9ap_394' <Predicate = (icmp_ln55 & and_ln55_3)> <Delay = 0.00>
ST_3 : Operation 105 [1/1] (0.00ns)   --->   "%p_ZZN4nnet22compute_pool_buffer_2dINS_5arrayI8ap_fixedILi16ELi6EL9ap_q_mode5EL9ap_395 = load i16 %p_ZZN4nnet22compute_pool_buffer_2dINS_5arrayI8ap_fixedILi16ELi6EL9ap_q_mode5EL9ap_150" [firmware/nnet_utils/nnet_pooling_stream.h:63->firmware/nnet_utils/nnet_pooling_stream.h:115]   --->   Operation 105 'load' 'p_ZZN4nnet22compute_pool_buffer_2dINS_5arrayI8ap_fixedILi16ELi6EL9ap_q_mode5EL9ap_395' <Predicate = (icmp_ln55 & and_ln55_3)> <Delay = 0.00>
ST_3 : Operation 106 [1/1] (0.00ns)   --->   "%p_ZZN4nnet22compute_pool_buffer_2dINS_5arrayI8ap_fixedILi16ELi6EL9ap_q_mode5EL9ap_396 = load i16 %p_ZZN4nnet22compute_pool_buffer_2dINS_5arrayI8ap_fixedILi16ELi6EL9ap_q_mode5EL9ap_160" [firmware/nnet_utils/nnet_pooling_stream.h:63->firmware/nnet_utils/nnet_pooling_stream.h:115]   --->   Operation 106 'load' 'p_ZZN4nnet22compute_pool_buffer_2dINS_5arrayI8ap_fixedILi16ELi6EL9ap_q_mode5EL9ap_396' <Predicate = (icmp_ln55 & and_ln55_3)> <Delay = 0.00>
ST_3 : Operation 107 [1/1] (1.41ns)   --->   "%icmp_ln66_121 = icmp_slt  i16 %void_compute_pool_buffer_2d_array_const_ap_shift_reg_n_filt_stream_kernel_59, i16 %p_ZZN4nnet22compute_pool_buffer_2dINS_5arrayI8ap_fixedILi16ELi6EL9ap_q_mode5EL9ap_394" [firmware/nnet_utils/nnet_common.h:66->firmware/nnet_utils/nnet_common.h:44->firmware/nnet_utils/nnet_common.h:46->firmware/nnet_utils/nnet_pooling_stream.h:21->firmware/nnet_utils/nnet_pooling_stream.h:68->firmware/nnet_utils/nnet_pooling_stream.h:115]   --->   Operation 107 'icmp' 'icmp_ln66_121' <Predicate = (icmp_ln55 & and_ln55_3)> <Delay = 1.41> <CoreInst = "Cmp">   --->   Core 9 'Cmp' <Latency = 0> <II = 1> <Delay = 1.41> <FuncUnit> <Opcode : 'icmp'> <InPorts = 2> <OutPorts = 1>
ST_3 : Operation 108 [1/1] (0.00ns) (grouped into LUT with out node select_ln0_104)   --->   "%xor_ln66_121 = xor i1 %icmp_ln66_121, i1 1" [firmware/nnet_utils/nnet_common.h:66->firmware/nnet_utils/nnet_common.h:44->firmware/nnet_utils/nnet_common.h:46->firmware/nnet_utils/nnet_pooling_stream.h:21->firmware/nnet_utils/nnet_pooling_stream.h:68->firmware/nnet_utils/nnet_pooling_stream.h:115]   --->   Operation 108 'xor' 'xor_ln66_121' <Predicate = (icmp_ln55 & and_ln55_3)> <Delay = 0.00> <CoreInst = "LogicGate">   --->   Core 74 'LogicGate' <Latency = 0> <II = 1> <Delay = 0.33> <FuncUnit> <Opcode : 'and' 'or' 'xor'> <InPorts = 2> <OutPorts = 1>
ST_3 : Operation 109 [1/1] (0.41ns) (out node of the LUT)   --->   "%select_ln0_104 = select i1 %xor_ln66_121, i16 %void_compute_pool_buffer_2d_array_const_ap_shift_reg_n_filt_stream_kernel_59, i16 %p_ZZN4nnet22compute_pool_buffer_2dINS_5arrayI8ap_fixedILi16ELi6EL9ap_q_mode5EL9ap_394" [firmware/nnet_utils/nnet_common.h:0->firmware/nnet_utils/nnet_common.h:46->firmware/nnet_utils/nnet_pooling_stream.h:21->firmware/nnet_utils/nnet_pooling_stream.h:68->firmware/nnet_utils/nnet_pooling_stream.h:115]   --->   Operation 109 'select' 'select_ln0_104' <Predicate = (icmp_ln55 & and_ln55_3)> <Delay = 0.41> <CoreInst = "Sel">   --->   Core 73 'Sel' <Latency = 0> <II = 1> <Delay = 0.41> <FuncUnit> <Opcode : 'select'> <InPorts = 3> <OutPorts = 1>
ST_3 : Operation 110 [1/1] (1.41ns)   --->   "%icmp_ln66_122 = icmp_slt  i16 %p_ZZN4nnet22compute_pool_buffer_2dINS_5arrayI8ap_fixedILi16ELi6EL9ap_q_mode5EL9ap_395, i16 %p_ZZN4nnet22compute_pool_buffer_2dINS_5arrayI8ap_fixedILi16ELi6EL9ap_q_mode5EL9ap_396" [firmware/nnet_utils/nnet_common.h:66->firmware/nnet_utils/nnet_common.h:44->firmware/nnet_utils/nnet_common.h:46->firmware/nnet_utils/nnet_pooling_stream.h:21->firmware/nnet_utils/nnet_pooling_stream.h:68->firmware/nnet_utils/nnet_pooling_stream.h:115]   --->   Operation 110 'icmp' 'icmp_ln66_122' <Predicate = (icmp_ln55 & and_ln55_3)> <Delay = 1.41> <CoreInst = "Cmp">   --->   Core 9 'Cmp' <Latency = 0> <II = 1> <Delay = 1.41> <FuncUnit> <Opcode : 'icmp'> <InPorts = 2> <OutPorts = 1>
ST_3 : Operation 111 [1/1] (0.00ns) (grouped into LUT with out node select_ln0_105)   --->   "%xor_ln66_122 = xor i1 %icmp_ln66_122, i1 1" [firmware/nnet_utils/nnet_common.h:66->firmware/nnet_utils/nnet_common.h:44->firmware/nnet_utils/nnet_common.h:46->firmware/nnet_utils/nnet_pooling_stream.h:21->firmware/nnet_utils/nnet_pooling_stream.h:68->firmware/nnet_utils/nnet_pooling_stream.h:115]   --->   Operation 111 'xor' 'xor_ln66_122' <Predicate = (icmp_ln55 & and_ln55_3)> <Delay = 0.00> <CoreInst = "LogicGate">   --->   Core 74 'LogicGate' <Latency = 0> <II = 1> <Delay = 0.33> <FuncUnit> <Opcode : 'and' 'or' 'xor'> <InPorts = 2> <OutPorts = 1>
ST_3 : Operation 112 [1/1] (0.41ns) (out node of the LUT)   --->   "%select_ln0_105 = select i1 %xor_ln66_122, i16 %p_ZZN4nnet22compute_pool_buffer_2dINS_5arrayI8ap_fixedILi16ELi6EL9ap_q_mode5EL9ap_395, i16 %p_ZZN4nnet22compute_pool_buffer_2dINS_5arrayI8ap_fixedILi16ELi6EL9ap_q_mode5EL9ap_396" [firmware/nnet_utils/nnet_common.h:0->firmware/nnet_utils/nnet_common.h:46->firmware/nnet_utils/nnet_pooling_stream.h:21->firmware/nnet_utils/nnet_pooling_stream.h:68->firmware/nnet_utils/nnet_pooling_stream.h:115]   --->   Operation 112 'select' 'select_ln0_105' <Predicate = (icmp_ln55 & and_ln55_3)> <Delay = 0.41> <CoreInst = "Sel">   --->   Core 73 'Sel' <Latency = 0> <II = 1> <Delay = 0.41> <FuncUnit> <Opcode : 'select'> <InPorts = 3> <OutPorts = 1>
ST_3 : Operation 113 [1/1] (1.41ns)   --->   "%icmp_ln66_123 = icmp_slt  i16 %select_ln0_104, i16 %select_ln0_105" [firmware/nnet_utils/nnet_common.h:66->firmware/nnet_utils/nnet_common.h:46->firmware/nnet_utils/nnet_pooling_stream.h:21->firmware/nnet_utils/nnet_pooling_stream.h:68->firmware/nnet_utils/nnet_pooling_stream.h:115]   --->   Operation 113 'icmp' 'icmp_ln66_123' <Predicate = (icmp_ln55 & and_ln55_3)> <Delay = 1.41> <CoreInst = "Cmp">   --->   Core 9 'Cmp' <Latency = 0> <II = 1> <Delay = 1.41> <FuncUnit> <Opcode : 'icmp'> <InPorts = 2> <OutPorts = 1>
ST_3 : Operation 114 [1/1] (0.00ns)   --->   "%void_compute_pool_buffer_2d_array_const_ap_shift_reg_n_filt_stream_kernel_60 = load i16 %void_compute_pool_buffer_2d_array_const_ap_shift_reg_n_filt_stream_kernel_25" [firmware/nnet_utils/nnet_pooling_stream.h:63->firmware/nnet_utils/nnet_pooling_stream.h:115]   --->   Operation 114 'load' 'void_compute_pool_buffer_2d_array_const_ap_shift_reg_n_filt_stream_kernel_60' <Predicate = (icmp_ln55 & and_ln55_3)> <Delay = 0.00>
ST_3 : Operation 115 [1/1] (0.00ns)   --->   "%p_ZZN4nnet22compute_pool_buffer_2dINS_5arrayI8ap_fixedILi16ELi6EL9ap_q_mode5EL9ap_397 = load i16 %p_ZZN4nnet22compute_pool_buffer_2dINS_5arrayI8ap_fixedILi16ELi6EL9ap_q_mode5EL9ap_141" [firmware/nnet_utils/nnet_pooling_stream.h:63->firmware/nnet_utils/nnet_pooling_stream.h:115]   --->   Operation 115 'load' 'p_ZZN4nnet22compute_pool_buffer_2dINS_5arrayI8ap_fixedILi16ELi6EL9ap_q_mode5EL9ap_397' <Predicate = (icmp_ln55 & and_ln55_3)> <Delay = 0.00>
ST_3 : Operation 116 [1/1] (0.00ns)   --->   "%p_ZZN4nnet22compute_pool_buffer_2dINS_5arrayI8ap_fixedILi16ELi6EL9ap_q_mode5EL9ap_398 = load i16 %p_ZZN4nnet22compute_pool_buffer_2dINS_5arrayI8ap_fixedILi16ELi6EL9ap_q_mode5EL9ap_151" [firmware/nnet_utils/nnet_pooling_stream.h:63->firmware/nnet_utils/nnet_pooling_stream.h:115]   --->   Operation 116 'load' 'p_ZZN4nnet22compute_pool_buffer_2dINS_5arrayI8ap_fixedILi16ELi6EL9ap_q_mode5EL9ap_398' <Predicate = (icmp_ln55 & and_ln55_3)> <Delay = 0.00>
ST_3 : Operation 117 [1/1] (0.00ns)   --->   "%p_ZZN4nnet22compute_pool_buffer_2dINS_5arrayI8ap_fixedILi16ELi6EL9ap_q_mode5EL9ap_399 = load i16 %p_ZZN4nnet22compute_pool_buffer_2dINS_5arrayI8ap_fixedILi16ELi6EL9ap_q_mode5EL9ap_161" [firmware/nnet_utils/nnet_pooling_stream.h:63->firmware/nnet_utils/nnet_pooling_stream.h:115]   --->   Operation 117 'load' 'p_ZZN4nnet22compute_pool_buffer_2dINS_5arrayI8ap_fixedILi16ELi6EL9ap_q_mode5EL9ap_399' <Predicate = (icmp_ln55 & and_ln55_3)> <Delay = 0.00>
ST_3 : Operation 118 [1/1] (1.41ns)   --->   "%icmp_ln66_124 = icmp_slt  i16 %void_compute_pool_buffer_2d_array_const_ap_shift_reg_n_filt_stream_kernel_60, i16 %p_ZZN4nnet22compute_pool_buffer_2dINS_5arrayI8ap_fixedILi16ELi6EL9ap_q_mode5EL9ap_397" [firmware/nnet_utils/nnet_common.h:66->firmware/nnet_utils/nnet_common.h:44->firmware/nnet_utils/nnet_common.h:46->firmware/nnet_utils/nnet_pooling_stream.h:21->firmware/nnet_utils/nnet_pooling_stream.h:68->firmware/nnet_utils/nnet_pooling_stream.h:115]   --->   Operation 118 'icmp' 'icmp_ln66_124' <Predicate = (icmp_ln55 & and_ln55_3)> <Delay = 1.41> <CoreInst = "Cmp">   --->   Core 9 'Cmp' <Latency = 0> <II = 1> <Delay = 1.41> <FuncUnit> <Opcode : 'icmp'> <InPorts = 2> <OutPorts = 1>
ST_3 : Operation 119 [1/1] (0.00ns) (grouped into LUT with out node select_ln0_106)   --->   "%xor_ln66_124 = xor i1 %icmp_ln66_124, i1 1" [firmware/nnet_utils/nnet_common.h:66->firmware/nnet_utils/nnet_common.h:44->firmware/nnet_utils/nnet_common.h:46->firmware/nnet_utils/nnet_pooling_stream.h:21->firmware/nnet_utils/nnet_pooling_stream.h:68->firmware/nnet_utils/nnet_pooling_stream.h:115]   --->   Operation 119 'xor' 'xor_ln66_124' <Predicate = (icmp_ln55 & and_ln55_3)> <Delay = 0.00> <CoreInst = "LogicGate">   --->   Core 74 'LogicGate' <Latency = 0> <II = 1> <Delay = 0.33> <FuncUnit> <Opcode : 'and' 'or' 'xor'> <InPorts = 2> <OutPorts = 1>
ST_3 : Operation 120 [1/1] (0.41ns) (out node of the LUT)   --->   "%select_ln0_106 = select i1 %xor_ln66_124, i16 %void_compute_pool_buffer_2d_array_const_ap_shift_reg_n_filt_stream_kernel_60, i16 %p_ZZN4nnet22compute_pool_buffer_2dINS_5arrayI8ap_fixedILi16ELi6EL9ap_q_mode5EL9ap_397" [firmware/nnet_utils/nnet_common.h:0->firmware/nnet_utils/nnet_common.h:46->firmware/nnet_utils/nnet_pooling_stream.h:21->firmware/nnet_utils/nnet_pooling_stream.h:68->firmware/nnet_utils/nnet_pooling_stream.h:115]   --->   Operation 120 'select' 'select_ln0_106' <Predicate = (icmp_ln55 & and_ln55_3)> <Delay = 0.41> <CoreInst = "Sel">   --->   Core 73 'Sel' <Latency = 0> <II = 1> <Delay = 0.41> <FuncUnit> <Opcode : 'select'> <InPorts = 3> <OutPorts = 1>
ST_3 : Operation 121 [1/1] (1.41ns)   --->   "%icmp_ln66_125 = icmp_slt  i16 %p_ZZN4nnet22compute_pool_buffer_2dINS_5arrayI8ap_fixedILi16ELi6EL9ap_q_mode5EL9ap_398, i16 %p_ZZN4nnet22compute_pool_buffer_2dINS_5arrayI8ap_fixedILi16ELi6EL9ap_q_mode5EL9ap_399" [firmware/nnet_utils/nnet_common.h:66->firmware/nnet_utils/nnet_common.h:44->firmware/nnet_utils/nnet_common.h:46->firmware/nnet_utils/nnet_pooling_stream.h:21->firmware/nnet_utils/nnet_pooling_stream.h:68->firmware/nnet_utils/nnet_pooling_stream.h:115]   --->   Operation 121 'icmp' 'icmp_ln66_125' <Predicate = (icmp_ln55 & and_ln55_3)> <Delay = 1.41> <CoreInst = "Cmp">   --->   Core 9 'Cmp' <Latency = 0> <II = 1> <Delay = 1.41> <FuncUnit> <Opcode : 'icmp'> <InPorts = 2> <OutPorts = 1>
ST_3 : Operation 122 [1/1] (0.00ns) (grouped into LUT with out node select_ln0_107)   --->   "%xor_ln66_125 = xor i1 %icmp_ln66_125, i1 1" [firmware/nnet_utils/nnet_common.h:66->firmware/nnet_utils/nnet_common.h:44->firmware/nnet_utils/nnet_common.h:46->firmware/nnet_utils/nnet_pooling_stream.h:21->firmware/nnet_utils/nnet_pooling_stream.h:68->firmware/nnet_utils/nnet_pooling_stream.h:115]   --->   Operation 122 'xor' 'xor_ln66_125' <Predicate = (icmp_ln55 & and_ln55_3)> <Delay = 0.00> <CoreInst = "LogicGate">   --->   Core 74 'LogicGate' <Latency = 0> <II = 1> <Delay = 0.33> <FuncUnit> <Opcode : 'and' 'or' 'xor'> <InPorts = 2> <OutPorts = 1>
ST_3 : Operation 123 [1/1] (0.41ns) (out node of the LUT)   --->   "%select_ln0_107 = select i1 %xor_ln66_125, i16 %p_ZZN4nnet22compute_pool_buffer_2dINS_5arrayI8ap_fixedILi16ELi6EL9ap_q_mode5EL9ap_398, i16 %p_ZZN4nnet22compute_pool_buffer_2dINS_5arrayI8ap_fixedILi16ELi6EL9ap_q_mode5EL9ap_399" [firmware/nnet_utils/nnet_common.h:0->firmware/nnet_utils/nnet_common.h:46->firmware/nnet_utils/nnet_pooling_stream.h:21->firmware/nnet_utils/nnet_pooling_stream.h:68->firmware/nnet_utils/nnet_pooling_stream.h:115]   --->   Operation 123 'select' 'select_ln0_107' <Predicate = (icmp_ln55 & and_ln55_3)> <Delay = 0.41> <CoreInst = "Sel">   --->   Core 73 'Sel' <Latency = 0> <II = 1> <Delay = 0.41> <FuncUnit> <Opcode : 'select'> <InPorts = 3> <OutPorts = 1>
ST_3 : Operation 124 [1/1] (1.41ns)   --->   "%icmp_ln66_126 = icmp_slt  i16 %select_ln0_106, i16 %select_ln0_107" [firmware/nnet_utils/nnet_common.h:66->firmware/nnet_utils/nnet_common.h:46->firmware/nnet_utils/nnet_pooling_stream.h:21->firmware/nnet_utils/nnet_pooling_stream.h:68->firmware/nnet_utils/nnet_pooling_stream.h:115]   --->   Operation 124 'icmp' 'icmp_ln66_126' <Predicate = (icmp_ln55 & and_ln55_3)> <Delay = 1.41> <CoreInst = "Cmp">   --->   Core 9 'Cmp' <Latency = 0> <II = 1> <Delay = 1.41> <FuncUnit> <Opcode : 'icmp'> <InPorts = 2> <OutPorts = 1>
ST_3 : Operation 125 [1/1] (0.00ns)   --->   "%void_compute_pool_buffer_2d_array_const_ap_shift_reg_n_filt_stream_kernel_61 = load i16 %void_compute_pool_buffer_2d_array_const_ap_shift_reg_n_filt_stream_kernel_24" [firmware/nnet_utils/nnet_pooling_stream.h:63->firmware/nnet_utils/nnet_pooling_stream.h:115]   --->   Operation 125 'load' 'void_compute_pool_buffer_2d_array_const_ap_shift_reg_n_filt_stream_kernel_61' <Predicate = (icmp_ln55 & and_ln55_3)> <Delay = 0.00>
ST_3 : Operation 126 [1/1] (0.00ns)   --->   "%p_ZZN4nnet22compute_pool_buffer_2dINS_5arrayI8ap_fixedILi16ELi6EL9ap_q_mode5EL9ap_400 = load i16 %p_ZZN4nnet22compute_pool_buffer_2dINS_5arrayI8ap_fixedILi16ELi6EL9ap_q_mode5EL9ap_142" [firmware/nnet_utils/nnet_pooling_stream.h:63->firmware/nnet_utils/nnet_pooling_stream.h:115]   --->   Operation 126 'load' 'p_ZZN4nnet22compute_pool_buffer_2dINS_5arrayI8ap_fixedILi16ELi6EL9ap_q_mode5EL9ap_400' <Predicate = (icmp_ln55 & and_ln55_3)> <Delay = 0.00>
ST_3 : Operation 127 [1/1] (0.00ns)   --->   "%p_ZZN4nnet22compute_pool_buffer_2dINS_5arrayI8ap_fixedILi16ELi6EL9ap_q_mode5EL9ap_401 = load i16 %p_ZZN4nnet22compute_pool_buffer_2dINS_5arrayI8ap_fixedILi16ELi6EL9ap_q_mode5EL9ap_152" [firmware/nnet_utils/nnet_pooling_stream.h:63->firmware/nnet_utils/nnet_pooling_stream.h:115]   --->   Operation 127 'load' 'p_ZZN4nnet22compute_pool_buffer_2dINS_5arrayI8ap_fixedILi16ELi6EL9ap_q_mode5EL9ap_401' <Predicate = (icmp_ln55 & and_ln55_3)> <Delay = 0.00>
ST_3 : Operation 128 [1/1] (0.00ns)   --->   "%p_ZZN4nnet22compute_pool_buffer_2dINS_5arrayI8ap_fixedILi16ELi6EL9ap_q_mode5EL9ap_402 = load i16 %p_ZZN4nnet22compute_pool_buffer_2dINS_5arrayI8ap_fixedILi16ELi6EL9ap_q_mode5EL9ap_162" [firmware/nnet_utils/nnet_pooling_stream.h:63->firmware/nnet_utils/nnet_pooling_stream.h:115]   --->   Operation 128 'load' 'p_ZZN4nnet22compute_pool_buffer_2dINS_5arrayI8ap_fixedILi16ELi6EL9ap_q_mode5EL9ap_402' <Predicate = (icmp_ln55 & and_ln55_3)> <Delay = 0.00>
ST_3 : Operation 129 [1/1] (1.41ns)   --->   "%icmp_ln66_127 = icmp_slt  i16 %void_compute_pool_buffer_2d_array_const_ap_shift_reg_n_filt_stream_kernel_61, i16 %p_ZZN4nnet22compute_pool_buffer_2dINS_5arrayI8ap_fixedILi16ELi6EL9ap_q_mode5EL9ap_400" [firmware/nnet_utils/nnet_common.h:66->firmware/nnet_utils/nnet_common.h:44->firmware/nnet_utils/nnet_common.h:46->firmware/nnet_utils/nnet_pooling_stream.h:21->firmware/nnet_utils/nnet_pooling_stream.h:68->firmware/nnet_utils/nnet_pooling_stream.h:115]   --->   Operation 129 'icmp' 'icmp_ln66_127' <Predicate = (icmp_ln55 & and_ln55_3)> <Delay = 1.41> <CoreInst = "Cmp">   --->   Core 9 'Cmp' <Latency = 0> <II = 1> <Delay = 1.41> <FuncUnit> <Opcode : 'icmp'> <InPorts = 2> <OutPorts = 1>
ST_3 : Operation 130 [1/1] (0.00ns) (grouped into LUT with out node select_ln0_108)   --->   "%xor_ln66_127 = xor i1 %icmp_ln66_127, i1 1" [firmware/nnet_utils/nnet_common.h:66->firmware/nnet_utils/nnet_common.h:44->firmware/nnet_utils/nnet_common.h:46->firmware/nnet_utils/nnet_pooling_stream.h:21->firmware/nnet_utils/nnet_pooling_stream.h:68->firmware/nnet_utils/nnet_pooling_stream.h:115]   --->   Operation 130 'xor' 'xor_ln66_127' <Predicate = (icmp_ln55 & and_ln55_3)> <Delay = 0.00> <CoreInst = "LogicGate">   --->   Core 74 'LogicGate' <Latency = 0> <II = 1> <Delay = 0.33> <FuncUnit> <Opcode : 'and' 'or' 'xor'> <InPorts = 2> <OutPorts = 1>
ST_3 : Operation 131 [1/1] (0.41ns) (out node of the LUT)   --->   "%select_ln0_108 = select i1 %xor_ln66_127, i16 %void_compute_pool_buffer_2d_array_const_ap_shift_reg_n_filt_stream_kernel_61, i16 %p_ZZN4nnet22compute_pool_buffer_2dINS_5arrayI8ap_fixedILi16ELi6EL9ap_q_mode5EL9ap_400" [firmware/nnet_utils/nnet_common.h:0->firmware/nnet_utils/nnet_common.h:46->firmware/nnet_utils/nnet_pooling_stream.h:21->firmware/nnet_utils/nnet_pooling_stream.h:68->firmware/nnet_utils/nnet_pooling_stream.h:115]   --->   Operation 131 'select' 'select_ln0_108' <Predicate = (icmp_ln55 & and_ln55_3)> <Delay = 0.41> <CoreInst = "Sel">   --->   Core 73 'Sel' <Latency = 0> <II = 1> <Delay = 0.41> <FuncUnit> <Opcode : 'select'> <InPorts = 3> <OutPorts = 1>
ST_3 : Operation 132 [1/1] (1.41ns)   --->   "%icmp_ln66_128 = icmp_slt  i16 %p_ZZN4nnet22compute_pool_buffer_2dINS_5arrayI8ap_fixedILi16ELi6EL9ap_q_mode5EL9ap_401, i16 %p_ZZN4nnet22compute_pool_buffer_2dINS_5arrayI8ap_fixedILi16ELi6EL9ap_q_mode5EL9ap_402" [firmware/nnet_utils/nnet_common.h:66->firmware/nnet_utils/nnet_common.h:44->firmware/nnet_utils/nnet_common.h:46->firmware/nnet_utils/nnet_pooling_stream.h:21->firmware/nnet_utils/nnet_pooling_stream.h:68->firmware/nnet_utils/nnet_pooling_stream.h:115]   --->   Operation 132 'icmp' 'icmp_ln66_128' <Predicate = (icmp_ln55 & and_ln55_3)> <Delay = 1.41> <CoreInst = "Cmp">   --->   Core 9 'Cmp' <Latency = 0> <II = 1> <Delay = 1.41> <FuncUnit> <Opcode : 'icmp'> <InPorts = 2> <OutPorts = 1>
ST_3 : Operation 133 [1/1] (0.00ns) (grouped into LUT with out node select_ln0_109)   --->   "%xor_ln66_128 = xor i1 %icmp_ln66_128, i1 1" [firmware/nnet_utils/nnet_common.h:66->firmware/nnet_utils/nnet_common.h:44->firmware/nnet_utils/nnet_common.h:46->firmware/nnet_utils/nnet_pooling_stream.h:21->firmware/nnet_utils/nnet_pooling_stream.h:68->firmware/nnet_utils/nnet_pooling_stream.h:115]   --->   Operation 133 'xor' 'xor_ln66_128' <Predicate = (icmp_ln55 & and_ln55_3)> <Delay = 0.00> <CoreInst = "LogicGate">   --->   Core 74 'LogicGate' <Latency = 0> <II = 1> <Delay = 0.33> <FuncUnit> <Opcode : 'and' 'or' 'xor'> <InPorts = 2> <OutPorts = 1>
ST_3 : Operation 134 [1/1] (0.41ns) (out node of the LUT)   --->   "%select_ln0_109 = select i1 %xor_ln66_128, i16 %p_ZZN4nnet22compute_pool_buffer_2dINS_5arrayI8ap_fixedILi16ELi6EL9ap_q_mode5EL9ap_401, i16 %p_ZZN4nnet22compute_pool_buffer_2dINS_5arrayI8ap_fixedILi16ELi6EL9ap_q_mode5EL9ap_402" [firmware/nnet_utils/nnet_common.h:0->firmware/nnet_utils/nnet_common.h:46->firmware/nnet_utils/nnet_pooling_stream.h:21->firmware/nnet_utils/nnet_pooling_stream.h:68->firmware/nnet_utils/nnet_pooling_stream.h:115]   --->   Operation 134 'select' 'select_ln0_109' <Predicate = (icmp_ln55 & and_ln55_3)> <Delay = 0.41> <CoreInst = "Sel">   --->   Core 73 'Sel' <Latency = 0> <II = 1> <Delay = 0.41> <FuncUnit> <Opcode : 'select'> <InPorts = 3> <OutPorts = 1>
ST_3 : Operation 135 [1/1] (1.41ns)   --->   "%icmp_ln66_129 = icmp_slt  i16 %select_ln0_108, i16 %select_ln0_109" [firmware/nnet_utils/nnet_common.h:66->firmware/nnet_utils/nnet_common.h:46->firmware/nnet_utils/nnet_pooling_stream.h:21->firmware/nnet_utils/nnet_pooling_stream.h:68->firmware/nnet_utils/nnet_pooling_stream.h:115]   --->   Operation 135 'icmp' 'icmp_ln66_129' <Predicate = (icmp_ln55 & and_ln55_3)> <Delay = 1.41> <CoreInst = "Cmp">   --->   Core 9 'Cmp' <Latency = 0> <II = 1> <Delay = 1.41> <FuncUnit> <Opcode : 'icmp'> <InPorts = 2> <OutPorts = 1>
ST_3 : Operation 136 [1/1] (0.00ns)   --->   "%void_compute_pool_buffer_2d_array_const_ap_shift_reg_n_filt_stream_kernel_62 = load i16 %void_compute_pool_buffer_2d_array_const_ap_shift_reg_n_filt_stream_kernel_23" [firmware/nnet_utils/nnet_pooling_stream.h:63->firmware/nnet_utils/nnet_pooling_stream.h:115]   --->   Operation 136 'load' 'void_compute_pool_buffer_2d_array_const_ap_shift_reg_n_filt_stream_kernel_62' <Predicate = (icmp_ln55 & and_ln55_3)> <Delay = 0.00>
ST_3 : Operation 137 [1/1] (0.00ns)   --->   "%p_ZZN4nnet22compute_pool_buffer_2dINS_5arrayI8ap_fixedILi16ELi6EL9ap_q_mode5EL9ap_403 = load i16 %p_ZZN4nnet22compute_pool_buffer_2dINS_5arrayI8ap_fixedILi16ELi6EL9ap_q_mode5EL9ap_143" [firmware/nnet_utils/nnet_pooling_stream.h:63->firmware/nnet_utils/nnet_pooling_stream.h:115]   --->   Operation 137 'load' 'p_ZZN4nnet22compute_pool_buffer_2dINS_5arrayI8ap_fixedILi16ELi6EL9ap_q_mode5EL9ap_403' <Predicate = (icmp_ln55 & and_ln55_3)> <Delay = 0.00>
ST_3 : Operation 138 [1/1] (0.00ns)   --->   "%p_ZZN4nnet22compute_pool_buffer_2dINS_5arrayI8ap_fixedILi16ELi6EL9ap_q_mode5EL9ap_404 = load i16 %p_ZZN4nnet22compute_pool_buffer_2dINS_5arrayI8ap_fixedILi16ELi6EL9ap_q_mode5EL9ap_153" [firmware/nnet_utils/nnet_pooling_stream.h:63->firmware/nnet_utils/nnet_pooling_stream.h:115]   --->   Operation 138 'load' 'p_ZZN4nnet22compute_pool_buffer_2dINS_5arrayI8ap_fixedILi16ELi6EL9ap_q_mode5EL9ap_404' <Predicate = (icmp_ln55 & and_ln55_3)> <Delay = 0.00>
ST_3 : Operation 139 [1/1] (0.00ns)   --->   "%p_ZZN4nnet22compute_pool_buffer_2dINS_5arrayI8ap_fixedILi16ELi6EL9ap_q_mode5EL9ap_405 = load i16 %p_ZZN4nnet22compute_pool_buffer_2dINS_5arrayI8ap_fixedILi16ELi6EL9ap_q_mode5EL9ap_163" [firmware/nnet_utils/nnet_pooling_stream.h:63->firmware/nnet_utils/nnet_pooling_stream.h:115]   --->   Operation 139 'load' 'p_ZZN4nnet22compute_pool_buffer_2dINS_5arrayI8ap_fixedILi16ELi6EL9ap_q_mode5EL9ap_405' <Predicate = (icmp_ln55 & and_ln55_3)> <Delay = 0.00>
ST_3 : Operation 140 [1/1] (1.41ns)   --->   "%icmp_ln66_130 = icmp_slt  i16 %void_compute_pool_buffer_2d_array_const_ap_shift_reg_n_filt_stream_kernel_62, i16 %p_ZZN4nnet22compute_pool_buffer_2dINS_5arrayI8ap_fixedILi16ELi6EL9ap_q_mode5EL9ap_403" [firmware/nnet_utils/nnet_common.h:66->firmware/nnet_utils/nnet_common.h:44->firmware/nnet_utils/nnet_common.h:46->firmware/nnet_utils/nnet_pooling_stream.h:21->firmware/nnet_utils/nnet_pooling_stream.h:68->firmware/nnet_utils/nnet_pooling_stream.h:115]   --->   Operation 140 'icmp' 'icmp_ln66_130' <Predicate = (icmp_ln55 & and_ln55_3)> <Delay = 1.41> <CoreInst = "Cmp">   --->   Core 9 'Cmp' <Latency = 0> <II = 1> <Delay = 1.41> <FuncUnit> <Opcode : 'icmp'> <InPorts = 2> <OutPorts = 1>
ST_3 : Operation 141 [1/1] (0.00ns) (grouped into LUT with out node select_ln0_110)   --->   "%xor_ln66_130 = xor i1 %icmp_ln66_130, i1 1" [firmware/nnet_utils/nnet_common.h:66->firmware/nnet_utils/nnet_common.h:44->firmware/nnet_utils/nnet_common.h:46->firmware/nnet_utils/nnet_pooling_stream.h:21->firmware/nnet_utils/nnet_pooling_stream.h:68->firmware/nnet_utils/nnet_pooling_stream.h:115]   --->   Operation 141 'xor' 'xor_ln66_130' <Predicate = (icmp_ln55 & and_ln55_3)> <Delay = 0.00> <CoreInst = "LogicGate">   --->   Core 74 'LogicGate' <Latency = 0> <II = 1> <Delay = 0.33> <FuncUnit> <Opcode : 'and' 'or' 'xor'> <InPorts = 2> <OutPorts = 1>
ST_3 : Operation 142 [1/1] (0.41ns) (out node of the LUT)   --->   "%select_ln0_110 = select i1 %xor_ln66_130, i16 %void_compute_pool_buffer_2d_array_const_ap_shift_reg_n_filt_stream_kernel_62, i16 %p_ZZN4nnet22compute_pool_buffer_2dINS_5arrayI8ap_fixedILi16ELi6EL9ap_q_mode5EL9ap_403" [firmware/nnet_utils/nnet_common.h:0->firmware/nnet_utils/nnet_common.h:46->firmware/nnet_utils/nnet_pooling_stream.h:21->firmware/nnet_utils/nnet_pooling_stream.h:68->firmware/nnet_utils/nnet_pooling_stream.h:115]   --->   Operation 142 'select' 'select_ln0_110' <Predicate = (icmp_ln55 & and_ln55_3)> <Delay = 0.41> <CoreInst = "Sel">   --->   Core 73 'Sel' <Latency = 0> <II = 1> <Delay = 0.41> <FuncUnit> <Opcode : 'select'> <InPorts = 3> <OutPorts = 1>
ST_3 : Operation 143 [1/1] (1.41ns)   --->   "%icmp_ln66_131 = icmp_slt  i16 %p_ZZN4nnet22compute_pool_buffer_2dINS_5arrayI8ap_fixedILi16ELi6EL9ap_q_mode5EL9ap_404, i16 %p_ZZN4nnet22compute_pool_buffer_2dINS_5arrayI8ap_fixedILi16ELi6EL9ap_q_mode5EL9ap_405" [firmware/nnet_utils/nnet_common.h:66->firmware/nnet_utils/nnet_common.h:44->firmware/nnet_utils/nnet_common.h:46->firmware/nnet_utils/nnet_pooling_stream.h:21->firmware/nnet_utils/nnet_pooling_stream.h:68->firmware/nnet_utils/nnet_pooling_stream.h:115]   --->   Operation 143 'icmp' 'icmp_ln66_131' <Predicate = (icmp_ln55 & and_ln55_3)> <Delay = 1.41> <CoreInst = "Cmp">   --->   Core 9 'Cmp' <Latency = 0> <II = 1> <Delay = 1.41> <FuncUnit> <Opcode : 'icmp'> <InPorts = 2> <OutPorts = 1>
ST_3 : Operation 144 [1/1] (0.00ns) (grouped into LUT with out node select_ln0_111)   --->   "%xor_ln66_131 = xor i1 %icmp_ln66_131, i1 1" [firmware/nnet_utils/nnet_common.h:66->firmware/nnet_utils/nnet_common.h:44->firmware/nnet_utils/nnet_common.h:46->firmware/nnet_utils/nnet_pooling_stream.h:21->firmware/nnet_utils/nnet_pooling_stream.h:68->firmware/nnet_utils/nnet_pooling_stream.h:115]   --->   Operation 144 'xor' 'xor_ln66_131' <Predicate = (icmp_ln55 & and_ln55_3)> <Delay = 0.00> <CoreInst = "LogicGate">   --->   Core 74 'LogicGate' <Latency = 0> <II = 1> <Delay = 0.33> <FuncUnit> <Opcode : 'and' 'or' 'xor'> <InPorts = 2> <OutPorts = 1>
ST_3 : Operation 145 [1/1] (0.41ns) (out node of the LUT)   --->   "%select_ln0_111 = select i1 %xor_ln66_131, i16 %p_ZZN4nnet22compute_pool_buffer_2dINS_5arrayI8ap_fixedILi16ELi6EL9ap_q_mode5EL9ap_404, i16 %p_ZZN4nnet22compute_pool_buffer_2dINS_5arrayI8ap_fixedILi16ELi6EL9ap_q_mode5EL9ap_405" [firmware/nnet_utils/nnet_common.h:0->firmware/nnet_utils/nnet_common.h:46->firmware/nnet_utils/nnet_pooling_stream.h:21->firmware/nnet_utils/nnet_pooling_stream.h:68->firmware/nnet_utils/nnet_pooling_stream.h:115]   --->   Operation 145 'select' 'select_ln0_111' <Predicate = (icmp_ln55 & and_ln55_3)> <Delay = 0.41> <CoreInst = "Sel">   --->   Core 73 'Sel' <Latency = 0> <II = 1> <Delay = 0.41> <FuncUnit> <Opcode : 'select'> <InPorts = 3> <OutPorts = 1>
ST_3 : Operation 146 [1/1] (1.41ns)   --->   "%icmp_ln66_132 = icmp_slt  i16 %select_ln0_110, i16 %select_ln0_111" [firmware/nnet_utils/nnet_common.h:66->firmware/nnet_utils/nnet_common.h:46->firmware/nnet_utils/nnet_pooling_stream.h:21->firmware/nnet_utils/nnet_pooling_stream.h:68->firmware/nnet_utils/nnet_pooling_stream.h:115]   --->   Operation 146 'icmp' 'icmp_ln66_132' <Predicate = (icmp_ln55 & and_ln55_3)> <Delay = 1.41> <CoreInst = "Cmp">   --->   Core 9 'Cmp' <Latency = 0> <II = 1> <Delay = 1.41> <FuncUnit> <Opcode : 'icmp'> <InPorts = 2> <OutPorts = 1>
ST_3 : Operation 147 [1/1] (0.00ns)   --->   "%void_compute_pool_buffer_2d_array_const_ap_shift_reg_n_filt_stream_kernel_63 = load i16 %void_compute_pool_buffer_2d_array_const_ap_shift_reg_n_filt_stream_kernel_22" [firmware/nnet_utils/nnet_pooling_stream.h:63->firmware/nnet_utils/nnet_pooling_stream.h:115]   --->   Operation 147 'load' 'void_compute_pool_buffer_2d_array_const_ap_shift_reg_n_filt_stream_kernel_63' <Predicate = (icmp_ln55 & and_ln55_3)> <Delay = 0.00>
ST_3 : Operation 148 [1/1] (0.00ns)   --->   "%p_ZZN4nnet22compute_pool_buffer_2dINS_5arrayI8ap_fixedILi16ELi6EL9ap_q_mode5EL9ap_406 = load i16 %p_ZZN4nnet22compute_pool_buffer_2dINS_5arrayI8ap_fixedILi16ELi6EL9ap_q_mode5EL9ap_144" [firmware/nnet_utils/nnet_pooling_stream.h:63->firmware/nnet_utils/nnet_pooling_stream.h:115]   --->   Operation 148 'load' 'p_ZZN4nnet22compute_pool_buffer_2dINS_5arrayI8ap_fixedILi16ELi6EL9ap_q_mode5EL9ap_406' <Predicate = (icmp_ln55 & and_ln55_3)> <Delay = 0.00>
ST_3 : Operation 149 [1/1] (0.00ns)   --->   "%p_ZZN4nnet22compute_pool_buffer_2dINS_5arrayI8ap_fixedILi16ELi6EL9ap_q_mode5EL9ap_407 = load i16 %p_ZZN4nnet22compute_pool_buffer_2dINS_5arrayI8ap_fixedILi16ELi6EL9ap_q_mode5EL9ap_154" [firmware/nnet_utils/nnet_pooling_stream.h:63->firmware/nnet_utils/nnet_pooling_stream.h:115]   --->   Operation 149 'load' 'p_ZZN4nnet22compute_pool_buffer_2dINS_5arrayI8ap_fixedILi16ELi6EL9ap_q_mode5EL9ap_407' <Predicate = (icmp_ln55 & and_ln55_3)> <Delay = 0.00>
ST_3 : Operation 150 [1/1] (0.00ns)   --->   "%p_ZZN4nnet22compute_pool_buffer_2dINS_5arrayI8ap_fixedILi16ELi6EL9ap_q_mode5EL9ap_408 = load i16 %p_ZZN4nnet22compute_pool_buffer_2dINS_5arrayI8ap_fixedILi16ELi6EL9ap_q_mode5EL9ap_164" [firmware/nnet_utils/nnet_pooling_stream.h:63->firmware/nnet_utils/nnet_pooling_stream.h:115]   --->   Operation 150 'load' 'p_ZZN4nnet22compute_pool_buffer_2dINS_5arrayI8ap_fixedILi16ELi6EL9ap_q_mode5EL9ap_408' <Predicate = (icmp_ln55 & and_ln55_3)> <Delay = 0.00>
ST_3 : Operation 151 [1/1] (1.41ns)   --->   "%icmp_ln66_133 = icmp_slt  i16 %void_compute_pool_buffer_2d_array_const_ap_shift_reg_n_filt_stream_kernel_63, i16 %p_ZZN4nnet22compute_pool_buffer_2dINS_5arrayI8ap_fixedILi16ELi6EL9ap_q_mode5EL9ap_406" [firmware/nnet_utils/nnet_common.h:66->firmware/nnet_utils/nnet_common.h:44->firmware/nnet_utils/nnet_common.h:46->firmware/nnet_utils/nnet_pooling_stream.h:21->firmware/nnet_utils/nnet_pooling_stream.h:68->firmware/nnet_utils/nnet_pooling_stream.h:115]   --->   Operation 151 'icmp' 'icmp_ln66_133' <Predicate = (icmp_ln55 & and_ln55_3)> <Delay = 1.41> <CoreInst = "Cmp">   --->   Core 9 'Cmp' <Latency = 0> <II = 1> <Delay = 1.41> <FuncUnit> <Opcode : 'icmp'> <InPorts = 2> <OutPorts = 1>
ST_3 : Operation 152 [1/1] (0.00ns) (grouped into LUT with out node select_ln0_112)   --->   "%xor_ln66_133 = xor i1 %icmp_ln66_133, i1 1" [firmware/nnet_utils/nnet_common.h:66->firmware/nnet_utils/nnet_common.h:44->firmware/nnet_utils/nnet_common.h:46->firmware/nnet_utils/nnet_pooling_stream.h:21->firmware/nnet_utils/nnet_pooling_stream.h:68->firmware/nnet_utils/nnet_pooling_stream.h:115]   --->   Operation 152 'xor' 'xor_ln66_133' <Predicate = (icmp_ln55 & and_ln55_3)> <Delay = 0.00> <CoreInst = "LogicGate">   --->   Core 74 'LogicGate' <Latency = 0> <II = 1> <Delay = 0.33> <FuncUnit> <Opcode : 'and' 'or' 'xor'> <InPorts = 2> <OutPorts = 1>
ST_3 : Operation 153 [1/1] (0.41ns) (out node of the LUT)   --->   "%select_ln0_112 = select i1 %xor_ln66_133, i16 %void_compute_pool_buffer_2d_array_const_ap_shift_reg_n_filt_stream_kernel_63, i16 %p_ZZN4nnet22compute_pool_buffer_2dINS_5arrayI8ap_fixedILi16ELi6EL9ap_q_mode5EL9ap_406" [firmware/nnet_utils/nnet_common.h:0->firmware/nnet_utils/nnet_common.h:46->firmware/nnet_utils/nnet_pooling_stream.h:21->firmware/nnet_utils/nnet_pooling_stream.h:68->firmware/nnet_utils/nnet_pooling_stream.h:115]   --->   Operation 153 'select' 'select_ln0_112' <Predicate = (icmp_ln55 & and_ln55_3)> <Delay = 0.41> <CoreInst = "Sel">   --->   Core 73 'Sel' <Latency = 0> <II = 1> <Delay = 0.41> <FuncUnit> <Opcode : 'select'> <InPorts = 3> <OutPorts = 1>
ST_3 : Operation 154 [1/1] (1.41ns)   --->   "%icmp_ln66_134 = icmp_slt  i16 %p_ZZN4nnet22compute_pool_buffer_2dINS_5arrayI8ap_fixedILi16ELi6EL9ap_q_mode5EL9ap_407, i16 %p_ZZN4nnet22compute_pool_buffer_2dINS_5arrayI8ap_fixedILi16ELi6EL9ap_q_mode5EL9ap_408" [firmware/nnet_utils/nnet_common.h:66->firmware/nnet_utils/nnet_common.h:44->firmware/nnet_utils/nnet_common.h:46->firmware/nnet_utils/nnet_pooling_stream.h:21->firmware/nnet_utils/nnet_pooling_stream.h:68->firmware/nnet_utils/nnet_pooling_stream.h:115]   --->   Operation 154 'icmp' 'icmp_ln66_134' <Predicate = (icmp_ln55 & and_ln55_3)> <Delay = 1.41> <CoreInst = "Cmp">   --->   Core 9 'Cmp' <Latency = 0> <II = 1> <Delay = 1.41> <FuncUnit> <Opcode : 'icmp'> <InPorts = 2> <OutPorts = 1>
ST_3 : Operation 155 [1/1] (0.00ns) (grouped into LUT with out node select_ln0_113)   --->   "%xor_ln66_134 = xor i1 %icmp_ln66_134, i1 1" [firmware/nnet_utils/nnet_common.h:66->firmware/nnet_utils/nnet_common.h:44->firmware/nnet_utils/nnet_common.h:46->firmware/nnet_utils/nnet_pooling_stream.h:21->firmware/nnet_utils/nnet_pooling_stream.h:68->firmware/nnet_utils/nnet_pooling_stream.h:115]   --->   Operation 155 'xor' 'xor_ln66_134' <Predicate = (icmp_ln55 & and_ln55_3)> <Delay = 0.00> <CoreInst = "LogicGate">   --->   Core 74 'LogicGate' <Latency = 0> <II = 1> <Delay = 0.33> <FuncUnit> <Opcode : 'and' 'or' 'xor'> <InPorts = 2> <OutPorts = 1>
ST_3 : Operation 156 [1/1] (0.41ns) (out node of the LUT)   --->   "%select_ln0_113 = select i1 %xor_ln66_134, i16 %p_ZZN4nnet22compute_pool_buffer_2dINS_5arrayI8ap_fixedILi16ELi6EL9ap_q_mode5EL9ap_407, i16 %p_ZZN4nnet22compute_pool_buffer_2dINS_5arrayI8ap_fixedILi16ELi6EL9ap_q_mode5EL9ap_408" [firmware/nnet_utils/nnet_common.h:0->firmware/nnet_utils/nnet_common.h:46->firmware/nnet_utils/nnet_pooling_stream.h:21->firmware/nnet_utils/nnet_pooling_stream.h:68->firmware/nnet_utils/nnet_pooling_stream.h:115]   --->   Operation 156 'select' 'select_ln0_113' <Predicate = (icmp_ln55 & and_ln55_3)> <Delay = 0.41> <CoreInst = "Sel">   --->   Core 73 'Sel' <Latency = 0> <II = 1> <Delay = 0.41> <FuncUnit> <Opcode : 'select'> <InPorts = 3> <OutPorts = 1>
ST_3 : Operation 157 [1/1] (1.41ns)   --->   "%icmp_ln66_135 = icmp_slt  i16 %select_ln0_112, i16 %select_ln0_113" [firmware/nnet_utils/nnet_common.h:66->firmware/nnet_utils/nnet_common.h:46->firmware/nnet_utils/nnet_pooling_stream.h:21->firmware/nnet_utils/nnet_pooling_stream.h:68->firmware/nnet_utils/nnet_pooling_stream.h:115]   --->   Operation 157 'icmp' 'icmp_ln66_135' <Predicate = (icmp_ln55 & and_ln55_3)> <Delay = 1.41> <CoreInst = "Cmp">   --->   Core 9 'Cmp' <Latency = 0> <II = 1> <Delay = 1.41> <FuncUnit> <Opcode : 'icmp'> <InPorts = 2> <OutPorts = 1>
ST_3 : Operation 158 [1/1] (0.00ns)   --->   "%void_compute_pool_buffer_2d_array_const_ap_shift_reg_n_filt_stream_kernel_64 = load i16 %void_compute_pool_buffer_2d_array_const_ap_shift_reg_n_filt_stream_kernel_21" [firmware/nnet_utils/nnet_pooling_stream.h:63->firmware/nnet_utils/nnet_pooling_stream.h:115]   --->   Operation 158 'load' 'void_compute_pool_buffer_2d_array_const_ap_shift_reg_n_filt_stream_kernel_64' <Predicate = (icmp_ln55 & and_ln55_3)> <Delay = 0.00>
ST_3 : Operation 159 [1/1] (0.00ns)   --->   "%p_ZZN4nnet22compute_pool_buffer_2dINS_5arrayI8ap_fixedILi16ELi6EL9ap_q_mode5EL9ap_409 = load i16 %p_ZZN4nnet22compute_pool_buffer_2dINS_5arrayI8ap_fixedILi16ELi6EL9ap_q_mode5EL9ap_145" [firmware/nnet_utils/nnet_pooling_stream.h:63->firmware/nnet_utils/nnet_pooling_stream.h:115]   --->   Operation 159 'load' 'p_ZZN4nnet22compute_pool_buffer_2dINS_5arrayI8ap_fixedILi16ELi6EL9ap_q_mode5EL9ap_409' <Predicate = (icmp_ln55 & and_ln55_3)> <Delay = 0.00>
ST_3 : Operation 160 [1/1] (0.00ns)   --->   "%p_ZZN4nnet22compute_pool_buffer_2dINS_5arrayI8ap_fixedILi16ELi6EL9ap_q_mode5EL9ap_410 = load i16 %p_ZZN4nnet22compute_pool_buffer_2dINS_5arrayI8ap_fixedILi16ELi6EL9ap_q_mode5EL9ap_155" [firmware/nnet_utils/nnet_pooling_stream.h:63->firmware/nnet_utils/nnet_pooling_stream.h:115]   --->   Operation 160 'load' 'p_ZZN4nnet22compute_pool_buffer_2dINS_5arrayI8ap_fixedILi16ELi6EL9ap_q_mode5EL9ap_410' <Predicate = (icmp_ln55 & and_ln55_3)> <Delay = 0.00>
ST_3 : Operation 161 [1/1] (0.00ns)   --->   "%p_ZZN4nnet22compute_pool_buffer_2dINS_5arrayI8ap_fixedILi16ELi6EL9ap_q_mode5EL9ap_411 = load i16 %p_ZZN4nnet22compute_pool_buffer_2dINS_5arrayI8ap_fixedILi16ELi6EL9ap_q_mode5EL9ap_165" [firmware/nnet_utils/nnet_pooling_stream.h:63->firmware/nnet_utils/nnet_pooling_stream.h:115]   --->   Operation 161 'load' 'p_ZZN4nnet22compute_pool_buffer_2dINS_5arrayI8ap_fixedILi16ELi6EL9ap_q_mode5EL9ap_411' <Predicate = (icmp_ln55 & and_ln55_3)> <Delay = 0.00>
ST_3 : Operation 162 [1/1] (1.41ns)   --->   "%icmp_ln66_136 = icmp_slt  i16 %void_compute_pool_buffer_2d_array_const_ap_shift_reg_n_filt_stream_kernel_64, i16 %p_ZZN4nnet22compute_pool_buffer_2dINS_5arrayI8ap_fixedILi16ELi6EL9ap_q_mode5EL9ap_409" [firmware/nnet_utils/nnet_common.h:66->firmware/nnet_utils/nnet_common.h:44->firmware/nnet_utils/nnet_common.h:46->firmware/nnet_utils/nnet_pooling_stream.h:21->firmware/nnet_utils/nnet_pooling_stream.h:68->firmware/nnet_utils/nnet_pooling_stream.h:115]   --->   Operation 162 'icmp' 'icmp_ln66_136' <Predicate = (icmp_ln55 & and_ln55_3)> <Delay = 1.41> <CoreInst = "Cmp">   --->   Core 9 'Cmp' <Latency = 0> <II = 1> <Delay = 1.41> <FuncUnit> <Opcode : 'icmp'> <InPorts = 2> <OutPorts = 1>
ST_3 : Operation 163 [1/1] (0.00ns) (grouped into LUT with out node select_ln0_114)   --->   "%xor_ln66_136 = xor i1 %icmp_ln66_136, i1 1" [firmware/nnet_utils/nnet_common.h:66->firmware/nnet_utils/nnet_common.h:44->firmware/nnet_utils/nnet_common.h:46->firmware/nnet_utils/nnet_pooling_stream.h:21->firmware/nnet_utils/nnet_pooling_stream.h:68->firmware/nnet_utils/nnet_pooling_stream.h:115]   --->   Operation 163 'xor' 'xor_ln66_136' <Predicate = (icmp_ln55 & and_ln55_3)> <Delay = 0.00> <CoreInst = "LogicGate">   --->   Core 74 'LogicGate' <Latency = 0> <II = 1> <Delay = 0.33> <FuncUnit> <Opcode : 'and' 'or' 'xor'> <InPorts = 2> <OutPorts = 1>
ST_3 : Operation 164 [1/1] (0.41ns) (out node of the LUT)   --->   "%select_ln0_114 = select i1 %xor_ln66_136, i16 %void_compute_pool_buffer_2d_array_const_ap_shift_reg_n_filt_stream_kernel_64, i16 %p_ZZN4nnet22compute_pool_buffer_2dINS_5arrayI8ap_fixedILi16ELi6EL9ap_q_mode5EL9ap_409" [firmware/nnet_utils/nnet_common.h:0->firmware/nnet_utils/nnet_common.h:46->firmware/nnet_utils/nnet_pooling_stream.h:21->firmware/nnet_utils/nnet_pooling_stream.h:68->firmware/nnet_utils/nnet_pooling_stream.h:115]   --->   Operation 164 'select' 'select_ln0_114' <Predicate = (icmp_ln55 & and_ln55_3)> <Delay = 0.41> <CoreInst = "Sel">   --->   Core 73 'Sel' <Latency = 0> <II = 1> <Delay = 0.41> <FuncUnit> <Opcode : 'select'> <InPorts = 3> <OutPorts = 1>
ST_3 : Operation 165 [1/1] (1.41ns)   --->   "%icmp_ln66_137 = icmp_slt  i16 %p_ZZN4nnet22compute_pool_buffer_2dINS_5arrayI8ap_fixedILi16ELi6EL9ap_q_mode5EL9ap_410, i16 %p_ZZN4nnet22compute_pool_buffer_2dINS_5arrayI8ap_fixedILi16ELi6EL9ap_q_mode5EL9ap_411" [firmware/nnet_utils/nnet_common.h:66->firmware/nnet_utils/nnet_common.h:44->firmware/nnet_utils/nnet_common.h:46->firmware/nnet_utils/nnet_pooling_stream.h:21->firmware/nnet_utils/nnet_pooling_stream.h:68->firmware/nnet_utils/nnet_pooling_stream.h:115]   --->   Operation 165 'icmp' 'icmp_ln66_137' <Predicate = (icmp_ln55 & and_ln55_3)> <Delay = 1.41> <CoreInst = "Cmp">   --->   Core 9 'Cmp' <Latency = 0> <II = 1> <Delay = 1.41> <FuncUnit> <Opcode : 'icmp'> <InPorts = 2> <OutPorts = 1>
ST_3 : Operation 166 [1/1] (0.00ns) (grouped into LUT with out node select_ln0_115)   --->   "%xor_ln66_137 = xor i1 %icmp_ln66_137, i1 1" [firmware/nnet_utils/nnet_common.h:66->firmware/nnet_utils/nnet_common.h:44->firmware/nnet_utils/nnet_common.h:46->firmware/nnet_utils/nnet_pooling_stream.h:21->firmware/nnet_utils/nnet_pooling_stream.h:68->firmware/nnet_utils/nnet_pooling_stream.h:115]   --->   Operation 166 'xor' 'xor_ln66_137' <Predicate = (icmp_ln55 & and_ln55_3)> <Delay = 0.00> <CoreInst = "LogicGate">   --->   Core 74 'LogicGate' <Latency = 0> <II = 1> <Delay = 0.33> <FuncUnit> <Opcode : 'and' 'or' 'xor'> <InPorts = 2> <OutPorts = 1>
ST_3 : Operation 167 [1/1] (0.41ns) (out node of the LUT)   --->   "%select_ln0_115 = select i1 %xor_ln66_137, i16 %p_ZZN4nnet22compute_pool_buffer_2dINS_5arrayI8ap_fixedILi16ELi6EL9ap_q_mode5EL9ap_410, i16 %p_ZZN4nnet22compute_pool_buffer_2dINS_5arrayI8ap_fixedILi16ELi6EL9ap_q_mode5EL9ap_411" [firmware/nnet_utils/nnet_common.h:0->firmware/nnet_utils/nnet_common.h:46->firmware/nnet_utils/nnet_pooling_stream.h:21->firmware/nnet_utils/nnet_pooling_stream.h:68->firmware/nnet_utils/nnet_pooling_stream.h:115]   --->   Operation 167 'select' 'select_ln0_115' <Predicate = (icmp_ln55 & and_ln55_3)> <Delay = 0.41> <CoreInst = "Sel">   --->   Core 73 'Sel' <Latency = 0> <II = 1> <Delay = 0.41> <FuncUnit> <Opcode : 'select'> <InPorts = 3> <OutPorts = 1>
ST_3 : Operation 168 [1/1] (1.41ns)   --->   "%icmp_ln66_138 = icmp_slt  i16 %select_ln0_114, i16 %select_ln0_115" [firmware/nnet_utils/nnet_common.h:66->firmware/nnet_utils/nnet_common.h:46->firmware/nnet_utils/nnet_pooling_stream.h:21->firmware/nnet_utils/nnet_pooling_stream.h:68->firmware/nnet_utils/nnet_pooling_stream.h:115]   --->   Operation 168 'icmp' 'icmp_ln66_138' <Predicate = (icmp_ln55 & and_ln55_3)> <Delay = 1.41> <CoreInst = "Cmp">   --->   Core 9 'Cmp' <Latency = 0> <II = 1> <Delay = 1.41> <FuncUnit> <Opcode : 'icmp'> <InPorts = 2> <OutPorts = 1>
ST_3 : Operation 169 [1/1] (0.00ns)   --->   "%void_compute_pool_buffer_2d_array_const_ap_shift_reg_n_filt_stream_kernel_65 = load i16 %void_compute_pool_buffer_2d_array_const_ap_shift_reg_n_filt_stream_kernel_20" [firmware/nnet_utils/nnet_pooling_stream.h:63->firmware/nnet_utils/nnet_pooling_stream.h:115]   --->   Operation 169 'load' 'void_compute_pool_buffer_2d_array_const_ap_shift_reg_n_filt_stream_kernel_65' <Predicate = (icmp_ln55 & and_ln55_3)> <Delay = 0.00>
ST_3 : Operation 170 [1/1] (0.00ns)   --->   "%p_ZZN4nnet22compute_pool_buffer_2dINS_5arrayI8ap_fixedILi16ELi6EL9ap_q_mode5EL9ap_412 = load i16 %p_ZZN4nnet22compute_pool_buffer_2dINS_5arrayI8ap_fixedILi16ELi6EL9ap_q_mode5EL9ap_146" [firmware/nnet_utils/nnet_pooling_stream.h:63->firmware/nnet_utils/nnet_pooling_stream.h:115]   --->   Operation 170 'load' 'p_ZZN4nnet22compute_pool_buffer_2dINS_5arrayI8ap_fixedILi16ELi6EL9ap_q_mode5EL9ap_412' <Predicate = (icmp_ln55 & and_ln55_3)> <Delay = 0.00>
ST_3 : Operation 171 [1/1] (0.00ns)   --->   "%p_ZZN4nnet22compute_pool_buffer_2dINS_5arrayI8ap_fixedILi16ELi6EL9ap_q_mode5EL9ap_413 = load i16 %p_ZZN4nnet22compute_pool_buffer_2dINS_5arrayI8ap_fixedILi16ELi6EL9ap_q_mode5EL9ap_156" [firmware/nnet_utils/nnet_pooling_stream.h:63->firmware/nnet_utils/nnet_pooling_stream.h:115]   --->   Operation 171 'load' 'p_ZZN4nnet22compute_pool_buffer_2dINS_5arrayI8ap_fixedILi16ELi6EL9ap_q_mode5EL9ap_413' <Predicate = (icmp_ln55 & and_ln55_3)> <Delay = 0.00>
ST_3 : Operation 172 [1/1] (0.00ns)   --->   "%p_ZZN4nnet22compute_pool_buffer_2dINS_5arrayI8ap_fixedILi16ELi6EL9ap_q_mode5EL9ap_414 = load i16 %p_ZZN4nnet22compute_pool_buffer_2dINS_5arrayI8ap_fixedILi16ELi6EL9ap_q_mode5EL9ap_166" [firmware/nnet_utils/nnet_pooling_stream.h:63->firmware/nnet_utils/nnet_pooling_stream.h:115]   --->   Operation 172 'load' 'p_ZZN4nnet22compute_pool_buffer_2dINS_5arrayI8ap_fixedILi16ELi6EL9ap_q_mode5EL9ap_414' <Predicate = (icmp_ln55 & and_ln55_3)> <Delay = 0.00>
ST_3 : Operation 173 [1/1] (1.41ns)   --->   "%icmp_ln66_139 = icmp_slt  i16 %void_compute_pool_buffer_2d_array_const_ap_shift_reg_n_filt_stream_kernel_65, i16 %p_ZZN4nnet22compute_pool_buffer_2dINS_5arrayI8ap_fixedILi16ELi6EL9ap_q_mode5EL9ap_412" [firmware/nnet_utils/nnet_common.h:66->firmware/nnet_utils/nnet_common.h:44->firmware/nnet_utils/nnet_common.h:46->firmware/nnet_utils/nnet_pooling_stream.h:21->firmware/nnet_utils/nnet_pooling_stream.h:68->firmware/nnet_utils/nnet_pooling_stream.h:115]   --->   Operation 173 'icmp' 'icmp_ln66_139' <Predicate = (icmp_ln55 & and_ln55_3)> <Delay = 1.41> <CoreInst = "Cmp">   --->   Core 9 'Cmp' <Latency = 0> <II = 1> <Delay = 1.41> <FuncUnit> <Opcode : 'icmp'> <InPorts = 2> <OutPorts = 1>
ST_3 : Operation 174 [1/1] (0.00ns) (grouped into LUT with out node select_ln0_116)   --->   "%xor_ln66_139 = xor i1 %icmp_ln66_139, i1 1" [firmware/nnet_utils/nnet_common.h:66->firmware/nnet_utils/nnet_common.h:44->firmware/nnet_utils/nnet_common.h:46->firmware/nnet_utils/nnet_pooling_stream.h:21->firmware/nnet_utils/nnet_pooling_stream.h:68->firmware/nnet_utils/nnet_pooling_stream.h:115]   --->   Operation 174 'xor' 'xor_ln66_139' <Predicate = (icmp_ln55 & and_ln55_3)> <Delay = 0.00> <CoreInst = "LogicGate">   --->   Core 74 'LogicGate' <Latency = 0> <II = 1> <Delay = 0.33> <FuncUnit> <Opcode : 'and' 'or' 'xor'> <InPorts = 2> <OutPorts = 1>
ST_3 : Operation 175 [1/1] (0.41ns) (out node of the LUT)   --->   "%select_ln0_116 = select i1 %xor_ln66_139, i16 %void_compute_pool_buffer_2d_array_const_ap_shift_reg_n_filt_stream_kernel_65, i16 %p_ZZN4nnet22compute_pool_buffer_2dINS_5arrayI8ap_fixedILi16ELi6EL9ap_q_mode5EL9ap_412" [firmware/nnet_utils/nnet_common.h:0->firmware/nnet_utils/nnet_common.h:46->firmware/nnet_utils/nnet_pooling_stream.h:21->firmware/nnet_utils/nnet_pooling_stream.h:68->firmware/nnet_utils/nnet_pooling_stream.h:115]   --->   Operation 175 'select' 'select_ln0_116' <Predicate = (icmp_ln55 & and_ln55_3)> <Delay = 0.41> <CoreInst = "Sel">   --->   Core 73 'Sel' <Latency = 0> <II = 1> <Delay = 0.41> <FuncUnit> <Opcode : 'select'> <InPorts = 3> <OutPorts = 1>
ST_3 : Operation 176 [1/1] (1.41ns)   --->   "%icmp_ln66_140 = icmp_slt  i16 %p_ZZN4nnet22compute_pool_buffer_2dINS_5arrayI8ap_fixedILi16ELi6EL9ap_q_mode5EL9ap_413, i16 %p_ZZN4nnet22compute_pool_buffer_2dINS_5arrayI8ap_fixedILi16ELi6EL9ap_q_mode5EL9ap_414" [firmware/nnet_utils/nnet_common.h:66->firmware/nnet_utils/nnet_common.h:44->firmware/nnet_utils/nnet_common.h:46->firmware/nnet_utils/nnet_pooling_stream.h:21->firmware/nnet_utils/nnet_pooling_stream.h:68->firmware/nnet_utils/nnet_pooling_stream.h:115]   --->   Operation 176 'icmp' 'icmp_ln66_140' <Predicate = (icmp_ln55 & and_ln55_3)> <Delay = 1.41> <CoreInst = "Cmp">   --->   Core 9 'Cmp' <Latency = 0> <II = 1> <Delay = 1.41> <FuncUnit> <Opcode : 'icmp'> <InPorts = 2> <OutPorts = 1>
ST_3 : Operation 177 [1/1] (0.00ns) (grouped into LUT with out node select_ln0_117)   --->   "%xor_ln66_140 = xor i1 %icmp_ln66_140, i1 1" [firmware/nnet_utils/nnet_common.h:66->firmware/nnet_utils/nnet_common.h:44->firmware/nnet_utils/nnet_common.h:46->firmware/nnet_utils/nnet_pooling_stream.h:21->firmware/nnet_utils/nnet_pooling_stream.h:68->firmware/nnet_utils/nnet_pooling_stream.h:115]   --->   Operation 177 'xor' 'xor_ln66_140' <Predicate = (icmp_ln55 & and_ln55_3)> <Delay = 0.00> <CoreInst = "LogicGate">   --->   Core 74 'LogicGate' <Latency = 0> <II = 1> <Delay = 0.33> <FuncUnit> <Opcode : 'and' 'or' 'xor'> <InPorts = 2> <OutPorts = 1>
ST_3 : Operation 178 [1/1] (0.41ns) (out node of the LUT)   --->   "%select_ln0_117 = select i1 %xor_ln66_140, i16 %p_ZZN4nnet22compute_pool_buffer_2dINS_5arrayI8ap_fixedILi16ELi6EL9ap_q_mode5EL9ap_413, i16 %p_ZZN4nnet22compute_pool_buffer_2dINS_5arrayI8ap_fixedILi16ELi6EL9ap_q_mode5EL9ap_414" [firmware/nnet_utils/nnet_common.h:0->firmware/nnet_utils/nnet_common.h:46->firmware/nnet_utils/nnet_pooling_stream.h:21->firmware/nnet_utils/nnet_pooling_stream.h:68->firmware/nnet_utils/nnet_pooling_stream.h:115]   --->   Operation 178 'select' 'select_ln0_117' <Predicate = (icmp_ln55 & and_ln55_3)> <Delay = 0.41> <CoreInst = "Sel">   --->   Core 73 'Sel' <Latency = 0> <II = 1> <Delay = 0.41> <FuncUnit> <Opcode : 'select'> <InPorts = 3> <OutPorts = 1>
ST_3 : Operation 179 [1/1] (1.41ns)   --->   "%icmp_ln66_141 = icmp_slt  i16 %select_ln0_116, i16 %select_ln0_117" [firmware/nnet_utils/nnet_common.h:66->firmware/nnet_utils/nnet_common.h:46->firmware/nnet_utils/nnet_pooling_stream.h:21->firmware/nnet_utils/nnet_pooling_stream.h:68->firmware/nnet_utils/nnet_pooling_stream.h:115]   --->   Operation 179 'icmp' 'icmp_ln66_141' <Predicate = (icmp_ln55 & and_ln55_3)> <Delay = 1.41> <CoreInst = "Cmp">   --->   Core 9 'Cmp' <Latency = 0> <II = 1> <Delay = 1.41> <FuncUnit> <Opcode : 'icmp'> <InPorts = 2> <OutPorts = 1>

State 4 <SV = 3> <Delay = 2.23>
ST_4 : Operation 180 [1/1] (0.00ns) (grouped into LUT with out node res_pack)   --->   "%xor_ln66_114 = xor i1 %icmp_ln66_114, i1 1" [firmware/nnet_utils/nnet_common.h:66->firmware/nnet_utils/nnet_common.h:46->firmware/nnet_utils/nnet_pooling_stream.h:21->firmware/nnet_utils/nnet_pooling_stream.h:68->firmware/nnet_utils/nnet_pooling_stream.h:115]   --->   Operation 180 'xor' 'xor_ln66_114' <Predicate = (icmp_ln55 & and_ln55_3)> <Delay = 0.00> <CoreInst = "LogicGate">   --->   Core 74 'LogicGate' <Latency = 0> <II = 1> <Delay = 0.33> <FuncUnit> <Opcode : 'and' 'or' 'xor'> <InPorts = 2> <OutPorts = 1>
ST_4 : Operation 181 [1/1] (0.41ns) (out node of the LUT)   --->   "%res_pack = select i1 %xor_ln66_114, i16 %select_ln0, i16 %select_ln0_99" [firmware/nnet_utils/nnet_pooling_stream.h:67->firmware/nnet_utils/nnet_pooling_stream.h:115]   --->   Operation 181 'select' 'res_pack' <Predicate = (icmp_ln55 & and_ln55_3)> <Delay = 0.41> <CoreInst = "Sel">   --->   Core 73 'Sel' <Latency = 0> <II = 1> <Delay = 0.41> <FuncUnit> <Opcode : 'select'> <InPorts = 3> <OutPorts = 1>
ST_4 : Operation 182 [1/1] (0.00ns) (grouped into LUT with out node res_pack_13)   --->   "%xor_ln66_117 = xor i1 %icmp_ln66_117, i1 1" [firmware/nnet_utils/nnet_common.h:66->firmware/nnet_utils/nnet_common.h:46->firmware/nnet_utils/nnet_pooling_stream.h:21->firmware/nnet_utils/nnet_pooling_stream.h:68->firmware/nnet_utils/nnet_pooling_stream.h:115]   --->   Operation 182 'xor' 'xor_ln66_117' <Predicate = (icmp_ln55 & and_ln55_3)> <Delay = 0.00> <CoreInst = "LogicGate">   --->   Core 74 'LogicGate' <Latency = 0> <II = 1> <Delay = 0.33> <FuncUnit> <Opcode : 'and' 'or' 'xor'> <InPorts = 2> <OutPorts = 1>
ST_4 : Operation 183 [1/1] (0.41ns) (out node of the LUT)   --->   "%res_pack_13 = select i1 %xor_ln66_117, i16 %select_ln0_100, i16 %select_ln0_101" [firmware/nnet_utils/nnet_pooling_stream.h:67->firmware/nnet_utils/nnet_pooling_stream.h:115]   --->   Operation 183 'select' 'res_pack_13' <Predicate = (icmp_ln55 & and_ln55_3)> <Delay = 0.41> <CoreInst = "Sel">   --->   Core 73 'Sel' <Latency = 0> <II = 1> <Delay = 0.41> <FuncUnit> <Opcode : 'select'> <InPorts = 3> <OutPorts = 1>
ST_4 : Operation 184 [1/1] (0.00ns) (grouped into LUT with out node res_pack_14)   --->   "%xor_ln66_120 = xor i1 %icmp_ln66_120, i1 1" [firmware/nnet_utils/nnet_common.h:66->firmware/nnet_utils/nnet_common.h:46->firmware/nnet_utils/nnet_pooling_stream.h:21->firmware/nnet_utils/nnet_pooling_stream.h:68->firmware/nnet_utils/nnet_pooling_stream.h:115]   --->   Operation 184 'xor' 'xor_ln66_120' <Predicate = (icmp_ln55 & and_ln55_3)> <Delay = 0.00> <CoreInst = "LogicGate">   --->   Core 74 'LogicGate' <Latency = 0> <II = 1> <Delay = 0.33> <FuncUnit> <Opcode : 'and' 'or' 'xor'> <InPorts = 2> <OutPorts = 1>
ST_4 : Operation 185 [1/1] (0.41ns) (out node of the LUT)   --->   "%res_pack_14 = select i1 %xor_ln66_120, i16 %select_ln0_102, i16 %select_ln0_103" [firmware/nnet_utils/nnet_pooling_stream.h:67->firmware/nnet_utils/nnet_pooling_stream.h:115]   --->   Operation 185 'select' 'res_pack_14' <Predicate = (icmp_ln55 & and_ln55_3)> <Delay = 0.41> <CoreInst = "Sel">   --->   Core 73 'Sel' <Latency = 0> <II = 1> <Delay = 0.41> <FuncUnit> <Opcode : 'select'> <InPorts = 3> <OutPorts = 1>
ST_4 : Operation 186 [1/1] (0.00ns) (grouped into LUT with out node res_pack_15)   --->   "%xor_ln66_123 = xor i1 %icmp_ln66_123, i1 1" [firmware/nnet_utils/nnet_common.h:66->firmware/nnet_utils/nnet_common.h:46->firmware/nnet_utils/nnet_pooling_stream.h:21->firmware/nnet_utils/nnet_pooling_stream.h:68->firmware/nnet_utils/nnet_pooling_stream.h:115]   --->   Operation 186 'xor' 'xor_ln66_123' <Predicate = (icmp_ln55 & and_ln55_3)> <Delay = 0.00> <CoreInst = "LogicGate">   --->   Core 74 'LogicGate' <Latency = 0> <II = 1> <Delay = 0.33> <FuncUnit> <Opcode : 'and' 'or' 'xor'> <InPorts = 2> <OutPorts = 1>
ST_4 : Operation 187 [1/1] (0.41ns) (out node of the LUT)   --->   "%res_pack_15 = select i1 %xor_ln66_123, i16 %select_ln0_104, i16 %select_ln0_105" [firmware/nnet_utils/nnet_pooling_stream.h:67->firmware/nnet_utils/nnet_pooling_stream.h:115]   --->   Operation 187 'select' 'res_pack_15' <Predicate = (icmp_ln55 & and_ln55_3)> <Delay = 0.41> <CoreInst = "Sel">   --->   Core 73 'Sel' <Latency = 0> <II = 1> <Delay = 0.41> <FuncUnit> <Opcode : 'select'> <InPorts = 3> <OutPorts = 1>
ST_4 : Operation 188 [1/1] (0.00ns) (grouped into LUT with out node res_pack_16)   --->   "%xor_ln66_126 = xor i1 %icmp_ln66_126, i1 1" [firmware/nnet_utils/nnet_common.h:66->firmware/nnet_utils/nnet_common.h:46->firmware/nnet_utils/nnet_pooling_stream.h:21->firmware/nnet_utils/nnet_pooling_stream.h:68->firmware/nnet_utils/nnet_pooling_stream.h:115]   --->   Operation 188 'xor' 'xor_ln66_126' <Predicate = (icmp_ln55 & and_ln55_3)> <Delay = 0.00> <CoreInst = "LogicGate">   --->   Core 74 'LogicGate' <Latency = 0> <II = 1> <Delay = 0.33> <FuncUnit> <Opcode : 'and' 'or' 'xor'> <InPorts = 2> <OutPorts = 1>
ST_4 : Operation 189 [1/1] (0.41ns) (out node of the LUT)   --->   "%res_pack_16 = select i1 %xor_ln66_126, i16 %select_ln0_106, i16 %select_ln0_107" [firmware/nnet_utils/nnet_pooling_stream.h:67->firmware/nnet_utils/nnet_pooling_stream.h:115]   --->   Operation 189 'select' 'res_pack_16' <Predicate = (icmp_ln55 & and_ln55_3)> <Delay = 0.41> <CoreInst = "Sel">   --->   Core 73 'Sel' <Latency = 0> <II = 1> <Delay = 0.41> <FuncUnit> <Opcode : 'select'> <InPorts = 3> <OutPorts = 1>
ST_4 : Operation 190 [1/1] (0.00ns) (grouped into LUT with out node res_pack_17)   --->   "%xor_ln66_129 = xor i1 %icmp_ln66_129, i1 1" [firmware/nnet_utils/nnet_common.h:66->firmware/nnet_utils/nnet_common.h:46->firmware/nnet_utils/nnet_pooling_stream.h:21->firmware/nnet_utils/nnet_pooling_stream.h:68->firmware/nnet_utils/nnet_pooling_stream.h:115]   --->   Operation 190 'xor' 'xor_ln66_129' <Predicate = (icmp_ln55 & and_ln55_3)> <Delay = 0.00> <CoreInst = "LogicGate">   --->   Core 74 'LogicGate' <Latency = 0> <II = 1> <Delay = 0.33> <FuncUnit> <Opcode : 'and' 'or' 'xor'> <InPorts = 2> <OutPorts = 1>
ST_4 : Operation 191 [1/1] (0.41ns) (out node of the LUT)   --->   "%res_pack_17 = select i1 %xor_ln66_129, i16 %select_ln0_108, i16 %select_ln0_109" [firmware/nnet_utils/nnet_pooling_stream.h:67->firmware/nnet_utils/nnet_pooling_stream.h:115]   --->   Operation 191 'select' 'res_pack_17' <Predicate = (icmp_ln55 & and_ln55_3)> <Delay = 0.41> <CoreInst = "Sel">   --->   Core 73 'Sel' <Latency = 0> <II = 1> <Delay = 0.41> <FuncUnit> <Opcode : 'select'> <InPorts = 3> <OutPorts = 1>
ST_4 : Operation 192 [1/1] (0.00ns) (grouped into LUT with out node res_pack_18)   --->   "%xor_ln66_132 = xor i1 %icmp_ln66_132, i1 1" [firmware/nnet_utils/nnet_common.h:66->firmware/nnet_utils/nnet_common.h:46->firmware/nnet_utils/nnet_pooling_stream.h:21->firmware/nnet_utils/nnet_pooling_stream.h:68->firmware/nnet_utils/nnet_pooling_stream.h:115]   --->   Operation 192 'xor' 'xor_ln66_132' <Predicate = (icmp_ln55 & and_ln55_3)> <Delay = 0.00> <CoreInst = "LogicGate">   --->   Core 74 'LogicGate' <Latency = 0> <II = 1> <Delay = 0.33> <FuncUnit> <Opcode : 'and' 'or' 'xor'> <InPorts = 2> <OutPorts = 1>
ST_4 : Operation 193 [1/1] (0.41ns) (out node of the LUT)   --->   "%res_pack_18 = select i1 %xor_ln66_132, i16 %select_ln0_110, i16 %select_ln0_111" [firmware/nnet_utils/nnet_pooling_stream.h:67->firmware/nnet_utils/nnet_pooling_stream.h:115]   --->   Operation 193 'select' 'res_pack_18' <Predicate = (icmp_ln55 & and_ln55_3)> <Delay = 0.41> <CoreInst = "Sel">   --->   Core 73 'Sel' <Latency = 0> <II = 1> <Delay = 0.41> <FuncUnit> <Opcode : 'select'> <InPorts = 3> <OutPorts = 1>
ST_4 : Operation 194 [1/1] (0.00ns) (grouped into LUT with out node res_pack_19)   --->   "%xor_ln66_135 = xor i1 %icmp_ln66_135, i1 1" [firmware/nnet_utils/nnet_common.h:66->firmware/nnet_utils/nnet_common.h:46->firmware/nnet_utils/nnet_pooling_stream.h:21->firmware/nnet_utils/nnet_pooling_stream.h:68->firmware/nnet_utils/nnet_pooling_stream.h:115]   --->   Operation 194 'xor' 'xor_ln66_135' <Predicate = (icmp_ln55 & and_ln55_3)> <Delay = 0.00> <CoreInst = "LogicGate">   --->   Core 74 'LogicGate' <Latency = 0> <II = 1> <Delay = 0.33> <FuncUnit> <Opcode : 'and' 'or' 'xor'> <InPorts = 2> <OutPorts = 1>
ST_4 : Operation 195 [1/1] (0.41ns) (out node of the LUT)   --->   "%res_pack_19 = select i1 %xor_ln66_135, i16 %select_ln0_112, i16 %select_ln0_113" [firmware/nnet_utils/nnet_pooling_stream.h:67->firmware/nnet_utils/nnet_pooling_stream.h:115]   --->   Operation 195 'select' 'res_pack_19' <Predicate = (icmp_ln55 & and_ln55_3)> <Delay = 0.41> <CoreInst = "Sel">   --->   Core 73 'Sel' <Latency = 0> <II = 1> <Delay = 0.41> <FuncUnit> <Opcode : 'select'> <InPorts = 3> <OutPorts = 1>
ST_4 : Operation 196 [1/1] (0.00ns) (grouped into LUT with out node res_pack_20)   --->   "%xor_ln66_138 = xor i1 %icmp_ln66_138, i1 1" [firmware/nnet_utils/nnet_common.h:66->firmware/nnet_utils/nnet_common.h:46->firmware/nnet_utils/nnet_pooling_stream.h:21->firmware/nnet_utils/nnet_pooling_stream.h:68->firmware/nnet_utils/nnet_pooling_stream.h:115]   --->   Operation 196 'xor' 'xor_ln66_138' <Predicate = (icmp_ln55 & and_ln55_3)> <Delay = 0.00> <CoreInst = "LogicGate">   --->   Core 74 'LogicGate' <Latency = 0> <II = 1> <Delay = 0.33> <FuncUnit> <Opcode : 'and' 'or' 'xor'> <InPorts = 2> <OutPorts = 1>
ST_4 : Operation 197 [1/1] (0.41ns) (out node of the LUT)   --->   "%res_pack_20 = select i1 %xor_ln66_138, i16 %select_ln0_114, i16 %select_ln0_115" [firmware/nnet_utils/nnet_pooling_stream.h:67->firmware/nnet_utils/nnet_pooling_stream.h:115]   --->   Operation 197 'select' 'res_pack_20' <Predicate = (icmp_ln55 & and_ln55_3)> <Delay = 0.41> <CoreInst = "Sel">   --->   Core 73 'Sel' <Latency = 0> <II = 1> <Delay = 0.41> <FuncUnit> <Opcode : 'select'> <InPorts = 3> <OutPorts = 1>
ST_4 : Operation 198 [1/1] (0.00ns) (grouped into LUT with out node res_pack_21)   --->   "%xor_ln66_141 = xor i1 %icmp_ln66_141, i1 1" [firmware/nnet_utils/nnet_common.h:66->firmware/nnet_utils/nnet_common.h:46->firmware/nnet_utils/nnet_pooling_stream.h:21->firmware/nnet_utils/nnet_pooling_stream.h:68->firmware/nnet_utils/nnet_pooling_stream.h:115]   --->   Operation 198 'xor' 'xor_ln66_141' <Predicate = (icmp_ln55 & and_ln55_3)> <Delay = 0.00> <CoreInst = "LogicGate">   --->   Core 74 'LogicGate' <Latency = 0> <II = 1> <Delay = 0.33> <FuncUnit> <Opcode : 'and' 'or' 'xor'> <InPorts = 2> <OutPorts = 1>
ST_4 : Operation 199 [1/1] (0.41ns) (out node of the LUT)   --->   "%res_pack_21 = select i1 %xor_ln66_141, i16 %select_ln0_116, i16 %select_ln0_117" [firmware/nnet_utils/nnet_pooling_stream.h:67->firmware/nnet_utils/nnet_pooling_stream.h:115]   --->   Operation 199 'select' 'res_pack_21' <Predicate = (icmp_ln55 & and_ln55_3)> <Delay = 0.41> <CoreInst = "Sel">   --->   Core 73 'Sel' <Latency = 0> <II = 1> <Delay = 0.41> <FuncUnit> <Opcode : 'select'> <InPorts = 3> <OutPorts = 1>
ST_4 : Operation 200 [1/1] (0.00ns)   --->   "%or_ln72_s = bitconcatenate i160 @_ssdm_op_BitConcatenate.i160.i16.i16.i16.i16.i16.i16.i16.i16.i16.i16, i16 %res_pack_21, i16 %res_pack_20, i16 %res_pack_19, i16 %res_pack_18, i16 %res_pack_17, i16 %res_pack_16, i16 %res_pack_15, i16 %res_pack_14, i16 %res_pack_13, i16 %res_pack" [firmware/nnet_utils/nnet_pooling_stream.h:72->firmware/nnet_utils/nnet_pooling_stream.h:115]   --->   Operation 200 'bitconcatenate' 'or_ln72_s' <Predicate = (icmp_ln55 & and_ln55_3)> <Delay = 0.00>
ST_4 : Operation 201 [1/1] (1.82ns)   --->   "%write_ln72 = write void @_ssdm_op_Write.ap_fifo.volatile.i160P0A, i160 %layer13_out, i160 %or_ln72_s" [firmware/nnet_utils/nnet_pooling_stream.h:72->firmware/nnet_utils/nnet_pooling_stream.h:115]   --->   Operation 201 'write' 'write_ln72' <Predicate = (icmp_ln55 & and_ln55_3)> <Delay = 1.82> <CoreInst = "FIFO_SRL">   --->   Core 81 'FIFO_SRL' <Latency = 0> <II = 1> <Delay = 2.26> <Storage> <Opcode : 'read' 'write' 'nbread' 'nbwrite'> <Ports = 0> <Width = 160> <Depth = 1> <FIFO>
ST_4 : Operation 202 [1/1] (0.00ns)   --->   "%br_ln73 = br void %if.end.i" [firmware/nnet_utils/nnet_pooling_stream.h:73->firmware/nnet_utils/nnet_pooling_stream.h:115]   --->   Operation 202 'br' 'br_ln73' <Predicate = (icmp_ln55 & and_ln55_3)> <Delay = 0.00>


============================================================
+ Verbose Summary: Timing violations
============================================================
Target clock period: 5.000ns, clock uncertainty: 1.350ns.

 <State 1>: 3.847ns
The critical path consists of the following:
	'load' operation 32 bit ('pX_2_load', firmware/nnet_utils/nnet_pooling_stream.h:76->firmware/nnet_utils/nnet_pooling_stream.h:115) on static variable 'pX_2' [85]  (0.000 ns)
	'add' operation 32 bit ('add_ln76', firmware/nnet_utils/nnet_pooling_stream.h:76->firmware/nnet_utils/nnet_pooling_stream.h:115) [231]  (1.486 ns)
	'icmp' operation 1 bit ('icmp_ln76', firmware/nnet_utils/nnet_pooling_stream.h:76->firmware/nnet_utils/nnet_pooling_stream.h:115) [232]  (1.486 ns)
	'store' operation 0 bit ('store_ln89', firmware/nnet_utils/nnet_pooling_stream.h:89->firmware/nnet_utils/nnet_pooling_stream.h:115) of variable 'add_ln76', firmware/nnet_utils/nnet_pooling_stream.h:76->firmware/nnet_utils/nnet_pooling_stream.h:115 on static variable 'pX_2' [235]  (0.538 ns)
	blocking operation 0.337 ns on control path)

 <State 2>: 2.402ns
The critical path consists of the following:
	fifo read operation ('layer12_out_read', firmware/nnet_utils/nnet_pooling_stream.h:115) on port 'layer12_out' (firmware/nnet_utils/nnet_pooling_stream.h:115) [71]  (1.825 ns)
	'call' operation 0 bit ('call_ln52', firmware/nnet_utils/nnet_pooling_stream.h:52->firmware/nnet_utils/nnet_pooling_stream.h:115) to 'shift_line_buffer<array<ap_fixed<16, 6, 5, 3, 0>, 10u>, config13>' [82]  (0.577 ns)

 <State 3>: 3.249ns
The critical path consists of the following:
	'load' operation 16 bit ('void_compute_pool_buffer_2d_array_const_ap_shift_reg_n_filt_stream_kernel_56', firmware/nnet_utils/nnet_pooling_stream.h:63->firmware/nnet_utils/nnet_pooling_stream.h:115) on static variable 'void_compute_pool_buffer_2d_array_const_ap_shift_reg_n_filt_stream_kernel_29' [97]  (0.000 ns)
	'icmp' operation 1 bit ('icmp_ln66', firmware/nnet_utils/nnet_common.h:66->firmware/nnet_utils/nnet_common.h:44->firmware/nnet_utils/nnet_common.h:46->firmware/nnet_utils/nnet_pooling_stream.h:21->firmware/nnet_utils/nnet_pooling_stream.h:68->firmware/nnet_utils/nnet_pooling_stream.h:115) [101]  (1.419 ns)
	'xor' operation 1 bit ('xor_ln66', firmware/nnet_utils/nnet_common.h:66->firmware/nnet_utils/nnet_common.h:44->firmware/nnet_utils/nnet_common.h:46->firmware/nnet_utils/nnet_pooling_stream.h:21->firmware/nnet_utils/nnet_pooling_stream.h:68->firmware/nnet_utils/nnet_pooling_stream.h:115) [102]  (0.000 ns)
	'select' operation 16 bit ('select_ln0', firmware/nnet_utils/nnet_common.h:0->firmware/nnet_utils/nnet_common.h:46->firmware/nnet_utils/nnet_pooling_stream.h:21->firmware/nnet_utils/nnet_pooling_stream.h:68->firmware/nnet_utils/nnet_pooling_stream.h:115) [103]  (0.411 ns)
	'icmp' operation 1 bit ('icmp_ln66_114', firmware/nnet_utils/nnet_common.h:66->firmware/nnet_utils/nnet_common.h:46->firmware/nnet_utils/nnet_pooling_stream.h:21->firmware/nnet_utils/nnet_pooling_stream.h:68->firmware/nnet_utils/nnet_pooling_stream.h:115) [107]  (1.419 ns)

 <State 4>: 2.236ns
The critical path consists of the following:
	'xor' operation 1 bit ('xor_ln66_114', firmware/nnet_utils/nnet_common.h:66->firmware/nnet_utils/nnet_common.h:46->firmware/nnet_utils/nnet_pooling_stream.h:21->firmware/nnet_utils/nnet_pooling_stream.h:68->firmware/nnet_utils/nnet_pooling_stream.h:115) [108]  (0.000 ns)
	'select' operation 16 bit ('res_pack', firmware/nnet_utils/nnet_pooling_stream.h:67->firmware/nnet_utils/nnet_pooling_stream.h:115) [109]  (0.411 ns)
	fifo write operation ('write_ln72', firmware/nnet_utils/nnet_pooling_stream.h:72->firmware/nnet_utils/nnet_pooling_stream.h:115) on port 'layer13_out' (firmware/nnet_utils/nnet_pooling_stream.h:72->firmware/nnet_utils/nnet_pooling_stream.h:115) [228]  (1.825 ns)


============================================================
+ Verbose Summary: Binding
============================================================
N/A
* FSMD analyzer results:
  - Output states:
 - Input state : 
  - Chain level:
	State 1
	State 2
	State 3
	State 4


============================================================
+ Verbose Summary: Datapath Resource usage 
============================================================
N/A
