

================================================================
== Vitis HLS Report for 'shift_line_buffer_array_ap_fixed_16_6_5_3_0_8u_config9_s'
================================================================
* Date:           Sun Apr  5 17:32:26 2026

* Version:        2023.2 (Build 4023990 on Oct 11 2023)
* Project:        gaussian_prj
* Solution:       solution1 (Vivado IP Flow Target)
* Product family: kintexu
* Target device:  xcku035-fbva676-2-e


================================================================
== Performance Estimates
================================================================
+ Timing: 
    * Summary: 
    +--------+---------+----------+------------+
    |  Clock |  Target | Estimated| Uncertainty|
    +--------+---------+----------+------------+
    |ap_clk  |  5.00 ns|  0.577 ns|     1.35 ns|
    +--------+---------+----------+------------+

+ Latency: 
    * Summary: 
    +---------+---------+----------+----------+-----+-----+---------+
    |  Latency (cycles) |  Latency (absolute) |  Interval | Pipeline|
    |   min   |   max   |    min   |    max   | min | max |   Type  |
    +---------+---------+----------+----------+-----+-----+---------+
    |        0|        0|      0 ns|      0 ns|    1|    1|      yes|
    +---------+---------+----------+----------+-----+-----+---------+

    + Detail: 
        * Instance: 
        N/A

        * Loop: 
        N/A



================================================================
== Utilization Estimates
================================================================
* Summary: 
+-----------------+---------+------+--------+--------+-----+
|       Name      | BRAM_18K|  DSP |   FF   |   LUT  | URAM|
+-----------------+---------+------+--------+--------+-----+
|DSP              |        -|     -|       -|       -|    -|
|Expression       |        -|     -|       -|       -|    -|
|FIFO             |        -|     -|       -|       -|    -|
|Instance         |        -|     -|       -|       -|    -|
|Memory           |        -|     -|       0|       8|    -|
|Multiplexer      |        -|     -|       -|     144|    -|
|Register         |        -|     -|       1|       -|    -|
+-----------------+---------+------+--------+--------+-----+
|Total            |        0|     0|       1|     152|    0|
+-----------------+---------+------+--------+--------+-----+
|Available        |     1080|  1700|  406256|  203128|    0|
+-----------------+---------+------+--------+--------+-----+
|Utilization (%)  |        0|     0|      ~0|      ~0|    0|
+-----------------+---------+------+--------+--------+-----+

+ Detail: 
    * Instance: 
    N/A

    * DSP: 
    N/A

    * Memory: 
    +---------------------------------------------------------------------+----------------------------------------------------------------------------------+---------+---+----+-----+------+-----+------+-------------+
    |                                Memory                               |                                      Module                                      | BRAM_18K| FF| LUT| URAM| Words| Bits| Banks| W*Bits*Banks|
    +---------------------------------------------------------------------+----------------------------------------------------------------------------------+---------+---+----+-----+------+-----+------+-------------+
    |void_pooling2d_cl_stream_stream_array_ap_fixed_8u_0_line_buffer_7_U  |shift_line_buffer_array_ap_fixed_16_6_5_3_0_8u_config9_s_void_pooling2d_cl_stHfu  |        0|  0|   1|    0|     9|   16|     1|          144|
    |void_pooling2d_cl_stream_stream_array_ap_fixed_8u_0_line_buffer_6_U  |shift_line_buffer_array_ap_fixed_16_6_5_3_0_8u_config9_s_void_pooling2d_cl_stHfu  |        0|  0|   1|    0|     9|   16|     1|          144|
    |void_pooling2d_cl_stream_stream_array_ap_fixed_8u_0_line_buffer_5_U  |shift_line_buffer_array_ap_fixed_16_6_5_3_0_8u_config9_s_void_pooling2d_cl_stHfu  |        0|  0|   1|    0|     9|   16|     1|          144|
    |void_pooling2d_cl_stream_stream_array_ap_fixed_8u_0_line_buffer_4_U  |shift_line_buffer_array_ap_fixed_16_6_5_3_0_8u_config9_s_void_pooling2d_cl_stHfu  |        0|  0|   1|    0|     9|   16|     1|          144|
    |void_pooling2d_cl_stream_stream_array_ap_fixed_8u_0_line_buffer_3_U  |shift_line_buffer_array_ap_fixed_16_6_5_3_0_8u_config9_s_void_pooling2d_cl_stHfu  |        0|  0|   1|    0|     9|   16|     1|          144|
    |void_pooling2d_cl_stream_stream_array_ap_fixed_8u_0_line_buffer_2_U  |shift_line_buffer_array_ap_fixed_16_6_5_3_0_8u_config9_s_void_pooling2d_cl_stHfu  |        0|  0|   1|    0|     9|   16|     1|          144|
    |void_pooling2d_cl_stream_stream_array_ap_fixed_8u_0_line_buffer_1_U  |shift_line_buffer_array_ap_fixed_16_6_5_3_0_8u_config9_s_void_pooling2d_cl_stHfu  |        0|  0|   1|    0|     9|   16|     1|          144|
    |void_pooling2d_cl_stream_stream_array_ap_fixed_8u_0_line_buffer_U    |shift_line_buffer_array_ap_fixed_16_6_5_3_0_8u_config9_s_void_pooling2d_cl_stHfu  |        0|  0|   1|    0|     9|   16|     1|          144|
    +---------------------------------------------------------------------+----------------------------------------------------------------------------------+---------+---+----+-----+------+-----+------+-------------+
    |Total                                                                |                                                                                  |        0|  0|   8|    0|    72|  128|     8|         1152|
    +---------------------------------------------------------------------+----------------------------------------------------------------------------------+---------+---+----+-----+------+-----+------+-------------+

    * FIFO: 
    N/A

    * Expression: 
    N/A

    * Multiplexer: 
    +----------------------------------------------------------------------------------------+----+-----------+-----+-----------+
    |                                          Name                                          | LUT| Input Size| Bits| Total Bits|
    +----------------------------------------------------------------------------------------+----+-----------+-----+-----------+
    |p_ZZN4nnet22compute_pool_buffer_2dINS_5arrayI8ap_fixedILi16ELi6EL9ap_q_mode5EL9ap_16_o  |   9|          2|   16|         32|
    |p_ZZN4nnet22compute_pool_buffer_2dINS_5arrayI8ap_fixedILi16ELi6EL9ap_q_mode5EL9ap_17_o  |   9|          2|   16|         32|
    |p_ZZN4nnet22compute_pool_buffer_2dINS_5arrayI8ap_fixedILi16ELi6EL9ap_q_mode5EL9ap_18_o  |   9|          2|   16|         32|
    |p_ZZN4nnet22compute_pool_buffer_2dINS_5arrayI8ap_fixedILi16ELi6EL9ap_q_mode5EL9ap_19_o  |   9|          2|   16|         32|
    |p_ZZN4nnet22compute_pool_buffer_2dINS_5arrayI8ap_fixedILi16ELi6EL9ap_q_mode5EL9ap_1_o   |   9|          2|   16|         32|
    |p_ZZN4nnet22compute_pool_buffer_2dINS_5arrayI8ap_fixedILi16ELi6EL9ap_q_mode5EL9ap_20_o  |   9|          2|   16|         32|
    |p_ZZN4nnet22compute_pool_buffer_2dINS_5arrayI8ap_fixedILi16ELi6EL9ap_q_mode5EL9ap_21_o  |   9|          2|   16|         32|
    |p_ZZN4nnet22compute_pool_buffer_2dINS_5arrayI8ap_fixedILi16ELi6EL9ap_q_mode5EL9ap_2_o   |   9|          2|   16|         32|
    |p_ZZN4nnet22compute_pool_buffer_2dINS_5arrayI8ap_fixedILi16ELi6EL9ap_q_mode5EL9ap_3_o   |   9|          2|   16|         32|
    |p_ZZN4nnet22compute_pool_buffer_2dINS_5arrayI8ap_fixedILi16ELi6EL9ap_q_mode5EL9ap_4_o   |   9|          2|   16|         32|
    |p_ZZN4nnet22compute_pool_buffer_2dINS_5arrayI8ap_fixedILi16ELi6EL9ap_q_mode5EL9ap_5_o   |   9|          2|   16|         32|
    |p_ZZN4nnet22compute_pool_buffer_2dINS_5arrayI8ap_fixedILi16ELi6EL9ap_q_mode5EL9ap_6_o   |   9|          2|   16|         32|
    |p_ZZN4nnet22compute_pool_buffer_2dINS_5arrayI8ap_fixedILi16ELi6EL9ap_q_mode5EL9ap_7_o   |   9|          2|   16|         32|
    |p_ZZN4nnet22compute_pool_buffer_2dINS_5arrayI8ap_fixedILi16ELi6EL9ap_q_mode5EL9ap_o     |   9|          2|   16|         32|
    |void_compute_pool_buffer_2d_array_const_ap_shift_reg_n_filt_stream_kernel_1_o           |   9|          2|   16|         32|
    |void_compute_pool_buffer_2d_array_const_ap_shift_reg_n_filt_stream_kernel_o             |   9|          2|   16|         32|
    +----------------------------------------------------------------------------------------+----+-----------+-----+-----------+
    |Total                                                                                   | 144|         32|  256|        512|
    +----------------------------------------------------------------------------------------+----+-----------+-----+-----------+

    * Register: 
    +-----------+---+----+-----+-----------+
    |    Name   | FF| LUT| Bits| Const Bits|
    +-----------+---+----+-----+-----------+
    |ap_CS_fsm  |  1|   0|    1|          0|
    +-----------+---+----+-----+-----------+
    |Total      |  1|   0|    1|          0|
    +-----------+---+----+-----+-----------+



================================================================
== Interface
================================================================
* Summary: 
+-----------------------------------------------------------------------------------------------+-----+-----+------------+--------------------------------------------------------------------------------------+--------------+
|                                           RTL Ports                                           | Dir | Bits|  Protocol  |                                     Source Object                                    |    C Type    |
+-----------------------------------------------------------------------------------------------+-----+-----+------------+--------------------------------------------------------------------------------------+--------------+
|ap_clk                                                                                         |   in|    1|  ap_ctrl_hs|                       shift_line_buffer<array<ap_fixed<16, 6, 5, 3, 0>, 8u>, config9>|  return value|
|ap_rst                                                                                         |   in|    1|  ap_ctrl_hs|                       shift_line_buffer<array<ap_fixed<16, 6, 5, 3, 0>, 8u>, config9>|  return value|
|ap_start                                                                                       |   in|    1|  ap_ctrl_hs|                       shift_line_buffer<array<ap_fixed<16, 6, 5, 3, 0>, 8u>, config9>|  return value|
|ap_done                                                                                        |  out|    1|  ap_ctrl_hs|                       shift_line_buffer<array<ap_fixed<16, 6, 5, 3, 0>, 8u>, config9>|  return value|
|ap_idle                                                                                        |  out|    1|  ap_ctrl_hs|                       shift_line_buffer<array<ap_fixed<16, 6, 5, 3, 0>, 8u>, config9>|  return value|
|ap_ready                                                                                       |  out|    1|  ap_ctrl_hs|                       shift_line_buffer<array<ap_fixed<16, 6, 5, 3, 0>, 8u>, config9>|  return value|
|ap_ce                                                                                          |   in|    1|  ap_ctrl_hs|                       shift_line_buffer<array<ap_fixed<16, 6, 5, 3, 0>, 8u>, config9>|  return value|
|p_read                                                                                         |   in|   16|     ap_none|                                                                                p_read|        scalar|
|p_read1                                                                                        |   in|   16|     ap_none|                                                                               p_read1|        scalar|
|p_read2                                                                                        |   in|   16|     ap_none|                                                                               p_read2|        scalar|
|p_read3                                                                                        |   in|   16|     ap_none|                                                                               p_read3|        scalar|
|p_read4                                                                                        |   in|   16|     ap_none|                                                                               p_read4|        scalar|
|p_read5                                                                                        |   in|   16|     ap_none|                                                                               p_read5|        scalar|
|p_read6                                                                                        |   in|   16|     ap_none|                                                                               p_read6|        scalar|
|p_read7                                                                                        |   in|   16|     ap_none|                                                                               p_read7|        scalar|
|void_compute_pool_buffer_2d_array_const_ap_shift_reg_n_filt_stream_kernel_1_i                  |   in|   16|     ap_ovld|           void_compute_pool_buffer_2d_array_const_ap_shift_reg_n_filt_stream_kernel_1|       pointer|
|void_compute_pool_buffer_2d_array_const_ap_shift_reg_n_filt_stream_kernel_1_o                  |  out|   16|     ap_ovld|           void_compute_pool_buffer_2d_array_const_ap_shift_reg_n_filt_stream_kernel_1|       pointer|
|void_compute_pool_buffer_2d_array_const_ap_shift_reg_n_filt_stream_kernel_1_o_ap_vld           |  out|    1|     ap_ovld|           void_compute_pool_buffer_2d_array_const_ap_shift_reg_n_filt_stream_kernel_1|       pointer|
|void_compute_pool_buffer_2d_array_const_ap_shift_reg_n_filt_stream_kernel_9                    |  out|   16|      ap_vld|           void_compute_pool_buffer_2d_array_const_ap_shift_reg_n_filt_stream_kernel_9|       pointer|
|void_compute_pool_buffer_2d_array_const_ap_shift_reg_n_filt_stream_kernel_9_ap_vld             |  out|    1|      ap_vld|           void_compute_pool_buffer_2d_array_const_ap_shift_reg_n_filt_stream_kernel_9|       pointer|
|void_compute_pool_buffer_2d_array_const_ap_shift_reg_n_filt_stream_kernel_i                    |   in|   16|     ap_ovld|             void_compute_pool_buffer_2d_array_const_ap_shift_reg_n_filt_stream_kernel|       pointer|
|void_compute_pool_buffer_2d_array_const_ap_shift_reg_n_filt_stream_kernel_o                    |  out|   16|     ap_ovld|             void_compute_pool_buffer_2d_array_const_ap_shift_reg_n_filt_stream_kernel|       pointer|
|void_compute_pool_buffer_2d_array_const_ap_shift_reg_n_filt_stream_kernel_o_ap_vld             |  out|    1|     ap_ovld|             void_compute_pool_buffer_2d_array_const_ap_shift_reg_n_filt_stream_kernel|       pointer|
|void_compute_pool_buffer_2d_array_const_ap_shift_reg_n_filt_stream_kernel_8                    |  out|   16|      ap_vld|           void_compute_pool_buffer_2d_array_const_ap_shift_reg_n_filt_stream_kernel_8|       pointer|
|void_compute_pool_buffer_2d_array_const_ap_shift_reg_n_filt_stream_kernel_8_ap_vld             |  out|    1|      ap_vld|           void_compute_pool_buffer_2d_array_const_ap_shift_reg_n_filt_stream_kernel_8|       pointer|
|p_ZZN4nnet22compute_pool_buffer_2dINS_5arrayI8ap_fixedILi16ELi6EL9ap_q_mode5EL9ap_21_i         |   in|   16|     ap_ovld|  p_ZZN4nnet22compute_pool_buffer_2dINS_5arrayI8ap_fixedILi16ELi6EL9ap_q_mode5EL9ap_21|       pointer|
|p_ZZN4nnet22compute_pool_buffer_2dINS_5arrayI8ap_fixedILi16ELi6EL9ap_q_mode5EL9ap_21_o         |  out|   16|     ap_ovld|  p_ZZN4nnet22compute_pool_buffer_2dINS_5arrayI8ap_fixedILi16ELi6EL9ap_q_mode5EL9ap_21|       pointer|
|p_ZZN4nnet22compute_pool_buffer_2dINS_5arrayI8ap_fixedILi16ELi6EL9ap_q_mode5EL9ap_21_o_ap_vld  |  out|    1|     ap_ovld|  p_ZZN4nnet22compute_pool_buffer_2dINS_5arrayI8ap_fixedILi16ELi6EL9ap_q_mode5EL9ap_21|       pointer|
|void_compute_pool_buffer_2d_array_const_ap_shift_reg_n_filt_stream_kernel_7                    |  out|   16|      ap_vld|           void_compute_pool_buffer_2d_array_const_ap_shift_reg_n_filt_stream_kernel_7|       pointer|
|void_compute_pool_buffer_2d_array_const_ap_shift_reg_n_filt_stream_kernel_7_ap_vld             |  out|    1|      ap_vld|           void_compute_pool_buffer_2d_array_const_ap_shift_reg_n_filt_stream_kernel_7|       pointer|
|p_ZZN4nnet22compute_pool_buffer_2dINS_5arrayI8ap_fixedILi16ELi6EL9ap_q_mode5EL9ap_20_i         |   in|   16|     ap_ovld|  p_ZZN4nnet22compute_pool_buffer_2dINS_5arrayI8ap_fixedILi16ELi6EL9ap_q_mode5EL9ap_20|       pointer|
|p_ZZN4nnet22compute_pool_buffer_2dINS_5arrayI8ap_fixedILi16ELi6EL9ap_q_mode5EL9ap_20_o         |  out|   16|     ap_ovld|  p_ZZN4nnet22compute_pool_buffer_2dINS_5arrayI8ap_fixedILi16ELi6EL9ap_q_mode5EL9ap_20|       pointer|
|p_ZZN4nnet22compute_pool_buffer_2dINS_5arrayI8ap_fixedILi16ELi6EL9ap_q_mode5EL9ap_20_o_ap_vld  |  out|    1|     ap_ovld|  p_ZZN4nnet22compute_pool_buffer_2dINS_5arrayI8ap_fixedILi16ELi6EL9ap_q_mode5EL9ap_20|       pointer|
|void_compute_pool_buffer_2d_array_const_ap_shift_reg_n_filt_stream_kernel_6                    |  out|   16|      ap_vld|           void_compute_pool_buffer_2d_array_const_ap_shift_reg_n_filt_stream_kernel_6|       pointer|
|void_compute_pool_buffer_2d_array_const_ap_shift_reg_n_filt_stream_kernel_6_ap_vld             |  out|    1|      ap_vld|           void_compute_pool_buffer_2d_array_const_ap_shift_reg_n_filt_stream_kernel_6|       pointer|
|p_ZZN4nnet22compute_pool_buffer_2dINS_5arrayI8ap_fixedILi16ELi6EL9ap_q_mode5EL9ap_19_i         |   in|   16|     ap_ovld|  p_ZZN4nnet22compute_pool_buffer_2dINS_5arrayI8ap_fixedILi16ELi6EL9ap_q_mode5EL9ap_19|       pointer|
|p_ZZN4nnet22compute_pool_buffer_2dINS_5arrayI8ap_fixedILi16ELi6EL9ap_q_mode5EL9ap_19_o         |  out|   16|     ap_ovld|  p_ZZN4nnet22compute_pool_buffer_2dINS_5arrayI8ap_fixedILi16ELi6EL9ap_q_mode5EL9ap_19|       pointer|
|p_ZZN4nnet22compute_pool_buffer_2dINS_5arrayI8ap_fixedILi16ELi6EL9ap_q_mode5EL9ap_19_o_ap_vld  |  out|    1|     ap_ovld|  p_ZZN4nnet22compute_pool_buffer_2dINS_5arrayI8ap_fixedILi16ELi6EL9ap_q_mode5EL9ap_19|       pointer|
|void_compute_pool_buffer_2d_array_const_ap_shift_reg_n_filt_stream_kernel_5                    |  out|   16|      ap_vld|           void_compute_pool_buffer_2d_array_const_ap_shift_reg_n_filt_stream_kernel_5|       pointer|
|void_compute_pool_buffer_2d_array_const_ap_shift_reg_n_filt_stream_kernel_5_ap_vld             |  out|    1|      ap_vld|           void_compute_pool_buffer_2d_array_const_ap_shift_reg_n_filt_stream_kernel_5|       pointer|
|p_ZZN4nnet22compute_pool_buffer_2dINS_5arrayI8ap_fixedILi16ELi6EL9ap_q_mode5EL9ap_18_i         |   in|   16|     ap_ovld|  p_ZZN4nnet22compute_pool_buffer_2dINS_5arrayI8ap_fixedILi16ELi6EL9ap_q_mode5EL9ap_18|       pointer|
|p_ZZN4nnet22compute_pool_buffer_2dINS_5arrayI8ap_fixedILi16ELi6EL9ap_q_mode5EL9ap_18_o         |  out|   16|     ap_ovld|  p_ZZN4nnet22compute_pool_buffer_2dINS_5arrayI8ap_fixedILi16ELi6EL9ap_q_mode5EL9ap_18|       pointer|
|p_ZZN4nnet22compute_pool_buffer_2dINS_5arrayI8ap_fixedILi16ELi6EL9ap_q_mode5EL9ap_18_o_ap_vld  |  out|    1|     ap_ovld|  p_ZZN4nnet22compute_pool_buffer_2dINS_5arrayI8ap_fixedILi16ELi6EL9ap_q_mode5EL9ap_18|       pointer|
|void_compute_pool_buffer_2d_array_const_ap_shift_reg_n_filt_stream_kernel_4                    |  out|   16|      ap_vld|           void_compute_pool_buffer_2d_array_const_ap_shift_reg_n_filt_stream_kernel_4|       pointer|
|void_compute_pool_buffer_2d_array_const_ap_shift_reg_n_filt_stream_kernel_4_ap_vld             |  out|    1|      ap_vld|           void_compute_pool_buffer_2d_array_const_ap_shift_reg_n_filt_stream_kernel_4|       pointer|
|p_ZZN4nnet22compute_pool_buffer_2dINS_5arrayI8ap_fixedILi16ELi6EL9ap_q_mode5EL9ap_17_i         |   in|   16|     ap_ovld|  p_ZZN4nnet22compute_pool_buffer_2dINS_5arrayI8ap_fixedILi16ELi6EL9ap_q_mode5EL9ap_17|       pointer|
|p_ZZN4nnet22compute_pool_buffer_2dINS_5arrayI8ap_fixedILi16ELi6EL9ap_q_mode5EL9ap_17_o         |  out|   16|     ap_ovld|  p_ZZN4nnet22compute_pool_buffer_2dINS_5arrayI8ap_fixedILi16ELi6EL9ap_q_mode5EL9ap_17|       pointer|
|p_ZZN4nnet22compute_pool_buffer_2dINS_5arrayI8ap_fixedILi16ELi6EL9ap_q_mode5EL9ap_17_o_ap_vld  |  out|    1|     ap_ovld|  p_ZZN4nnet22compute_pool_buffer_2dINS_5arrayI8ap_fixedILi16ELi6EL9ap_q_mode5EL9ap_17|       pointer|
|void_compute_pool_buffer_2d_array_const_ap_shift_reg_n_filt_stream_kernel_3                    |  out|   16|      ap_vld|           void_compute_pool_buffer_2d_array_const_ap_shift_reg_n_filt_stream_kernel_3|       pointer|
|void_compute_pool_buffer_2d_array_const_ap_shift_reg_n_filt_stream_kernel_3_ap_vld             |  out|    1|      ap_vld|           void_compute_pool_buffer_2d_array_const_ap_shift_reg_n_filt_stream_kernel_3|       pointer|
|p_ZZN4nnet22compute_pool_buffer_2dINS_5arrayI8ap_fixedILi16ELi6EL9ap_q_mode5EL9ap_16_i         |   in|   16|     ap_ovld|  p_ZZN4nnet22compute_pool_buffer_2dINS_5arrayI8ap_fixedILi16ELi6EL9ap_q_mode5EL9ap_16|       pointer|
|p_ZZN4nnet22compute_pool_buffer_2dINS_5arrayI8ap_fixedILi16ELi6EL9ap_q_mode5EL9ap_16_o         |  out|   16|     ap_ovld|  p_ZZN4nnet22compute_pool_buffer_2dINS_5arrayI8ap_fixedILi16ELi6EL9ap_q_mode5EL9ap_16|       pointer|
|p_ZZN4nnet22compute_pool_buffer_2dINS_5arrayI8ap_fixedILi16ELi6EL9ap_q_mode5EL9ap_16_o_ap_vld  |  out|    1|     ap_ovld|  p_ZZN4nnet22compute_pool_buffer_2dINS_5arrayI8ap_fixedILi16ELi6EL9ap_q_mode5EL9ap_16|       pointer|
|void_compute_pool_buffer_2d_array_const_ap_shift_reg_n_filt_stream_kernel_2                    |  out|   16|      ap_vld|           void_compute_pool_buffer_2d_array_const_ap_shift_reg_n_filt_stream_kernel_2|       pointer|
|void_compute_pool_buffer_2d_array_const_ap_shift_reg_n_filt_stream_kernel_2_ap_vld             |  out|    1|      ap_vld|           void_compute_pool_buffer_2d_array_const_ap_shift_reg_n_filt_stream_kernel_2|       pointer|
|p_ZZN4nnet22compute_pool_buffer_2dINS_5arrayI8ap_fixedILi16ELi6EL9ap_q_mode5EL9ap_7_i          |   in|   16|     ap_ovld|   p_ZZN4nnet22compute_pool_buffer_2dINS_5arrayI8ap_fixedILi16ELi6EL9ap_q_mode5EL9ap_7|       pointer|
|p_ZZN4nnet22compute_pool_buffer_2dINS_5arrayI8ap_fixedILi16ELi6EL9ap_q_mode5EL9ap_7_o          |  out|   16|     ap_ovld|   p_ZZN4nnet22compute_pool_buffer_2dINS_5arrayI8ap_fixedILi16ELi6EL9ap_q_mode5EL9ap_7|       pointer|
|p_ZZN4nnet22compute_pool_buffer_2dINS_5arrayI8ap_fixedILi16ELi6EL9ap_q_mode5EL9ap_7_o_ap_vld   |  out|    1|     ap_ovld|   p_ZZN4nnet22compute_pool_buffer_2dINS_5arrayI8ap_fixedILi16ELi6EL9ap_q_mode5EL9ap_7|       pointer|
|p_ZZN4nnet22compute_pool_buffer_2dINS_5arrayI8ap_fixedILi16ELi6EL9ap_q_mode5EL9ap_15           |  out|   16|      ap_vld|  p_ZZN4nnet22compute_pool_buffer_2dINS_5arrayI8ap_fixedILi16ELi6EL9ap_q_mode5EL9ap_15|       pointer|
|p_ZZN4nnet22compute_pool_buffer_2dINS_5arrayI8ap_fixedILi16ELi6EL9ap_q_mode5EL9ap_15_ap_vld    |  out|    1|      ap_vld|  p_ZZN4nnet22compute_pool_buffer_2dINS_5arrayI8ap_fixedILi16ELi6EL9ap_q_mode5EL9ap_15|       pointer|
|p_ZZN4nnet22compute_pool_buffer_2dINS_5arrayI8ap_fixedILi16ELi6EL9ap_q_mode5EL9ap_6_i          |   in|   16|     ap_ovld|   p_ZZN4nnet22compute_pool_buffer_2dINS_5arrayI8ap_fixedILi16ELi6EL9ap_q_mode5EL9ap_6|       pointer|
|p_ZZN4nnet22compute_pool_buffer_2dINS_5arrayI8ap_fixedILi16ELi6EL9ap_q_mode5EL9ap_6_o          |  out|   16|     ap_ovld|   p_ZZN4nnet22compute_pool_buffer_2dINS_5arrayI8ap_fixedILi16ELi6EL9ap_q_mode5EL9ap_6|       pointer|
|p_ZZN4nnet22compute_pool_buffer_2dINS_5arrayI8ap_fixedILi16ELi6EL9ap_q_mode5EL9ap_6_o_ap_vld   |  out|    1|     ap_ovld|   p_ZZN4nnet22compute_pool_buffer_2dINS_5arrayI8ap_fixedILi16ELi6EL9ap_q_mode5EL9ap_6|       pointer|
|p_ZZN4nnet22compute_pool_buffer_2dINS_5arrayI8ap_fixedILi16ELi6EL9ap_q_mode5EL9ap_14           |  out|   16|      ap_vld|  p_ZZN4nnet22compute_pool_buffer_2dINS_5arrayI8ap_fixedILi16ELi6EL9ap_q_mode5EL9ap_14|       pointer|
|p_ZZN4nnet22compute_pool_buffer_2dINS_5arrayI8ap_fixedILi16ELi6EL9ap_q_mode5EL9ap_14_ap_vld    |  out|    1|      ap_vld|  p_ZZN4nnet22compute_pool_buffer_2dINS_5arrayI8ap_fixedILi16ELi6EL9ap_q_mode5EL9ap_14|       pointer|
|p_ZZN4nnet22compute_pool_buffer_2dINS_5arrayI8ap_fixedILi16ELi6EL9ap_q_mode5EL9ap_5_i          |   in|   16|     ap_ovld|   p_ZZN4nnet22compute_pool_buffer_2dINS_5arrayI8ap_fixedILi16ELi6EL9ap_q_mode5EL9ap_5|       pointer|
|p_ZZN4nnet22compute_pool_buffer_2dINS_5arrayI8ap_fixedILi16ELi6EL9ap_q_mode5EL9ap_5_o          |  out|   16|     ap_ovld|   p_ZZN4nnet22compute_pool_buffer_2dINS_5arrayI8ap_fixedILi16ELi6EL9ap_q_mode5EL9ap_5|       pointer|
|p_ZZN4nnet22compute_pool_buffer_2dINS_5arrayI8ap_fixedILi16ELi6EL9ap_q_mode5EL9ap_5_o_ap_vld   |  out|    1|     ap_ovld|   p_ZZN4nnet22compute_pool_buffer_2dINS_5arrayI8ap_fixedILi16ELi6EL9ap_q_mode5EL9ap_5|       pointer|
|p_ZZN4nnet22compute_pool_buffer_2dINS_5arrayI8ap_fixedILi16ELi6EL9ap_q_mode5EL9ap_13           |  out|   16|      ap_vld|  p_ZZN4nnet22compute_pool_buffer_2dINS_5arrayI8ap_fixedILi16ELi6EL9ap_q_mode5EL9ap_13|       pointer|
|p_ZZN4nnet22compute_pool_buffer_2dINS_5arrayI8ap_fixedILi16ELi6EL9ap_q_mode5EL9ap_13_ap_vld    |  out|    1|      ap_vld|  p_ZZN4nnet22compute_pool_buffer_2dINS_5arrayI8ap_fixedILi16ELi6EL9ap_q_mode5EL9ap_13|       pointer|
|p_ZZN4nnet22compute_pool_buffer_2dINS_5arrayI8ap_fixedILi16ELi6EL9ap_q_mode5EL9ap_4_i          |   in|   16|     ap_ovld|   p_ZZN4nnet22compute_pool_buffer_2dINS_5arrayI8ap_fixedILi16ELi6EL9ap_q_mode5EL9ap_4|       pointer|
|p_ZZN4nnet22compute_pool_buffer_2dINS_5arrayI8ap_fixedILi16ELi6EL9ap_q_mode5EL9ap_4_o          |  out|   16|     ap_ovld|   p_ZZN4nnet22compute_pool_buffer_2dINS_5arrayI8ap_fixedILi16ELi6EL9ap_q_mode5EL9ap_4|       pointer|
|p_ZZN4nnet22compute_pool_buffer_2dINS_5arrayI8ap_fixedILi16ELi6EL9ap_q_mode5EL9ap_4_o_ap_vld   |  out|    1|     ap_ovld|   p_ZZN4nnet22compute_pool_buffer_2dINS_5arrayI8ap_fixedILi16ELi6EL9ap_q_mode5EL9ap_4|       pointer|
|p_ZZN4nnet22compute_pool_buffer_2dINS_5arrayI8ap_fixedILi16ELi6EL9ap_q_mode5EL9ap_12           |  out|   16|      ap_vld|  p_ZZN4nnet22compute_pool_buffer_2dINS_5arrayI8ap_fixedILi16ELi6EL9ap_q_mode5EL9ap_12|       pointer|
|p_ZZN4nnet22compute_pool_buffer_2dINS_5arrayI8ap_fixedILi16ELi6EL9ap_q_mode5EL9ap_12_ap_vld    |  out|    1|      ap_vld|  p_ZZN4nnet22compute_pool_buffer_2dINS_5arrayI8ap_fixedILi16ELi6EL9ap_q_mode5EL9ap_12|       pointer|
|p_ZZN4nnet22compute_pool_buffer_2dINS_5arrayI8ap_fixedILi16ELi6EL9ap_q_mode5EL9ap_3_i          |   in|   16|     ap_ovld|   p_ZZN4nnet22compute_pool_buffer_2dINS_5arrayI8ap_fixedILi16ELi6EL9ap_q_mode5EL9ap_3|       pointer|
|p_ZZN4nnet22compute_pool_buffer_2dINS_5arrayI8ap_fixedILi16ELi6EL9ap_q_mode5EL9ap_3_o          |  out|   16|     ap_ovld|   p_ZZN4nnet22compute_pool_buffer_2dINS_5arrayI8ap_fixedILi16ELi6EL9ap_q_mode5EL9ap_3|       pointer|
|p_ZZN4nnet22compute_pool_buffer_2dINS_5arrayI8ap_fixedILi16ELi6EL9ap_q_mode5EL9ap_3_o_ap_vld   |  out|    1|     ap_ovld|   p_ZZN4nnet22compute_pool_buffer_2dINS_5arrayI8ap_fixedILi16ELi6EL9ap_q_mode5EL9ap_3|       pointer|
|p_ZZN4nnet22compute_pool_buffer_2dINS_5arrayI8ap_fixedILi16ELi6EL9ap_q_mode5EL9ap_11           |  out|   16|      ap_vld|  p_ZZN4nnet22compute_pool_buffer_2dINS_5arrayI8ap_fixedILi16ELi6EL9ap_q_mode5EL9ap_11|       pointer|
|p_ZZN4nnet22compute_pool_buffer_2dINS_5arrayI8ap_fixedILi16ELi6EL9ap_q_mode5EL9ap_11_ap_vld    |  out|    1|      ap_vld|  p_ZZN4nnet22compute_pool_buffer_2dINS_5arrayI8ap_fixedILi16ELi6EL9ap_q_mode5EL9ap_11|       pointer|
|p_ZZN4nnet22compute_pool_buffer_2dINS_5arrayI8ap_fixedILi16ELi6EL9ap_q_mode5EL9ap_2_i          |   in|   16|     ap_ovld|   p_ZZN4nnet22compute_pool_buffer_2dINS_5arrayI8ap_fixedILi16ELi6EL9ap_q_mode5EL9ap_2|       pointer|
|p_ZZN4nnet22compute_pool_buffer_2dINS_5arrayI8ap_fixedILi16ELi6EL9ap_q_mode5EL9ap_2_o          |  out|   16|     ap_ovld|   p_ZZN4nnet22compute_pool_buffer_2dINS_5arrayI8ap_fixedILi16ELi6EL9ap_q_mode5EL9ap_2|       pointer|
|p_ZZN4nnet22compute_pool_buffer_2dINS_5arrayI8ap_fixedILi16ELi6EL9ap_q_mode5EL9ap_2_o_ap_vld   |  out|    1|     ap_ovld|   p_ZZN4nnet22compute_pool_buffer_2dINS_5arrayI8ap_fixedILi16ELi6EL9ap_q_mode5EL9ap_2|       pointer|
|p_ZZN4nnet22compute_pool_buffer_2dINS_5arrayI8ap_fixedILi16ELi6EL9ap_q_mode5EL9ap_10           |  out|   16|      ap_vld|  p_ZZN4nnet22compute_pool_buffer_2dINS_5arrayI8ap_fixedILi16ELi6EL9ap_q_mode5EL9ap_10|       pointer|
|p_ZZN4nnet22compute_pool_buffer_2dINS_5arrayI8ap_fixedILi16ELi6EL9ap_q_mode5EL9ap_10_ap_vld    |  out|    1|      ap_vld|  p_ZZN4nnet22compute_pool_buffer_2dINS_5arrayI8ap_fixedILi16ELi6EL9ap_q_mode5EL9ap_10|       pointer|
|p_ZZN4nnet22compute_pool_buffer_2dINS_5arrayI8ap_fixedILi16ELi6EL9ap_q_mode5EL9ap_1_i          |   in|   16|     ap_ovld|   p_ZZN4nnet22compute_pool_buffer_2dINS_5arrayI8ap_fixedILi16ELi6EL9ap_q_mode5EL9ap_1|       pointer|
|p_ZZN4nnet22compute_pool_buffer_2dINS_5arrayI8ap_fixedILi16ELi6EL9ap_q_mode5EL9ap_1_o          |  out|   16|     ap_ovld|   p_ZZN4nnet22compute_pool_buffer_2dINS_5arrayI8ap_fixedILi16ELi6EL9ap_q_mode5EL9ap_1|       pointer|
|p_ZZN4nnet22compute_pool_buffer_2dINS_5arrayI8ap_fixedILi16ELi6EL9ap_q_mode5EL9ap_1_o_ap_vld   |  out|    1|     ap_ovld|   p_ZZN4nnet22compute_pool_buffer_2dINS_5arrayI8ap_fixedILi16ELi6EL9ap_q_mode5EL9ap_1|       pointer|
|p_ZZN4nnet22compute_pool_buffer_2dINS_5arrayI8ap_fixedILi16ELi6EL9ap_q_mode5EL9ap_9            |  out|   16|      ap_vld|   p_ZZN4nnet22compute_pool_buffer_2dINS_5arrayI8ap_fixedILi16ELi6EL9ap_q_mode5EL9ap_9|       pointer|
|p_ZZN4nnet22compute_pool_buffer_2dINS_5arrayI8ap_fixedILi16ELi6EL9ap_q_mode5EL9ap_9_ap_vld     |  out|    1|      ap_vld|   p_ZZN4nnet22compute_pool_buffer_2dINS_5arrayI8ap_fixedILi16ELi6EL9ap_q_mode5EL9ap_9|       pointer|
|p_ZZN4nnet22compute_pool_buffer_2dINS_5arrayI8ap_fixedILi16ELi6EL9ap_q_mode5EL9ap_i            |   in|   16|     ap_ovld|     p_ZZN4nnet22compute_pool_buffer_2dINS_5arrayI8ap_fixedILi16ELi6EL9ap_q_mode5EL9ap|       pointer|
|p_ZZN4nnet22compute_pool_buffer_2dINS_5arrayI8ap_fixedILi16ELi6EL9ap_q_mode5EL9ap_o            |  out|   16|     ap_ovld|     p_ZZN4nnet22compute_pool_buffer_2dINS_5arrayI8ap_fixedILi16ELi6EL9ap_q_mode5EL9ap|       pointer|
|p_ZZN4nnet22compute_pool_buffer_2dINS_5arrayI8ap_fixedILi16ELi6EL9ap_q_mode5EL9ap_o_ap_vld     |  out|    1|     ap_ovld|     p_ZZN4nnet22compute_pool_buffer_2dINS_5arrayI8ap_fixedILi16ELi6EL9ap_q_mode5EL9ap|       pointer|
|p_ZZN4nnet22compute_pool_buffer_2dINS_5arrayI8ap_fixedILi16ELi6EL9ap_q_mode5EL9ap_8            |  out|   16|      ap_vld|   p_ZZN4nnet22compute_pool_buffer_2dINS_5arrayI8ap_fixedILi16ELi6EL9ap_q_mode5EL9ap_8|       pointer|
|p_ZZN4nnet22compute_pool_buffer_2dINS_5arrayI8ap_fixedILi16ELi6EL9ap_q_mode5EL9ap_8_ap_vld     |  out|    1|      ap_vld|   p_ZZN4nnet22compute_pool_buffer_2dINS_5arrayI8ap_fixedILi16ELi6EL9ap_q_mode5EL9ap_8|       pointer|
+-----------------------------------------------------------------------------------------------+-----+-----+------------+--------------------------------------------------------------------------------------+--------------+

============================================================
+ Verbose Summary: Synthesis Manager
============================================================
InlineROM: 1
ExposeGlobal: 0
============================================================
+ Verbose Summary: CDFG Model
============================================================
IsTopModel: 0
ResetActiveHigh: 1
IsCombinational: 2
IsDatapathOnly: 2
HasWiredReturn: 1
HasMFsm: 2
HasVarLatency: 0
IsPipeline: 1
IsRtlPipelined: 0
IsInstanceOverlapped: 0
IsDontTouch: 0
HasImplIP: 0
IsGatedGlobalClock: 0

+ Individual pipeline summary: 
  * Pipeline-0: initiation interval (II) = 1, depth = 1


============================================================
+ Verbose Summary: Schedule
============================================================
* Number of FSM states : 1
* Pipeline : 1
  Pipeline-0 : II = 1, D = 1, States = { 1 }
* Dataflow Pipeline: 0

* FSM state transitions: 
1 --> 

* FSM state operations: 

State 1 <SV = 0> <Delay = 0.57>
ST_1 : Operation 2 [1/1] (0.00ns)   --->   "%specpipeline_ln232 = specpipeline void @_ssdm_op_SpecPipeline, i32 4294967295, i32 0, i32 0, i32 0, void @empty_1" [firmware/nnet_utils/nnet_conv_stream.h:232]   --->   Operation 2 'specpipeline' 'specpipeline_ln232' <Predicate = true> <Delay = 0.00>
ST_1 : Operation 3 [1/1] (0.00ns)   --->   "%p_read_1 = read i16 @_ssdm_op_Read.ap_auto.i16, i16 %p_read7" [firmware/nnet_utils/nnet_conv_stream.h:241]   --->   Operation 3 'read' 'p_read_1' <Predicate = true> <Delay = 0.00>
ST_1 : Operation 4 [1/1] (0.00ns)   --->   "%p_read_2 = read i16 @_ssdm_op_Read.ap_auto.i16, i16 %p_read6" [firmware/nnet_utils/nnet_conv_stream.h:241]   --->   Operation 4 'read' 'p_read_2' <Predicate = true> <Delay = 0.00>
ST_1 : Operation 5 [1/1] (0.00ns)   --->   "%p_read_3 = read i16 @_ssdm_op_Read.ap_auto.i16, i16 %p_read5" [firmware/nnet_utils/nnet_conv_stream.h:241]   --->   Operation 5 'read' 'p_read_3' <Predicate = true> <Delay = 0.00>
ST_1 : Operation 6 [1/1] (0.00ns)   --->   "%p_read_4 = read i16 @_ssdm_op_Read.ap_auto.i16, i16 %p_read4" [firmware/nnet_utils/nnet_conv_stream.h:241]   --->   Operation 6 'read' 'p_read_4' <Predicate = true> <Delay = 0.00>
ST_1 : Operation 7 [1/1] (0.00ns)   --->   "%p_read_5 = read i16 @_ssdm_op_Read.ap_auto.i16, i16 %p_read3" [firmware/nnet_utils/nnet_conv_stream.h:241]   --->   Operation 7 'read' 'p_read_5' <Predicate = true> <Delay = 0.00>
ST_1 : Operation 8 [1/1] (0.00ns)   --->   "%p_read_6 = read i16 @_ssdm_op_Read.ap_auto.i16, i16 %p_read2" [firmware/nnet_utils/nnet_conv_stream.h:241]   --->   Operation 8 'read' 'p_read_6' <Predicate = true> <Delay = 0.00>
ST_1 : Operation 9 [1/1] (0.00ns)   --->   "%p_read_7 = read i16 @_ssdm_op_Read.ap_auto.i16, i16 %p_read1" [firmware/nnet_utils/nnet_conv_stream.h:241]   --->   Operation 9 'read' 'p_read_7' <Predicate = true> <Delay = 0.00>
ST_1 : Operation 10 [1/1] (0.00ns)   --->   "%p_read52 = read i16 @_ssdm_op_Read.ap_auto.i16, i16 %p_read" [firmware/nnet_utils/nnet_conv_stream.h:241]   --->   Operation 10 'read' 'p_read52' <Predicate = true> <Delay = 0.00>
ST_1 : Operation 11 [1/1] (0.57ns)   --->   "%p_i = memshiftread i16 @_ssdm_op_MemShiftRead.[9 x i16]P0A, i16 8, i16 %p_read52, i1 1" [firmware/nnet_utils/nnet_conv_stream.h:241]   --->   Operation 11 'memshiftread' 'p_i' <Predicate = true> <Delay = 0.57> <CoreInst = "ShiftReg">   --->   Core 77 'ShiftReg' <Latency = 0> <II = 1> <Delay = 0.57> <Storage> <Opcode : 'load' 'memshiftread'> <Ports = 1> <Width = 16> <Depth = 9> <ShiftMem>
ST_1 : Operation 12 [1/1] (0.57ns)   --->   "%p_1_i = memshiftread i16 @_ssdm_op_MemShiftRead.[9 x i16]P0A, i16 8, i16 %p_read_7, i1 1" [firmware/nnet_utils/nnet_conv_stream.h:241]   --->   Operation 12 'memshiftread' 'p_1_i' <Predicate = true> <Delay = 0.57> <CoreInst = "ShiftReg">   --->   Core 77 'ShiftReg' <Latency = 0> <II = 1> <Delay = 0.57> <Storage> <Opcode : 'load' 'memshiftread'> <Ports = 1> <Width = 16> <Depth = 9> <ShiftMem>
ST_1 : Operation 13 [1/1] (0.57ns)   --->   "%p_2_i = memshiftread i16 @_ssdm_op_MemShiftRead.[9 x i16]P0A, i16 8, i16 %p_read_6, i1 1" [firmware/nnet_utils/nnet_conv_stream.h:241]   --->   Operation 13 'memshiftread' 'p_2_i' <Predicate = true> <Delay = 0.57> <CoreInst = "ShiftReg">   --->   Core 77 'ShiftReg' <Latency = 0> <II = 1> <Delay = 0.57> <Storage> <Opcode : 'load' 'memshiftread'> <Ports = 1> <Width = 16> <Depth = 9> <ShiftMem>
ST_1 : Operation 14 [1/1] (0.57ns)   --->   "%p_3_i = memshiftread i16 @_ssdm_op_MemShiftRead.[9 x i16]P0A, i16 8, i16 %p_read_5, i1 1" [firmware/nnet_utils/nnet_conv_stream.h:241]   --->   Operation 14 'memshiftread' 'p_3_i' <Predicate = true> <Delay = 0.57> <CoreInst = "ShiftReg">   --->   Core 77 'ShiftReg' <Latency = 0> <II = 1> <Delay = 0.57> <Storage> <Opcode : 'load' 'memshiftread'> <Ports = 1> <Width = 16> <Depth = 9> <ShiftMem>
ST_1 : Operation 15 [1/1] (0.57ns)   --->   "%p_4_i = memshiftread i16 @_ssdm_op_MemShiftRead.[9 x i16]P0A, i16 8, i16 %p_read_4, i1 1" [firmware/nnet_utils/nnet_conv_stream.h:241]   --->   Operation 15 'memshiftread' 'p_4_i' <Predicate = true> <Delay = 0.57> <CoreInst = "ShiftReg">   --->   Core 77 'ShiftReg' <Latency = 0> <II = 1> <Delay = 0.57> <Storage> <Opcode : 'load' 'memshiftread'> <Ports = 1> <Width = 16> <Depth = 9> <ShiftMem>
ST_1 : Operation 16 [1/1] (0.57ns)   --->   "%p_5_i = memshiftread i16 @_ssdm_op_MemShiftRead.[9 x i16]P0A, i16 8, i16 %p_read_3, i1 1" [firmware/nnet_utils/nnet_conv_stream.h:241]   --->   Operation 16 'memshiftread' 'p_5_i' <Predicate = true> <Delay = 0.57> <CoreInst = "ShiftReg">   --->   Core 77 'ShiftReg' <Latency = 0> <II = 1> <Delay = 0.57> <Storage> <Opcode : 'load' 'memshiftread'> <Ports = 1> <Width = 16> <Depth = 9> <ShiftMem>
ST_1 : Operation 17 [1/1] (0.57ns)   --->   "%p_6_i = memshiftread i16 @_ssdm_op_MemShiftRead.[9 x i16]P0A, i16 8, i16 %p_read_2, i1 1" [firmware/nnet_utils/nnet_conv_stream.h:241]   --->   Operation 17 'memshiftread' 'p_6_i' <Predicate = true> <Delay = 0.57> <CoreInst = "ShiftReg">   --->   Core 77 'ShiftReg' <Latency = 0> <II = 1> <Delay = 0.57> <Storage> <Opcode : 'load' 'memshiftread'> <Ports = 1> <Width = 16> <Depth = 9> <ShiftMem>
ST_1 : Operation 18 [1/1] (0.57ns)   --->   "%p_0_i = memshiftread i16 @_ssdm_op_MemShiftRead.[9 x i16]P0A, i16 8, i16 %p_read_1, i1 1" [firmware/nnet_utils/nnet_conv_stream.h:241]   --->   Operation 18 'memshiftread' 'p_0_i' <Predicate = true> <Delay = 0.57> <CoreInst = "ShiftReg">   --->   Core 77 'ShiftReg' <Latency = 0> <II = 1> <Delay = 0.57> <Storage> <Opcode : 'load' 'memshiftread'> <Ports = 1> <Width = 16> <Depth = 9> <ShiftMem>
ST_1 : Operation 19 [1/1] (0.00ns)   --->   "%void_compute_pool_buffer_2d_array_const_ap_shift_reg_n_filt_stream_kernel_30 = load i16 %void_compute_pool_buffer_2d_array_const_ap_shift_reg_n_filt_stream_kernel_1" [firmware/nnet_utils/nnet_conv_stream.h:196->firmware/nnet_utils/nnet_conv_stream.h:247]   --->   Operation 19 'load' 'void_compute_pool_buffer_2d_array_const_ap_shift_reg_n_filt_stream_kernel_30' <Predicate = true> <Delay = 0.00>
ST_1 : Operation 20 [1/1] (0.00ns)   --->   "%store_ln196 = store i16 %void_compute_pool_buffer_2d_array_const_ap_shift_reg_n_filt_stream_kernel_30, i16 %void_compute_pool_buffer_2d_array_const_ap_shift_reg_n_filt_stream_kernel_9" [firmware/nnet_utils/nnet_conv_stream.h:196->firmware/nnet_utils/nnet_conv_stream.h:247]   --->   Operation 20 'store' 'store_ln196' <Predicate = true> <Delay = 0.00>
ST_1 : Operation 21 [1/1] (0.00ns)   --->   "%void_compute_pool_buffer_2d_array_const_ap_shift_reg_n_filt_stream_kernel_31 = load i16 %void_compute_pool_buffer_2d_array_const_ap_shift_reg_n_filt_stream_kernel" [firmware/nnet_utils/nnet_conv_stream.h:196->firmware/nnet_utils/nnet_conv_stream.h:247]   --->   Operation 21 'load' 'void_compute_pool_buffer_2d_array_const_ap_shift_reg_n_filt_stream_kernel_31' <Predicate = true> <Delay = 0.00>
ST_1 : Operation 22 [1/1] (0.00ns)   --->   "%store_ln196 = store i16 %void_compute_pool_buffer_2d_array_const_ap_shift_reg_n_filt_stream_kernel_31, i16 %void_compute_pool_buffer_2d_array_const_ap_shift_reg_n_filt_stream_kernel_8" [firmware/nnet_utils/nnet_conv_stream.h:196->firmware/nnet_utils/nnet_conv_stream.h:247]   --->   Operation 22 'store' 'store_ln196' <Predicate = true> <Delay = 0.00>
ST_1 : Operation 23 [1/1] (0.00ns)   --->   "%p_ZZN4nnet22compute_pool_buffer_2dINS_5arrayI8ap_fixedILi16ELi6EL9ap_q_mode5EL9ap_175 = load i16 %p_ZZN4nnet22compute_pool_buffer_2dINS_5arrayI8ap_fixedILi16ELi6EL9ap_q_mode5EL9ap_21" [firmware/nnet_utils/nnet_conv_stream.h:196->firmware/nnet_utils/nnet_conv_stream.h:247]   --->   Operation 23 'load' 'p_ZZN4nnet22compute_pool_buffer_2dINS_5arrayI8ap_fixedILi16ELi6EL9ap_q_mode5EL9ap_175' <Predicate = true> <Delay = 0.00>
ST_1 : Operation 24 [1/1] (0.00ns)   --->   "%store_ln196 = store i16 %p_ZZN4nnet22compute_pool_buffer_2dINS_5arrayI8ap_fixedILi16ELi6EL9ap_q_mode5EL9ap_175, i16 %void_compute_pool_buffer_2d_array_const_ap_shift_reg_n_filt_stream_kernel_7" [firmware/nnet_utils/nnet_conv_stream.h:196->firmware/nnet_utils/nnet_conv_stream.h:247]   --->   Operation 24 'store' 'store_ln196' <Predicate = true> <Delay = 0.00>
ST_1 : Operation 25 [1/1] (0.00ns)   --->   "%p_ZZN4nnet22compute_pool_buffer_2dINS_5arrayI8ap_fixedILi16ELi6EL9ap_q_mode5EL9ap_176 = load i16 %p_ZZN4nnet22compute_pool_buffer_2dINS_5arrayI8ap_fixedILi16ELi6EL9ap_q_mode5EL9ap_20" [firmware/nnet_utils/nnet_conv_stream.h:196->firmware/nnet_utils/nnet_conv_stream.h:247]   --->   Operation 25 'load' 'p_ZZN4nnet22compute_pool_buffer_2dINS_5arrayI8ap_fixedILi16ELi6EL9ap_q_mode5EL9ap_176' <Predicate = true> <Delay = 0.00>
ST_1 : Operation 26 [1/1] (0.00ns)   --->   "%store_ln196 = store i16 %p_ZZN4nnet22compute_pool_buffer_2dINS_5arrayI8ap_fixedILi16ELi6EL9ap_q_mode5EL9ap_176, i16 %void_compute_pool_buffer_2d_array_const_ap_shift_reg_n_filt_stream_kernel_6" [firmware/nnet_utils/nnet_conv_stream.h:196->firmware/nnet_utils/nnet_conv_stream.h:247]   --->   Operation 26 'store' 'store_ln196' <Predicate = true> <Delay = 0.00>
ST_1 : Operation 27 [1/1] (0.00ns)   --->   "%p_ZZN4nnet22compute_pool_buffer_2dINS_5arrayI8ap_fixedILi16ELi6EL9ap_q_mode5EL9ap_177 = load i16 %p_ZZN4nnet22compute_pool_buffer_2dINS_5arrayI8ap_fixedILi16ELi6EL9ap_q_mode5EL9ap_19" [firmware/nnet_utils/nnet_conv_stream.h:196->firmware/nnet_utils/nnet_conv_stream.h:247]   --->   Operation 27 'load' 'p_ZZN4nnet22compute_pool_buffer_2dINS_5arrayI8ap_fixedILi16ELi6EL9ap_q_mode5EL9ap_177' <Predicate = true> <Delay = 0.00>
ST_1 : Operation 28 [1/1] (0.00ns)   --->   "%store_ln196 = store i16 %p_ZZN4nnet22compute_pool_buffer_2dINS_5arrayI8ap_fixedILi16ELi6EL9ap_q_mode5EL9ap_177, i16 %void_compute_pool_buffer_2d_array_const_ap_shift_reg_n_filt_stream_kernel_5" [firmware/nnet_utils/nnet_conv_stream.h:196->firmware/nnet_utils/nnet_conv_stream.h:247]   --->   Operation 28 'store' 'store_ln196' <Predicate = true> <Delay = 0.00>
ST_1 : Operation 29 [1/1] (0.00ns)   --->   "%p_ZZN4nnet22compute_pool_buffer_2dINS_5arrayI8ap_fixedILi16ELi6EL9ap_q_mode5EL9ap_178 = load i16 %p_ZZN4nnet22compute_pool_buffer_2dINS_5arrayI8ap_fixedILi16ELi6EL9ap_q_mode5EL9ap_18" [firmware/nnet_utils/nnet_conv_stream.h:196->firmware/nnet_utils/nnet_conv_stream.h:247]   --->   Operation 29 'load' 'p_ZZN4nnet22compute_pool_buffer_2dINS_5arrayI8ap_fixedILi16ELi6EL9ap_q_mode5EL9ap_178' <Predicate = true> <Delay = 0.00>
ST_1 : Operation 30 [1/1] (0.00ns)   --->   "%store_ln196 = store i16 %p_ZZN4nnet22compute_pool_buffer_2dINS_5arrayI8ap_fixedILi16ELi6EL9ap_q_mode5EL9ap_178, i16 %void_compute_pool_buffer_2d_array_const_ap_shift_reg_n_filt_stream_kernel_4" [firmware/nnet_utils/nnet_conv_stream.h:196->firmware/nnet_utils/nnet_conv_stream.h:247]   --->   Operation 30 'store' 'store_ln196' <Predicate = true> <Delay = 0.00>
ST_1 : Operation 31 [1/1] (0.00ns)   --->   "%p_ZZN4nnet22compute_pool_buffer_2dINS_5arrayI8ap_fixedILi16ELi6EL9ap_q_mode5EL9ap_179 = load i16 %p_ZZN4nnet22compute_pool_buffer_2dINS_5arrayI8ap_fixedILi16ELi6EL9ap_q_mode5EL9ap_17" [firmware/nnet_utils/nnet_conv_stream.h:196->firmware/nnet_utils/nnet_conv_stream.h:247]   --->   Operation 31 'load' 'p_ZZN4nnet22compute_pool_buffer_2dINS_5arrayI8ap_fixedILi16ELi6EL9ap_q_mode5EL9ap_179' <Predicate = true> <Delay = 0.00>
ST_1 : Operation 32 [1/1] (0.00ns)   --->   "%store_ln196 = store i16 %p_ZZN4nnet22compute_pool_buffer_2dINS_5arrayI8ap_fixedILi16ELi6EL9ap_q_mode5EL9ap_179, i16 %void_compute_pool_buffer_2d_array_const_ap_shift_reg_n_filt_stream_kernel_3" [firmware/nnet_utils/nnet_conv_stream.h:196->firmware/nnet_utils/nnet_conv_stream.h:247]   --->   Operation 32 'store' 'store_ln196' <Predicate = true> <Delay = 0.00>
ST_1 : Operation 33 [1/1] (0.00ns)   --->   "%p_ZZN4nnet22compute_pool_buffer_2dINS_5arrayI8ap_fixedILi16ELi6EL9ap_q_mode5EL9ap_180 = load i16 %p_ZZN4nnet22compute_pool_buffer_2dINS_5arrayI8ap_fixedILi16ELi6EL9ap_q_mode5EL9ap_16" [firmware/nnet_utils/nnet_conv_stream.h:196->firmware/nnet_utils/nnet_conv_stream.h:247]   --->   Operation 33 'load' 'p_ZZN4nnet22compute_pool_buffer_2dINS_5arrayI8ap_fixedILi16ELi6EL9ap_q_mode5EL9ap_180' <Predicate = true> <Delay = 0.00>
ST_1 : Operation 34 [1/1] (0.00ns)   --->   "%store_ln196 = store i16 %p_ZZN4nnet22compute_pool_buffer_2dINS_5arrayI8ap_fixedILi16ELi6EL9ap_q_mode5EL9ap_180, i16 %void_compute_pool_buffer_2d_array_const_ap_shift_reg_n_filt_stream_kernel_2" [firmware/nnet_utils/nnet_conv_stream.h:196->firmware/nnet_utils/nnet_conv_stream.h:247]   --->   Operation 34 'store' 'store_ln196' <Predicate = true> <Delay = 0.00>
ST_1 : Operation 35 [1/1] (0.00ns)   --->   "%p_ZZN4nnet22compute_pool_buffer_2dINS_5arrayI8ap_fixedILi16ELi6EL9ap_q_mode5EL9ap_181 = load i16 %p_ZZN4nnet22compute_pool_buffer_2dINS_5arrayI8ap_fixedILi16ELi6EL9ap_q_mode5EL9ap_7" [firmware/nnet_utils/nnet_conv_stream.h:196->firmware/nnet_utils/nnet_conv_stream.h:247]   --->   Operation 35 'load' 'p_ZZN4nnet22compute_pool_buffer_2dINS_5arrayI8ap_fixedILi16ELi6EL9ap_q_mode5EL9ap_181' <Predicate = true> <Delay = 0.00>
ST_1 : Operation 36 [1/1] (0.00ns)   --->   "%store_ln196 = store i16 %p_ZZN4nnet22compute_pool_buffer_2dINS_5arrayI8ap_fixedILi16ELi6EL9ap_q_mode5EL9ap_181, i16 %p_ZZN4nnet22compute_pool_buffer_2dINS_5arrayI8ap_fixedILi16ELi6EL9ap_q_mode5EL9ap_15" [firmware/nnet_utils/nnet_conv_stream.h:196->firmware/nnet_utils/nnet_conv_stream.h:247]   --->   Operation 36 'store' 'store_ln196' <Predicate = true> <Delay = 0.00>
ST_1 : Operation 37 [1/1] (0.00ns)   --->   "%p_ZZN4nnet22compute_pool_buffer_2dINS_5arrayI8ap_fixedILi16ELi6EL9ap_q_mode5EL9ap_182 = load i16 %p_ZZN4nnet22compute_pool_buffer_2dINS_5arrayI8ap_fixedILi16ELi6EL9ap_q_mode5EL9ap_6" [firmware/nnet_utils/nnet_conv_stream.h:196->firmware/nnet_utils/nnet_conv_stream.h:247]   --->   Operation 37 'load' 'p_ZZN4nnet22compute_pool_buffer_2dINS_5arrayI8ap_fixedILi16ELi6EL9ap_q_mode5EL9ap_182' <Predicate = true> <Delay = 0.00>
ST_1 : Operation 38 [1/1] (0.00ns)   --->   "%store_ln196 = store i16 %p_ZZN4nnet22compute_pool_buffer_2dINS_5arrayI8ap_fixedILi16ELi6EL9ap_q_mode5EL9ap_182, i16 %p_ZZN4nnet22compute_pool_buffer_2dINS_5arrayI8ap_fixedILi16ELi6EL9ap_q_mode5EL9ap_14" [firmware/nnet_utils/nnet_conv_stream.h:196->firmware/nnet_utils/nnet_conv_stream.h:247]   --->   Operation 38 'store' 'store_ln196' <Predicate = true> <Delay = 0.00>
ST_1 : Operation 39 [1/1] (0.00ns)   --->   "%p_ZZN4nnet22compute_pool_buffer_2dINS_5arrayI8ap_fixedILi16ELi6EL9ap_q_mode5EL9ap_183 = load i16 %p_ZZN4nnet22compute_pool_buffer_2dINS_5arrayI8ap_fixedILi16ELi6EL9ap_q_mode5EL9ap_5" [firmware/nnet_utils/nnet_conv_stream.h:196->firmware/nnet_utils/nnet_conv_stream.h:247]   --->   Operation 39 'load' 'p_ZZN4nnet22compute_pool_buffer_2dINS_5arrayI8ap_fixedILi16ELi6EL9ap_q_mode5EL9ap_183' <Predicate = true> <Delay = 0.00>
ST_1 : Operation 40 [1/1] (0.00ns)   --->   "%store_ln196 = store i16 %p_ZZN4nnet22compute_pool_buffer_2dINS_5arrayI8ap_fixedILi16ELi6EL9ap_q_mode5EL9ap_183, i16 %p_ZZN4nnet22compute_pool_buffer_2dINS_5arrayI8ap_fixedILi16ELi6EL9ap_q_mode5EL9ap_13" [firmware/nnet_utils/nnet_conv_stream.h:196->firmware/nnet_utils/nnet_conv_stream.h:247]   --->   Operation 40 'store' 'store_ln196' <Predicate = true> <Delay = 0.00>
ST_1 : Operation 41 [1/1] (0.00ns)   --->   "%p_ZZN4nnet22compute_pool_buffer_2dINS_5arrayI8ap_fixedILi16ELi6EL9ap_q_mode5EL9ap_184 = load i16 %p_ZZN4nnet22compute_pool_buffer_2dINS_5arrayI8ap_fixedILi16ELi6EL9ap_q_mode5EL9ap_4" [firmware/nnet_utils/nnet_conv_stream.h:196->firmware/nnet_utils/nnet_conv_stream.h:247]   --->   Operation 41 'load' 'p_ZZN4nnet22compute_pool_buffer_2dINS_5arrayI8ap_fixedILi16ELi6EL9ap_q_mode5EL9ap_184' <Predicate = true> <Delay = 0.00>
ST_1 : Operation 42 [1/1] (0.00ns)   --->   "%store_ln196 = store i16 %p_ZZN4nnet22compute_pool_buffer_2dINS_5arrayI8ap_fixedILi16ELi6EL9ap_q_mode5EL9ap_184, i16 %p_ZZN4nnet22compute_pool_buffer_2dINS_5arrayI8ap_fixedILi16ELi6EL9ap_q_mode5EL9ap_12" [firmware/nnet_utils/nnet_conv_stream.h:196->firmware/nnet_utils/nnet_conv_stream.h:247]   --->   Operation 42 'store' 'store_ln196' <Predicate = true> <Delay = 0.00>
ST_1 : Operation 43 [1/1] (0.00ns)   --->   "%p_ZZN4nnet22compute_pool_buffer_2dINS_5arrayI8ap_fixedILi16ELi6EL9ap_q_mode5EL9ap_185 = load i16 %p_ZZN4nnet22compute_pool_buffer_2dINS_5arrayI8ap_fixedILi16ELi6EL9ap_q_mode5EL9ap_3" [firmware/nnet_utils/nnet_conv_stream.h:196->firmware/nnet_utils/nnet_conv_stream.h:247]   --->   Operation 43 'load' 'p_ZZN4nnet22compute_pool_buffer_2dINS_5arrayI8ap_fixedILi16ELi6EL9ap_q_mode5EL9ap_185' <Predicate = true> <Delay = 0.00>
ST_1 : Operation 44 [1/1] (0.00ns)   --->   "%store_ln196 = store i16 %p_ZZN4nnet22compute_pool_buffer_2dINS_5arrayI8ap_fixedILi16ELi6EL9ap_q_mode5EL9ap_185, i16 %p_ZZN4nnet22compute_pool_buffer_2dINS_5arrayI8ap_fixedILi16ELi6EL9ap_q_mode5EL9ap_11" [firmware/nnet_utils/nnet_conv_stream.h:196->firmware/nnet_utils/nnet_conv_stream.h:247]   --->   Operation 44 'store' 'store_ln196' <Predicate = true> <Delay = 0.00>
ST_1 : Operation 45 [1/1] (0.00ns)   --->   "%p_ZZN4nnet22compute_pool_buffer_2dINS_5arrayI8ap_fixedILi16ELi6EL9ap_q_mode5EL9ap_186 = load i16 %p_ZZN4nnet22compute_pool_buffer_2dINS_5arrayI8ap_fixedILi16ELi6EL9ap_q_mode5EL9ap_2" [firmware/nnet_utils/nnet_conv_stream.h:196->firmware/nnet_utils/nnet_conv_stream.h:247]   --->   Operation 45 'load' 'p_ZZN4nnet22compute_pool_buffer_2dINS_5arrayI8ap_fixedILi16ELi6EL9ap_q_mode5EL9ap_186' <Predicate = true> <Delay = 0.00>
ST_1 : Operation 46 [1/1] (0.00ns)   --->   "%store_ln196 = store i16 %p_ZZN4nnet22compute_pool_buffer_2dINS_5arrayI8ap_fixedILi16ELi6EL9ap_q_mode5EL9ap_186, i16 %p_ZZN4nnet22compute_pool_buffer_2dINS_5arrayI8ap_fixedILi16ELi6EL9ap_q_mode5EL9ap_10" [firmware/nnet_utils/nnet_conv_stream.h:196->firmware/nnet_utils/nnet_conv_stream.h:247]   --->   Operation 46 'store' 'store_ln196' <Predicate = true> <Delay = 0.00>
ST_1 : Operation 47 [1/1] (0.00ns)   --->   "%p_ZZN4nnet22compute_pool_buffer_2dINS_5arrayI8ap_fixedILi16ELi6EL9ap_q_mode5EL9ap_187 = load i16 %p_ZZN4nnet22compute_pool_buffer_2dINS_5arrayI8ap_fixedILi16ELi6EL9ap_q_mode5EL9ap_1" [firmware/nnet_utils/nnet_conv_stream.h:196->firmware/nnet_utils/nnet_conv_stream.h:247]   --->   Operation 47 'load' 'p_ZZN4nnet22compute_pool_buffer_2dINS_5arrayI8ap_fixedILi16ELi6EL9ap_q_mode5EL9ap_187' <Predicate = true> <Delay = 0.00>
ST_1 : Operation 48 [1/1] (0.00ns)   --->   "%store_ln196 = store i16 %p_ZZN4nnet22compute_pool_buffer_2dINS_5arrayI8ap_fixedILi16ELi6EL9ap_q_mode5EL9ap_187, i16 %p_ZZN4nnet22compute_pool_buffer_2dINS_5arrayI8ap_fixedILi16ELi6EL9ap_q_mode5EL9ap_9" [firmware/nnet_utils/nnet_conv_stream.h:196->firmware/nnet_utils/nnet_conv_stream.h:247]   --->   Operation 48 'store' 'store_ln196' <Predicate = true> <Delay = 0.00>
ST_1 : Operation 49 [1/1] (0.00ns)   --->   "%p_ZZN4nnet22compute_pool_buffer_2dINS_5arrayI8ap_fixedILi16ELi6EL9ap_q_mode5EL9ap_188 = load i16 %p_ZZN4nnet22compute_pool_buffer_2dINS_5arrayI8ap_fixedILi16ELi6EL9ap_q_mode5EL9ap" [firmware/nnet_utils/nnet_conv_stream.h:196->firmware/nnet_utils/nnet_conv_stream.h:247]   --->   Operation 49 'load' 'p_ZZN4nnet22compute_pool_buffer_2dINS_5arrayI8ap_fixedILi16ELi6EL9ap_q_mode5EL9ap_188' <Predicate = true> <Delay = 0.00>
ST_1 : Operation 50 [1/1] (0.00ns)   --->   "%store_ln196 = store i16 %p_ZZN4nnet22compute_pool_buffer_2dINS_5arrayI8ap_fixedILi16ELi6EL9ap_q_mode5EL9ap_188, i16 %p_ZZN4nnet22compute_pool_buffer_2dINS_5arrayI8ap_fixedILi16ELi6EL9ap_q_mode5EL9ap_8" [firmware/nnet_utils/nnet_conv_stream.h:196->firmware/nnet_utils/nnet_conv_stream.h:247]   --->   Operation 50 'store' 'store_ln196' <Predicate = true> <Delay = 0.00>
ST_1 : Operation 51 [1/1] (0.00ns)   --->   "%store_ln209 = store i16 %p_i, i16 %void_compute_pool_buffer_2d_array_const_ap_shift_reg_n_filt_stream_kernel_1" [firmware/nnet_utils/nnet_conv_stream.h:209->firmware/nnet_utils/nnet_conv_stream.h:247]   --->   Operation 51 'store' 'store_ln209' <Predicate = true> <Delay = 0.00>
ST_1 : Operation 52 [1/1] (0.00ns)   --->   "%store_ln209 = store i16 %p_1_i, i16 %void_compute_pool_buffer_2d_array_const_ap_shift_reg_n_filt_stream_kernel" [firmware/nnet_utils/nnet_conv_stream.h:209->firmware/nnet_utils/nnet_conv_stream.h:247]   --->   Operation 52 'store' 'store_ln209' <Predicate = true> <Delay = 0.00>
ST_1 : Operation 53 [1/1] (0.00ns)   --->   "%store_ln209 = store i16 %p_2_i, i16 %p_ZZN4nnet22compute_pool_buffer_2dINS_5arrayI8ap_fixedILi16ELi6EL9ap_q_mode5EL9ap_21" [firmware/nnet_utils/nnet_conv_stream.h:209->firmware/nnet_utils/nnet_conv_stream.h:247]   --->   Operation 53 'store' 'store_ln209' <Predicate = true> <Delay = 0.00>
ST_1 : Operation 54 [1/1] (0.00ns)   --->   "%store_ln209 = store i16 %p_3_i, i16 %p_ZZN4nnet22compute_pool_buffer_2dINS_5arrayI8ap_fixedILi16ELi6EL9ap_q_mode5EL9ap_20" [firmware/nnet_utils/nnet_conv_stream.h:209->firmware/nnet_utils/nnet_conv_stream.h:247]   --->   Operation 54 'store' 'store_ln209' <Predicate = true> <Delay = 0.00>
ST_1 : Operation 55 [1/1] (0.00ns)   --->   "%store_ln209 = store i16 %p_4_i, i16 %p_ZZN4nnet22compute_pool_buffer_2dINS_5arrayI8ap_fixedILi16ELi6EL9ap_q_mode5EL9ap_19" [firmware/nnet_utils/nnet_conv_stream.h:209->firmware/nnet_utils/nnet_conv_stream.h:247]   --->   Operation 55 'store' 'store_ln209' <Predicate = true> <Delay = 0.00>
ST_1 : Operation 56 [1/1] (0.00ns)   --->   "%store_ln209 = store i16 %p_5_i, i16 %p_ZZN4nnet22compute_pool_buffer_2dINS_5arrayI8ap_fixedILi16ELi6EL9ap_q_mode5EL9ap_18" [firmware/nnet_utils/nnet_conv_stream.h:209->firmware/nnet_utils/nnet_conv_stream.h:247]   --->   Operation 56 'store' 'store_ln209' <Predicate = true> <Delay = 0.00>
ST_1 : Operation 57 [1/1] (0.00ns)   --->   "%store_ln209 = store i16 %p_6_i, i16 %p_ZZN4nnet22compute_pool_buffer_2dINS_5arrayI8ap_fixedILi16ELi6EL9ap_q_mode5EL9ap_17" [firmware/nnet_utils/nnet_conv_stream.h:209->firmware/nnet_utils/nnet_conv_stream.h:247]   --->   Operation 57 'store' 'store_ln209' <Predicate = true> <Delay = 0.00>
ST_1 : Operation 58 [1/1] (0.00ns)   --->   "%store_ln209 = store i16 %p_0_i, i16 %p_ZZN4nnet22compute_pool_buffer_2dINS_5arrayI8ap_fixedILi16ELi6EL9ap_q_mode5EL9ap_16" [firmware/nnet_utils/nnet_conv_stream.h:209->firmware/nnet_utils/nnet_conv_stream.h:247]   --->   Operation 58 'store' 'store_ln209' <Predicate = true> <Delay = 0.00>
ST_1 : Operation 59 [1/1] (0.00ns)   --->   "%store_ln209 = store i16 %p_read52, i16 %p_ZZN4nnet22compute_pool_buffer_2dINS_5arrayI8ap_fixedILi16ELi6EL9ap_q_mode5EL9ap_7" [firmware/nnet_utils/nnet_conv_stream.h:209->firmware/nnet_utils/nnet_conv_stream.h:247]   --->   Operation 59 'store' 'store_ln209' <Predicate = true> <Delay = 0.00>
ST_1 : Operation 60 [1/1] (0.00ns)   --->   "%store_ln209 = store i16 %p_read_7, i16 %p_ZZN4nnet22compute_pool_buffer_2dINS_5arrayI8ap_fixedILi16ELi6EL9ap_q_mode5EL9ap_6" [firmware/nnet_utils/nnet_conv_stream.h:209->firmware/nnet_utils/nnet_conv_stream.h:247]   --->   Operation 60 'store' 'store_ln209' <Predicate = true> <Delay = 0.00>
ST_1 : Operation 61 [1/1] (0.00ns)   --->   "%store_ln209 = store i16 %p_read_6, i16 %p_ZZN4nnet22compute_pool_buffer_2dINS_5arrayI8ap_fixedILi16ELi6EL9ap_q_mode5EL9ap_5" [firmware/nnet_utils/nnet_conv_stream.h:209->firmware/nnet_utils/nnet_conv_stream.h:247]   --->   Operation 61 'store' 'store_ln209' <Predicate = true> <Delay = 0.00>
ST_1 : Operation 62 [1/1] (0.00ns)   --->   "%store_ln209 = store i16 %p_read_5, i16 %p_ZZN4nnet22compute_pool_buffer_2dINS_5arrayI8ap_fixedILi16ELi6EL9ap_q_mode5EL9ap_4" [firmware/nnet_utils/nnet_conv_stream.h:209->firmware/nnet_utils/nnet_conv_stream.h:247]   --->   Operation 62 'store' 'store_ln209' <Predicate = true> <Delay = 0.00>
ST_1 : Operation 63 [1/1] (0.00ns)   --->   "%store_ln209 = store i16 %p_read_4, i16 %p_ZZN4nnet22compute_pool_buffer_2dINS_5arrayI8ap_fixedILi16ELi6EL9ap_q_mode5EL9ap_3" [firmware/nnet_utils/nnet_conv_stream.h:209->firmware/nnet_utils/nnet_conv_stream.h:247]   --->   Operation 63 'store' 'store_ln209' <Predicate = true> <Delay = 0.00>
ST_1 : Operation 64 [1/1] (0.00ns)   --->   "%store_ln209 = store i16 %p_read_3, i16 %p_ZZN4nnet22compute_pool_buffer_2dINS_5arrayI8ap_fixedILi16ELi6EL9ap_q_mode5EL9ap_2" [firmware/nnet_utils/nnet_conv_stream.h:209->firmware/nnet_utils/nnet_conv_stream.h:247]   --->   Operation 64 'store' 'store_ln209' <Predicate = true> <Delay = 0.00>
ST_1 : Operation 65 [1/1] (0.00ns)   --->   "%store_ln209 = store i16 %p_read_2, i16 %p_ZZN4nnet22compute_pool_buffer_2dINS_5arrayI8ap_fixedILi16ELi6EL9ap_q_mode5EL9ap_1" [firmware/nnet_utils/nnet_conv_stream.h:209->firmware/nnet_utils/nnet_conv_stream.h:247]   --->   Operation 65 'store' 'store_ln209' <Predicate = true> <Delay = 0.00>
ST_1 : Operation 66 [1/1] (0.00ns)   --->   "%store_ln209 = store i16 %p_read_1, i16 %p_ZZN4nnet22compute_pool_buffer_2dINS_5arrayI8ap_fixedILi16ELi6EL9ap_q_mode5EL9ap" [firmware/nnet_utils/nnet_conv_stream.h:209->firmware/nnet_utils/nnet_conv_stream.h:247]   --->   Operation 66 'store' 'store_ln209' <Predicate = true> <Delay = 0.00>
ST_1 : Operation 67 [1/1] (0.00ns)   --->   "%ret_ln232 = ret" [firmware/nnet_utils/nnet_conv_stream.h:232]   --->   Operation 67 'ret' 'ret_ln232' <Predicate = true> <Delay = 0.00>


============================================================
+ Verbose Summary: Binding
============================================================
STG Binding: 
---------------- STG Properties BEGIN ----------------
- Is combinational: 0
- Is one-state seq: 1
- Is datapath-only: 0
- Is pipelined: 1
- Is top level: 0
Port [ Return ] is wired: 1; IO mode=ap_ctrl_hs:ce=0
Port [ p_read]:  wired=1; compound=0; hidden=0; nouse=0; global=0; static=0; extern=0; dir=0; type=0; pingpong=0; private_global=0; IO mode=ap_none:ce=0
Port [ p_read1]:  wired=1; compound=0; hidden=0; nouse=0; global=0; static=0; extern=0; dir=0; type=0; pingpong=0; private_global=0; IO mode=ap_none:ce=0
Port [ p_read2]:  wired=1; compound=0; hidden=0; nouse=0; global=0; static=0; extern=0; dir=0; type=0; pingpong=0; private_global=0; IO mode=ap_none:ce=0
Port [ p_read3]:  wired=1; compound=0; hidden=0; nouse=0; global=0; static=0; extern=0; dir=0; type=0; pingpong=0; private_global=0; IO mode=ap_none:ce=0
Port [ p_read4]:  wired=1; compound=0; hidden=0; nouse=0; global=0; static=0; extern=0; dir=0; type=0; pingpong=0; private_global=0; IO mode=ap_none:ce=0
Port [ p_read5]:  wired=1; compound=0; hidden=0; nouse=0; global=0; static=0; extern=0; dir=0; type=0; pingpong=0; private_global=0; IO mode=ap_none:ce=0
Port [ p_read6]:  wired=1; compound=0; hidden=0; nouse=0; global=0; static=0; extern=0; dir=0; type=0; pingpong=0; private_global=0; IO mode=ap_none:ce=0
Port [ p_read7]:  wired=1; compound=0; hidden=0; nouse=0; global=0; static=0; extern=0; dir=0; type=0; pingpong=0; private_global=0; IO mode=ap_none:ce=0
Port [ void_compute_pool_buffer_2d_array_const_ap_shift_reg_n_filt_stream_kernel_1]:  wired=1; compound=0; hidden=0; nouse=0; global=1; static=1; extern=0; dir=2; type=0; pingpong=0; private_global=0; IO mode=ap_ovld:ce=0
Port [ void_compute_pool_buffer_2d_array_const_ap_shift_reg_n_filt_stream_kernel_9]:  wired=1; compound=0; hidden=0; nouse=0; global=1; static=1; extern=0; dir=1; type=0; pingpong=0; private_global=0; IO mode=ap_vld:ce=0
Port [ void_compute_pool_buffer_2d_array_const_ap_shift_reg_n_filt_stream_kernel]:  wired=1; compound=0; hidden=0; nouse=0; global=1; static=1; extern=0; dir=2; type=0; pingpong=0; private_global=0; IO mode=ap_ovld:ce=0
Port [ void_compute_pool_buffer_2d_array_const_ap_shift_reg_n_filt_stream_kernel_8]:  wired=1; compound=0; hidden=0; nouse=0; global=1; static=1; extern=0; dir=1; type=0; pingpong=0; private_global=0; IO mode=ap_vld:ce=0
Port [ p_ZZN4nnet22compute_pool_buffer_2dINS_5arrayI8ap_fixedILi16ELi6EL9ap_q_mode5EL9ap_21]:  wired=1; compound=0; hidden=0; nouse=0; global=1; static=1; extern=0; dir=2; type=0; pingpong=0; private_global=0; IO mode=ap_ovld:ce=0
Port [ void_compute_pool_buffer_2d_array_const_ap_shift_reg_n_filt_stream_kernel_7]:  wired=1; compound=0; hidden=0; nouse=0; global=1; static=1; extern=0; dir=1; type=0; pingpong=0; private_global=0; IO mode=ap_vld:ce=0
Port [ p_ZZN4nnet22compute_pool_buffer_2dINS_5arrayI8ap_fixedILi16ELi6EL9ap_q_mode5EL9ap_20]:  wired=1; compound=0; hidden=0; nouse=0; global=1; static=1; extern=0; dir=2; type=0; pingpong=0; private_global=0; IO mode=ap_ovld:ce=0
Port [ void_compute_pool_buffer_2d_array_const_ap_shift_reg_n_filt_stream_kernel_6]:  wired=1; compound=0; hidden=0; nouse=0; global=1; static=1; extern=0; dir=1; type=0; pingpong=0; private_global=0; IO mode=ap_vld:ce=0
Port [ p_ZZN4nnet22compute_pool_buffer_2dINS_5arrayI8ap_fixedILi16ELi6EL9ap_q_mode5EL9ap_19]:  wired=1; compound=0; hidden=0; nouse=0; global=1; static=1; extern=0; dir=2; type=0; pingpong=0; private_global=0; IO mode=ap_ovld:ce=0
Port [ void_compute_pool_buffer_2d_array_const_ap_shift_reg_n_filt_stream_kernel_5]:  wired=1; compound=0; hidden=0; nouse=0; global=1; static=1; extern=0; dir=1; type=0; pingpong=0; private_global=0; IO mode=ap_vld:ce=0
Port [ p_ZZN4nnet22compute_pool_buffer_2dINS_5arrayI8ap_fixedILi16ELi6EL9ap_q_mode5EL9ap_18]:  wired=1; compound=0; hidden=0; nouse=0; global=1; static=1; extern=0; dir=2; type=0; pingpong=0; private_global=0; IO mode=ap_ovld:ce=0
Port [ void_compute_pool_buffer_2d_array_const_ap_shift_reg_n_filt_stream_kernel_4]:  wired=1; compound=0; hidden=0; nouse=0; global=1; static=1; extern=0; dir=1; type=0; pingpong=0; private_global=0; IO mode=ap_vld:ce=0
Port [ p_ZZN4nnet22compute_pool_buffer_2dINS_5arrayI8ap_fixedILi16ELi6EL9ap_q_mode5EL9ap_17]:  wired=1; compound=0; hidden=0; nouse=0; global=1; static=1; extern=0; dir=2; type=0; pingpong=0; private_global=0; IO mode=ap_ovld:ce=0
Port [ void_compute_pool_buffer_2d_array_const_ap_shift_reg_n_filt_stream_kernel_3]:  wired=1; compound=0; hidden=0; nouse=0; global=1; static=1; extern=0; dir=1; type=0; pingpong=0; private_global=0; IO mode=ap_vld:ce=0
Port [ p_ZZN4nnet22compute_pool_buffer_2dINS_5arrayI8ap_fixedILi16ELi6EL9ap_q_mode5EL9ap_16]:  wired=1; compound=0; hidden=0; nouse=0; global=1; static=1; extern=0; dir=2; type=0; pingpong=0; private_global=0; IO mode=ap_ovld:ce=0
Port [ void_compute_pool_buffer_2d_array_const_ap_shift_reg_n_filt_stream_kernel_2]:  wired=1; compound=0; hidden=0; nouse=0; global=1; static=1; extern=0; dir=1; type=0; pingpong=0; private_global=0; IO mode=ap_vld:ce=0
Port [ p_ZZN4nnet22compute_pool_buffer_2dINS_5arrayI8ap_fixedILi16ELi6EL9ap_q_mode5EL9ap_7]:  wired=1; compound=0; hidden=0; nouse=0; global=1; static=1; extern=0; dir=2; type=0; pingpong=0; private_global=0; IO mode=ap_ovld:ce=0
Port [ p_ZZN4nnet22compute_pool_buffer_2dINS_5arrayI8ap_fixedILi16ELi6EL9ap_q_mode5EL9ap_15]:  wired=1; compound=0; hidden=0; nouse=0; global=1; static=1; extern=0; dir=1; type=0; pingpong=0; private_global=0; IO mode=ap_vld:ce=0
Port [ p_ZZN4nnet22compute_pool_buffer_2dINS_5arrayI8ap_fixedILi16ELi6EL9ap_q_mode5EL9ap_6]:  wired=1; compound=0; hidden=0; nouse=0; global=1; static=1; extern=0; dir=2; type=0; pingpong=0; private_global=0; IO mode=ap_ovld:ce=0
Port [ p_ZZN4nnet22compute_pool_buffer_2dINS_5arrayI8ap_fixedILi16ELi6EL9ap_q_mode5EL9ap_14]:  wired=1; compound=0; hidden=0; nouse=0; global=1; static=1; extern=0; dir=1; type=0; pingpong=0; private_global=0; IO mode=ap_vld:ce=0
Port [ p_ZZN4nnet22compute_pool_buffer_2dINS_5arrayI8ap_fixedILi16ELi6EL9ap_q_mode5EL9ap_5]:  wired=1; compound=0; hidden=0; nouse=0; global=1; static=1; extern=0; dir=2; type=0; pingpong=0; private_global=0; IO mode=ap_ovld:ce=0
Port [ p_ZZN4nnet22compute_pool_buffer_2dINS_5arrayI8ap_fixedILi16ELi6EL9ap_q_mode5EL9ap_13]:  wired=1; compound=0; hidden=0; nouse=0; global=1; static=1; extern=0; dir=1; type=0; pingpong=0; private_global=0; IO mode=ap_vld:ce=0
Port [ p_ZZN4nnet22compute_pool_buffer_2dINS_5arrayI8ap_fixedILi16ELi6EL9ap_q_mode5EL9ap_4]:  wired=1; compound=0; hidden=0; nouse=0; global=1; static=1; extern=0; dir=2; type=0; pingpong=0; private_global=0; IO mode=ap_ovld:ce=0
Port [ p_ZZN4nnet22compute_pool_buffer_2dINS_5arrayI8ap_fixedILi16ELi6EL9ap_q_mode5EL9ap_12]:  wired=1; compound=0; hidden=0; nouse=0; global=1; static=1; extern=0; dir=1; type=0; pingpong=0; private_global=0; IO mode=ap_vld:ce=0
Port [ p_ZZN4nnet22compute_pool_buffer_2dINS_5arrayI8ap_fixedILi16ELi6EL9ap_q_mode5EL9ap_3]:  wired=1; compound=0; hidden=0; nouse=0; global=1; static=1; extern=0; dir=2; type=0; pingpong=0; private_global=0; IO mode=ap_ovld:ce=0
Port [ p_ZZN4nnet22compute_pool_buffer_2dINS_5arrayI8ap_fixedILi16ELi6EL9ap_q_mode5EL9ap_11]:  wired=1; compound=0; hidden=0; nouse=0; global=1; static=1; extern=0; dir=1; type=0; pingpong=0; private_global=0; IO mode=ap_vld:ce=0
Port [ p_ZZN4nnet22compute_pool_buffer_2dINS_5arrayI8ap_fixedILi16ELi6EL9ap_q_mode5EL9ap_2]:  wired=1; compound=0; hidden=0; nouse=0; global=1; static=1; extern=0; dir=2; type=0; pingpong=0; private_global=0; IO mode=ap_ovld:ce=0
Port [ p_ZZN4nnet22compute_pool_buffer_2dINS_5arrayI8ap_fixedILi16ELi6EL9ap_q_mode5EL9ap_10]:  wired=1; compound=0; hidden=0; nouse=0; global=1; static=1; extern=0; dir=1; type=0; pingpong=0; private_global=0; IO mode=ap_vld:ce=0
Port [ p_ZZN4nnet22compute_pool_buffer_2dINS_5arrayI8ap_fixedILi16ELi6EL9ap_q_mode5EL9ap_1]:  wired=1; compound=0; hidden=0; nouse=0; global=1; static=1; extern=0; dir=2; type=0; pingpong=0; private_global=0; IO mode=ap_ovld:ce=0
Port [ p_ZZN4nnet22compute_pool_buffer_2dINS_5arrayI8ap_fixedILi16ELi6EL9ap_q_mode5EL9ap_9]:  wired=1; compound=0; hidden=0; nouse=0; global=1; static=1; extern=0; dir=1; type=0; pingpong=0; private_global=0; IO mode=ap_vld:ce=0
Port [ p_ZZN4nnet22compute_pool_buffer_2dINS_5arrayI8ap_fixedILi16ELi6EL9ap_q_mode5EL9ap]:  wired=1; compound=0; hidden=0; nouse=0; global=1; static=1; extern=0; dir=2; type=0; pingpong=0; private_global=0; IO mode=ap_ovld:ce=0
Port [ p_ZZN4nnet22compute_pool_buffer_2dINS_5arrayI8ap_fixedILi16ELi6EL9ap_q_mode5EL9ap_8]:  wired=1; compound=0; hidden=0; nouse=0; global=1; static=1; extern=0; dir=1; type=0; pingpong=0; private_global=0; IO mode=ap_vld:ce=0
Port [ void_pooling2d_cl_stream_stream_array_ap_fixed_8u_0_line_buffer_7]:  wired=0; compound=1; hidden=1; nouse=0; global=1; static=1; extern=0; dir=3; type=1; pingpong=0; private_global=1; MemPort=[2]; IO mode=ap_memory:ce=0
Port [ void_pooling2d_cl_stream_stream_array_ap_fixed_8u_0_line_buffer_6]:  wired=0; compound=1; hidden=1; nouse=0; global=1; static=1; extern=0; dir=3; type=1; pingpong=0; private_global=1; MemPort=[2]; IO mode=ap_memory:ce=0
Port [ void_pooling2d_cl_stream_stream_array_ap_fixed_8u_0_line_buffer_5]:  wired=0; compound=1; hidden=1; nouse=0; global=1; static=1; extern=0; dir=3; type=1; pingpong=0; private_global=1; MemPort=[2]; IO mode=ap_memory:ce=0
Port [ void_pooling2d_cl_stream_stream_array_ap_fixed_8u_0_line_buffer_4]:  wired=0; compound=1; hidden=1; nouse=0; global=1; static=1; extern=0; dir=3; type=1; pingpong=0; private_global=1; MemPort=[2]; IO mode=ap_memory:ce=0
Port [ void_pooling2d_cl_stream_stream_array_ap_fixed_8u_0_line_buffer_3]:  wired=0; compound=1; hidden=1; nouse=0; global=1; static=1; extern=0; dir=3; type=1; pingpong=0; private_global=1; MemPort=[2]; IO mode=ap_memory:ce=0
Port [ void_pooling2d_cl_stream_stream_array_ap_fixed_8u_0_line_buffer_2]:  wired=0; compound=1; hidden=1; nouse=0; global=1; static=1; extern=0; dir=3; type=1; pingpong=0; private_global=1; MemPort=[2]; IO mode=ap_memory:ce=0
Port [ void_pooling2d_cl_stream_stream_array_ap_fixed_8u_0_line_buffer_1]:  wired=0; compound=1; hidden=1; nouse=0; global=1; static=1; extern=0; dir=3; type=1; pingpong=0; private_global=1; MemPort=[2]; IO mode=ap_memory:ce=0
Port [ void_pooling2d_cl_stream_stream_array_ap_fixed_8u_0_line_buffer]:  wired=0; compound=1; hidden=1; nouse=0; global=1; static=1; extern=0; dir=3; type=1; pingpong=0; private_global=1; MemPort=[2]; IO mode=ap_memory:ce=0
---------------- STG Properties END ------------------

---------------- Datapath Model BEGIN ----------------

<LifeTime>
<method=bitvector/>
specpipeline_ln232                                                                    (specpipeline) [ 00]
p_read_1                                                                              (read        ) [ 00]
p_read_2                                                                              (read        ) [ 00]
p_read_3                                                                              (read        ) [ 00]
p_read_4                                                                              (read        ) [ 00]
p_read_5                                                                              (read        ) [ 00]
p_read_6                                                                              (read        ) [ 00]
p_read_7                                                                              (read        ) [ 00]
p_read52                                                                              (read        ) [ 00]
p_i                                                                                   (memshiftread) [ 00]
p_1_i                                                                                 (memshiftread) [ 00]
p_2_i                                                                                 (memshiftread) [ 00]
p_3_i                                                                                 (memshiftread) [ 00]
p_4_i                                                                                 (memshiftread) [ 00]
p_5_i                                                                                 (memshiftread) [ 00]
p_6_i                                                                                 (memshiftread) [ 00]
p_0_i                                                                                 (memshiftread) [ 00]
void_compute_pool_buffer_2d_array_const_ap_shift_reg_n_filt_stream_kernel_30          (load        ) [ 00]
store_ln196                                                                           (store       ) [ 00]
void_compute_pool_buffer_2d_array_const_ap_shift_reg_n_filt_stream_kernel_31          (load        ) [ 00]
store_ln196                                                                           (store       ) [ 00]
p_ZZN4nnet22compute_pool_buffer_2dINS_5arrayI8ap_fixedILi16ELi6EL9ap_q_mode5EL9ap_175 (load        ) [ 00]
store_ln196                                                                           (store       ) [ 00]
p_ZZN4nnet22compute_pool_buffer_2dINS_5arrayI8ap_fixedILi16ELi6EL9ap_q_mode5EL9ap_176 (load        ) [ 00]
store_ln196                                                                           (store       ) [ 00]
p_ZZN4nnet22compute_pool_buffer_2dINS_5arrayI8ap_fixedILi16ELi6EL9ap_q_mode5EL9ap_177 (load        ) [ 00]
store_ln196                                                                           (store       ) [ 00]
p_ZZN4nnet22compute_pool_buffer_2dINS_5arrayI8ap_fixedILi16ELi6EL9ap_q_mode5EL9ap_178 (load        ) [ 00]
store_ln196                                                                           (store       ) [ 00]
p_ZZN4nnet22compute_pool_buffer_2dINS_5arrayI8ap_fixedILi16ELi6EL9ap_q_mode5EL9ap_179 (load        ) [ 00]
store_ln196                                                                           (store       ) [ 00]
p_ZZN4nnet22compute_pool_buffer_2dINS_5arrayI8ap_fixedILi16ELi6EL9ap_q_mode5EL9ap_180 (load        ) [ 00]
store_ln196                                                                           (store       ) [ 00]
p_ZZN4nnet22compute_pool_buffer_2dINS_5arrayI8ap_fixedILi16ELi6EL9ap_q_mode5EL9ap_181 (load        ) [ 00]
store_ln196                                                                           (store       ) [ 00]
p_ZZN4nnet22compute_pool_buffer_2dINS_5arrayI8ap_fixedILi16ELi6EL9ap_q_mode5EL9ap_182 (load        ) [ 00]
store_ln196                                                                           (store       ) [ 00]
p_ZZN4nnet22compute_pool_buffer_2dINS_5arrayI8ap_fixedILi16ELi6EL9ap_q_mode5EL9ap_183 (load        ) [ 00]
store_ln196                                                                           (store       ) [ 00]
p_ZZN4nnet22compute_pool_buffer_2dINS_5arrayI8ap_fixedILi16ELi6EL9ap_q_mode5EL9ap_184 (load        ) [ 00]
store_ln196                                                                           (store       ) [ 00]
p_ZZN4nnet22compute_pool_buffer_2dINS_5arrayI8ap_fixedILi16ELi6EL9ap_q_mode5EL9ap_185 (load        ) [ 00]
store_ln196                                                                           (store       ) [ 00]
p_ZZN4nnet22compute_pool_buffer_2dINS_5arrayI8ap_fixedILi16ELi6EL9ap_q_mode5EL9ap_186 (load        ) [ 00]
store_ln196                                                                           (store       ) [ 00]
p_ZZN4nnet22compute_pool_buffer_2dINS_5arrayI8ap_fixedILi16ELi6EL9ap_q_mode5EL9ap_187 (load        ) [ 00]
store_ln196                                                                           (store       ) [ 00]
p_ZZN4nnet22compute_pool_buffer_2dINS_5arrayI8ap_fixedILi16ELi6EL9ap_q_mode5EL9ap_188 (load        ) [ 00]
store_ln196                                                                           (store       ) [ 00]
store_ln209                                                                           (store       ) [ 00]
store_ln209                                                                           (store       ) [ 00]
store_ln209                                                                           (store       ) [ 00]
store_ln209                                                                           (store       ) [ 00]
store_ln209                                                                           (store       ) [ 00]
store_ln209                                                                           (store       ) [ 00]
store_ln209                                                                           (store       ) [ 00]
store_ln209                                                                           (store       ) [ 00]
store_ln209                                                                           (store       ) [ 00]
store_ln209                                                                           (store       ) [ 00]
store_ln209                                                                           (store       ) [ 00]
store_ln209                                                                           (store       ) [ 00]
store_ln209                                                                           (store       ) [ 00]
store_ln209                                                                           (store       ) [ 00]
store_ln209                                                                           (store       ) [ 00]
store_ln209                                                                           (store       ) [ 00]
ret_ln232                                                                             (ret         ) [ 00]
</LifeTime>

<model>

<comp_list>
<comp id="0" class="1000" name="p_read">
<pin_list>
<pin id="1" dir="1" index="0" bw="1" slack="0"/>
</pin_list>
<bind>
<StgValue><ssdm name="p_read"/></StgValue>
</bind>
</comp>

<comp id="2" class="1000" name="p_read1">
<pin_list>
<pin id="3" dir="1" index="0" bw="1" slack="0"/>
</pin_list>
<bind>
<StgValue><ssdm name="p_read1"/></StgValue>
</bind>
</comp>

<comp id="4" class="1000" name="p_read2">
<pin_list>
<pin id="5" dir="1" index="0" bw="1" slack="0"/>
</pin_list>
<bind>
<StgValue><ssdm name="p_read2"/></StgValue>
</bind>
</comp>

<comp id="6" class="1000" name="p_read3">
<pin_list>
<pin id="7" dir="1" index="0" bw="1" slack="0"/>
</pin_list>
<bind>
<StgValue><ssdm name="p_read3"/></StgValue>
</bind>
</comp>

<comp id="8" class="1000" name="p_read4">
<pin_list>
<pin id="9" dir="1" index="0" bw="1" slack="0"/>
</pin_list>
<bind>
<StgValue><ssdm name="p_read4"/></StgValue>
</bind>
</comp>

<comp id="10" class="1000" name="p_read5">
<pin_list>
<pin id="11" dir="1" index="0" bw="1" slack="0"/>
</pin_list>
<bind>
<StgValue><ssdm name="p_read5"/></StgValue>
</bind>
</comp>

<comp id="12" class="1000" name="p_read6">
<pin_list>
<pin id="13" dir="1" index="0" bw="1" slack="0"/>
</pin_list>
<bind>
<StgValue><ssdm name="p_read6"/></StgValue>
</bind>
</comp>

<comp id="14" class="1000" name="p_read7">
<pin_list>
<pin id="15" dir="1" index="0" bw="1" slack="0"/>
</pin_list>
<bind>
<StgValue><ssdm name="p_read7"/></StgValue>
</bind>
</comp>

<comp id="16" class="1000" name="void_compute_pool_buffer_2d_array_const_ap_shift_reg_n_filt_stream_kernel_1">
<pin_list>
<pin id="17" dir="1" index="0" bw="1" slack="0"/>
</pin_list>
<bind>
<StgValue><ssdm name="void_compute_pool_buffer_2d_array_const_ap_shift_reg_n_filt_stream_kernel_1"/></StgValue>
</bind>
</comp>

<comp id="18" class="1000" name="void_compute_pool_buffer_2d_array_const_ap_shift_reg_n_filt_stream_kernel_9">
<pin_list>
<pin id="19" dir="1" index="0" bw="1" slack="0"/>
</pin_list>
<bind>
<StgValue><ssdm name="void_compute_pool_buffer_2d_array_const_ap_shift_reg_n_filt_stream_kernel_9"/></StgValue>
</bind>
</comp>

<comp id="20" class="1000" name="void_compute_pool_buffer_2d_array_const_ap_shift_reg_n_filt_stream_kernel">
<pin_list>
<pin id="21" dir="1" index="0" bw="1" slack="0"/>
</pin_list>
<bind>
<StgValue><ssdm name="void_compute_pool_buffer_2d_array_const_ap_shift_reg_n_filt_stream_kernel"/></StgValue>
</bind>
</comp>

<comp id="22" class="1000" name="void_compute_pool_buffer_2d_array_const_ap_shift_reg_n_filt_stream_kernel_8">
<pin_list>
<pin id="23" dir="1" index="0" bw="1" slack="0"/>
</pin_list>
<bind>
<StgValue><ssdm name="void_compute_pool_buffer_2d_array_const_ap_shift_reg_n_filt_stream_kernel_8"/></StgValue>
</bind>
</comp>

<comp id="24" class="1000" name="p_ZZN4nnet22compute_pool_buffer_2dINS_5arrayI8ap_fixedILi16ELi6EL9ap_q_mode5EL9ap_21">
<pin_list>
<pin id="25" dir="1" index="0" bw="1" slack="0"/>
</pin_list>
<bind>
<StgValue><ssdm name="p_ZZN4nnet22compute_pool_buffer_2dINS_5arrayI8ap_fixedILi16ELi6EL9ap_q_mode5EL9ap_21"/></StgValue>
</bind>
</comp>

<comp id="26" class="1000" name="void_compute_pool_buffer_2d_array_const_ap_shift_reg_n_filt_stream_kernel_7">
<pin_list>
<pin id="27" dir="1" index="0" bw="1" slack="0"/>
</pin_list>
<bind>
<StgValue><ssdm name="void_compute_pool_buffer_2d_array_const_ap_shift_reg_n_filt_stream_kernel_7"/></StgValue>
</bind>
</comp>

<comp id="28" class="1000" name="p_ZZN4nnet22compute_pool_buffer_2dINS_5arrayI8ap_fixedILi16ELi6EL9ap_q_mode5EL9ap_20">
<pin_list>
<pin id="29" dir="1" index="0" bw="1" slack="0"/>
</pin_list>
<bind>
<StgValue><ssdm name="p_ZZN4nnet22compute_pool_buffer_2dINS_5arrayI8ap_fixedILi16ELi6EL9ap_q_mode5EL9ap_20"/></StgValue>
</bind>
</comp>

<comp id="30" class="1000" name="void_compute_pool_buffer_2d_array_const_ap_shift_reg_n_filt_stream_kernel_6">
<pin_list>
<pin id="31" dir="1" index="0" bw="1" slack="0"/>
</pin_list>
<bind>
<StgValue><ssdm name="void_compute_pool_buffer_2d_array_const_ap_shift_reg_n_filt_stream_kernel_6"/></StgValue>
</bind>
</comp>

<comp id="32" class="1000" name="p_ZZN4nnet22compute_pool_buffer_2dINS_5arrayI8ap_fixedILi16ELi6EL9ap_q_mode5EL9ap_19">
<pin_list>
<pin id="33" dir="1" index="0" bw="1" slack="0"/>
</pin_list>
<bind>
<StgValue><ssdm name="p_ZZN4nnet22compute_pool_buffer_2dINS_5arrayI8ap_fixedILi16ELi6EL9ap_q_mode5EL9ap_19"/></StgValue>
</bind>
</comp>

<comp id="34" class="1000" name="void_compute_pool_buffer_2d_array_const_ap_shift_reg_n_filt_stream_kernel_5">
<pin_list>
<pin id="35" dir="1" index="0" bw="1" slack="0"/>
</pin_list>
<bind>
<StgValue><ssdm name="void_compute_pool_buffer_2d_array_const_ap_shift_reg_n_filt_stream_kernel_5"/></StgValue>
</bind>
</comp>

<comp id="36" class="1000" name="p_ZZN4nnet22compute_pool_buffer_2dINS_5arrayI8ap_fixedILi16ELi6EL9ap_q_mode5EL9ap_18">
<pin_list>
<pin id="37" dir="1" index="0" bw="1" slack="0"/>
</pin_list>
<bind>
<StgValue><ssdm name="p_ZZN4nnet22compute_pool_buffer_2dINS_5arrayI8ap_fixedILi16ELi6EL9ap_q_mode5EL9ap_18"/></StgValue>
</bind>
</comp>

<comp id="38" class="1000" name="void_compute_pool_buffer_2d_array_const_ap_shift_reg_n_filt_stream_kernel_4">
<pin_list>
<pin id="39" dir="1" index="0" bw="1" slack="0"/>
</pin_list>
<bind>
<StgValue><ssdm name="void_compute_pool_buffer_2d_array_const_ap_shift_reg_n_filt_stream_kernel_4"/></StgValue>
</bind>
</comp>

<comp id="40" class="1000" name="p_ZZN4nnet22compute_pool_buffer_2dINS_5arrayI8ap_fixedILi16ELi6EL9ap_q_mode5EL9ap_17">
<pin_list>
<pin id="41" dir="1" index="0" bw="1" slack="0"/>
</pin_list>
<bind>
<StgValue><ssdm name="p_ZZN4nnet22compute_pool_buffer_2dINS_5arrayI8ap_fixedILi16ELi6EL9ap_q_mode5EL9ap_17"/></StgValue>
</bind>
</comp>

<comp id="42" class="1000" name="void_compute_pool_buffer_2d_array_const_ap_shift_reg_n_filt_stream_kernel_3">
<pin_list>
<pin id="43" dir="1" index="0" bw="1" slack="0"/>
</pin_list>
<bind>
<StgValue><ssdm name="void_compute_pool_buffer_2d_array_const_ap_shift_reg_n_filt_stream_kernel_3"/></StgValue>
</bind>
</comp>

<comp id="44" class="1000" name="p_ZZN4nnet22compute_pool_buffer_2dINS_5arrayI8ap_fixedILi16ELi6EL9ap_q_mode5EL9ap_16">
<pin_list>
<pin id="45" dir="1" index="0" bw="1" slack="0"/>
</pin_list>
<bind>
<StgValue><ssdm name="p_ZZN4nnet22compute_pool_buffer_2dINS_5arrayI8ap_fixedILi16ELi6EL9ap_q_mode5EL9ap_16"/></StgValue>
</bind>
</comp>

<comp id="46" class="1000" name="void_compute_pool_buffer_2d_array_const_ap_shift_reg_n_filt_stream_kernel_2">
<pin_list>
<pin id="47" dir="1" index="0" bw="1" slack="0"/>
</pin_list>
<bind>
<StgValue><ssdm name="void_compute_pool_buffer_2d_array_const_ap_shift_reg_n_filt_stream_kernel_2"/></StgValue>
</bind>
</comp>

<comp id="48" class="1000" name="p_ZZN4nnet22compute_pool_buffer_2dINS_5arrayI8ap_fixedILi16ELi6EL9ap_q_mode5EL9ap_7">
<pin_list>
<pin id="49" dir="1" index="0" bw="1" slack="0"/>
</pin_list>
<bind>
<StgValue><ssdm name="p_ZZN4nnet22compute_pool_buffer_2dINS_5arrayI8ap_fixedILi16ELi6EL9ap_q_mode5EL9ap_7"/></StgValue>
</bind>
</comp>

<comp id="50" class="1000" name="p_ZZN4nnet22compute_pool_buffer_2dINS_5arrayI8ap_fixedILi16ELi6EL9ap_q_mode5EL9ap_15">
<pin_list>
<pin id="51" dir="1" index="0" bw="1" slack="0"/>
</pin_list>
<bind>
<StgValue><ssdm name="p_ZZN4nnet22compute_pool_buffer_2dINS_5arrayI8ap_fixedILi16ELi6EL9ap_q_mode5EL9ap_15"/></StgValue>
</bind>
</comp>

<comp id="52" class="1000" name="p_ZZN4nnet22compute_pool_buffer_2dINS_5arrayI8ap_fixedILi16ELi6EL9ap_q_mode5EL9ap_6">
<pin_list>
<pin id="53" dir="1" index="0" bw="1" slack="0"/>
</pin_list>
<bind>
<StgValue><ssdm name="p_ZZN4nnet22compute_pool_buffer_2dINS_5arrayI8ap_fixedILi16ELi6EL9ap_q_mode5EL9ap_6"/></StgValue>
</bind>
</comp>

<comp id="54" class="1000" name="p_ZZN4nnet22compute_pool_buffer_2dINS_5arrayI8ap_fixedILi16ELi6EL9ap_q_mode5EL9ap_14">
<pin_list>
<pin id="55" dir="1" index="0" bw="1" slack="0"/>
</pin_list>
<bind>
<StgValue><ssdm name="p_ZZN4nnet22compute_pool_buffer_2dINS_5arrayI8ap_fixedILi16ELi6EL9ap_q_mode5EL9ap_14"/></StgValue>
</bind>
</comp>

<comp id="56" class="1000" name="p_ZZN4nnet22compute_pool_buffer_2dINS_5arrayI8ap_fixedILi16ELi6EL9ap_q_mode5EL9ap_5">
<pin_list>
<pin id="57" dir="1" index="0" bw="1" slack="0"/>
</pin_list>
<bind>
<StgValue><ssdm name="p_ZZN4nnet22compute_pool_buffer_2dINS_5arrayI8ap_fixedILi16ELi6EL9ap_q_mode5EL9ap_5"/></StgValue>
</bind>
</comp>

<comp id="58" class="1000" name="p_ZZN4nnet22compute_pool_buffer_2dINS_5arrayI8ap_fixedILi16ELi6EL9ap_q_mode5EL9ap_13">
<pin_list>
<pin id="59" dir="1" index="0" bw="1" slack="0"/>
</pin_list>
<bind>
<StgValue><ssdm name="p_ZZN4nnet22compute_pool_buffer_2dINS_5arrayI8ap_fixedILi16ELi6EL9ap_q_mode5EL9ap_13"/></StgValue>
</bind>
</comp>

<comp id="60" class="1000" name="p_ZZN4nnet22compute_pool_buffer_2dINS_5arrayI8ap_fixedILi16ELi6EL9ap_q_mode5EL9ap_4">
<pin_list>
<pin id="61" dir="1" index="0" bw="1" slack="0"/>
</pin_list>
<bind>
<StgValue><ssdm name="p_ZZN4nnet22compute_pool_buffer_2dINS_5arrayI8ap_fixedILi16ELi6EL9ap_q_mode5EL9ap_4"/></StgValue>
</bind>
</comp>

<comp id="62" class="1000" name="p_ZZN4nnet22compute_pool_buffer_2dINS_5arrayI8ap_fixedILi16ELi6EL9ap_q_mode5EL9ap_12">
<pin_list>
<pin id="63" dir="1" index="0" bw="1" slack="0"/>
</pin_list>
<bind>
<StgValue><ssdm name="p_ZZN4nnet22compute_pool_buffer_2dINS_5arrayI8ap_fixedILi16ELi6EL9ap_q_mode5EL9ap_12"/></StgValue>
</bind>
</comp>

<comp id="64" class="1000" name="p_ZZN4nnet22compute_pool_buffer_2dINS_5arrayI8ap_fixedILi16ELi6EL9ap_q_mode5EL9ap_3">
<pin_list>
<pin id="65" dir="1" index="0" bw="1" slack="0"/>
</pin_list>
<bind>
<StgValue><ssdm name="p_ZZN4nnet22compute_pool_buffer_2dINS_5arrayI8ap_fixedILi16ELi6EL9ap_q_mode5EL9ap_3"/></StgValue>
</bind>
</comp>

<comp id="66" class="1000" name="p_ZZN4nnet22compute_pool_buffer_2dINS_5arrayI8ap_fixedILi16ELi6EL9ap_q_mode5EL9ap_11">
<pin_list>
<pin id="67" dir="1" index="0" bw="1" slack="0"/>
</pin_list>
<bind>
<StgValue><ssdm name="p_ZZN4nnet22compute_pool_buffer_2dINS_5arrayI8ap_fixedILi16ELi6EL9ap_q_mode5EL9ap_11"/></StgValue>
</bind>
</comp>

<comp id="68" class="1000" name="p_ZZN4nnet22compute_pool_buffer_2dINS_5arrayI8ap_fixedILi16ELi6EL9ap_q_mode5EL9ap_2">
<pin_list>
<pin id="69" dir="1" index="0" bw="1" slack="0"/>
</pin_list>
<bind>
<StgValue><ssdm name="p_ZZN4nnet22compute_pool_buffer_2dINS_5arrayI8ap_fixedILi16ELi6EL9ap_q_mode5EL9ap_2"/></StgValue>
</bind>
</comp>

<comp id="70" class="1000" name="p_ZZN4nnet22compute_pool_buffer_2dINS_5arrayI8ap_fixedILi16ELi6EL9ap_q_mode5EL9ap_10">
<pin_list>
<pin id="71" dir="1" index="0" bw="1" slack="0"/>
</pin_list>
<bind>
<StgValue><ssdm name="p_ZZN4nnet22compute_pool_buffer_2dINS_5arrayI8ap_fixedILi16ELi6EL9ap_q_mode5EL9ap_10"/></StgValue>
</bind>
</comp>

<comp id="72" class="1000" name="p_ZZN4nnet22compute_pool_buffer_2dINS_5arrayI8ap_fixedILi16ELi6EL9ap_q_mode5EL9ap_1">
<pin_list>
<pin id="73" dir="1" index="0" bw="1" slack="0"/>
</pin_list>
<bind>
<StgValue><ssdm name="p_ZZN4nnet22compute_pool_buffer_2dINS_5arrayI8ap_fixedILi16ELi6EL9ap_q_mode5EL9ap_1"/></StgValue>
</bind>
</comp>

<comp id="74" class="1000" name="p_ZZN4nnet22compute_pool_buffer_2dINS_5arrayI8ap_fixedILi16ELi6EL9ap_q_mode5EL9ap_9">
<pin_list>
<pin id="75" dir="1" index="0" bw="1" slack="0"/>
</pin_list>
<bind>
<StgValue><ssdm name="p_ZZN4nnet22compute_pool_buffer_2dINS_5arrayI8ap_fixedILi16ELi6EL9ap_q_mode5EL9ap_9"/></StgValue>
</bind>
</comp>

<comp id="76" class="1000" name="p_ZZN4nnet22compute_pool_buffer_2dINS_5arrayI8ap_fixedILi16ELi6EL9ap_q_mode5EL9ap">
<pin_list>
<pin id="77" dir="1" index="0" bw="1" slack="0"/>
</pin_list>
<bind>
<StgValue><ssdm name="p_ZZN4nnet22compute_pool_buffer_2dINS_5arrayI8ap_fixedILi16ELi6EL9ap_q_mode5EL9ap"/></StgValue>
</bind>
</comp>

<comp id="78" class="1000" name="p_ZZN4nnet22compute_pool_buffer_2dINS_5arrayI8ap_fixedILi16ELi6EL9ap_q_mode5EL9ap_8">
<pin_list>
<pin id="79" dir="1" index="0" bw="1" slack="0"/>
</pin_list>
<bind>
<StgValue><ssdm name="p_ZZN4nnet22compute_pool_buffer_2dINS_5arrayI8ap_fixedILi16ELi6EL9ap_q_mode5EL9ap_8"/></StgValue>
</bind>
</comp>

<comp id="80" class="1000" name="void_pooling2d_cl_stream_stream_array_ap_fixed_8u_0_line_buffer_7">
<pin_list>
<pin id="81" dir="1" index="0" bw="1" slack="2147483647"/>
</pin_list>
<bind>
<StgValue><ssdm name="void_pooling2d_cl_stream_stream_array_ap_fixed_8u_0_line_buffer_7"/><MemPortTyVec>2 </MemPortTyVec>
</StgValue>
</bind>
</comp>

<comp id="82" class="1000" name="void_pooling2d_cl_stream_stream_array_ap_fixed_8u_0_line_buffer_6">
<pin_list>
<pin id="83" dir="1" index="0" bw="1" slack="2147483647"/>
</pin_list>
<bind>
<StgValue><ssdm name="void_pooling2d_cl_stream_stream_array_ap_fixed_8u_0_line_buffer_6"/><MemPortTyVec>2 </MemPortTyVec>
</StgValue>
</bind>
</comp>

<comp id="84" class="1000" name="void_pooling2d_cl_stream_stream_array_ap_fixed_8u_0_line_buffer_5">
<pin_list>
<pin id="85" dir="1" index="0" bw="1" slack="2147483647"/>
</pin_list>
<bind>
<StgValue><ssdm name="void_pooling2d_cl_stream_stream_array_ap_fixed_8u_0_line_buffer_5"/><MemPortTyVec>2 </MemPortTyVec>
</StgValue>
</bind>
</comp>

<comp id="86" class="1000" name="void_pooling2d_cl_stream_stream_array_ap_fixed_8u_0_line_buffer_4">
<pin_list>
<pin id="87" dir="1" index="0" bw="1" slack="2147483647"/>
</pin_list>
<bind>
<StgValue><ssdm name="void_pooling2d_cl_stream_stream_array_ap_fixed_8u_0_line_buffer_4"/><MemPortTyVec>2 </MemPortTyVec>
</StgValue>
</bind>
</comp>

<comp id="88" class="1000" name="void_pooling2d_cl_stream_stream_array_ap_fixed_8u_0_line_buffer_3">
<pin_list>
<pin id="89" dir="1" index="0" bw="1" slack="2147483647"/>
</pin_list>
<bind>
<StgValue><ssdm name="void_pooling2d_cl_stream_stream_array_ap_fixed_8u_0_line_buffer_3"/><MemPortTyVec>2 </MemPortTyVec>
</StgValue>
</bind>
</comp>

<comp id="90" class="1000" name="void_pooling2d_cl_stream_stream_array_ap_fixed_8u_0_line_buffer_2">
<pin_list>
<pin id="91" dir="1" index="0" bw="1" slack="2147483647"/>
</pin_list>
<bind>
<StgValue><ssdm name="void_pooling2d_cl_stream_stream_array_ap_fixed_8u_0_line_buffer_2"/><MemPortTyVec>2 </MemPortTyVec>
</StgValue>
</bind>
</comp>

<comp id="92" class="1000" name="void_pooling2d_cl_stream_stream_array_ap_fixed_8u_0_line_buffer_1">
<pin_list>
<pin id="93" dir="1" index="0" bw="1" slack="2147483647"/>
</pin_list>
<bind>
<StgValue><ssdm name="void_pooling2d_cl_stream_stream_array_ap_fixed_8u_0_line_buffer_1"/><MemPortTyVec>2 </MemPortTyVec>
</StgValue>
</bind>
</comp>

<comp id="94" class="1000" name="void_pooling2d_cl_stream_stream_array_ap_fixed_8u_0_line_buffer">
<pin_list>
<pin id="95" dir="1" index="0" bw="1" slack="2147483647"/>
</pin_list>
<bind>
<StgValue><ssdm name="void_pooling2d_cl_stream_stream_array_ap_fixed_8u_0_line_buffer"/><MemPortTyVec>2 </MemPortTyVec>
</StgValue>
</bind>
</comp>

<comp id="96" class="1001" name="const_96">
<pin_list>
<pin id="97" dir="1" index="0" bw="1" slack="2147483647"/>
</pin_list>
<bind>
<StgValue><ssdm name="_ssdm_op_SpecPipeline"/></StgValue>
</bind>
</comp>

<comp id="98" class="1001" name="const_98">
<pin_list>
<pin id="99" dir="1" index="0" bw="1" slack="2147483647"/>
</pin_list>
<bind>
<StgValue><ssdm name=""/></StgValue>
</bind>
</comp>

<comp id="100" class="1001" name="const_100">
<pin_list>
<pin id="101" dir="1" index="0" bw="1" slack="2147483647"/>
</pin_list>
<bind>
<StgValue><ssdm name=""/></StgValue>
</bind>
</comp>

<comp id="102" class="1001" name="const_102">
<pin_list>
<pin id="103" dir="1" index="0" bw="1" slack="2147483647"/>
</pin_list>
<bind>
<StgValue><ssdm name="empty_1"/></StgValue>
</bind>
</comp>

<comp id="104" class="1001" name="const_104">
<pin_list>
<pin id="105" dir="1" index="0" bw="1" slack="0"/>
</pin_list>
<bind>
<StgValue><ssdm name="_ssdm_op_Read.ap_auto.i16"/></StgValue>
</bind>
</comp>

<comp id="106" class="1001" name="const_106">
<pin_list>
<pin id="107" dir="1" index="0" bw="1" slack="0"/>
</pin_list>
<bind>
<StgValue><ssdm name="_ssdm_op_MemShiftRead.[9 x i16]P0A"/></StgValue>
</bind>
</comp>

<comp id="108" class="1001" name="const_108">
<pin_list>
<pin id="109" dir="1" index="0" bw="1" slack="0"/>
</pin_list>
<bind>
<StgValue><ssdm name=""/></StgValue>
</bind>
</comp>

<comp id="110" class="1001" name="const_110">
<pin_list>
<pin id="111" dir="1" index="0" bw="1" slack="0"/>
</pin_list>
<bind>
<StgValue><ssdm name=""/></StgValue>
</bind>
</comp>

<comp id="112" class="1001" name="const_112">
<pin_list>
<pin id="113" dir="1" index="0" bw="1" slack="0"/>
</pin_list>
<bind>
<StgValue><ssdm name=""/></StgValue>
</bind>
</comp>

<comp id="114" class="1001" name="const_114">
<pin_list>
<pin id="115" dir="1" index="0" bw="1" slack="0"/>
</pin_list>
<bind>
<StgValue><ssdm name=""/></StgValue>
</bind>
</comp>

<comp id="116" class="1001" name="const_116">
<pin_list>
<pin id="117" dir="1" index="0" bw="1" slack="0"/>
</pin_list>
<bind>
<StgValue><ssdm name=""/></StgValue>
</bind>
</comp>

<comp id="118" class="1001" name="const_118">
<pin_list>
<pin id="119" dir="1" index="0" bw="1" slack="0"/>
</pin_list>
<bind>
<StgValue><ssdm name=""/></StgValue>
</bind>
</comp>

<comp id="120" class="1001" name="const_120">
<pin_list>
<pin id="121" dir="1" index="0" bw="1" slack="0"/>
</pin_list>
<bind>
<StgValue><ssdm name=""/></StgValue>
</bind>
</comp>

<comp id="122" class="1001" name="const_122">
<pin_list>
<pin id="123" dir="1" index="0" bw="1" slack="0"/>
</pin_list>
<bind>
<StgValue><ssdm name=""/></StgValue>
</bind>
</comp>

<comp id="124" class="1001" name="const_124">
<pin_list>
<pin id="125" dir="1" index="0" bw="1" slack="0"/>
</pin_list>
<bind>
<StgValue><ssdm name=""/></StgValue>
</bind>
</comp>

<comp id="126" class="1004" name="p_read_1_read_fu_126">
<pin_list>
<pin id="127" dir="0" index="0" bw="16" slack="0"/>
<pin id="128" dir="0" index="1" bw="16" slack="0"/>
<pin id="129" dir="1" index="2" bw="16" slack="0"/>
</pin_list>
<bind>
<opcode="read(1150) " fcode="read"/>
<opset="p_read_1/1 "/>
</bind>
</comp>

<comp id="132" class="1004" name="p_read_2_read_fu_132">
<pin_list>
<pin id="133" dir="0" index="0" bw="16" slack="0"/>
<pin id="134" dir="0" index="1" bw="16" slack="0"/>
<pin id="135" dir="1" index="2" bw="16" slack="0"/>
</pin_list>
<bind>
<opcode="read(1150) " fcode="read"/>
<opset="p_read_2/1 "/>
</bind>
</comp>

<comp id="138" class="1004" name="p_read_3_read_fu_138">
<pin_list>
<pin id="139" dir="0" index="0" bw="16" slack="0"/>
<pin id="140" dir="0" index="1" bw="16" slack="0"/>
<pin id="141" dir="1" index="2" bw="16" slack="0"/>
</pin_list>
<bind>
<opcode="read(1150) " fcode="read"/>
<opset="p_read_3/1 "/>
</bind>
</comp>

<comp id="144" class="1004" name="p_read_4_read_fu_144">
<pin_list>
<pin id="145" dir="0" index="0" bw="16" slack="0"/>
<pin id="146" dir="0" index="1" bw="16" slack="0"/>
<pin id="147" dir="1" index="2" bw="16" slack="0"/>
</pin_list>
<bind>
<opcode="read(1150) " fcode="read"/>
<opset="p_read_4/1 "/>
</bind>
</comp>

<comp id="150" class="1004" name="p_read_5_read_fu_150">
<pin_list>
<pin id="151" dir="0" index="0" bw="16" slack="0"/>
<pin id="152" dir="0" index="1" bw="16" slack="0"/>
<pin id="153" dir="1" index="2" bw="16" slack="0"/>
</pin_list>
<bind>
<opcode="read(1150) " fcode="read"/>
<opset="p_read_5/1 "/>
</bind>
</comp>

<comp id="156" class="1004" name="p_read_6_read_fu_156">
<pin_list>
<pin id="157" dir="0" index="0" bw="16" slack="0"/>
<pin id="158" dir="0" index="1" bw="16" slack="0"/>
<pin id="159" dir="1" index="2" bw="16" slack="0"/>
</pin_list>
<bind>
<opcode="read(1150) " fcode="read"/>
<opset="p_read_6/1 "/>
</bind>
</comp>

<comp id="162" class="1004" name="p_read_7_read_fu_162">
<pin_list>
<pin id="163" dir="0" index="0" bw="16" slack="0"/>
<pin id="164" dir="0" index="1" bw="16" slack="0"/>
<pin id="165" dir="1" index="2" bw="16" slack="0"/>
</pin_list>
<bind>
<opcode="read(1150) " fcode="read"/>
<opset="p_read_7/1 "/>
</bind>
</comp>

<comp id="168" class="1004" name="p_read52_read_fu_168">
<pin_list>
<pin id="169" dir="0" index="0" bw="16" slack="0"/>
<pin id="170" dir="0" index="1" bw="16" slack="0"/>
<pin id="171" dir="1" index="2" bw="16" slack="0"/>
</pin_list>
<bind>
<opcode="read(1150) " fcode="read"/>
<opset="p_read52/1 "/>
</bind>
</comp>

<comp id="174" class="1004" name="p_i_fu_174">
<pin_list>
<pin id="175" dir="0" index="0" bw="16" slack="0"/>
<pin id="176" dir="0" index="1" bw="16" slack="0"/>
<pin id="177" dir="0" index="2" bw="16" slack="0"/>
<pin id="178" dir="0" index="3" bw="1" slack="0"/>
<pin id="179" dir="1" index="4" bw="16" slack="0"/>
</pin_list>
<bind>
<opcode="memshiftread(1195) " fcode="memshiftread"/>
<opset="p_i/1 "/>
</bind>
</comp>

<comp id="184" class="1004" name="p_1_i_fu_184">
<pin_list>
<pin id="185" dir="0" index="0" bw="16" slack="0"/>
<pin id="186" dir="0" index="1" bw="16" slack="0"/>
<pin id="187" dir="0" index="2" bw="16" slack="0"/>
<pin id="188" dir="0" index="3" bw="1" slack="0"/>
<pin id="189" dir="1" index="4" bw="16" slack="0"/>
</pin_list>
<bind>
<opcode="memshiftread(1195) " fcode="memshiftread"/>
<opset="p_1_i/1 "/>
</bind>
</comp>

<comp id="194" class="1004" name="p_2_i_fu_194">
<pin_list>
<pin id="195" dir="0" index="0" bw="16" slack="0"/>
<pin id="196" dir="0" index="1" bw="16" slack="0"/>
<pin id="197" dir="0" index="2" bw="16" slack="0"/>
<pin id="198" dir="0" index="3" bw="1" slack="0"/>
<pin id="199" dir="1" index="4" bw="16" slack="0"/>
</pin_list>
<bind>
<opcode="memshiftread(1195) " fcode="memshiftread"/>
<opset="p_2_i/1 "/>
</bind>
</comp>

<comp id="204" class="1004" name="p_3_i_fu_204">
<pin_list>
<pin id="205" dir="0" index="0" bw="16" slack="0"/>
<pin id="206" dir="0" index="1" bw="16" slack="0"/>
<pin id="207" dir="0" index="2" bw="16" slack="0"/>
<pin id="208" dir="0" index="3" bw="1" slack="0"/>
<pin id="209" dir="1" index="4" bw="16" slack="0"/>
</pin_list>
<bind>
<opcode="memshiftread(1195) " fcode="memshiftread"/>
<opset="p_3_i/1 "/>
</bind>
</comp>

<comp id="214" class="1004" name="p_4_i_fu_214">
<pin_list>
<pin id="215" dir="0" index="0" bw="16" slack="0"/>
<pin id="216" dir="0" index="1" bw="16" slack="0"/>
<pin id="217" dir="0" index="2" bw="16" slack="0"/>
<pin id="218" dir="0" index="3" bw="1" slack="0"/>
<pin id="219" dir="1" index="4" bw="16" slack="0"/>
</pin_list>
<bind>
<opcode="memshiftread(1195) " fcode="memshiftread"/>
<opset="p_4_i/1 "/>
</bind>
</comp>

<comp id="224" class="1004" name="p_5_i_fu_224">
<pin_list>
<pin id="225" dir="0" index="0" bw="16" slack="0"/>
<pin id="226" dir="0" index="1" bw="16" slack="0"/>
<pin id="227" dir="0" index="2" bw="16" slack="0"/>
<pin id="228" dir="0" index="3" bw="1" slack="0"/>
<pin id="229" dir="1" index="4" bw="16" slack="0"/>
</pin_list>
<bind>
<opcode="memshiftread(1195) " fcode="memshiftread"/>
<opset="p_5_i/1 "/>
</bind>
</comp>

<comp id="234" class="1004" name="p_6_i_fu_234">
<pin_list>
<pin id="235" dir="0" index="0" bw="16" slack="0"/>
<pin id="236" dir="0" index="1" bw="16" slack="0"/>
<pin id="237" dir="0" index="2" bw="16" slack="0"/>
<pin id="238" dir="0" index="3" bw="1" slack="0"/>
<pin id="239" dir="1" index="4" bw="16" slack="0"/>
</pin_list>
<bind>
<opcode="memshiftread(1195) " fcode="memshiftread"/>
<opset="p_6_i/1 "/>
</bind>
</comp>

<comp id="244" class="1004" name="p_0_i_fu_244">
<pin_list>
<pin id="245" dir="0" index="0" bw="16" slack="0"/>
<pin id="246" dir="0" index="1" bw="16" slack="0"/>
<pin id="247" dir="0" index="2" bw="16" slack="0"/>
<pin id="248" dir="0" index="3" bw="1" slack="0"/>
<pin id="249" dir="1" index="4" bw="16" slack="0"/>
</pin_list>
<bind>
<opcode="memshiftread(1195) " fcode="memshiftread"/>
<opset="p_0_i/1 "/>
</bind>
</comp>

<comp id="254" class="1004" name="void_compute_pool_buffer_2d_array_const_ap_shift_reg_n_filt_stream_kernel_30_load_fu_254">
<pin_list>
<pin id="255" dir="0" index="0" bw="16" slack="0"/>
<pin id="256" dir="1" index="1" bw="16" slack="0"/>
</pin_list>
<bind>
<opcode="load(27) " fcode="load"/>
<opset="void_compute_pool_buffer_2d_array_const_ap_shift_reg_n_filt_stream_kernel_30/1 "/>
</bind>
</comp>

<comp id="258" class="1004" name="store_ln196_store_fu_258">
<pin_list>
<pin id="259" dir="0" index="0" bw="16" slack="0"/>
<pin id="260" dir="0" index="1" bw="16" slack="0"/>
<pin id="261" dir="1" index="2" bw="0" slack="2147483647"/>
</pin_list>
<bind>
<opcode="store(28) " fcode="store"/>
<opset="store_ln196/1 "/>
</bind>
</comp>

<comp id="264" class="1004" name="void_compute_pool_buffer_2d_array_const_ap_shift_reg_n_filt_stream_kernel_31_load_fu_264">
<pin_list>
<pin id="265" dir="0" index="0" bw="16" slack="0"/>
<pin id="266" dir="1" index="1" bw="16" slack="0"/>
</pin_list>
<bind>
<opcode="load(27) " fcode="load"/>
<opset="void_compute_pool_buffer_2d_array_const_ap_shift_reg_n_filt_stream_kernel_31/1 "/>
</bind>
</comp>

<comp id="268" class="1004" name="store_ln196_store_fu_268">
<pin_list>
<pin id="269" dir="0" index="0" bw="16" slack="0"/>
<pin id="270" dir="0" index="1" bw="16" slack="0"/>
<pin id="271" dir="1" index="2" bw="0" slack="2147483647"/>
</pin_list>
<bind>
<opcode="store(28) " fcode="store"/>
<opset="store_ln196/1 "/>
</bind>
</comp>

<comp id="274" class="1004" name="p_ZZN4nnet22compute_pool_buffer_2dINS_5arrayI8ap_fixedILi16ELi6EL9ap_q_mode5EL9ap_175_load_fu_274">
<pin_list>
<pin id="275" dir="0" index="0" bw="16" slack="0"/>
<pin id="276" dir="1" index="1" bw="16" slack="0"/>
</pin_list>
<bind>
<opcode="load(27) " fcode="load"/>
<opset="p_ZZN4nnet22compute_pool_buffer_2dINS_5arrayI8ap_fixedILi16ELi6EL9ap_q_mode5EL9ap_175/1 "/>
</bind>
</comp>

<comp id="278" class="1004" name="store_ln196_store_fu_278">
<pin_list>
<pin id="279" dir="0" index="0" bw="16" slack="0"/>
<pin id="280" dir="0" index="1" bw="16" slack="0"/>
<pin id="281" dir="1" index="2" bw="0" slack="2147483647"/>
</pin_list>
<bind>
<opcode="store(28) " fcode="store"/>
<opset="store_ln196/1 "/>
</bind>
</comp>

<comp id="284" class="1004" name="p_ZZN4nnet22compute_pool_buffer_2dINS_5arrayI8ap_fixedILi16ELi6EL9ap_q_mode5EL9ap_176_load_fu_284">
<pin_list>
<pin id="285" dir="0" index="0" bw="16" slack="0"/>
<pin id="286" dir="1" index="1" bw="16" slack="0"/>
</pin_list>
<bind>
<opcode="load(27) " fcode="load"/>
<opset="p_ZZN4nnet22compute_pool_buffer_2dINS_5arrayI8ap_fixedILi16ELi6EL9ap_q_mode5EL9ap_176/1 "/>
</bind>
</comp>

<comp id="288" class="1004" name="store_ln196_store_fu_288">
<pin_list>
<pin id="289" dir="0" index="0" bw="16" slack="0"/>
<pin id="290" dir="0" index="1" bw="16" slack="0"/>
<pin id="291" dir="1" index="2" bw="0" slack="2147483647"/>
</pin_list>
<bind>
<opcode="store(28) " fcode="store"/>
<opset="store_ln196/1 "/>
</bind>
</comp>

<comp id="294" class="1004" name="p_ZZN4nnet22compute_pool_buffer_2dINS_5arrayI8ap_fixedILi16ELi6EL9ap_q_mode5EL9ap_177_load_fu_294">
<pin_list>
<pin id="295" dir="0" index="0" bw="16" slack="0"/>
<pin id="296" dir="1" index="1" bw="16" slack="0"/>
</pin_list>
<bind>
<opcode="load(27) " fcode="load"/>
<opset="p_ZZN4nnet22compute_pool_buffer_2dINS_5arrayI8ap_fixedILi16ELi6EL9ap_q_mode5EL9ap_177/1 "/>
</bind>
</comp>

<comp id="298" class="1004" name="store_ln196_store_fu_298">
<pin_list>
<pin id="299" dir="0" index="0" bw="16" slack="0"/>
<pin id="300" dir="0" index="1" bw="16" slack="0"/>
<pin id="301" dir="1" index="2" bw="0" slack="2147483647"/>
</pin_list>
<bind>
<opcode="store(28) " fcode="store"/>
<opset="store_ln196/1 "/>
</bind>
</comp>

<comp id="304" class="1004" name="p_ZZN4nnet22compute_pool_buffer_2dINS_5arrayI8ap_fixedILi16ELi6EL9ap_q_mode5EL9ap_178_load_fu_304">
<pin_list>
<pin id="305" dir="0" index="0" bw="16" slack="0"/>
<pin id="306" dir="1" index="1" bw="16" slack="0"/>
</pin_list>
<bind>
<opcode="load(27) " fcode="load"/>
<opset="p_ZZN4nnet22compute_pool_buffer_2dINS_5arrayI8ap_fixedILi16ELi6EL9ap_q_mode5EL9ap_178/1 "/>
</bind>
</comp>

<comp id="308" class="1004" name="store_ln196_store_fu_308">
<pin_list>
<pin id="309" dir="0" index="0" bw="16" slack="0"/>
<pin id="310" dir="0" index="1" bw="16" slack="0"/>
<pin id="311" dir="1" index="2" bw="0" slack="2147483647"/>
</pin_list>
<bind>
<opcode="store(28) " fcode="store"/>
<opset="store_ln196/1 "/>
</bind>
</comp>

<comp id="314" class="1004" name="p_ZZN4nnet22compute_pool_buffer_2dINS_5arrayI8ap_fixedILi16ELi6EL9ap_q_mode5EL9ap_179_load_fu_314">
<pin_list>
<pin id="315" dir="0" index="0" bw="16" slack="0"/>
<pin id="316" dir="1" index="1" bw="16" slack="0"/>
</pin_list>
<bind>
<opcode="load(27) " fcode="load"/>
<opset="p_ZZN4nnet22compute_pool_buffer_2dINS_5arrayI8ap_fixedILi16ELi6EL9ap_q_mode5EL9ap_179/1 "/>
</bind>
</comp>

<comp id="318" class="1004" name="store_ln196_store_fu_318">
<pin_list>
<pin id="319" dir="0" index="0" bw="16" slack="0"/>
<pin id="320" dir="0" index="1" bw="16" slack="0"/>
<pin id="321" dir="1" index="2" bw="0" slack="2147483647"/>
</pin_list>
<bind>
<opcode="store(28) " fcode="store"/>
<opset="store_ln196/1 "/>
</bind>
</comp>

<comp id="324" class="1004" name="p_ZZN4nnet22compute_pool_buffer_2dINS_5arrayI8ap_fixedILi16ELi6EL9ap_q_mode5EL9ap_180_load_fu_324">
<pin_list>
<pin id="325" dir="0" index="0" bw="16" slack="0"/>
<pin id="326" dir="1" index="1" bw="16" slack="0"/>
</pin_list>
<bind>
<opcode="load(27) " fcode="load"/>
<opset="p_ZZN4nnet22compute_pool_buffer_2dINS_5arrayI8ap_fixedILi16ELi6EL9ap_q_mode5EL9ap_180/1 "/>
</bind>
</comp>

<comp id="328" class="1004" name="store_ln196_store_fu_328">
<pin_list>
<pin id="329" dir="0" index="0" bw="16" slack="0"/>
<pin id="330" dir="0" index="1" bw="16" slack="0"/>
<pin id="331" dir="1" index="2" bw="0" slack="2147483647"/>
</pin_list>
<bind>
<opcode="store(28) " fcode="store"/>
<opset="store_ln196/1 "/>
</bind>
</comp>

<comp id="334" class="1004" name="p_ZZN4nnet22compute_pool_buffer_2dINS_5arrayI8ap_fixedILi16ELi6EL9ap_q_mode5EL9ap_181_load_fu_334">
<pin_list>
<pin id="335" dir="0" index="0" bw="16" slack="0"/>
<pin id="336" dir="1" index="1" bw="16" slack="0"/>
</pin_list>
<bind>
<opcode="load(27) " fcode="load"/>
<opset="p_ZZN4nnet22compute_pool_buffer_2dINS_5arrayI8ap_fixedILi16ELi6EL9ap_q_mode5EL9ap_181/1 "/>
</bind>
</comp>

<comp id="338" class="1004" name="store_ln196_store_fu_338">
<pin_list>
<pin id="339" dir="0" index="0" bw="16" slack="0"/>
<pin id="340" dir="0" index="1" bw="16" slack="0"/>
<pin id="341" dir="1" index="2" bw="0" slack="2147483647"/>
</pin_list>
<bind>
<opcode="store(28) " fcode="store"/>
<opset="store_ln196/1 "/>
</bind>
</comp>

<comp id="344" class="1004" name="p_ZZN4nnet22compute_pool_buffer_2dINS_5arrayI8ap_fixedILi16ELi6EL9ap_q_mode5EL9ap_182_load_fu_344">
<pin_list>
<pin id="345" dir="0" index="0" bw="16" slack="0"/>
<pin id="346" dir="1" index="1" bw="16" slack="0"/>
</pin_list>
<bind>
<opcode="load(27) " fcode="load"/>
<opset="p_ZZN4nnet22compute_pool_buffer_2dINS_5arrayI8ap_fixedILi16ELi6EL9ap_q_mode5EL9ap_182/1 "/>
</bind>
</comp>

<comp id="348" class="1004" name="store_ln196_store_fu_348">
<pin_list>
<pin id="349" dir="0" index="0" bw="16" slack="0"/>
<pin id="350" dir="0" index="1" bw="16" slack="0"/>
<pin id="351" dir="1" index="2" bw="0" slack="2147483647"/>
</pin_list>
<bind>
<opcode="store(28) " fcode="store"/>
<opset="store_ln196/1 "/>
</bind>
</comp>

<comp id="354" class="1004" name="p_ZZN4nnet22compute_pool_buffer_2dINS_5arrayI8ap_fixedILi16ELi6EL9ap_q_mode5EL9ap_183_load_fu_354">
<pin_list>
<pin id="355" dir="0" index="0" bw="16" slack="0"/>
<pin id="356" dir="1" index="1" bw="16" slack="0"/>
</pin_list>
<bind>
<opcode="load(27) " fcode="load"/>
<opset="p_ZZN4nnet22compute_pool_buffer_2dINS_5arrayI8ap_fixedILi16ELi6EL9ap_q_mode5EL9ap_183/1 "/>
</bind>
</comp>

<comp id="358" class="1004" name="store_ln196_store_fu_358">
<pin_list>
<pin id="359" dir="0" index="0" bw="16" slack="0"/>
<pin id="360" dir="0" index="1" bw="16" slack="0"/>
<pin id="361" dir="1" index="2" bw="0" slack="2147483647"/>
</pin_list>
<bind>
<opcode="store(28) " fcode="store"/>
<opset="store_ln196/1 "/>
</bind>
</comp>

<comp id="364" class="1004" name="p_ZZN4nnet22compute_pool_buffer_2dINS_5arrayI8ap_fixedILi16ELi6EL9ap_q_mode5EL9ap_184_load_fu_364">
<pin_list>
<pin id="365" dir="0" index="0" bw="16" slack="0"/>
<pin id="366" dir="1" index="1" bw="16" slack="0"/>
</pin_list>
<bind>
<opcode="load(27) " fcode="load"/>
<opset="p_ZZN4nnet22compute_pool_buffer_2dINS_5arrayI8ap_fixedILi16ELi6EL9ap_q_mode5EL9ap_184/1 "/>
</bind>
</comp>

<comp id="368" class="1004" name="store_ln196_store_fu_368">
<pin_list>
<pin id="369" dir="0" index="0" bw="16" slack="0"/>
<pin id="370" dir="0" index="1" bw="16" slack="0"/>
<pin id="371" dir="1" index="2" bw="0" slack="2147483647"/>
</pin_list>
<bind>
<opcode="store(28) " fcode="store"/>
<opset="store_ln196/1 "/>
</bind>
</comp>

<comp id="374" class="1004" name="p_ZZN4nnet22compute_pool_buffer_2dINS_5arrayI8ap_fixedILi16ELi6EL9ap_q_mode5EL9ap_185_load_fu_374">
<pin_list>
<pin id="375" dir="0" index="0" bw="16" slack="0"/>
<pin id="376" dir="1" index="1" bw="16" slack="0"/>
</pin_list>
<bind>
<opcode="load(27) " fcode="load"/>
<opset="p_ZZN4nnet22compute_pool_buffer_2dINS_5arrayI8ap_fixedILi16ELi6EL9ap_q_mode5EL9ap_185/1 "/>
</bind>
</comp>

<comp id="378" class="1004" name="store_ln196_store_fu_378">
<pin_list>
<pin id="379" dir="0" index="0" bw="16" slack="0"/>
<pin id="380" dir="0" index="1" bw="16" slack="0"/>
<pin id="381" dir="1" index="2" bw="0" slack="2147483647"/>
</pin_list>
<bind>
<opcode="store(28) " fcode="store"/>
<opset="store_ln196/1 "/>
</bind>
</comp>

<comp id="384" class="1004" name="p_ZZN4nnet22compute_pool_buffer_2dINS_5arrayI8ap_fixedILi16ELi6EL9ap_q_mode5EL9ap_186_load_fu_384">
<pin_list>
<pin id="385" dir="0" index="0" bw="16" slack="0"/>
<pin id="386" dir="1" index="1" bw="16" slack="0"/>
</pin_list>
<bind>
<opcode="load(27) " fcode="load"/>
<opset="p_ZZN4nnet22compute_pool_buffer_2dINS_5arrayI8ap_fixedILi16ELi6EL9ap_q_mode5EL9ap_186/1 "/>
</bind>
</comp>

<comp id="388" class="1004" name="store_ln196_store_fu_388">
<pin_list>
<pin id="389" dir="0" index="0" bw="16" slack="0"/>
<pin id="390" dir="0" index="1" bw="16" slack="0"/>
<pin id="391" dir="1" index="2" bw="0" slack="2147483647"/>
</pin_list>
<bind>
<opcode="store(28) " fcode="store"/>
<opset="store_ln196/1 "/>
</bind>
</comp>

<comp id="394" class="1004" name="p_ZZN4nnet22compute_pool_buffer_2dINS_5arrayI8ap_fixedILi16ELi6EL9ap_q_mode5EL9ap_187_load_fu_394">
<pin_list>
<pin id="395" dir="0" index="0" bw="16" slack="0"/>
<pin id="396" dir="1" index="1" bw="16" slack="0"/>
</pin_list>
<bind>
<opcode="load(27) " fcode="load"/>
<opset="p_ZZN4nnet22compute_pool_buffer_2dINS_5arrayI8ap_fixedILi16ELi6EL9ap_q_mode5EL9ap_187/1 "/>
</bind>
</comp>

<comp id="398" class="1004" name="store_ln196_store_fu_398">
<pin_list>
<pin id="399" dir="0" index="0" bw="16" slack="0"/>
<pin id="400" dir="0" index="1" bw="16" slack="0"/>
<pin id="401" dir="1" index="2" bw="0" slack="2147483647"/>
</pin_list>
<bind>
<opcode="store(28) " fcode="store"/>
<opset="store_ln196/1 "/>
</bind>
</comp>

<comp id="404" class="1004" name="p_ZZN4nnet22compute_pool_buffer_2dINS_5arrayI8ap_fixedILi16ELi6EL9ap_q_mode5EL9ap_188_load_fu_404">
<pin_list>
<pin id="405" dir="0" index="0" bw="16" slack="0"/>
<pin id="406" dir="1" index="1" bw="16" slack="0"/>
</pin_list>
<bind>
<opcode="load(27) " fcode="load"/>
<opset="p_ZZN4nnet22compute_pool_buffer_2dINS_5arrayI8ap_fixedILi16ELi6EL9ap_q_mode5EL9ap_188/1 "/>
</bind>
</comp>

<comp id="408" class="1004" name="store_ln196_store_fu_408">
<pin_list>
<pin id="409" dir="0" index="0" bw="16" slack="0"/>
<pin id="410" dir="0" index="1" bw="16" slack="0"/>
<pin id="411" dir="1" index="2" bw="0" slack="2147483647"/>
</pin_list>
<bind>
<opcode="store(28) " fcode="store"/>
<opset="store_ln196/1 "/>
</bind>
</comp>

<comp id="414" class="1004" name="store_ln209_store_fu_414">
<pin_list>
<pin id="415" dir="0" index="0" bw="16" slack="0"/>
<pin id="416" dir="0" index="1" bw="16" slack="0"/>
<pin id="417" dir="1" index="2" bw="0" slack="2147483647"/>
</pin_list>
<bind>
<opcode="store(28) " fcode="store"/>
<opset="store_ln209/1 "/>
</bind>
</comp>

<comp id="420" class="1004" name="store_ln209_store_fu_420">
<pin_list>
<pin id="421" dir="0" index="0" bw="16" slack="0"/>
<pin id="422" dir="0" index="1" bw="16" slack="0"/>
<pin id="423" dir="1" index="2" bw="0" slack="2147483647"/>
</pin_list>
<bind>
<opcode="store(28) " fcode="store"/>
<opset="store_ln209/1 "/>
</bind>
</comp>

<comp id="426" class="1004" name="store_ln209_store_fu_426">
<pin_list>
<pin id="427" dir="0" index="0" bw="16" slack="0"/>
<pin id="428" dir="0" index="1" bw="16" slack="0"/>
<pin id="429" dir="1" index="2" bw="0" slack="2147483647"/>
</pin_list>
<bind>
<opcode="store(28) " fcode="store"/>
<opset="store_ln209/1 "/>
</bind>
</comp>

<comp id="432" class="1004" name="store_ln209_store_fu_432">
<pin_list>
<pin id="433" dir="0" index="0" bw="16" slack="0"/>
<pin id="434" dir="0" index="1" bw="16" slack="0"/>
<pin id="435" dir="1" index="2" bw="0" slack="2147483647"/>
</pin_list>
<bind>
<opcode="store(28) " fcode="store"/>
<opset="store_ln209/1 "/>
</bind>
</comp>

<comp id="438" class="1004" name="store_ln209_store_fu_438">
<pin_list>
<pin id="439" dir="0" index="0" bw="16" slack="0"/>
<pin id="440" dir="0" index="1" bw="16" slack="0"/>
<pin id="441" dir="1" index="2" bw="0" slack="2147483647"/>
</pin_list>
<bind>
<opcode="store(28) " fcode="store"/>
<opset="store_ln209/1 "/>
</bind>
</comp>

<comp id="444" class="1004" name="store_ln209_store_fu_444">
<pin_list>
<pin id="445" dir="0" index="0" bw="16" slack="0"/>
<pin id="446" dir="0" index="1" bw="16" slack="0"/>
<pin id="447" dir="1" index="2" bw="0" slack="2147483647"/>
</pin_list>
<bind>
<opcode="store(28) " fcode="store"/>
<opset="store_ln209/1 "/>
</bind>
</comp>

<comp id="450" class="1004" name="store_ln209_store_fu_450">
<pin_list>
<pin id="451" dir="0" index="0" bw="16" slack="0"/>
<pin id="452" dir="0" index="1" bw="16" slack="0"/>
<pin id="453" dir="1" index="2" bw="0" slack="2147483647"/>
</pin_list>
<bind>
<opcode="store(28) " fcode="store"/>
<opset="store_ln209/1 "/>
</bind>
</comp>

<comp id="456" class="1004" name="store_ln209_store_fu_456">
<pin_list>
<pin id="457" dir="0" index="0" bw="16" slack="0"/>
<pin id="458" dir="0" index="1" bw="16" slack="0"/>
<pin id="459" dir="1" index="2" bw="0" slack="2147483647"/>
</pin_list>
<bind>
<opcode="store(28) " fcode="store"/>
<opset="store_ln209/1 "/>
</bind>
</comp>

<comp id="462" class="1004" name="store_ln209_store_fu_462">
<pin_list>
<pin id="463" dir="0" index="0" bw="16" slack="0"/>
<pin id="464" dir="0" index="1" bw="16" slack="0"/>
<pin id="465" dir="1" index="2" bw="0" slack="2147483647"/>
</pin_list>
<bind>
<opcode="store(28) " fcode="store"/>
<opset="store_ln209/1 "/>
</bind>
</comp>

<comp id="468" class="1004" name="store_ln209_store_fu_468">
<pin_list>
<pin id="469" dir="0" index="0" bw="16" slack="0"/>
<pin id="470" dir="0" index="1" bw="16" slack="0"/>
<pin id="471" dir="1" index="2" bw="0" slack="2147483647"/>
</pin_list>
<bind>
<opcode="store(28) " fcode="store"/>
<opset="store_ln209/1 "/>
</bind>
</comp>

<comp id="474" class="1004" name="store_ln209_store_fu_474">
<pin_list>
<pin id="475" dir="0" index="0" bw="16" slack="0"/>
<pin id="476" dir="0" index="1" bw="16" slack="0"/>
<pin id="477" dir="1" index="2" bw="0" slack="2147483647"/>
</pin_list>
<bind>
<opcode="store(28) " fcode="store"/>
<opset="store_ln209/1 "/>
</bind>
</comp>

<comp id="480" class="1004" name="store_ln209_store_fu_480">
<pin_list>
<pin id="481" dir="0" index="0" bw="16" slack="0"/>
<pin id="482" dir="0" index="1" bw="16" slack="0"/>
<pin id="483" dir="1" index="2" bw="0" slack="2147483647"/>
</pin_list>
<bind>
<opcode="store(28) " fcode="store"/>
<opset="store_ln209/1 "/>
</bind>
</comp>

<comp id="486" class="1004" name="store_ln209_store_fu_486">
<pin_list>
<pin id="487" dir="0" index="0" bw="16" slack="0"/>
<pin id="488" dir="0" index="1" bw="16" slack="0"/>
<pin id="489" dir="1" index="2" bw="0" slack="2147483647"/>
</pin_list>
<bind>
<opcode="store(28) " fcode="store"/>
<opset="store_ln209/1 "/>
</bind>
</comp>

<comp id="492" class="1004" name="store_ln209_store_fu_492">
<pin_list>
<pin id="493" dir="0" index="0" bw="16" slack="0"/>
<pin id="494" dir="0" index="1" bw="16" slack="0"/>
<pin id="495" dir="1" index="2" bw="0" slack="2147483647"/>
</pin_list>
<bind>
<opcode="store(28) " fcode="store"/>
<opset="store_ln209/1 "/>
</bind>
</comp>

<comp id="498" class="1004" name="store_ln209_store_fu_498">
<pin_list>
<pin id="499" dir="0" index="0" bw="16" slack="0"/>
<pin id="500" dir="0" index="1" bw="16" slack="0"/>
<pin id="501" dir="1" index="2" bw="0" slack="2147483647"/>
</pin_list>
<bind>
<opcode="store(28) " fcode="store"/>
<opset="store_ln209/1 "/>
</bind>
</comp>

<comp id="504" class="1004" name="store_ln209_store_fu_504">
<pin_list>
<pin id="505" dir="0" index="0" bw="16" slack="0"/>
<pin id="506" dir="0" index="1" bw="16" slack="0"/>
<pin id="507" dir="1" index="2" bw="0" slack="2147483647"/>
</pin_list>
<bind>
<opcode="store(28) " fcode="store"/>
<opset="store_ln209/1 "/>
</bind>
</comp>

</comp_list>

<net_list>
<net id="130"><net_src comp="104" pin="0"/><net_sink comp="126" pin=0"/></net>

<net id="131"><net_src comp="14" pin="0"/><net_sink comp="126" pin=1"/></net>

<net id="136"><net_src comp="104" pin="0"/><net_sink comp="132" pin=0"/></net>

<net id="137"><net_src comp="12" pin="0"/><net_sink comp="132" pin=1"/></net>

<net id="142"><net_src comp="104" pin="0"/><net_sink comp="138" pin=0"/></net>

<net id="143"><net_src comp="10" pin="0"/><net_sink comp="138" pin=1"/></net>

<net id="148"><net_src comp="104" pin="0"/><net_sink comp="144" pin=0"/></net>

<net id="149"><net_src comp="8" pin="0"/><net_sink comp="144" pin=1"/></net>

<net id="154"><net_src comp="104" pin="0"/><net_sink comp="150" pin=0"/></net>

<net id="155"><net_src comp="6" pin="0"/><net_sink comp="150" pin=1"/></net>

<net id="160"><net_src comp="104" pin="0"/><net_sink comp="156" pin=0"/></net>

<net id="161"><net_src comp="4" pin="0"/><net_sink comp="156" pin=1"/></net>

<net id="166"><net_src comp="104" pin="0"/><net_sink comp="162" pin=0"/></net>

<net id="167"><net_src comp="2" pin="0"/><net_sink comp="162" pin=1"/></net>

<net id="172"><net_src comp="104" pin="0"/><net_sink comp="168" pin=0"/></net>

<net id="173"><net_src comp="0" pin="0"/><net_sink comp="168" pin=1"/></net>

<net id="180"><net_src comp="106" pin="0"/><net_sink comp="174" pin=0"/></net>

<net id="181"><net_src comp="108" pin="0"/><net_sink comp="174" pin=1"/></net>

<net id="182"><net_src comp="168" pin="2"/><net_sink comp="174" pin=2"/></net>

<net id="183"><net_src comp="110" pin="0"/><net_sink comp="174" pin=3"/></net>

<net id="190"><net_src comp="106" pin="0"/><net_sink comp="184" pin=0"/></net>

<net id="191"><net_src comp="112" pin="0"/><net_sink comp="184" pin=1"/></net>

<net id="192"><net_src comp="162" pin="2"/><net_sink comp="184" pin=2"/></net>

<net id="193"><net_src comp="110" pin="0"/><net_sink comp="184" pin=3"/></net>

<net id="200"><net_src comp="106" pin="0"/><net_sink comp="194" pin=0"/></net>

<net id="201"><net_src comp="114" pin="0"/><net_sink comp="194" pin=1"/></net>

<net id="202"><net_src comp="156" pin="2"/><net_sink comp="194" pin=2"/></net>

<net id="203"><net_src comp="110" pin="0"/><net_sink comp="194" pin=3"/></net>

<net id="210"><net_src comp="106" pin="0"/><net_sink comp="204" pin=0"/></net>

<net id="211"><net_src comp="116" pin="0"/><net_sink comp="204" pin=1"/></net>

<net id="212"><net_src comp="150" pin="2"/><net_sink comp="204" pin=2"/></net>

<net id="213"><net_src comp="110" pin="0"/><net_sink comp="204" pin=3"/></net>

<net id="220"><net_src comp="106" pin="0"/><net_sink comp="214" pin=0"/></net>

<net id="221"><net_src comp="118" pin="0"/><net_sink comp="214" pin=1"/></net>

<net id="222"><net_src comp="144" pin="2"/><net_sink comp="214" pin=2"/></net>

<net id="223"><net_src comp="110" pin="0"/><net_sink comp="214" pin=3"/></net>

<net id="230"><net_src comp="106" pin="0"/><net_sink comp="224" pin=0"/></net>

<net id="231"><net_src comp="120" pin="0"/><net_sink comp="224" pin=1"/></net>

<net id="232"><net_src comp="138" pin="2"/><net_sink comp="224" pin=2"/></net>

<net id="233"><net_src comp="110" pin="0"/><net_sink comp="224" pin=3"/></net>

<net id="240"><net_src comp="106" pin="0"/><net_sink comp="234" pin=0"/></net>

<net id="241"><net_src comp="122" pin="0"/><net_sink comp="234" pin=1"/></net>

<net id="242"><net_src comp="132" pin="2"/><net_sink comp="234" pin=2"/></net>

<net id="243"><net_src comp="110" pin="0"/><net_sink comp="234" pin=3"/></net>

<net id="250"><net_src comp="106" pin="0"/><net_sink comp="244" pin=0"/></net>

<net id="251"><net_src comp="124" pin="0"/><net_sink comp="244" pin=1"/></net>

<net id="252"><net_src comp="126" pin="2"/><net_sink comp="244" pin=2"/></net>

<net id="253"><net_src comp="110" pin="0"/><net_sink comp="244" pin=3"/></net>

<net id="257"><net_src comp="16" pin="0"/><net_sink comp="254" pin=0"/></net>

<net id="262"><net_src comp="254" pin="1"/><net_sink comp="258" pin=0"/></net>

<net id="263"><net_src comp="18" pin="0"/><net_sink comp="258" pin=1"/></net>

<net id="267"><net_src comp="20" pin="0"/><net_sink comp="264" pin=0"/></net>

<net id="272"><net_src comp="264" pin="1"/><net_sink comp="268" pin=0"/></net>

<net id="273"><net_src comp="22" pin="0"/><net_sink comp="268" pin=1"/></net>

<net id="277"><net_src comp="24" pin="0"/><net_sink comp="274" pin=0"/></net>

<net id="282"><net_src comp="274" pin="1"/><net_sink comp="278" pin=0"/></net>

<net id="283"><net_src comp="26" pin="0"/><net_sink comp="278" pin=1"/></net>

<net id="287"><net_src comp="28" pin="0"/><net_sink comp="284" pin=0"/></net>

<net id="292"><net_src comp="284" pin="1"/><net_sink comp="288" pin=0"/></net>

<net id="293"><net_src comp="30" pin="0"/><net_sink comp="288" pin=1"/></net>

<net id="297"><net_src comp="32" pin="0"/><net_sink comp="294" pin=0"/></net>

<net id="302"><net_src comp="294" pin="1"/><net_sink comp="298" pin=0"/></net>

<net id="303"><net_src comp="34" pin="0"/><net_sink comp="298" pin=1"/></net>

<net id="307"><net_src comp="36" pin="0"/><net_sink comp="304" pin=0"/></net>

<net id="312"><net_src comp="304" pin="1"/><net_sink comp="308" pin=0"/></net>

<net id="313"><net_src comp="38" pin="0"/><net_sink comp="308" pin=1"/></net>

<net id="317"><net_src comp="40" pin="0"/><net_sink comp="314" pin=0"/></net>

<net id="322"><net_src comp="314" pin="1"/><net_sink comp="318" pin=0"/></net>

<net id="323"><net_src comp="42" pin="0"/><net_sink comp="318" pin=1"/></net>

<net id="327"><net_src comp="44" pin="0"/><net_sink comp="324" pin=0"/></net>

<net id="332"><net_src comp="324" pin="1"/><net_sink comp="328" pin=0"/></net>

<net id="333"><net_src comp="46" pin="0"/><net_sink comp="328" pin=1"/></net>

<net id="337"><net_src comp="48" pin="0"/><net_sink comp="334" pin=0"/></net>

<net id="342"><net_src comp="334" pin="1"/><net_sink comp="338" pin=0"/></net>

<net id="343"><net_src comp="50" pin="0"/><net_sink comp="338" pin=1"/></net>

<net id="347"><net_src comp="52" pin="0"/><net_sink comp="344" pin=0"/></net>

<net id="352"><net_src comp="344" pin="1"/><net_sink comp="348" pin=0"/></net>

<net id="353"><net_src comp="54" pin="0"/><net_sink comp="348" pin=1"/></net>

<net id="357"><net_src comp="56" pin="0"/><net_sink comp="354" pin=0"/></net>

<net id="362"><net_src comp="354" pin="1"/><net_sink comp="358" pin=0"/></net>

<net id="363"><net_src comp="58" pin="0"/><net_sink comp="358" pin=1"/></net>

<net id="367"><net_src comp="60" pin="0"/><net_sink comp="364" pin=0"/></net>

<net id="372"><net_src comp="364" pin="1"/><net_sink comp="368" pin=0"/></net>

<net id="373"><net_src comp="62" pin="0"/><net_sink comp="368" pin=1"/></net>

<net id="377"><net_src comp="64" pin="0"/><net_sink comp="374" pin=0"/></net>

<net id="382"><net_src comp="374" pin="1"/><net_sink comp="378" pin=0"/></net>

<net id="383"><net_src comp="66" pin="0"/><net_sink comp="378" pin=1"/></net>

<net id="387"><net_src comp="68" pin="0"/><net_sink comp="384" pin=0"/></net>

<net id="392"><net_src comp="384" pin="1"/><net_sink comp="388" pin=0"/></net>

<net id="393"><net_src comp="70" pin="0"/><net_sink comp="388" pin=1"/></net>

<net id="397"><net_src comp="72" pin="0"/><net_sink comp="394" pin=0"/></net>

<net id="402"><net_src comp="394" pin="1"/><net_sink comp="398" pin=0"/></net>

<net id="403"><net_src comp="74" pin="0"/><net_sink comp="398" pin=1"/></net>

<net id="407"><net_src comp="76" pin="0"/><net_sink comp="404" pin=0"/></net>

<net id="412"><net_src comp="404" pin="1"/><net_sink comp="408" pin=0"/></net>

<net id="413"><net_src comp="78" pin="0"/><net_sink comp="408" pin=1"/></net>

<net id="418"><net_src comp="174" pin="4"/><net_sink comp="414" pin=0"/></net>

<net id="419"><net_src comp="16" pin="0"/><net_sink comp="414" pin=1"/></net>

<net id="424"><net_src comp="184" pin="4"/><net_sink comp="420" pin=0"/></net>

<net id="425"><net_src comp="20" pin="0"/><net_sink comp="420" pin=1"/></net>

<net id="430"><net_src comp="194" pin="4"/><net_sink comp="426" pin=0"/></net>

<net id="431"><net_src comp="24" pin="0"/><net_sink comp="426" pin=1"/></net>

<net id="436"><net_src comp="204" pin="4"/><net_sink comp="432" pin=0"/></net>

<net id="437"><net_src comp="28" pin="0"/><net_sink comp="432" pin=1"/></net>

<net id="442"><net_src comp="214" pin="4"/><net_sink comp="438" pin=0"/></net>

<net id="443"><net_src comp="32" pin="0"/><net_sink comp="438" pin=1"/></net>

<net id="448"><net_src comp="224" pin="4"/><net_sink comp="444" pin=0"/></net>

<net id="449"><net_src comp="36" pin="0"/><net_sink comp="444" pin=1"/></net>

<net id="454"><net_src comp="234" pin="4"/><net_sink comp="450" pin=0"/></net>

<net id="455"><net_src comp="40" pin="0"/><net_sink comp="450" pin=1"/></net>

<net id="460"><net_src comp="244" pin="4"/><net_sink comp="456" pin=0"/></net>

<net id="461"><net_src comp="44" pin="0"/><net_sink comp="456" pin=1"/></net>

<net id="466"><net_src comp="168" pin="2"/><net_sink comp="462" pin=0"/></net>

<net id="467"><net_src comp="48" pin="0"/><net_sink comp="462" pin=1"/></net>

<net id="472"><net_src comp="162" pin="2"/><net_sink comp="468" pin=0"/></net>

<net id="473"><net_src comp="52" pin="0"/><net_sink comp="468" pin=1"/></net>

<net id="478"><net_src comp="156" pin="2"/><net_sink comp="474" pin=0"/></net>

<net id="479"><net_src comp="56" pin="0"/><net_sink comp="474" pin=1"/></net>

<net id="484"><net_src comp="150" pin="2"/><net_sink comp="480" pin=0"/></net>

<net id="485"><net_src comp="60" pin="0"/><net_sink comp="480" pin=1"/></net>

<net id="490"><net_src comp="144" pin="2"/><net_sink comp="486" pin=0"/></net>

<net id="491"><net_src comp="64" pin="0"/><net_sink comp="486" pin=1"/></net>

<net id="496"><net_src comp="138" pin="2"/><net_sink comp="492" pin=0"/></net>

<net id="497"><net_src comp="68" pin="0"/><net_sink comp="492" pin=1"/></net>

<net id="502"><net_src comp="132" pin="2"/><net_sink comp="498" pin=0"/></net>

<net id="503"><net_src comp="72" pin="0"/><net_sink comp="498" pin=1"/></net>

<net id="508"><net_src comp="126" pin="2"/><net_sink comp="504" pin=0"/></net>

<net id="509"><net_src comp="76" pin="0"/><net_sink comp="504" pin=1"/></net>

</net_list>

</model> 
---------------- Datapath Model END ------------------

* FSMD analyzer results:
  - Output states:
	Port: void_compute_pool_buffer_2d_array_const_ap_shift_reg_n_filt_stream_kernel_1 | {1 }
	Port: void_compute_pool_buffer_2d_array_const_ap_shift_reg_n_filt_stream_kernel_9 | {1 }
	Port: void_compute_pool_buffer_2d_array_const_ap_shift_reg_n_filt_stream_kernel | {1 }
	Port: void_compute_pool_buffer_2d_array_const_ap_shift_reg_n_filt_stream_kernel_8 | {1 }
	Port: p_ZZN4nnet22compute_pool_buffer_2dINS_5arrayI8ap_fixedILi16ELi6EL9ap_q_mode5EL9ap_21 | {1 }
	Port: void_compute_pool_buffer_2d_array_const_ap_shift_reg_n_filt_stream_kernel_7 | {1 }
	Port: p_ZZN4nnet22compute_pool_buffer_2dINS_5arrayI8ap_fixedILi16ELi6EL9ap_q_mode5EL9ap_20 | {1 }
	Port: void_compute_pool_buffer_2d_array_const_ap_shift_reg_n_filt_stream_kernel_6 | {1 }
	Port: p_ZZN4nnet22compute_pool_buffer_2dINS_5arrayI8ap_fixedILi16ELi6EL9ap_q_mode5EL9ap_19 | {1 }
	Port: void_compute_pool_buffer_2d_array_const_ap_shift_reg_n_filt_stream_kernel_5 | {1 }
	Port: p_ZZN4nnet22compute_pool_buffer_2dINS_5arrayI8ap_fixedILi16ELi6EL9ap_q_mode5EL9ap_18 | {1 }
	Port: void_compute_pool_buffer_2d_array_const_ap_shift_reg_n_filt_stream_kernel_4 | {1 }
	Port: p_ZZN4nnet22compute_pool_buffer_2dINS_5arrayI8ap_fixedILi16ELi6EL9ap_q_mode5EL9ap_17 | {1 }
	Port: void_compute_pool_buffer_2d_array_const_ap_shift_reg_n_filt_stream_kernel_3 | {1 }
	Port: p_ZZN4nnet22compute_pool_buffer_2dINS_5arrayI8ap_fixedILi16ELi6EL9ap_q_mode5EL9ap_16 | {1 }
	Port: void_compute_pool_buffer_2d_array_const_ap_shift_reg_n_filt_stream_kernel_2 | {1 }
	Port: p_ZZN4nnet22compute_pool_buffer_2dINS_5arrayI8ap_fixedILi16ELi6EL9ap_q_mode5EL9ap_7 | {1 }
	Port: p_ZZN4nnet22compute_pool_buffer_2dINS_5arrayI8ap_fixedILi16ELi6EL9ap_q_mode5EL9ap_15 | {1 }
	Port: p_ZZN4nnet22compute_pool_buffer_2dINS_5arrayI8ap_fixedILi16ELi6EL9ap_q_mode5EL9ap_6 | {1 }
	Port: p_ZZN4nnet22compute_pool_buffer_2dINS_5arrayI8ap_fixedILi16ELi6EL9ap_q_mode5EL9ap_14 | {1 }
	Port: p_ZZN4nnet22compute_pool_buffer_2dINS_5arrayI8ap_fixedILi16ELi6EL9ap_q_mode5EL9ap_5 | {1 }
	Port: p_ZZN4nnet22compute_pool_buffer_2dINS_5arrayI8ap_fixedILi16ELi6EL9ap_q_mode5EL9ap_13 | {1 }
	Port: p_ZZN4nnet22compute_pool_buffer_2dINS_5arrayI8ap_fixedILi16ELi6EL9ap_q_mode5EL9ap_4 | {1 }
	Port: p_ZZN4nnet22compute_pool_buffer_2dINS_5arrayI8ap_fixedILi16ELi6EL9ap_q_mode5EL9ap_12 | {1 }
	Port: p_ZZN4nnet22compute_pool_buffer_2dINS_5arrayI8ap_fixedILi16ELi6EL9ap_q_mode5EL9ap_3 | {1 }
	Port: p_ZZN4nnet22compute_pool_buffer_2dINS_5arrayI8ap_fixedILi16ELi6EL9ap_q_mode5EL9ap_11 | {1 }
	Port: p_ZZN4nnet22compute_pool_buffer_2dINS_5arrayI8ap_fixedILi16ELi6EL9ap_q_mode5EL9ap_2 | {1 }
	Port: p_ZZN4nnet22compute_pool_buffer_2dINS_5arrayI8ap_fixedILi16ELi6EL9ap_q_mode5EL9ap_10 | {1 }
	Port: p_ZZN4nnet22compute_pool_buffer_2dINS_5arrayI8ap_fixedILi16ELi6EL9ap_q_mode5EL9ap_1 | {1 }
	Port: p_ZZN4nnet22compute_pool_buffer_2dINS_5arrayI8ap_fixedILi16ELi6EL9ap_q_mode5EL9ap_9 | {1 }
	Port: p_ZZN4nnet22compute_pool_buffer_2dINS_5arrayI8ap_fixedILi16ELi6EL9ap_q_mode5EL9ap | {1 }
	Port: p_ZZN4nnet22compute_pool_buffer_2dINS_5arrayI8ap_fixedILi16ELi6EL9ap_q_mode5EL9ap_8 | {1 }
	Port: void_pooling2d_cl_stream_stream_array_ap_fixed_8u_0_line_buffer_7 | {1 }
	Port: void_pooling2d_cl_stream_stream_array_ap_fixed_8u_0_line_buffer_6 | {1 }
	Port: void_pooling2d_cl_stream_stream_array_ap_fixed_8u_0_line_buffer_5 | {1 }
	Port: void_pooling2d_cl_stream_stream_array_ap_fixed_8u_0_line_buffer_4 | {1 }
	Port: void_pooling2d_cl_stream_stream_array_ap_fixed_8u_0_line_buffer_3 | {1 }
	Port: void_pooling2d_cl_stream_stream_array_ap_fixed_8u_0_line_buffer_2 | {1 }
	Port: void_pooling2d_cl_stream_stream_array_ap_fixed_8u_0_line_buffer_1 | {1 }
	Port: void_pooling2d_cl_stream_stream_array_ap_fixed_8u_0_line_buffer | {1 }
 - Input state : 
	Port: shift_line_buffer<array<ap_fixed<16, 6, 5, 3, 0>, 8u>, config9> : p_read | {1 }
	Port: shift_line_buffer<array<ap_fixed<16, 6, 5, 3, 0>, 8u>, config9> : p_read1 | {1 }
	Port: shift_line_buffer<array<ap_fixed<16, 6, 5, 3, 0>, 8u>, config9> : p_read2 | {1 }
	Port: shift_line_buffer<array<ap_fixed<16, 6, 5, 3, 0>, 8u>, config9> : p_read3 | {1 }
	Port: shift_line_buffer<array<ap_fixed<16, 6, 5, 3, 0>, 8u>, config9> : p_read4 | {1 }
	Port: shift_line_buffer<array<ap_fixed<16, 6, 5, 3, 0>, 8u>, config9> : p_read5 | {1 }
	Port: shift_line_buffer<array<ap_fixed<16, 6, 5, 3, 0>, 8u>, config9> : p_read6 | {1 }
	Port: shift_line_buffer<array<ap_fixed<16, 6, 5, 3, 0>, 8u>, config9> : p_read7 | {1 }
	Port: shift_line_buffer<array<ap_fixed<16, 6, 5, 3, 0>, 8u>, config9> : void_compute_pool_buffer_2d_array_const_ap_shift_reg_n_filt_stream_kernel_1 | {1 }
	Port: shift_line_buffer<array<ap_fixed<16, 6, 5, 3, 0>, 8u>, config9> : void_compute_pool_buffer_2d_array_const_ap_shift_reg_n_filt_stream_kernel_9 | {}
	Port: shift_line_buffer<array<ap_fixed<16, 6, 5, 3, 0>, 8u>, config9> : void_compute_pool_buffer_2d_array_const_ap_shift_reg_n_filt_stream_kernel | {1 }
	Port: shift_line_buffer<array<ap_fixed<16, 6, 5, 3, 0>, 8u>, config9> : void_compute_pool_buffer_2d_array_const_ap_shift_reg_n_filt_stream_kernel_8 | {}
	Port: shift_line_buffer<array<ap_fixed<16, 6, 5, 3, 0>, 8u>, config9> : p_ZZN4nnet22compute_pool_buffer_2dINS_5arrayI8ap_fixedILi16ELi6EL9ap_q_mode5EL9ap_21 | {1 }
	Port: shift_line_buffer<array<ap_fixed<16, 6, 5, 3, 0>, 8u>, config9> : void_compute_pool_buffer_2d_array_const_ap_shift_reg_n_filt_stream_kernel_7 | {}
	Port: shift_line_buffer<array<ap_fixed<16, 6, 5, 3, 0>, 8u>, config9> : p_ZZN4nnet22compute_pool_buffer_2dINS_5arrayI8ap_fixedILi16ELi6EL9ap_q_mode5EL9ap_20 | {1 }
	Port: shift_line_buffer<array<ap_fixed<16, 6, 5, 3, 0>, 8u>, config9> : void_compute_pool_buffer_2d_array_const_ap_shift_reg_n_filt_stream_kernel_6 | {}
	Port: shift_line_buffer<array<ap_fixed<16, 6, 5, 3, 0>, 8u>, config9> : p_ZZN4nnet22compute_pool_buffer_2dINS_5arrayI8ap_fixedILi16ELi6EL9ap_q_mode5EL9ap_19 | {1 }
	Port: shift_line_buffer<array<ap_fixed<16, 6, 5, 3, 0>, 8u>, config9> : void_compute_pool_buffer_2d_array_const_ap_shift_reg_n_filt_stream_kernel_5 | {}
	Port: shift_line_buffer<array<ap_fixed<16, 6, 5, 3, 0>, 8u>, config9> : p_ZZN4nnet22compute_pool_buffer_2dINS_5arrayI8ap_fixedILi16ELi6EL9ap_q_mode5EL9ap_18 | {1 }
	Port: shift_line_buffer<array<ap_fixed<16, 6, 5, 3, 0>, 8u>, config9> : void_compute_pool_buffer_2d_array_const_ap_shift_reg_n_filt_stream_kernel_4 | {}
	Port: shift_line_buffer<array<ap_fixed<16, 6, 5, 3, 0>, 8u>, config9> : p_ZZN4nnet22compute_pool_buffer_2dINS_5arrayI8ap_fixedILi16ELi6EL9ap_q_mode5EL9ap_17 | {1 }
	Port: shift_line_buffer<array<ap_fixed<16, 6, 5, 3, 0>, 8u>, config9> : void_compute_pool_buffer_2d_array_const_ap_shift_reg_n_filt_stream_kernel_3 | {}
	Port: shift_line_buffer<array<ap_fixed<16, 6, 5, 3, 0>, 8u>, config9> : p_ZZN4nnet22compute_pool_buffer_2dINS_5arrayI8ap_fixedILi16ELi6EL9ap_q_mode5EL9ap_16 | {1 }
	Port: shift_line_buffer<array<ap_fixed<16, 6, 5, 3, 0>, 8u>, config9> : void_compute_pool_buffer_2d_array_const_ap_shift_reg_n_filt_stream_kernel_2 | {}
	Port: shift_line_buffer<array<ap_fixed<16, 6, 5, 3, 0>, 8u>, config9> : p_ZZN4nnet22compute_pool_buffer_2dINS_5arrayI8ap_fixedILi16ELi6EL9ap_q_mode5EL9ap_7 | {1 }
	Port: shift_line_buffer<array<ap_fixed<16, 6, 5, 3, 0>, 8u>, config9> : p_ZZN4nnet22compute_pool_buffer_2dINS_5arrayI8ap_fixedILi16ELi6EL9ap_q_mode5EL9ap_15 | {}
	Port: shift_line_buffer<array<ap_fixed<16, 6, 5, 3, 0>, 8u>, config9> : p_ZZN4nnet22compute_pool_buffer_2dINS_5arrayI8ap_fixedILi16ELi6EL9ap_q_mode5EL9ap_6 | {1 }
	Port: shift_line_buffer<array<ap_fixed<16, 6, 5, 3, 0>, 8u>, config9> : p_ZZN4nnet22compute_pool_buffer_2dINS_5arrayI8ap_fixedILi16ELi6EL9ap_q_mode5EL9ap_14 | {}
	Port: shift_line_buffer<array<ap_fixed<16, 6, 5, 3, 0>, 8u>, config9> : p_ZZN4nnet22compute_pool_buffer_2dINS_5arrayI8ap_fixedILi16ELi6EL9ap_q_mode5EL9ap_5 | {1 }
	Port: shift_line_buffer<array<ap_fixed<16, 6, 5, 3, 0>, 8u>, config9> : p_ZZN4nnet22compute_pool_buffer_2dINS_5arrayI8ap_fixedILi16ELi6EL9ap_q_mode5EL9ap_13 | {}
	Port: shift_line_buffer<array<ap_fixed<16, 6, 5, 3, 0>, 8u>, config9> : p_ZZN4nnet22compute_pool_buffer_2dINS_5arrayI8ap_fixedILi16ELi6EL9ap_q_mode5EL9ap_4 | {1 }
	Port: shift_line_buffer<array<ap_fixed<16, 6, 5, 3, 0>, 8u>, config9> : p_ZZN4nnet22compute_pool_buffer_2dINS_5arrayI8ap_fixedILi16ELi6EL9ap_q_mode5EL9ap_12 | {}
	Port: shift_line_buffer<array<ap_fixed<16, 6, 5, 3, 0>, 8u>, config9> : p_ZZN4nnet22compute_pool_buffer_2dINS_5arrayI8ap_fixedILi16ELi6EL9ap_q_mode5EL9ap_3 | {1 }
	Port: shift_line_buffer<array<ap_fixed<16, 6, 5, 3, 0>, 8u>, config9> : p_ZZN4nnet22compute_pool_buffer_2dINS_5arrayI8ap_fixedILi16ELi6EL9ap_q_mode5EL9ap_11 | {}
	Port: shift_line_buffer<array<ap_fixed<16, 6, 5, 3, 0>, 8u>, config9> : p_ZZN4nnet22compute_pool_buffer_2dINS_5arrayI8ap_fixedILi16ELi6EL9ap_q_mode5EL9ap_2 | {1 }
	Port: shift_line_buffer<array<ap_fixed<16, 6, 5, 3, 0>, 8u>, config9> : p_ZZN4nnet22compute_pool_buffer_2dINS_5arrayI8ap_fixedILi16ELi6EL9ap_q_mode5EL9ap_10 | {}
	Port: shift_line_buffer<array<ap_fixed<16, 6, 5, 3, 0>, 8u>, config9> : p_ZZN4nnet22compute_pool_buffer_2dINS_5arrayI8ap_fixedILi16ELi6EL9ap_q_mode5EL9ap_1 | {1 }
	Port: shift_line_buffer<array<ap_fixed<16, 6, 5, 3, 0>, 8u>, config9> : p_ZZN4nnet22compute_pool_buffer_2dINS_5arrayI8ap_fixedILi16ELi6EL9ap_q_mode5EL9ap_9 | {}
	Port: shift_line_buffer<array<ap_fixed<16, 6, 5, 3, 0>, 8u>, config9> : p_ZZN4nnet22compute_pool_buffer_2dINS_5arrayI8ap_fixedILi16ELi6EL9ap_q_mode5EL9ap | {1 }
	Port: shift_line_buffer<array<ap_fixed<16, 6, 5, 3, 0>, 8u>, config9> : p_ZZN4nnet22compute_pool_buffer_2dINS_5arrayI8ap_fixedILi16ELi6EL9ap_q_mode5EL9ap_8 | {}
	Port: shift_line_buffer<array<ap_fixed<16, 6, 5, 3, 0>, 8u>, config9> : void_pooling2d_cl_stream_stream_array_ap_fixed_8u_0_line_buffer_7 | {1 }
	Port: shift_line_buffer<array<ap_fixed<16, 6, 5, 3, 0>, 8u>, config9> : void_pooling2d_cl_stream_stream_array_ap_fixed_8u_0_line_buffer_6 | {1 }
	Port: shift_line_buffer<array<ap_fixed<16, 6, 5, 3, 0>, 8u>, config9> : void_pooling2d_cl_stream_stream_array_ap_fixed_8u_0_line_buffer_5 | {1 }
	Port: shift_line_buffer<array<ap_fixed<16, 6, 5, 3, 0>, 8u>, config9> : void_pooling2d_cl_stream_stream_array_ap_fixed_8u_0_line_buffer_4 | {1 }
	Port: shift_line_buffer<array<ap_fixed<16, 6, 5, 3, 0>, 8u>, config9> : void_pooling2d_cl_stream_stream_array_ap_fixed_8u_0_line_buffer_3 | {1 }
	Port: shift_line_buffer<array<ap_fixed<16, 6, 5, 3, 0>, 8u>, config9> : void_pooling2d_cl_stream_stream_array_ap_fixed_8u_0_line_buffer_2 | {1 }
	Port: shift_line_buffer<array<ap_fixed<16, 6, 5, 3, 0>, 8u>, config9> : void_pooling2d_cl_stream_stream_array_ap_fixed_8u_0_line_buffer_1 | {1 }
	Port: shift_line_buffer<array<ap_fixed<16, 6, 5, 3, 0>, 8u>, config9> : void_pooling2d_cl_stream_stream_array_ap_fixed_8u_0_line_buffer | {1 }
  - Chain level:
	State 1
		store_ln196 : 1
		store_ln196 : 1
		store_ln196 : 1
		store_ln196 : 1
		store_ln196 : 1
		store_ln196 : 1
		store_ln196 : 1
		store_ln196 : 1
		store_ln196 : 1
		store_ln196 : 1
		store_ln196 : 1
		store_ln196 : 1
		store_ln196 : 1
		store_ln196 : 1
		store_ln196 : 1
		store_ln196 : 1
		store_ln209 : 1
		store_ln209 : 1
		store_ln209 : 1
		store_ln209 : 1
		store_ln209 : 1
		store_ln209 : 1
		store_ln209 : 1
		store_ln209 : 1


============================================================
+ Verbose Summary: Datapath Resource usage 
============================================================

* Functional unit list:
|----------|----------------------|
| Operation|    Functional Unit   |
|----------|----------------------|
|          | p_read_1_read_fu_126 |
|          | p_read_2_read_fu_132 |
|          | p_read_3_read_fu_138 |
|   read   | p_read_4_read_fu_144 |
|          | p_read_5_read_fu_150 |
|          | p_read_6_read_fu_156 |
|          | p_read_7_read_fu_162 |
|          | p_read52_read_fu_168 |
|----------|----------------------|
|          |      p_i_fu_174      |
|          |     p_1_i_fu_184     |
|          |     p_2_i_fu_194     |
|memshiftread|     p_3_i_fu_204     |
|          |     p_4_i_fu_214     |
|          |     p_5_i_fu_224     |
|          |     p_6_i_fu_234     |
|          |     p_0_i_fu_244     |
|----------|----------------------|
|   Total  |                      |
|----------|----------------------|

Memories:
N/A

* Register list:
N/A

* Multiplexer (MUX) list: 
|--------|------|------|------|--------|
|  Comp  |  Pin | Size |  BW  | S x BW |
|--------|------|------|------|--------|
|  Total |      |      |      |    0   |
|--------|------|------|------|--------|



* Summary:
+-----------+
|           |
+-----------+
|  Function |
|   Memory  |
|Multiplexer|
|  Register |
+-----------+
|   Total   |
+-----------+
